Rutt,Butik,Dag,Typ,Sort,Antal,Intervall
Gävle,Coop Karlholm,Sunday,Baguette,Skagen,1,1~2
Gävle,Coop Karlholm,Sunday,Fralla,Ost & Skinka,1,0~1
Gävle,Coop Karlholm,Sunday,Pastasallad,Kyckling & Salladsost,1,1~2
Gävle,Coop Karlholm,Sunday,Pastasallad,Kyckling mangocurry,1,1~2
Gävle,Coop Karlholm,Tuesday,Baguette,Skagen,1,0~1
Gävle,Coop Karlholm,Tuesday,Pastasallad,Kyckling & Salladsost,1,0~1
Gävle,Coop Karlholm,Tuesday,Pastasallad,Kyckling mangocurry,1,0~1
Gävle,Coop Karlholm,Thursday,Baguette,Kyckling Curry,1,0~1
Gävle,Coop Karlholm,Thursday,Baguette,Ost & Skinka,1,0~1
Gävle,Coop Karlholm,Thursday,Baguette,Skagen,1,1~2
Gävle,Coop Karlholm,Thursday,Fralla,Ost & Skinka,1,1~2
Gävle,Coop Karlholm,Thursday,Pastasallad,Kyckling & Salladsost,1,1~2
Gävle,Coop Karlholm,Thursday,Pastasallad,Kyckling mangocurry,1,1~2
Gävle,Coop Karlholm,Thursday,Sandwich,Bacon & Äggröra,1,0~1
Gävle,Coop Karlholm,Thursday,Sandwich,Clubsandwich,1,0~1
Gävle,Coop Karlholm,Thursday,Sandwich,Räkor,1,0~1
Gävle,Coop Karlholm,Thursday,Wraps,Caesar Kyckling,1,0~1
Gävle,Coop Karlholm,Thursday,Wraps,Kyckling Bacon,1,0~1
Gävle,Coop Karlholm,Thursday,Wraps,Kyckling Curry,1,0~1
Gävle,Coop Karlholm,Thursday,Wraps,Sweet Chili,1,0~1
Gävle,Coop Krysset,Sunday,Baguette,Skagen,1,0~1
Gävle,Coop Krysset,Sunday,Fralla,Ost & Skinka,1,0~1
Gävle,Coop Krysset,Sunday,Pastasallad,Kyckling mangocurry,1,0~1
Gävle,Coop Krysset,Thursday,Baguette,Kyckling Curry,1,0~1
Gävle,Coop Krysset,Thursday,Baguette,Ost & Skinka,1,0~1
Gävle,Coop Krysset,Thursday,Baguette,Salami & Brieost,1,0~1
Gävle,Coop Krysset,Thursday,Baguette,Skagen,1,1~2
Gävle,Coop Krysset,Thursday,Fralla,Ost,1,0~1
Gävle,Coop Krysset,Thursday,Fralla,Ost & Skinka,1,1~2
Gävle,Coop Krysset,Thursday,Hönökaka,Ost,1,0~1
Gävle,Coop Krysset,Thursday,Pastasallad,Kyckling & Salladsost,1,0~1
Gävle,Coop Krysset,Thursday,Pastasallad,Kyckling mangocurry,1,1~2
Gävle,Coop Krysset,Thursday,Räkmacka Liten,Räkmacka liten,1,0~1
Gävle,Coop Krysset,Thursday,Sandwich,Clubsandwich,1,0~1
Gävle,Coop Krysset,Thursday,Sandwich,Kyckling Curry,1,0~1
Gävle,Coop Krysset,Thursday,Wraps,Caesar Kyckling,1,0~1
Gävle,Coop Krysset,Thursday,Wraps,Kyckling Bacon,1,0~1
Gävle,Coop Krysset,Thursday,Wraps,Kyckling Curry,1,0~1
Gävle,Coop Krysset,Thursday,Wraps,Sweet Chili,1,0~1
Gävle,Coop Krysset,Thursday,Wraps,Wrap Curry Oumph!,1,0~1
Gävle,Coop Skutskär,Sunday,Baguette,Skagen,1,1~2
Gävle,Coop Skutskär,Sunday,Fralla,Ost & Skinka,1,1~2
Gävle,Coop Skutskär,Sunday,Räkmacka Liten,Räkmacka liten,1,0~1
Gävle,Coop Skutskär,Sunday,Sandwich,Clubsandwich,1,1~2
Gävle,Coop Skutskär,Sunday,Wraps,Caesar Kyckling,1,0~1
Gävle,Coop Skutskär,Sunday,Wraps,Kyckling Bacon,1,0~1
Gävle,Coop Skutskär,Sunday,Wraps,Kyckling Curry,1,1~2
Gävle,Coop Skutskär,Sunday,Wraps,Sweet Chili,1,0~1
Gävle,Coop Skutskär,Tuesday,Baguette,Skagen,1,0~1
Gävle,Coop Skutskär,Tuesday,Fralla,Ost & Skinka,1,0~1
Gävle,Coop Skutskär,Tuesday,Sandwich,Clubsandwich,1,0~1
Gävle,Coop Skutskär,Tuesday,Wraps,Kyckling Curry,1,0~1
Gävle,Coop Skutskär,Thursday,Baguette,Kyckling Curry,1,0~1
Gävle,Coop Skutskär,Thursday,Baguette,Kyckling Sweet Chili,1,0~1
Gävle,Coop Skutskär,Thursday,Baguette,Ost & Skinka,1,0~1
Gävle,Coop Skutskär,Thursday,Baguette,Skagen,1,1~2
Gävle,Coop Skutskär,Thursday,Fralla,Ost,1,0~1
Gävle,Coop Skutskär,Thursday,Fralla,Ost & Skinka,1,1~2
Gävle,Coop Skutskär,Thursday,Hönökaka,Ost,1,0~1
Gävle,Coop Skutskär,Thursday,Hönökaka,Ost & Skinka,1,0~1
Gävle,Coop Skutskär,Thursday,Pastasallad,Kyckling & Salladsost,1,0~1
Gävle,Coop Skutskär,Thursday,Pastasallad,Kyckling mangocurry,1,0~1
Gävle,Coop Skutskär,Thursday,Pastasallad,Räkor,1,0~1
Gävle,Coop Skutskär,Thursday,Räkmacka Liten,Räkmacka liten,1,1~2
Gävle,Coop Skutskär,Thursday,Sandwich,Bacon & Äggröra,1,0~1
Gävle,Coop Skutskär,Thursday,Sandwich,Clubsandwich,1,1~2
Gävle,Coop Skutskär,Thursday,Sandwich,Räkor,1,0~1
Gävle,Coop Skutskär,Thursday,Varmrätt,Kycklingspett med ris,1,0~1
Gävle,Coop Skutskär,Thursday,Varmrätt,Tacobolognese med fullkornspasta,1,0~1
Gävle,Coop Skutskär,Thursday,Varmrätt,Teriyakibiff med ris,1,0~1
Gävle,Coop Skutskär,Thursday,Varmrätt,Teriyakikycklingfile med basmatiris,1,0~1
Gävle,Coop Skutskär,Thursday,Wraps,Caesar Kyckling,1,1~2
Gävle,Coop Skutskär,Thursday,Wraps,Kyckling Bacon,1,1~2
Gävle,Coop Skutskär,Thursday,Wraps,Kyckling Curry,1,1~2
Gävle,Coop Skutskär,Thursday,Wraps,Sweet Chili,1,1~2
Gävle,Coop Tierp,Sunday,Baguette,Salami & Brieost,1,0~1
Gävle,Coop Tierp,Sunday,Baguette,Skagen,1,1~2
Gävle,Coop Tierp,Sunday,Fralla,Ost,1,0~1
Gävle,Coop Tierp,Sunday,Fralla,Ost & Skinka,1,1~2
Gävle,Coop Tierp,Sunday,Sandwich,Clubsandwich,1,1~2
Gävle,Coop Tierp,Sunday,Sandwich,Räkor,1,0~1
Gävle,Coop Tierp,Tuesday,Baguette,Skagen,1,0~1
Gävle,Coop Tierp,Tuesday,Fralla,Ost & Skinka,1,0~1
Gävle,Coop Tierp,Tuesday,Sandwich,Clubsandwich,1,0~1
Gävle,Coop Tierp,Thursday,Baguette,Kyckling Curry,1,0~1
Gävle,Coop Tierp,Thursday,Baguette,Ost & Skinka,1,0~1
Gävle,Coop Tierp,Thursday,Baguette,Salami & Brieost,1,1~2
Gävle,Coop Tierp,Thursday,Baguette,Skagen,1,1~2
Gävle,Coop Tierp,Thursday,Blandstubbe,Blandstubbe,1,0~1
Gävle,Coop Tierp,Thursday,Fralla,Ost,1,1~2
Gävle,Coop Tierp,Thursday,Fralla,Ost & Skinka,1,1~2
Gävle,Coop Tierp,Thursday,Hönökaka,Ost,1,0~1
Gävle,Coop Tierp,Thursday,Hönökaka,Ost & Skinka,1,0~1
Gävle,Coop Tierp,Thursday,Pastasallad,Kyckling & Salladsost,1,0~1
Gävle,Coop Tierp,Thursday,Pastasallad,Kyckling mangocurry,1,0~1
Gävle,Coop Tierp,Thursday,Pastasallad,Räkor,1,0~1
Gävle,Coop Tierp,Thursday,Räkmacka Liten,Räkmacka liten,1,0~1
Gävle,Coop Tierp,Thursday,Räkstubbe,Räkstubbe,1,0~1
Gävle,Coop Tierp,Thursday,Sandwich,Bacon & Äggröra,1,0~1
Gävle,Coop Tierp,Thursday,Sandwich,Clubsandwich,1,1~2
Gävle,Coop Tierp,Thursday,Sandwich,Räkor,1,1~2
Gävle,Coop Tierp,Thursday,Wraps,Caesar Kyckling,1,0~1
Gävle,Coop Tierp,Thursday,Wraps,Kyckling Bacon,1,0~1
Gävle,Coop Tierp,Thursday,Wraps,Wrap Curry Oumph!,1,0~1
Gävle,Coop Tierp,Thursday,XL Frallor,Grovfralla Kalkon & Färskost,1,0~1
Gävle,Coop Tierp,Thursday,XL Frallor,Ost & Skinka,1,0~1
Gävle,Coop Triangeln,Sunday,Baguette,Ost & Skinka,1,1~2
Gävle,Coop Triangeln,Sunday,Baguette,Salami & Brieost,1,1~2
Gävle,Coop Triangeln,Sunday,Baguette,Skagen,1,1~2
Gävle,Coop Triangeln,Sunday,Fralla,Ost,2,2~3
Gävle,Coop Triangeln,Sunday,Fralla,Ost & Skinka,3,3~4
Gävle,Coop Triangeln,Sunday,Pastasallad,Kyckling mangocurry,1,0~1
Gävle,Coop Triangeln,Sunday,Wraps,Caesar Kyckling,1,1~2
Gävle,Coop Triangeln,Sunday,Wraps,Kyckling Bacon,1,0~1
Gävle,Coop Triangeln,Sunday,Wraps,Kyckling Curry,2,2~3
Gävle,Coop Triangeln,Sunday,Wraps,Sweet Chili,2,2~3
Gävle,Coop Triangeln,Monday,Fralla,Ost,1,1~1
Gävle,Coop Triangeln,Monday,Fralla,Ost & Skinka,1,1~1
Gävle,Coop Triangeln,Monday,Wraps,Kyckling Curry,1,0~1
Gävle,Coop Triangeln,Monday,Wraps,Sweet Chili,1,1~1
Gävle,Coop Triangeln,Tuesday,Baguette,Ost & Skinka,1,0~1
Gävle,Coop Triangeln,Tuesday,Baguette,Salami & Brieost,1,0~1
Gävle,Coop Triangeln,Tuesday,Baguette,Skagen,1,0~1
Gävle,Coop Triangeln,Tuesday,Fralla,Ost,2,1~2
Gävle,Coop Triangeln,Tuesday,Fralla,Ost & Skinka,2,2~3
Gävle,Coop Triangeln,Tuesday,Wraps,Caesar Kyckling,1,1~1
Gävle,Coop Triangeln,Tuesday,Wraps,Kyckling Curry,2,1~2
Gävle,Coop Triangeln,Tuesday,Wraps,Sweet Chili,2,1~2
Gävle,Coop Triangeln,Wednesday,Fralla,Ost,1,0~1
Gävle,Coop Triangeln,Wednesday,Fralla,Ost & Skinka,1,1~1
Gävle,Coop Triangeln,Wednesday,Wraps,Kyckling Curry,1,0~1
Gävle,Coop Triangeln,Wednesday,Wraps,Sweet Chili,1,0~1
Gävle,Coop Triangeln,Thursday,Baguette,Kyckling Curry,1,0~1
Gävle,Coop Triangeln,Thursday,Baguette,Kyckling Sweet Chili,1,0~1
Gävle,Coop Triangeln,Thursday,Baguette,Ost & Skinka,1,1~2
Gävle,Coop Triangeln,Thursday,Baguette,Salami & Brieost,1,1~2
Gävle,Coop Triangeln,Thursday,Baguette,Skagen,1,1~2
Gävle,Coop Triangeln,Thursday,Fralla,Ost,2,2~4
Gävle,Coop Triangeln,Thursday,Fralla,Ost & Skinka,4,2~5
Gävle,Coop Triangeln,Thursday,Pastasallad,Kyckling & Salladsost,1,0~1
Gävle,Coop Triangeln,Thursday,Pastasallad,Kyckling mangocurry,1,1~2
Gävle,Coop Triangeln,Thursday,Pastasallad,Räkor,1,0~1
Gävle,Coop Triangeln,Thursday,Räkmacka Liten,Räkmacka liten,1,0~1
Gävle,Coop Triangeln,Thursday,Sandwich,Bacon & Äggröra,1,0~1
Gävle,Coop Triangeln,Thursday,Sandwich,Clubsandwich,1,0~1
Gävle,Coop Triangeln,Thursday,Wraps,Caesar Kyckling,2,1~2
Gävle,Coop Triangeln,Thursday,Wraps,Kyckling Bacon,1,1~2
Gävle,Coop Triangeln,Thursday,Wraps,Kyckling Curry,1,2~3
Gävle,Coop Triangeln,Thursday,Wraps,Sweet Chili,2,2~4
Gävle,Coop Triangeln,Thursday,XL Frallor,Ost & Skinka,1,0~1
Gävle,Coop Älvkarleby,Sunday,Baguette,Salami & Brieost,1,0~1
Gävle,Coop Älvkarleby,Sunday,Baguette,Skagen,1,0~1
Gävle,Coop Älvkarleby,Sunday,Pastasallad,Kyckling & Salladsost,1,0~1
Gävle,Coop Älvkarleby,Sunday,Pastasallad,Kyckling mangocurry,1,0~1
Gävle,Coop Älvkarleby,Thursday,Baguette,Ost & Skinka,1,0~1
Gävle,Coop Älvkarleby,Thursday,Baguette,Salami & Brieost,1,1~2
Gävle,Coop Älvkarleby,Thursday,Baguette,Skagen,1,1~2
Gävle,Coop Älvkarleby,Thursday,Fralla,Ost & Skinka,1,0~1
Gävle,Coop Älvkarleby,Thursday,Hönökaka,Ost,1,0~1
Gävle,Coop Älvkarleby,Thursday,Pastasallad,Bacon & Kyckling,1,0~1
Gävle,Coop Älvkarleby,Thursday,Pastasallad,Kyckling & Salladsost,1,1~2
Gävle,Coop Älvkarleby,Thursday,Pastasallad,Kyckling mangocurry,1,1~2
Gävle,Coop Älvkarleby,Thursday,Sandwich,Clubsandwich,1,0~1
Gävle,Coop Älvkarleby,Thursday,Sandwich,Kyckling Curry,1,0~1
Gävle,Coop Älvkarleby,Thursday,Sandwich,Räkor,1,0~1
Gävle,Coop Älvkarleby,Thursday,Wraps,Caesar Kyckling,1,0~1
Gävle,Coop Älvkarleby,Thursday,Wraps,Kyckling Bacon,1,0~1
Gävle,Coop Älvkarleby,Thursday,Wraps,Kyckling Curry,1,0~1
Gävle,Coop Älvkarleby,Thursday,Wraps,Sweet Chili,1,0~1
Gävle,Coop Österbybruk,Sunday,Baguette,Skagen,1,1~2
Gävle,Coop Österbybruk,Sunday,Pastasallad,Kyckling & Salladsost,1,1~2
Gävle,Coop Österbybruk,Sunday,Pastasallad,Kyckling mangocurry,1,1~2
Gävle,Coop Österbybruk,Sunday,Pastasallad,Räkor,1,0~1
Gävle,Coop Österbybruk,Sunday,Wraps,Kyckling Curry,1,1~2
Gävle,Coop Österbybruk,Tuesday,Baguette,Skagen,1,0~1
Gävle,Coop Österbybruk,Tuesday,Pastasallad,Kyckling & Salladsost,1,0~1
Gävle,Coop Österbybruk,Tuesday,Pastasallad,Kyckling mangocurry,1,0~1
Gävle,Coop Österbybruk,Tuesday,Wraps,Kyckling Curry,1,0~1
Gävle,Coop Österbybruk,Thursday,Baguette,Salami & Brieost,1,0~1
Gävle,Coop Österbybruk,Thursday,Baguette,Skagen,1,1~2
Gävle,Coop Österbybruk,Thursday,Fralla,Ost,1,0~1
Gävle,Coop Österbybruk,Thursday,Pastasallad,Bacon & Kyckling,1,0~1
Gävle,Coop Österbybruk,Thursday,Pastasallad,Kyckling & Salladsost,1,1~2
Gävle,Coop Österbybruk,Thursday,Pastasallad,Kyckling mangocurry,1,1~2
Gävle,Coop Österbybruk,Thursday,Pastasallad,Räkor,1,1~2
Gävle,Coop Österbybruk,Thursday,Sandwich,Clubsandwich,1,0~1
Gävle,Coop Österbybruk,Thursday,Sandwich,Kyckling Pestoröra,1,0~1
Gävle,Coop Österbybruk,Thursday,Sandwich,Räkor,1,0~1
Gävle,Coop Österbybruk,Thursday,Wraps,Caesar Kyckling,1,0~1
Gävle,Coop Österbybruk,Thursday,Wraps,Kyckling Curry,1,1~2
Gävle,Drottningskiosken,Sunday,Baguette,Kyckling Curry,6,5~8
Gävle,Drottningskiosken,Sunday,Baguette,Ost & Skinka,2,2~3
Gävle,Drottningskiosken,Sunday,Baguette,Salami & Brieost,2,2~3
Gävle,Drottningskiosken,Sunday,Baguette,Skagen,5,4~6
Gävle,Drottningskiosken,Sunday,Fralla,Ost,15,12~17
Gävle,Drottningskiosken,Sunday,Fralla,Ost & Skinka,8,7~10
Gävle,Drottningskiosken,Sunday,Pastasallad,Kyckling & Salladsost,1,0~1
Gävle,Drottningskiosken,Sunday,Sandwich,Bacon & Äggröra,1,1~2
Gävle,Drottningskiosken,Sunday,Sandwich,Clubsandwich,1,1~2
Gävle,Drottningskiosken,Sunday,Sandwich,Kyckling Curry,1,1~2
Gävle,Drottningskiosken,Sunday,Sandwich,Kyckling Pestoröra,1,0~1
Gävle,Drottningskiosken,Sunday,Sandwich,Räkor,1,1~2
Gävle,Drottningskiosken,Sunday,Wraps,Caesar Kyckling,1,0~1
Gävle,Drottningskiosken,Sunday,Wraps,Kyckling Bacon,1,0~1
Gävle,Drottningskiosken,Sunday,Wraps,Kyckling Curry,1,1~2
Gävle,Drottningskiosken,Sunday,Wraps,Sweet Chili,1,1~2
Gävle,Drottningskiosken,Monday,Baguette,Kyckling Curry,2,2~3
Gävle,Drottningskiosken,Monday,Baguette,Ost & Skinka,1,1~1
Gävle,Drottningskiosken,Monday,Baguette,Salami & Brieost,1,0~1
Gävle,Drottningskiosken,Monday,Baguette,Skagen,2,1~2
Gävle,Drottningskiosken,Monday,Fralla,Ost,5,4~6
Gävle,Drottningskiosken,Monday,Fralla,Ost & Skinka,3,2~3
Gävle,Drottningskiosken,Tuesday,Baguette,Kyckling Curry,5,4~6
Gävle,Drottningskiosken,Tuesday,Baguette,Ost & Skinka,2,1~2
Gävle,Drottningskiosken,Tuesday,Baguette,Salami & Brieost,2,1~2
Gävle,Drottningskiosken,Tuesday,Baguette,Skagen,4,3~5
Gävle,Drottningskiosken,Tuesday,Fralla,Ost,11,9~13
Gävle,Drottningskiosken,Tuesday,Fralla,Ost & Skinka,6,5~7
Gävle,Drottningskiosken,Tuesday,Sandwich,Bacon & Äggröra,1,0~1
Gävle,Drottningskiosken,Tuesday,Sandwich,Clubsandwich,1,1~1
Gävle,Drottningskiosken,Tuesday,Sandwich,Kyckling Curry,1,0~1
Gävle,Drottningskiosken,Tuesday,Sandwich,Räkor,1,0~1
Gävle,Drottningskiosken,Tuesday,Wraps,Kyckling Curry,1,1~1
Gävle,Drottningskiosken,Tuesday,Wraps,Sweet Chili,1,0~1
Gävle,Drottningskiosken,Wednesday,Baguette,Kyckling Curry,2,1~2
Gävle,Drottningskiosken,Wednesday,Baguette,Ost & Skinka,1,0~1
Gävle,Drottningskiosken,Wednesday,Baguette,Salami & Brieost,1,0~1
Gävle,Drottningskiosken,Wednesday,Baguette,Skagen,1,1~2
Gävle,Drottningskiosken,Wednesday,Fralla,Ost,4,3~5
Gävle,Drottningskiosken,Wednesday,Fralla,Ost & Skinka,2,2~3
Gävle,Drottningskiosken,Thursday,Baguette,Kyckling Curry,6,5~7
Gävle,Drottningskiosken,Thursday,Baguette,Ost & Skinka,2,2~4
Gävle,Drottningskiosken,Thursday,Baguette,Salami & Brieost,1,2~3
Gävle,Drottningskiosken,Thursday,Baguette,Skagen,5,5~6
Gävle,Drottningskiosken,Thursday,Fralla,Ost,14,13~17
Gävle,Drottningskiosken,Thursday,Fralla,Ost & Skinka,9,7~11
Gävle,Drottningskiosken,Thursday,Pastasallad,Kyckling & Salladsost,1,1~2
Gävle,Drottningskiosken,Thursday,Pastasallad,Kyckling kebab,1,0~1
Gävle,Drottningskiosken,Thursday,Pastasallad,Kyckling mangocurry,1,0~1
Gävle,Drottningskiosken,Thursday,Pastasallad,Ost & Skinka,1,0~1
Gävle,Drottningskiosken,Thursday,Pastasallad,Räkor,1,0~1
Gävle,Drottningskiosken,Thursday,Sandwich,Bacon & Äggröra,1,1~2
Gävle,Drottningskiosken,Thursday,Sandwich,Clubsandwich,2,1~2
Gävle,Drottningskiosken,Thursday,Sandwich,Kyckling Curry,1,1~2
Gävle,Drottningskiosken,Thursday,Sandwich,Kyckling Pestoröra,1,1~2
Gävle,Drottningskiosken,Thursday,Sandwich,Räkor,1,1~2
Gävle,Drottningskiosken,Thursday,Sandwich,Ägg & Avocadokräm,1,0~1
Gävle,Drottningskiosken,Thursday,Wraps,Caesar Kyckling,1,1~2
Gävle,Drottningskiosken,Thursday,Wraps,Kyckling Bacon,1,1~2
Gävle,Drottningskiosken,Thursday,Wraps,Kyckling Curry,2,1~2
Gävle,Drottningskiosken,Thursday,Wraps,Sweet Chili,1,1~2
Gävle,ICA Ahlgrens Torg,Sunday,Wraps,Caesar Kyckling,1,0~1
Gävle,ICA Ahlgrens Torg,Thursday,Baguette,Skagen,1,0~1
Gävle,ICA Ahlgrens Torg,Thursday,Pastasallad,Kyckling & Salladsost,1,0~1
Gävle,ICA Ahlgrens Torg,Thursday,Pastasallad,Kyckling mangocurry,1,0~1
Gävle,ICA Ahlgrens Torg,Thursday,Pastasallad,Räkor,1,0~1
Gävle,ICA Ahlgrens Torg,Thursday,Sandwich,Clubsandwich,1,0~1
Gävle,ICA Ahlgrens Torg,Thursday,Wraps,Caesar Kyckling,1,1~2
Gävle,ICA Ahlgrens Torg,Thursday,Wraps,Kyckling Bacon,1,0~1
Gävle,ICA Ahlgrens Torg,Thursday,Wraps,Kyckling Curry,1,0~1
Gävle,ICA Ahlgrens Torg,Thursday,Wraps,Sweet Chili,1,0~1
Gävle,ICA Alunda,Sunday,Blandstubbe,Blandstubbe,3,2~4
Gävle,ICA Alunda,Sunday,Räkstubbe,Räkstubbe,3,2~4
Gävle,ICA Alunda,Sunday,Stubbe,Ost & Skinkstubbe,1,0~1
Gävle,ICA Alunda,Monday,Blandstubbe,Blandstubbe,1,1~1
Gävle,ICA Alunda,Monday,Räkstubbe,Räkstubbe,1,1~1
Gävle,ICA Alunda,Tuesday,Blandstubbe,Blandstubbe,2,2~3
Gävle,ICA Alunda,Tuesday,Räkstubbe,Räkstubbe,2,2~3
Gävle,ICA Alunda,Wednesday,Blandstubbe,Blandstubbe,1,1~1
Gävle,ICA Alunda,Wednesday,Räkstubbe,Räkstubbe,1,1~1
Gävle,ICA Alunda,Thursday,Blandstubbe,Blandstubbe,2,1~3
Gävle,ICA Alunda,Thursday,Räkstubbe,Räkstubbe,2,1~3
Gävle,ICA Alunda,Thursday,Stubbe,Ost & Skinkstubbe,1,1~2
Gävle,ICA Spegeln,Sunday,Baguette,Kyckling Curry,1,0~1
Gävle,ICA Spegeln,Sunday,Baguette,Ost & Skinka,1,1~2
Gävle,ICA Spegeln,Sunday,Baguette,Salami & Brieost,2,1~2
Gävle,ICA Spegeln,Sunday,Baguette,Skagen,1,1~2
Gävle,ICA Spegeln,Sunday,Fralla,Ost,8,7~10
Gävle,ICA Spegeln,Sunday,Fralla,Ost & Skinka,10,8~12
Gävle,ICA Spegeln,Sunday,Hönökaka,Ost,6,5~7
Gävle,ICA Spegeln,Sunday,Hönökaka,Ost & Salami,7,5~8
Gävle,ICA Spegeln,Sunday,Hönökaka,Ost & Skinka,7,6~8
Gävle,ICA Spegeln,Sunday,Pastasallad,Kyckling & Salladsost,3,2~4
Gävle,ICA Spegeln,Sunday,Pastasallad,Kyckling mangocurry,4,3~5
Gävle,ICA Spegeln,Sunday,Pastasallad,Ost & Skinka,1,1~2
Gävle,ICA Spegeln,Sunday,Pastasallad,Räkor,2,2~3
Gävle,ICA Spegeln,Sunday,Sandwich,Kyckling Pestoröra,1,0~1
Gävle,ICA Spegeln,Sunday,Sandwich,Räkor,1,0~1
Gävle,ICA Spegeln,Sunday,Varmrätt,Kycklingspett med ris,1,0~1
Gävle,ICA Spegeln,Sunday,Wraps,Caesar Kyckling,1,0~1
Gävle,ICA Spegeln,Sunday,Wraps,Kyckling Curry,1,0~1
Gävle,ICA Spegeln,Sunday,Wraps,Sweet Chili,1,0~1
Gävle,ICA Spegeln,Sunday,XL Frallor,Grovfralla Kalkon & Färskost,4,3~4
Gävle,ICA Spegeln,Sunday,XL Frallor,Ost,4,3~5
Gävle,ICA Spegeln,Sunday,XL Frallor,Ost & Skinka,4,3~5
Gävle,ICA Spegeln,Monday,Fralla,Ost,3,2~3
Gävle,ICA Spegeln,Monday,Fralla,Ost & Skinka,3,3~4
Gävle,ICA Spegeln,Monday,Hönökaka,Ost,2,2~2
Gävle,ICA Spegeln,Monday,Hönökaka,Ost & Salami,2,2~3
Gävle,ICA Spegeln,Monday,Hönökaka,Ost & Skinka,2,2~3
Gävle,ICA Spegeln,Monday,Pastasallad,Kyckling & Salladsost,1,1~1
Gävle,ICA Spegeln,Monday,Pastasallad,Kyckling mangocurry,1,1~2
Gävle,ICA Spegeln,Monday,Pastasallad,Räkor,1,0~1
Gävle,ICA Spegeln,Monday,XL Frallor,Grovfralla Kalkon & Färskost,1,1~2
Gävle,ICA Spegeln,Monday,XL Frallor,Ost,1,1~2
Gävle,ICA Spegeln,Monday,XL Frallor,Ost & Skinka,1,1~2
Gävle,ICA Spegeln,Tuesday,Baguette,Ost & Skinka,1,0~1
Gävle,ICA Spegeln,Tuesday,Baguette,Salami & Brieost,1,1~2
Gävle,ICA Spegeln,Tuesday,Baguette,Skagen,1,0~1
Gävle,ICA Spegeln,Tuesday,Fralla,Ost,6,5~7
Gävle,ICA Spegeln,Tuesday,Fralla,Ost & Skinka,7,6~9
Gävle,ICA Spegeln,Tuesday,Hönökaka,Ost,4,4~5
Gävle,ICA Spegeln,Tuesday,Hönökaka,Ost & Salami,5,4~6
Gävle,ICA Spegeln,Tuesday,Hönökaka,Ost & Skinka,5,4~6
Gävle,ICA Spegeln,Tuesday,Pastasallad,Kyckling & Salladsost,2,2~3
Gävle,ICA Spegeln,Tuesday,Pastasallad,Kyckling mangocurry,3,2~4
Gävle,ICA Spegeln,Tuesday,Pastasallad,Ost & Skinka,1,0~1
Gävle,ICA Spegeln,Tuesday,Pastasallad,Räkor,2,1~2
Gävle,ICA Spegeln,Tuesday,XL Frallor,Grovfralla Kalkon & Färskost,3,2~3
Gävle,ICA Spegeln,Tuesday,XL Frallor,Ost,3,2~4
Gävle,ICA Spegeln,Tuesday,XL Frallor,Ost & Skinka,3,2~4
Gävle,ICA Spegeln,Wednesday,Fralla,Ost,2,2~3
Gävle,ICA Spegeln,Wednesday,Fralla,Ost & Skinka,3,2~3
Gävle,ICA Spegeln,Wednesday,Hönökaka,Ost,2,1~2
Gävle,ICA Spegeln,Wednesday,Hönökaka,Ost & Salami,2,1~2
Gävle,ICA Spegeln,Wednesday,Hönökaka,Ost & Skinka,2,2~2
Gävle,ICA Spegeln,Wednesday,Pastasallad,Kyckling & Salladsost,1,1~1
Gävle,ICA Spegeln,Wednesday,Pastasallad,Kyckling mangocurry,1,1~1
Gävle,ICA Spegeln,Wednesday,Pastasallad,Räkor,1,0~1
Gävle,ICA Spegeln,Wednesday,XL Frallor,Grovfralla Kalkon & Färskost,1,1~1
Gävle,ICA Spegeln,Wednesday,XL Frallor,Ost,1,1~1
Gävle,ICA Spegeln,Wednesday,XL Frallor,Ost & Skinka,1,1~1
Gävle,ICA Spegeln,Thursday,Baguette,Kyckling Curry,1,1~2
Gävle,ICA Spegeln,Thursday,Baguette,Ost & Skinka,1,1~2
Gävle,ICA Spegeln,Thursday,Baguette,Salami & Brieost,2,2~1
Gävle,ICA Spegeln,Thursday,Baguette,Skagen,1,1~2
Gävle,ICA Spegeln,Thursday,Fralla,Ost,8,6~10
Gävle,ICA Spegeln,Thursday,Fralla,Ost & Skinka,10,9~11
Gävle,ICA Spegeln,Thursday,Grönsallad,Kyckling,1,0~1
Gävle,ICA Spegeln,Thursday,Hönökaka,Ost,6,5~8
Gävle,ICA Spegeln,Thursday,Hönökaka,Ost & Salami,6,6~8
Gävle,ICA Spegeln,Thursday,Hönökaka,Ost & Skinka,7,5~9
Gävle,ICA Spegeln,Thursday,Pastasallad,Bacon & Kyckling,1,0~1
Gävle,ICA Spegeln,Thursday,Pastasallad,Falafel,1,0~1
Gävle,ICA Spegeln,Thursday,Pastasallad,Kyckling & Salladsost,3,2~4
Gävle,ICA Spegeln,Thursday,Pastasallad,Kyckling kebab,1,0~1
Gävle,ICA Spegeln,Thursday,Pastasallad,Kyckling mangocurry,4,4~4
Gävle,ICA Spegeln,Thursday,Pastasallad,Ost & Skinka,1,1~2
Gävle,ICA Spegeln,Thursday,Pastasallad,Räkor,1,2~3
Gävle,ICA Spegeln,Thursday,Sandwich,Clubsandwich,1,0~1
Gävle,ICA Spegeln,Thursday,Sandwich,Kyckling Curry,1,0~1
Gävle,ICA Spegeln,Thursday,Sandwich,Kyckling Pestoröra,1,1~2
Gävle,ICA Spegeln,Thursday,Sandwich,Räkor,1,1~2
Gävle,ICA Spegeln,Thursday,Varmrätt,Cevapcici med bulgur,1,0~1
Gävle,ICA Spegeln,Thursday,Varmrätt,Kycklingspett med ris,1,1~2
Gävle,ICA Spegeln,Thursday,Varmrätt,Teriyakibiff med ris,1,0~1
Gävle,ICA Spegeln,Thursday,Varmrätt,Teriyakikycklingfile med basmatiris,1,0~1
Gävle,ICA Spegeln,Thursday,Wraps,Caesar Kyckling,1,1~2
Gävle,ICA Spegeln,Thursday,Wraps,Kyckling Bacon,1,0~1
Gävle,ICA Spegeln,Thursday,Wraps,Kyckling Curry,1,1~2
Gävle,ICA Spegeln,Thursday,Wraps,Sweet Chili,1,1~2
Gävle,ICA Spegeln,Thursday,XL Frallor,Grovfralla Kalkon & Färskost,3,3~5
Gävle,ICA Spegeln,Thursday,XL Frallor,Ost,5,4~6
Gävle,ICA Spegeln,Thursday,XL Frallor,Ost & Skinka,5,4~6
Gävle,ICA Stortorget,Sunday,Pastasallad,Bacon & Kyckling,1,1~2
Gävle,ICA Stortorget,Sunday,Pastasallad,Kyckling & Salladsost,4,3~5
Gävle,ICA Stortorget,Sunday,Pastasallad,Kyckling mangocurry,4,3~5
Gävle,ICA Stortorget,Sunday,Pastasallad,Ost & Skinka,1,1~2
Gävle,ICA Stortorget,Sunday,Pastasallad,Räkor,1,1~2
Gävle,ICA Stortorget,Sunday,Sandwich,Bacon & Äggröra,1,1~2
Gävle,ICA Stortorget,Sunday,Sandwich,Clubsandwich,1,0~1
Gävle,ICA Stortorget,Sunday,Sandwich,Kyckling Curry,1,1~2
Gävle,ICA Stortorget,Sunday,Sandwich,Räkor,2,2~3
Gävle,ICA Stortorget,Sunday,Wraps,Caesar Kyckling,3,3~4
Gävle,ICA Stortorget,Sunday,Wraps,Kyckling Bacon,2,2~3
Gävle,ICA Stortorget,Sunday,Wraps,Kyckling Curry,3,2~4
Gävle,ICA Stortorget,Sunday,Wraps,Sweet Chili,1,0~1
Gävle,ICA Stortorget,Monday,Pastasallad,Kyckling & Salladsost,1,1~2
Gävle,ICA Stortorget,Monday,Pastasallad,Kyckling mangocurry,1,1~2
Gävle,ICA Stortorget,Monday,Sandwich,Räkor,1,0~1
Gävle,ICA Stortorget,Monday,Wraps,Caesar Kyckling,1,1~1
Gävle,ICA Stortorget,Monday,Wraps,Kyckling Bacon,1,1~1
Gävle,ICA Stortorget,Monday,Wraps,Kyckling Curry,1,1~1
Gävle,ICA Stortorget,Tuesday,Pastasallad,Bacon & Kyckling,1,1~1
Gävle,ICA Stortorget,Tuesday,Pastasallad,Kyckling & Salladsost,3,2~4
Gävle,ICA Stortorget,Tuesday,Pastasallad,Kyckling mangocurry,3,2~4
Gävle,ICA Stortorget,Tuesday,Pastasallad,Ost & Skinka,1,0~1
Gävle,ICA Stortorget,Tuesday,Pastasallad,Räkor,1,0~1
Gävle,ICA Stortorget,Tuesday,Sandwich,Bacon & Äggröra,1,1~1
Gävle,ICA Stortorget,Tuesday,Sandwich,Kyckling Curry,1,0~1
Gävle,ICA Stortorget,Tuesday,Sandwich,Räkor,2,1~2
Gävle,ICA Stortorget,Tuesday,Wraps,Caesar Kyckling,2,2~3
Gävle,ICA Stortorget,Tuesday,Wraps,Kyckling Bacon,2,1~2
Gävle,ICA Stortorget,Tuesday,Wraps,Kyckling Curry,2,2~3
Gävle,ICA Stortorget,Wednesday,Pastasallad,Kyckling & Salladsost,1,1~1
Gävle,ICA Stortorget,Wednesday,Pastasallad,Kyckling mangocurry,1,1~1
Gävle,ICA Stortorget,Wednesday,Sandwich,Räkor,1,0~1
Gävle,ICA Stortorget,Wednesday,Wraps,Caesar Kyckling,1,1~1
Gävle,ICA Stortorget,Wednesday,Wraps,Kyckling Bacon,1,0~1
Gävle,ICA Stortorget,Wednesday,Wraps,Kyckling Curry,1,1~1
Gävle,ICA Stortorget,Thursday,Grönsallad,Caesarsallad,1,0~1
Gävle,ICA Stortorget,Thursday,Grönsallad,Kyckling,1,0~1
Gävle,ICA Stortorget,Thursday,Pastasallad,Bacon & Kyckling,2,1~2
Gävle,ICA Stortorget,Thursday,Pastasallad,Kyckling & Salladsost,4,4~4
Gävle,ICA Stortorget,Thursday,Pastasallad,Kyckling mangocurry,5,4~6
Gävle,ICA Stortorget,Thursday,Pastasallad,Ost & Skinka,1,1~2
Gävle,ICA Stortorget,Thursday,Pastasallad,Räkor,1,1~2
Gävle,ICA Stortorget,Thursday,Sandwich,Bacon & Äggröra,2,1~2
Gävle,ICA Stortorget,Thursday,Sandwich,Clubsandwich,1,1~2
Gävle,ICA Stortorget,Thursday,Sandwich,Kyckling Curry,1,1~2
Gävle,ICA Stortorget,Thursday,Sandwich,Räkor,1,2~3
Gävle,ICA Stortorget,Thursday,Wraps,Caesar Kyckling,4,2~5
Gävle,ICA Stortorget,Thursday,Wraps,Kyckling Bacon,2,2~4
Gävle,ICA Stortorget,Thursday,Wraps,Kyckling Curry,2,1~3
Gävle,ICA Stortorget,Thursday,Wraps,Sweet Chili,1,1~2
Gävle,ICA Söder,Sunday,Baguette,Salami & Brieost,1,0~1
Gävle,ICA Söder,Sunday,Fralla,Ost,1,0~1
Gävle,ICA Söder,Sunday,Fralla,Ost & Skinka,1,0~1
Gävle,ICA Söder,Sunday,Grönsallad,Caesarsallad,1,0~1
Gävle,ICA Söder,Sunday,Hönökaka,Ost,1,1~2
Gävle,ICA Söder,Sunday,Pastasallad,Kyckling & Salladsost,1,1~2
Gävle,ICA Söder,Sunday,Pastasallad,Kyckling mangocurry,2,2~3
Gävle,ICA Söder,Sunday,Pastasallad,Räkor,1,1~2
Gävle,ICA Söder,Sunday,Sandwich,Kyckling Curry,1,0~1
Gävle,ICA Söder,Sunday,Wraps,Caesar Kyckling,1,1~2
Gävle,ICA Söder,Sunday,Wraps,Kyckling Bacon,1,1~2
Gävle,ICA Söder,Sunday,Wraps,Kyckling Curry,1,1~2
Gävle,ICA Söder,Sunday,Wraps,Sweet Chili,1,0~1
Gävle,ICA Söder,Monday,Pastasallad,Kyckling mangocurry,1,0~1
Gävle,ICA Söder,Tuesday,Hönökaka,Ost,1,0~1
Gävle,ICA Söder,Tuesday,Pastasallad,Kyckling & Salladsost,1,1~1
Gävle,ICA Söder,Tuesday,Pastasallad,Kyckling mangocurry,2,1~2
Gävle,ICA Söder,Tuesday,Pastasallad,Räkor,1,0~1
Gävle,ICA Söder,Tuesday,Wraps,Caesar Kyckling,1,0~1
Gävle,ICA Söder,Tuesday,Wraps,Kyckling Bacon,1,1~1
Gävle,ICA Söder,Tuesday,Wraps,Kyckling Curry,1,0~1
Gävle,ICA Söder,Wednesday,Pastasallad,Kyckling mangocurry,1,0~1
Gävle,ICA Söder,Thursday,Baguette,Kyckling Sweet Chili,1,0~1
Gävle,ICA Söder,Thursday,Baguette,Ost & Skinka,1,0~1
Gävle,ICA Söder,Thursday,Baguette,Salami & Brieost,1,1~2
Gävle,ICA Söder,Thursday,Baguette,Skagen,1,0~1
Gävle,ICA Söder,Thursday,Fralla,Ost,1,1~2
Gävle,ICA Söder,Thursday,Fralla,Ost & Skinka,1,1~2
Gävle,ICA Söder,Thursday,Grönsallad,Caesarsallad,1,1~2
Gävle,ICA Söder,Thursday,Hönökaka,Ost,1,1~2
Gävle,ICA Söder,Thursday,Hönökaka,Ost & Skinka,1,0~1
Gävle,ICA Söder,Thursday,Pastasallad,Kyckling & Salladsost,2,1~2
Gävle,ICA Söder,Thursday,Pastasallad,Kyckling mangocurry,1,2~3
Gävle,ICA Söder,Thursday,Pastasallad,Räkor,1,1~2
Gävle,ICA Söder,Thursday,Sandwich,Bacon & Äggröra,1,0~1
Gävle,ICA Söder,Thursday,Sandwich,Clubsandwich,1,0~1
Gävle,ICA Söder,Thursday,Sandwich,Kyckling Curry,1,1~2
Gävle,ICA Söder,Thursday,Sandwich,Räkor,1,0~1
Gävle,ICA Söder,Thursday,Varmrätt,Teriyakibiff med ris,1,0~1
Gävle,ICA Söder,Thursday,Varmrätt,Teriyakikycklingfile med basmatiris,1,0~1
Gävle,ICA Söder,Thursday,Wraps,Caesar Kyckling,1,1~2
Gävle,ICA Söder,Thursday,Wraps,Kyckling Bacon,2,1~2
Gävle,ICA Söder,Thursday,Wraps,Kyckling Curry,1,1~2
Gävle,ICA Söder,Thursday,Wraps,Sweet Chili,1,1~2
Gävle,ICA Söder,Thursday,XL Frallor,Ost,1,0~1
Gävle,ICA Örbyhus,Sunday,Baguette,Kyckling Curry,1,0~1
Gävle,ICA Örbyhus,Sunday,Baguette,Kyckling Sweet Chili,1,1~2
Gävle,ICA Örbyhus,Sunday,Baguette,Salami & Brieost,1,1~2
Gävle,ICA Örbyhus,Sunday,Baguette,Skagen,2,2~3
Gävle,ICA Örbyhus,Sunday,Fralla,Ost,2,2~3
Gävle,ICA Örbyhus,Sunday,Fralla,Ost & Skinka,2,2~3
Gävle,ICA Örbyhus,Sunday,Hönökaka,Ost,1,1~2
Gävle,ICA Örbyhus,Sunday,Hönökaka,Ost & Skinka,1,1~2
Gävle,ICA Örbyhus,Sunday,Pastasallad,Kyckling & Salladsost,2,2~3
Gävle,ICA Örbyhus,Sunday,Pastasallad,Kyckling mangocurry,4,3~4
Gävle,ICA Örbyhus,Sunday,Sandwich,Bacon & Äggröra,1,1~2
Gävle,ICA Örbyhus,Sunday,Sandwich,Clubsandwich,2,2~3
Gävle,ICA Örbyhus,Sunday,Sandwich,Kyckling Curry,1,1~2
Gävle,ICA Örbyhus,Sunday,Sandwich,Räkor,1,1~2
Gävle,ICA Örbyhus,Sunday,Sandwich,Ägg & Avocadokräm,1,0~1
Gävle,ICA Örbyhus,Sunday,Wraps,Caesar Kyckling,1,0~1
Gävle,ICA Örbyhus,Sunday,Wraps,Kyckling Bacon,1,1~2
Gävle,ICA Örbyhus,Sunday,Wraps,Sweet Chili,1,0~1
Gävle,ICA Örbyhus,Sunday,XL Frallor,Ost,1,0~1
Gävle,ICA Örbyhus,Sunday,XL Frallor,Ost & Skinka,1,0~1
Gävle,ICA Örbyhus,Monday,Baguette,Skagen,1,1~1
Gävle,ICA Örbyhus,Monday,Fralla,Ost,1,0~1
Gävle,ICA Örbyhus,Monday,Fralla,Ost & Skinka,1,1~1
Gävle,ICA Örbyhus,Monday,Pastasallad,Kyckling & Salladsost,1,0~1
Gävle,ICA Örbyhus,Monday,Pastasallad,Kyckling mangocurry,1,1~2
Gävle,ICA Örbyhus,Monday,Sandwich,Clubsandwich,1,0~1
Gävle,ICA Örbyhus,Tuesday,Baguette,Kyckling Sweet Chili,1,0~1
Gävle,ICA Örbyhus,Tuesday,Baguette,Salami & Brieost,1,0~1
Gävle,ICA Örbyhus,Tuesday,Baguette,Skagen,2,1~2
Gävle,ICA Örbyhus,Tuesday,Fralla,Ost,2,1~2
Gävle,ICA Örbyhus,Tuesday,Fralla,Ost & Skinka,2,1~2
Gävle,ICA Örbyhus,Tuesday,Hönökaka,Ost,1,0~1
Gävle,ICA Örbyhus,Tuesday,Hönökaka,Ost & Skinka,1,0~1
Gävle,ICA Örbyhus,Tuesday,Pastasallad,Kyckling & Salladsost,2,1~2
Gävle,ICA Örbyhus,Tuesday,Pastasallad,Kyckling mangocurry,3,2~3
Gävle,ICA Örbyhus,Tuesday,Sandwich,Bacon & Äggröra,1,0~1
Gävle,ICA Örbyhus,Tuesday,Sandwich,Clubsandwich,2,1~2
Gävle,ICA Örbyhus,Tuesday,Sandwich,Kyckling Curry,1,1~1
Gävle,ICA Örbyhus,Tuesday,Sandwich,Räkor,1,1~1
Gävle,ICA Örbyhus,Tuesday,Wraps,Kyckling Bacon,1,0~1
Gävle,ICA Örbyhus,Wednesday,Baguette,Skagen,1,0~1
Gävle,ICA Örbyhus,Wednesday,Fralla,Ost,1,0~1
Gävle,ICA Örbyhus,Wednesday,Fralla,Ost & Skinka,1,0~1
Gävle,ICA Örbyhus,Wednesday,Pastasallad,Kyckling & Salladsost,1,0~1
Gävle,ICA Örbyhus,Wednesday,Pastasallad,Kyckling mangocurry,1,1~1
Gävle,ICA Örbyhus,Wednesday,Sandwich,Clubsandwich,1,0~1
Gävle,ICA Örbyhus,Thursday,Baguette,Kyckling Curry,1,1~2
Gävle,ICA Örbyhus,Thursday,Baguette,Kyckling Sweet Chili,1,1~2
Gävle,ICA Örbyhus,Thursday,Baguette,Salami & Brieost,1,1~2
Gävle,ICA Örbyhus,Thursday,Baguette,Skagen,2,2~4
Gävle,ICA Örbyhus,Thursday,Fralla,Ost,1,2~3
Gävle,ICA Örbyhus,Thursday,Fralla,Ost & Skinka,2,2~4
Gävle,ICA Örbyhus,Thursday,Grönsallad,Caesarsallad,1,0~1
Gävle,ICA Örbyhus,Thursday,Hönökaka,Ost,1,1~2
Gävle,ICA Örbyhus,Thursday,Hönökaka,Ost & Skinka,1,1~2
Gävle,ICA Örbyhus,Thursday,Pastasallad,Bacon & Kyckling,1,0~1
Gävle,ICA Örbyhus,Thursday,Pastasallad,Kyckling & Salladsost,1,2~3
Gävle,ICA Örbyhus,Thursday,Pastasallad,Kyckling mangocurry,3,3~5
Gävle,ICA Örbyhus,Thursday,Pastasallad,Ost & Skinka,1,0~1
Gävle,ICA Örbyhus,Thursday,Pastasallad,Räkor,1,0~1
Gävle,ICA Örbyhus,Thursday,Räkmacka Liten,Räkmacka liten,1,0~1
Gävle,ICA Örbyhus,Thursday,Sandwich,Bacon & Äggröra,1,1~2
Gävle,ICA Örbyhus,Thursday,Sandwich,Clubsandwich,1,2~3
Gävle,ICA Örbyhus,Thursday,Sandwich,Kyckling Curry,2,1~2
Gävle,ICA Örbyhus,Thursday,Sandwich,Räkor,2,1~2
Gävle,ICA Örbyhus,Thursday,Sandwich,Ägg & Avocadokräm,1,1~2
Gävle,ICA Örbyhus,Thursday,Wraps,Caesar Kyckling,1,1~2
Gävle,ICA Örbyhus,Thursday,Wraps,Kyckling Bacon,1,1~2
Gävle,ICA Örbyhus,Thursday,Wraps,Kyckling Curry,1,0~1
Gävle,ICA Örbyhus,Thursday,Wraps,Sweet Chili,1,1~2
Gävle,ICA Örbyhus,Thursday,XL Frallor,Ost,1,1~2
Gävle,ICA Örbyhus,Thursday,XL Frallor,Ost & Skinka,1,1~2
Gävle,Myway Torget,Sunday,Pastasallad,Kyckling & Salladsost,1,0~1
Gävle,Myway Torget,Sunday,Pastasallad,Kyckling mangocurry,1,0~1
Gävle,Myway Torget,Sunday,Wraps,Kyckling Curry,1,0~1
Gävle,Myway Torget,Thursday,Baguette,Skagen,1,0~1
Gävle,Myway Torget,Thursday,Pastasallad,Kyckling & Salladsost,1,1~2
Gävle,Myway Torget,Thursday,Pastasallad,Kyckling mangocurry,1,1~2
Gävle,Myway Torget,Thursday,Sandwich,Kyckling Curry,1,0~1
Gävle,Myway Torget,Thursday,Wraps,Kyckling Bacon,1,0~1
Gävle,Myway Torget,Thursday,Wraps,Kyckling Curry,1,1~2
Gävle,Tempo Brynäs,Sunday,Baguette,Ost & Skinka,1,0~1
Gävle,Tempo Brynäs,Sunday,Baguette,Salami & Brieost,1,0~1
Gävle,Tempo Brynäs,Sunday,Baguette,Skagen,1,1~2
Gävle,Tempo Brynäs,Sunday,Hönökaka,Ost,1,0~1
Gävle,Tempo Brynäs,Sunday,Pastasallad,Bacon & Kyckling,1,0~1
Gävle,Tempo Brynäs,Sunday,Pastasallad,Kyckling & Salladsost,2,2~3
Gävle,Tempo Brynäs,Sunday,Pastasallad,Kyckling mangocurry,3,2~4
Gävle,Tempo Brynäs,Sunday,Pastasallad,Räkor,1,0~1
Gävle,Tempo Brynäs,Sunday,Sandwich,Clubsandwich,1,1~2
Gävle,Tempo Brynäs,Sunday,Sandwich,Räkor,1,1~2
Gävle,Tempo Brynäs,Sunday,Varmrätt,Teriyakikycklingfile med basmatiris,1,0~1
Gävle,Tempo Brynäs,Sunday,Wraps,Caesar Kyckling,1,0~1
Gävle,Tempo Brynäs,Sunday,Wraps,Kyckling Bacon,1,1~2
Gävle,Tempo Brynäs,Sunday,Wraps,Kyckling Curry,1,1~2
Gävle,Tempo Brynäs,Sunday,XL Frallor,Ost & Skinka,1,0~1
Gävle,Tempo Brynäs,Monday,Pastasallad,Kyckling & Salladsost,1,0~1
Gävle,Tempo Brynäs,Monday,Pastasallad,Kyckling mangocurry,1,1~1
Gävle,Tempo Brynäs,Tuesday,Baguette,Skagen,1,1~1
Gävle,Tempo Brynäs,Tuesday,Pastasallad,Kyckling & Salladsost,2,1~2
Gävle,Tempo Brynäs,Tuesday,Pastasallad,Kyckling mangocurry,2,2~3
Gävle,Tempo Brynäs,Tuesday,Sandwich,Clubsandwich,1,0~1
Gävle,Tempo Brynäs,Tuesday,Sandwich,Räkor,1,0~1
Gävle,Tempo Brynäs,Tuesday,Wraps,Kyckling Bacon,1,1~1
Gävle,Tempo Brynäs,Tuesday,Wraps,Kyckling Curry,1,0~1
Gävle,Tempo Brynäs,Wednesday,Pastasallad,Kyckling & Salladsost,1,0~1
Gävle,Tempo Brynäs,Wednesday,Pastasallad,Kyckling mangocurry,1,1~1
Gävle,Tempo Brynäs,Thursday,Baguette,Kyckling Curry,1,0~1
Gävle,Tempo Brynäs,Thursday,Baguette,Ost & Skinka,1,1~2
Gävle,Tempo Brynäs,Thursday,Baguette,Salami & Brieost,1,1~2
Gävle,Tempo Brynäs,Thursday,Baguette,Skagen,2,1~2
Gävle,Tempo Brynäs,Thursday,Fralla,Ost,1,0~1
Gävle,Tempo Brynäs,Thursday,Fralla,Ost & Skinka,1,0~1
Gävle,Tempo Brynäs,Thursday,Hönökaka,Ost,1,1~2
Gävle,Tempo Brynäs,Thursday,Hönökaka,Ost & Salami,1,0~1
Gävle,Tempo Brynäs,Thursday,Hönökaka,Ost & Skinka,1,0~1
Gävle,Tempo Brynäs,Thursday,Pastasallad,Bacon & Kyckling,1,1~2
Gävle,Tempo Brynäs,Thursday,Pastasallad,Kyckling & Salladsost,1,2~3
Gävle,Tempo Brynäs,Thursday,Pastasallad,Kyckling mangocurry,3,2~4
Gävle,Tempo Brynäs,Thursday,Pastasallad,Ost & Skinka,1,0~1
Gävle,Tempo Brynäs,Thursday,Pastasallad,Räkor,1,1~2
Gävle,Tempo Brynäs,Thursday,Sandwich,Bacon & Äggröra,1,0~1
Gävle,Tempo Brynäs,Thursday,Sandwich,Clubsandwich,1,1~2
Gävle,Tempo Brynäs,Thursday,Sandwich,Räkor,1,1~2
Gävle,Tempo Brynäs,Thursday,Varmrätt,Kycklingspett med ris,1,0~1
Gävle,Tempo Brynäs,Thursday,Varmrätt,Teriyakibiff med ris,1,0~1
Gävle,Tempo Brynäs,Thursday,Varmrätt,Teriyakikycklingfile med basmatiris,1,1~2
Gävle,Tempo Brynäs,Thursday,Wraps,Caesar Kyckling,1,1~2
Gävle,Tempo Brynäs,Thursday,Wraps,Kyckling Bacon,2,1~2
Gävle,Tempo Brynäs,Thursday,Wraps,Kyckling Curry,1,1~2
Gävle,Tempo Brynäs,Thursday,XL Frallor,Ost & Skinka,1,1~2
Stockholm Mellan,Coop Bredden,Sunday,Baguette,Skagen,1,0~1
Stockholm Mellan,Coop Bredden,Sunday,Fralla,Ost,2,2~3
Stockholm Mellan,Coop Bredden,Sunday,Fralla,Ost & Skinka,2,2~3
Stockholm Mellan,Coop Bredden,Sunday,Hönökaka,Ost,1,1~2
Stockholm Mellan,Coop Bredden,Sunday,Hönökaka,Ost & Skinka,1,1~2
Stockholm Mellan,Coop Bredden,Sunday,Pastasallad,Kyckling & Salladsost,1,1~2
Stockholm Mellan,Coop Bredden,Sunday,Pastasallad,Kyckling mangocurry,3,2~4
Stockholm Mellan,Coop Bredden,Sunday,Sandwich,Clubsandwich,1,0~1
Stockholm Mellan,Coop Bredden,Sunday,Sandwich,Kyckling Curry,1,0~1
Stockholm Mellan,Coop Bredden,Sunday,Wraps,Caesar Kyckling,1,0~1
Stockholm Mellan,Coop Bredden,Sunday,Wraps,Kyckling Bacon,1,0~1
Stockholm Mellan,Coop Bredden,Sunday,Wraps,Sweet Chili,1,0~1
Stockholm Mellan,Coop Bredden,Monday,Fralla,Ost,1,0~1
Stockholm Mellan,Coop Bredden,Monday,Fralla,Ost & Skinka,1,1~1
Stockholm Mellan,Coop Bredden,Monday,Pastasallad,Kyckling mangocurry,1,1~1
Stockholm Mellan,Coop Bredden,Tuesday,Fralla,Ost,2,1~2
Stockholm Mellan,Coop Bredden,Tuesday,Fralla,Ost & Skinka,2,1~2
Stockholm Mellan,Coop Bredden,Tuesday,Hönökaka,Ost,1,0~1
Stockholm Mellan,Coop Bredden,Tuesday,Hönökaka,Ost & Skinka,1,1~1
Stockholm Mellan,Coop Bredden,Tuesday,Pastasallad,Kyckling & Salladsost,1,1~1
Stockholm Mellan,Coop Bredden,Tuesday,Pastasallad,Kyckling mangocurry,2,2~3
Stockholm Mellan,Coop Bredden,Wednesday,Fralla,Ost,1,0~1
Stockholm Mellan,Coop Bredden,Wednesday,Fralla,Ost & Skinka,1,0~1
Stockholm Mellan,Coop Bredden,Wednesday,Pastasallad,Kyckling mangocurry,1,1~1
Stockholm Mellan,Coop Bredden,Thursday,Baguette,Kyckling Sweet Chili,1,0~1
Stockholm Mellan,Coop Bredden,Thursday,Baguette,Ost & Skinka,1,0~1
Stockholm Mellan,Coop Bredden,Thursday,Baguette,Salami & Brieost,1,0~1
Stockholm Mellan,Coop Bredden,Thursday,Baguette,Skagen,1,1~2
Stockholm Mellan,Coop Bredden,Thursday,Fralla,Ost,1,2~3
Stockholm Mellan,Coop Bredden,Thursday,Fralla,Ost & Skinka,2,2~4
Stockholm Mellan,Coop Bredden,Thursday,Grönsallad,Caesarsallad,1,0~1
Stockholm Mellan,Coop Bredden,Thursday,Grönsallad,Kyckling,1,0~1
Stockholm Mellan,Coop Bredden,Thursday,Hönökaka,Ost,1,1~2
Stockholm Mellan,Coop Bredden,Thursday,Hönökaka,Ost & Skinka,2,1~2
Stockholm Mellan,Coop Bredden,Thursday,Pastasallad,Bacon & Kyckling,1,0~1
Stockholm Mellan,Coop Bredden,Thursday,Pastasallad,Kyckling & Salladsost,2,1~2
Stockholm Mellan,Coop Bredden,Thursday,Pastasallad,Kyckling mangocurry,2,1~3
Stockholm Mellan,Coop Bredden,Thursday,Pastasallad,Ost & Skinka,1,0~1
Stockholm Mellan,Coop Bredden,Thursday,Pastasallad,Räkor,1,0~1
Stockholm Mellan,Coop Bredden,Thursday,Sandwich,Clubsandwich,1,1~2
Stockholm Mellan,Coop Bredden,Thursday,Sandwich,Kyckling Curry,1,1~2
Stockholm Mellan,Coop Bredden,Thursday,Sandwich,Räkor,1,0~1
Stockholm Mellan,Coop Bredden,Thursday,Sandwich,Ägg & Avocadokräm,1,0~1
Stockholm Mellan,Coop Bredden,Thursday,Wraps,Caesar Kyckling,1,1~2
Stockholm Mellan,Coop Bredden,Thursday,Wraps,Kyckling Bacon,1,1~2
Stockholm Mellan,Coop Bredden,Thursday,Wraps,Kycklingsallad Olivie,1,0~1
Stockholm Mellan,Coop Bredden,Thursday,Wraps,Sweet Chili,1,1~2
Stockholm Mellan,Coop Bredden,Thursday,Wraps,Wrap Curry Oumph!,1,0~1
Stockholm Mellan,Coop Häggvik,Sunday,Baguette,Kyckling Curry,1,0~1
Stockholm Mellan,Coop Häggvik,Sunday,Baguette,Ost & Skinka,3,2~4
Stockholm Mellan,Coop Häggvik,Sunday,Baguette,Salami & Brieost,3,2~4
Stockholm Mellan,Coop Häggvik,Sunday,Baguette,Skagen,3,2~4
Stockholm Mellan,Coop Häggvik,Sunday,Fralla,Ost,3,2~4
Stockholm Mellan,Coop Häggvik,Sunday,Fralla,Ost & Skinka,3,2~4
Stockholm Mellan,Coop Häggvik,Sunday,Hönökaka,Ost,3,2~4
Stockholm Mellan,Coop Häggvik,Sunday,Hönökaka,Ost & Salami,1,0~1
Stockholm Mellan,Coop Häggvik,Sunday,Hönökaka,Ost & Skinka,3,2~4
Stockholm Mellan,Coop Häggvik,Sunday,Pastasallad,Kyckling & Salladsost,1,1~2
Stockholm Mellan,Coop Häggvik,Sunday,Pastasallad,Kyckling kebab,3,2~4
Stockholm Mellan,Coop Häggvik,Sunday,Pastasallad,Kyckling mangocurry,3,2~4
Stockholm Mellan,Coop Häggvik,Sunday,Pastasallad,Räkor,3,2~4
Stockholm Mellan,Coop Häggvik,Sunday,Varmrätt,Cevapcici med bulgur,1,0~1
Stockholm Mellan,Coop Häggvik,Sunday,Varmrätt,Kycklingspett med ris,1,0~1
Stockholm Mellan,Coop Häggvik,Sunday,Varmrätt,Teriyakikycklingfile med basmatiris,1,0~1
Stockholm Mellan,Coop Häggvik,Sunday,Wraps,Caesar Kyckling,2,2~3
Stockholm Mellan,Coop Häggvik,Sunday,Wraps,Kyckling Bacon,2,2~3
Stockholm Mellan,Coop Häggvik,Sunday,Wraps,Kyckling Curry,2,2~3
Stockholm Mellan,Coop Häggvik,Sunday,Wraps,Sweet Chili,2,2~3
Stockholm Mellan,Coop Häggvik,Sunday,XL Frallor,Grovfralla Kalkon & Färskost,2,2~3
Stockholm Mellan,Coop Häggvik,Sunday,XL Frallor,Ost,2,2~3
Stockholm Mellan,Coop Häggvik,Sunday,XL Frallor,Ost & Skinka,2,2~3
Stockholm Mellan,Coop Häggvik,Monday,Baguette,Ost & Skinka,1,1~1
Stockholm Mellan,Coop Häggvik,Monday,Baguette,Salami & Brieost,1,1~1
Stockholm Mellan,Coop Häggvik,Monday,Baguette,Skagen,1,1~1
Stockholm Mellan,Coop Häggvik,Monday,Fralla,Ost,1,1~1
Stockholm Mellan,Coop Häggvik,Monday,Fralla,Ost & Skinka,1,1~1
Stockholm Mellan,Coop Häggvik,Monday,Hönökaka,Ost,1,1~1
Stockholm Mellan,Coop Häggvik,Monday,Hönökaka,Ost & Skinka,1,1~1
Stockholm Mellan,Coop Häggvik,Monday,Pastasallad,Kyckling kebab,1,1~1
Stockholm Mellan,Coop Häggvik,Monday,Pastasallad,Kyckling mangocurry,1,1~1
Stockholm Mellan,Coop Häggvik,Monday,Pastasallad,Räkor,1,1~1
Stockholm Mellan,Coop Häggvik,Monday,Wraps,Caesar Kyckling,1,1~1
Stockholm Mellan,Coop Häggvik,Monday,Wraps,Kyckling Bacon,1,1~1
Stockholm Mellan,Coop Häggvik,Monday,Wraps,Kyckling Curry,1,1~1
Stockholm Mellan,Coop Häggvik,Monday,Wraps,Sweet Chili,1,1~1
Stockholm Mellan,Coop Häggvik,Monday,XL Frallor,Grovfralla Kalkon & Färskost,1,0~1
Stockholm Mellan,Coop Häggvik,Monday,XL Frallor,Ost,1,0~1
Stockholm Mellan,Coop Häggvik,Monday,XL Frallor,Ost & Skinka,1,0~1
Stockholm Mellan,Coop Häggvik,Tuesday,Baguette,Ost & Skinka,2,2~3
Stockholm Mellan,Coop Häggvik,Tuesday,Baguette,Salami & Brieost,2,2~3
Stockholm Mellan,Coop Häggvik,Tuesday,Baguette,Skagen,2,2~3
Stockholm Mellan,Coop Häggvik,Tuesday,Fralla,Ost,2,2~3
Stockholm Mellan,Coop Häggvik,Tuesday,Fralla,Ost & Skinka,2,2~3
Stockholm Mellan,Coop Häggvik,Tuesday,Hönökaka,Ost,2,2~3
Stockholm Mellan,Coop Häggvik,Tuesday,Hönökaka,Ost & Skinka,2,2~3
Stockholm Mellan,Coop Häggvik,Tuesday,Pastasallad,Kyckling & Salladsost,1,0~1
Stockholm Mellan,Coop Häggvik,Tuesday,Pastasallad,Kyckling kebab,2,2~3
Stockholm Mellan,Coop Häggvik,Tuesday,Pastasallad,Kyckling mangocurry,2,2~3
Stockholm Mellan,Coop Häggvik,Tuesday,Pastasallad,Räkor,2,2~3
Stockholm Mellan,Coop Häggvik,Tuesday,Wraps,Caesar Kyckling,2,1~2
Stockholm Mellan,Coop Häggvik,Tuesday,Wraps,Kyckling Bacon,2,1~2
Stockholm Mellan,Coop Häggvik,Tuesday,Wraps,Kyckling Curry,2,1~2
Stockholm Mellan,Coop Häggvik,Tuesday,Wraps,Sweet Chili,2,1~2
Stockholm Mellan,Coop Häggvik,Tuesday,XL Frallor,Grovfralla Kalkon & Färskost,2,1~2
Stockholm Mellan,Coop Häggvik,Tuesday,XL Frallor,Ost,2,1~2
Stockholm Mellan,Coop Häggvik,Tuesday,XL Frallor,Ost & Skinka,2,1~2
Stockholm Mellan,Coop Häggvik,Wednesday,Baguette,Ost & Skinka,1,1~1
Stockholm Mellan,Coop Häggvik,Wednesday,Baguette,Salami & Brieost,1,1~1
Stockholm Mellan,Coop Häggvik,Wednesday,Baguette,Skagen,1,1~1
Stockholm Mellan,Coop Häggvik,Wednesday,Fralla,Ost,1,1~1
Stockholm Mellan,Coop Häggvik,Wednesday,Fralla,Ost & Skinka,1,1~1
Stockholm Mellan,Coop Häggvik,Wednesday,Hönökaka,Ost,1,1~1
Stockholm Mellan,Coop Häggvik,Wednesday,Hönökaka,Ost & Skinka,1,1~1
Stockholm Mellan,Coop Häggvik,Wednesday,Pastasallad,Kyckling kebab,1,1~1
Stockholm Mellan,Coop Häggvik,Wednesday,Pastasallad,Kyckling mangocurry,1,1~1
Stockholm Mellan,Coop Häggvik,Wednesday,Pastasallad,Räkor,1,1~1
Stockholm Mellan,Coop Häggvik,Wednesday,Wraps,Caesar Kyckling,1,0~1
Stockholm Mellan,Coop Häggvik,Wednesday,Wraps,Kyckling Bacon,1,0~1
Stockholm Mellan,Coop Häggvik,Wednesday,Wraps,Kyckling Curry,1,0~1
Stockholm Mellan,Coop Häggvik,Wednesday,Wraps,Sweet Chili,1,0~1
Stockholm Mellan,Coop Häggvik,Wednesday,XL Frallor,Grovfralla Kalkon & Färskost,1,0~1
Stockholm Mellan,Coop Häggvik,Wednesday,XL Frallor,Ost,1,0~1
Stockholm Mellan,Coop Häggvik,Wednesday,XL Frallor,Ost & Skinka,1,0~1
Stockholm Mellan,Coop Häggvik,Thursday,Baguette,Kyckling Curry,1,1~2
Stockholm Mellan,Coop Häggvik,Thursday,Baguette,Ost & Skinka,3,2~4
Stockholm Mellan,Coop Häggvik,Thursday,Baguette,Salami & Brieost,3,2~4
Stockholm Mellan,Coop Häggvik,Thursday,Baguette,Skagen,3,2~4
Stockholm Mellan,Coop Häggvik,Thursday,Fralla,Ost,3,2~4
Stockholm Mellan,Coop Häggvik,Thursday,Fralla,Ost & Skinka,3,2~4
Stockholm Mellan,Coop Häggvik,Thursday,Hönökaka,Ost,3,2~4
Stockholm Mellan,Coop Häggvik,Thursday,Hönökaka,Ost & Salami,1,1~2
Stockholm Mellan,Coop Häggvik,Thursday,Hönökaka,Ost & Skinka,3,2~4
Stockholm Mellan,Coop Häggvik,Thursday,Pastasallad,Kyckling & Salladsost,1,1~2
Stockholm Mellan,Coop Häggvik,Thursday,Pastasallad,Kyckling kebab,3,2~4
Stockholm Mellan,Coop Häggvik,Thursday,Pastasallad,Kyckling mangocurry,3,2~4
Stockholm Mellan,Coop Häggvik,Thursday,Pastasallad,Räkor,3,2~4
Stockholm Mellan,Coop Häggvik,Thursday,Varmrätt,Cevapcici med bulgur,1,1~2
Stockholm Mellan,Coop Häggvik,Thursday,Varmrätt,Kycklingspett med ris,1,1~2
Stockholm Mellan,Coop Häggvik,Thursday,Varmrätt,Teriyakikycklingfile med basmatiris,1,1~2
Stockholm Mellan,Coop Häggvik,Thursday,Wraps,Caesar Kyckling,2,2~4
Stockholm Mellan,Coop Häggvik,Thursday,Wraps,Kyckling Bacon,2,2~4
Stockholm Mellan,Coop Häggvik,Thursday,Wraps,Kyckling Curry,2,2~4
Stockholm Mellan,Coop Häggvik,Thursday,Wraps,Sweet Chili,2,2~4
Stockholm Mellan,Coop Häggvik,Thursday,XL Frallor,Grovfralla Kalkon & Färskost,1,2~3
Stockholm Mellan,Coop Häggvik,Thursday,XL Frallor,Ost,1,2~3
Stockholm Mellan,Coop Häggvik,Thursday,XL Frallor,Ost & Skinka,1,2~3
Stockholm Mellan,Coop Korpkulla,Sunday,Baguette,Kyckling Curry,1,0~1
Stockholm Mellan,Coop Korpkulla,Sunday,Baguette,Kycklingsallad Olivie,1,0~1
Stockholm Mellan,Coop Korpkulla,Sunday,Baguette,Ost & Skinka,1,0~1
Stockholm Mellan,Coop Korpkulla,Sunday,Baguette,Salami & Brieost,1,1~2
Stockholm Mellan,Coop Korpkulla,Sunday,Baguette,Skagen,1,0~1
Stockholm Mellan,Coop Korpkulla,Sunday,Fralla,Ost,4,3~5
Stockholm Mellan,Coop Korpkulla,Sunday,Fralla,Ost & Skinka,5,4~6
Stockholm Mellan,Coop Korpkulla,Sunday,Hönökaka,Ost,2,2~3
Stockholm Mellan,Coop Korpkulla,Sunday,Hönökaka,Ost & Salami,1,0~1
Stockholm Mellan,Coop Korpkulla,Sunday,Hönökaka,Ost & Skinka,4,3~5
Stockholm Mellan,Coop Korpkulla,Sunday,Pastasallad,Bacon & Kyckling,1,0~1
Stockholm Mellan,Coop Korpkulla,Sunday,Pastasallad,Kyckling & Salladsost,2,2~2
Stockholm Mellan,Coop Korpkulla,Sunday,Pastasallad,Kyckling mangocurry,2,2~3
Stockholm Mellan,Coop Korpkulla,Sunday,Pastasallad,Ost & Skinka,1,1~2
Stockholm Mellan,Coop Korpkulla,Sunday,Pastasallad,Räkor,1,1~2
Stockholm Mellan,Coop Korpkulla,Sunday,Sandwich,Clubsandwich,1,0~1
Stockholm Mellan,Coop Korpkulla,Sunday,Sandwich,Kyckling Curry,1,0~1
Stockholm Mellan,Coop Korpkulla,Sunday,Sandwich,Räkor,1,0~1
Stockholm Mellan,Coop Korpkulla,Sunday,Wraps,Caesar Kyckling,1,0~1
Stockholm Mellan,Coop Korpkulla,Sunday,Wraps,Kyckling Bacon,1,0~1
Stockholm Mellan,Coop Korpkulla,Sunday,Wraps,Wrap Curry Oumph!,1,1~2
Stockholm Mellan,Coop Korpkulla,Sunday,XL Frallor,Ost,1,1~2
Stockholm Mellan,Coop Korpkulla,Sunday,XL Frallor,Ost & Skinka,1,1~2
Stockholm Mellan,Coop Korpkulla,Monday,Fralla,Ost,1,1~2
Stockholm Mellan,Coop Korpkulla,Monday,Fralla,Ost & Skinka,2,1~2
Stockholm Mellan,Coop Korpkulla,Monday,Hönökaka,Ost,1,1~1
Stockholm Mellan,Coop Korpkulla,Monday,Hönökaka,Ost & Skinka,1,1~2
Stockholm Mellan,Coop Korpkulla,Monday,Pastasallad,Kyckling & Salladsost,1,0~1
Stockholm Mellan,Coop Korpkulla,Monday,Pastasallad,Kyckling mangocurry,1,1~1
Stockholm Mellan,Coop Korpkulla,Tuesday,Baguette,Salami & Brieost,1,0~1
Stockholm Mellan,Coop Korpkulla,Tuesday,Fralla,Ost,3,2~4
Stockholm Mellan,Coop Korpkulla,Tuesday,Fralla,Ost & Skinka,4,3~5
Stockholm Mellan,Coop Korpkulla,Tuesday,Hönökaka,Ost,2,1~2
Stockholm Mellan,Coop Korpkulla,Tuesday,Hönökaka,Ost & Skinka,3,2~4
Stockholm Mellan,Coop Korpkulla,Tuesday,Pastasallad,Kyckling & Salladsost,1,1~2
Stockholm Mellan,Coop Korpkulla,Tuesday,Pastasallad,Kyckling mangocurry,2,1~2
Stockholm Mellan,Coop Korpkulla,Tuesday,Pastasallad,Ost & Skinka,1,1~1
Stockholm Mellan,Coop Korpkulla,Tuesday,Pastasallad,Räkor,1,0~1
Stockholm Mellan,Coop Korpkulla,Tuesday,Wraps,Wrap Curry Oumph!,1,0~1
Stockholm Mellan,Coop Korpkulla,Tuesday,XL Frallor,Ost,1,1~1
Stockholm Mellan,Coop Korpkulla,Tuesday,XL Frallor,Ost & Skinka,1,0~1
Stockholm Mellan,Coop Korpkulla,Wednesday,Fralla,Ost,1,1~1
Stockholm Mellan,Coop Korpkulla,Wednesday,Fralla,Ost & Skinka,1,1~2
Stockholm Mellan,Coop Korpkulla,Wednesday,Hönökaka,Ost,1,0~1
Stockholm Mellan,Coop Korpkulla,Wednesday,Hönökaka,Ost & Skinka,1,1~1
Stockholm Mellan,Coop Korpkulla,Wednesday,Pastasallad,Kyckling mangocurry,1,0~1
Stockholm Mellan,Coop Korpkulla,Thursday,Baguette,Kyckling Curry,1,1~2
Stockholm Mellan,Coop Korpkulla,Thursday,Baguette,Kycklingsallad Olivie,1,1~2
Stockholm Mellan,Coop Korpkulla,Thursday,Baguette,Ost & Skinka,1,1~2
Stockholm Mellan,Coop Korpkulla,Thursday,Baguette,Salami & Brieost,1,1~2
Stockholm Mellan,Coop Korpkulla,Thursday,Baguette,Skagen,1,1~2
Stockholm Mellan,Coop Korpkulla,Thursday,Fralla,Ost,5,4~6
Stockholm Mellan,Coop Korpkulla,Thursday,Fralla,Ost & Skinka,5,5~6
Stockholm Mellan,Coop Korpkulla,Thursday,Hönökaka,Ost,2,2~4
Stockholm Mellan,Coop Korpkulla,Thursday,Hönökaka,Ost & Salami,1,1~2
Stockholm Mellan,Coop Korpkulla,Thursday,Hönökaka,Ost & Skinka,5,4~6
Stockholm Mellan,Coop Korpkulla,Thursday,Pastasallad,Bacon & Kyckling,1,1~2
Stockholm Mellan,Coop Korpkulla,Thursday,Pastasallad,Kyckling & Salladsost,2,2~2
Stockholm Mellan,Coop Korpkulla,Thursday,Pastasallad,Kyckling mangocurry,2,2~4
Stockholm Mellan,Coop Korpkulla,Thursday,Pastasallad,Ost & Skinka,2,1~2
Stockholm Mellan,Coop Korpkulla,Thursday,Pastasallad,Räkor,1,1~2
Stockholm Mellan,Coop Korpkulla,Thursday,Sandwich,Bacon & Äggröra,1,0~1
Stockholm Mellan,Coop Korpkulla,Thursday,Sandwich,Clubsandwich,1,1~2
Stockholm Mellan,Coop Korpkulla,Thursday,Sandwich,Kyckling Curry,1,1~2
Stockholm Mellan,Coop Korpkulla,Thursday,Sandwich,Räkor,1,1~2
Stockholm Mellan,Coop Korpkulla,Thursday,Wraps,Caesar Kyckling,1,1~2
Stockholm Mellan,Coop Korpkulla,Thursday,Wraps,Kyckling Bacon,1,1~2
Stockholm Mellan,Coop Korpkulla,Thursday,Wraps,Kyckling Curry,1,0~1
Stockholm Mellan,Coop Korpkulla,Thursday,Wraps,Sweet Chili,1,0~1
Stockholm Mellan,Coop Korpkulla,Thursday,Wraps,Wrap Curry Oumph!,1,1~2
Stockholm Mellan,Coop Korpkulla,Thursday,XL Frallor,Ost,2,1~2
Stockholm Mellan,Coop Korpkulla,Thursday,XL Frallor,Ost & Skinka,1,1~2
Stockholm Mellan,Coop Märsta,Sunday,Baguette,Kyckling Curry,2,2~3
Stockholm Mellan,Coop Märsta,Sunday,Baguette,Kyckling Sweet Chili,1,1~2
Stockholm Mellan,Coop Märsta,Sunday,Baguette,Kycklingsallad Olivie,1,0~1
Stockholm Mellan,Coop Märsta,Sunday,Baguette,Ost & Skinka,2,2~3
Stockholm Mellan,Coop Märsta,Sunday,Baguette,Salami & Brieost,2,2~3
Stockholm Mellan,Coop Märsta,Sunday,Baguette,Skagen,4,3~5
Stockholm Mellan,Coop Märsta,Sunday,Fralla,Ost,7,5~8
Stockholm Mellan,Coop Märsta,Sunday,Fralla,Ost & Skinka,7,5~8
Stockholm Mellan,Coop Märsta,Sunday,Grönsallad,Caesarsallad,2,2~3
Stockholm Mellan,Coop Märsta,Sunday,Grönsallad,Kyckling,1,1~2
Stockholm Mellan,Coop Märsta,Sunday,Hönökaka,Ost,3,2~4
Stockholm Mellan,Coop Märsta,Sunday,Hönökaka,Ost & Salami,3,2~4
Stockholm Mellan,Coop Märsta,Sunday,Hönökaka,Ost & Skinka,3,2~4
Stockholm Mellan,Coop Märsta,Sunday,Pastasallad,Bacon & Kyckling,1,1~2
Stockholm Mellan,Coop Märsta,Sunday,Pastasallad,Falafel,1,0~1
Stockholm Mellan,Coop Märsta,Sunday,Pastasallad,Kyckling & Salladsost,5,4~6
Stockholm Mellan,Coop Märsta,Sunday,Pastasallad,Kyckling kebab,1,1~2
Stockholm Mellan,Coop Märsta,Sunday,Pastasallad,Kyckling mangocurry,5,4~7
Stockholm Mellan,Coop Märsta,Sunday,Pastasallad,Räkor,5,4~7
Stockholm Mellan,Coop Märsta,Sunday,Sandwich,Bacon & Äggröra,2,2~3
Stockholm Mellan,Coop Märsta,Sunday,Sandwich,Clubsandwich,2,2~3
Stockholm Mellan,Coop Märsta,Sunday,Sandwich,Kyckling Curry,1,0~1
Stockholm Mellan,Coop Märsta,Sunday,Sandwich,Kyckling Pestoröra,1,1~2
Stockholm Mellan,Coop Märsta,Sunday,Sandwich,Räkor,2,2~3
Stockholm Mellan,Coop Märsta,Sunday,Sandwich,Ägg & Avocadokräm,1,1~2
Stockholm Mellan,Coop Märsta,Sunday,Varmrätt,Cevapcici med bulgur,1,0~1
Stockholm Mellan,Coop Märsta,Sunday,Varmrätt,Kycklingkebab med bulgur,1,0~1
Stockholm Mellan,Coop Märsta,Sunday,Varmrätt,Kycklingspett med ris,1,0~1
Stockholm Mellan,Coop Märsta,Sunday,Varmrätt,Teriyakibiff med ris,1,0~1
Stockholm Mellan,Coop Märsta,Sunday,Varmrätt,Teriyakikycklingfile med basmatiris,1,0~1
Stockholm Mellan,Coop Märsta,Sunday,Wraps,Caesar Kyckling,7,5~8
Stockholm Mellan,Coop Märsta,Sunday,Wraps,Kyckling Bacon,4,3~5
Stockholm Mellan,Coop Märsta,Sunday,Wraps,Kyckling Curry,7,5~8
Stockholm Mellan,Coop Märsta,Sunday,Wraps,Kycklingsallad Olivie,1,0~1
Stockholm Mellan,Coop Märsta,Sunday,Wraps,Sweet Chili,4,3~4
Stockholm Mellan,Coop Märsta,Sunday,XL Frallor,Grovfralla Kalkon & Färskost,3,2~4
Stockholm Mellan,Coop Märsta,Sunday,XL Frallor,Ost,3,2~4
Stockholm Mellan,Coop Märsta,Sunday,XL Frallor,Ost & Skinka,3,2~4
Stockholm Mellan,Coop Märsta,Monday,Baguette,Kyckling Curry,1,1~1
Stockholm Mellan,Coop Märsta,Monday,Baguette,Ost & Skinka,1,1~1
Stockholm Mellan,Coop Märsta,Monday,Baguette,Salami & Brieost,1,1~1
Stockholm Mellan,Coop Märsta,Monday,Baguette,Skagen,1,1~2
Stockholm Mellan,Coop Märsta,Monday,Fralla,Ost,2,2~3
Stockholm Mellan,Coop Märsta,Monday,Fralla,Ost & Skinka,2,2~3
Stockholm Mellan,Coop Märsta,Monday,Grönsallad,Caesarsallad,1,1~1
Stockholm Mellan,Coop Märsta,Monday,Hönökaka,Ost,1,1~1
Stockholm Mellan,Coop Märsta,Monday,Hönökaka,Ost & Salami,1,1~1
Stockholm Mellan,Coop Märsta,Monday,Hönökaka,Ost & Skinka,1,1~1
Stockholm Mellan,Coop Märsta,Monday,Pastasallad,Kyckling & Salladsost,2,1~2
Stockholm Mellan,Coop Märsta,Monday,Pastasallad,Kyckling mangocurry,2,2~2
Stockholm Mellan,Coop Märsta,Monday,Pastasallad,Räkor,2,2~2
Stockholm Mellan,Coop Märsta,Monday,Sandwich,Bacon & Äggröra,1,0~1
Stockholm Mellan,Coop Märsta,Monday,Sandwich,Clubsandwich,1,1~1
Stockholm Mellan,Coop Märsta,Monday,Sandwich,Räkor,1,1~1
Stockholm Mellan,Coop Märsta,Monday,Wraps,Caesar Kyckling,2,2~3
Stockholm Mellan,Coop Märsta,Monday,Wraps,Kyckling Bacon,1,1~2
Stockholm Mellan,Coop Märsta,Monday,Wraps,Kyckling Curry,2,2~3
Stockholm Mellan,Coop Märsta,Monday,Wraps,Sweet Chili,1,1~2
Stockholm Mellan,Coop Märsta,Monday,XL Frallor,Grovfralla Kalkon & Färskost,1,1~1
Stockholm Mellan,Coop Märsta,Monday,XL Frallor,Ost,1,1~1
Stockholm Mellan,Coop Märsta,Monday,XL Frallor,Ost & Skinka,1,1~1
Stockholm Mellan,Coop Märsta,Tuesday,Baguette,Kyckling Curry,2,1~2
Stockholm Mellan,Coop Märsta,Tuesday,Baguette,Kyckling Sweet Chili,1,0~1
Stockholm Mellan,Coop Märsta,Tuesday,Baguette,Ost & Skinka,2,1~2
Stockholm Mellan,Coop Märsta,Tuesday,Baguette,Salami & Brieost,2,1~2
Stockholm Mellan,Coop Märsta,Tuesday,Baguette,Skagen,3,2~4
Stockholm Mellan,Coop Märsta,Tuesday,Fralla,Ost,5,4~6
Stockholm Mellan,Coop Märsta,Tuesday,Fralla,Ost & Skinka,5,4~6
Stockholm Mellan,Coop Märsta,Tuesday,Grönsallad,Caesarsallad,2,1~2
Stockholm Mellan,Coop Märsta,Tuesday,Grönsallad,Kyckling,1,1~1
Stockholm Mellan,Coop Märsta,Tuesday,Hönökaka,Ost,2,2~3
Stockholm Mellan,Coop Märsta,Tuesday,Hönökaka,Ost & Salami,2,2~3
Stockholm Mellan,Coop Märsta,Tuesday,Hönökaka,Ost & Skinka,2,2~3
Stockholm Mellan,Coop Märsta,Tuesday,Pastasallad,Bacon & Kyckling,1,0~1
Stockholm Mellan,Coop Märsta,Tuesday,Pastasallad,Kyckling & Salladsost,4,3~4
Stockholm Mellan,Coop Märsta,Tuesday,Pastasallad,Kyckling kebab,1,0~1
Stockholm Mellan,Coop Märsta,Tuesday,Pastasallad,Kyckling mangocurry,4,3~5
Stockholm Mellan,Coop Märsta,Tuesday,Pastasallad,Räkor,4,3~5
Stockholm Mellan,Coop Märsta,Tuesday,Sandwich,Bacon & Äggröra,2,1~2
Stockholm Mellan,Coop Märsta,Tuesday,Sandwich,Clubsandwich,2,1~2
Stockholm Mellan,Coop Märsta,Tuesday,Sandwich,Kyckling Pestoröra,1,1~1
Stockholm Mellan,Coop Märsta,Tuesday,Sandwich,Räkor,2,1~2
Stockholm Mellan,Coop Märsta,Tuesday,Sandwich,Ägg & Avocadokräm,1,1~1
Stockholm Mellan,Coop Märsta,Tuesday,Wraps,Caesar Kyckling,5,4~6
Stockholm Mellan,Coop Märsta,Tuesday,Wraps,Kyckling Bacon,3,2~4
Stockholm Mellan,Coop Märsta,Tuesday,Wraps,Kyckling Curry,5,4~6
Stockholm Mellan,Coop Märsta,Tuesday,Wraps,Sweet Chili,3,2~3
Stockholm Mellan,Coop Märsta,Tuesday,XL Frallor,Grovfralla Kalkon & Färskost,2,2~3
Stockholm Mellan,Coop Märsta,Tuesday,XL Frallor,Ost,2,2~3
Stockholm Mellan,Coop Märsta,Tuesday,XL Frallor,Ost & Skinka,2,2~3
Stockholm Mellan,Coop Märsta,Wednesday,Baguette,Kyckling Curry,1,0~1
Stockholm Mellan,Coop Märsta,Wednesday,Baguette,Ost & Skinka,1,0~1
Stockholm Mellan,Coop Märsta,Wednesday,Baguette,Salami & Brieost,1,0~1
Stockholm Mellan,Coop Märsta,Wednesday,Baguette,Skagen,1,1~1
Stockholm Mellan,Coop Märsta,Wednesday,Fralla,Ost,2,1~2
Stockholm Mellan,Coop Märsta,Wednesday,Fralla,Ost & Skinka,2,1~2
Stockholm Mellan,Coop Märsta,Wednesday,Grönsallad,Caesarsallad,1,0~1
Stockholm Mellan,Coop Märsta,Wednesday,Hönökaka,Ost,1,1~1
Stockholm Mellan,Coop Märsta,Wednesday,Hönökaka,Ost & Salami,1,1~1
Stockholm Mellan,Coop Märsta,Wednesday,Hönökaka,Ost & Skinka,1,1~1
Stockholm Mellan,Coop Märsta,Wednesday,Pastasallad,Kyckling & Salladsost,1,1~2
Stockholm Mellan,Coop Märsta,Wednesday,Pastasallad,Kyckling mangocurry,1,1~2
Stockholm Mellan,Coop Märsta,Wednesday,Pastasallad,Räkor,1,1~2
Stockholm Mellan,Coop Märsta,Wednesday,Sandwich,Bacon & Äggröra,1,0~1
Stockholm Mellan,Coop Märsta,Wednesday,Sandwich,Clubsandwich,1,0~1
Stockholm Mellan,Coop Märsta,Wednesday,Sandwich,Räkor,1,0~1
Stockholm Mellan,Coop Märsta,Wednesday,Wraps,Caesar Kyckling,2,1~2
Stockholm Mellan,Coop Märsta,Wednesday,Wraps,Kyckling Bacon,1,1~1
Stockholm Mellan,Coop Märsta,Wednesday,Wraps,Kyckling Curry,2,1~2
Stockholm Mellan,Coop Märsta,Wednesday,Wraps,Sweet Chili,1,1~1
Stockholm Mellan,Coop Märsta,Wednesday,XL Frallor,Grovfralla Kalkon & Färskost,1,1~1
Stockholm Mellan,Coop Märsta,Wednesday,XL Frallor,Ost,1,1~1
Stockholm Mellan,Coop Märsta,Wednesday,XL Frallor,Ost & Skinka,1,1~1
Stockholm Mellan,Coop Märsta,Thursday,Baguette,Kyckling Curry,2,2~4
Stockholm Mellan,Coop Märsta,Thursday,Baguette,Kyckling Sweet Chili,1,1~2
Stockholm Mellan,Coop Märsta,Thursday,Baguette,Kycklingsallad Olivie,1,1~2
Stockholm Mellan,Coop Märsta,Thursday,Baguette,Ost & Skinka,2,2~4
Stockholm Mellan,Coop Märsta,Thursday,Baguette,Salami & Brieost,2,2~4
Stockholm Mellan,Coop Märsta,Thursday,Baguette,Skagen,5,4~6
Stockholm Mellan,Coop Märsta,Thursday,Fralla,Ost,6,6~8
Stockholm Mellan,Coop Märsta,Thursday,Fralla,Ost & Skinka,6,6~8
Stockholm Mellan,Coop Märsta,Thursday,Grönsallad,Caesarsallad,2,2~4
Stockholm Mellan,Coop Märsta,Thursday,Grönsallad,Kyckling,2,1~2
Stockholm Mellan,Coop Märsta,Thursday,Hönökaka,Ost,2,1~3
Stockholm Mellan,Coop Märsta,Thursday,Hönökaka,Ost & Salami,3,2~4
Stockholm Mellan,Coop Märsta,Thursday,Hönökaka,Ost & Skinka,2,1~3
Stockholm Mellan,Coop Märsta,Thursday,Pastasallad,Bacon & Kyckling,1,1~2
Stockholm Mellan,Coop Märsta,Thursday,Pastasallad,Falafel,1,1~2
Stockholm Mellan,Coop Märsta,Thursday,Pastasallad,Kyckling & Salladsost,4,4~6
Stockholm Mellan,Coop Märsta,Thursday,Pastasallad,Kyckling kebab,1,1~2
Stockholm Mellan,Coop Märsta,Thursday,Pastasallad,Kyckling mangocurry,6,5~6
Stockholm Mellan,Coop Märsta,Thursday,Pastasallad,Ost & Skinka,1,0~1
Stockholm Mellan,Coop Märsta,Thursday,Pastasallad,Räkor,6,5~6
Stockholm Mellan,Coop Märsta,Thursday,Sandwich,Bacon & Äggröra,1,2~3
Stockholm Mellan,Coop Märsta,Thursday,Sandwich,Clubsandwich,2,2~4
Stockholm Mellan,Coop Märsta,Thursday,Sandwich,Kyckling Curry,1,1~2
Stockholm Mellan,Coop Märsta,Thursday,Sandwich,Kyckling Pestoröra,2,1~2
Stockholm Mellan,Coop Märsta,Thursday,Sandwich,Räkor,2,2~4
Stockholm Mellan,Coop Märsta,Thursday,Sandwich,Ägg & Avocadokräm,2,1~2
Stockholm Mellan,Coop Märsta,Thursday,Varmrätt,Cevapcici med bulgur,1,1~2
Stockholm Mellan,Coop Märsta,Thursday,Varmrätt,Kycklingkebab med bulgur,1,1~2
Stockholm Mellan,Coop Märsta,Thursday,Varmrätt,Kycklingspett med ris,1,1~2
Stockholm Mellan,Coop Märsta,Thursday,Varmrätt,Teriyakibiff med ris,1,1~2
Stockholm Mellan,Coop Märsta,Thursday,Varmrätt,Teriyakikycklingfile med basmatiris,1,1~2
Stockholm Mellan,Coop Märsta,Thursday,Wraps,Caesar Kyckling,6,6~8
Stockholm Mellan,Coop Märsta,Thursday,Wraps,Kyckling Bacon,5,4~6
Stockholm Mellan,Coop Märsta,Thursday,Wraps,Kyckling Curry,6,6~8
Stockholm Mellan,Coop Märsta,Thursday,Wraps,Kycklingsallad Olivie,1,1~2
Stockholm Mellan,Coop Märsta,Thursday,Wraps,Sweet Chili,3,3~5
Stockholm Mellan,Coop Märsta,Thursday,XL Frallor,Grovfralla Kalkon & Färskost,3,2~4
Stockholm Mellan,Coop Märsta,Thursday,XL Frallor,Ost,2,1~3
Stockholm Mellan,Coop Märsta,Thursday,XL Frallor,Ost & Skinka,2,1~3
Stockholm Mellan,Coop Norrtull,Sunday,Baguette,Ost & Skinka,1,0~1
Stockholm Mellan,Coop Norrtull,Sunday,Fralla,Ost,1,1~2
Stockholm Mellan,Coop Norrtull,Sunday,Fralla,Ost & Skinka,3,2~4
Stockholm Mellan,Coop Norrtull,Sunday,Grönsallad,Caesarsallad,1,0~1
Stockholm Mellan,Coop Norrtull,Sunday,Hönökaka,Ost,3,2~4
Stockholm Mellan,Coop Norrtull,Sunday,Hönökaka,Ost & Salami,3,2~4
Stockholm Mellan,Coop Norrtull,Sunday,Hönökaka,Ost & Skinka,4,3~5
Stockholm Mellan,Coop Norrtull,Sunday,Pastasallad,Bacon & Kyckling,1,0~1
Stockholm Mellan,Coop Norrtull,Sunday,Pastasallad,Kyckling & Salladsost,1,1~2
Stockholm Mellan,Coop Norrtull,Sunday,Pastasallad,Kyckling mangocurry,2,2~3
Stockholm Mellan,Coop Norrtull,Sunday,Sandwich,Clubsandwich,1,0~1
Stockholm Mellan,Coop Norrtull,Sunday,Sandwich,Kyckling Curry,1,0~1
Stockholm Mellan,Coop Norrtull,Sunday,Sandwich,Kyckling Pestoröra,1,0~1
Stockholm Mellan,Coop Norrtull,Sunday,Sandwich,Räkor,1,1~2
Stockholm Mellan,Coop Norrtull,Sunday,Wraps,Caesar Kyckling,1,1~2
Stockholm Mellan,Coop Norrtull,Sunday,Wraps,Kyckling Bacon,2,2~3
Stockholm Mellan,Coop Norrtull,Sunday,Wraps,Kyckling Curry,1,0~1
Stockholm Mellan,Coop Norrtull,Sunday,Wraps,Sweet Chili,1,0~1
Stockholm Mellan,Coop Norrtull,Sunday,XL Frallor,Ost,1,1~2
Stockholm Mellan,Coop Norrtull,Sunday,XL Frallor,Ost & Skinka,1,1~2
Stockholm Mellan,Coop Norrtull,Monday,Fralla,Ost & Skinka,1,1~1
Stockholm Mellan,Coop Norrtull,Monday,Hönökaka,Ost,1,1~1
Stockholm Mellan,Coop Norrtull,Monday,Hönökaka,Ost & Salami,1,1~1
Stockholm Mellan,Coop Norrtull,Monday,Hönökaka,Ost & Skinka,1,1~2
Stockholm Mellan,Coop Norrtull,Monday,Pastasallad,Kyckling mangocurry,1,0~1
Stockholm Mellan,Coop Norrtull,Monday,Wraps,Kyckling Bacon,1,0~1
Stockholm Mellan,Coop Norrtull,Tuesday,Fralla,Ost,1,1~1
Stockholm Mellan,Coop Norrtull,Tuesday,Fralla,Ost & Skinka,2,2~3
Stockholm Mellan,Coop Norrtull,Tuesday,Hönökaka,Ost,2,2~3
Stockholm Mellan,Coop Norrtull,Tuesday,Hönökaka,Ost & Salami,2,2~3
Stockholm Mellan,Coop Norrtull,Tuesday,Hönökaka,Ost & Skinka,3,2~4
Stockholm Mellan,Coop Norrtull,Tuesday,Pastasallad,Kyckling & Salladsost,1,0~1
Stockholm Mellan,Coop Norrtull,Tuesday,Pastasallad,Kyckling mangocurry,2,1~2
Stockholm Mellan,Coop Norrtull,Tuesday,Sandwich,Räkor,1,0~1
Stockholm Mellan,Coop Norrtull,Tuesday,Wraps,Caesar Kyckling,1,0~1
Stockholm Mellan,Coop Norrtull,Tuesday,Wraps,Kyckling Bacon,2,1~2
Stockholm Mellan,Coop Norrtull,Tuesday,XL Frallor,Ost,1,0~1
Stockholm Mellan,Coop Norrtull,Tuesday,XL Frallor,Ost & Skinka,1,0~1
Stockholm Mellan,Coop Norrtull,Wednesday,Fralla,Ost & Skinka,1,1~1
Stockholm Mellan,Coop Norrtull,Wednesday,Hönökaka,Ost,1,1~1
Stockholm Mellan,Coop Norrtull,Wednesday,Hönökaka,Ost & Salami,1,1~1
Stockholm Mellan,Coop Norrtull,Wednesday,Hönökaka,Ost & Skinka,1,1~1
Stockholm Mellan,Coop Norrtull,Wednesday,Pastasallad,Kyckling mangocurry,1,0~1
Stockholm Mellan,Coop Norrtull,Wednesday,Wraps,Kyckling Bacon,1,0~1
Stockholm Mellan,Coop Norrtull,Thursday,Baguette,Kyckling Curry,1,0~1
Stockholm Mellan,Coop Norrtull,Thursday,Baguette,Ost & Skinka,1,1~2
Stockholm Mellan,Coop Norrtull,Thursday,Baguette,Salami & Brieost,1,0~1
Stockholm Mellan,Coop Norrtull,Thursday,Baguette,Skagen,1,0~1
Stockholm Mellan,Coop Norrtull,Thursday,Fralla,Ost,2,1~2
Stockholm Mellan,Coop Norrtull,Thursday,Fralla,Ost & Skinka,2,1~3
Stockholm Mellan,Coop Norrtull,Thursday,Grönsallad,Caesarsallad,1,1~2
Stockholm Mellan,Coop Norrtull,Thursday,Grönsallad,Kyckling,1,0~1
Stockholm Mellan,Coop Norrtull,Thursday,Hönökaka,Ost,3,2~4
Stockholm Mellan,Coop Norrtull,Thursday,Hönökaka,Ost & Salami,3,2~4
Stockholm Mellan,Coop Norrtull,Thursday,Hönökaka,Ost & Skinka,4,4~4
Stockholm Mellan,Coop Norrtull,Thursday,Pastasallad,Bacon & Kyckling,1,1~2
Stockholm Mellan,Coop Norrtull,Thursday,Pastasallad,Kyckling & Salladsost,1,1~2
Stockholm Mellan,Coop Norrtull,Thursday,Pastasallad,Kyckling mangocurry,1,2~3
Stockholm Mellan,Coop Norrtull,Thursday,Pastasallad,Ost & Skinka,1,0~1
Stockholm Mellan,Coop Norrtull,Thursday,Pastasallad,Räkor,1,0~1
Stockholm Mellan,Coop Norrtull,Thursday,Sandwich,Clubsandwich,1,1~2
Stockholm Mellan,Coop Norrtull,Thursday,Sandwich,Kyckling Curry,1,1~2
Stockholm Mellan,Coop Norrtull,Thursday,Sandwich,Kyckling Pestoröra,1,1~2
Stockholm Mellan,Coop Norrtull,Thursday,Sandwich,Räkor,1,1~2
Stockholm Mellan,Coop Norrtull,Thursday,Wraps,Caesar Kyckling,1,1~2
Stockholm Mellan,Coop Norrtull,Thursday,Wraps,Kyckling Bacon,1,2~3
Stockholm Mellan,Coop Norrtull,Thursday,Wraps,Kyckling Curry,1,1~2
Stockholm Mellan,Coop Norrtull,Thursday,Wraps,Sweet Chili,1,1~2
Stockholm Mellan,Coop Norrtull,Thursday,XL Frallor,Ost,1,1~2
Stockholm Mellan,Coop Norrtull,Thursday,XL Frallor,Ost & Skinka,1,1~2
Stockholm Mellan,Coop Rotebro,Sunday,Baguette,Kyckling Curry,1,0~1
Stockholm Mellan,Coop Rotebro,Sunday,Baguette,Ost & Skinka,1,0~1
Stockholm Mellan,Coop Rotebro,Sunday,Baguette,Salami & Brieost,1,1~2
Stockholm Mellan,Coop Rotebro,Sunday,Baguette,Skagen,1,0~1
Stockholm Mellan,Coop Rotebro,Sunday,Fralla,Ost,1,0~1
Stockholm Mellan,Coop Rotebro,Sunday,Fralla,Ost & Skinka,1,1~2
Stockholm Mellan,Coop Rotebro,Sunday,Grönsallad,Caesarsallad,1,0~1
Stockholm Mellan,Coop Rotebro,Sunday,Hönökaka,Ost,1,1~2
Stockholm Mellan,Coop Rotebro,Sunday,Hönökaka,Ost & Salami,1,0~1
Stockholm Mellan,Coop Rotebro,Sunday,Hönökaka,Ost & Skinka,1,1~2
Stockholm Mellan,Coop Rotebro,Sunday,Pastasallad,Kyckling & Salladsost,1,1~2
Stockholm Mellan,Coop Rotebro,Sunday,Pastasallad,Kyckling mangocurry,2,2~3
Stockholm Mellan,Coop Rotebro,Sunday,Pastasallad,Räkor,2,2~3
Stockholm Mellan,Coop Rotebro,Sunday,Sandwich,Räkor,2,2~3
Stockholm Mellan,Coop Rotebro,Sunday,Wraps,Caesar Kyckling,1,1~2
Stockholm Mellan,Coop Rotebro,Sunday,Wraps,Kyckling Curry,3,2~4
Stockholm Mellan,Coop Rotebro,Sunday,Wraps,Sweet Chili,1,1~2
Stockholm Mellan,Coop Rotebro,Sunday,XL Frallor,Grovfralla Kalkon & Färskost,1,1~2
Stockholm Mellan,Coop Rotebro,Sunday,XL Frallor,Ost & Skinka,1,0~1
Stockholm Mellan,Coop Rotebro,Monday,Pastasallad,Kyckling mangocurry,1,1~1
Stockholm Mellan,Coop Rotebro,Monday,Pastasallad,Räkor,1,0~1
Stockholm Mellan,Coop Rotebro,Monday,Sandwich,Räkor,1,0~1
Stockholm Mellan,Coop Rotebro,Monday,Wraps,Kyckling Curry,1,1~1
Stockholm Mellan,Coop Rotebro,Tuesday,Baguette,Salami & Brieost,1,0~1
Stockholm Mellan,Coop Rotebro,Tuesday,Fralla,Ost & Skinka,1,0~1
Stockholm Mellan,Coop Rotebro,Tuesday,Hönökaka,Ost,1,1~1
Stockholm Mellan,Coop Rotebro,Tuesday,Hönökaka,Ost & Skinka,1,1~1
Stockholm Mellan,Coop Rotebro,Tuesday,Pastasallad,Kyckling & Salladsost,1,1~1
Stockholm Mellan,Coop Rotebro,Tuesday,Pastasallad,Kyckling mangocurry,2,1~2
Stockholm Mellan,Coop Rotebro,Tuesday,Pastasallad,Räkor,2,1~2
Stockholm Mellan,Coop Rotebro,Tuesday,Sandwich,Räkor,2,1~2
Stockholm Mellan,Coop Rotebro,Tuesday,Wraps,Caesar Kyckling,1,1~1
Stockholm Mellan,Coop Rotebro,Tuesday,Wraps,Kyckling Curry,2,2~3
Stockholm Mellan,Coop Rotebro,Tuesday,Wraps,Sweet Chili,1,0~1
Stockholm Mellan,Coop Rotebro,Tuesday,XL Frallor,Grovfralla Kalkon & Färskost,1,0~1
Stockholm Mellan,Coop Rotebro,Wednesday,Pastasallad,Kyckling mangocurry,1,0~1
Stockholm Mellan,Coop Rotebro,Wednesday,Pastasallad,Räkor,1,0~1
Stockholm Mellan,Coop Rotebro,Wednesday,Sandwich,Räkor,1,0~1
Stockholm Mellan,Coop Rotebro,Wednesday,Wraps,Kyckling Curry,1,1~1
Stockholm Mellan,Coop Rotebro,Thursday,Baguette,Kyckling Curry,1,1~2
Stockholm Mellan,Coop Rotebro,Thursday,Baguette,Ost & Skinka,1,1~2
Stockholm Mellan,Coop Rotebro,Thursday,Baguette,Salami & Brieost,1,1~2
Stockholm Mellan,Coop Rotebro,Thursday,Baguette,Skagen,1,1~2
Stockholm Mellan,Coop Rotebro,Thursday,Fralla,Ost,1,1~2
Stockholm Mellan,Coop Rotebro,Thursday,Fralla,Ost & Skinka,1,1~2
Stockholm Mellan,Coop Rotebro,Thursday,Grönsallad,Caesarsallad,1,1~2
Stockholm Mellan,Coop Rotebro,Thursday,Grönsallad,Kyckling,1,0~1
Stockholm Mellan,Coop Rotebro,Thursday,Hönökaka,Ost,2,1~2
Stockholm Mellan,Coop Rotebro,Thursday,Hönökaka,Ost & Salami,1,1~2
Stockholm Mellan,Coop Rotebro,Thursday,Hönökaka,Ost & Skinka,2,1~2
Stockholm Mellan,Coop Rotebro,Thursday,Pastasallad,Kyckling & Salladsost,2,1~2
Stockholm Mellan,Coop Rotebro,Thursday,Pastasallad,Kyckling kebab,1,0~1
Stockholm Mellan,Coop Rotebro,Thursday,Pastasallad,Kyckling mangocurry,2,2~4
Stockholm Mellan,Coop Rotebro,Thursday,Pastasallad,Räkor,1,2~3
Stockholm Mellan,Coop Rotebro,Thursday,Sandwich,Bacon & Äggröra,1,0~1
Stockholm Mellan,Coop Rotebro,Thursday,Sandwich,Clubsandwich,1,0~1
Stockholm Mellan,Coop Rotebro,Thursday,Sandwich,Kyckling Curry,1,0~1
Stockholm Mellan,Coop Rotebro,Thursday,Sandwich,Kyckling Pestoröra,1,0~1
Stockholm Mellan,Coop Rotebro,Thursday,Sandwich,Räkor,1,2~3
Stockholm Mellan,Coop Rotebro,Thursday,Sandwich,Ägg & Avocadokräm,1,0~1
Stockholm Mellan,Coop Rotebro,Thursday,Varmrätt,Cevapcici med bulgur,1,0~1
Stockholm Mellan,Coop Rotebro,Thursday,Varmrätt,Falafel med bulgur,1,0~1
Stockholm Mellan,Coop Rotebro,Thursday,Varmrätt,Kyckling-och böngryta,1,0~1
Stockholm Mellan,Coop Rotebro,Thursday,Varmrätt,Kycklingpestosallad,1,0~1
Stockholm Mellan,Coop Rotebro,Thursday,Varmrätt,Pannbiff med Basmatiris,1,0~1
Stockholm Mellan,Coop Rotebro,Thursday,Varmrätt,Tacobolognese med fullkornspasta,1,0~1
Stockholm Mellan,Coop Rotebro,Thursday,Varmrätt,Teriyakibiff med ris,1,0~1
Stockholm Mellan,Coop Rotebro,Thursday,Varmrätt,Teriyakikycklingfile med basmatiris,1,0~1
Stockholm Mellan,Coop Rotebro,Thursday,Wraps,Caesar Kyckling,2,1~2
Stockholm Mellan,Coop Rotebro,Thursday,Wraps,Kyckling Bacon,1,0~1
Stockholm Mellan,Coop Rotebro,Thursday,Wraps,Kyckling Curry,2,1~3
Stockholm Mellan,Coop Rotebro,Thursday,Wraps,Sweet Chili,1,1~2
Stockholm Mellan,Coop Rotebro,Thursday,XL Frallor,Grovfralla Kalkon & Färskost,1,1~2
Stockholm Mellan,Coop Rotebro,Thursday,XL Frallor,Ost,1,0~1
Stockholm Mellan,Coop Rotebro,Thursday,XL Frallor,Ost & Skinka,1,1~2
Stockholm Mellan,Daniel tobak affären (enbart tisdagar),Sunday,Baguette,Kyckling Curry,1,1~2
Stockholm Mellan,Daniel tobak affären (enbart tisdagar),Sunday,Baguette,Kyckling Sweet Chili,1,0~1
Stockholm Mellan,Daniel tobak affären (enbart tisdagar),Sunday,Baguette,Kycklingsallad Olivie,1,1~2
Stockholm Mellan,Daniel tobak affären (enbart tisdagar),Sunday,Baguette,Ost & Skinka,1,1~2
Stockholm Mellan,Daniel tobak affären (enbart tisdagar),Sunday,Baguette,Salami & Brieost,1,1~2
Stockholm Mellan,Daniel tobak affären (enbart tisdagar),Sunday,Baguette,Skagen,1,0~1
Stockholm Mellan,Daniel tobak affären (enbart tisdagar),Sunday,Fralla,Ost,2,2~3
Stockholm Mellan,Daniel tobak affären (enbart tisdagar),Sunday,Fralla,Ost & Skinka,2,1~2
Stockholm Mellan,Daniel tobak affären (enbart tisdagar),Sunday,Sandwich,Kyckling Curry,1,0~1
Stockholm Mellan,Daniel tobak affären (enbart tisdagar),Sunday,XL Frallor,Grovfralla Kalkon & Färskost,2,2~2
Stockholm Mellan,Daniel tobak affären (enbart tisdagar),Sunday,XL Frallor,Ost,1,1~2
Stockholm Mellan,Daniel tobak affären (enbart tisdagar),Sunday,XL Frallor,Ost & Skinka,2,1~2
Stockholm Mellan,Daniel tobak affären (enbart tisdagar),Monday,Fralla,Ost,1,0~1
Stockholm Mellan,Daniel tobak affären (enbart tisdagar),Monday,XL Frallor,Grovfralla Kalkon & Färskost,1,0~1
Stockholm Mellan,Daniel tobak affären (enbart tisdagar),Tuesday,Baguette,Kyckling Curry,1,0~1
Stockholm Mellan,Daniel tobak affären (enbart tisdagar),Tuesday,Baguette,Kycklingsallad Olivie,1,0~1
Stockholm Mellan,Daniel tobak affären (enbart tisdagar),Tuesday,Baguette,Ost & Skinka,1,1~1
Stockholm Mellan,Daniel tobak affären (enbart tisdagar),Tuesday,Baguette,Salami & Brieost,1,0~1
Stockholm Mellan,Daniel tobak affären (enbart tisdagar),Tuesday,Fralla,Ost,2,1~2
Stockholm Mellan,Daniel tobak affären (enbart tisdagar),Tuesday,Fralla,Ost & Skinka,1,1~2
Stockholm Mellan,Daniel tobak affären (enbart tisdagar),Tuesday,XL Frallor,Grovfralla Kalkon & Färskost,1,1~2
Stockholm Mellan,Daniel tobak affären (enbart tisdagar),Tuesday,XL Frallor,Ost,1,1~1
Stockholm Mellan,Daniel tobak affären (enbart tisdagar),Tuesday,XL Frallor,Ost & Skinka,1,1~2
Stockholm Mellan,Daniel tobak affären (enbart tisdagar),Wednesday,Fralla,Ost,1,0~1
Stockholm Mellan,Daniel tobak affären (enbart tisdagar),Thursday,Baguette,Kyckling Curry,1,1~2
Stockholm Mellan,Daniel tobak affären (enbart tisdagar),Thursday,Baguette,Kyckling Sweet Chili,1,1~2
Stockholm Mellan,Daniel tobak affären (enbart tisdagar),Thursday,Baguette,Kycklingsallad Olivie,1,1~2
Stockholm Mellan,Daniel tobak affären (enbart tisdagar),Thursday,Baguette,Ost & Skinka,2,1~2
Stockholm Mellan,Daniel tobak affären (enbart tisdagar),Thursday,Baguette,Salami & Brieost,1,1~2
Stockholm Mellan,Daniel tobak affären (enbart tisdagar),Thursday,Baguette,Skagen,1,1~2
Stockholm Mellan,Daniel tobak affären (enbart tisdagar),Thursday,Fralla,Ost,1,2~3
Stockholm Mellan,Daniel tobak affären (enbart tisdagar),Thursday,Fralla,Ost & Skinka,2,2~1
Stockholm Mellan,Daniel tobak affären (enbart tisdagar),Thursday,Sandwich,Clubsandwich,1,0~1
Stockholm Mellan,Daniel tobak affären (enbart tisdagar),Thursday,Sandwich,Kyckling Curry,1,1~2
Stockholm Mellan,Daniel tobak affären (enbart tisdagar),Thursday,XL Frallor,Grovfralla Kalkon & Färskost,2,2~2
Stockholm Mellan,Daniel tobak affären (enbart tisdagar),Thursday,XL Frallor,Ost,2,1~2
Stockholm Mellan,Daniel tobak affären (enbart tisdagar),Thursday,XL Frallor,Ost & Skinka,2,2~1
Stockholm Mellan,Hemköp Scandinavia,Sunday,Baguette,Kyckling Curry,1,1~2
Stockholm Mellan,Hemköp Scandinavia,Sunday,Baguette,Salami & Brieost,1,1~2
Stockholm Mellan,Hemköp Scandinavia,Sunday,Baguette,Skagen,1,1~2
Stockholm Mellan,Hemköp Scandinavia,Sunday,Pastasallad,Kyckling & Salladsost,2,2~3
Stockholm Mellan,Hemköp Scandinavia,Sunday,Pastasallad,Kyckling mangocurry,4,3~4
Stockholm Mellan,Hemköp Scandinavia,Sunday,Pastasallad,Räkor,2,2~3
Stockholm Mellan,Hemköp Scandinavia,Monday,Pastasallad,Kyckling & Salladsost,1,1~1
Stockholm Mellan,Hemköp Scandinavia,Monday,Pastasallad,Kyckling mangocurry,1,1~2
Stockholm Mellan,Hemköp Scandinavia,Monday,Pastasallad,Räkor,1,1~1
Stockholm Mellan,Hemköp Scandinavia,Tuesday,Baguette,Kyckling Curry,1,0~1
Stockholm Mellan,Hemköp Scandinavia,Tuesday,Baguette,Salami & Brieost,1,0~1
Stockholm Mellan,Hemköp Scandinavia,Tuesday,Baguette,Skagen,1,0~1
Stockholm Mellan,Hemköp Scandinavia,Tuesday,Pastasallad,Kyckling & Salladsost,2,1~2
Stockholm Mellan,Hemköp Scandinavia,Tuesday,Pastasallad,Kyckling mangocurry,3,2~3
Stockholm Mellan,Hemköp Scandinavia,Tuesday,Pastasallad,Räkor,2,1~2
Stockholm Mellan,Hemköp Scandinavia,Wednesday,Pastasallad,Kyckling & Salladsost,1,0~1
Stockholm Mellan,Hemköp Scandinavia,Wednesday,Pastasallad,Kyckling mangocurry,1,1~1
Stockholm Mellan,Hemköp Scandinavia,Wednesday,Pastasallad,Räkor,1,0~1
Stockholm Mellan,Hemköp Scandinavia,Thursday,Baguette,Kyckling Curry,1,1~2
Stockholm Mellan,Hemköp Scandinavia,Thursday,Baguette,Salami & Brieost,1,1~2
Stockholm Mellan,Hemköp Scandinavia,Thursday,Baguette,Skagen,1,1~2
Stockholm Mellan,Hemköp Scandinavia,Thursday,Pastasallad,Kyckling & Salladsost,2,2~4
Stockholm Mellan,Hemköp Scandinavia,Thursday,Pastasallad,Kyckling mangocurry,3,3~5
Stockholm Mellan,Hemköp Scandinavia,Thursday,Pastasallad,Räkor,2,2~4
Stockholm Mellan,Hemköp Scandinavia,Thursday,Varmrätt,Cevapcici med bulgur,1,0~1
Stockholm Mellan,Hemköp Scandinavia,Thursday,Varmrätt,Kyckling-och böngryta,1,0~1
Stockholm Mellan,Hemköp Scandinavia,Thursday,Varmrätt,Kycklingkebab med bulgur,1,0~1
Stockholm Mellan,Hemköp Scandinavia,Thursday,Varmrätt,Kycklingpestosallad,1,0~1
Stockholm Mellan,Hemköp Scandinavia,Thursday,Varmrätt,Teriyakibiff med ris,1,0~1
Stockholm Mellan,Hemköp Scandinavia,Thursday,Varmrätt,Teriyakikycklingfile med basmatiris,1,0~1
Stockholm Mellan,Hemköp Ulriksdal,Sunday,Baguette,Ost & Skinka,1,0~1
Stockholm Mellan,Hemköp Ulriksdal,Sunday,Baguette,Salami & Brieost,1,1~2
Stockholm Mellan,Hemköp Ulriksdal,Sunday,Baguette,Skagen,1,1~2
Stockholm Mellan,Hemköp Ulriksdal,Sunday,Fralla,Ost,1,1~2
Stockholm Mellan,Hemköp Ulriksdal,Sunday,Fralla,Ost & Skinka,2,2~3
Stockholm Mellan,Hemköp Ulriksdal,Sunday,Hönökaka,Ost,1,1~2
Stockholm Mellan,Hemköp Ulriksdal,Sunday,Hönökaka,Ost & Skinka,1,1~2
Stockholm Mellan,Hemköp Ulriksdal,Sunday,Pastasallad,Kyckling & Salladsost,1,0~1
Stockholm Mellan,Hemköp Ulriksdal,Sunday,Pastasallad,Kyckling mangocurry,1,0~1
Stockholm Mellan,Hemköp Ulriksdal,Sunday,Sandwich,Clubsandwich,1,0~1
Stockholm Mellan,Hemköp Ulriksdal,Sunday,Sandwich,Räkor,2,2~3
Stockholm Mellan,Hemköp Ulriksdal,Sunday,Wraps,Caesar Kyckling,2,2~3
Stockholm Mellan,Hemköp Ulriksdal,Sunday,Wraps,Kyckling Bacon,3,2~4
Stockholm Mellan,Hemköp Ulriksdal,Sunday,Wraps,Kyckling Curry,2,2~3
Stockholm Mellan,Hemköp Ulriksdal,Sunday,Wraps,Sweet Chili,2,2~3
Stockholm Mellan,Hemköp Ulriksdal,Sunday,XL Frallor,Ost,1,0~1
Stockholm Mellan,Hemköp Ulriksdal,Sunday,XL Frallor,Ost & Skinka,1,1~2
Stockholm Mellan,Hemköp Ulriksdal,Monday,Fralla,Ost & Skinka,1,0~1
Stockholm Mellan,Hemköp Ulriksdal,Monday,Sandwich,Räkor,1,0~1
Stockholm Mellan,Hemköp Ulriksdal,Monday,Wraps,Caesar Kyckling,1,1~1
Stockholm Mellan,Hemköp Ulriksdal,Monday,Wraps,Kyckling Bacon,1,1~1
Stockholm Mellan,Hemköp Ulriksdal,Monday,Wraps,Kyckling Curry,1,0~1
Stockholm Mellan,Hemköp Ulriksdal,Monday,Wraps,Sweet Chili,1,0~1
Stockholm Mellan,Hemköp Ulriksdal,Tuesday,Baguette,Salami & Brieost,1,1~1
Stockholm Mellan,Hemköp Ulriksdal,Tuesday,Baguette,Skagen,1,0~1
Stockholm Mellan,Hemköp Ulriksdal,Tuesday,Fralla,Ost,1,0~1
Stockholm Mellan,Hemköp Ulriksdal,Tuesday,Fralla,Ost & Skinka,2,1~2
Stockholm Mellan,Hemköp Ulriksdal,Tuesday,Hönökaka,Ost,1,1~1
Stockholm Mellan,Hemköp Ulriksdal,Tuesday,Hönökaka,Ost & Skinka,1,0~1
Stockholm Mellan,Hemköp Ulriksdal,Tuesday,Sandwich,Räkor,2,1~2
Stockholm Mellan,Hemköp Ulriksdal,Tuesday,Wraps,Caesar Kyckling,2,1~2
Stockholm Mellan,Hemköp Ulriksdal,Tuesday,Wraps,Kyckling Bacon,2,2~3
Stockholm Mellan,Hemköp Ulriksdal,Tuesday,Wraps,Kyckling Curry,2,1~2
Stockholm Mellan,Hemköp Ulriksdal,Tuesday,Wraps,Sweet Chili,2,1~2
Stockholm Mellan,Hemköp Ulriksdal,Tuesday,XL Frallor,Ost & Skinka,1,0~1
Stockholm Mellan,Hemköp Ulriksdal,Wednesday,Fralla,Ost & Skinka,1,0~1
Stockholm Mellan,Hemköp Ulriksdal,Wednesday,Sandwich,Räkor,1,0~1
Stockholm Mellan,Hemköp Ulriksdal,Wednesday,Wraps,Caesar Kyckling,1,0~1
Stockholm Mellan,Hemköp Ulriksdal,Wednesday,Wraps,Kyckling Bacon,1,1~1
Stockholm Mellan,Hemköp Ulriksdal,Wednesday,Wraps,Kyckling Curry,1,0~1
Stockholm Mellan,Hemköp Ulriksdal,Wednesday,Wraps,Sweet Chili,1,0~1
Stockholm Mellan,Hemköp Ulriksdal,Thursday,Baguette,Ost & Skinka,1,1~2
Stockholm Mellan,Hemköp Ulriksdal,Thursday,Baguette,Salami & Brieost,2,1~2
Stockholm Mellan,Hemköp Ulriksdal,Thursday,Baguette,Skagen,1,1~2
Stockholm Mellan,Hemköp Ulriksdal,Thursday,Fralla,Ost,1,1~2
Stockholm Mellan,Hemköp Ulriksdal,Thursday,Fralla,Ost & Skinka,1,2~3
Stockholm Mellan,Hemköp Ulriksdal,Thursday,Hönökaka,Ost,2,1~2
Stockholm Mellan,Hemköp Ulriksdal,Thursday,Hönökaka,Ost & Salami,1,0~1
Stockholm Mellan,Hemköp Ulriksdal,Thursday,Hönökaka,Ost & Skinka,1,1~2
Stockholm Mellan,Hemköp Ulriksdal,Thursday,Pastasallad,Kyckling & Salladsost,1,1~2
Stockholm Mellan,Hemköp Ulriksdal,Thursday,Pastasallad,Kyckling mangocurry,1,1~2
Stockholm Mellan,Hemköp Ulriksdal,Thursday,Pastasallad,Räkor,1,0~1
Stockholm Mellan,Hemköp Ulriksdal,Thursday,Sandwich,Clubsandwich,1,1~2
Stockholm Mellan,Hemköp Ulriksdal,Thursday,Sandwich,Kyckling Curry,1,0~1
Stockholm Mellan,Hemköp Ulriksdal,Thursday,Sandwich,Kyckling Pestoröra,1,0~1
Stockholm Mellan,Hemköp Ulriksdal,Thursday,Sandwich,Räkor,1,2~3
Stockholm Mellan,Hemköp Ulriksdal,Thursday,Sandwich,Ägg & Avocadokräm,1,0~1
Stockholm Mellan,Hemköp Ulriksdal,Thursday,Wraps,Caesar Kyckling,2,2~4
Stockholm Mellan,Hemköp Ulriksdal,Thursday,Wraps,Kyckling Bacon,2,1~3
Stockholm Mellan,Hemköp Ulriksdal,Thursday,Wraps,Kyckling Curry,1,2~3
Stockholm Mellan,Hemköp Ulriksdal,Thursday,Wraps,Sweet Chili,1,2~3
Stockholm Mellan,Hemköp Ulriksdal,Thursday,XL Frallor,Grovfralla Kalkon & Färskost,1,0~1
Stockholm Mellan,Hemköp Ulriksdal,Thursday,XL Frallor,Ost,1,1~2
Stockholm Mellan,Hemköp Ulriksdal,Thursday,XL Frallor,Ost & Skinka,1,1~2
Stockholm Mellan,ICA Dalastan,Sunday,Baguette,Skagen,1,0~1
Stockholm Mellan,ICA Dalastan,Sunday,Fralla,Ost,1,0~1
Stockholm Mellan,ICA Dalastan,Sunday,Fralla,Ost & Skinka,1,1~2
Stockholm Mellan,ICA Dalastan,Sunday,Grönsallad,Caesarsallad,1,0~1
Stockholm Mellan,ICA Dalastan,Sunday,Hönökaka,Ost,1,1~2
Stockholm Mellan,ICA Dalastan,Sunday,Hönökaka,Ost & Skinka,2,2~3
Stockholm Mellan,ICA Dalastan,Sunday,Pastasallad,Kyckling & Salladsost,1,0~1
Stockholm Mellan,ICA Dalastan,Sunday,Pastasallad,Kyckling mangocurry,1,0~1
Stockholm Mellan,ICA Dalastan,Sunday,Pastasallad,Ost & Skinka,1,0~1
Stockholm Mellan,ICA Dalastan,Sunday,Sandwich,Kyckling Pestoröra,1,0~1
Stockholm Mellan,ICA Dalastan,Sunday,Wraps,Caesar Kyckling,1,1~2
Stockholm Mellan,ICA Dalastan,Sunday,Wraps,Kyckling Bacon,1,0~1
Stockholm Mellan,ICA Dalastan,Sunday,Wraps,Kyckling Curry,1,0~1
Stockholm Mellan,ICA Dalastan,Sunday,Wraps,Sweet Chili,2,2~3
Stockholm Mellan,ICA Dalastan,Monday,Hönökaka,Ost & Skinka,1,0~1
Stockholm Mellan,ICA Dalastan,Monday,Wraps,Sweet Chili,1,0~1
Stockholm Mellan,ICA Dalastan,Tuesday,Fralla,Ost & Skinka,1,0~1
Stockholm Mellan,ICA Dalastan,Tuesday,Hönökaka,Ost,1,0~1
Stockholm Mellan,ICA Dalastan,Tuesday,Hönökaka,Ost & Skinka,2,1~2
Stockholm Mellan,ICA Dalastan,Tuesday,Wraps,Caesar Kyckling,1,0~1
Stockholm Mellan,ICA Dalastan,Tuesday,Wraps,Sweet Chili,2,1~2
Stockholm Mellan,ICA Dalastan,Wednesday,Hönökaka,Ost & Skinka,1,0~1
Stockholm Mellan,ICA Dalastan,Wednesday,Wraps,Sweet Chili,1,0~1
Stockholm Mellan,ICA Dalastan,Thursday,Baguette,Kyckling Sweet Chili,1,0~1
Stockholm Mellan,ICA Dalastan,Thursday,Baguette,Ost & Skinka,1,0~1
Stockholm Mellan,ICA Dalastan,Thursday,Baguette,Salami & Brieost,1,0~1
Stockholm Mellan,ICA Dalastan,Thursday,Baguette,Skagen,1,1~2
Stockholm Mellan,ICA Dalastan,Thursday,Fralla,Ost,1,1~2
Stockholm Mellan,ICA Dalastan,Thursday,Fralla,Ost & Skinka,1,1~2
Stockholm Mellan,ICA Dalastan,Thursday,Grönsallad,Caesarsallad,1,1~2
Stockholm Mellan,ICA Dalastan,Thursday,Grönsallad,Kyckling,1,0~1
Stockholm Mellan,ICA Dalastan,Thursday,Hönökaka,Ost,1,1~2
Stockholm Mellan,ICA Dalastan,Thursday,Hönökaka,Ost & Skinka,1,2~3
Stockholm Mellan,ICA Dalastan,Thursday,Pastasallad,Bacon & Kyckling,1,0~1
Stockholm Mellan,ICA Dalastan,Thursday,Pastasallad,Kyckling & Salladsost,1,1~2
Stockholm Mellan,ICA Dalastan,Thursday,Pastasallad,Kyckling mangocurry,1,1~2
Stockholm Mellan,ICA Dalastan,Thursday,Pastasallad,Ost & Skinka,1,1~2
Stockholm Mellan,ICA Dalastan,Thursday,Pastasallad,Räkor,1,0~1
Stockholm Mellan,ICA Dalastan,Thursday,Sandwich,Clubsandwich,1,0~1
Stockholm Mellan,ICA Dalastan,Thursday,Sandwich,Kyckling Pestoröra,1,1~2
Stockholm Mellan,ICA Dalastan,Thursday,Sandwich,Räkor,1,0~1
Stockholm Mellan,ICA Dalastan,Thursday,Varmrätt,Cevapcici med bulgur,1,0~1
Stockholm Mellan,ICA Dalastan,Thursday,Varmrätt,Kycklingspett med ris,1,0~1
Stockholm Mellan,ICA Dalastan,Thursday,Varmrätt,Teriyakibiff med ris,1,0~1
Stockholm Mellan,ICA Dalastan,Thursday,Wraps,Caesar Kyckling,1,1~2
Stockholm Mellan,ICA Dalastan,Thursday,Wraps,Kyckling Bacon,1,1~2
Stockholm Mellan,ICA Dalastan,Thursday,Wraps,Kyckling Curry,1,1~2
Stockholm Mellan,ICA Dalastan,Thursday,Wraps,Sweet Chili,1,2~3
Stockholm Mellan,ICA Dalastan,Thursday,XL Frallor,Ost,1,0~1
Stockholm Mellan,ICA Dalastan,Thursday,XL Frallor,Ost & Skinka,1,0~1
Stockholm Mellan,ICA Kista,Sunday,Baguette,Kyckling Curry,1,1~2
Stockholm Mellan,ICA Kista,Sunday,Baguette,Kyckling Sweet Chili,1,0~1
Stockholm Mellan,ICA Kista,Sunday,Baguette,Ost & Skinka,1,1~2
Stockholm Mellan,ICA Kista,Sunday,Baguette,Salami & Brieost,1,0~1
Stockholm Mellan,ICA Kista,Sunday,Baguette,Skagen,1,1~2
Stockholm Mellan,ICA Kista,Sunday,Fralla,Ost,6,5~7
Stockholm Mellan,ICA Kista,Sunday,Fralla,Ost & Skinka,11,10~14
Stockholm Mellan,ICA Kista,Sunday,Glutenfri Frallor,Glutenfri Ost & Skinka(endast söndagsbeställning),1,0~1
Stockholm Mellan,ICA Kista,Sunday,Glutenfri Frallor,Glutenfri Ost(endast söndagsbeställning),1,0~1
Stockholm Mellan,ICA Kista,Sunday,Glutenfri Frallor,Glutenfri Pumpafralla Kalkon & Färskost(endast söndagsbeställning),1,0~1
Stockholm Mellan,ICA Kista,Sunday,Grönsallad,Caesarsallad,1,1~2
Stockholm Mellan,ICA Kista,Sunday,Grönsallad,Kyckling,1,1~2
Stockholm Mellan,ICA Kista,Sunday,Hönökaka,Ost,8,6~9
Stockholm Mellan,ICA Kista,Sunday,Hönökaka,Ost & Salami,3,2~4
Stockholm Mellan,ICA Kista,Sunday,Hönökaka,Ost & Skinka,8,7~10
Stockholm Mellan,ICA Kista,Sunday,Pastasallad,Bacon & Kyckling,2,2~3
Stockholm Mellan,ICA Kista,Sunday,Pastasallad,Kyckling & Salladsost,1,1~2
Stockholm Mellan,ICA Kista,Sunday,Pastasallad,Kyckling mangocurry,2,2~3
Stockholm Mellan,ICA Kista,Sunday,Pastasallad,Ost & Skinka,1,0~1
Stockholm Mellan,ICA Kista,Sunday,Pastasallad,Räkor,1,1~2
Stockholm Mellan,ICA Kista,Sunday,Sandwich,Bacon & Äggröra,3,3~4
Stockholm Mellan,ICA Kista,Sunday,Sandwich,Clubsandwich,2,2~3
Stockholm Mellan,ICA Kista,Sunday,Sandwich,Kyckling Curry,3,2~4
Stockholm Mellan,ICA Kista,Sunday,Sandwich,Kyckling Pestoröra,1,1~2
Stockholm Mellan,ICA Kista,Sunday,Sandwich,Räkor,2,2~3
Stockholm Mellan,ICA Kista,Sunday,Sandwich,Ägg & Avocadokräm,4,3~4
Stockholm Mellan,ICA Kista,Sunday,Wraps,Caesar Kyckling,4,3~5
Stockholm Mellan,ICA Kista,Sunday,Wraps,Kyckling Bacon,5,4~6
Stockholm Mellan,ICA Kista,Sunday,Wraps,Kyckling Curry,4,3~4
Stockholm Mellan,ICA Kista,Sunday,Wraps,Kycklingsallad Olivie,3,2~4
Stockholm Mellan,ICA Kista,Sunday,Wraps,Sweet Chili,4,3~4
Stockholm Mellan,ICA Kista,Sunday,Wraps,Wrap Curry Oumph!,1,0~1
Stockholm Mellan,ICA Kista,Sunday,XL Frallor,Grovfralla Kalkon & Färskost,3,3~4
Stockholm Mellan,ICA Kista,Sunday,XL Frallor,Ost,3,2~4
Stockholm Mellan,ICA Kista,Sunday,XL Frallor,Ost & Skinka,4,4~6
Stockholm Mellan,ICA Kista,Monday,Fralla,Ost,2,2~2
Stockholm Mellan,ICA Kista,Monday,Fralla,Ost & Skinka,4,3~4
Stockholm Mellan,ICA Kista,Monday,Hönökaka,Ost,2,2~3
Stockholm Mellan,ICA Kista,Monday,Hönökaka,Ost & Salami,1,1~1
Stockholm Mellan,ICA Kista,Monday,Hönökaka,Ost & Skinka,3,2~3
Stockholm Mellan,ICA Kista,Monday,Pastasallad,Bacon & Kyckling,1,1~1
Stockholm Mellan,ICA Kista,Monday,Pastasallad,Kyckling mangocurry,1,1~1
Stockholm Mellan,ICA Kista,Monday,Sandwich,Bacon & Äggröra,1,1~1
Stockholm Mellan,ICA Kista,Monday,Sandwich,Clubsandwich,1,1~1
Stockholm Mellan,ICA Kista,Monday,Sandwich,Kyckling Curry,1,1~1
Stockholm Mellan,ICA Kista,Monday,Sandwich,Räkor,1,0~1
Stockholm Mellan,ICA Kista,Monday,Sandwich,Ägg & Avocadokräm,1,1~2
Stockholm Mellan,ICA Kista,Monday,Wraps,Caesar Kyckling,1,1~2
Stockholm Mellan,ICA Kista,Monday,Wraps,Kyckling Bacon,2,1~2
Stockholm Mellan,ICA Kista,Monday,Wraps,Kyckling Curry,1,1~2
Stockholm Mellan,ICA Kista,Monday,Wraps,Kycklingsallad Olivie,1,1~1
Stockholm Mellan,ICA Kista,Monday,Wraps,Sweet Chili,1,1~2
Stockholm Mellan,ICA Kista,Monday,XL Frallor,Grovfralla Kalkon & Färskost,1,1~1
Stockholm Mellan,ICA Kista,Monday,XL Frallor,Ost,1,1~1
Stockholm Mellan,ICA Kista,Monday,XL Frallor,Ost & Skinka,2,1~2
Stockholm Mellan,ICA Kista,Tuesday,Baguette,Kyckling Curry,1,0~1
Stockholm Mellan,ICA Kista,Tuesday,Baguette,Ost & Skinka,1,0~1
Stockholm Mellan,ICA Kista,Tuesday,Baguette,Skagen,1,0~1
Stockholm Mellan,ICA Kista,Tuesday,Fralla,Ost,4,4~5
Stockholm Mellan,ICA Kista,Tuesday,Fralla,Ost & Skinka,8,7~10
Stockholm Mellan,ICA Kista,Tuesday,Grönsallad,Caesarsallad,1,0~1
Stockholm Mellan,ICA Kista,Tuesday,Grönsallad,Kyckling,1,1~1
Stockholm Mellan,ICA Kista,Tuesday,Hönökaka,Ost,6,5~7
Stockholm Mellan,ICA Kista,Tuesday,Hönökaka,Ost & Salami,2,2~3
Stockholm Mellan,ICA Kista,Tuesday,Hönökaka,Ost & Skinka,6,5~7
Stockholm Mellan,ICA Kista,Tuesday,Pastasallad,Bacon & Kyckling,2,1~2
Stockholm Mellan,ICA Kista,Tuesday,Pastasallad,Kyckling & Salladsost,1,1~1
Stockholm Mellan,ICA Kista,Tuesday,Pastasallad,Kyckling mangocurry,2,1~2
Stockholm Mellan,ICA Kista,Tuesday,Pastasallad,Räkor,1,0~1
Stockholm Mellan,ICA Kista,Tuesday,Sandwich,Bacon & Äggröra,2,2~3
Stockholm Mellan,ICA Kista,Tuesday,Sandwich,Clubsandwich,2,1~2
Stockholm Mellan,ICA Kista,Tuesday,Sandwich,Kyckling Curry,2,2~3
Stockholm Mellan,ICA Kista,Tuesday,Sandwich,Kyckling Pestoröra,1,1~1
Stockholm Mellan,ICA Kista,Tuesday,Sandwich,Räkor,2,1~2
Stockholm Mellan,ICA Kista,Tuesday,Sandwich,Ägg & Avocadokräm,3,2~3
Stockholm Mellan,ICA Kista,Tuesday,Wraps,Caesar Kyckling,3,2~4
Stockholm Mellan,ICA Kista,Tuesday,Wraps,Kyckling Bacon,4,3~5
Stockholm Mellan,ICA Kista,Tuesday,Wraps,Kyckling Curry,3,2~3
Stockholm Mellan,ICA Kista,Tuesday,Wraps,Kycklingsallad Olivie,2,2~3
Stockholm Mellan,ICA Kista,Tuesday,Wraps,Sweet Chili,3,2~3
Stockholm Mellan,ICA Kista,Tuesday,XL Frallor,Grovfralla Kalkon & Färskost,2,2~3
Stockholm Mellan,ICA Kista,Tuesday,XL Frallor,Ost,2,2~3
Stockholm Mellan,ICA Kista,Tuesday,XL Frallor,Ost & Skinka,3,3~4
Stockholm Mellan,ICA Kista,Wednesday,Fralla,Ost,2,1~2
Stockholm Mellan,ICA Kista,Wednesday,Fralla,Ost & Skinka,3,3~4
Stockholm Mellan,ICA Kista,Wednesday,Hönökaka,Ost,2,2~2
Stockholm Mellan,ICA Kista,Wednesday,Hönökaka,Ost & Salami,1,1~1
Stockholm Mellan,ICA Kista,Wednesday,Hönökaka,Ost & Skinka,2,2~3
Stockholm Mellan,ICA Kista,Wednesday,Pastasallad,Bacon & Kyckling,1,0~1
Stockholm Mellan,ICA Kista,Wednesday,Pastasallad,Kyckling mangocurry,1,0~1
Stockholm Mellan,ICA Kista,Wednesday,Sandwich,Bacon & Äggröra,1,1~1
Stockholm Mellan,ICA Kista,Wednesday,Sandwich,Clubsandwich,1,0~1
Stockholm Mellan,ICA Kista,Wednesday,Sandwich,Kyckling Curry,1,1~1
Stockholm Mellan,ICA Kista,Wednesday,Sandwich,Räkor,1,0~1
Stockholm Mellan,ICA Kista,Wednesday,Sandwich,Ägg & Avocadokräm,1,1~1
Stockholm Mellan,ICA Kista,Wednesday,Wraps,Caesar Kyckling,1,1~1
Stockholm Mellan,ICA Kista,Wednesday,Wraps,Kyckling Bacon,1,1~2
Stockholm Mellan,ICA Kista,Wednesday,Wraps,Kyckling Curry,1,1~1
Stockholm Mellan,ICA Kista,Wednesday,Wraps,Kycklingsallad Olivie,1,1~1
Stockholm Mellan,ICA Kista,Wednesday,Wraps,Sweet Chili,1,1~1
Stockholm Mellan,ICA Kista,Wednesday,XL Frallor,Grovfralla Kalkon & Färskost,1,1~1
Stockholm Mellan,ICA Kista,Wednesday,XL Frallor,Ost,1,1~1
Stockholm Mellan,ICA Kista,Wednesday,XL Frallor,Ost & Skinka,1,1~2
Stockholm Mellan,ICA Kista,Thursday,Baguette,Kyckling Curry,1,1~2
Stockholm Mellan,ICA Kista,Thursday,Baguette,Kyckling Sweet Chili,1,1~2
Stockholm Mellan,ICA Kista,Thursday,Baguette,Ost & Skinka,1,1~2
Stockholm Mellan,ICA Kista,Thursday,Baguette,Salami & Brieost,1,1~2
Stockholm Mellan,ICA Kista,Thursday,Baguette,Skagen,1,1~2
Stockholm Mellan,ICA Kista,Thursday,Fralla,Ost,5,4~7
Stockholm Mellan,ICA Kista,Thursday,Fralla,Ost & Skinka,12,9~13
Stockholm Mellan,ICA Kista,Thursday,Glutenfri Frallor,Glutenfri Ost & Skinka(endast söndagsbeställning),1,1~2
Stockholm Mellan,ICA Kista,Thursday,Glutenfri Frallor,Glutenfri Ost(endast söndagsbeställning),1,1~2
Stockholm Mellan,ICA Kista,Thursday,Glutenfri Frallor,Glutenfri Pumpafralla Kalkon & Färskost(endast söndagsbeställning),1,1~2
Stockholm Mellan,ICA Kista,Thursday,Grönsallad,Caesarsallad,1,1~2
Stockholm Mellan,ICA Kista,Thursday,Grönsallad,Kyckling,2,1~2
Stockholm Mellan,ICA Kista,Thursday,Hönökaka,Ost,7,6~9
Stockholm Mellan,ICA Kista,Thursday,Hönökaka,Ost & Salami,2,1~3
Stockholm Mellan,ICA Kista,Thursday,Hönökaka,Ost & Skinka,9,7~11
Stockholm Mellan,ICA Kista,Thursday,Pastasallad,Bacon & Kyckling,2,2~4
Stockholm Mellan,ICA Kista,Thursday,Pastasallad,Kyckling & Salladsost,2,1~2
Stockholm Mellan,ICA Kista,Thursday,Pastasallad,Kyckling mangocurry,2,2~4
Stockholm Mellan,ICA Kista,Thursday,Pastasallad,Ost & Skinka,1,1~2
Stockholm Mellan,ICA Kista,Thursday,Pastasallad,Räkor,1,1~2
Stockholm Mellan,ICA Kista,Thursday,Sandwich,Bacon & Äggröra,4,2~5
Stockholm Mellan,ICA Kista,Thursday,Sandwich,Clubsandwich,2,2~4
Stockholm Mellan,ICA Kista,Thursday,Sandwich,Kyckling Curry,3,2~4
Stockholm Mellan,ICA Kista,Thursday,Sandwich,Kyckling Pestoröra,2,1~2
Stockholm Mellan,ICA Kista,Thursday,Sandwich,Räkor,1,2~3
Stockholm Mellan,ICA Kista,Thursday,Sandwich,Ägg & Avocadokräm,3,3~5
Stockholm Mellan,ICA Kista,Thursday,Wraps,Caesar Kyckling,4,4~4
Stockholm Mellan,ICA Kista,Thursday,Wraps,Kyckling Bacon,5,5~6
Stockholm Mellan,ICA Kista,Thursday,Wraps,Kyckling Curry,3,3~5
Stockholm Mellan,ICA Kista,Thursday,Wraps,Kycklingsallad Olivie,2,1~3
Stockholm Mellan,ICA Kista,Thursday,Wraps,Sweet Chili,3,3~5
Stockholm Mellan,ICA Kista,Thursday,Wraps,Wrap Curry Oumph!,1,1~2
Stockholm Mellan,ICA Kista,Thursday,XL Frallor,Grovfralla Kalkon & Färskost,4,2~5
Stockholm Mellan,ICA Kista,Thursday,XL Frallor,Ost,3,2~4
Stockholm Mellan,ICA Kista,Thursday,XL Frallor,Ost & Skinka,5,3~5
Stockholm Mellan,ICA Lunden,Sunday,Fralla,Ost,1,0~1
Stockholm Mellan,ICA Lunden,Sunday,Fralla,Ost & Skinka,1,1~2
Stockholm Mellan,ICA Lunden,Sunday,Hönökaka,Ost,1,0~1
Stockholm Mellan,ICA Lunden,Sunday,Hönökaka,Ost & Salami,1,1~2
Stockholm Mellan,ICA Lunden,Sunday,Hönökaka,Ost & Skinka,1,1~2
Stockholm Mellan,ICA Lunden,Sunday,Pastasallad,Kyckling & Salladsost,2,2~3
Stockholm Mellan,ICA Lunden,Sunday,Pastasallad,Kyckling mangocurry,2,2~3
Stockholm Mellan,ICA Lunden,Sunday,Pastasallad,Ost & Skinka,1,0~1
Stockholm Mellan,ICA Lunden,Sunday,Pastasallad,Räkor,1,0~1
Stockholm Mellan,ICA Lunden,Sunday,Sandwich,Kyckling Curry,1,1~2
Stockholm Mellan,ICA Lunden,Sunday,Sandwich,Kyckling Pestoröra,1,0~1
Stockholm Mellan,ICA Lunden,Sunday,Sandwich,Räkor,1,1~2
Stockholm Mellan,ICA Lunden,Sunday,Wraps,Caesar Kyckling,1,1~2
Stockholm Mellan,ICA Lunden,Sunday,Wraps,Kyckling Bacon,1,1~2
Stockholm Mellan,ICA Lunden,Sunday,Wraps,Kyckling Curry,2,2~3
Stockholm Mellan,ICA Lunden,Sunday,Wraps,Kycklingsallad Olivie,1,0~1
Stockholm Mellan,ICA Lunden,Sunday,Wraps,Sweet Chili,1,1~2
Stockholm Mellan,ICA Lunden,Sunday,Wraps,Wrap Curry Oumph!,1,1~2
Stockholm Mellan,ICA Lunden,Monday,Pastasallad,Kyckling & Salladsost,1,0~1
Stockholm Mellan,ICA Lunden,Monday,Pastasallad,Kyckling mangocurry,1,0~1
Stockholm Mellan,ICA Lunden,Monday,Wraps,Kyckling Curry,1,0~1
Stockholm Mellan,ICA Lunden,Tuesday,Fralla,Ost & Skinka,1,1~1
Stockholm Mellan,ICA Lunden,Tuesday,Hönökaka,Ost & Salami,1,0~1
Stockholm Mellan,ICA Lunden,Tuesday,Hönökaka,Ost & Skinka,1,0~1
Stockholm Mellan,ICA Lunden,Tuesday,Pastasallad,Kyckling & Salladsost,2,1~2
Stockholm Mellan,ICA Lunden,Tuesday,Pastasallad,Kyckling mangocurry,2,1~2
Stockholm Mellan,ICA Lunden,Tuesday,Sandwich,Kyckling Curry,1,0~1
Stockholm Mellan,ICA Lunden,Tuesday,Sandwich,Räkor,1,1~1
Stockholm Mellan,ICA Lunden,Tuesday,Wraps,Caesar Kyckling,1,0~1
Stockholm Mellan,ICA Lunden,Tuesday,Wraps,Kyckling Bacon,1,1~1
Stockholm Mellan,ICA Lunden,Tuesday,Wraps,Kyckling Curry,2,1~2
Stockholm Mellan,ICA Lunden,Tuesday,Wraps,Sweet Chili,1,1~1
Stockholm Mellan,ICA Lunden,Tuesday,Wraps,Wrap Curry Oumph!,1,0~1
Stockholm Mellan,ICA Lunden,Wednesday,Pastasallad,Kyckling & Salladsost,1,0~1
Stockholm Mellan,ICA Lunden,Wednesday,Pastasallad,Kyckling mangocurry,1,0~1
Stockholm Mellan,ICA Lunden,Wednesday,Wraps,Kyckling Curry,1,0~1
Stockholm Mellan,ICA Lunden,Thursday,Baguette,Kyckling Curry,1,0~1
Stockholm Mellan,ICA Lunden,Thursday,Baguette,Ost & Skinka,1,0~1
Stockholm Mellan,ICA Lunden,Thursday,Baguette,Salami & Brieost,1,0~1
Stockholm Mellan,ICA Lunden,Thursday,Baguette,Skagen,1,0~1
Stockholm Mellan,ICA Lunden,Thursday,Fralla,Ost,1,1~2
Stockholm Mellan,ICA Lunden,Thursday,Fralla,Ost & Skinka,2,1~2
Stockholm Mellan,ICA Lunden,Thursday,Grönsallad,Kyckling,1,0~1
Stockholm Mellan,ICA Lunden,Thursday,Hönökaka,Ost,1,1~2
Stockholm Mellan,ICA Lunden,Thursday,Hönökaka,Ost & Salami,1,1~2
Stockholm Mellan,ICA Lunden,Thursday,Hönökaka,Ost & Skinka,1,1~2
Stockholm Mellan,ICA Lunden,Thursday,Pastasallad,Bacon & Kyckling,1,0~1
Stockholm Mellan,ICA Lunden,Thursday,Pastasallad,Falafel,1,0~1
Stockholm Mellan,ICA Lunden,Thursday,Pastasallad,Kyckling & Salladsost,1,2~3
Stockholm Mellan,ICA Lunden,Thursday,Pastasallad,Kyckling mangocurry,1,2~3
Stockholm Mellan,ICA Lunden,Thursday,Pastasallad,Ost & Skinka,1,1~2
Stockholm Mellan,ICA Lunden,Thursday,Pastasallad,Räkor,1,1~2
Stockholm Mellan,ICA Lunden,Thursday,Sandwich,Kyckling Curry,1,1~2
Stockholm Mellan,ICA Lunden,Thursday,Sandwich,Kyckling Pestoröra,1,1~2
Stockholm Mellan,ICA Lunden,Thursday,Sandwich,Räkor,2,1~2
Stockholm Mellan,ICA Lunden,Thursday,Sandwich,Ägg & Avocadokräm,1,0~1
Stockholm Mellan,ICA Lunden,Thursday,Varmrätt,Kycklingspett med ris,1,0~1
Stockholm Mellan,ICA Lunden,Thursday,Varmrätt,Teriyakibiff med ris,1,0~1
Stockholm Mellan,ICA Lunden,Thursday,Varmrätt,Teriyakikycklingfile med basmatiris,1,0~1
Stockholm Mellan,ICA Lunden,Thursday,Wraps,Caesar Kyckling,1,1~2
Stockholm Mellan,ICA Lunden,Thursday,Wraps,Kyckling Bacon,2,1~2
Stockholm Mellan,ICA Lunden,Thursday,Wraps,Kyckling Curry,1,2~3
Stockholm Mellan,ICA Lunden,Thursday,Wraps,Kycklingsallad Olivie,1,1~2
Stockholm Mellan,ICA Lunden,Thursday,Wraps,Sweet Chili,2,1~2
Stockholm Mellan,ICA Lunden,Thursday,Wraps,Wrap Curry Oumph!,1,1~2
Stockholm Mellan,ICA Lunden,Thursday,XL Frallor,Ost & Skinka,1,0~1
Stockholm Mellan,ICA Norrviken,Sunday,Fralla,Ost,1,1~2
Stockholm Mellan,ICA Norrviken,Sunday,Fralla,Ost & Skinka,1,0~1
Stockholm Mellan,ICA Norrviken,Sunday,Hönökaka,Ost,1,0~1
Stockholm Mellan,ICA Norrviken,Sunday,Hönökaka,Ost & Salami,1,1~2
Stockholm Mellan,ICA Norrviken,Sunday,Hönökaka,Ost & Skinka,2,2~3
Stockholm Mellan,ICA Norrviken,Sunday,Pastasallad,Kyckling & Salladsost,1,1~2
Stockholm Mellan,ICA Norrviken,Sunday,Pastasallad,Kyckling mangocurry,1,1~2
Stockholm Mellan,ICA Norrviken,Sunday,Pastasallad,Räkor,1,0~1
Stockholm Mellan,ICA Norrviken,Sunday,Sandwich,Clubsandwich,2,2~3
Stockholm Mellan,ICA Norrviken,Sunday,Sandwich,Kyckling Curry,1,0~1
Stockholm Mellan,ICA Norrviken,Monday,Hönökaka,Ost & Skinka,1,0~1
Stockholm Mellan,ICA Norrviken,Monday,Sandwich,Clubsandwich,1,0~1
Stockholm Mellan,ICA Norrviken,Tuesday,Fralla,Ost,1,0~1
Stockholm Mellan,ICA Norrviken,Tuesday,Hönökaka,Ost & Salami,1,0~1
Stockholm Mellan,ICA Norrviken,Tuesday,Hönökaka,Ost & Skinka,2,1~2
Stockholm Mellan,ICA Norrviken,Tuesday,Pastasallad,Kyckling & Salladsost,1,1~1
Stockholm Mellan,ICA Norrviken,Tuesday,Pastasallad,Kyckling mangocurry,1,1~1
Stockholm Mellan,ICA Norrviken,Tuesday,Sandwich,Clubsandwich,2,1~2
Stockholm Mellan,ICA Norrviken,Wednesday,Hönökaka,Ost & Skinka,1,0~1
Stockholm Mellan,ICA Norrviken,Wednesday,Sandwich,Clubsandwich,1,0~1
Stockholm Mellan,ICA Norrviken,Thursday,Baguette,Kyckling Curry,1,0~1
Stockholm Mellan,ICA Norrviken,Thursday,Baguette,Salami & Brieost,1,0~1
Stockholm Mellan,ICA Norrviken,Thursday,Baguette,Skagen,1,0~1
Stockholm Mellan,ICA Norrviken,Thursday,Fralla,Ost,1,1~2
Stockholm Mellan,ICA Norrviken,Thursday,Fralla,Ost & Skinka,1,1~2
Stockholm Mellan,ICA Norrviken,Thursday,Grönsallad,Caesarsallad,1,0~1
Stockholm Mellan,ICA Norrviken,Thursday,Grönsallad,Kyckling,1,0~1
Stockholm Mellan,ICA Norrviken,Thursday,Hönökaka,Ost,1,1~2
Stockholm Mellan,ICA Norrviken,Thursday,Hönökaka,Ost & Salami,1,1~2
Stockholm Mellan,ICA Norrviken,Thursday,Hönökaka,Ost & Skinka,1,2~3
Stockholm Mellan,ICA Norrviken,Thursday,Pastasallad,Bacon & Kyckling,1,0~1
Stockholm Mellan,ICA Norrviken,Thursday,Pastasallad,Kyckling & Salladsost,2,1~2
Stockholm Mellan,ICA Norrviken,Thursday,Pastasallad,Kyckling kebab,1,0~1
Stockholm Mellan,ICA Norrviken,Thursday,Pastasallad,Kyckling mangocurry,2,1~2
Stockholm Mellan,ICA Norrviken,Thursday,Pastasallad,Ost & Skinka,1,0~1
Stockholm Mellan,ICA Norrviken,Thursday,Pastasallad,Räkor,1,1~2
Stockholm Mellan,ICA Norrviken,Thursday,Sandwich,Clubsandwich,1,2~3
Stockholm Mellan,ICA Norrviken,Thursday,Sandwich,Kyckling Curry,1,1~2
Stockholm Mellan,ICA Norrviken,Thursday,Sandwich,Räkor,1,0~1
Stockholm Mellan,ICA Norrviken,Thursday,Wraps,Caesar Kyckling,1,0~1
Stockholm Mellan,ICA Norrviken,Thursday,Wraps,Kyckling Bacon,1,0~1
Stockholm Mellan,ICA Norrviken,Thursday,Wraps,Kyckling Curry,1,0~1
Stockholm Mellan,ICA Norrviken,Thursday,Wraps,Sweet Chili,1,0~1
Stockholm Mellan,ICA Norrviken,Thursday,XL Frallor,Grovfralla Kalkon & Färskost,1,0~1
Stockholm Mellan,ICA Norrviken,Thursday,XL Frallor,Ost & Skinka,1,0~1
Stockholm Mellan,ICA Nära Roslagstull,Sunday,Baguette,Kyckling Curry,1,0~1
Stockholm Mellan,ICA Nära Roslagstull,Sunday,Baguette,Skagen,1,0~1
Stockholm Mellan,ICA Nära Roslagstull,Sunday,Pastasallad,Kyckling & Salladsost,1,1~2
Stockholm Mellan,ICA Nära Roslagstull,Sunday,Pastasallad,Kyckling mangocurry,2,2~3
Stockholm Mellan,ICA Nära Roslagstull,Sunday,Pastasallad,Ost & Skinka,1,0~1
Stockholm Mellan,ICA Nära Roslagstull,Sunday,Pastasallad,Räkor,1,0~1
Stockholm Mellan,ICA Nära Roslagstull,Sunday,Wraps,Caesar Kyckling,1,0~1
Stockholm Mellan,ICA Nära Roslagstull,Sunday,Wraps,Kyckling Bacon,2,2~3
Stockholm Mellan,ICA Nära Roslagstull,Sunday,Wraps,Kyckling Curry,1,1~2
Stockholm Mellan,ICA Nära Roslagstull,Sunday,Wraps,Sweet Chili,1,0~1
Stockholm Mellan,ICA Nära Roslagstull,Monday,Pastasallad,Kyckling mangocurry,1,1~1
Stockholm Mellan,ICA Nära Roslagstull,Monday,Wraps,Kyckling Bacon,1,0~1
Stockholm Mellan,ICA Nära Roslagstull,Tuesday,Pastasallad,Kyckling & Salladsost,1,0~1
Stockholm Mellan,ICA Nära Roslagstull,Tuesday,Pastasallad,Kyckling mangocurry,2,1~2
Stockholm Mellan,ICA Nära Roslagstull,Tuesday,Wraps,Kyckling Bacon,2,1~2
Stockholm Mellan,ICA Nära Roslagstull,Tuesday,Wraps,Kyckling Curry,1,1~1
Stockholm Mellan,ICA Nära Roslagstull,Wednesday,Pastasallad,Kyckling mangocurry,1,0~1
Stockholm Mellan,ICA Nära Roslagstull,Wednesday,Wraps,Kyckling Bacon,1,0~1
Stockholm Mellan,ICA Nära Roslagstull,Thursday,Baguette,Kyckling Curry,1,1~2
Stockholm Mellan,ICA Nära Roslagstull,Thursday,Baguette,Skagen,1,1~2
Stockholm Mellan,ICA Nära Roslagstull,Thursday,Pastasallad,Bacon & Kyckling,1,0~1
Stockholm Mellan,ICA Nära Roslagstull,Thursday,Pastasallad,Kyckling & Salladsost,1,1~2
Stockholm Mellan,ICA Nära Roslagstull,Thursday,Pastasallad,Kyckling mangocurry,2,2~4
Stockholm Mellan,ICA Nära Roslagstull,Thursday,Pastasallad,Ost & Skinka,1,1~2
Stockholm Mellan,ICA Nära Roslagstull,Thursday,Pastasallad,Räkor,1,1~2
Stockholm Mellan,ICA Nära Roslagstull,Thursday,Sandwich,Clubsandwich,1,0~1
Stockholm Mellan,ICA Nära Roslagstull,Thursday,Sandwich,Räkor,1,0~1
Stockholm Mellan,ICA Nära Roslagstull,Thursday,Varmrätt,Cevapcici med bulgur,1,0~1
Stockholm Mellan,ICA Nära Roslagstull,Thursday,Varmrätt,Kyckling-och böngryta,1,0~1
Stockholm Mellan,ICA Nära Roslagstull,Thursday,Varmrätt,Kycklingspett med ris,1,0~1
Stockholm Mellan,ICA Nära Roslagstull,Thursday,Varmrätt,Tacobolognese med fullkornspasta,1,0~1
Stockholm Mellan,ICA Nära Roslagstull,Thursday,Varmrätt,Teriyakibiff med ris,1,0~1
Stockholm Mellan,ICA Nära Roslagstull,Thursday,Varmrätt,Teriyakikycklingfile med basmatiris,1,0~1
Stockholm Mellan,ICA Nära Roslagstull,Thursday,Wraps,Caesar Kyckling,1,1~2
Stockholm Mellan,ICA Nära Roslagstull,Thursday,Wraps,Kyckling Bacon,1,2~3
Stockholm Mellan,ICA Nära Roslagstull,Thursday,Wraps,Kyckling Curry,2,1~2
Stockholm Mellan,ICA Nära Roslagstull,Thursday,Wraps,Kycklingsallad Olivie,1,0~1
Stockholm Mellan,ICA Nära Roslagstull,Thursday,Wraps,Sweet Chili,1,1~2
Stockholm Mellan,ICA RAPID,Sunday,Fralla,Ost,1,0~1
Stockholm Mellan,ICA RAPID,Sunday,Fralla,Ost & Skinka,1,0~1
Stockholm Mellan,ICA RAPID,Sunday,Hönökaka,Ost,1,0~1
Stockholm Mellan,ICA RAPID,Sunday,Hönökaka,Ost & Salami,1,1~2
Stockholm Mellan,ICA RAPID,Sunday,Hönökaka,Ost & Skinka,1,1~2
Stockholm Mellan,ICA RAPID,Sunday,Pastasallad,Bacon & Kyckling,1,0~1
Stockholm Mellan,ICA RAPID,Sunday,Pastasallad,Kyckling & Salladsost,2,2~2
Stockholm Mellan,ICA RAPID,Sunday,Pastasallad,Kyckling mangocurry,2,2~3
Stockholm Mellan,ICA RAPID,Sunday,Pastasallad,Räkor,1,1~2
Stockholm Mellan,ICA RAPID,Sunday,Sandwich,Clubsandwich,1,1~2
Stockholm Mellan,ICA RAPID,Sunday,Sandwich,Kyckling Curry,1,1~2
Stockholm Mellan,ICA RAPID,Sunday,Sandwich,Räkor,1,0~1
Stockholm Mellan,ICA RAPID,Sunday,Varmrätt,Teriyakikycklingfile med basmatiris,1,0~1
Stockholm Mellan,ICA RAPID,Sunday,Wraps,Caesar Kyckling,1,1~2
Stockholm Mellan,ICA RAPID,Sunday,Wraps,Kyckling Bacon,1,1~2
Stockholm Mellan,ICA RAPID,Sunday,Wraps,Sweet Chili,1,1~2
Stockholm Mellan,ICA RAPID,Sunday,Wraps,Wrap Curry Oumph!,1,0~1
Stockholm Mellan,ICA RAPID,Monday,Pastasallad,Kyckling & Salladsost,1,0~1
Stockholm Mellan,ICA RAPID,Monday,Pastasallad,Kyckling mangocurry,1,0~1
Stockholm Mellan,ICA RAPID,Tuesday,Hönökaka,Ost & Salami,1,0~1
Stockholm Mellan,ICA RAPID,Tuesday,Hönökaka,Ost & Skinka,1,0~1
Stockholm Mellan,ICA RAPID,Tuesday,Pastasallad,Kyckling & Salladsost,1,1~2
Stockholm Mellan,ICA RAPID,Tuesday,Pastasallad,Kyckling mangocurry,2,1~2
Stockholm Mellan,ICA RAPID,Tuesday,Pastasallad,Räkor,1,0~1
Stockholm Mellan,ICA RAPID,Tuesday,Sandwich,Clubsandwich,1,0~1
Stockholm Mellan,ICA RAPID,Tuesday,Sandwich,Kyckling Curry,1,0~1
Stockholm Mellan,ICA RAPID,Tuesday,Wraps,Caesar Kyckling,1,0~1
Stockholm Mellan,ICA RAPID,Tuesday,Wraps,Kyckling Bacon,1,1~1
Stockholm Mellan,ICA RAPID,Tuesday,Wraps,Sweet Chili,1,0~1
Stockholm Mellan,ICA RAPID,Wednesday,Pastasallad,Kyckling mangocurry,1,0~1
Stockholm Mellan,ICA RAPID,Thursday,Baguette,Kyckling Sweet Chili,1,0~1
Stockholm Mellan,ICA RAPID,Thursday,Baguette,Ost & Skinka,1,0~1
Stockholm Mellan,ICA RAPID,Thursday,Baguette,Salami & Brieost,1,0~1
Stockholm Mellan,ICA RAPID,Thursday,Baguette,Skagen,1,0~1
Stockholm Mellan,ICA RAPID,Thursday,Fralla,Ost,1,1~2
Stockholm Mellan,ICA RAPID,Thursday,Fralla,Ost & Skinka,1,1~2
Stockholm Mellan,ICA RAPID,Thursday,Grönsallad,Caesarsallad,1,0~1
Stockholm Mellan,ICA RAPID,Thursday,Grönsallad,Kyckling,1,0~1
Stockholm Mellan,ICA RAPID,Thursday,Hönökaka,Ost,1,1~2
Stockholm Mellan,ICA RAPID,Thursday,Hönökaka,Ost & Salami,1,1~2
Stockholm Mellan,ICA RAPID,Thursday,Hönökaka,Ost & Skinka,1,1~2
Stockholm Mellan,ICA RAPID,Thursday,Pastasallad,Bacon & Kyckling,1,1~2
Stockholm Mellan,ICA RAPID,Thursday,Pastasallad,Kyckling & Salladsost,2,2~2
Stockholm Mellan,ICA RAPID,Thursday,Pastasallad,Kyckling kebab,1,0~1
Stockholm Mellan,ICA RAPID,Thursday,Pastasallad,Kyckling mangocurry,1,2~3
Stockholm Mellan,ICA RAPID,Thursday,Pastasallad,Räkor,1,1~2
Stockholm Mellan,ICA RAPID,Thursday,Sandwich,Bacon & Äggröra,1,0~1
Stockholm Mellan,ICA RAPID,Thursday,Sandwich,Clubsandwich,1,1~2
Stockholm Mellan,ICA RAPID,Thursday,Sandwich,Kyckling Curry,1,1~2
Stockholm Mellan,ICA RAPID,Thursday,Sandwich,Räkor,1,1~2
Stockholm Mellan,ICA RAPID,Thursday,Sandwich,Ägg & Avocadokräm,1,0~1
Stockholm Mellan,ICA RAPID,Thursday,Varmrätt,Kycklingspett med ris,1,0~1
Stockholm Mellan,ICA RAPID,Thursday,Varmrätt,Teriyakibiff med ris,1,0~1
Stockholm Mellan,ICA RAPID,Thursday,Varmrätt,Teriyakikycklingfile med basmatiris,1,1~2
Stockholm Mellan,ICA RAPID,Thursday,Wraps,Caesar Kyckling,1,1~2
Stockholm Mellan,ICA RAPID,Thursday,Wraps,Kyckling Bacon,2,1~2
Stockholm Mellan,ICA RAPID,Thursday,Wraps,Kyckling Curry,1,0~1
Stockholm Mellan,ICA RAPID,Thursday,Wraps,Sweet Chili,1,1~2
Stockholm Mellan,ICA RAPID,Thursday,Wraps,Wrap Curry Oumph!,1,1~2
Stockholm Mellan,ICA RAPID,Thursday,XL Frallor,Grovfralla Kalkon & Färskost,1,0~1
Stockholm Mellan,ICA RAPID,Thursday,XL Frallor,Ost,1,0~1
Stockholm Mellan,ICA Sigma,Sunday,Baguette,Salami & Brieost,1,0~1
Stockholm Mellan,ICA Sigma,Sunday,Fralla,Ost & Skinka,1,1~2
Stockholm Mellan,ICA Sigma,Sunday,Grönsallad,Caesarsallad,1,0~1
Stockholm Mellan,ICA Sigma,Sunday,Hönökaka,Ost,1,1~2
Stockholm Mellan,ICA Sigma,Sunday,Hönökaka,Ost & Skinka,1,0~1
Stockholm Mellan,ICA Sigma,Sunday,Pastasallad,Falafel,1,0~1
Stockholm Mellan,ICA Sigma,Sunday,Pastasallad,Kyckling & Salladsost,1,0~1
Stockholm Mellan,ICA Sigma,Sunday,Pastasallad,Kyckling mangocurry,1,1~2
Stockholm Mellan,ICA Sigma,Sunday,Pastasallad,Ost & Skinka,1,1~2
Stockholm Mellan,ICA Sigma,Sunday,Pastasallad,Räkor,1,1~2
Stockholm Mellan,ICA Sigma,Sunday,Sandwich,Bacon & Äggröra,1,0~1
Stockholm Mellan,ICA Sigma,Sunday,Sandwich,Clubsandwich,1,0~1
Stockholm Mellan,ICA Sigma,Sunday,Sandwich,Kyckling Curry,1,1~2
Stockholm Mellan,ICA Sigma,Sunday,Sandwich,Kyckling Pestoröra,1,0~1
Stockholm Mellan,ICA Sigma,Sunday,Wraps,Kyckling Bacon,1,1~2
Stockholm Mellan,ICA Sigma,Sunday,Wraps,Wrap Curry Oumph!,1,1~2
Stockholm Mellan,ICA Sigma,Tuesday,Fralla,Ost & Skinka,1,1~1
Stockholm Mellan,ICA Sigma,Tuesday,Hönökaka,Ost,1,0~1
Stockholm Mellan,ICA Sigma,Tuesday,Pastasallad,Kyckling mangocurry,1,1~1
Stockholm Mellan,ICA Sigma,Tuesday,Pastasallad,Ost & Skinka,1,0~1
Stockholm Mellan,ICA Sigma,Tuesday,Pastasallad,Räkor,1,0~1
Stockholm Mellan,ICA Sigma,Tuesday,Sandwich,Kyckling Curry,1,0~1
Stockholm Mellan,ICA Sigma,Tuesday,Wraps,Kyckling Bacon,1,1~1
Stockholm Mellan,ICA Sigma,Tuesday,Wraps,Wrap Curry Oumph!,1,1~1
Stockholm Mellan,ICA Sigma,Thursday,Baguette,Kyckling Sweet Chili,1,0~1
Stockholm Mellan,ICA Sigma,Thursday,Baguette,Kycklingsallad Olivie,1,0~1
Stockholm Mellan,ICA Sigma,Thursday,Baguette,Ost & Skinka,1,0~1
Stockholm Mellan,ICA Sigma,Thursday,Baguette,Salami & Brieost,1,1~2
Stockholm Mellan,ICA Sigma,Thursday,Fralla,Ost,1,0~1
Stockholm Mellan,ICA Sigma,Thursday,Fralla,Ost & Skinka,2,1~2
Stockholm Mellan,ICA Sigma,Thursday,Grönsallad,Caesarsallad,1,1~2
Stockholm Mellan,ICA Sigma,Thursday,Grönsallad,Kyckling,1,0~1
Stockholm Mellan,ICA Sigma,Thursday,Hönökaka,Ost,1,1~2
Stockholm Mellan,ICA Sigma,Thursday,Hönökaka,Ost & Skinka,1,1~2
Stockholm Mellan,ICA Sigma,Thursday,Pastasallad,Falafel,1,1~2
Stockholm Mellan,ICA Sigma,Thursday,Pastasallad,Kyckling & Salladsost,1,1~2
Stockholm Mellan,ICA Sigma,Thursday,Pastasallad,Kyckling mangocurry,2,1~2
Stockholm Mellan,ICA Sigma,Thursday,Pastasallad,Ost & Skinka,1,1~2
Stockholm Mellan,ICA Sigma,Thursday,Pastasallad,Räkor,1,1~2
Stockholm Mellan,ICA Sigma,Thursday,Sandwich,Bacon & Äggröra,1,1~2
Stockholm Mellan,ICA Sigma,Thursday,Sandwich,Clubsandwich,1,1~2
Stockholm Mellan,ICA Sigma,Thursday,Sandwich,Kyckling Curry,1,1~2
Stockholm Mellan,ICA Sigma,Thursday,Sandwich,Kyckling Pestoröra,1,1~2
Stockholm Mellan,ICA Sigma,Thursday,Sandwich,Räkor,1,0~1
Stockholm Mellan,ICA Sigma,Thursday,Sandwich,Ägg & Avocadokräm,1,0~1
Stockholm Mellan,ICA Sigma,Thursday,Varmrätt,Kycklingspett med ris,1,0~1
Stockholm Mellan,ICA Sigma,Thursday,Varmrätt,Teriyakikycklingfile med basmatiris,1,0~1
Stockholm Mellan,ICA Sigma,Thursday,Wraps,Caesar Kyckling,1,0~1
Stockholm Mellan,ICA Sigma,Thursday,Wraps,Kyckling Bacon,2,1~2
Stockholm Mellan,ICA Sigma,Thursday,Wraps,Kyckling Curry,1,0~1
Stockholm Mellan,ICA Sigma,Thursday,Wraps,Wrap Curry Oumph!,2,1~2
Stockholm Mellan,ICA Sigma,Thursday,XL Frallor,Grovfralla Kalkon & Färskost,1,0~1
Stockholm Mellan,ICA Sigma,Thursday,XL Frallor,Ost,1,0~1
Stockholm Mellan,ICA Supermarket Solna Centrum,Sunday,Baguette,Kyckling Curry,1,1~2
Stockholm Mellan,ICA Supermarket Solna Centrum,Sunday,Baguette,Ost & Skinka,1,1~2
Stockholm Mellan,ICA Supermarket Solna Centrum,Sunday,Baguette,Salami & Brieost,4,3~5
Stockholm Mellan,ICA Supermarket Solna Centrum,Sunday,Baguette,Skagen,4,3~5
Stockholm Mellan,ICA Supermarket Solna Centrum,Sunday,Fralla,Ost,1,1~2
Stockholm Mellan,ICA Supermarket Solna Centrum,Sunday,Fralla,Ost & Skinka,3,2~4
Stockholm Mellan,ICA Supermarket Solna Centrum,Sunday,Hönökaka,Ost,1,1~2
Stockholm Mellan,ICA Supermarket Solna Centrum,Sunday,Hönökaka,Ost & Salami,3,2~4
Stockholm Mellan,ICA Supermarket Solna Centrum,Sunday,Hönökaka,Ost & Skinka,3,2~4
Stockholm Mellan,ICA Supermarket Solna Centrum,Sunday,Pastasallad,Kyckling & Salladsost,4,3~5
Stockholm Mellan,ICA Supermarket Solna Centrum,Sunday,Pastasallad,Kyckling mangocurry,4,3~5
Stockholm Mellan,ICA Supermarket Solna Centrum,Sunday,Pastasallad,Räkor,3,2~4
Stockholm Mellan,ICA Supermarket Solna Centrum,Sunday,Sandwich,Bacon & Äggröra,1,1~2
Stockholm Mellan,ICA Supermarket Solna Centrum,Sunday,Sandwich,Clubsandwich,2,2~3
Stockholm Mellan,ICA Supermarket Solna Centrum,Sunday,Sandwich,Kyckling Curry,1,1~2
Stockholm Mellan,ICA Supermarket Solna Centrum,Sunday,Sandwich,Kyckling Pestoröra,1,1~2
Stockholm Mellan,ICA Supermarket Solna Centrum,Sunday,Sandwich,Räkor,1,1~2
Stockholm Mellan,ICA Supermarket Solna Centrum,Sunday,Sandwich,Ägg & Avocadokräm,1,1~2
Stockholm Mellan,ICA Supermarket Solna Centrum,Sunday,Wraps,Caesar Kyckling,5,4~6
Stockholm Mellan,ICA Supermarket Solna Centrum,Sunday,Wraps,Kyckling Bacon,5,4~6
Stockholm Mellan,ICA Supermarket Solna Centrum,Sunday,Wraps,Kyckling Curry,8,7~10
Stockholm Mellan,ICA Supermarket Solna Centrum,Sunday,Wraps,Sweet Chili,4,4~6
Stockholm Mellan,ICA Supermarket Solna Centrum,Sunday,XL Frallor,Grovfralla Kalkon & Färskost,3,3~4
Stockholm Mellan,ICA Supermarket Solna Centrum,Sunday,XL Frallor,Ost,1,1~2
Stockholm Mellan,ICA Supermarket Solna Centrum,Sunday,XL Frallor,Ost & Skinka,3,2~4
Stockholm Mellan,ICA Supermarket Solna Centrum,Monday,Baguette,Salami & Brieost,1,1~2
Stockholm Mellan,ICA Supermarket Solna Centrum,Monday,Baguette,Skagen,1,1~2
Stockholm Mellan,ICA Supermarket Solna Centrum,Monday,Fralla,Ost & Skinka,1,1~1
Stockholm Mellan,ICA Supermarket Solna Centrum,Monday,Hönökaka,Ost & Salami,1,1~1
Stockholm Mellan,ICA Supermarket Solna Centrum,Monday,Hönökaka,Ost & Skinka,1,1~1
Stockholm Mellan,ICA Supermarket Solna Centrum,Monday,Pastasallad,Kyckling & Salladsost,1,1~2
Stockholm Mellan,ICA Supermarket Solna Centrum,Monday,Pastasallad,Kyckling mangocurry,1,1~2
Stockholm Mellan,ICA Supermarket Solna Centrum,Monday,Pastasallad,Räkor,1,1~1
Stockholm Mellan,ICA Supermarket Solna Centrum,Monday,Sandwich,Clubsandwich,1,0~1
Stockholm Mellan,ICA Supermarket Solna Centrum,Monday,Wraps,Caesar Kyckling,2,1~2
Stockholm Mellan,ICA Supermarket Solna Centrum,Monday,Wraps,Kyckling Bacon,2,1~2
Stockholm Mellan,ICA Supermarket Solna Centrum,Monday,Wraps,Kyckling Curry,3,2~3
Stockholm Mellan,ICA Supermarket Solna Centrum,Monday,Wraps,Sweet Chili,2,1~2
Stockholm Mellan,ICA Supermarket Solna Centrum,Monday,XL Frallor,Grovfralla Kalkon & Färskost,1,1~1
Stockholm Mellan,ICA Supermarket Solna Centrum,Monday,XL Frallor,Ost & Skinka,1,1~1
Stockholm Mellan,ICA Supermarket Solna Centrum,Tuesday,Baguette,Kyckling Curry,1,1~1
Stockholm Mellan,ICA Supermarket Solna Centrum,Tuesday,Baguette,Ost & Skinka,1,1~1
Stockholm Mellan,ICA Supermarket Solna Centrum,Tuesday,Baguette,Salami & Brieost,3,2~4
Stockholm Mellan,ICA Supermarket Solna Centrum,Tuesday,Baguette,Skagen,3,2~4
Stockholm Mellan,ICA Supermarket Solna Centrum,Tuesday,Fralla,Ost,1,0~1
Stockholm Mellan,ICA Supermarket Solna Centrum,Tuesday,Fralla,Ost & Skinka,2,2~3
Stockholm Mellan,ICA Supermarket Solna Centrum,Tuesday,Hönökaka,Ost,1,1~1
Stockholm Mellan,ICA Supermarket Solna Centrum,Tuesday,Hönökaka,Ost & Salami,2,2~3
Stockholm Mellan,ICA Supermarket Solna Centrum,Tuesday,Hönökaka,Ost & Skinka,2,2~3
Stockholm Mellan,ICA Supermarket Solna Centrum,Tuesday,Pastasallad,Kyckling & Salladsost,3,2~4
Stockholm Mellan,ICA Supermarket Solna Centrum,Tuesday,Pastasallad,Kyckling mangocurry,3,2~4
Stockholm Mellan,ICA Supermarket Solna Centrum,Tuesday,Pastasallad,Räkor,2,2~3
Stockholm Mellan,ICA Supermarket Solna Centrum,Tuesday,Sandwich,Bacon & Äggröra,1,1~1
Stockholm Mellan,ICA Supermarket Solna Centrum,Tuesday,Sandwich,Clubsandwich,2,1~2
Stockholm Mellan,ICA Supermarket Solna Centrum,Tuesday,Sandwich,Kyckling Curry,1,0~1
Stockholm Mellan,ICA Supermarket Solna Centrum,Tuesday,Sandwich,Kyckling Pestoröra,1,1~1
Stockholm Mellan,ICA Supermarket Solna Centrum,Tuesday,Sandwich,Räkor,1,1~1
Stockholm Mellan,ICA Supermarket Solna Centrum,Tuesday,Sandwich,Ägg & Avocadokräm,1,1~1
Stockholm Mellan,ICA Supermarket Solna Centrum,Tuesday,Wraps,Caesar Kyckling,4,3~5
Stockholm Mellan,ICA Supermarket Solna Centrum,Tuesday,Wraps,Kyckling Bacon,4,3~5
Stockholm Mellan,ICA Supermarket Solna Centrum,Tuesday,Wraps,Kyckling Curry,6,5~7
Stockholm Mellan,ICA Supermarket Solna Centrum,Tuesday,Wraps,Sweet Chili,3,3~4
Stockholm Mellan,ICA Supermarket Solna Centrum,Tuesday,XL Frallor,Grovfralla Kalkon & Färskost,2,2~3
Stockholm Mellan,ICA Supermarket Solna Centrum,Tuesday,XL Frallor,Ost,1,0~1
Stockholm Mellan,ICA Supermarket Solna Centrum,Tuesday,XL Frallor,Ost & Skinka,2,2~3
Stockholm Mellan,ICA Supermarket Solna Centrum,Wednesday,Baguette,Salami & Brieost,1,1~1
Stockholm Mellan,ICA Supermarket Solna Centrum,Wednesday,Baguette,Skagen,1,1~1
Stockholm Mellan,ICA Supermarket Solna Centrum,Wednesday,Fralla,Ost & Skinka,1,1~1
Stockholm Mellan,ICA Supermarket Solna Centrum,Wednesday,Hönökaka,Ost & Salami,1,1~1
Stockholm Mellan,ICA Supermarket Solna Centrum,Wednesday,Hönökaka,Ost & Skinka,1,1~1
Stockholm Mellan,ICA Supermarket Solna Centrum,Wednesday,Pastasallad,Kyckling & Salladsost,1,1~1
Stockholm Mellan,ICA Supermarket Solna Centrum,Wednesday,Pastasallad,Kyckling mangocurry,1,1~1
Stockholm Mellan,ICA Supermarket Solna Centrum,Wednesday,Pastasallad,Räkor,1,1~1
Stockholm Mellan,ICA Supermarket Solna Centrum,Wednesday,Sandwich,Clubsandwich,1,0~1
Stockholm Mellan,ICA Supermarket Solna Centrum,Wednesday,Wraps,Caesar Kyckling,1,1~2
Stockholm Mellan,ICA Supermarket Solna Centrum,Wednesday,Wraps,Kyckling Bacon,1,1~2
Stockholm Mellan,ICA Supermarket Solna Centrum,Wednesday,Wraps,Kyckling Curry,2,2~3
Stockholm Mellan,ICA Supermarket Solna Centrum,Wednesday,Wraps,Sweet Chili,1,1~2
Stockholm Mellan,ICA Supermarket Solna Centrum,Wednesday,XL Frallor,Grovfralla Kalkon & Färskost,1,1~1
Stockholm Mellan,ICA Supermarket Solna Centrum,Wednesday,XL Frallor,Ost & Skinka,1,1~1
Stockholm Mellan,ICA Supermarket Solna Centrum,Thursday,Baguette,Kyckling Curry,2,1~2
Stockholm Mellan,ICA Supermarket Solna Centrum,Thursday,Baguette,Ost & Skinka,2,1~2
Stockholm Mellan,ICA Supermarket Solna Centrum,Thursday,Baguette,Salami & Brieost,5,4~6
Stockholm Mellan,ICA Supermarket Solna Centrum,Thursday,Baguette,Skagen,4,4~4
Stockholm Mellan,ICA Supermarket Solna Centrum,Thursday,Fralla,Ost,1,1~2
Stockholm Mellan,ICA Supermarket Solna Centrum,Thursday,Fralla,Ost & Skinka,3,2~4
Stockholm Mellan,ICA Supermarket Solna Centrum,Thursday,Hönökaka,Ost,2,1~2
Stockholm Mellan,ICA Supermarket Solna Centrum,Thursday,Hönökaka,Ost & Salami,3,2~4
Stockholm Mellan,ICA Supermarket Solna Centrum,Thursday,Hönökaka,Ost & Skinka,3,2~4
Stockholm Mellan,ICA Supermarket Solna Centrum,Thursday,Pastasallad,Bacon & Kyckling,1,0~1
Stockholm Mellan,ICA Supermarket Solna Centrum,Thursday,Pastasallad,Kyckling & Salladsost,4,4~4
Stockholm Mellan,ICA Supermarket Solna Centrum,Thursday,Pastasallad,Kyckling mangocurry,4,4~4
Stockholm Mellan,ICA Supermarket Solna Centrum,Thursday,Pastasallad,Räkor,3,2~4
Stockholm Mellan,ICA Supermarket Solna Centrum,Thursday,Sandwich,Bacon & Äggröra,2,1~2
Stockholm Mellan,ICA Supermarket Solna Centrum,Thursday,Sandwich,Clubsandwich,1,2~3
Stockholm Mellan,ICA Supermarket Solna Centrum,Thursday,Sandwich,Kyckling Curry,1,1~2
Stockholm Mellan,ICA Supermarket Solna Centrum,Thursday,Sandwich,Kyckling Pestoröra,2,1~2
Stockholm Mellan,ICA Supermarket Solna Centrum,Thursday,Sandwich,Räkor,2,1~2
Stockholm Mellan,ICA Supermarket Solna Centrum,Thursday,Sandwich,Ägg & Avocadokräm,2,1~2
Stockholm Mellan,ICA Supermarket Solna Centrum,Thursday,Wraps,Caesar Kyckling,5,5~6
Stockholm Mellan,ICA Supermarket Solna Centrum,Thursday,Wraps,Kyckling Bacon,5,5~6
Stockholm Mellan,ICA Supermarket Solna Centrum,Thursday,Wraps,Kyckling Curry,8,6~10
Stockholm Mellan,ICA Supermarket Solna Centrum,Thursday,Wraps,Sweet Chili,5,3~5
Stockholm Mellan,ICA Supermarket Solna Centrum,Thursday,XL Frallor,Grovfralla Kalkon & Färskost,4,2~5
Stockholm Mellan,ICA Supermarket Solna Centrum,Thursday,XL Frallor,Ost,1,1~2
Stockholm Mellan,ICA Supermarket Solna Centrum,Thursday,XL Frallor,Ost & Skinka,3,2~4
Stockholm Mellan,ICA Sätuna,Sunday,Baguette,Kyckling Curry,1,0~1
Stockholm Mellan,ICA Sätuna,Sunday,Baguette,Salami & Brieost,1,1~2
Stockholm Mellan,ICA Sätuna,Sunday,Baguette,Skagen,1,1~2
Stockholm Mellan,ICA Sätuna,Sunday,Grönsallad,Caesarsallad,1,0~1
Stockholm Mellan,ICA Sätuna,Sunday,Hönökaka,Ost,1,1~2
Stockholm Mellan,ICA Sätuna,Sunday,Hönökaka,Ost & Salami,1,1~2
Stockholm Mellan,ICA Sätuna,Sunday,Hönökaka,Ost & Skinka,1,1~2
Stockholm Mellan,ICA Sätuna,Sunday,Pastasallad,Kyckling & Salladsost,3,2~4
Stockholm Mellan,ICA Sätuna,Sunday,Pastasallad,Kyckling mangocurry,2,2~3
Stockholm Mellan,ICA Sätuna,Sunday,Pastasallad,Räkor,2,2~3
Stockholm Mellan,ICA Sätuna,Sunday,Sandwich,Clubsandwich,1,0~1
Stockholm Mellan,ICA Sätuna,Sunday,Sandwich,Kyckling Curry,1,1~2
Stockholm Mellan,ICA Sätuna,Sunday,Sandwich,Ägg & Avocadokräm,1,1~2
Stockholm Mellan,ICA Sätuna,Sunday,Wraps,Caesar Kyckling,4,3~5
Stockholm Mellan,ICA Sätuna,Sunday,Wraps,Kyckling Bacon,3,3~4
Stockholm Mellan,ICA Sätuna,Sunday,Wraps,Kyckling Curry,4,4~6
Stockholm Mellan,ICA Sätuna,Sunday,Wraps,Sweet Chili,4,3~4
Stockholm Mellan,ICA Sätuna,Monday,Pastasallad,Kyckling & Salladsost,1,1~1
Stockholm Mellan,ICA Sätuna,Monday,Pastasallad,Kyckling mangocurry,1,1~1
Stockholm Mellan,ICA Sätuna,Monday,Pastasallad,Räkor,1,1~1
Stockholm Mellan,ICA Sätuna,Monday,Wraps,Caesar Kyckling,1,1~2
Stockholm Mellan,ICA Sätuna,Monday,Wraps,Kyckling Bacon,1,1~1
Stockholm Mellan,ICA Sätuna,Monday,Wraps,Kyckling Curry,2,1~2
Stockholm Mellan,ICA Sätuna,Monday,Wraps,Sweet Chili,1,1~2
Stockholm Mellan,ICA Sätuna,Tuesday,Baguette,Salami & Brieost,1,1~1
Stockholm Mellan,ICA Sätuna,Tuesday,Baguette,Skagen,1,1~1
Stockholm Mellan,ICA Sätuna,Tuesday,Hönökaka,Ost,1,0~1
Stockholm Mellan,ICA Sätuna,Tuesday,Hönökaka,Ost & Salami,1,0~1
Stockholm Mellan,ICA Sätuna,Tuesday,Hönökaka,Ost & Skinka,1,0~1
Stockholm Mellan,ICA Sätuna,Tuesday,Pastasallad,Kyckling & Salladsost,2,2~3
Stockholm Mellan,ICA Sätuna,Tuesday,Pastasallad,Kyckling mangocurry,2,1~2
Stockholm Mellan,ICA Sätuna,Tuesday,Pastasallad,Räkor,2,1~2
Stockholm Mellan,ICA Sätuna,Tuesday,Sandwich,Kyckling Curry,1,0~1
Stockholm Mellan,ICA Sätuna,Tuesday,Sandwich,Ägg & Avocadokräm,1,1~1
Stockholm Mellan,ICA Sätuna,Tuesday,Wraps,Caesar Kyckling,3,2~4
Stockholm Mellan,ICA Sätuna,Tuesday,Wraps,Kyckling Bacon,2,2~3
Stockholm Mellan,ICA Sätuna,Tuesday,Wraps,Kyckling Curry,3,3~4
Stockholm Mellan,ICA Sätuna,Tuesday,Wraps,Sweet Chili,3,2~3
Stockholm Mellan,ICA Sätuna,Wednesday,Pastasallad,Kyckling & Salladsost,1,1~1
Stockholm Mellan,ICA Sätuna,Wednesday,Pastasallad,Kyckling mangocurry,1,0~1
Stockholm Mellan,ICA Sätuna,Wednesday,Pastasallad,Räkor,1,0~1
Stockholm Mellan,ICA Sätuna,Wednesday,Wraps,Caesar Kyckling,1,1~1
Stockholm Mellan,ICA Sätuna,Wednesday,Wraps,Kyckling Bacon,1,1~1
Stockholm Mellan,ICA Sätuna,Wednesday,Wraps,Kyckling Curry,1,1~2
Stockholm Mellan,ICA Sätuna,Wednesday,Wraps,Sweet Chili,1,1~1
Stockholm Mellan,ICA Sätuna,Thursday,Baguette,Kyckling Curry,1,1~2
Stockholm Mellan,ICA Sätuna,Thursday,Baguette,Salami & Brieost,2,1~2
Stockholm Mellan,ICA Sätuna,Thursday,Baguette,Skagen,2,1~2
Stockholm Mellan,ICA Sätuna,Thursday,Grönsallad,Caesarsallad,1,1~2
Stockholm Mellan,ICA Sätuna,Thursday,Hönökaka,Ost,1,1~2
Stockholm Mellan,ICA Sätuna,Thursday,Hönökaka,Ost & Salami,1,1~2
Stockholm Mellan,ICA Sätuna,Thursday,Hönökaka,Ost & Skinka,1,1~2
Stockholm Mellan,ICA Sätuna,Thursday,Pastasallad,Kyckling & Salladsost,2,1~3
Stockholm Mellan,ICA Sätuna,Thursday,Pastasallad,Kyckling mangocurry,2,2~4
Stockholm Mellan,ICA Sätuna,Thursday,Pastasallad,Räkor,2,2~4
Stockholm Mellan,ICA Sätuna,Thursday,Sandwich,Bacon & Äggröra,1,0~1
Stockholm Mellan,ICA Sätuna,Thursday,Sandwich,Clubsandwich,1,1~2
Stockholm Mellan,ICA Sätuna,Thursday,Sandwich,Kyckling Curry,1,1~2
Stockholm Mellan,ICA Sätuna,Thursday,Sandwich,Kyckling Pestoröra,1,0~1
Stockholm Mellan,ICA Sätuna,Thursday,Sandwich,Räkor,1,0~1
Stockholm Mellan,ICA Sätuna,Thursday,Sandwich,Ägg & Avocadokräm,2,1~2
Stockholm Mellan,ICA Sätuna,Thursday,Wraps,Caesar Kyckling,4,4~4
Stockholm Mellan,ICA Sätuna,Thursday,Wraps,Kyckling Bacon,4,2~5
Stockholm Mellan,ICA Sätuna,Thursday,Wraps,Kyckling Curry,5,3~5
Stockholm Mellan,ICA Sätuna,Thursday,Wraps,Sweet Chili,3,3~5
Stockholm Mellan,Myway Danderyd,Sunday,Baguette,Salami & Brieost,1,0~1
Stockholm Mellan,Myway Danderyd,Sunday,Fralla,Ost,4,3~4
Stockholm Mellan,Myway Danderyd,Sunday,Fralla,Ost & Skinka,5,4~6
Stockholm Mellan,Myway Danderyd,Sunday,Hönökaka,Ost,1,1~2
Stockholm Mellan,Myway Danderyd,Sunday,Hönökaka,Ost & Salami,1,0~1
Stockholm Mellan,Myway Danderyd,Sunday,Hönökaka,Ost & Skinka,1,1~2
Stockholm Mellan,Myway Danderyd,Sunday,Sandwich,Clubsandwich,1,1~2
Stockholm Mellan,Myway Danderyd,Sunday,Sandwich,Kyckling Curry,1,0~1
Stockholm Mellan,Myway Danderyd,Sunday,Sandwich,Ägg & Avocadokräm,1,0~1
Stockholm Mellan,Myway Danderyd,Sunday,Wraps,Caesar Kyckling,1,0~1
Stockholm Mellan,Myway Danderyd,Sunday,Wraps,Kyckling Bacon,1,1~2
Stockholm Mellan,Myway Danderyd,Sunday,Wraps,Kyckling Curry,1,1~2
Stockholm Mellan,Myway Danderyd,Sunday,Wraps,Sweet Chili,1,1~2
Stockholm Mellan,Myway Danderyd,Sunday,XL Frallor,Grovfralla Kalkon & Färskost,1,1~2
Stockholm Mellan,Myway Danderyd,Sunday,XL Frallor,Ost,1,0~1
Stockholm Mellan,Myway Danderyd,Sunday,XL Frallor,Ost & Skinka,1,1~2
Stockholm Mellan,Myway Danderyd,Monday,Fralla,Ost,1,1~2
Stockholm Mellan,Myway Danderyd,Monday,Fralla,Ost & Skinka,2,1~2
Stockholm Mellan,Myway Danderyd,Tuesday,Fralla,Ost,3,2~3
Stockholm Mellan,Myway Danderyd,Tuesday,Fralla,Ost & Skinka,4,3~5
Stockholm Mellan,Myway Danderyd,Tuesday,Hönökaka,Ost,1,0~1
Stockholm Mellan,Myway Danderyd,Tuesday,Hönökaka,Ost & Skinka,1,1~1
Stockholm Mellan,Myway Danderyd,Tuesday,Sandwich,Clubsandwich,1,0~1
Stockholm Mellan,Myway Danderyd,Tuesday,Wraps,Kyckling Bacon,1,0~1
Stockholm Mellan,Myway Danderyd,Tuesday,Wraps,Kyckling Curry,1,0~1
Stockholm Mellan,Myway Danderyd,Tuesday,Wraps,Sweet Chili,1,0~1
Stockholm Mellan,Myway Danderyd,Tuesday,XL Frallor,Grovfralla Kalkon & Färskost,1,0~1
Stockholm Mellan,Myway Danderyd,Tuesday,XL Frallor,Ost & Skinka,1,0~1
Stockholm Mellan,Myway Danderyd,Wednesday,Fralla,Ost,1,1~1
Stockholm Mellan,Myway Danderyd,Wednesday,Fralla,Ost & Skinka,1,1~2
Stockholm Mellan,Myway Danderyd,Thursday,Baguette,Kyckling Curry,1,0~1
Stockholm Mellan,Myway Danderyd,Thursday,Baguette,Kyckling Sweet Chili,1,0~1
Stockholm Mellan,Myway Danderyd,Thursday,Baguette,Ost & Skinka,1,0~1
Stockholm Mellan,Myway Danderyd,Thursday,Baguette,Salami & Brieost,1,1~2
Stockholm Mellan,Myway Danderyd,Thursday,Baguette,Skagen,1,0~1
Stockholm Mellan,Myway Danderyd,Thursday,Fralla,Ost,3,3~5
Stockholm Mellan,Myway Danderyd,Thursday,Fralla,Ost & Skinka,5,5~6
Stockholm Mellan,Myway Danderyd,Thursday,Hönökaka,Ost,1,1~2
Stockholm Mellan,Myway Danderyd,Thursday,Hönökaka,Ost & Salami,1,1~2
Stockholm Mellan,Myway Danderyd,Thursday,Hönökaka,Ost & Skinka,2,1~2
Stockholm Mellan,Myway Danderyd,Thursday,Pastasallad,Bacon & Kyckling,1,0~1
Stockholm Mellan,Myway Danderyd,Thursday,Pastasallad,Kyckling mangocurry,1,0~1
Stockholm Mellan,Myway Danderyd,Thursday,Sandwich,Bacon & Äggröra,1,0~1
Stockholm Mellan,Myway Danderyd,Thursday,Sandwich,Clubsandwich,1,1~2
Stockholm Mellan,Myway Danderyd,Thursday,Sandwich,Kyckling Curry,1,1~2
Stockholm Mellan,Myway Danderyd,Thursday,Sandwich,Kyckling Pestoröra,1,0~1
Stockholm Mellan,Myway Danderyd,Thursday,Sandwich,Räkor,1,0~1
Stockholm Mellan,Myway Danderyd,Thursday,Sandwich,Ägg & Avocadokräm,1,1~2
Stockholm Mellan,Myway Danderyd,Thursday,Wraps,Caesar Kyckling,1,1~2
Stockholm Mellan,Myway Danderyd,Thursday,Wraps,Kyckling Bacon,1,1~2
Stockholm Mellan,Myway Danderyd,Thursday,Wraps,Kyckling Curry,1,1~2
Stockholm Mellan,Myway Danderyd,Thursday,Wraps,Sweet Chili,1,1~2
Stockholm Mellan,Myway Danderyd,Thursday,XL Frallor,Grovfralla Kalkon & Färskost,1,1~2
Stockholm Mellan,Myway Danderyd,Thursday,XL Frallor,Ost,1,1~2
Stockholm Mellan,Myway Danderyd,Thursday,XL Frallor,Ost & Skinka,1,1~2
Stockholm Mellan,Quickstar SOLNA,Sunday,Fralla,Ost,2,2~3
Stockholm Mellan,Quickstar SOLNA,Sunday,Fralla,Ost & Skinka,2,2~3
Stockholm Mellan,Quickstar SOLNA,Sunday,Hönökaka,Ost,4,3~5
Stockholm Mellan,Quickstar SOLNA,Sunday,Hönökaka,Ost & Skinka,6,5~7
Stockholm Mellan,Quickstar SOLNA,Sunday,Pastasallad,Bacon & Kyckling,1,0~1
Stockholm Mellan,Quickstar SOLNA,Sunday,Pastasallad,Kyckling & Salladsost,1,0~1
Stockholm Mellan,Quickstar SOLNA,Sunday,Pastasallad,Kyckling mangocurry,1,1~2
Stockholm Mellan,Quickstar SOLNA,Sunday,Sandwich,Kyckling Curry,1,0~1
Stockholm Mellan,Quickstar SOLNA,Sunday,Sandwich,Kyckling Pestoröra,1,0~1
Stockholm Mellan,Quickstar SOLNA,Sunday,Sandwich,Räkor,1,0~1
Stockholm Mellan,Quickstar SOLNA,Sunday,Wraps,Caesar Kyckling,1,0~1
Stockholm Mellan,Quickstar SOLNA,Sunday,Wraps,Kyckling Bacon,1,1~2
Stockholm Mellan,Quickstar SOLNA,Sunday,XL Frallor,Ost & Skinka,1,0~1
Stockholm Mellan,Quickstar SOLNA,Monday,Fralla,Ost,1,1~1
Stockholm Mellan,Quickstar SOLNA,Monday,Fralla,Ost & Skinka,1,0~1
Stockholm Mellan,Quickstar SOLNA,Monday,Hönökaka,Ost,1,1~2
Stockholm Mellan,Quickstar SOLNA,Monday,Hönökaka,Ost & Skinka,2,2~2
Stockholm Mellan,Quickstar SOLNA,Tuesday,Fralla,Ost,2,1~2
Stockholm Mellan,Quickstar SOLNA,Tuesday,Fralla,Ost & Skinka,2,1~2
Stockholm Mellan,Quickstar SOLNA,Tuesday,Hönökaka,Ost,3,2~4
Stockholm Mellan,Quickstar SOLNA,Tuesday,Hönökaka,Ost & Skinka,4,4~5
Stockholm Mellan,Quickstar SOLNA,Tuesday,Pastasallad,Kyckling mangocurry,1,0~1
Stockholm Mellan,Quickstar SOLNA,Tuesday,Wraps,Kyckling Bacon,1,0~1
Stockholm Mellan,Quickstar SOLNA,Wednesday,Fralla,Ost,1,0~1
Stockholm Mellan,Quickstar SOLNA,Wednesday,Fralla,Ost & Skinka,1,0~1
Stockholm Mellan,Quickstar SOLNA,Wednesday,Hönökaka,Ost,1,1~1
Stockholm Mellan,Quickstar SOLNA,Wednesday,Hönökaka,Ost & Skinka,2,1~2
Stockholm Mellan,Quickstar SOLNA,Thursday,Baguette,Salami & Brieost,1,0~1
Stockholm Mellan,Quickstar SOLNA,Thursday,Baguette,Skagen,1,0~1
Stockholm Mellan,Quickstar SOLNA,Thursday,Fralla,Ost,2,2~4
Stockholm Mellan,Quickstar SOLNA,Thursday,Fralla,Ost & Skinka,1,2~3
Stockholm Mellan,Quickstar SOLNA,Thursday,Hönökaka,Ost,5,4~6
Stockholm Mellan,Quickstar SOLNA,Thursday,Hönökaka,Ost & Skinka,5,4~7
Stockholm Mellan,Quickstar SOLNA,Thursday,Pastasallad,Bacon & Kyckling,1,1~2
Stockholm Mellan,Quickstar SOLNA,Thursday,Pastasallad,Kyckling & Salladsost,1,1~2
Stockholm Mellan,Quickstar SOLNA,Thursday,Pastasallad,Kyckling mangocurry,1,1~2
Stockholm Mellan,Quickstar SOLNA,Thursday,Pastasallad,Ost & Skinka,1,0~1
Stockholm Mellan,Quickstar SOLNA,Thursday,Pastasallad,Räkor,1,0~1
Stockholm Mellan,Quickstar SOLNA,Thursday,Sandwich,Clubsandwich,1,0~1
Stockholm Mellan,Quickstar SOLNA,Thursday,Sandwich,Kyckling Curry,1,1~2
Stockholm Mellan,Quickstar SOLNA,Thursday,Sandwich,Kyckling Pestoröra,1,1~2
Stockholm Mellan,Quickstar SOLNA,Thursday,Sandwich,Räkor,1,1~2
Stockholm Mellan,Quickstar SOLNA,Thursday,Sandwich,Ägg & Avocadokräm,1,0~1
Stockholm Mellan,Quickstar SOLNA,Thursday,Varmrätt,Kycklingspett med ris,1,0~1
Stockholm Mellan,Quickstar SOLNA,Thursday,Varmrätt,Teriyakibiff med ris,1,0~1
Stockholm Mellan,Quickstar SOLNA,Thursday,Varmrätt,Teriyakikycklingfile med basmatiris,1,0~1
Stockholm Mellan,Quickstar SOLNA,Thursday,Wraps,Caesar Kyckling,1,1~2
Stockholm Mellan,Quickstar SOLNA,Thursday,Wraps,Kyckling Bacon,1,1~2
Stockholm Mellan,Quickstar SOLNA,Thursday,Wraps,Kyckling Curry,1,0~1
Stockholm Mellan,Quickstar SOLNA,Thursday,Wraps,Kycklingsallad Olivie,1,0~1
Stockholm Mellan,Quickstar SOLNA,Thursday,Wraps,Sweet Chili,1,0~1
Stockholm Mellan,Quickstar SOLNA,Thursday,XL Frallor,Grovfralla Kalkon & Färskost,1,0~1
Stockholm Mellan,Quickstar SOLNA,Thursday,XL Frallor,Ost & Skinka,1,1~2
Stockholm N,Coop Barkarby,Sunday,Baguette,Salami & Brieost,1,0~1
Stockholm N,Coop Barkarby,Sunday,Baguette,Skagen,1,0~1
Stockholm N,Coop Barkarby,Sunday,Fralla,Ost,1,0~1
Stockholm N,Coop Barkarby,Sunday,Fralla,Ost & Skinka,1,1~2
Stockholm N,Coop Barkarby,Sunday,Grönsallad,Caesarsallad,1,0~1
Stockholm N,Coop Barkarby,Sunday,Hönökaka,Ost & Salami,1,1~2
Stockholm N,Coop Barkarby,Sunday,Hönökaka,Ost & Skinka,1,0~1
Stockholm N,Coop Barkarby,Sunday,Pastasallad,Kyckling & Salladsost,1,1~2
Stockholm N,Coop Barkarby,Sunday,Pastasallad,Kyckling mangocurry,3,2~4
Stockholm N,Coop Barkarby,Sunday,Pastasallad,Räkor,2,2~3
Stockholm N,Coop Barkarby,Sunday,Sandwich,Clubsandwich,1,0~1
Stockholm N,Coop Barkarby,Sunday,Sandwich,Kyckling Curry,1,0~1
Stockholm N,Coop Barkarby,Sunday,Sandwich,Räkor,1,1~2
Stockholm N,Coop Barkarby,Sunday,Wraps,Caesar Kyckling,1,1~2
Stockholm N,Coop Barkarby,Sunday,Wraps,Kyckling Bacon,1,1~2
Stockholm N,Coop Barkarby,Sunday,Wraps,Kyckling Curry,2,2~3
Stockholm N,Coop Barkarby,Sunday,Wraps,Sweet Chili,1,1~2
Stockholm N,Coop Barkarby,Sunday,XL Frallor,Grovfralla Kalkon & Färskost,1,1~2
Stockholm N,Coop Barkarby,Sunday,XL Frallor,Ost & Skinka,1,0~1
Stockholm N,Coop Barkarby,Monday,Pastasallad,Kyckling mangocurry,1,1~1
Stockholm N,Coop Barkarby,Monday,Pastasallad,Räkor,1,0~1
Stockholm N,Coop Barkarby,Monday,Wraps,Kyckling Curry,1,0~1
Stockholm N,Coop Barkarby,Tuesday,Fralla,Ost & Skinka,1,1~1
Stockholm N,Coop Barkarby,Tuesday,Hönökaka,Ost & Salami,1,0~1
Stockholm N,Coop Barkarby,Tuesday,Pastasallad,Kyckling & Salladsost,1,1~1
Stockholm N,Coop Barkarby,Tuesday,Pastasallad,Kyckling mangocurry,2,2~3
Stockholm N,Coop Barkarby,Tuesday,Pastasallad,Räkor,2,1~2
Stockholm N,Coop Barkarby,Tuesday,Sandwich,Räkor,1,0~1
Stockholm N,Coop Barkarby,Tuesday,Wraps,Caesar Kyckling,1,1~1
Stockholm N,Coop Barkarby,Tuesday,Wraps,Kyckling Bacon,1,0~1
Stockholm N,Coop Barkarby,Tuesday,Wraps,Kyckling Curry,2,1~2
Stockholm N,Coop Barkarby,Tuesday,Wraps,Sweet Chili,1,0~1
Stockholm N,Coop Barkarby,Tuesday,XL Frallor,Grovfralla Kalkon & Färskost,1,0~1
Stockholm N,Coop Barkarby,Wednesday,Pastasallad,Kyckling mangocurry,1,1~1
Stockholm N,Coop Barkarby,Wednesday,Pastasallad,Räkor,1,0~1
Stockholm N,Coop Barkarby,Wednesday,Wraps,Kyckling Curry,1,0~1
Stockholm N,Coop Barkarby,Thursday,Baguette,Kyckling Curry,1,0~1
Stockholm N,Coop Barkarby,Thursday,Baguette,Ost & Skinka,1,0~1
Stockholm N,Coop Barkarby,Thursday,Baguette,Salami & Brieost,1,1~2
Stockholm N,Coop Barkarby,Thursday,Baguette,Skagen,1,1~2
Stockholm N,Coop Barkarby,Thursday,Fralla,Ost,1,1~2
Stockholm N,Coop Barkarby,Thursday,Fralla,Ost & Skinka,2,1~2
Stockholm N,Coop Barkarby,Thursday,Grönsallad,Caesarsallad,1,1~2
Stockholm N,Coop Barkarby,Thursday,Hönökaka,Ost & Salami,1,1~2
Stockholm N,Coop Barkarby,Thursday,Hönökaka,Ost & Skinka,1,1~2
Stockholm N,Coop Barkarby,Thursday,Pastasallad,Bacon & Kyckling,1,0~1
Stockholm N,Coop Barkarby,Thursday,Pastasallad,Kyckling & Salladsost,2,1~2
Stockholm N,Coop Barkarby,Thursday,Pastasallad,Kyckling kebab,1,0~1
Stockholm N,Coop Barkarby,Thursday,Pastasallad,Kyckling mangocurry,2,1~3
Stockholm N,Coop Barkarby,Thursday,Pastasallad,Räkor,1,2~3
Stockholm N,Coop Barkarby,Thursday,Sandwich,Clubsandwich,1,1~2
Stockholm N,Coop Barkarby,Thursday,Sandwich,Kyckling Curry,1,1~2
Stockholm N,Coop Barkarby,Thursday,Sandwich,Räkor,1,1~2
Stockholm N,Coop Barkarby,Thursday,Varmrätt,Cevapcici med bulgur,1,0~1
Stockholm N,Coop Barkarby,Thursday,Varmrätt,Falafel med bulgur,1,0~1
Stockholm N,Coop Barkarby,Thursday,Varmrätt,Kyckling-och böngryta,1,0~1
Stockholm N,Coop Barkarby,Thursday,Varmrätt,Kycklingpestosallad,1,0~1
Stockholm N,Coop Barkarby,Thursday,Varmrätt,Kycklingspett med ris,1,0~1
Stockholm N,Coop Barkarby,Thursday,Varmrätt,Pannbiff med Basmatiris,1,0~1
Stockholm N,Coop Barkarby,Thursday,Varmrätt,Tacobolognese med fullkornspasta,1,0~1
Stockholm N,Coop Barkarby,Thursday,Varmrätt,Teriyakikycklingfile med basmatiris,1,0~1
Stockholm N,Coop Barkarby,Thursday,Wraps,Caesar Kyckling,2,1~2
Stockholm N,Coop Barkarby,Thursday,Wraps,Kyckling Bacon,1,1~2
Stockholm N,Coop Barkarby,Thursday,Wraps,Kyckling Curry,1,2~3
Stockholm N,Coop Barkarby,Thursday,Wraps,Sweet Chili,1,1~2
Stockholm N,Coop Barkarby,Thursday,XL Frallor,Grovfralla Kalkon & Färskost,1,1~2
Stockholm N,Coop Barkarby,Thursday,XL Frallor,Ost,1,0~1
Stockholm N,Coop Barkarby,Thursday,XL Frallor,Ost & Skinka,1,1~2
Stockholm N,Coop Bromma,Sunday,Grönsallad,Caesarsallad,2,2~3
Stockholm N,Coop Bromma,Sunday,Hönökaka,Ost & Salami,2,2~3
Stockholm N,Coop Bromma,Sunday,Hönökaka,Ost & Skinka,2,2~3
Stockholm N,Coop Bromma,Sunday,Pastasallad,Bacon & Kyckling,2,2~3
Stockholm N,Coop Bromma,Sunday,Pastasallad,Kyckling & Salladsost,2,2~3
Stockholm N,Coop Bromma,Sunday,Sandwich,Clubsandwich,2,2~3
Stockholm N,Coop Bromma,Sunday,Varmrätt,Cevapcici med bulgur,1,0~1
Stockholm N,Coop Bromma,Sunday,Wraps,Caesar Kyckling,2,2~3
Stockholm N,Coop Bromma,Sunday,Wraps,Kyckling Bacon,2,2~3
Stockholm N,Coop Bromma,Sunday,Wraps,Sweet Chili,2,2~3
Stockholm N,Coop Bromma,Monday,Grönsallad,Caesarsallad,1,0~1
Stockholm N,Coop Bromma,Monday,Hönökaka,Ost & Salami,1,0~1
Stockholm N,Coop Bromma,Monday,Hönökaka,Ost & Skinka,1,0~1
Stockholm N,Coop Bromma,Monday,Pastasallad,Bacon & Kyckling,1,0~1
Stockholm N,Coop Bromma,Monday,Pastasallad,Kyckling & Salladsost,1,0~1
Stockholm N,Coop Bromma,Monday,Sandwich,Clubsandwich,1,1~1
Stockholm N,Coop Bromma,Monday,Wraps,Caesar Kyckling,1,0~1
Stockholm N,Coop Bromma,Monday,Wraps,Kyckling Bacon,1,0~1
Stockholm N,Coop Bromma,Monday,Wraps,Sweet Chili,1,0~1
Stockholm N,Coop Bromma,Tuesday,Grönsallad,Caesarsallad,2,1~2
Stockholm N,Coop Bromma,Tuesday,Hönökaka,Ost & Salami,2,1~2
Stockholm N,Coop Bromma,Tuesday,Hönökaka,Ost & Skinka,2,1~2
Stockholm N,Coop Bromma,Tuesday,Pastasallad,Bacon & Kyckling,2,1~2
Stockholm N,Coop Bromma,Tuesday,Pastasallad,Kyckling & Salladsost,2,1~2
Stockholm N,Coop Bromma,Tuesday,Sandwich,Clubsandwich,2,1~2
Stockholm N,Coop Bromma,Tuesday,Wraps,Caesar Kyckling,2,1~2
Stockholm N,Coop Bromma,Tuesday,Wraps,Kyckling Bacon,2,1~2
Stockholm N,Coop Bromma,Tuesday,Wraps,Sweet Chili,2,1~2
Stockholm N,Coop Bromma,Wednesday,Grönsallad,Caesarsallad,1,0~1
Stockholm N,Coop Bromma,Wednesday,Hönökaka,Ost & Salami,1,0~1
Stockholm N,Coop Bromma,Wednesday,Hönökaka,Ost & Skinka,1,0~1
Stockholm N,Coop Bromma,Wednesday,Pastasallad,Bacon & Kyckling,1,0~1
Stockholm N,Coop Bromma,Wednesday,Pastasallad,Kyckling & Salladsost,1,0~1
Stockholm N,Coop Bromma,Wednesday,Sandwich,Clubsandwich,1,0~1
Stockholm N,Coop Bromma,Wednesday,Wraps,Caesar Kyckling,1,0~1
Stockholm N,Coop Bromma,Wednesday,Wraps,Kyckling Bacon,1,0~1
Stockholm N,Coop Bromma,Wednesday,Wraps,Sweet Chili,1,0~1
Stockholm N,Coop Bromma,Thursday,Grönsallad,Caesarsallad,1,2~3
Stockholm N,Coop Bromma,Thursday,Hönökaka,Ost & Salami,1,2~3
Stockholm N,Coop Bromma,Thursday,Hönökaka,Ost & Skinka,1,2~3
Stockholm N,Coop Bromma,Thursday,Pastasallad,Bacon & Kyckling,1,2~3
Stockholm N,Coop Bromma,Thursday,Pastasallad,Kyckling & Salladsost,1,2~3
Stockholm N,Coop Bromma,Thursday,Sandwich,Clubsandwich,2,2~4
Stockholm N,Coop Bromma,Thursday,Varmrätt,Cevapcici med bulgur,1,1~2
Stockholm N,Coop Bromma,Thursday,Varmrätt,Kycklingkebab med bulgur,1,0~1
Stockholm N,Coop Bromma,Thursday,Varmrätt,Kycklingspett med ris,1,0~1
Stockholm N,Coop Bromma,Thursday,Varmrätt,Pannbiff med Basmatiris,1,0~1
Stockholm N,Coop Bromma,Thursday,Wraps,Caesar Kyckling,1,2~3
Stockholm N,Coop Bromma,Thursday,Wraps,Kyckling Bacon,1,2~3
Stockholm N,Coop Bromma,Thursday,Wraps,Sweet Chili,1,2~3
Stockholm N,Coop Brommaplan,Sunday,Baguette,Kyckling Curry,1,0~1
Stockholm N,Coop Brommaplan,Sunday,Baguette,Salami & Brieost,1,0~1
Stockholm N,Coop Brommaplan,Sunday,Baguette,Skagen,1,0~1
Stockholm N,Coop Brommaplan,Sunday,Fralla,Ost,1,0~1
Stockholm N,Coop Brommaplan,Sunday,Fralla,Ost & Skinka,3,2~4
Stockholm N,Coop Brommaplan,Sunday,Hönökaka,Ost,1,0~1
Stockholm N,Coop Brommaplan,Sunday,Hönökaka,Ost & Skinka,1,0~1
Stockholm N,Coop Brommaplan,Sunday,Pastasallad,Kyckling & Salladsost,1,0~1
Stockholm N,Coop Brommaplan,Sunday,Pastasallad,Kyckling mangocurry,2,2~3
Stockholm N,Coop Brommaplan,Sunday,Sandwich,Bacon & Äggröra,1,0~1
Stockholm N,Coop Brommaplan,Sunday,Sandwich,Clubsandwich,1,0~1
Stockholm N,Coop Brommaplan,Sunday,Wraps,Caesar Kyckling,3,2~4
Stockholm N,Coop Brommaplan,Sunday,Wraps,Kyckling Bacon,2,2~3
Stockholm N,Coop Brommaplan,Sunday,Wraps,Kyckling Curry,3,2~4
Stockholm N,Coop Brommaplan,Sunday,Wraps,Sweet Chili,1,0~1
Stockholm N,Coop Brommaplan,Sunday,XL Frallor,Ost & Skinka,1,0~1
Stockholm N,Coop Brommaplan,Monday,Fralla,Ost & Skinka,1,1~1
Stockholm N,Coop Brommaplan,Monday,Pastasallad,Kyckling mangocurry,1,1~1
Stockholm N,Coop Brommaplan,Monday,Wraps,Caesar Kyckling,1,1~1
Stockholm N,Coop Brommaplan,Monday,Wraps,Kyckling Bacon,1,0~1
Stockholm N,Coop Brommaplan,Monday,Wraps,Kyckling Curry,1,1~1
Stockholm N,Coop Brommaplan,Tuesday,Fralla,Ost & Skinka,2,2~3
Stockholm N,Coop Brommaplan,Tuesday,Pastasallad,Kyckling mangocurry,2,1~2
Stockholm N,Coop Brommaplan,Tuesday,Wraps,Caesar Kyckling,2,2~3
Stockholm N,Coop Brommaplan,Tuesday,Wraps,Kyckling Bacon,2,1~2
Stockholm N,Coop Brommaplan,Tuesday,Wraps,Kyckling Curry,2,2~3
Stockholm N,Coop Brommaplan,Wednesday,Fralla,Ost & Skinka,1,1~1
Stockholm N,Coop Brommaplan,Wednesday,Pastasallad,Kyckling mangocurry,1,0~1
Stockholm N,Coop Brommaplan,Wednesday,Wraps,Caesar Kyckling,1,1~1
Stockholm N,Coop Brommaplan,Wednesday,Wraps,Kyckling Bacon,1,0~1
Stockholm N,Coop Brommaplan,Wednesday,Wraps,Kyckling Curry,1,1~1
Stockholm N,Coop Brommaplan,Thursday,Baguette,Kyckling Curry,1,1~2
Stockholm N,Coop Brommaplan,Thursday,Baguette,Salami & Brieost,1,1~2
Stockholm N,Coop Brommaplan,Thursday,Baguette,Skagen,1,1~2
Stockholm N,Coop Brommaplan,Thursday,Fralla,Ost,1,1~2
Stockholm N,Coop Brommaplan,Thursday,Fralla,Ost & Skinka,2,1~3
Stockholm N,Coop Brommaplan,Thursday,Hönökaka,Ost,1,1~2
Stockholm N,Coop Brommaplan,Thursday,Hönökaka,Ost & Salami,1,0~1
Stockholm N,Coop Brommaplan,Thursday,Hönökaka,Ost & Skinka,1,1~2
Stockholm N,Coop Brommaplan,Thursday,Pastasallad,Kyckling & Salladsost,1,1~2
Stockholm N,Coop Brommaplan,Thursday,Pastasallad,Kyckling mangocurry,2,2~4
Stockholm N,Coop Brommaplan,Thursday,Sandwich,Bacon & Äggröra,1,1~2
Stockholm N,Coop Brommaplan,Thursday,Sandwich,Clubsandwich,1,1~2
Stockholm N,Coop Brommaplan,Thursday,Sandwich,Kyckling Curry,1,0~1
Stockholm N,Coop Brommaplan,Thursday,Sandwich,Räkor,1,0~1
Stockholm N,Coop Brommaplan,Thursday,Sandwich,Ägg & Avocadokräm,1,0~1
Stockholm N,Coop Brommaplan,Thursday,Wraps,Caesar Kyckling,2,1~3
Stockholm N,Coop Brommaplan,Thursday,Wraps,Kyckling Bacon,1,2~3
Stockholm N,Coop Brommaplan,Thursday,Wraps,Kyckling Curry,3,2~4
Stockholm N,Coop Brommaplan,Thursday,Wraps,Sweet Chili,1,1~2
Stockholm N,Coop Brommaplan,Thursday,XL Frallor,Grovfralla Kalkon & Färskost,1,0~1
Stockholm N,Coop Brommaplan,Thursday,XL Frallor,Ost,1,0~1
Stockholm N,Coop Brommaplan,Thursday,XL Frallor,Ost & Skinka,1,1~2
Stockholm N,Coop Bromsten,Sunday,Baguette,Salami & Brieost,1,0~1
Stockholm N,Coop Bromsten,Sunday,Baguette,Skagen,1,0~1
Stockholm N,Coop Bromsten,Sunday,Fralla,Ost,1,0~1
Stockholm N,Coop Bromsten,Sunday,Grönsallad,Caesarsallad,1,0~1
Stockholm N,Coop Bromsten,Sunday,Grönsallad,Kyckling,1,0~1
Stockholm N,Coop Bromsten,Sunday,Hönökaka,Ost,1,0~1
Stockholm N,Coop Bromsten,Sunday,Hönökaka,Ost & Skinka,3,2~4
Stockholm N,Coop Bromsten,Sunday,Pastasallad,Bacon & Kyckling,1,0~1
Stockholm N,Coop Bromsten,Sunday,Pastasallad,Kyckling & Salladsost,1,1~2
Stockholm N,Coop Bromsten,Sunday,Pastasallad,Kyckling mangocurry,1,1~2
Stockholm N,Coop Bromsten,Sunday,Pastasallad,Räkor,1,0~1
Stockholm N,Coop Bromsten,Sunday,Sandwich,Bacon & Äggröra,1,1~2
Stockholm N,Coop Bromsten,Sunday,Sandwich,Clubsandwich,2,2~3
Stockholm N,Coop Bromsten,Sunday,Sandwich,Kyckling Curry,1,1~2
Stockholm N,Coop Bromsten,Sunday,Sandwich,Kyckling Pestoröra,1,0~1
Stockholm N,Coop Bromsten,Sunday,Sandwich,Räkor,1,1~2
Stockholm N,Coop Bromsten,Sunday,Wraps,Caesar Kyckling,1,1~2
Stockholm N,Coop Bromsten,Sunday,Wraps,Kyckling Bacon,1,1~2
Stockholm N,Coop Bromsten,Sunday,Wraps,Kyckling Curry,3,2~4
Stockholm N,Coop Bromsten,Sunday,Wraps,Sweet Chili,1,0~1
Stockholm N,Coop Bromsten,Monday,Hönökaka,Ost & Skinka,1,1~1
Stockholm N,Coop Bromsten,Monday,Sandwich,Clubsandwich,1,1~1
Stockholm N,Coop Bromsten,Monday,Wraps,Kyckling Curry,1,1~1
Stockholm N,Coop Bromsten,Tuesday,Hönökaka,Ost & Skinka,2,2~3
Stockholm N,Coop Bromsten,Tuesday,Pastasallad,Kyckling & Salladsost,1,0~1
Stockholm N,Coop Bromsten,Tuesday,Pastasallad,Kyckling mangocurry,1,0~1
Stockholm N,Coop Bromsten,Tuesday,Sandwich,Bacon & Äggröra,1,0~1
Stockholm N,Coop Bromsten,Tuesday,Sandwich,Clubsandwich,2,1~2
Stockholm N,Coop Bromsten,Tuesday,Sandwich,Kyckling Curry,1,1~1
Stockholm N,Coop Bromsten,Tuesday,Sandwich,Räkor,1,0~1
Stockholm N,Coop Bromsten,Tuesday,Wraps,Caesar Kyckling,1,0~1
Stockholm N,Coop Bromsten,Tuesday,Wraps,Kyckling Bacon,1,0~1
Stockholm N,Coop Bromsten,Tuesday,Wraps,Kyckling Curry,2,2~3
Stockholm N,Coop Bromsten,Wednesday,Hönökaka,Ost & Skinka,1,1~1
Stockholm N,Coop Bromsten,Wednesday,Sandwich,Clubsandwich,1,0~1
Stockholm N,Coop Bromsten,Wednesday,Wraps,Kyckling Curry,1,1~1
Stockholm N,Coop Bromsten,Thursday,Baguette,Kycklingsallad Olivie,1,0~1
Stockholm N,Coop Bromsten,Thursday,Baguette,Salami & Brieost,1,1~2
Stockholm N,Coop Bromsten,Thursday,Baguette,Skagen,1,1~2
Stockholm N,Coop Bromsten,Thursday,Fralla,Ost,1,1~2
Stockholm N,Coop Bromsten,Thursday,Glutenfri Frallor,Glutenfri Ost & Skinka(endast söndagsbeställning),1,0~1
Stockholm N,Coop Bromsten,Thursday,Glutenfri Frallor,Glutenfri Pumpafralla Kalkon & Färskost(endast söndagsbeställning),1,0~1
Stockholm N,Coop Bromsten,Thursday,Grönsallad,Caesarsallad,1,1~2
Stockholm N,Coop Bromsten,Thursday,Grönsallad,Kyckling,1,1~2
Stockholm N,Coop Bromsten,Thursday,Hönökaka,Ost,1,1~2
Stockholm N,Coop Bromsten,Thursday,Hönökaka,Ost & Skinka,3,2~4
Stockholm N,Coop Bromsten,Thursday,Pastasallad,Bacon & Kyckling,1,1~2
Stockholm N,Coop Bromsten,Thursday,Pastasallad,Kyckling & Salladsost,1,1~2
Stockholm N,Coop Bromsten,Thursday,Pastasallad,Kyckling mangocurry,1,1~2
Stockholm N,Coop Bromsten,Thursday,Pastasallad,Ost & Skinka,1,0~1
Stockholm N,Coop Bromsten,Thursday,Pastasallad,Räkor,1,1~2
Stockholm N,Coop Bromsten,Thursday,Sandwich,Bacon & Äggröra,1,1~2
Stockholm N,Coop Bromsten,Thursday,Sandwich,Clubsandwich,2,2~4
Stockholm N,Coop Bromsten,Thursday,Sandwich,Kyckling Curry,2,1~2
Stockholm N,Coop Bromsten,Thursday,Sandwich,Kyckling Pestoröra,1,1~2
Stockholm N,Coop Bromsten,Thursday,Sandwich,Räkor,1,1~2
Stockholm N,Coop Bromsten,Thursday,Wraps,Caesar Kyckling,1,1~2
Stockholm N,Coop Bromsten,Thursday,Wraps,Kyckling Bacon,1,1~2
Stockholm N,Coop Bromsten,Thursday,Wraps,Kyckling Curry,2,1~3
Stockholm N,Coop Bromsten,Thursday,Wraps,Sweet Chili,1,1~2
Stockholm N,Coop Kungsängen,Sunday,Baguette,Kyckling Curry,2,2~3
Stockholm N,Coop Kungsängen,Sunday,Baguette,Ost & Skinka,1,0~1
Stockholm N,Coop Kungsängen,Sunday,Baguette,Salami & Brieost,1,1~2
Stockholm N,Coop Kungsängen,Sunday,Baguette,Skagen,3,2~4
Stockholm N,Coop Kungsängen,Sunday,Fralla,Ost,4,3~5
Stockholm N,Coop Kungsängen,Sunday,Fralla,Ost & Skinka,5,4~6
Stockholm N,Coop Kungsängen,Sunday,Grönsallad,Caesarsallad,1,0~1
Stockholm N,Coop Kungsängen,Sunday,Hönökaka,Ost,1,1~2
Stockholm N,Coop Kungsängen,Sunday,Hönökaka,Ost & Salami,1,1~2
Stockholm N,Coop Kungsängen,Sunday,Hönökaka,Ost & Skinka,2,2~3
Stockholm N,Coop Kungsängen,Sunday,Pastasallad,Kyckling & Salladsost,2,2~3
Stockholm N,Coop Kungsängen,Sunday,Pastasallad,Kyckling mangocurry,3,2~4
Stockholm N,Coop Kungsängen,Sunday,Pastasallad,Räkor,3,2~4
Stockholm N,Coop Kungsängen,Sunday,Sandwich,Clubsandwich,1,1~2
Stockholm N,Coop Kungsängen,Sunday,Sandwich,Kyckling Curry,1,0~1
Stockholm N,Coop Kungsängen,Sunday,Sandwich,Kyckling Pestoröra,1,1~2
Stockholm N,Coop Kungsängen,Sunday,Sandwich,Räkor,2,2~3
Stockholm N,Coop Kungsängen,Sunday,Wraps,Caesar Kyckling,2,2~3
Stockholm N,Coop Kungsängen,Sunday,Wraps,Kyckling Curry,4,3~4
Stockholm N,Coop Kungsängen,Sunday,Wraps,Sweet Chili,2,2~3
Stockholm N,Coop Kungsängen,Sunday,XL Frallor,Grovfralla Kalkon & Färskost,2,2~3
Stockholm N,Coop Kungsängen,Sunday,XL Frallor,Ost,1,1~2
Stockholm N,Coop Kungsängen,Sunday,XL Frallor,Ost & Skinka,2,2~3
Stockholm N,Coop Kungsängen,Monday,Baguette,Kyckling Curry,1,0~1
Stockholm N,Coop Kungsängen,Monday,Baguette,Skagen,1,1~1
Stockholm N,Coop Kungsängen,Monday,Fralla,Ost,1,1~2
Stockholm N,Coop Kungsängen,Monday,Fralla,Ost & Skinka,2,1~2
Stockholm N,Coop Kungsängen,Monday,Hönökaka,Ost & Skinka,1,0~1
Stockholm N,Coop Kungsängen,Monday,Pastasallad,Kyckling & Salladsost,1,1~1
Stockholm N,Coop Kungsängen,Monday,Pastasallad,Kyckling mangocurry,1,1~1
Stockholm N,Coop Kungsängen,Monday,Pastasallad,Räkor,1,1~1
Stockholm N,Coop Kungsängen,Monday,Sandwich,Räkor,1,0~1
Stockholm N,Coop Kungsängen,Monday,Wraps,Caesar Kyckling,1,1~1
Stockholm N,Coop Kungsängen,Monday,Wraps,Kyckling Curry,1,1~2
Stockholm N,Coop Kungsängen,Monday,Wraps,Sweet Chili,1,0~1
Stockholm N,Coop Kungsängen,Monday,XL Frallor,Grovfralla Kalkon & Färskost,1,0~1
Stockholm N,Coop Kungsängen,Monday,XL Frallor,Ost & Skinka,1,0~1
Stockholm N,Coop Kungsängen,Tuesday,Baguette,Kyckling Curry,2,1~2
Stockholm N,Coop Kungsängen,Tuesday,Baguette,Salami & Brieost,1,0~1
Stockholm N,Coop Kungsängen,Tuesday,Baguette,Skagen,2,2~3
Stockholm N,Coop Kungsängen,Tuesday,Fralla,Ost,3,2~4
Stockholm N,Coop Kungsängen,Tuesday,Fralla,Ost & Skinka,4,3~4
Stockholm N,Coop Kungsängen,Tuesday,Hönökaka,Ost,1,0~1
Stockholm N,Coop Kungsängen,Tuesday,Hönökaka,Ost & Salami,1,0~1
Stockholm N,Coop Kungsängen,Tuesday,Hönökaka,Ost & Skinka,2,1~2
Stockholm N,Coop Kungsängen,Tuesday,Pastasallad,Kyckling & Salladsost,2,1~2
Stockholm N,Coop Kungsängen,Tuesday,Pastasallad,Kyckling mangocurry,2,2~3
Stockholm N,Coop Kungsängen,Tuesday,Pastasallad,Räkor,2,2~3
Stockholm N,Coop Kungsängen,Tuesday,Sandwich,Clubsandwich,1,0~1
Stockholm N,Coop Kungsängen,Tuesday,Sandwich,Kyckling Pestoröra,1,0~1
Stockholm N,Coop Kungsängen,Tuesday,Sandwich,Räkor,2,1~2
Stockholm N,Coop Kungsängen,Tuesday,Wraps,Caesar Kyckling,2,1~2
Stockholm N,Coop Kungsängen,Tuesday,Wraps,Kyckling Curry,3,2~3
Stockholm N,Coop Kungsängen,Tuesday,Wraps,Sweet Chili,2,1~2
Stockholm N,Coop Kungsängen,Tuesday,XL Frallor,Grovfralla Kalkon & Färskost,2,1~2
Stockholm N,Coop Kungsängen,Tuesday,XL Frallor,Ost,1,1~1
Stockholm N,Coop Kungsängen,Tuesday,XL Frallor,Ost & Skinka,2,1~2
Stockholm N,Coop Kungsängen,Wednesday,Baguette,Kyckling Curry,1,0~1
Stockholm N,Coop Kungsängen,Wednesday,Baguette,Skagen,1,1~1
Stockholm N,Coop Kungsängen,Wednesday,Fralla,Ost,1,1~1
Stockholm N,Coop Kungsängen,Wednesday,Fralla,Ost & Skinka,1,1~2
Stockholm N,Coop Kungsängen,Wednesday,Hönökaka,Ost & Skinka,1,0~1
Stockholm N,Coop Kungsängen,Wednesday,Pastasallad,Kyckling & Salladsost,1,0~1
Stockholm N,Coop Kungsängen,Wednesday,Pastasallad,Kyckling mangocurry,1,1~1
Stockholm N,Coop Kungsängen,Wednesday,Pastasallad,Räkor,1,1~1
Stockholm N,Coop Kungsängen,Wednesday,Sandwich,Räkor,1,0~1
Stockholm N,Coop Kungsängen,Wednesday,Wraps,Caesar Kyckling,1,0~1
Stockholm N,Coop Kungsängen,Wednesday,Wraps,Kyckling Curry,1,1~1
Stockholm N,Coop Kungsängen,Wednesday,Wraps,Sweet Chili,1,0~1
Stockholm N,Coop Kungsängen,Wednesday,XL Frallor,Grovfralla Kalkon & Färskost,1,0~1
Stockholm N,Coop Kungsängen,Wednesday,XL Frallor,Ost & Skinka,1,0~1
Stockholm N,Coop Kungsängen,Thursday,Baguette,Kyckling Curry,1,2~3
Stockholm N,Coop Kungsängen,Thursday,Baguette,Kyckling Sweet Chili,1,0~1
Stockholm N,Coop Kungsängen,Thursday,Baguette,Ost & Skinka,1,1~2
Stockholm N,Coop Kungsängen,Thursday,Baguette,Salami & Brieost,1,1~2
Stockholm N,Coop Kungsängen,Thursday,Baguette,Skagen,2,1~3
Stockholm N,Coop Kungsängen,Thursday,Fralla,Ost,5,4~6
Stockholm N,Coop Kungsängen,Thursday,Fralla,Ost & Skinka,4,4~6
Stockholm N,Coop Kungsängen,Thursday,Grönsallad,Caesarsallad,1,1~2
Stockholm N,Coop Kungsängen,Thursday,Hönökaka,Ost,1,1~2
Stockholm N,Coop Kungsängen,Thursday,Hönökaka,Ost & Salami,1,1~2
Stockholm N,Coop Kungsängen,Thursday,Hönökaka,Ost & Skinka,1,2~3
Stockholm N,Coop Kungsängen,Thursday,Pastasallad,Bacon & Kyckling,1,0~1
Stockholm N,Coop Kungsängen,Thursday,Pastasallad,Kyckling & Salladsost,2,2~4
Stockholm N,Coop Kungsängen,Thursday,Pastasallad,Kyckling mangocurry,3,2~4
Stockholm N,Coop Kungsängen,Thursday,Pastasallad,Räkor,2,1~3
Stockholm N,Coop Kungsängen,Thursday,Sandwich,Clubsandwich,1,1~2
Stockholm N,Coop Kungsängen,Thursday,Sandwich,Kyckling Curry,1,1~2
Stockholm N,Coop Kungsängen,Thursday,Sandwich,Kyckling Pestoröra,1,1~2
Stockholm N,Coop Kungsängen,Thursday,Sandwich,Räkor,1,2~3
Stockholm N,Coop Kungsängen,Thursday,Sandwich,Ägg & Avocadokräm,1,0~1
Stockholm N,Coop Kungsängen,Thursday,Varmrätt,Cevapcici med bulgur,1,0~1
Stockholm N,Coop Kungsängen,Thursday,Varmrätt,Falafel med bulgur,1,0~1
Stockholm N,Coop Kungsängen,Thursday,Varmrätt,Kyckling-och böngryta,1,0~1
Stockholm N,Coop Kungsängen,Thursday,Varmrätt,Kycklingkebab med bulgur,1,0~1
Stockholm N,Coop Kungsängen,Thursday,Varmrätt,Kycklingpestosallad,1,0~1
Stockholm N,Coop Kungsängen,Thursday,Varmrätt,Kycklingspett med ris,1,0~1
Stockholm N,Coop Kungsängen,Thursday,Varmrätt,Pannbiff med Basmatiris,1,0~1
Stockholm N,Coop Kungsängen,Thursday,Varmrätt,Tacobolognese med fullkornspasta,1,0~1
Stockholm N,Coop Kungsängen,Thursday,Varmrätt,Teriyakibiff med ris,1,0~1
Stockholm N,Coop Kungsängen,Thursday,Varmrätt,Teriyakikycklingfile med basmatiris,1,0~1
Stockholm N,Coop Kungsängen,Thursday,Wraps,Caesar Kyckling,2,2~4
Stockholm N,Coop Kungsängen,Thursday,Wraps,Kyckling Bacon,1,0~1
Stockholm N,Coop Kungsängen,Thursday,Wraps,Kyckling Curry,3,3~5
Stockholm N,Coop Kungsängen,Thursday,Wraps,Sweet Chili,1,2~3
Stockholm N,Coop Kungsängen,Thursday,XL Frallor,Grovfralla Kalkon & Färskost,1,2~3
Stockholm N,Coop Kungsängen,Thursday,XL Frallor,Ost,2,1~2
Stockholm N,Coop Kungsängen,Thursday,XL Frallor,Ost & Skinka,1,2~3
Stockholm N,Coop Spånga-torg,Sunday,Fralla,Ost,1,0~1
Stockholm N,Coop Spånga-torg,Sunday,Fralla,Ost & Skinka,1,1~2
Stockholm N,Coop Spånga-torg,Sunday,Hönökaka,Ost,1,1~2
Stockholm N,Coop Spånga-torg,Sunday,Hönökaka,Ost & Skinka,3,2~4
Stockholm N,Coop Spånga-torg,Sunday,Sandwich,Bacon & Äggröra,1,1~2
Stockholm N,Coop Spånga-torg,Sunday,Sandwich,Clubsandwich,3,2~4
Stockholm N,Coop Spånga-torg,Sunday,Sandwich,Kyckling Curry,1,0~1
Stockholm N,Coop Spånga-torg,Sunday,Sandwich,Räkor,1,0~1
Stockholm N,Coop Spånga-torg,Sunday,Wraps,Caesar Kyckling,4,3~4
Stockholm N,Coop Spånga-torg,Sunday,Wraps,Kyckling Bacon,1,1~2
Stockholm N,Coop Spånga-torg,Sunday,Wraps,Kyckling Curry,2,2~3
Stockholm N,Coop Spånga-torg,Sunday,Wraps,Sweet Chili,1,0~1
Stockholm N,Coop Spånga-torg,Monday,Hönökaka,Ost & Skinka,1,1~1
Stockholm N,Coop Spånga-torg,Monday,Sandwich,Clubsandwich,1,1~1
Stockholm N,Coop Spånga-torg,Monday,Wraps,Caesar Kyckling,1,1~2
Stockholm N,Coop Spånga-torg,Monday,Wraps,Kyckling Curry,1,1~1
Stockholm N,Coop Spånga-torg,Tuesday,Fralla,Ost & Skinka,1,0~1
Stockholm N,Coop Spånga-torg,Tuesday,Hönökaka,Ost,1,0~1
Stockholm N,Coop Spånga-torg,Tuesday,Hönökaka,Ost & Skinka,2,2~3
Stockholm N,Coop Spånga-torg,Tuesday,Sandwich,Bacon & Äggröra,1,0~1
Stockholm N,Coop Spånga-torg,Tuesday,Sandwich,Clubsandwich,2,2~3
Stockholm N,Coop Spånga-torg,Tuesday,Wraps,Caesar Kyckling,3,2~3
Stockholm N,Coop Spånga-torg,Tuesday,Wraps,Kyckling Bacon,1,1~1
Stockholm N,Coop Spånga-torg,Tuesday,Wraps,Kyckling Curry,2,1~2
Stockholm N,Coop Spånga-torg,Wednesday,Hönökaka,Ost & Skinka,1,1~1
Stockholm N,Coop Spånga-torg,Wednesday,Sandwich,Clubsandwich,1,1~1
Stockholm N,Coop Spånga-torg,Wednesday,Wraps,Caesar Kyckling,1,1~1
Stockholm N,Coop Spånga-torg,Wednesday,Wraps,Kyckling Curry,1,0~1
Stockholm N,Coop Spånga-torg,Thursday,Fralla,Ost,1,1~2
Stockholm N,Coop Spånga-torg,Thursday,Fralla,Ost & Skinka,1,1~2
Stockholm N,Coop Spånga-torg,Thursday,Hönökaka,Ost,1,1~2
Stockholm N,Coop Spånga-torg,Thursday,Hönökaka,Ost & Skinka,2,1~3
Stockholm N,Coop Spånga-torg,Thursday,Räkmacka Liten,Räkmacka liten,1,0~1
Stockholm N,Coop Spånga-torg,Thursday,Sandwich,Bacon & Äggröra,1,1~2
Stockholm N,Coop Spånga-torg,Thursday,Sandwich,Clubsandwich,2,1~3
Stockholm N,Coop Spånga-torg,Thursday,Sandwich,Kyckling Curry,1,1~2
Stockholm N,Coop Spånga-torg,Thursday,Sandwich,Kyckling Pestoröra,1,0~1
Stockholm N,Coop Spånga-torg,Thursday,Sandwich,Räkor,1,1~2
Stockholm N,Coop Spånga-torg,Thursday,Wraps,Caesar Kyckling,3,3~5
Stockholm N,Coop Spånga-torg,Thursday,Wraps,Kyckling Bacon,2,1~2
Stockholm N,Coop Spånga-torg,Thursday,Wraps,Kyckling Curry,2,2~4
Stockholm N,Coop Spånga-torg,Thursday,Wraps,Sweet Chili,1,1~2
Stockholm N,Coop Sundby Park,Sunday,Baguette,Kyckling Curry,1,0~1
Stockholm N,Coop Sundby Park,Sunday,Baguette,Kyckling Sweet Chili,1,0~1
Stockholm N,Coop Sundby Park,Sunday,Baguette,Ost & Skinka,2,2~3
Stockholm N,Coop Sundby Park,Sunday,Baguette,Salami & Brieost,3,2~4
Stockholm N,Coop Sundby Park,Sunday,Baguette,Skagen,3,2~4
Stockholm N,Coop Sundby Park,Sunday,Fralla,Ost,2,2~3
Stockholm N,Coop Sundby Park,Sunday,Fralla,Ost & Skinka,2,2~3
Stockholm N,Coop Sundby Park,Sunday,Grönsallad,Caesarsallad,1,1~2
Stockholm N,Coop Sundby Park,Sunday,Grönsallad,Kyckling,1,1~2
Stockholm N,Coop Sundby Park,Sunday,Hönökaka,Ost,2,2~3
Stockholm N,Coop Sundby Park,Sunday,Hönökaka,Ost & Salami,1,0~1
Stockholm N,Coop Sundby Park,Sunday,Hönökaka,Ost & Skinka,2,2~3
Stockholm N,Coop Sundby Park,Sunday,Pastasallad,Bacon & Kyckling,2,2~3
Stockholm N,Coop Sundby Park,Sunday,Pastasallad,Kyckling & Salladsost,2,2~3
Stockholm N,Coop Sundby Park,Sunday,Pastasallad,Kyckling mangocurry,3,3~4
Stockholm N,Coop Sundby Park,Sunday,Pastasallad,Ost & Skinka,1,1~2
Stockholm N,Coop Sundby Park,Sunday,Pastasallad,Räkor,2,2~3
Stockholm N,Coop Sundby Park,Sunday,Sandwich,Bacon & Äggröra,1,0~1
Stockholm N,Coop Sundby Park,Sunday,Sandwich,Clubsandwich,2,2~3
Stockholm N,Coop Sundby Park,Sunday,Sandwich,Kyckling Curry,1,1~2
Stockholm N,Coop Sundby Park,Sunday,Sandwich,Kyckling Pestoröra,1,0~1
Stockholm N,Coop Sundby Park,Sunday,Sandwich,Räkor,1,1~2
Stockholm N,Coop Sundby Park,Sunday,Sandwich,Ägg & Avocadokräm,1,0~1
Stockholm N,Coop Sundby Park,Sunday,Wraps,Caesar Kyckling,4,4~6
Stockholm N,Coop Sundby Park,Sunday,Wraps,Kyckling Bacon,4,3~5
Stockholm N,Coop Sundby Park,Sunday,Wraps,Kyckling Curry,5,4~6
Stockholm N,Coop Sundby Park,Sunday,Wraps,Sweet Chili,4,3~4
Stockholm N,Coop Sundby Park,Monday,Baguette,Ost & Skinka,1,1~1
Stockholm N,Coop Sundby Park,Monday,Baguette,Salami & Brieost,1,1~1
Stockholm N,Coop Sundby Park,Monday,Baguette,Skagen,1,1~1
Stockholm N,Coop Sundby Park,Monday,Fralla,Ost,1,0~1
Stockholm N,Coop Sundby Park,Monday,Fralla,Ost & Skinka,1,1~1
Stockholm N,Coop Sundby Park,Monday,Hönökaka,Ost,1,0~1
Stockholm N,Coop Sundby Park,Monday,Hönökaka,Ost & Skinka,1,0~1
Stockholm N,Coop Sundby Park,Monday,Pastasallad,Bacon & Kyckling,1,0~1
Stockholm N,Coop Sundby Park,Monday,Pastasallad,Kyckling & Salladsost,1,1~1
Stockholm N,Coop Sundby Park,Monday,Pastasallad,Kyckling mangocurry,1,1~1
Stockholm N,Coop Sundby Park,Monday,Pastasallad,Räkor,1,1~1
Stockholm N,Coop Sundby Park,Monday,Sandwich,Clubsandwich,1,0~1
Stockholm N,Coop Sundby Park,Monday,Wraps,Caesar Kyckling,2,1~2
Stockholm N,Coop Sundby Park,Monday,Wraps,Kyckling Bacon,1,1~2
Stockholm N,Coop Sundby Park,Monday,Wraps,Kyckling Curry,2,1~2
Stockholm N,Coop Sundby Park,Monday,Wraps,Sweet Chili,1,1~2
Stockholm N,Coop Sundby Park,Tuesday,Baguette,Ost & Skinka,2,1~2
Stockholm N,Coop Sundby Park,Tuesday,Baguette,Salami & Brieost,2,2~3
Stockholm N,Coop Sundby Park,Tuesday,Baguette,Skagen,2,2~3
Stockholm N,Coop Sundby Park,Tuesday,Fralla,Ost,2,1~2
Stockholm N,Coop Sundby Park,Tuesday,Fralla,Ost & Skinka,2,1~2
Stockholm N,Coop Sundby Park,Tuesday,Grönsallad,Caesarsallad,1,1~1
Stockholm N,Coop Sundby Park,Tuesday,Grönsallad,Kyckling,1,0~1
Stockholm N,Coop Sundby Park,Tuesday,Hönökaka,Ost,2,1~2
Stockholm N,Coop Sundby Park,Tuesday,Hönökaka,Ost & Skinka,2,1~2
Stockholm N,Coop Sundby Park,Tuesday,Pastasallad,Bacon & Kyckling,2,1~2
Stockholm N,Coop Sundby Park,Tuesday,Pastasallad,Kyckling & Salladsost,2,1~2
Stockholm N,Coop Sundby Park,Tuesday,Pastasallad,Kyckling mangocurry,2,2~3
Stockholm N,Coop Sundby Park,Tuesday,Pastasallad,Ost & Skinka,1,1~1
Stockholm N,Coop Sundby Park,Tuesday,Pastasallad,Räkor,2,1~2
Stockholm N,Coop Sundby Park,Tuesday,Sandwich,Clubsandwich,2,1~2
Stockholm N,Coop Sundby Park,Tuesday,Sandwich,Kyckling Curry,1,0~1
Stockholm N,Coop Sundby Park,Tuesday,Sandwich,Räkor,1,0~1
Stockholm N,Coop Sundby Park,Tuesday,Wraps,Caesar Kyckling,3,3~4
Stockholm N,Coop Sundby Park,Tuesday,Wraps,Kyckling Bacon,3,2~4
Stockholm N,Coop Sundby Park,Tuesday,Wraps,Kyckling Curry,4,3~5
Stockholm N,Coop Sundby Park,Tuesday,Wraps,Sweet Chili,3,2~3
Stockholm N,Coop Sundby Park,Wednesday,Baguette,Ost & Skinka,1,0~1
Stockholm N,Coop Sundby Park,Wednesday,Baguette,Salami & Brieost,1,1~1
Stockholm N,Coop Sundby Park,Wednesday,Baguette,Skagen,1,1~1
Stockholm N,Coop Sundby Park,Wednesday,Fralla,Ost,1,0~1
Stockholm N,Coop Sundby Park,Wednesday,Fralla,Ost & Skinka,1,0~1
Stockholm N,Coop Sundby Park,Wednesday,Hönökaka,Ost,1,0~1
Stockholm N,Coop Sundby Park,Wednesday,Hönökaka,Ost & Skinka,1,0~1
Stockholm N,Coop Sundby Park,Wednesday,Pastasallad,Bacon & Kyckling,1,0~1
Stockholm N,Coop Sundby Park,Wednesday,Pastasallad,Kyckling & Salladsost,1,0~1
Stockholm N,Coop Sundby Park,Wednesday,Pastasallad,Kyckling mangocurry,1,1~1
Stockholm N,Coop Sundby Park,Wednesday,Pastasallad,Räkor,1,0~1
Stockholm N,Coop Sundby Park,Wednesday,Sandwich,Clubsandwich,1,0~1
Stockholm N,Coop Sundby Park,Wednesday,Wraps,Caesar Kyckling,1,1~2
Stockholm N,Coop Sundby Park,Wednesday,Wraps,Kyckling Bacon,1,1~1
Stockholm N,Coop Sundby Park,Wednesday,Wraps,Kyckling Curry,1,1~2
Stockholm N,Coop Sundby Park,Wednesday,Wraps,Sweet Chili,1,1~1
Stockholm N,Coop Sundby Park,Thursday,Baguette,Kyckling Curry,1,1~2
Stockholm N,Coop Sundby Park,Thursday,Baguette,Kyckling Sweet Chili,1,1~2
Stockholm N,Coop Sundby Park,Thursday,Baguette,Ost & Skinka,2,2~4
Stockholm N,Coop Sundby Park,Thursday,Baguette,Salami & Brieost,2,1~3
Stockholm N,Coop Sundby Park,Thursday,Baguette,Skagen,2,1~3
Stockholm N,Coop Sundby Park,Thursday,Fralla,Ost,1,2~3
Stockholm N,Coop Sundby Park,Thursday,Fralla,Ost & Skinka,2,2~4
Stockholm N,Coop Sundby Park,Thursday,Glutenfri Frallor,Glutenfri Pumpafralla Kalkon & Färskost(endast söndagsbeställning),1,0~1
Stockholm N,Coop Sundby Park,Thursday,Grönsallad,Caesarsallad,2,1~2
Stockholm N,Coop Sundby Park,Thursday,Grönsallad,Kyckling,1,1~2
Stockholm N,Coop Sundby Park,Thursday,Hönökaka,Ost,1,2~3
Stockholm N,Coop Sundby Park,Thursday,Hönökaka,Ost & Salami,1,1~2
Stockholm N,Coop Sundby Park,Thursday,Hönökaka,Ost & Skinka,1,2~3
Stockholm N,Coop Sundby Park,Thursday,Pastasallad,Bacon & Kyckling,1,2~3
Stockholm N,Coop Sundby Park,Thursday,Pastasallad,Kyckling & Salladsost,2,2~4
Stockholm N,Coop Sundby Park,Thursday,Pastasallad,Kyckling kebab,1,0~1
Stockholm N,Coop Sundby Park,Thursday,Pastasallad,Kyckling mangocurry,4,2~5
Stockholm N,Coop Sundby Park,Thursday,Pastasallad,Ost & Skinka,2,1~2
Stockholm N,Coop Sundby Park,Thursday,Pastasallad,Räkor,2,2~4
Stockholm N,Coop Sundby Park,Thursday,Sandwich,Bacon & Äggröra,1,1~2
Stockholm N,Coop Sundby Park,Thursday,Sandwich,Clubsandwich,1,2~3
Stockholm N,Coop Sundby Park,Thursday,Sandwich,Kyckling Curry,1,1~2
Stockholm N,Coop Sundby Park,Thursday,Sandwich,Kyckling Pestoröra,1,1~2
Stockholm N,Coop Sundby Park,Thursday,Sandwich,Räkor,1,1~2
Stockholm N,Coop Sundby Park,Thursday,Sandwich,Ägg & Avocadokräm,1,1~2
Stockholm N,Coop Sundby Park,Thursday,Wraps,Caesar Kyckling,5,3~5
Stockholm N,Coop Sundby Park,Thursday,Wraps,Kyckling Bacon,5,4~6
Stockholm N,Coop Sundby Park,Thursday,Wraps,Kyckling Curry,5,5~6
Stockholm N,Coop Sundby Park,Thursday,Wraps,Sweet Chili,3,3~5
Stockholm N,Coop Tibble,Sunday,Baguette,Kyckling Curry,1,0~1
Stockholm N,Coop Tibble,Sunday,Baguette,Kyckling Sweet Chili,1,0~1
Stockholm N,Coop Tibble,Sunday,Pastasallad,Kyckling & Salladsost,2,2~3
Stockholm N,Coop Tibble,Sunday,Pastasallad,Kyckling mangocurry,2,2~3
Stockholm N,Coop Tibble,Sunday,Pastasallad,Räkor,1,0~1
Stockholm N,Coop Tibble,Sunday,Wraps,Kyckling Bacon,1,0~1
Stockholm N,Coop Tibble,Sunday,Wraps,Sweet Chili,1,0~1
Stockholm N,Coop Tibble,Monday,Pastasallad,Kyckling & Salladsost,1,0~1
Stockholm N,Coop Tibble,Monday,Pastasallad,Kyckling mangocurry,1,1~1
Stockholm N,Coop Tibble,Tuesday,Pastasallad,Kyckling & Salladsost,2,1~2
Stockholm N,Coop Tibble,Tuesday,Pastasallad,Kyckling mangocurry,2,1~2
Stockholm N,Coop Tibble,Wednesday,Pastasallad,Kyckling & Salladsost,1,0~1
Stockholm N,Coop Tibble,Wednesday,Pastasallad,Kyckling mangocurry,1,0~1
Stockholm N,Coop Tibble,Thursday,Baguette,Kyckling Curry,1,1~2
Stockholm N,Coop Tibble,Thursday,Baguette,Kyckling Sweet Chili,1,1~2
Stockholm N,Coop Tibble,Thursday,Baguette,Skagen,1,0~1
Stockholm N,Coop Tibble,Thursday,Grönsallad,Caesarsallad,1,0~1
Stockholm N,Coop Tibble,Thursday,Pastasallad,Kyckling & Salladsost,1,2~3
Stockholm N,Coop Tibble,Thursday,Pastasallad,Kyckling mangocurry,2,2~4
Stockholm N,Coop Tibble,Thursday,Pastasallad,Räkor,1,1~2
Stockholm N,Coop Tibble,Thursday,Sandwich,Bacon & Äggröra,1,0~1
Stockholm N,Coop Tibble,Thursday,Sandwich,Kyckling Curry,1,0~1
Stockholm N,Coop Tibble,Thursday,Sandwich,Räkor,1,0~1
Stockholm N,Coop Tibble,Thursday,Sandwich,Ägg & Avocadokräm,1,0~1
Stockholm N,Coop Tibble,Thursday,Varmrätt,Cevapcici med bulgur,1,0~1
Stockholm N,Coop Tibble,Thursday,Varmrätt,Kyckling-och böngryta,1,0~1
Stockholm N,Coop Tibble,Thursday,Varmrätt,Pannbiff med Basmatiris,1,0~1
Stockholm N,Coop Tibble,Thursday,Varmrätt,Teriyakikycklingfile med basmatiris,1,0~1
Stockholm N,Coop Tibble,Thursday,Wraps,Kyckling Bacon,1,1~2
Stockholm N,Coop Tibble,Thursday,Wraps,Kyckling Curry,1,0~1
Stockholm N,Coop Tibble,Thursday,Wraps,Sweet Chili,1,1~2
Stockholm N,Hemköp blackeberg,Sunday,Fralla,Ost,3,2~4
Stockholm N,Hemköp blackeberg,Sunday,Fralla,Ost & Skinka,3,2~4
Stockholm N,Hemköp blackeberg,Sunday,Grönsallad,Caesarsallad,2,2~3
Stockholm N,Hemköp blackeberg,Sunday,Hönökaka,Ost,3,2~4
Stockholm N,Hemköp blackeberg,Sunday,Hönökaka,Ost & Salami,3,2~4
Stockholm N,Hemköp blackeberg,Sunday,Hönökaka,Ost & Skinka,3,2~4
Stockholm N,Hemköp blackeberg,Sunday,Pastasallad,Kyckling & Salladsost,3,2~4
Stockholm N,Hemköp blackeberg,Sunday,Pastasallad,Kyckling mangocurry,3,2~4
Stockholm N,Hemköp blackeberg,Sunday,Pastasallad,Ost & Skinka,1,0~1
Stockholm N,Hemköp blackeberg,Sunday,Pastasallad,Räkor,2,2~3
Stockholm N,Hemköp blackeberg,Sunday,Sandwich,Clubsandwich,1,0~1
Stockholm N,Hemköp blackeberg,Sunday,Sandwich,Räkor,1,0~1
Stockholm N,Hemköp blackeberg,Sunday,Sandwich,Ägg & Avocadokräm,1,0~1
Stockholm N,Hemköp blackeberg,Sunday,Wraps,Caesar Kyckling,2,2~3
Stockholm N,Hemköp blackeberg,Sunday,Wraps,Kyckling Bacon,2,2~3
Stockholm N,Hemköp blackeberg,Sunday,Wraps,Kyckling Curry,2,2~3
Stockholm N,Hemköp blackeberg,Sunday,Wraps,Sweet Chili,2,2~3
Stockholm N,Hemköp blackeberg,Monday,Fralla,Ost,1,1~1
Stockholm N,Hemköp blackeberg,Monday,Fralla,Ost & Skinka,1,1~1
Stockholm N,Hemköp blackeberg,Monday,Grönsallad,Caesarsallad,1,0~1
Stockholm N,Hemköp blackeberg,Monday,Hönökaka,Ost,1,1~1
Stockholm N,Hemköp blackeberg,Monday,Hönökaka,Ost & Salami,1,1~1
Stockholm N,Hemköp blackeberg,Monday,Hönökaka,Ost & Skinka,1,1~1
Stockholm N,Hemköp blackeberg,Monday,Pastasallad,Kyckling & Salladsost,1,1~1
Stockholm N,Hemköp blackeberg,Monday,Pastasallad,Kyckling mangocurry,1,1~1
Stockholm N,Hemköp blackeberg,Monday,Pastasallad,Räkor,1,1~1
Stockholm N,Hemköp blackeberg,Monday,Wraps,Caesar Kyckling,1,1~1
Stockholm N,Hemköp blackeberg,Monday,Wraps,Kyckling Bacon,1,1~1
Stockholm N,Hemköp blackeberg,Monday,Wraps,Kyckling Curry,1,1~1
Stockholm N,Hemköp blackeberg,Monday,Wraps,Sweet Chili,1,1~1
Stockholm N,Hemköp blackeberg,Tuesday,Fralla,Ost,2,2~3
Stockholm N,Hemköp blackeberg,Tuesday,Fralla,Ost & Skinka,2,2~3
Stockholm N,Hemköp blackeberg,Tuesday,Grönsallad,Caesarsallad,2,1~2
Stockholm N,Hemköp blackeberg,Tuesday,Hönökaka,Ost,2,2~3
Stockholm N,Hemköp blackeberg,Tuesday,Hönökaka,Ost & Salami,2,2~3
Stockholm N,Hemköp blackeberg,Tuesday,Hönökaka,Ost & Skinka,2,2~3
Stockholm N,Hemköp blackeberg,Tuesday,Pastasallad,Kyckling & Salladsost,2,2~3
Stockholm N,Hemköp blackeberg,Tuesday,Pastasallad,Kyckling mangocurry,2,2~3
Stockholm N,Hemköp blackeberg,Tuesday,Pastasallad,Räkor,2,1~2
Stockholm N,Hemköp blackeberg,Tuesday,Wraps,Caesar Kyckling,2,1~2
Stockholm N,Hemköp blackeberg,Tuesday,Wraps,Kyckling Bacon,2,1~2
Stockholm N,Hemköp blackeberg,Tuesday,Wraps,Kyckling Curry,2,1~2
Stockholm N,Hemköp blackeberg,Tuesday,Wraps,Sweet Chili,2,1~2
Stockholm N,Hemköp blackeberg,Wednesday,Fralla,Ost,1,1~1
Stockholm N,Hemköp blackeberg,Wednesday,Fralla,Ost & Skinka,1,1~1
Stockholm N,Hemköp blackeberg,Wednesday,Grönsallad,Caesarsallad,1,0~1
Stockholm N,Hemköp blackeberg,Wednesday,Hönökaka,Ost,1,1~1
Stockholm N,Hemköp blackeberg,Wednesday,Hönökaka,Ost & Salami,1,1~1
Stockholm N,Hemköp blackeberg,Wednesday,Hönökaka,Ost & Skinka,1,1~1
Stockholm N,Hemköp blackeberg,Wednesday,Pastasallad,Kyckling & Salladsost,1,1~1
Stockholm N,Hemköp blackeberg,Wednesday,Pastasallad,Kyckling mangocurry,1,1~1
Stockholm N,Hemköp blackeberg,Wednesday,Pastasallad,Räkor,1,0~1
Stockholm N,Hemköp blackeberg,Wednesday,Wraps,Caesar Kyckling,1,0~1
Stockholm N,Hemköp blackeberg,Wednesday,Wraps,Kyckling Bacon,1,0~1
Stockholm N,Hemköp blackeberg,Wednesday,Wraps,Kyckling Curry,1,0~1
Stockholm N,Hemköp blackeberg,Wednesday,Wraps,Sweet Chili,1,0~1
Stockholm N,Hemköp blackeberg,Thursday,Fralla,Ost,3,2~4
Stockholm N,Hemköp blackeberg,Thursday,Fralla,Ost & Skinka,3,2~4
Stockholm N,Hemköp blackeberg,Thursday,Grönsallad,Caesarsallad,1,2~3
Stockholm N,Hemköp blackeberg,Thursday,Hönökaka,Ost,3,2~4
Stockholm N,Hemköp blackeberg,Thursday,Hönökaka,Ost & Salami,3,2~4
Stockholm N,Hemköp blackeberg,Thursday,Hönökaka,Ost & Skinka,3,2~4
Stockholm N,Hemköp blackeberg,Thursday,Pastasallad,Falafel,1,0~1
Stockholm N,Hemköp blackeberg,Thursday,Pastasallad,Kyckling & Salladsost,2,1~3
Stockholm N,Hemköp blackeberg,Thursday,Pastasallad,Kyckling kebab,1,0~1
Stockholm N,Hemköp blackeberg,Thursday,Pastasallad,Kyckling mangocurry,2,1~3
Stockholm N,Hemköp blackeberg,Thursday,Pastasallad,Ost & Skinka,1,1~2
Stockholm N,Hemköp blackeberg,Thursday,Pastasallad,Räkor,2,2~4
Stockholm N,Hemköp blackeberg,Thursday,Sandwich,Clubsandwich,1,1~2
Stockholm N,Hemköp blackeberg,Thursday,Sandwich,Kyckling Pestoröra,1,0~1
Stockholm N,Hemköp blackeberg,Thursday,Sandwich,Räkor,1,1~2
Stockholm N,Hemköp blackeberg,Thursday,Sandwich,Ägg & Avocadokräm,1,1~2
Stockholm N,Hemköp blackeberg,Thursday,Wraps,Caesar Kyckling,2,2~4
Stockholm N,Hemköp blackeberg,Thursday,Wraps,Kyckling Bacon,2,2~4
Stockholm N,Hemköp blackeberg,Thursday,Wraps,Kyckling Curry,2,2~4
Stockholm N,Hemköp blackeberg,Thursday,Wraps,Sweet Chili,2,2~4
Stockholm N,ICA Bromma,Sunday,Baguette,Kyckling Curry,1,0~1
Stockholm N,ICA Bromma,Sunday,Baguette,Ost & Skinka,1,0~1
Stockholm N,ICA Bromma,Sunday,Baguette,Salami & Brieost,1,0~1
Stockholm N,ICA Bromma,Sunday,Baguette,Skagen,1,0~1
Stockholm N,ICA Bromma,Sunday,Fralla,Ost,1,0~1
Stockholm N,ICA Bromma,Sunday,Fralla,Ost & Skinka,2,2~3
Stockholm N,ICA Bromma,Sunday,Grönsallad,Kyckling,1,1~2
Stockholm N,ICA Bromma,Sunday,Hönökaka,Ost,1,0~1
Stockholm N,ICA Bromma,Sunday,Hönökaka,Ost & Skinka,3,2~4
Stockholm N,ICA Bromma,Sunday,Pastasallad,Bacon & Kyckling,1,0~1
Stockholm N,ICA Bromma,Sunday,Pastasallad,Kyckling & Salladsost,2,2~3
Stockholm N,ICA Bromma,Sunday,Pastasallad,Kyckling mangocurry,3,2~4
Stockholm N,ICA Bromma,Sunday,Pastasallad,Ost & Skinka,1,1~2
Stockholm N,ICA Bromma,Sunday,Pastasallad,Räkor,1,0~1
Stockholm N,ICA Bromma,Sunday,Sandwich,Clubsandwich,1,1~2
Stockholm N,ICA Bromma,Sunday,Sandwich,Kyckling Curry,1,0~1
Stockholm N,ICA Bromma,Sunday,Sandwich,Kyckling Pestoröra,1,0~1
Stockholm N,ICA Bromma,Sunday,Sandwich,Räkor,1,1~2
Stockholm N,ICA Bromma,Sunday,Wraps,Caesar Kyckling,3,3~4
Stockholm N,ICA Bromma,Sunday,Wraps,Kyckling Bacon,2,2~3
Stockholm N,ICA Bromma,Sunday,Wraps,Kyckling Curry,1,1~2
Stockholm N,ICA Bromma,Sunday,Wraps,Sweet Chili,1,1~2
Stockholm N,ICA Bromma,Sunday,XL Frallor,Ost,1,0~1
Stockholm N,ICA Bromma,Monday,Fralla,Ost & Skinka,1,1~1
Stockholm N,ICA Bromma,Monday,Hönökaka,Ost & Skinka,1,1~1
Stockholm N,ICA Bromma,Monday,Pastasallad,Kyckling & Salladsost,1,0~1
Stockholm N,ICA Bromma,Monday,Pastasallad,Kyckling mangocurry,1,1~1
Stockholm N,ICA Bromma,Monday,Wraps,Caesar Kyckling,1,1~1
Stockholm N,ICA Bromma,Monday,Wraps,Kyckling Bacon,1,0~1
Stockholm N,ICA Bromma,Tuesday,Fralla,Ost & Skinka,2,1~2
Stockholm N,ICA Bromma,Tuesday,Grönsallad,Kyckling,1,1~1
Stockholm N,ICA Bromma,Tuesday,Hönökaka,Ost & Skinka,2,2~3
Stockholm N,ICA Bromma,Tuesday,Pastasallad,Kyckling & Salladsost,2,1~2
Stockholm N,ICA Bromma,Tuesday,Pastasallad,Kyckling mangocurry,2,2~3
Stockholm N,ICA Bromma,Tuesday,Pastasallad,Ost & Skinka,1,0~1
Stockholm N,ICA Bromma,Tuesday,Sandwich,Clubsandwich,1,0~1
Stockholm N,ICA Bromma,Tuesday,Sandwich,Räkor,1,0~1
Stockholm N,ICA Bromma,Tuesday,Wraps,Caesar Kyckling,2,2~3
Stockholm N,ICA Bromma,Tuesday,Wraps,Kyckling Bacon,2,1~2
Stockholm N,ICA Bromma,Tuesday,Wraps,Kyckling Curry,1,1~1
Stockholm N,ICA Bromma,Tuesday,Wraps,Sweet Chili,1,1~1
Stockholm N,ICA Bromma,Wednesday,Fralla,Ost & Skinka,1,0~1
Stockholm N,ICA Bromma,Wednesday,Hönökaka,Ost & Skinka,1,1~1
Stockholm N,ICA Bromma,Wednesday,Pastasallad,Kyckling & Salladsost,1,0~1
Stockholm N,ICA Bromma,Wednesday,Pastasallad,Kyckling mangocurry,1,1~1
Stockholm N,ICA Bromma,Wednesday,Wraps,Caesar Kyckling,1,1~1
Stockholm N,ICA Bromma,Wednesday,Wraps,Kyckling Bacon,1,0~1
Stockholm N,ICA Bromma,Thursday,Baguette,Kyckling Curry,1,1~2
Stockholm N,ICA Bromma,Thursday,Baguette,Kyckling Sweet Chili,1,0~1
Stockholm N,ICA Bromma,Thursday,Baguette,Ost & Skinka,1,1~2
Stockholm N,ICA Bromma,Thursday,Baguette,Salami & Brieost,1,1~2
Stockholm N,ICA Bromma,Thursday,Baguette,Skagen,1,1~2
Stockholm N,ICA Bromma,Thursday,Fralla,Ost,1,1~2
Stockholm N,ICA Bromma,Thursday,Fralla,Ost & Skinka,2,2~4
Stockholm N,ICA Bromma,Thursday,Grönsallad,Caesarsallad,1,0~1
Stockholm N,ICA Bromma,Thursday,Grönsallad,Kyckling,2,1~2
Stockholm N,ICA Bromma,Thursday,Hönökaka,Ost,1,1~2
Stockholm N,ICA Bromma,Thursday,Hönökaka,Ost & Skinka,3,2~4
Stockholm N,ICA Bromma,Thursday,Pastasallad,Bacon & Kyckling,1,1~2
Stockholm N,ICA Bromma,Thursday,Pastasallad,Kyckling & Salladsost,1,2~3
Stockholm N,ICA Bromma,Thursday,Pastasallad,Kyckling mangocurry,3,2~4
Stockholm N,ICA Bromma,Thursday,Pastasallad,Ost & Skinka,1,1~2
Stockholm N,ICA Bromma,Thursday,Pastasallad,Räkor,1,1~2
Stockholm N,ICA Bromma,Thursday,Räkstubbe,Räkstubbe,1,0~1
Stockholm N,ICA Bromma,Thursday,Sandwich,Bacon & Äggröra,1,0~1
Stockholm N,ICA Bromma,Thursday,Sandwich,Clubsandwich,1,1~2
Stockholm N,ICA Bromma,Thursday,Sandwich,Kyckling Curry,1,1~2
Stockholm N,ICA Bromma,Thursday,Sandwich,Kyckling Pestoröra,1,1~2
Stockholm N,ICA Bromma,Thursday,Sandwich,Räkor,1,1~2
Stockholm N,ICA Bromma,Thursday,Sandwich,Ägg & Avocadokräm,1,0~1
Stockholm N,ICA Bromma,Thursday,Wraps,Caesar Kyckling,4,2~5
Stockholm N,ICA Bromma,Thursday,Wraps,Kyckling Bacon,1,2~3
Stockholm N,ICA Bromma,Thursday,Wraps,Kyckling Curry,2,1~2
Stockholm N,ICA Bromma,Thursday,Wraps,Sweet Chili,2,1~2
Stockholm N,ICA Bromma,Thursday,XL Frallor,Grovfralla Kalkon & Färskost,1,0~1
Stockholm N,ICA Bromma,Thursday,XL Frallor,Ost,1,1~2
Stockholm N,ICA Bromma,Thursday,XL Frallor,Ost & Skinka,1,0~1
Stockholm N,ICA Spånga,Sunday,Baguette,Kyckling Curry,1,0~1
Stockholm N,ICA Spånga,Sunday,Baguette,Salami & Brieost,1,0~1
Stockholm N,ICA Spånga,Sunday,Baguette,Skagen,2,2~3
Stockholm N,ICA Spånga,Sunday,Fralla,Ost,1,1~2
Stockholm N,ICA Spånga,Sunday,Fralla,Ost & Skinka,3,2~4
Stockholm N,ICA Spånga,Sunday,Grönsallad,Caesarsallad,1,1~2
Stockholm N,ICA Spånga,Sunday,Grönsallad,Kyckling,1,0~1
Stockholm N,ICA Spånga,Sunday,Hönökaka,Ost,4,3~4
Stockholm N,ICA Spånga,Sunday,Hönökaka,Ost & Skinka,4,3~5
Stockholm N,ICA Spånga,Sunday,Pastasallad,Bacon & Kyckling,1,1~2
Stockholm N,ICA Spånga,Sunday,Pastasallad,Kyckling & Salladsost,2,2~2
Stockholm N,ICA Spånga,Sunday,Pastasallad,Kyckling mangocurry,2,2~3
Stockholm N,ICA Spånga,Sunday,Pastasallad,Ost & Skinka,2,2~3
Stockholm N,ICA Spånga,Sunday,Pastasallad,Räkor,1,0~1
Stockholm N,ICA Spånga,Sunday,Räkmacka Liten,Räkmacka liten,1,0~1
Stockholm N,ICA Spånga,Sunday,Sandwich,Clubsandwich,1,1~2
Stockholm N,ICA Spånga,Sunday,Sandwich,Kyckling Curry,1,1~2
Stockholm N,ICA Spånga,Sunday,Sandwich,Räkor,1,0~1
Stockholm N,ICA Spånga,Sunday,Wraps,Caesar Kyckling,2,2~3
Stockholm N,ICA Spånga,Sunday,Wraps,Kyckling Bacon,2,2~3
Stockholm N,ICA Spånga,Sunday,Wraps,Kyckling Curry,3,2~4
Stockholm N,ICA Spånga,Sunday,Wraps,Sweet Chili,2,2~3
Stockholm N,ICA Spånga,Sunday,XL Frallor,Grovfralla Kalkon & Färskost,2,2~3
Stockholm N,ICA Spånga,Sunday,XL Frallor,Ost,1,0~1
Stockholm N,ICA Spånga,Sunday,XL Frallor,Ost & Skinka,1,1~2
Stockholm N,ICA Spånga,Monday,Baguette,Skagen,1,0~1
Stockholm N,ICA Spånga,Monday,Fralla,Ost & Skinka,1,1~1
Stockholm N,ICA Spånga,Monday,Hönökaka,Ost,1,1~2
Stockholm N,ICA Spånga,Monday,Hönökaka,Ost & Skinka,1,1~2
Stockholm N,ICA Spånga,Monday,Pastasallad,Kyckling & Salladsost,1,0~1
Stockholm N,ICA Spånga,Monday,Pastasallad,Kyckling mangocurry,1,1~1
Stockholm N,ICA Spånga,Monday,Pastasallad,Ost & Skinka,1,0~1
Stockholm N,ICA Spånga,Monday,Wraps,Caesar Kyckling,1,1~1
Stockholm N,ICA Spånga,Monday,Wraps,Kyckling Bacon,1,0~1
Stockholm N,ICA Spånga,Monday,Wraps,Kyckling Curry,1,1~1
Stockholm N,ICA Spånga,Monday,Wraps,Sweet Chili,1,0~1
Stockholm N,ICA Spånga,Monday,XL Frallor,Grovfralla Kalkon & Färskost,1,0~1
Stockholm N,ICA Spånga,Tuesday,Baguette,Skagen,2,1~2
Stockholm N,ICA Spånga,Tuesday,Fralla,Ost,1,0~1
Stockholm N,ICA Spånga,Tuesday,Fralla,Ost & Skinka,2,2~3
Stockholm N,ICA Spånga,Tuesday,Grönsallad,Caesarsallad,1,0~1
Stockholm N,ICA Spånga,Tuesday,Hönökaka,Ost,3,2~3
Stockholm N,ICA Spånga,Tuesday,Hönökaka,Ost & Skinka,3,2~4
Stockholm N,ICA Spånga,Tuesday,Pastasallad,Bacon & Kyckling,1,0~1
Stockholm N,ICA Spånga,Tuesday,Pastasallad,Kyckling & Salladsost,1,1~2
Stockholm N,ICA Spånga,Tuesday,Pastasallad,Kyckling mangocurry,2,1~2
Stockholm N,ICA Spånga,Tuesday,Pastasallad,Ost & Skinka,2,1~2
Stockholm N,ICA Spånga,Tuesday,Sandwich,Clubsandwich,1,0~1
Stockholm N,ICA Spånga,Tuesday,Sandwich,Kyckling Curry,1,1~1
Stockholm N,ICA Spånga,Tuesday,Wraps,Caesar Kyckling,2,1~2
Stockholm N,ICA Spånga,Tuesday,Wraps,Kyckling Bacon,2,1~2
Stockholm N,ICA Spånga,Tuesday,Wraps,Kyckling Curry,2,2~3
Stockholm N,ICA Spånga,Tuesday,Wraps,Sweet Chili,2,1~2
Stockholm N,ICA Spånga,Tuesday,XL Frallor,Grovfralla Kalkon & Färskost,2,1~2
Stockholm N,ICA Spånga,Tuesday,XL Frallor,Ost & Skinka,1,0~1
Stockholm N,ICA Spånga,Wednesday,Baguette,Skagen,1,0~1
Stockholm N,ICA Spånga,Wednesday,Fralla,Ost & Skinka,1,1~1
Stockholm N,ICA Spånga,Wednesday,Hönökaka,Ost,1,1~1
Stockholm N,ICA Spånga,Wednesday,Hönökaka,Ost & Skinka,1,1~1
Stockholm N,ICA Spånga,Wednesday,Pastasallad,Kyckling mangocurry,1,0~1
Stockholm N,ICA Spånga,Wednesday,Pastasallad,Ost & Skinka,1,0~1
Stockholm N,ICA Spånga,Wednesday,Wraps,Caesar Kyckling,1,0~1
Stockholm N,ICA Spånga,Wednesday,Wraps,Kyckling Bacon,1,0~1
Stockholm N,ICA Spånga,Wednesday,Wraps,Kyckling Curry,1,1~1
Stockholm N,ICA Spånga,Wednesday,Wraps,Sweet Chili,1,0~1
Stockholm N,ICA Spånga,Wednesday,XL Frallor,Grovfralla Kalkon & Färskost,1,0~1
Stockholm N,ICA Spånga,Thursday,Baguette,Kyckling Curry,1,1~2
Stockholm N,ICA Spånga,Thursday,Baguette,Kyckling Sweet Chili,1,0~1
Stockholm N,ICA Spånga,Thursday,Baguette,Ost & Skinka,1,0~1
Stockholm N,ICA Spånga,Thursday,Baguette,Salami & Brieost,1,1~2
Stockholm N,ICA Spånga,Thursday,Baguette,Skagen,1,2~3
Stockholm N,ICA Spånga,Thursday,Blandstubbe,Blandstubbe,1,0~1
Stockholm N,ICA Spånga,Thursday,Fralla,Ost,1,1~2
Stockholm N,ICA Spånga,Thursday,Fralla,Ost & Skinka,3,2~4
Stockholm N,ICA Spånga,Thursday,Glutenfri Frallor,Glutenfri Ost & Skinka(endast söndagsbeställning),1,0~1
Stockholm N,ICA Spånga,Thursday,Glutenfri Frallor,Glutenfri Pumpafralla Kalkon & Färskost(endast söndagsbeställning),1,0~1
Stockholm N,ICA Spånga,Thursday,Grönsallad,Caesarsallad,1,1~2
Stockholm N,ICA Spånga,Thursday,Grönsallad,Kyckling,1,1~2
Stockholm N,ICA Spånga,Thursday,Hönökaka,Ost,3,3~5
Stockholm N,ICA Spånga,Thursday,Hönökaka,Ost & Skinka,5,4~6
Stockholm N,ICA Spånga,Thursday,Pastasallad,Bacon & Kyckling,1,1~2
Stockholm N,ICA Spånga,Thursday,Pastasallad,Falafel,1,0~1
Stockholm N,ICA Spånga,Thursday,Pastasallad,Kyckling & Salladsost,2,2~2
Stockholm N,ICA Spånga,Thursday,Pastasallad,Kyckling kebab,1,0~1
Stockholm N,ICA Spånga,Thursday,Pastasallad,Kyckling mangocurry,2,2~4
Stockholm N,ICA Spånga,Thursday,Pastasallad,Ost & Skinka,1,2~3
Stockholm N,ICA Spånga,Thursday,Pastasallad,Räkor,1,1~2
Stockholm N,ICA Spånga,Thursday,Räkmacka Liten,Räkmacka liten,1,1~2
Stockholm N,ICA Spånga,Thursday,Räkstubbe,Räkstubbe,1,0~1
Stockholm N,ICA Spånga,Thursday,Sandwich,Bacon & Äggröra,1,0~1
Stockholm N,ICA Spånga,Thursday,Sandwich,Clubsandwich,1,1~2
Stockholm N,ICA Spånga,Thursday,Sandwich,Kyckling Curry,2,1~2
Stockholm N,ICA Spånga,Thursday,Sandwich,Kyckling Pestoröra,1,0~1
Stockholm N,ICA Spånga,Thursday,Sandwich,Räkor,1,1~2
Stockholm N,ICA Spånga,Thursday,Sandwich,Ägg & Avocadokräm,1,0~1
Stockholm N,ICA Spånga,Thursday,Varmrätt,Kyckling-och böngryta,1,0~1
Stockholm N,ICA Spånga,Thursday,Varmrätt,Kycklingspett med ris,1,0~1
Stockholm N,ICA Spånga,Thursday,Varmrätt,Teriyakibiff med ris,1,0~1
Stockholm N,ICA Spånga,Thursday,Wraps,Caesar Kyckling,2,2~4
Stockholm N,ICA Spånga,Thursday,Wraps,Kyckling Bacon,1,2~3
Stockholm N,ICA Spånga,Thursday,Wraps,Kyckling Curry,3,2~4
Stockholm N,ICA Spånga,Thursday,Wraps,Kycklingsallad Olivie,1,0~1
Stockholm N,ICA Spånga,Thursday,Wraps,Sweet Chili,1,2~3
Stockholm N,ICA Spånga,Thursday,XL Frallor,Grovfralla Kalkon & Färskost,1,2~3
Stockholm N,ICA Spånga,Thursday,XL Frallor,Ost,1,1~2
Stockholm N,ICA Spånga,Thursday,XL Frallor,Ost & Skinka,1,1~2
Stockholm Södra,Coop Centralen,Sunday,Baguette,Ost & Skinka,17,14~20
Stockholm Södra,Coop Centralen,Sunday,Baguette,Salami & Brieost,20,17~24
Stockholm Södra,Coop Centralen,Sunday,Baguette,Skagen,8,7~10
Stockholm Södra,Coop Centralen,Sunday,Glutenfri Frallor,Glutenfri Ost & Skinka(endast söndagsbeställning),5,4~6
Stockholm Södra,Coop Centralen,Sunday,Glutenfri Frallor,Glutenfri Pumpafralla Kalkon & Färskost(endast söndagsbeställning),6,5~7
Stockholm Södra,Coop Centralen,Sunday,Hönökaka,Ost,22,19~26
Stockholm Södra,Coop Centralen,Sunday,Hönökaka,Ost & Salami,28,24~33
Stockholm Södra,Coop Centralen,Sunday,Hönökaka,Ost & Skinka,27,23~32
Stockholm Södra,Coop Centralen,Sunday,XL Frallor,Grovfralla Kalkon & Färskost,16,13~18
Stockholm Södra,Coop Centralen,Sunday,XL Frallor,Ost & Skinka,20,17~24
Stockholm Södra,Coop Centralen,Monday,Baguette,Ost & Skinka,6,5~7
Stockholm Södra,Coop Centralen,Monday,Baguette,Salami & Brieost,7,6~8
Stockholm Södra,Coop Centralen,Monday,Baguette,Skagen,3,2~3
Stockholm Södra,Coop Centralen,Monday,Glutenfri Frallor,Glutenfri Ost & Skinka(endast söndagsbeställning),2,1~2
Stockholm Södra,Coop Centralen,Monday,Glutenfri Frallor,Glutenfri Pumpafralla Kalkon & Färskost(endast söndagsbeställning),2,2~2
Stockholm Södra,Coop Centralen,Monday,Hönökaka,Ost,8,6~9
Stockholm Södra,Coop Centralen,Monday,Hönökaka,Ost & Salami,9,8~11
Stockholm Södra,Coop Centralen,Monday,Hönökaka,Ost & Skinka,9,8~10
Stockholm Södra,Coop Centralen,Monday,XL Frallor,Grovfralla Kalkon & Färskost,5,4~6
Stockholm Södra,Coop Centralen,Monday,XL Frallor,Ost & Skinka,7,6~8
Stockholm Södra,Coop Centralen,Tuesday,Baguette,Ost & Skinka,12,10~15
Stockholm Södra,Coop Centralen,Tuesday,Baguette,Salami & Brieost,15,13~18
Stockholm Södra,Coop Centralen,Tuesday,Baguette,Skagen,6,5~7
Stockholm Södra,Coop Centralen,Tuesday,Glutenfri Frallor,Glutenfri Ost & Skinka(endast söndagsbeställning),4,3~5
Stockholm Södra,Coop Centralen,Tuesday,Glutenfri Frallor,Glutenfri Pumpafralla Kalkon & Färskost(endast söndagsbeställning),4,4~5
Stockholm Södra,Coop Centralen,Tuesday,Hönökaka,Ost,16,14~19
Stockholm Södra,Coop Centralen,Tuesday,Hönökaka,Ost & Salami,21,17~24
Stockholm Södra,Coop Centralen,Tuesday,Hönökaka,Ost & Skinka,20,17~23
Stockholm Södra,Coop Centralen,Tuesday,XL Frallor,Grovfralla Kalkon & Färskost,11,10~13
Stockholm Södra,Coop Centralen,Tuesday,XL Frallor,Ost & Skinka,15,13~18
Stockholm Södra,Coop Centralen,Wednesday,Baguette,Ost & Skinka,4,4~5
Stockholm Södra,Coop Centralen,Wednesday,Baguette,Salami & Brieost,5,5~6
Stockholm Södra,Coop Centralen,Wednesday,Baguette,Skagen,2,2~3
Stockholm Södra,Coop Centralen,Wednesday,Glutenfri Frallor,Glutenfri Ost & Skinka(endast söndagsbeställning),1,1~2
Stockholm Södra,Coop Centralen,Wednesday,Glutenfri Frallor,Glutenfri Pumpafralla Kalkon & Färskost(endast söndagsbeställning),2,1~2
Stockholm Södra,Coop Centralen,Wednesday,Hönökaka,Ost,6,5~7
Stockholm Södra,Coop Centralen,Wednesday,Hönökaka,Ost & Salami,8,6~9
Stockholm Södra,Coop Centralen,Wednesday,Hönökaka,Ost & Skinka,7,6~8
Stockholm Södra,Coop Centralen,Wednesday,XL Frallor,Grovfralla Kalkon & Färskost,4,4~5
Stockholm Södra,Coop Centralen,Wednesday,XL Frallor,Ost & Skinka,5,5~6
Stockholm Södra,Coop Centralen,Thursday,Baguette,Ost & Skinka,17,14~19
Stockholm Södra,Coop Centralen,Thursday,Baguette,Salami & Brieost,21,16~24
Stockholm Södra,Coop Centralen,Thursday,Baguette,Skagen,8,6~10
Stockholm Södra,Coop Centralen,Thursday,Glutenfri Frallor,Glutenfri Ost & Skinka(endast söndagsbeställning),5,5~6
Stockholm Södra,Coop Centralen,Thursday,Glutenfri Frallor,Glutenfri Pumpafralla Kalkon & Färskost(endast söndagsbeställning),5,4~7
Stockholm Södra,Coop Centralen,Thursday,Hönökaka,Ost,23,19~27
Stockholm Södra,Coop Centralen,Thursday,Hönökaka,Ost & Salami,28,24~33
Stockholm Södra,Coop Centralen,Thursday,Hönökaka,Ost & Skinka,27,22~32
Stockholm Södra,Coop Centralen,Thursday,XL Frallor,Grovfralla Kalkon & Färskost,16,13~19
Stockholm Södra,Coop Centralen,Thursday,XL Frallor,Ost & Skinka,21,16~24
Stockholm Södra,Coop Hagastaden,Sunday,Fralla,Ost,1,1~2
Stockholm Södra,Coop Hagastaden,Sunday,Fralla,Ost & Skinka,1,1~2
Stockholm Södra,Coop Hagastaden,Sunday,Hönökaka,Ost,1,1~2
Stockholm Södra,Coop Hagastaden,Sunday,Hönökaka,Ost & Salami,2,1~2
Stockholm Södra,Coop Hagastaden,Sunday,Hönökaka,Ost & Skinka,2,1~2
Stockholm Södra,Coop Hagastaden,Sunday,Räkmacka Liten,Räkmacka liten,1,1~2
Stockholm Södra,Coop Hagastaden,Sunday,Wraps,Kyckling Curry,2,1~2
Stockholm Södra,Coop Hagastaden,Tuesday,Fralla,Ost,1,0~1
Stockholm Södra,Coop Hagastaden,Tuesday,Fralla,Ost & Skinka,1,1~1
Stockholm Södra,Coop Hagastaden,Tuesday,Hönökaka,Ost,1,1~1
Stockholm Södra,Coop Hagastaden,Tuesday,Hönökaka,Ost & Salami,1,1~2
Stockholm Södra,Coop Hagastaden,Tuesday,Hönökaka,Ost & Skinka,1,1~2
Stockholm Södra,Coop Hagastaden,Tuesday,Räkmacka Liten,Räkmacka liten,1,0~1
Stockholm Södra,Coop Hagastaden,Tuesday,Wraps,Kyckling Curry,1,1~2
Stockholm Södra,Coop Hagastaden,Thursday,Baguette,Kyckling Sweet Chili,1,0~1
Stockholm Södra,Coop Hagastaden,Thursday,Baguette,Ost & Skinka,1,0~1
Stockholm Södra,Coop Hagastaden,Thursday,Baguette,Salami & Brieost,1,0~1
Stockholm Södra,Coop Hagastaden,Thursday,Baguette,Skagen,1,0~1
Stockholm Södra,Coop Hagastaden,Thursday,Fralla,Ost,1,1~2
Stockholm Södra,Coop Hagastaden,Thursday,Fralla,Ost & Skinka,2,1~2
Stockholm Södra,Coop Hagastaden,Thursday,Hönökaka,Ost,2,1~2
Stockholm Södra,Coop Hagastaden,Thursday,Hönökaka,Ost & Salami,2,2~1
Stockholm Södra,Coop Hagastaden,Thursday,Hönökaka,Ost & Skinka,2,2~1
Stockholm Södra,Coop Hagastaden,Thursday,Räkmacka Liten,Räkmacka liten,1,1~2
Stockholm Södra,Coop Hagastaden,Thursday,Wraps,Kyckling Curry,2,2~1
Stockholm Södra,Coop Hagastaden,Thursday,XL Frallor,Grovfralla Kalkon & Färskost,1,0~1
Stockholm Södra,Coop Hagastaden,Thursday,XL Frallor,Ost & Skinka,1,0~1
Stockholm Södra,Coop HÖTORGET,Sunday,Baguette,Kyckling Curry,1,0~1
Stockholm Södra,Coop HÖTORGET,Sunday,Baguette,Ost & Skinka,1,0~1
Stockholm Södra,Coop HÖTORGET,Sunday,Baguette,Salami & Brieost,2,2~3
Stockholm Södra,Coop HÖTORGET,Sunday,Baguette,Skagen,1,0~1
Stockholm Södra,Coop HÖTORGET,Sunday,Fralla,Ost,2,2~3
Stockholm Södra,Coop HÖTORGET,Sunday,Fralla,Ost & Skinka,3,3~4
Stockholm Södra,Coop HÖTORGET,Sunday,Hönökaka,Ost,4,3~5
Stockholm Södra,Coop HÖTORGET,Sunday,Hönökaka,Ost & Salami,4,3~5
Stockholm Södra,Coop HÖTORGET,Sunday,Hönökaka,Ost & Skinka,4,3~5
Stockholm Södra,Coop HÖTORGET,Sunday,Pastasallad,Falafel,1,0~1
Stockholm Södra,Coop HÖTORGET,Sunday,Pastasallad,Kyckling & Salladsost,2,1~2
Stockholm Södra,Coop HÖTORGET,Sunday,Pastasallad,Kyckling kebab,1,1~2
Stockholm Södra,Coop HÖTORGET,Sunday,Pastasallad,Kyckling mangocurry,3,2~4
Stockholm Södra,Coop HÖTORGET,Sunday,Pastasallad,Ost & Skinka,1,0~1
Stockholm Södra,Coop HÖTORGET,Sunday,Pastasallad,Räkor,1,1~2
Stockholm Södra,Coop HÖTORGET,Sunday,Sandwich,Bacon & Äggröra,1,1~2
Stockholm Södra,Coop HÖTORGET,Sunday,Sandwich,Clubsandwich,2,2~2
Stockholm Södra,Coop HÖTORGET,Sunday,Sandwich,Kyckling Curry,2,2~3
Stockholm Södra,Coop HÖTORGET,Sunday,Sandwich,Kyckling Pestoröra,1,1~2
Stockholm Södra,Coop HÖTORGET,Sunday,Sandwich,Räkor,1,1~2
Stockholm Södra,Coop HÖTORGET,Sunday,Sandwich,Ägg & Avocadokräm,1,1~2
Stockholm Södra,Coop HÖTORGET,Sunday,Wraps,Caesar Kyckling,4,3~4
Stockholm Södra,Coop HÖTORGET,Sunday,Wraps,Kyckling Bacon,4,3~5
Stockholm Södra,Coop HÖTORGET,Sunday,Wraps,Kyckling Curry,4,3~4
Stockholm Södra,Coop HÖTORGET,Sunday,Wraps,Kycklingsallad Olivie,4,4~6
Stockholm Södra,Coop HÖTORGET,Sunday,Wraps,Sweet Chili,3,2~4
Stockholm Södra,Coop HÖTORGET,Sunday,XL Frallor,Grovfralla Kalkon & Färskost,2,2~3
Stockholm Södra,Coop HÖTORGET,Sunday,XL Frallor,Ost,3,2~4
Stockholm Södra,Coop HÖTORGET,Sunday,XL Frallor,Ost & Skinka,4,3~4
Stockholm Södra,Coop HÖTORGET,Monday,Baguette,Salami & Brieost,1,0~1
Stockholm Södra,Coop HÖTORGET,Monday,Fralla,Ost,1,0~1
Stockholm Södra,Coop HÖTORGET,Monday,Fralla,Ost & Skinka,1,1~1
Stockholm Södra,Coop HÖTORGET,Monday,Hönökaka,Ost,1,1~2
Stockholm Södra,Coop HÖTORGET,Monday,Hönökaka,Ost & Salami,1,1~2
Stockholm Södra,Coop HÖTORGET,Monday,Hönökaka,Ost & Skinka,1,1~2
Stockholm Södra,Coop HÖTORGET,Monday,Pastasallad,Kyckling mangocurry,1,1~1
Stockholm Södra,Coop HÖTORGET,Monday,Sandwich,Clubsandwich,1,0~1
Stockholm Södra,Coop HÖTORGET,Monday,Sandwich,Kyckling Curry,1,0~1
Stockholm Södra,Coop HÖTORGET,Monday,Wraps,Caesar Kyckling,1,1~2
Stockholm Södra,Coop HÖTORGET,Monday,Wraps,Kyckling Bacon,1,1~2
Stockholm Södra,Coop HÖTORGET,Monday,Wraps,Kyckling Curry,1,1~2
Stockholm Södra,Coop HÖTORGET,Monday,Wraps,Kycklingsallad Olivie,2,1~2
Stockholm Södra,Coop HÖTORGET,Monday,Wraps,Sweet Chili,1,1~1
Stockholm Södra,Coop HÖTORGET,Monday,XL Frallor,Grovfralla Kalkon & Färskost,1,0~1
Stockholm Södra,Coop HÖTORGET,Monday,XL Frallor,Ost,1,1~1
Stockholm Södra,Coop HÖTORGET,Monday,XL Frallor,Ost & Skinka,1,1~2
Stockholm Södra,Coop HÖTORGET,Tuesday,Baguette,Salami & Brieost,2,1~2
Stockholm Södra,Coop HÖTORGET,Tuesday,Fralla,Ost,2,1~2
Stockholm Södra,Coop HÖTORGET,Tuesday,Fralla,Ost & Skinka,2,2~3
Stockholm Södra,Coop HÖTORGET,Tuesday,Hönökaka,Ost,3,2~4
Stockholm Södra,Coop HÖTORGET,Tuesday,Hönökaka,Ost & Salami,3,2~4
Stockholm Södra,Coop HÖTORGET,Tuesday,Hönökaka,Ost & Skinka,3,2~4
Stockholm Södra,Coop HÖTORGET,Tuesday,Pastasallad,Kyckling & Salladsost,1,1~2
Stockholm Södra,Coop HÖTORGET,Tuesday,Pastasallad,Kyckling kebab,1,1~1
Stockholm Södra,Coop HÖTORGET,Tuesday,Pastasallad,Kyckling mangocurry,2,2~3
Stockholm Södra,Coop HÖTORGET,Tuesday,Pastasallad,Räkor,1,0~1
Stockholm Södra,Coop HÖTORGET,Tuesday,Sandwich,Bacon & Äggröra,1,0~1
Stockholm Södra,Coop HÖTORGET,Tuesday,Sandwich,Clubsandwich,1,1~2
Stockholm Södra,Coop HÖTORGET,Tuesday,Sandwich,Kyckling Curry,2,1~2
Stockholm Södra,Coop HÖTORGET,Tuesday,Sandwich,Kyckling Pestoröra,1,0~1
Stockholm Södra,Coop HÖTORGET,Tuesday,Sandwich,Räkor,1,0~1
Stockholm Södra,Coop HÖTORGET,Tuesday,Sandwich,Ägg & Avocadokräm,1,0~1
Stockholm Södra,Coop HÖTORGET,Tuesday,Wraps,Caesar Kyckling,3,2~3
Stockholm Södra,Coop HÖTORGET,Tuesday,Wraps,Kyckling Bacon,3,2~4
Stockholm Södra,Coop HÖTORGET,Tuesday,Wraps,Kyckling Curry,3,2~3
Stockholm Södra,Coop HÖTORGET,Tuesday,Wraps,Kycklingsallad Olivie,3,3~4
Stockholm Södra,Coop HÖTORGET,Tuesday,Wraps,Sweet Chili,2,2~3
Stockholm Södra,Coop HÖTORGET,Tuesday,XL Frallor,Grovfralla Kalkon & Färskost,2,1~2
Stockholm Södra,Coop HÖTORGET,Tuesday,XL Frallor,Ost,2,2~3
Stockholm Södra,Coop HÖTORGET,Tuesday,XL Frallor,Ost & Skinka,3,2~3
Stockholm Södra,Coop HÖTORGET,Wednesday,Baguette,Salami & Brieost,1,0~1
Stockholm Södra,Coop HÖTORGET,Wednesday,Fralla,Ost,1,0~1
Stockholm Södra,Coop HÖTORGET,Wednesday,Fralla,Ost & Skinka,1,1~1
Stockholm Södra,Coop HÖTORGET,Wednesday,Hönökaka,Ost,1,1~1
Stockholm Södra,Coop HÖTORGET,Wednesday,Hönökaka,Ost & Salami,1,1~1
Stockholm Södra,Coop HÖTORGET,Wednesday,Hönökaka,Ost & Skinka,1,1~1
Stockholm Södra,Coop HÖTORGET,Wednesday,Pastasallad,Kyckling mangocurry,1,1~1
Stockholm Södra,Coop HÖTORGET,Wednesday,Sandwich,Kyckling Curry,1,0~1
Stockholm Södra,Coop HÖTORGET,Wednesday,Wraps,Caesar Kyckling,1,1~1
Stockholm Södra,Coop HÖTORGET,Wednesday,Wraps,Kyckling Bacon,1,1~1
Stockholm Södra,Coop HÖTORGET,Wednesday,Wraps,Kyckling Curry,1,1~1
Stockholm Södra,Coop HÖTORGET,Wednesday,Wraps,Kycklingsallad Olivie,1,1~2
Stockholm Södra,Coop HÖTORGET,Wednesday,Wraps,Sweet Chili,1,1~1
Stockholm Södra,Coop HÖTORGET,Wednesday,XL Frallor,Grovfralla Kalkon & Färskost,1,0~1
Stockholm Södra,Coop HÖTORGET,Wednesday,XL Frallor,Ost,1,1~1
Stockholm Södra,Coop HÖTORGET,Wednesday,XL Frallor,Ost & Skinka,1,1~1
Stockholm Södra,Coop HÖTORGET,Thursday,Baguette,Kyckling Curry,1,1~2
Stockholm Södra,Coop HÖTORGET,Thursday,Baguette,Kyckling Sweet Chili,1,0~1
Stockholm Södra,Coop HÖTORGET,Thursday,Baguette,Ost & Skinka,1,1~2
Stockholm Södra,Coop HÖTORGET,Thursday,Baguette,Salami & Brieost,1,2~3
Stockholm Södra,Coop HÖTORGET,Thursday,Baguette,Skagen,1,1~2
Stockholm Södra,Coop HÖTORGET,Thursday,Fralla,Ost,1,2~3
Stockholm Södra,Coop HÖTORGET,Thursday,Fralla,Ost & Skinka,4,2~5
Stockholm Södra,Coop HÖTORGET,Thursday,Glutenfri Frallor,Glutenfri Ost(endast söndagsbeställning),1,0~1
Stockholm Södra,Coop HÖTORGET,Thursday,Glutenfri Frallor,Glutenfri Pumpafralla Kalkon & Färskost(endast söndagsbeställning),1,0~1
Stockholm Södra,Coop HÖTORGET,Thursday,Hönökaka,Ost,5,4~6
Stockholm Södra,Coop HÖTORGET,Thursday,Hönökaka,Ost & Salami,5,4~6
Stockholm Södra,Coop HÖTORGET,Thursday,Hönökaka,Ost & Skinka,4,4~4
Stockholm Södra,Coop HÖTORGET,Thursday,Pastasallad,Bacon & Kyckling,1,0~1
Stockholm Södra,Coop HÖTORGET,Thursday,Pastasallad,Falafel,1,1~2
Stockholm Södra,Coop HÖTORGET,Thursday,Pastasallad,Kyckling & Salladsost,2,2~1
Stockholm Södra,Coop HÖTORGET,Thursday,Pastasallad,Kyckling kebab,2,1~2
Stockholm Södra,Coop HÖTORGET,Thursday,Pastasallad,Kyckling mangocurry,2,1~3
Stockholm Södra,Coop HÖTORGET,Thursday,Pastasallad,Ost & Skinka,1,1~2
Stockholm Södra,Coop HÖTORGET,Thursday,Pastasallad,Räkor,1,1~2
Stockholm Södra,Coop HÖTORGET,Thursday,Sandwich,Bacon & Äggröra,1,1~2
Stockholm Södra,Coop HÖTORGET,Thursday,Sandwich,Clubsandwich,2,2~2
Stockholm Södra,Coop HÖTORGET,Thursday,Sandwich,Kyckling Curry,1,2~3
Stockholm Södra,Coop HÖTORGET,Thursday,Sandwich,Kyckling Pestoröra,1,1~2
Stockholm Södra,Coop HÖTORGET,Thursday,Sandwich,Räkor,1,1~2
Stockholm Södra,Coop HÖTORGET,Thursday,Sandwich,Ägg & Avocadokräm,1,1~2
Stockholm Södra,Coop HÖTORGET,Thursday,Wraps,Caesar Kyckling,3,3~5
Stockholm Södra,Coop HÖTORGET,Thursday,Wraps,Kyckling Bacon,5,4~6
Stockholm Södra,Coop HÖTORGET,Thursday,Wraps,Kyckling Curry,3,3~5
Stockholm Södra,Coop HÖTORGET,Thursday,Wraps,Kycklingsallad Olivie,5,3~5
Stockholm Södra,Coop HÖTORGET,Thursday,Wraps,Sweet Chili,2,1~3
Stockholm Södra,Coop HÖTORGET,Thursday,XL Frallor,Grovfralla Kalkon & Färskost,1,2~3
Stockholm Södra,Coop HÖTORGET,Thursday,XL Frallor,Ost,3,2~4
Stockholm Södra,Coop HÖTORGET,Thursday,XL Frallor,Ost & Skinka,3,3~5
Stockholm Södra,Coop Medborgarplatsen,Sunday,Baguette,Salami & Brieost,1,0~1
Stockholm Södra,Coop Medborgarplatsen,Sunday,Fralla,Ost,1,1~2
Stockholm Södra,Coop Medborgarplatsen,Sunday,Fralla,Ost & Skinka,1,1~2
Stockholm Södra,Coop Medborgarplatsen,Sunday,Hönökaka,Ost,1,1~2
Stockholm Södra,Coop Medborgarplatsen,Sunday,Hönökaka,Ost & Salami,1,0~1
Stockholm Södra,Coop Medborgarplatsen,Sunday,Hönökaka,Ost & Skinka,1,0~1
Stockholm Södra,Coop Medborgarplatsen,Sunday,Sandwich,Kyckling Curry,1,0~1
Stockholm Södra,Coop Medborgarplatsen,Sunday,Varmrätt,Cevapcici med bulgur,1,0~1
Stockholm Södra,Coop Medborgarplatsen,Sunday,Varmrätt,Kyckling-och böngryta,1,0~1
Stockholm Södra,Coop Medborgarplatsen,Sunday,Varmrätt,Kycklingpestosallad,1,0~1
Stockholm Södra,Coop Medborgarplatsen,Sunday,Wraps,Caesar Kyckling,1,0~1
Stockholm Södra,Coop Medborgarplatsen,Sunday,Wraps,Kyckling Curry,1,0~1
Stockholm Södra,Coop Medborgarplatsen,Sunday,XL Frallor,Grovfralla Kalkon & Färskost,1,0~1
Stockholm Södra,Coop Medborgarplatsen,Sunday,XL Frallor,Ost & Skinka,1,0~1
Stockholm Södra,Coop Medborgarplatsen,Tuesday,Fralla,Ost,1,0~1
Stockholm Södra,Coop Medborgarplatsen,Tuesday,Fralla,Ost & Skinka,1,1~1
Stockholm Södra,Coop Medborgarplatsen,Tuesday,Hönökaka,Ost,1,0~1
Stockholm Södra,Coop Medborgarplatsen,Thursday,Baguette,Kyckling Sweet Chili,1,0~1
Stockholm Södra,Coop Medborgarplatsen,Thursday,Baguette,Salami & Brieost,1,1~2
Stockholm Södra,Coop Medborgarplatsen,Thursday,Baguette,Skagen,1,0~1
Stockholm Södra,Coop Medborgarplatsen,Thursday,Fralla,Ost,1,1~2
Stockholm Södra,Coop Medborgarplatsen,Thursday,Fralla,Ost & Skinka,2,1~2
Stockholm Södra,Coop Medborgarplatsen,Thursday,Hönökaka,Ost,1,1~2
Stockholm Södra,Coop Medborgarplatsen,Thursday,Hönökaka,Ost & Salami,1,1~2
Stockholm Södra,Coop Medborgarplatsen,Thursday,Hönökaka,Ost & Skinka,1,1~2
Stockholm Södra,Coop Medborgarplatsen,Thursday,Pastasallad,Kyckling & Salladsost,1,0~1
Stockholm Södra,Coop Medborgarplatsen,Thursday,Pastasallad,Kyckling kebab,1,0~1
Stockholm Södra,Coop Medborgarplatsen,Thursday,Pastasallad,Kyckling mangocurry,1,0~1
Stockholm Södra,Coop Medborgarplatsen,Thursday,Pastasallad,Räkor,1,0~1
Stockholm Södra,Coop Medborgarplatsen,Thursday,Sandwich,Clubsandwich,1,0~1
Stockholm Södra,Coop Medborgarplatsen,Thursday,Sandwich,Kyckling Curry,1,1~2
Stockholm Södra,Coop Medborgarplatsen,Thursday,Sandwich,Räkor,1,0~1
Stockholm Södra,Coop Medborgarplatsen,Thursday,Varmrätt,Cevapcici med bulgur,1,1~2
Stockholm Södra,Coop Medborgarplatsen,Thursday,Varmrätt,Falafel med bulgur,1,0~1
Stockholm Södra,Coop Medborgarplatsen,Thursday,Varmrätt,Kyckling-och böngryta,1,1~2
Stockholm Södra,Coop Medborgarplatsen,Thursday,Varmrätt,Kycklingpestosallad,1,1~2
Stockholm Södra,Coop Medborgarplatsen,Thursday,Varmrätt,Teriyakikycklingfile med basmatiris,1,0~1
Stockholm Södra,Coop Medborgarplatsen,Thursday,Wraps,Caesar Kyckling,1,1~2
Stockholm Södra,Coop Medborgarplatsen,Thursday,Wraps,Kyckling Curry,1,1~2
Stockholm Södra,Coop Medborgarplatsen,Thursday,XL Frallor,Grovfralla Kalkon & Färskost,1,1~2
Stockholm Södra,Coop Medborgarplatsen,Thursday,XL Frallor,Ost,1,0~1
Stockholm Södra,Coop Medborgarplatsen,Thursday,XL Frallor,Ost & Skinka,1,1~2
Stockholm Södra,Coop Nytorgsgatan,Sunday,Fralla,Ost,1,0~1
Stockholm Södra,Coop Nytorgsgatan,Sunday,Fralla,Ost & Skinka,1,1~2
Stockholm Södra,Coop Nytorgsgatan,Sunday,Hönökaka,Ost,1,0~1
Stockholm Södra,Coop Nytorgsgatan,Sunday,Hönökaka,Ost & Salami,1,0~1
Stockholm Södra,Coop Nytorgsgatan,Sunday,Hönökaka,Ost & Skinka,1,0~1
Stockholm Södra,Coop Nytorgsgatan,Sunday,Pastasallad,Kyckling mangocurry,1,1~2
Stockholm Södra,Coop Nytorgsgatan,Sunday,Sandwich,Clubsandwich,1,0~1
Stockholm Södra,Coop Nytorgsgatan,Sunday,Wraps,Caesar Kyckling,1,0~1
Stockholm Södra,Coop Nytorgsgatan,Sunday,Wraps,Kyckling Curry,1,0~1
Stockholm Södra,Coop Nytorgsgatan,Sunday,XL Frallor,Ost & Skinka,1,0~1
Stockholm Södra,Coop Nytorgsgatan,Tuesday,Fralla,Ost & Skinka,1,1~1
Stockholm Södra,Coop Nytorgsgatan,Tuesday,Pastasallad,Kyckling mangocurry,1,0~1
Stockholm Södra,Coop Nytorgsgatan,Thursday,Baguette,Kyckling Sweet Chili,1,0~1
Stockholm Södra,Coop Nytorgsgatan,Thursday,Baguette,Salami & Brieost,1,0~1
Stockholm Södra,Coop Nytorgsgatan,Thursday,Baguette,Skagen,1,0~1
Stockholm Södra,Coop Nytorgsgatan,Thursday,Fralla,Ost,1,1~2
Stockholm Södra,Coop Nytorgsgatan,Thursday,Fralla,Ost & Skinka,2,1~2
Stockholm Södra,Coop Nytorgsgatan,Thursday,Hönökaka,Ost,1,1~2
Stockholm Södra,Coop Nytorgsgatan,Thursday,Hönökaka,Ost & Salami,1,1~2
Stockholm Södra,Coop Nytorgsgatan,Thursday,Hönökaka,Ost & Skinka,1,1~2
Stockholm Södra,Coop Nytorgsgatan,Thursday,Pastasallad,Kyckling & Salladsost,1,0~1
Stockholm Södra,Coop Nytorgsgatan,Thursday,Pastasallad,Kyckling kebab,1,0~1
Stockholm Södra,Coop Nytorgsgatan,Thursday,Pastasallad,Kyckling mangocurry,1,1~2
Stockholm Södra,Coop Nytorgsgatan,Thursday,Sandwich,Bacon & Äggröra,1,0~1
Stockholm Södra,Coop Nytorgsgatan,Thursday,Sandwich,Clubsandwich,1,1~2
Stockholm Södra,Coop Nytorgsgatan,Thursday,Sandwich,Kyckling Curry,1,0~1
Stockholm Södra,Coop Nytorgsgatan,Thursday,Sandwich,Kyckling Pestoröra,1,0~1
Stockholm Södra,Coop Nytorgsgatan,Thursday,Wraps,Caesar Kyckling,1,1~2
Stockholm Södra,Coop Nytorgsgatan,Thursday,Wraps,Kyckling Bacon,1,0~1
Stockholm Södra,Coop Nytorgsgatan,Thursday,Wraps,Kyckling Curry,1,1~2
Stockholm Södra,Coop Nytorgsgatan,Thursday,XL Frallor,Grovfralla Kalkon & Färskost,1,0~1
Stockholm Södra,Coop Nytorgsgatan,Thursday,XL Frallor,Ost,1,0~1
Stockholm Södra,Coop Nytorgsgatan,Thursday,XL Frallor,Ost & Skinka,1,1~2
Stockholm Södra,Coop Odengatan,Sunday,Baguette,Kyckling Curry,1,0~1
Stockholm Södra,Coop Odengatan,Sunday,Baguette,Salami & Brieost,1,0~1
Stockholm Södra,Coop Odengatan,Sunday,Baguette,Skagen,1,0~1
Stockholm Södra,Coop Odengatan,Sunday,Fralla,Ost,1,1~2
Stockholm Södra,Coop Odengatan,Sunday,Fralla,Ost & Skinka,2,2~3
Stockholm Södra,Coop Odengatan,Sunday,Grönsallad,Kyckling,1,0~1
Stockholm Södra,Coop Odengatan,Sunday,Hönökaka,Ost,1,1~2
Stockholm Södra,Coop Odengatan,Sunday,Hönökaka,Ost & Salami,1,1~2
Stockholm Södra,Coop Odengatan,Sunday,Hönökaka,Ost & Skinka,1,1~2
Stockholm Södra,Coop Odengatan,Sunday,Pastasallad,Bacon & Kyckling,1,0~1
Stockholm Södra,Coop Odengatan,Sunday,Pastasallad,Falafel,1,0~1
Stockholm Södra,Coop Odengatan,Sunday,Pastasallad,Kyckling & Salladsost,2,2~3
Stockholm Södra,Coop Odengatan,Sunday,Pastasallad,Kyckling kebab,1,1~2
Stockholm Södra,Coop Odengatan,Sunday,Pastasallad,Kyckling mangocurry,3,2~4
Stockholm Södra,Coop Odengatan,Sunday,Pastasallad,Ost & Skinka,1,0~1
Stockholm Södra,Coop Odengatan,Sunday,Pastasallad,Räkor,1,0~1
Stockholm Södra,Coop Odengatan,Sunday,Sandwich,Clubsandwich,1,0~1
Stockholm Södra,Coop Odengatan,Sunday,Wraps,Caesar Kyckling,3,3~4
Stockholm Södra,Coop Odengatan,Sunday,Wraps,Kyckling Bacon,3,2~4
Stockholm Södra,Coop Odengatan,Sunday,Wraps,Kyckling Curry,3,2~4
Stockholm Södra,Coop Odengatan,Sunday,Wraps,Kycklingsallad Olivie,1,0~1
Stockholm Södra,Coop Odengatan,Sunday,Wraps,Sweet Chili,3,2~4
Stockholm Södra,Coop Odengatan,Sunday,XL Frallor,Grovfralla Kalkon & Färskost,1,0~1
Stockholm Södra,Coop Odengatan,Sunday,XL Frallor,Ost,1,0~1
Stockholm Södra,Coop Odengatan,Sunday,XL Frallor,Ost & Skinka,1,1~2
Stockholm Södra,Coop Odengatan,Monday,Fralla,Ost & Skinka,1,1~1
Stockholm Södra,Coop Odengatan,Monday,Pastasallad,Kyckling & Salladsost,1,0~1
Stockholm Södra,Coop Odengatan,Monday,Pastasallad,Kyckling mangocurry,1,1~1
Stockholm Södra,Coop Odengatan,Monday,Wraps,Caesar Kyckling,1,1~1
Stockholm Södra,Coop Odengatan,Monday,Wraps,Kyckling Bacon,1,1~1
Stockholm Södra,Coop Odengatan,Monday,Wraps,Kyckling Curry,1,1~1
Stockholm Södra,Coop Odengatan,Monday,Wraps,Sweet Chili,1,1~1
Stockholm Södra,Coop Odengatan,Tuesday,Fralla,Ost,1,0~1
Stockholm Södra,Coop Odengatan,Tuesday,Fralla,Ost & Skinka,2,1~2
Stockholm Södra,Coop Odengatan,Tuesday,Hönökaka,Ost,1,0~1
Stockholm Södra,Coop Odengatan,Tuesday,Hönökaka,Ost & Salami,1,0~1
Stockholm Södra,Coop Odengatan,Tuesday,Hönökaka,Ost & Skinka,1,1~1
Stockholm Södra,Coop Odengatan,Tuesday,Pastasallad,Kyckling & Salladsost,2,1~2
Stockholm Södra,Coop Odengatan,Tuesday,Pastasallad,Kyckling kebab,1,0~1
Stockholm Södra,Coop Odengatan,Tuesday,Pastasallad,Kyckling mangocurry,2,2~3
Stockholm Södra,Coop Odengatan,Tuesday,Wraps,Caesar Kyckling,2,2~3
Stockholm Södra,Coop Odengatan,Tuesday,Wraps,Kyckling Bacon,2,2~3
Stockholm Södra,Coop Odengatan,Tuesday,Wraps,Kyckling Curry,2,2~3
Stockholm Södra,Coop Odengatan,Tuesday,Wraps,Sweet Chili,2,2~3
Stockholm Södra,Coop Odengatan,Tuesday,XL Frallor,Ost & Skinka,1,0~1
Stockholm Södra,Coop Odengatan,Wednesday,Fralla,Ost & Skinka,1,0~1
Stockholm Södra,Coop Odengatan,Wednesday,Pastasallad,Kyckling & Salladsost,1,0~1
Stockholm Södra,Coop Odengatan,Wednesday,Pastasallad,Kyckling mangocurry,1,1~1
Stockholm Södra,Coop Odengatan,Wednesday,Wraps,Caesar Kyckling,1,1~1
Stockholm Södra,Coop Odengatan,Wednesday,Wraps,Kyckling Bacon,1,1~1
Stockholm Södra,Coop Odengatan,Wednesday,Wraps,Kyckling Curry,1,1~1
Stockholm Södra,Coop Odengatan,Wednesday,Wraps,Sweet Chili,1,1~1
Stockholm Södra,Coop Odengatan,Thursday,Baguette,Kyckling Curry,1,1~2
Stockholm Södra,Coop Odengatan,Thursday,Baguette,Ost & Skinka,1,0~1
Stockholm Södra,Coop Odengatan,Thursday,Baguette,Salami & Brieost,1,1~2
Stockholm Södra,Coop Odengatan,Thursday,Baguette,Skagen,1,1~2
Stockholm Södra,Coop Odengatan,Thursday,Fralla,Ost,1,1~2
Stockholm Södra,Coop Odengatan,Thursday,Fralla,Ost & Skinka,2,2~4
Stockholm Södra,Coop Odengatan,Thursday,Glutenfri Frallor,Glutenfri Ost & Skinka(endast söndagsbeställning),1,0~1
Stockholm Södra,Coop Odengatan,Thursday,Glutenfri Frallor,Glutenfri Pumpafralla Kalkon & Färskost(endast söndagsbeställning),1,0~1
Stockholm Södra,Coop Odengatan,Thursday,Grönsallad,Kyckling,1,1~2
Stockholm Södra,Coop Odengatan,Thursday,Hönökaka,Ost,1,1~2
Stockholm Södra,Coop Odengatan,Thursday,Hönökaka,Ost & Salami,1,1~2
Stockholm Södra,Coop Odengatan,Thursday,Hönökaka,Ost & Skinka,2,1~2
Stockholm Södra,Coop Odengatan,Thursday,Pastasallad,Bacon & Kyckling,1,1~2
Stockholm Södra,Coop Odengatan,Thursday,Pastasallad,Falafel,1,1~2
Stockholm Södra,Coop Odengatan,Thursday,Pastasallad,Kyckling & Salladsost,1,2~3
Stockholm Södra,Coop Odengatan,Thursday,Pastasallad,Kyckling kebab,1,1~2
Stockholm Södra,Coop Odengatan,Thursday,Pastasallad,Kyckling mangocurry,2,1~3
Stockholm Södra,Coop Odengatan,Thursday,Pastasallad,Ost & Skinka,1,1~2
Stockholm Södra,Coop Odengatan,Thursday,Pastasallad,Räkor,1,1~2
Stockholm Södra,Coop Odengatan,Thursday,Sandwich,Bacon & Äggröra,1,0~1
Stockholm Södra,Coop Odengatan,Thursday,Sandwich,Clubsandwich,1,1~2
Stockholm Södra,Coop Odengatan,Thursday,Sandwich,Kyckling Curry,1,0~1
Stockholm Södra,Coop Odengatan,Thursday,Wraps,Caesar Kyckling,4,2~5
Stockholm Södra,Coop Odengatan,Thursday,Wraps,Kyckling Bacon,2,1~3
Stockholm Södra,Coop Odengatan,Thursday,Wraps,Kyckling Curry,3,2~4
Stockholm Södra,Coop Odengatan,Thursday,Wraps,Kycklingsallad Olivie,1,1~2
Stockholm Södra,Coop Odengatan,Thursday,Wraps,Sweet Chili,3,2~4
Stockholm Södra,Coop Odengatan,Thursday,XL Frallor,Grovfralla Kalkon & Färskost,1,1~2
Stockholm Södra,Coop Odengatan,Thursday,XL Frallor,Ost,1,1~2
Stockholm Södra,Coop Odengatan,Thursday,XL Frallor,Ost & Skinka,1,1~2
Stockholm Södra,Coop Odenplan,Sunday,Fralla,Ost,1,1~2
Stockholm Södra,Coop Odenplan,Sunday,Fralla,Ost & Skinka,2,2~3
Stockholm Södra,Coop Odenplan,Sunday,Hönökaka,Ost,1,0~1
Stockholm Södra,Coop Odenplan,Sunday,Hönökaka,Ost & Salami,1,0~1
Stockholm Södra,Coop Odenplan,Sunday,Hönökaka,Ost & Skinka,1,0~1
Stockholm Södra,Coop Odenplan,Sunday,Sandwich,Kyckling Curry,1,0~1
Stockholm Södra,Coop Odenplan,Sunday,Varmrätt,Kyckling-och böngryta,1,0~1
Stockholm Södra,Coop Odenplan,Sunday,Wraps,Caesar Kyckling,1,1~2
Stockholm Södra,Coop Odenplan,Sunday,Wraps,Kyckling Bacon,1,1~2
Stockholm Södra,Coop Odenplan,Sunday,Wraps,Kyckling Curry,1,1~2
Stockholm Södra,Coop Odenplan,Sunday,XL Frallor,Grovfralla Kalkon & Färskost,1,0~1
Stockholm Södra,Coop Odenplan,Sunday,XL Frallor,Ost,1,0~1
Stockholm Södra,Coop Odenplan,Sunday,XL Frallor,Ost & Skinka,1,1~2
Stockholm Södra,Coop Odenplan,Monday,Fralla,Ost & Skinka,1,1~1
Stockholm Södra,Coop Odenplan,Tuesday,Fralla,Ost,1,1~1
Stockholm Södra,Coop Odenplan,Tuesday,Fralla,Ost & Skinka,2,1~2
Stockholm Södra,Coop Odenplan,Tuesday,Wraps,Caesar Kyckling,1,0~1
Stockholm Södra,Coop Odenplan,Tuesday,Wraps,Kyckling Bacon,1,0~1
Stockholm Södra,Coop Odenplan,Tuesday,Wraps,Kyckling Curry,1,0~1
Stockholm Södra,Coop Odenplan,Tuesday,XL Frallor,Ost & Skinka,1,0~1
Stockholm Södra,Coop Odenplan,Wednesday,Fralla,Ost & Skinka,1,0~1
Stockholm Södra,Coop Odenplan,Thursday,Baguette,Kyckling Curry,1,0~1
Stockholm Södra,Coop Odenplan,Thursday,Baguette,Salami & Brieost,1,0~1
Stockholm Södra,Coop Odenplan,Thursday,Fralla,Ost,2,1~2
Stockholm Södra,Coop Odenplan,Thursday,Fralla,Ost & Skinka,2,2~4
Stockholm Södra,Coop Odenplan,Thursday,Glutenfri Frallor,Glutenfri Pumpafralla Kalkon & Färskost(endast söndagsbeställning),1,0~1
Stockholm Södra,Coop Odenplan,Thursday,Hönökaka,Ost,1,1~2
Stockholm Södra,Coop Odenplan,Thursday,Hönökaka,Ost & Salami,1,1~2
Stockholm Södra,Coop Odenplan,Thursday,Hönökaka,Ost & Skinka,1,1~2
Stockholm Södra,Coop Odenplan,Thursday,Sandwich,Bacon & Äggröra,1,0~1
Stockholm Södra,Coop Odenplan,Thursday,Sandwich,Clubsandwich,1,0~1
Stockholm Södra,Coop Odenplan,Thursday,Sandwich,Kyckling Curry,1,1~2
Stockholm Södra,Coop Odenplan,Thursday,Varmrätt,Cevapcici med bulgur,1,0~1
Stockholm Södra,Coop Odenplan,Thursday,Varmrätt,Kyckling-och böngryta,1,1~2
Stockholm Södra,Coop Odenplan,Thursday,Varmrätt,Teriyakikycklingfile med basmatiris,1,0~1
Stockholm Södra,Coop Odenplan,Thursday,Wraps,Caesar Kyckling,1,1~2
Stockholm Södra,Coop Odenplan,Thursday,Wraps,Kyckling Bacon,1,1~2
Stockholm Södra,Coop Odenplan,Thursday,Wraps,Kyckling Curry,1,1~2
Stockholm Södra,Coop Odenplan,Thursday,XL Frallor,Grovfralla Kalkon & Färskost,1,1~2
Stockholm Södra,Coop Odenplan,Thursday,XL Frallor,Ost,1,1~2
Stockholm Södra,Coop Odenplan,Thursday,XL Frallor,Ost & Skinka,1,1~2
Stockholm Södra,Coop Renstierna,Sunday,Fralla,Ost,1,0~1
Stockholm Södra,Coop Renstierna,Sunday,Fralla,Ost & Skinka,2,2~3
Stockholm Södra,Coop Renstierna,Sunday,Hönökaka,Ost,1,1~2
Stockholm Södra,Coop Renstierna,Sunday,Hönökaka,Ost & Salami,1,1~2
Stockholm Södra,Coop Renstierna,Sunday,Hönökaka,Ost & Skinka,1,1~2
Stockholm Södra,Coop Renstierna,Sunday,Pastasallad,Bacon & Kyckling,1,0~1
Stockholm Södra,Coop Renstierna,Sunday,Pastasallad,Kyckling & Salladsost,2,2~3
Stockholm Södra,Coop Renstierna,Sunday,Pastasallad,Kyckling kebab,1,0~1
Stockholm Södra,Coop Renstierna,Sunday,Pastasallad,Kyckling mangocurry,3,2~4
Stockholm Södra,Coop Renstierna,Sunday,Pastasallad,Räkor,1,0~1
Stockholm Södra,Coop Renstierna,Sunday,Sandwich,Clubsandwich,1,0~1
Stockholm Södra,Coop Renstierna,Sunday,Sandwich,Kyckling Curry,1,0~1
Stockholm Södra,Coop Renstierna,Sunday,Sandwich,Räkor,1,0~1
Stockholm Södra,Coop Renstierna,Sunday,Wraps,Caesar Kyckling,1,1~2
Stockholm Södra,Coop Renstierna,Sunday,Wraps,Kyckling Bacon,1,0~1
Stockholm Södra,Coop Renstierna,Sunday,Wraps,Kyckling Curry,1,1~2
Stockholm Södra,Coop Renstierna,Sunday,Wraps,Sweet Chili,1,0~1
Stockholm Södra,Coop Renstierna,Sunday,XL Frallor,Grovfralla Kalkon & Färskost,1,0~1
Stockholm Södra,Coop Renstierna,Monday,Fralla,Ost & Skinka,1,0~1
Stockholm Södra,Coop Renstierna,Monday,Pastasallad,Kyckling & Salladsost,1,1~1
Stockholm Södra,Coop Renstierna,Monday,Pastasallad,Kyckling mangocurry,1,1~1
Stockholm Södra,Coop Renstierna,Tuesday,Fralla,Ost & Skinka,2,1~2
Stockholm Södra,Coop Renstierna,Tuesday,Hönökaka,Ost,1,0~1
Stockholm Södra,Coop Renstierna,Tuesday,Hönökaka,Ost & Salami,1,0~1
Stockholm Södra,Coop Renstierna,Tuesday,Hönökaka,Ost & Skinka,1,1~1
Stockholm Södra,Coop Renstierna,Tuesday,Pastasallad,Kyckling & Salladsost,2,1~2
Stockholm Södra,Coop Renstierna,Tuesday,Pastasallad,Kyckling mangocurry,2,2~3
Stockholm Södra,Coop Renstierna,Tuesday,Wraps,Caesar Kyckling,1,0~1
Stockholm Södra,Coop Renstierna,Tuesday,Wraps,Kyckling Curry,1,0~1
Stockholm Södra,Coop Renstierna,Wednesday,Fralla,Ost & Skinka,1,0~1
Stockholm Södra,Coop Renstierna,Wednesday,Pastasallad,Kyckling & Salladsost,1,0~1
Stockholm Södra,Coop Renstierna,Wednesday,Pastasallad,Kyckling mangocurry,1,1~1
Stockholm Södra,Coop Renstierna,Thursday,Baguette,Kyckling Curry,1,0~1
Stockholm Södra,Coop Renstierna,Thursday,Baguette,Salami & Brieost,1,0~1
Stockholm Södra,Coop Renstierna,Thursday,Fralla,Ost,1,1~2
Stockholm Södra,Coop Renstierna,Thursday,Fralla,Ost & Skinka,1,2~3
Stockholm Södra,Coop Renstierna,Thursday,Glutenfri Frallor,Glutenfri Ost & Skinka(endast söndagsbeställning),1,0~1
Stockholm Södra,Coop Renstierna,Thursday,Glutenfri Frallor,Glutenfri Pumpafralla Kalkon & Färskost(endast söndagsbeställning),1,0~1
Stockholm Södra,Coop Renstierna,Thursday,Hönökaka,Ost,1,1~2
Stockholm Södra,Coop Renstierna,Thursday,Hönökaka,Ost & Salami,1,1~2
Stockholm Södra,Coop Renstierna,Thursday,Hönökaka,Ost & Skinka,2,1~2
Stockholm Södra,Coop Renstierna,Thursday,Pastasallad,Bacon & Kyckling,1,1~2
Stockholm Södra,Coop Renstierna,Thursday,Pastasallad,Falafel,1,0~1
Stockholm Södra,Coop Renstierna,Thursday,Pastasallad,Kyckling & Salladsost,2,2~4
Stockholm Södra,Coop Renstierna,Thursday,Pastasallad,Kyckling kebab,1,1~2
Stockholm Södra,Coop Renstierna,Thursday,Pastasallad,Kyckling mangocurry,3,2~4
Stockholm Södra,Coop Renstierna,Thursday,Pastasallad,Ost & Skinka,1,0~1
Stockholm Södra,Coop Renstierna,Thursday,Pastasallad,Räkor,1,1~2
Stockholm Södra,Coop Renstierna,Thursday,Sandwich,Bacon & Äggröra,1,0~1
Stockholm Södra,Coop Renstierna,Thursday,Sandwich,Clubsandwich,1,1~2
Stockholm Södra,Coop Renstierna,Thursday,Sandwich,Kyckling Curry,1,1~2
Stockholm Södra,Coop Renstierna,Thursday,Sandwich,Räkor,1,1~2
Stockholm Södra,Coop Renstierna,Thursday,Wraps,Caesar Kyckling,1,1~2
Stockholm Södra,Coop Renstierna,Thursday,Wraps,Kyckling Bacon,1,1~2
Stockholm Södra,Coop Renstierna,Thursday,Wraps,Kyckling Curry,1,1~2
Stockholm Södra,Coop Renstierna,Thursday,Wraps,Sweet Chili,1,1~2
Stockholm Södra,Coop Renstierna,Thursday,XL Frallor,Grovfralla Kalkon & Färskost,1,1~2
Stockholm Södra,Coop Renstierna,Thursday,XL Frallor,Ost,1,0~1
Stockholm Södra,Coop Renstierna,Thursday,XL Frallor,Ost & Skinka,1,0~1
Stockholm Södra,Coop Rådhuset,Sunday,Baguette,Salami & Brieost,1,1~2
Stockholm Södra,Coop Rådhuset,Sunday,Fralla,Ost,1,1~2
Stockholm Södra,Coop Rådhuset,Sunday,Fralla,Ost & Skinka,2,2~3
Stockholm Södra,Coop Rådhuset,Sunday,Grönsallad,Kyckling,1,1~2
Stockholm Södra,Coop Rådhuset,Sunday,Hönökaka,Ost,2,2~3
Stockholm Södra,Coop Rådhuset,Sunday,Hönökaka,Ost & Salami,3,2~4
Stockholm Södra,Coop Rådhuset,Sunday,Hönökaka,Ost & Skinka,3,2~4
Stockholm Södra,Coop Rådhuset,Sunday,Pastasallad,Bacon & Kyckling,1,0~1
Stockholm Södra,Coop Rådhuset,Sunday,Pastasallad,Kyckling & Salladsost,2,2~3
Stockholm Södra,Coop Rådhuset,Sunday,Pastasallad,Kyckling kebab,1,0~1
Stockholm Södra,Coop Rådhuset,Sunday,Pastasallad,Kyckling mangocurry,3,2~4
Stockholm Södra,Coop Rådhuset,Sunday,Sandwich,Clubsandwich,1,0~1
Stockholm Södra,Coop Rådhuset,Sunday,Varmrätt,Kyckling-och böngryta,1,0~1
Stockholm Södra,Coop Rådhuset,Sunday,Varmrätt,Teriyakibiff med ris,1,0~1
Stockholm Södra,Coop Rådhuset,Sunday,Wraps,Caesar Kyckling,1,0~1
Stockholm Södra,Coop Rådhuset,Sunday,Wraps,Kyckling Curry,1,0~1
Stockholm Södra,Coop Rådhuset,Sunday,Wraps,Kycklingsallad Olivie,2,2~3
Stockholm Södra,Coop Rådhuset,Sunday,Wraps,Sweet Chili,1,0~1
Stockholm Södra,Coop Rådhuset,Sunday,XL Frallor,Grovfralla Kalkon & Färskost,1,0~1
Stockholm Södra,Coop Rådhuset,Sunday,XL Frallor,Ost,1,0~1
Stockholm Södra,Coop Rådhuset,Sunday,XL Frallor,Ost & Skinka,1,0~1
Stockholm Södra,Coop Rådhuset,Monday,Fralla,Ost & Skinka,1,0~1
Stockholm Södra,Coop Rådhuset,Monday,Hönökaka,Ost,1,0~1
Stockholm Södra,Coop Rådhuset,Monday,Hönökaka,Ost & Salami,1,1~1
Stockholm Södra,Coop Rådhuset,Monday,Hönökaka,Ost & Skinka,1,1~1
Stockholm Södra,Coop Rådhuset,Monday,Pastasallad,Kyckling & Salladsost,1,0~1
Stockholm Södra,Coop Rådhuset,Monday,Pastasallad,Kyckling mangocurry,1,1~1
Stockholm Södra,Coop Rådhuset,Monday,Wraps,Kycklingsallad Olivie,1,0~1
Stockholm Södra,Coop Rådhuset,Tuesday,Baguette,Salami & Brieost,1,0~1
Stockholm Södra,Coop Rådhuset,Tuesday,Fralla,Ost,1,0~1
Stockholm Södra,Coop Rådhuset,Tuesday,Fralla,Ost & Skinka,2,1~2
Stockholm Södra,Coop Rådhuset,Tuesday,Grönsallad,Kyckling,1,0~1
Stockholm Södra,Coop Rådhuset,Tuesday,Hönökaka,Ost,2,1~2
Stockholm Södra,Coop Rådhuset,Tuesday,Hönökaka,Ost & Salami,2,2~3
Stockholm Södra,Coop Rådhuset,Tuesday,Hönökaka,Ost & Skinka,2,2~3
Stockholm Södra,Coop Rådhuset,Tuesday,Pastasallad,Kyckling & Salladsost,2,1~2
Stockholm Södra,Coop Rådhuset,Tuesday,Pastasallad,Kyckling mangocurry,2,2~3
Stockholm Södra,Coop Rådhuset,Tuesday,Wraps,Kycklingsallad Olivie,2,1~2
Stockholm Södra,Coop Rådhuset,Wednesday,Fralla,Ost & Skinka,1,0~1
Stockholm Södra,Coop Rådhuset,Wednesday,Hönökaka,Ost,1,0~1
Stockholm Södra,Coop Rådhuset,Wednesday,Hönökaka,Ost & Salami,1,1~1
Stockholm Södra,Coop Rådhuset,Wednesday,Hönökaka,Ost & Skinka,1,1~1
Stockholm Södra,Coop Rådhuset,Wednesday,Pastasallad,Kyckling & Salladsost,1,0~1
Stockholm Södra,Coop Rådhuset,Wednesday,Pastasallad,Kyckling mangocurry,1,1~1
Stockholm Södra,Coop Rådhuset,Wednesday,Wraps,Kycklingsallad Olivie,1,0~1
Stockholm Södra,Coop Rådhuset,Thursday,Baguette,Kyckling Curry,1,0~1
Stockholm Södra,Coop Rådhuset,Thursday,Baguette,Kyckling Sweet Chili,1,0~1
Stockholm Södra,Coop Rådhuset,Thursday,Baguette,Kycklingsallad Olivie,1,0~1
Stockholm Södra,Coop Rådhuset,Thursday,Baguette,Ost & Skinka,1,0~1
Stockholm Södra,Coop Rådhuset,Thursday,Baguette,Salami & Brieost,1,1~2
Stockholm Södra,Coop Rådhuset,Thursday,Baguette,Skagen,1,0~1
Stockholm Södra,Coop Rådhuset,Thursday,Fralla,Ost,1,1~2
Stockholm Södra,Coop Rådhuset,Thursday,Fralla,Ost & Skinka,1,2~3
Stockholm Södra,Coop Rådhuset,Thursday,Glutenfri Frallor,Glutenfri Pumpafralla Kalkon & Färskost(endast söndagsbeställning),1,0~1
Stockholm Södra,Coop Rådhuset,Thursday,Grönsallad,Kyckling,1,1~2
Stockholm Södra,Coop Rådhuset,Thursday,Hönökaka,Ost,1,2~3
Stockholm Södra,Coop Rådhuset,Thursday,Hönökaka,Ost & Salami,2,1~3
Stockholm Södra,Coop Rådhuset,Thursday,Hönökaka,Ost & Skinka,2,1~3
Stockholm Södra,Coop Rådhuset,Thursday,Pastasallad,Bacon & Kyckling,1,1~2
Stockholm Södra,Coop Rådhuset,Thursday,Pastasallad,Falafel,1,0~1
Stockholm Södra,Coop Rådhuset,Thursday,Pastasallad,Kyckling & Salladsost,1,2~3
Stockholm Södra,Coop Rådhuset,Thursday,Pastasallad,Kyckling kebab,1,1~2
Stockholm Södra,Coop Rådhuset,Thursday,Pastasallad,Kyckling mangocurry,2,1~3
Stockholm Södra,Coop Rådhuset,Thursday,Pastasallad,Ost & Skinka,1,0~1
Stockholm Södra,Coop Rådhuset,Thursday,Pastasallad,Räkor,1,0~1
Stockholm Södra,Coop Rådhuset,Thursday,Sandwich,Bacon & Äggröra,1,0~1
Stockholm Södra,Coop Rådhuset,Thursday,Sandwich,Clubsandwich,1,1~2
Stockholm Södra,Coop Rådhuset,Thursday,Sandwich,Kyckling Curry,1,0~1
Stockholm Södra,Coop Rådhuset,Thursday,Sandwich,Räkor,1,0~1
Stockholm Södra,Coop Rådhuset,Thursday,Sandwich,Ägg & Avocadokräm,1,0~1
Stockholm Södra,Coop Rådhuset,Thursday,Varmrätt,Cevapcici med bulgur,1,0~1
Stockholm Södra,Coop Rådhuset,Thursday,Varmrätt,Kyckling-och böngryta,1,1~2
Stockholm Södra,Coop Rådhuset,Thursday,Varmrätt,Teriyakibiff med ris,1,1~2
Stockholm Södra,Coop Rådhuset,Thursday,Varmrätt,Teriyakikycklingfile med basmatiris,1,0~1
Stockholm Södra,Coop Rådhuset,Thursday,Wraps,Caesar Kyckling,1,1~2
Stockholm Södra,Coop Rådhuset,Thursday,Wraps,Kyckling Curry,1,1~2
Stockholm Södra,Coop Rådhuset,Thursday,Wraps,Kycklingsallad Olivie,1,2~3
Stockholm Södra,Coop Rådhuset,Thursday,Wraps,Sweet Chili,1,1~2
Stockholm Södra,Coop Rådhuset,Thursday,XL Frallor,Grovfralla Kalkon & Färskost,1,1~2
Stockholm Södra,Coop Rådhuset,Thursday,XL Frallor,Ost,1,1~2
Stockholm Södra,Coop Rådhuset,Thursday,XL Frallor,Ost & Skinka,1,1~2
Stockholm Södra,Coop Sveavägen,Sunday,Baguette,Kyckling Curry,1,0~1
Stockholm Södra,Coop Sveavägen,Sunday,Baguette,Kyckling Sweet Chili,1,0~1
Stockholm Södra,Coop Sveavägen,Sunday,Baguette,Ost & Skinka,3,2~4
Stockholm Södra,Coop Sveavägen,Sunday,Baguette,Salami & Brieost,4,3~5
Stockholm Södra,Coop Sveavägen,Sunday,Baguette,Skagen,2,2~3
Stockholm Södra,Coop Sveavägen,Sunday,Fralla,Ost,5,4~6
Stockholm Södra,Coop Sveavägen,Sunday,Fralla,Ost & Skinka,6,5~8
Stockholm Södra,Coop Sveavägen,Sunday,Glutenfri Frallor,Glutenfri Ost(endast söndagsbeställning),1,0~1
Stockholm Södra,Coop Sveavägen,Sunday,Glutenfri Frallor,Glutenfri Pumpafralla Kalkon & Färskost(endast söndagsbeställning),1,0~1
Stockholm Södra,Coop Sveavägen,Sunday,Hönökaka,Ost,5,4~6
Stockholm Södra,Coop Sveavägen,Sunday,Hönökaka,Ost & Salami,7,5~8
Stockholm Södra,Coop Sveavägen,Sunday,Hönökaka,Ost & Skinka,8,7~10
Stockholm Södra,Coop Sveavägen,Sunday,Pastasallad,Bacon & Kyckling,1,0~1
Stockholm Södra,Coop Sveavägen,Sunday,Pastasallad,Kyckling & Salladsost,3,2~4
Stockholm Södra,Coop Sveavägen,Sunday,Pastasallad,Kyckling kebab,3,3~4
Stockholm Södra,Coop Sveavägen,Sunday,Pastasallad,Kyckling mangocurry,2,2~2
Stockholm Södra,Coop Sveavägen,Sunday,Pastasallad,Räkor,1,0~1
Stockholm Södra,Coop Sveavägen,Sunday,Sandwich,Bacon & Äggröra,1,1~2
Stockholm Södra,Coop Sveavägen,Sunday,Sandwich,Clubsandwich,1,1~2
Stockholm Södra,Coop Sveavägen,Sunday,Sandwich,Kyckling Curry,1,1~2
Stockholm Södra,Coop Sveavägen,Sunday,Sandwich,Räkor,1,0~1
Stockholm Södra,Coop Sveavägen,Sunday,Sandwich,Ägg & Avocadokräm,1,0~1
Stockholm Södra,Coop Sveavägen,Sunday,Wraps,Caesar Kyckling,2,2~3
Stockholm Södra,Coop Sveavägen,Sunday,Wraps,Kyckling Bacon,1,0~1
Stockholm Södra,Coop Sveavägen,Sunday,Wraps,Kyckling Curry,1,1~2
Stockholm Södra,Coop Sveavägen,Sunday,XL Frallor,Grovfralla Kalkon & Färskost,2,2~3
Stockholm Södra,Coop Sveavägen,Sunday,XL Frallor,Ost,2,2~3
Stockholm Södra,Coop Sveavägen,Sunday,XL Frallor,Ost & Skinka,3,2~4
Stockholm Södra,Coop Sveavägen,Monday,Baguette,Ost & Skinka,1,1~1
Stockholm Södra,Coop Sveavägen,Monday,Baguette,Salami & Brieost,1,1~2
Stockholm Södra,Coop Sveavägen,Monday,Baguette,Skagen,1,0~1
Stockholm Södra,Coop Sveavägen,Monday,Fralla,Ost,2,1~2
Stockholm Södra,Coop Sveavägen,Monday,Fralla,Ost & Skinka,2,2~3
Stockholm Södra,Coop Sveavägen,Monday,Hönökaka,Ost,2,1~2
Stockholm Södra,Coop Sveavägen,Monday,Hönökaka,Ost & Salami,2,2~3
Stockholm Södra,Coop Sveavägen,Monday,Hönökaka,Ost & Skinka,3,2~3
Stockholm Södra,Coop Sveavägen,Monday,Pastasallad,Kyckling & Salladsost,1,1~1
Stockholm Södra,Coop Sveavägen,Monday,Pastasallad,Kyckling kebab,1,1~1
Stockholm Södra,Coop Sveavägen,Monday,Pastasallad,Kyckling mangocurry,1,0~1
Stockholm Södra,Coop Sveavägen,Monday,Wraps,Caesar Kyckling,1,0~1
Stockholm Södra,Coop Sveavägen,Monday,XL Frallor,Grovfralla Kalkon & Färskost,1,0~1
Stockholm Södra,Coop Sveavägen,Monday,XL Frallor,Ost,1,1~1
Stockholm Södra,Coop Sveavägen,Monday,XL Frallor,Ost & Skinka,1,1~1
Stockholm Södra,Coop Sveavägen,Tuesday,Baguette,Ost & Skinka,2,2~3
Stockholm Södra,Coop Sveavägen,Tuesday,Baguette,Salami & Brieost,3,2~4
Stockholm Södra,Coop Sveavägen,Tuesday,Baguette,Skagen,2,1~2
Stockholm Södra,Coop Sveavägen,Tuesday,Fralla,Ost,4,3~4
Stockholm Södra,Coop Sveavägen,Tuesday,Fralla,Ost & Skinka,5,4~6
Stockholm Södra,Coop Sveavägen,Tuesday,Hönökaka,Ost,4,3~5
Stockholm Södra,Coop Sveavägen,Tuesday,Hönökaka,Ost & Salami,5,4~6
Stockholm Södra,Coop Sveavägen,Tuesday,Hönökaka,Ost & Skinka,6,5~7
Stockholm Södra,Coop Sveavägen,Tuesday,Pastasallad,Kyckling & Salladsost,2,2~3
Stockholm Södra,Coop Sveavägen,Tuesday,Pastasallad,Kyckling kebab,2,2~3
Stockholm Södra,Coop Sveavägen,Tuesday,Pastasallad,Kyckling mangocurry,1,1~2
Stockholm Södra,Coop Sveavägen,Tuesday,Sandwich,Bacon & Äggröra,1,1~1
Stockholm Södra,Coop Sveavägen,Tuesday,Sandwich,Clubsandwich,1,0~1
Stockholm Södra,Coop Sveavägen,Tuesday,Sandwich,Kyckling Curry,1,0~1
Stockholm Södra,Coop Sveavägen,Tuesday,Wraps,Caesar Kyckling,2,1~2
Stockholm Södra,Coop Sveavägen,Tuesday,Wraps,Kyckling Curry,1,0~1
Stockholm Södra,Coop Sveavägen,Tuesday,XL Frallor,Grovfralla Kalkon & Färskost,2,1~2
Stockholm Södra,Coop Sveavägen,Tuesday,XL Frallor,Ost,2,1~2
Stockholm Södra,Coop Sveavägen,Tuesday,XL Frallor,Ost & Skinka,2,2~3
Stockholm Södra,Coop Sveavägen,Wednesday,Baguette,Ost & Skinka,1,1~1
Stockholm Södra,Coop Sveavägen,Wednesday,Baguette,Salami & Brieost,1,1~1
Stockholm Södra,Coop Sveavägen,Wednesday,Baguette,Skagen,1,0~1
Stockholm Södra,Coop Sveavägen,Wednesday,Fralla,Ost,1,1~2
Stockholm Södra,Coop Sveavägen,Wednesday,Fralla,Ost & Skinka,2,1~2
Stockholm Södra,Coop Sveavägen,Wednesday,Hönökaka,Ost,1,1~2
Stockholm Södra,Coop Sveavägen,Wednesday,Hönökaka,Ost & Salami,2,1~2
Stockholm Södra,Coop Sveavägen,Wednesday,Hönökaka,Ost & Skinka,2,2~3
Stockholm Södra,Coop Sveavägen,Wednesday,Pastasallad,Kyckling & Salladsost,1,1~1
Stockholm Södra,Coop Sveavägen,Wednesday,Pastasallad,Kyckling kebab,1,1~1
Stockholm Södra,Coop Sveavägen,Wednesday,Wraps,Caesar Kyckling,1,0~1
Stockholm Södra,Coop Sveavägen,Wednesday,XL Frallor,Grovfralla Kalkon & Färskost,1,0~1
Stockholm Södra,Coop Sveavägen,Wednesday,XL Frallor,Ost,1,0~1
Stockholm Södra,Coop Sveavägen,Wednesday,XL Frallor,Ost & Skinka,1,1~1
Stockholm Södra,Coop Sveavägen,Thursday,Baguette,Kyckling Curry,1,1~2
Stockholm Södra,Coop Sveavägen,Thursday,Baguette,Kyckling Sweet Chili,1,1~2
Stockholm Södra,Coop Sveavägen,Thursday,Baguette,Ost & Skinka,2,1~3
Stockholm Södra,Coop Sveavägen,Thursday,Baguette,Salami & Brieost,5,4~6
Stockholm Södra,Coop Sveavägen,Thursday,Baguette,Skagen,1,2~3
Stockholm Södra,Coop Sveavägen,Thursday,Fralla,Ost,4,4~6
Stockholm Södra,Coop Sveavägen,Thursday,Fralla,Ost & Skinka,6,5~7
Stockholm Södra,Coop Sveavägen,Thursday,Glutenfri Frallor,Glutenfri Ost(endast söndagsbeställning),1,1~2
Stockholm Södra,Coop Sveavägen,Thursday,Glutenfri Frallor,Glutenfri Pumpafralla Kalkon & Färskost(endast söndagsbeställning),1,1~2
Stockholm Södra,Coop Sveavägen,Thursday,Hönökaka,Ost,5,5~6
Stockholm Södra,Coop Sveavägen,Thursday,Hönökaka,Ost & Salami,6,6~8
Stockholm Södra,Coop Sveavägen,Thursday,Hönökaka,Ost & Skinka,8,6~10
Stockholm Södra,Coop Sveavägen,Thursday,Pastasallad,Bacon & Kyckling,1,1~2
Stockholm Södra,Coop Sveavägen,Thursday,Pastasallad,Falafel,1,0~1
Stockholm Södra,Coop Sveavägen,Thursday,Pastasallad,Kyckling & Salladsost,3,2~4
Stockholm Södra,Coop Sveavägen,Thursday,Pastasallad,Kyckling kebab,4,2~5
Stockholm Södra,Coop Sveavägen,Thursday,Pastasallad,Kyckling mangocurry,2,2~2
Stockholm Södra,Coop Sveavägen,Thursday,Pastasallad,Ost & Skinka,1,0~1
Stockholm Södra,Coop Sveavägen,Thursday,Pastasallad,Räkor,1,1~2
Stockholm Södra,Coop Sveavägen,Thursday,Sandwich,Bacon & Äggröra,2,1~2
Stockholm Södra,Coop Sveavägen,Thursday,Sandwich,Clubsandwich,1,1~2
Stockholm Södra,Coop Sveavägen,Thursday,Sandwich,Kyckling Curry,1,1~2
Stockholm Södra,Coop Sveavägen,Thursday,Sandwich,Kyckling Pestoröra,1,0~1
Stockholm Södra,Coop Sveavägen,Thursday,Sandwich,Räkor,1,1~2
Stockholm Södra,Coop Sveavägen,Thursday,Sandwich,Ägg & Avocadokräm,1,1~2
Stockholm Södra,Coop Sveavägen,Thursday,Wraps,Caesar Kyckling,1,2~3
Stockholm Södra,Coop Sveavägen,Thursday,Wraps,Kyckling Bacon,1,1~2
Stockholm Södra,Coop Sveavägen,Thursday,Wraps,Kyckling Curry,1,1~2
Stockholm Södra,Coop Sveavägen,Thursday,Wraps,Sweet Chili,1,0~1
Stockholm Södra,Coop Sveavägen,Thursday,XL Frallor,Grovfralla Kalkon & Färskost,1,2~3
Stockholm Södra,Coop Sveavägen,Thursday,XL Frallor,Ost,2,2~4
Stockholm Södra,Coop Sveavägen,Thursday,XL Frallor,Ost & Skinka,3,2~4
Stockholm Södra,Coop Tomtebogatan,Sunday,Baguette,Salami & Brieost,1,0~1
Stockholm Södra,Coop Tomtebogatan,Sunday,Fralla,Ost,1,0~1
Stockholm Södra,Coop Tomtebogatan,Sunday,Fralla,Ost & Skinka,1,1~2
Stockholm Södra,Coop Tomtebogatan,Sunday,Hönökaka,Ost,1,1~2
Stockholm Södra,Coop Tomtebogatan,Sunday,Hönökaka,Ost & Salami,1,1~2
Stockholm Södra,Coop Tomtebogatan,Sunday,Hönökaka,Ost & Skinka,1,1~2
Stockholm Södra,Coop Tomtebogatan,Sunday,Pastasallad,Bacon & Kyckling,1,0~1
Stockholm Södra,Coop Tomtebogatan,Sunday,Pastasallad,Kyckling & Salladsost,1,1~2
Stockholm Södra,Coop Tomtebogatan,Sunday,Pastasallad,Kyckling kebab,1,0~1
Stockholm Södra,Coop Tomtebogatan,Sunday,Pastasallad,Kyckling mangocurry,2,1~2
Stockholm Södra,Coop Tomtebogatan,Sunday,Sandwich,Clubsandwich,1,0~1
Stockholm Södra,Coop Tomtebogatan,Sunday,Sandwich,Kyckling Curry,1,0~1
Stockholm Södra,Coop Tomtebogatan,Sunday,Wraps,Caesar Kyckling,1,0~1
Stockholm Södra,Coop Tomtebogatan,Sunday,Wraps,Kyckling Bacon,1,0~1
Stockholm Södra,Coop Tomtebogatan,Sunday,Wraps,Kyckling Curry,1,0~1
Stockholm Södra,Coop Tomtebogatan,Tuesday,Fralla,Ost & Skinka,1,1~1
Stockholm Södra,Coop Tomtebogatan,Tuesday,Hönökaka,Ost,1,0~1
Stockholm Södra,Coop Tomtebogatan,Tuesday,Hönökaka,Ost & Salami,1,0~1
Stockholm Södra,Coop Tomtebogatan,Tuesday,Hönökaka,Ost & Skinka,1,1~1
Stockholm Södra,Coop Tomtebogatan,Tuesday,Pastasallad,Kyckling & Salladsost,1,0~1
Stockholm Södra,Coop Tomtebogatan,Tuesday,Pastasallad,Kyckling mangocurry,1,1~2
Stockholm Södra,Coop Tomtebogatan,Thursday,Baguette,Kyckling Curry,1,0~1
Stockholm Södra,Coop Tomtebogatan,Thursday,Baguette,Salami & Brieost,1,1~2
Stockholm Södra,Coop Tomtebogatan,Thursday,Fralla,Ost,1,1~2
Stockholm Södra,Coop Tomtebogatan,Thursday,Fralla,Ost & Skinka,2,1~2
Stockholm Södra,Coop Tomtebogatan,Thursday,Hönökaka,Ost,1,1~2
Stockholm Södra,Coop Tomtebogatan,Thursday,Hönökaka,Ost & Salami,1,1~2
Stockholm Södra,Coop Tomtebogatan,Thursday,Hönökaka,Ost & Skinka,2,1~2
Stockholm Södra,Coop Tomtebogatan,Thursday,Pastasallad,Bacon & Kyckling,1,1~2
Stockholm Södra,Coop Tomtebogatan,Thursday,Pastasallad,Falafel,1,0~1
Stockholm Södra,Coop Tomtebogatan,Thursday,Pastasallad,Kyckling & Salladsost,1,1~2
Stockholm Södra,Coop Tomtebogatan,Thursday,Pastasallad,Kyckling kebab,1,1~2
Stockholm Södra,Coop Tomtebogatan,Thursday,Pastasallad,Kyckling mangocurry,2,2~1
Stockholm Södra,Coop Tomtebogatan,Thursday,Pastasallad,Räkor,1,0~1
Stockholm Södra,Coop Tomtebogatan,Thursday,Sandwich,Clubsandwich,1,1~2
Stockholm Södra,Coop Tomtebogatan,Thursday,Sandwich,Kyckling Curry,1,1~2
Stockholm Södra,Coop Tomtebogatan,Thursday,Sandwich,Kyckling Pestoröra,1,0~1
Stockholm Södra,Coop Tomtebogatan,Thursday,Sandwich,Räkor,1,0~1
Stockholm Södra,Coop Tomtebogatan,Thursday,Wraps,Caesar Kyckling,1,1~2
Stockholm Södra,Coop Tomtebogatan,Thursday,Wraps,Kyckling Bacon,1,1~2
Stockholm Södra,Coop Tomtebogatan,Thursday,Wraps,Kyckling Curry,1,1~2
Stockholm Södra,Coop Tomtebogatan,Thursday,Wraps,Sweet Chili,1,0~1
Stockholm Södra,Coop Zinkensdamm,Sunday,Baguette,Salami & Brieost,1,0~1
Stockholm Södra,Coop Zinkensdamm,Sunday,Fralla,Ost,1,1~2
Stockholm Södra,Coop Zinkensdamm,Sunday,Fralla,Ost & Skinka,3,2~4
Stockholm Södra,Coop Zinkensdamm,Sunday,Hönökaka,Ost,3,2~4
Stockholm Södra,Coop Zinkensdamm,Sunday,Hönökaka,Ost & Salami,3,2~4
Stockholm Södra,Coop Zinkensdamm,Sunday,Hönökaka,Ost & Skinka,3,2~4
Stockholm Södra,Coop Zinkensdamm,Sunday,Pastasallad,Kyckling & Salladsost,1,0~1
Stockholm Södra,Coop Zinkensdamm,Sunday,Pastasallad,Kyckling kebab,1,0~1
Stockholm Södra,Coop Zinkensdamm,Sunday,Pastasallad,Kyckling mangocurry,1,1~2
Stockholm Södra,Coop Zinkensdamm,Sunday,Wraps,Caesar Kyckling,1,0~1
Stockholm Södra,Coop Zinkensdamm,Sunday,Wraps,Kyckling Bacon,1,0~1
Stockholm Södra,Coop Zinkensdamm,Sunday,Wraps,Kyckling Curry,1,0~1
Stockholm Södra,Coop Zinkensdamm,Sunday,Wraps,Sweet Chili,1,0~1
Stockholm Södra,Coop Zinkensdamm,Sunday,XL Frallor,Ost,1,0~1
Stockholm Södra,Coop Zinkensdamm,Sunday,XL Frallor,Ost & Skinka,1,0~1
Stockholm Södra,Coop Zinkensdamm,Monday,Fralla,Ost & Skinka,1,1~1
Stockholm Södra,Coop Zinkensdamm,Monday,Hönökaka,Ost,1,1~1
Stockholm Södra,Coop Zinkensdamm,Monday,Hönökaka,Ost & Salami,1,1~1
Stockholm Södra,Coop Zinkensdamm,Monday,Hönökaka,Ost & Skinka,1,1~1
Stockholm Södra,Coop Zinkensdamm,Tuesday,Fralla,Ost,1,1~1
Stockholm Södra,Coop Zinkensdamm,Tuesday,Fralla,Ost & Skinka,2,2~3
Stockholm Södra,Coop Zinkensdamm,Tuesday,Hönökaka,Ost,2,2~3
Stockholm Södra,Coop Zinkensdamm,Tuesday,Hönökaka,Ost & Salami,2,2~3
Stockholm Södra,Coop Zinkensdamm,Tuesday,Hönökaka,Ost & Skinka,2,2~3
Stockholm Södra,Coop Zinkensdamm,Tuesday,Pastasallad,Kyckling mangocurry,1,0~1
Stockholm Södra,Coop Zinkensdamm,Wednesday,Fralla,Ost & Skinka,1,1~1
Stockholm Södra,Coop Zinkensdamm,Wednesday,Hönökaka,Ost,1,1~1
Stockholm Södra,Coop Zinkensdamm,Wednesday,Hönökaka,Ost & Salami,1,1~1
Stockholm Södra,Coop Zinkensdamm,Wednesday,Hönökaka,Ost & Skinka,1,1~1
Stockholm Södra,Coop Zinkensdamm,Thursday,Baguette,Kyckling Curry,1,0~1
Stockholm Södra,Coop Zinkensdamm,Thursday,Baguette,Ost & Skinka,1,0~1
Stockholm Södra,Coop Zinkensdamm,Thursday,Baguette,Salami & Brieost,1,1~2
Stockholm Södra,Coop Zinkensdamm,Thursday,Fralla,Ost,2,1~2
Stockholm Södra,Coop Zinkensdamm,Thursday,Fralla,Ost & Skinka,2,1~3
Stockholm Södra,Coop Zinkensdamm,Thursday,Glutenfri Frallor,Glutenfri Ost & Skinka(endast söndagsbeställning),1,0~1
Stockholm Södra,Coop Zinkensdamm,Thursday,Glutenfri Frallor,Glutenfri Pumpafralla Kalkon & Färskost(endast söndagsbeställning),1,0~1
Stockholm Södra,Coop Zinkensdamm,Thursday,Hönökaka,Ost,3,2~4
Stockholm Södra,Coop Zinkensdamm,Thursday,Hönökaka,Ost & Salami,3,2~4
Stockholm Södra,Coop Zinkensdamm,Thursday,Hönökaka,Ost & Skinka,3,2~4
Stockholm Södra,Coop Zinkensdamm,Thursday,Pastasallad,Bacon & Kyckling,1,0~1
Stockholm Södra,Coop Zinkensdamm,Thursday,Pastasallad,Falafel,1,0~1
Stockholm Södra,Coop Zinkensdamm,Thursday,Pastasallad,Kyckling & Salladsost,1,1~2
Stockholm Södra,Coop Zinkensdamm,Thursday,Pastasallad,Kyckling kebab,1,1~2
Stockholm Södra,Coop Zinkensdamm,Thursday,Pastasallad,Kyckling mangocurry,1,1~2
Stockholm Södra,Coop Zinkensdamm,Thursday,Pastasallad,Ost & Skinka,1,0~1
Stockholm Södra,Coop Zinkensdamm,Thursday,Pastasallad,Räkor,1,0~1
Stockholm Södra,Coop Zinkensdamm,Thursday,Wraps,Caesar Kyckling,1,1~2
Stockholm Södra,Coop Zinkensdamm,Thursday,Wraps,Kyckling Bacon,1,1~2
Stockholm Södra,Coop Zinkensdamm,Thursday,Wraps,Kyckling Curry,1,1~2
Stockholm Södra,Coop Zinkensdamm,Thursday,Wraps,Sweet Chili,1,1~2
Stockholm Södra,Coop Zinkensdamm,Thursday,XL Frallor,Grovfralla Kalkon & Färskost,1,0~1
Stockholm Södra,Coop Zinkensdamm,Thursday,XL Frallor,Ost,1,1~2
Stockholm Södra,Coop Zinkensdamm,Thursday,XL Frallor,Ost & Skinka,1,1~2
Stockholm Södra,Hemköp Matpressen,Sunday,Baguette,Kyckling Curry,1,0~1
Stockholm Södra,Hemköp Matpressen,Sunday,Baguette,Salami & Brieost,1,1~2
Stockholm Södra,Hemköp Matpressen,Sunday,Fralla,Ost,1,1~2
Stockholm Södra,Hemköp Matpressen,Sunday,Fralla,Ost & Skinka,2,2~3
Stockholm Södra,Hemköp Matpressen,Sunday,Glutenfri Frallor,Glutenfri Pumpafralla Kalkon & Färskost(endast söndagsbeställning),1,0~1
Stockholm Södra,Hemköp Matpressen,Sunday,Grönsallad,Kyckling,1,1~2
Stockholm Södra,Hemköp Matpressen,Sunday,Hönökaka,Ost,3,2~4
Stockholm Södra,Hemköp Matpressen,Sunday,Hönökaka,Ost & Salami,3,2~4
Stockholm Södra,Hemköp Matpressen,Sunday,Hönökaka,Ost & Skinka,3,3~4
Stockholm Södra,Hemköp Matpressen,Sunday,Pastasallad,Bacon & Kyckling,1,0~1
Stockholm Södra,Hemköp Matpressen,Sunday,Pastasallad,Falafel,1,0~1
Stockholm Södra,Hemköp Matpressen,Sunday,Pastasallad,Kyckling & Salladsost,1,1~2
Stockholm Södra,Hemköp Matpressen,Sunday,Pastasallad,Kyckling kebab,1,0~1
Stockholm Södra,Hemköp Matpressen,Sunday,Pastasallad,Kyckling mangocurry,3,3~4
Stockholm Södra,Hemköp Matpressen,Sunday,Pastasallad,Ost & Skinka,1,0~1
Stockholm Södra,Hemköp Matpressen,Sunday,Pastasallad,Räkor,1,0~1
Stockholm Södra,Hemköp Matpressen,Sunday,Sandwich,Bacon & Äggröra,1,0~1
Stockholm Södra,Hemköp Matpressen,Sunday,Sandwich,Clubsandwich,1,0~1
Stockholm Södra,Hemköp Matpressen,Sunday,Sandwich,Kyckling Curry,1,0~1
Stockholm Södra,Hemköp Matpressen,Sunday,Sandwich,Räkor,1,0~1
Stockholm Södra,Hemköp Matpressen,Sunday,Wraps,Caesar Kyckling,1,1~2
Stockholm Södra,Hemköp Matpressen,Sunday,Wraps,Kyckling Bacon,1,1~2
Stockholm Södra,Hemköp Matpressen,Sunday,Wraps,Kyckling Curry,1,0~1
Stockholm Södra,Hemköp Matpressen,Sunday,XL Frallor,Grovfralla Kalkon & Färskost,1,1~2
Stockholm Södra,Hemköp Matpressen,Sunday,XL Frallor,Ost,1,0~1
Stockholm Södra,Hemköp Matpressen,Sunday,XL Frallor,Ost & Skinka,1,1~2
Stockholm Södra,Hemköp Matpressen,Monday,Fralla,Ost & Skinka,1,0~1
Stockholm Södra,Hemköp Matpressen,Monday,Hönökaka,Ost,1,1~1
Stockholm Södra,Hemköp Matpressen,Monday,Hönökaka,Ost & Salami,1,1~1
Stockholm Södra,Hemköp Matpressen,Monday,Hönökaka,Ost & Skinka,1,1~1
Stockholm Södra,Hemköp Matpressen,Monday,Pastasallad,Kyckling mangocurry,1,1~1
Stockholm Södra,Hemköp Matpressen,Tuesday,Baguette,Salami & Brieost,1,0~1
Stockholm Södra,Hemköp Matpressen,Tuesday,Fralla,Ost,1,0~1
Stockholm Södra,Hemköp Matpressen,Tuesday,Fralla,Ost & Skinka,2,1~2
Stockholm Södra,Hemköp Matpressen,Tuesday,Grönsallad,Kyckling,1,0~1
Stockholm Södra,Hemköp Matpressen,Tuesday,Hönökaka,Ost,2,2~3
Stockholm Södra,Hemköp Matpressen,Tuesday,Hönökaka,Ost & Salami,2,2~3
Stockholm Södra,Hemköp Matpressen,Tuesday,Hönökaka,Ost & Skinka,2,2~3
Stockholm Södra,Hemköp Matpressen,Tuesday,Pastasallad,Kyckling & Salladsost,1,1~1
Stockholm Södra,Hemköp Matpressen,Tuesday,Pastasallad,Kyckling mangocurry,2,2~3
Stockholm Södra,Hemköp Matpressen,Tuesday,Wraps,Caesar Kyckling,1,0~1
Stockholm Södra,Hemköp Matpressen,Tuesday,Wraps,Kyckling Bacon,1,0~1
Stockholm Södra,Hemköp Matpressen,Tuesday,XL Frallor,Grovfralla Kalkon & Färskost,1,0~1
Stockholm Södra,Hemköp Matpressen,Tuesday,XL Frallor,Ost & Skinka,1,0~1
Stockholm Södra,Hemköp Matpressen,Wednesday,Fralla,Ost & Skinka,1,0~1
Stockholm Södra,Hemköp Matpressen,Wednesday,Hönökaka,Ost,1,1~1
Stockholm Södra,Hemköp Matpressen,Wednesday,Hönökaka,Ost & Salami,1,1~1
Stockholm Södra,Hemköp Matpressen,Wednesday,Hönökaka,Ost & Skinka,1,1~1
Stockholm Södra,Hemköp Matpressen,Wednesday,Pastasallad,Kyckling mangocurry,1,1~1
Stockholm Södra,Hemköp Matpressen,Thursday,Baguette,Kyckling Curry,1,1~2
Stockholm Södra,Hemköp Matpressen,Thursday,Baguette,Kyckling Sweet Chili,1,0~1
Stockholm Södra,Hemköp Matpressen,Thursday,Baguette,Kycklingsallad Olivie,1,0~1
Stockholm Södra,Hemköp Matpressen,Thursday,Baguette,Ost & Skinka,1,0~1
Stockholm Södra,Hemköp Matpressen,Thursday,Baguette,Salami & Brieost,1,1~2
Stockholm Södra,Hemköp Matpressen,Thursday,Baguette,Skagen,1,0~1
Stockholm Södra,Hemköp Matpressen,Thursday,Fralla,Ost,1,1~2
Stockholm Södra,Hemköp Matpressen,Thursday,Fralla,Ost & Skinka,1,2~3
Stockholm Södra,Hemköp Matpressen,Thursday,Glutenfri Frallor,Glutenfri Pumpafralla Kalkon & Färskost(endast söndagsbeställning),1,1~2
Stockholm Södra,Hemköp Matpressen,Thursday,Grönsallad,Kyckling,1,1~2
Stockholm Södra,Hemköp Matpressen,Thursday,Hönökaka,Ost,3,2~4
Stockholm Södra,Hemköp Matpressen,Thursday,Hönökaka,Ost & Salami,3,2~4
Stockholm Södra,Hemköp Matpressen,Thursday,Hönökaka,Ost & Skinka,4,2~5
Stockholm Södra,Hemköp Matpressen,Thursday,Pastasallad,Bacon & Kyckling,1,1~2
Stockholm Södra,Hemköp Matpressen,Thursday,Pastasallad,Falafel,1,1~2
Stockholm Södra,Hemköp Matpressen,Thursday,Pastasallad,Kyckling & Salladsost,2,1~2
Stockholm Södra,Hemköp Matpressen,Thursday,Pastasallad,Kyckling kebab,1,1~2
Stockholm Södra,Hemköp Matpressen,Thursday,Pastasallad,Kyckling mangocurry,4,2~5
Stockholm Södra,Hemköp Matpressen,Thursday,Pastasallad,Ost & Skinka,1,1~2
Stockholm Södra,Hemköp Matpressen,Thursday,Pastasallad,Räkor,1,1~2
Stockholm Södra,Hemköp Matpressen,Thursday,Sandwich,Bacon & Äggröra,1,1~2
Stockholm Södra,Hemköp Matpressen,Thursday,Sandwich,Clubsandwich,1,1~2
Stockholm Södra,Hemköp Matpressen,Thursday,Sandwich,Kyckling Curry,1,1~2
Stockholm Södra,Hemköp Matpressen,Thursday,Sandwich,Räkor,1,1~2
Stockholm Södra,Hemköp Matpressen,Thursday,Sandwich,Ägg & Avocadokräm,1,0~1
Stockholm Södra,Hemköp Matpressen,Thursday,Wraps,Caesar Kyckling,1,1~2
Stockholm Södra,Hemköp Matpressen,Thursday,Wraps,Kyckling Bacon,1,1~2
Stockholm Södra,Hemköp Matpressen,Thursday,Wraps,Kyckling Curry,1,1~2
Stockholm Södra,Hemköp Matpressen,Thursday,Wraps,Kycklingsallad Olivie,1,0~1
Stockholm Södra,Hemköp Matpressen,Thursday,Wraps,Sweet Chili,1,0~1
Stockholm Södra,Hemköp Matpressen,Thursday,XL Frallor,Grovfralla Kalkon & Färskost,1,1~2
Stockholm Södra,Hemköp Matpressen,Thursday,XL Frallor,Ost,1,1~2
Stockholm Södra,Hemköp Matpressen,Thursday,XL Frallor,Ost & Skinka,1,1~2
Stockholm Södra,ICA Birkahallen,Sunday,Baguette,Salami & Brieost,1,0~1
Stockholm Södra,ICA Birkahallen,Sunday,Fralla,Ost & Skinka,1,0~1
Stockholm Södra,ICA Birkahallen,Sunday,Pastasallad,Kyckling & Salladsost,1,0~1
Stockholm Södra,ICA Birkahallen,Sunday,Pastasallad,Kyckling kebab,1,0~1
Stockholm Södra,ICA Birkahallen,Sunday,Pastasallad,Kyckling mangocurry,1,1~2
Stockholm Södra,ICA Birkahallen,Sunday,Pastasallad,Räkor,1,0~1
Stockholm Södra,ICA Birkahallen,Sunday,Wraps,Caesar Kyckling,1,1~2
Stockholm Södra,ICA Birkahallen,Sunday,Wraps,Kyckling Bacon,1,0~1
Stockholm Södra,ICA Birkahallen,Sunday,Wraps,Kyckling Curry,1,0~1
Stockholm Södra,ICA Birkahallen,Sunday,Wraps,Sweet Chili,1,0~1
Stockholm Södra,ICA Birkahallen,Sunday,XL Frallor,Ost & Skinka,1,0~1
Stockholm Södra,ICA Birkahallen,Tuesday,Pastasallad,Kyckling mangocurry,1,1~1
Stockholm Södra,ICA Birkahallen,Tuesday,Wraps,Caesar Kyckling,1,0~1
Stockholm Södra,ICA Birkahallen,Thursday,Baguette,Ost & Skinka,1,0~1
Stockholm Södra,ICA Birkahallen,Thursday,Baguette,Salami & Brieost,1,1~2
Stockholm Södra,ICA Birkahallen,Thursday,Fralla,Ost,1,0~1
Stockholm Södra,ICA Birkahallen,Thursday,Fralla,Ost & Skinka,1,1~2
Stockholm Södra,ICA Birkahallen,Thursday,Hönökaka,Ost,1,0~1
Stockholm Södra,ICA Birkahallen,Thursday,Hönökaka,Ost & Salami,1,0~1
Stockholm Södra,ICA Birkahallen,Thursday,Hönökaka,Ost & Skinka,1,0~1
Stockholm Södra,ICA Birkahallen,Thursday,Pastasallad,Bacon & Kyckling,1,0~1
Stockholm Södra,ICA Birkahallen,Thursday,Pastasallad,Falafel,1,0~1
Stockholm Södra,ICA Birkahallen,Thursday,Pastasallad,Kyckling & Salladsost,1,1~2
Stockholm Södra,ICA Birkahallen,Thursday,Pastasallad,Kyckling kebab,1,1~2
Stockholm Södra,ICA Birkahallen,Thursday,Pastasallad,Kyckling mangocurry,2,1~2
Stockholm Södra,ICA Birkahallen,Thursday,Pastasallad,Ost & Skinka,1,0~1
Stockholm Södra,ICA Birkahallen,Thursday,Pastasallad,Räkor,1,1~2
Stockholm Södra,ICA Birkahallen,Thursday,Sandwich,Clubsandwich,1,0~1
Stockholm Södra,ICA Birkahallen,Thursday,Sandwich,Kyckling Curry,1,0~1
Stockholm Södra,ICA Birkahallen,Thursday,Wraps,Caesar Kyckling,1,1~2
Stockholm Södra,ICA Birkahallen,Thursday,Wraps,Kyckling Bacon,1,1~2
Stockholm Södra,ICA Birkahallen,Thursday,Wraps,Kyckling Curry,1,1~2
Stockholm Södra,ICA Birkahallen,Thursday,Wraps,Sweet Chili,1,1~2
Stockholm Södra,ICA Birkahallen,Thursday,XL Frallor,Grovfralla Kalkon & Färskost,1,0~1
Stockholm Södra,ICA Birkahallen,Thursday,XL Frallor,Ost & Skinka,1,1~2
Stockholm Södra,ICA Fridhemsplan,Sunday,Baguette,Salami & Brieost,1,0~1
Stockholm Södra,ICA Fridhemsplan,Sunday,Fralla,Ost,1,0~1
Stockholm Södra,ICA Fridhemsplan,Sunday,Fralla,Ost & Skinka,1,1~2
Stockholm Södra,ICA Fridhemsplan,Sunday,Hönökaka,Ost,1,0~1
Stockholm Södra,ICA Fridhemsplan,Sunday,Hönökaka,Ost & Salami,1,1~2
Stockholm Södra,ICA Fridhemsplan,Sunday,Hönökaka,Ost & Skinka,1,1~2
Stockholm Södra,ICA Fridhemsplan,Sunday,Pastasallad,Bacon & Kyckling,1,0~1
Stockholm Södra,ICA Fridhemsplan,Sunday,Pastasallad,Falafel,1,0~1
Stockholm Södra,ICA Fridhemsplan,Sunday,Pastasallad,Kyckling & Salladsost,2,2~3
Stockholm Södra,ICA Fridhemsplan,Sunday,Pastasallad,Kyckling kebab,1,1~2
Stockholm Södra,ICA Fridhemsplan,Sunday,Pastasallad,Kyckling mangocurry,2,2~3
Stockholm Södra,ICA Fridhemsplan,Sunday,Räkmacka Liten,Räkmacka liten,4,3~4
Stockholm Södra,ICA Fridhemsplan,Sunday,Sandwich,Kyckling Curry,1,0~1
Stockholm Södra,ICA Fridhemsplan,Sunday,Varmrätt,Cevapcici med bulgur,1,0~1
Stockholm Södra,ICA Fridhemsplan,Sunday,Varmrätt,Kyckling-och böngryta,1,0~1
Stockholm Södra,ICA Fridhemsplan,Sunday,Wraps,Caesar Kyckling,1,0~1
Stockholm Södra,ICA Fridhemsplan,Sunday,Wraps,Kyckling Curry,1,0~1
Stockholm Södra,ICA Fridhemsplan,Sunday,XL Frallor,Grovfralla Kalkon & Färskost,1,1~2
Stockholm Södra,ICA Fridhemsplan,Sunday,XL Frallor,Ost,1,1~2
Stockholm Södra,ICA Fridhemsplan,Sunday,XL Frallor,Ost & Skinka,1,1~2
Stockholm Södra,ICA Fridhemsplan,Monday,Pastasallad,Kyckling & Salladsost,1,0~1
Stockholm Södra,ICA Fridhemsplan,Monday,Pastasallad,Kyckling mangocurry,1,1~1
Stockholm Södra,ICA Fridhemsplan,Monday,Räkmacka Liten,Räkmacka liten,1,1~2
Stockholm Södra,ICA Fridhemsplan,Tuesday,Fralla,Ost & Skinka,1,1~1
Stockholm Södra,ICA Fridhemsplan,Tuesday,Hönökaka,Ost & Salami,1,0~1
Stockholm Södra,ICA Fridhemsplan,Tuesday,Hönökaka,Ost & Skinka,1,0~1
Stockholm Södra,ICA Fridhemsplan,Tuesday,Pastasallad,Kyckling & Salladsost,2,1~2
Stockholm Södra,ICA Fridhemsplan,Tuesday,Pastasallad,Kyckling kebab,1,0~1
Stockholm Södra,ICA Fridhemsplan,Tuesday,Pastasallad,Kyckling mangocurry,2,1~2
Stockholm Södra,ICA Fridhemsplan,Tuesday,Räkmacka Liten,Räkmacka liten,3,2~3
Stockholm Södra,ICA Fridhemsplan,Tuesday,XL Frallor,Grovfralla Kalkon & Färskost,1,0~1
Stockholm Södra,ICA Fridhemsplan,Tuesday,XL Frallor,Ost,1,0~1
Stockholm Södra,ICA Fridhemsplan,Tuesday,XL Frallor,Ost & Skinka,1,0~1
Stockholm Södra,ICA Fridhemsplan,Wednesday,Pastasallad,Kyckling & Salladsost,1,0~1
Stockholm Södra,ICA Fridhemsplan,Wednesday,Pastasallad,Kyckling mangocurry,1,0~1
Stockholm Södra,ICA Fridhemsplan,Wednesday,Räkmacka Liten,Räkmacka liten,1,1~1
Stockholm Södra,ICA Fridhemsplan,Thursday,Baguette,Salami & Brieost,1,1~2
Stockholm Södra,ICA Fridhemsplan,Thursday,Baguette,Skagen,1,0~1
Stockholm Södra,ICA Fridhemsplan,Thursday,Fralla,Ost,1,1~2
Stockholm Södra,ICA Fridhemsplan,Thursday,Fralla,Ost & Skinka,2,1~2
Stockholm Södra,ICA Fridhemsplan,Thursday,Glutenfri Frallor,Glutenfri Ost & Skinka(endast söndagsbeställning),1,0~1
Stockholm Södra,ICA Fridhemsplan,Thursday,Hönökaka,Ost,1,1~2
Stockholm Södra,ICA Fridhemsplan,Thursday,Hönökaka,Ost & Salami,1,1~2
Stockholm Södra,ICA Fridhemsplan,Thursday,Hönökaka,Ost & Skinka,1,1~2
Stockholm Södra,ICA Fridhemsplan,Thursday,Pastasallad,Bacon & Kyckling,1,1~2
Stockholm Södra,ICA Fridhemsplan,Thursday,Pastasallad,Falafel,1,1~2
Stockholm Södra,ICA Fridhemsplan,Thursday,Pastasallad,Kyckling & Salladsost,1,2~3
Stockholm Södra,ICA Fridhemsplan,Thursday,Pastasallad,Kyckling kebab,1,1~2
Stockholm Södra,ICA Fridhemsplan,Thursday,Pastasallad,Kyckling mangocurry,2,2~4
Stockholm Södra,ICA Fridhemsplan,Thursday,Pastasallad,Ost & Skinka,1,0~1
Stockholm Södra,ICA Fridhemsplan,Thursday,Pastasallad,Räkor,1,0~1
Stockholm Södra,ICA Fridhemsplan,Thursday,Räkmacka Liten,Räkmacka liten,3,3~5
Stockholm Södra,ICA Fridhemsplan,Thursday,Sandwich,Bacon & Äggröra,1,0~1
Stockholm Södra,ICA Fridhemsplan,Thursday,Sandwich,Clubsandwich,1,0~1
Stockholm Södra,ICA Fridhemsplan,Thursday,Sandwich,Kyckling Curry,1,1~2
Stockholm Södra,ICA Fridhemsplan,Thursday,Sandwich,Kyckling Pestoröra,1,0~1
Stockholm Södra,ICA Fridhemsplan,Thursday,Sandwich,Ägg & Avocadokräm,1,0~1
Stockholm Södra,ICA Fridhemsplan,Thursday,Varmrätt,Cevapcici med bulgur,1,1~2
Stockholm Södra,ICA Fridhemsplan,Thursday,Varmrätt,Kyckling-och böngryta,1,1~2
Stockholm Södra,ICA Fridhemsplan,Thursday,Varmrätt,Teriyakikycklingfile med basmatiris,1,0~1
Stockholm Södra,ICA Fridhemsplan,Thursday,Wraps,Caesar Kyckling,1,1~2
Stockholm Södra,ICA Fridhemsplan,Thursday,Wraps,Kyckling Bacon,1,0~1
Stockholm Södra,ICA Fridhemsplan,Thursday,Wraps,Kyckling Curry,1,1~2
Stockholm Södra,ICA Fridhemsplan,Thursday,Wraps,Sweet Chili,1,0~1
Stockholm Södra,ICA Fridhemsplan,Thursday,XL Frallor,Grovfralla Kalkon & Färskost,1,1~2
Stockholm Södra,ICA Fridhemsplan,Thursday,XL Frallor,Ost,1,1~2
Stockholm Södra,ICA Fridhemsplan,Thursday,XL Frallor,Ost & Skinka,1,1~2
Stockholm Södra,ICA Högalid,Sunday,Baguette,Ost & Skinka,1,0~1
Stockholm Södra,ICA Högalid,Sunday,Baguette,Salami & Brieost,1,1~2
Stockholm Södra,ICA Högalid,Sunday,Fralla,Ost,1,1~2
Stockholm Södra,ICA Högalid,Sunday,Fralla,Ost & Skinka,1,1~2
Stockholm Södra,ICA Högalid,Sunday,Hönökaka,Ost,1,1~2
Stockholm Södra,ICA Högalid,Sunday,Hönökaka,Ost & Salami,1,0~1
Stockholm Södra,ICA Högalid,Sunday,Hönökaka,Ost & Skinka,1,1~2
Stockholm Södra,ICA Högalid,Sunday,Pastasallad,Bacon & Kyckling,1,0~1
Stockholm Södra,ICA Högalid,Sunday,Pastasallad,Kyckling & Salladsost,1,1~2
Stockholm Södra,ICA Högalid,Sunday,Pastasallad,Kyckling kebab,1,0~1
Stockholm Södra,ICA Högalid,Sunday,Pastasallad,Kyckling mangocurry,4,3~4
Stockholm Södra,ICA Högalid,Sunday,Sandwich,Bacon & Äggröra,1,0~1
Stockholm Södra,ICA Högalid,Sunday,Sandwich,Clubsandwich,1,0~1
Stockholm Södra,ICA Högalid,Sunday,Sandwich,Kyckling Pestoröra,1,0~1
Stockholm Södra,ICA Högalid,Sunday,Sandwich,Räkor,1,0~1
Stockholm Södra,ICA Högalid,Sunday,Sandwich,Ägg & Avocadokräm,1,0~1
Stockholm Södra,ICA Högalid,Sunday,Wraps,Caesar Kyckling,4,3~4
Stockholm Södra,ICA Högalid,Sunday,Wraps,Kyckling Bacon,3,2~4
Stockholm Södra,ICA Högalid,Sunday,Wraps,Kyckling Curry,4,3~4
Stockholm Södra,ICA Högalid,Sunday,Wraps,Kycklingsallad Olivie,2,2~3
Stockholm Södra,ICA Högalid,Sunday,Wraps,Sweet Chili,3,3~4
Stockholm Södra,ICA Högalid,Sunday,XL Frallor,Grovfralla Kalkon & Färskost,1,0~1
Stockholm Södra,ICA Högalid,Sunday,XL Frallor,Ost & Skinka,1,1~2
Stockholm Södra,ICA Högalid,Monday,Pastasallad,Kyckling mangocurry,1,1~2
Stockholm Södra,ICA Högalid,Monday,Wraps,Caesar Kyckling,1,1~2
Stockholm Södra,ICA Högalid,Monday,Wraps,Kyckling Bacon,1,1~1
Stockholm Södra,ICA Högalid,Monday,Wraps,Kyckling Curry,1,1~2
Stockholm Södra,ICA Högalid,Monday,Wraps,Kycklingsallad Olivie,1,0~1
Stockholm Södra,ICA Högalid,Monday,Wraps,Sweet Chili,1,1~1
Stockholm Södra,ICA Högalid,Tuesday,Baguette,Salami & Brieost,1,0~1
Stockholm Södra,ICA Högalid,Tuesday,Fralla,Ost,1,0~1
Stockholm Södra,ICA Högalid,Tuesday,Fralla,Ost & Skinka,1,1~1
Stockholm Södra,ICA Högalid,Tuesday,Hönökaka,Ost,1,1~1
Stockholm Södra,ICA Högalid,Tuesday,Hönökaka,Ost & Skinka,1,0~1
Stockholm Södra,ICA Högalid,Tuesday,Pastasallad,Kyckling & Salladsost,1,1~1
Stockholm Södra,ICA Högalid,Tuesday,Pastasallad,Kyckling mangocurry,3,2~3
Stockholm Södra,ICA Högalid,Tuesday,Wraps,Caesar Kyckling,3,2~3
Stockholm Södra,ICA Högalid,Tuesday,Wraps,Kyckling Bacon,2,2~3
Stockholm Södra,ICA Högalid,Tuesday,Wraps,Kyckling Curry,3,2~3
Stockholm Södra,ICA Högalid,Tuesday,Wraps,Kycklingsallad Olivie,2,1~2
Stockholm Södra,ICA Högalid,Tuesday,Wraps,Sweet Chili,2,2~3
Stockholm Södra,ICA Högalid,Tuesday,XL Frallor,Ost & Skinka,1,0~1
Stockholm Södra,ICA Högalid,Wednesday,Pastasallad,Kyckling mangocurry,1,1~1
Stockholm Södra,ICA Högalid,Wednesday,Wraps,Caesar Kyckling,1,1~1
Stockholm Södra,ICA Högalid,Wednesday,Wraps,Kyckling Bacon,1,1~1
Stockholm Södra,ICA Högalid,Wednesday,Wraps,Kyckling Curry,1,1~1
Stockholm Södra,ICA Högalid,Wednesday,Wraps,Kycklingsallad Olivie,1,0~1
Stockholm Södra,ICA Högalid,Wednesday,Wraps,Sweet Chili,1,1~1
Stockholm Södra,ICA Högalid,Thursday,Baguette,Kyckling Curry,1,0~1
Stockholm Södra,ICA Högalid,Thursday,Baguette,Kyckling Sweet Chili,1,0~1
Stockholm Södra,ICA Högalid,Thursday,Baguette,Ost & Skinka,1,1~2
Stockholm Södra,ICA Högalid,Thursday,Baguette,Salami & Brieost,1,1~2
Stockholm Södra,ICA Högalid,Thursday,Baguette,Skagen,1,0~1
Stockholm Södra,ICA Högalid,Thursday,Fralla,Ost,1,1~2
Stockholm Södra,ICA Högalid,Thursday,Fralla,Ost & Skinka,2,1~2
Stockholm Södra,ICA Högalid,Thursday,Glutenfri Frallor,Glutenfri Ost & Skinka(endast söndagsbeställning),1,0~1
Stockholm Södra,ICA Högalid,Thursday,Glutenfri Frallor,Glutenfri Pumpafralla Kalkon & Färskost(endast söndagsbeställning),1,0~1
Stockholm Södra,ICA Högalid,Thursday,Hönökaka,Ost,2,1~2
Stockholm Södra,ICA Högalid,Thursday,Hönökaka,Ost & Salami,1,1~2
Stockholm Södra,ICA Högalid,Thursday,Hönökaka,Ost & Skinka,1,1~2
Stockholm Södra,ICA Högalid,Thursday,Pastasallad,Bacon & Kyckling,1,1~2
Stockholm Södra,ICA Högalid,Thursday,Pastasallad,Falafel,1,0~1
Stockholm Södra,ICA Högalid,Thursday,Pastasallad,Kyckling & Salladsost,2,1~2
Stockholm Södra,ICA Högalid,Thursday,Pastasallad,Kyckling kebab,1,1~2
Stockholm Södra,ICA Högalid,Thursday,Pastasallad,Kyckling mangocurry,3,3~5
Stockholm Södra,ICA Högalid,Thursday,Pastasallad,Ost & Skinka,1,0~1
Stockholm Södra,ICA Högalid,Thursday,Pastasallad,Räkor,1,0~1
Stockholm Södra,ICA Högalid,Thursday,Sandwich,Bacon & Äggröra,1,1~2
Stockholm Södra,ICA Högalid,Thursday,Sandwich,Clubsandwich,1,1~2
Stockholm Södra,ICA Högalid,Thursday,Sandwich,Kyckling Curry,1,0~1
Stockholm Södra,ICA Högalid,Thursday,Sandwich,Kyckling Pestoröra,1,1~2
Stockholm Södra,ICA Högalid,Thursday,Sandwich,Räkor,1,1~2
Stockholm Södra,ICA Högalid,Thursday,Sandwich,Ägg & Avocadokräm,1,1~2
Stockholm Södra,ICA Högalid,Thursday,Wraps,Caesar Kyckling,3,3~5
Stockholm Södra,ICA Högalid,Thursday,Wraps,Kyckling Bacon,3,2~4
Stockholm Södra,ICA Högalid,Thursday,Wraps,Kyckling Curry,3,3~5
Stockholm Södra,ICA Högalid,Thursday,Wraps,Kycklingsallad Olivie,1,2~3
Stockholm Södra,ICA Högalid,Thursday,Wraps,Sweet Chili,4,2~5
Stockholm Södra,ICA Högalid,Thursday,XL Frallor,Grovfralla Kalkon & Färskost,1,1~2
Stockholm Södra,ICA Högalid,Thursday,XL Frallor,Ost,1,0~1
Stockholm Södra,ICA Högalid,Thursday,XL Frallor,Ost & Skinka,1,1~2
Stockholm Södra,ICA Mathörnan,Sunday,Fralla,Ost,1,0~1
Stockholm Södra,ICA Mathörnan,Sunday,Fralla,Ost & Skinka,1,1~2
Stockholm Södra,ICA Mathörnan,Sunday,Hönökaka,Ost & Skinka,1,0~1
Stockholm Södra,ICA Mathörnan,Sunday,Pastasallad,Kyckling & Salladsost,1,0~1
Stockholm Södra,ICA Mathörnan,Sunday,Pastasallad,Kyckling mangocurry,1,0~1
Stockholm Södra,ICA Mathörnan,Sunday,Wraps,Caesar Kyckling,1,0~1
Stockholm Södra,ICA Mathörnan,Sunday,Wraps,Kyckling Curry,1,0~1
Stockholm Södra,ICA Mathörnan,Tuesday,Fralla,Ost & Skinka,1,0~1
Stockholm Södra,ICA Mathörnan,Thursday,Baguette,Kyckling Curry,1,0~1
Stockholm Södra,ICA Mathörnan,Thursday,Baguette,Salami & Brieost,1,0~1
Stockholm Södra,ICA Mathörnan,Thursday,Fralla,Ost,1,1~2
Stockholm Södra,ICA Mathörnan,Thursday,Fralla,Ost & Skinka,1,1~2
Stockholm Södra,ICA Mathörnan,Thursday,Hönökaka,Ost,1,0~1
Stockholm Södra,ICA Mathörnan,Thursday,Hönökaka,Ost & Salami,1,0~1
Stockholm Södra,ICA Mathörnan,Thursday,Hönökaka,Ost & Skinka,1,1~2
Stockholm Södra,ICA Mathörnan,Thursday,Pastasallad,Kyckling & Salladsost,1,1~2
Stockholm Södra,ICA Mathörnan,Thursday,Pastasallad,Kyckling kebab,1,0~1
Stockholm Södra,ICA Mathörnan,Thursday,Pastasallad,Kyckling mangocurry,1,1~2
Stockholm Södra,ICA Mathörnan,Thursday,Sandwich,Bacon & Äggröra,1,0~1
Stockholm Södra,ICA Mathörnan,Thursday,Sandwich,Clubsandwich,1,0~1
Stockholm Södra,ICA Mathörnan,Thursday,Sandwich,Kyckling Curry,1,0~1
Stockholm Södra,ICA Mathörnan,Thursday,Sandwich,Kyckling Pestoröra,1,0~1
Stockholm Södra,ICA Mathörnan,Thursday,Sandwich,Räkor,1,0~1
Stockholm Södra,ICA Mathörnan,Thursday,Sandwich,Ägg & Avocadokräm,1,0~1
Stockholm Södra,ICA Mathörnan,Thursday,Wraps,Caesar Kyckling,1,1~2
Stockholm Södra,ICA Mathörnan,Thursday,Wraps,Kyckling Curry,1,1~2
Stockholm Södra,ICA Mathörnan,Thursday,Wraps,Sweet Chili,1,0~1
Stockholm Södra,ICA Mathörnan,Thursday,XL Frallor,Grovfralla Kalkon & Färskost,1,0~1
Stockholm Södra,ICA Mathörnan,Thursday,XL Frallor,Ost,1,0~1
Stockholm Södra,ICA Sergelstorg,Sunday,Baguette,Salami & Brieost,4,3~5
Stockholm Södra,ICA Sergelstorg,Sunday,Fralla,Ost,4,3~5
Stockholm Södra,ICA Sergelstorg,Sunday,Fralla,Ost & Skinka,9,7~10
Stockholm Södra,ICA Sergelstorg,Sunday,Glutenfri Frallor,Glutenfri Ost & Skinka(endast söndagsbeställning),1,1~2
Stockholm Södra,ICA Sergelstorg,Sunday,Glutenfri Frallor,Glutenfri Pumpafralla Kalkon & Färskost(endast söndagsbeställning),1,1~2
Stockholm Södra,ICA Sergelstorg,Sunday,Hönökaka,Ost,17,15~20
Stockholm Södra,ICA Sergelstorg,Sunday,Hönökaka,Ost & Salami,11,10~14
Stockholm Södra,ICA Sergelstorg,Sunday,Hönökaka,Ost & Skinka,13,11~15
Stockholm Södra,ICA Sergelstorg,Sunday,Pastasallad,Bacon & Kyckling,1,1~2
Stockholm Södra,ICA Sergelstorg,Sunday,Pastasallad,Falafel,1,1~2
Stockholm Södra,ICA Sergelstorg,Sunday,Pastasallad,Kyckling & Salladsost,2,2~2
Stockholm Södra,ICA Sergelstorg,Sunday,Pastasallad,Kyckling kebab,2,1~2
Stockholm Södra,ICA Sergelstorg,Sunday,Pastasallad,Kyckling mangocurry,4,3~4
Stockholm Södra,ICA Sergelstorg,Sunday,Pastasallad,Räkor,1,1~2
Stockholm Södra,ICA Sergelstorg,Sunday,Sandwich,Clubsandwich,2,2~3
Stockholm Södra,ICA Sergelstorg,Sunday,Sandwich,Kyckling Curry,2,2~3
Stockholm Södra,ICA Sergelstorg,Sunday,Sandwich,Kyckling Pestoröra,3,2~4
Stockholm Södra,ICA Sergelstorg,Sunday,Sandwich,Räkor,2,2~3
Stockholm Södra,ICA Sergelstorg,Sunday,XL Frallor,Grovfralla Kalkon & Färskost,10,8~12
Stockholm Södra,ICA Sergelstorg,Sunday,XL Frallor,Ost,6,5~7
Stockholm Södra,ICA Sergelstorg,Sunday,XL Frallor,Ost & Skinka,9,7~10
Stockholm Södra,ICA Sergelstorg,Monday,Baguette,Salami & Brieost,1,1~2
Stockholm Södra,ICA Sergelstorg,Monday,Fralla,Ost,1,1~2
Stockholm Södra,ICA Sergelstorg,Monday,Fralla,Ost & Skinka,3,2~4
Stockholm Södra,ICA Sergelstorg,Monday,Hönökaka,Ost,6,5~7
Stockholm Södra,ICA Sergelstorg,Monday,Hönökaka,Ost & Salami,4,3~4
Stockholm Södra,ICA Sergelstorg,Monday,Hönökaka,Ost & Skinka,4,4~5
Stockholm Södra,ICA Sergelstorg,Monday,Pastasallad,Kyckling & Salladsost,1,0~1
Stockholm Södra,ICA Sergelstorg,Monday,Pastasallad,Kyckling mangocurry,1,1~2
Stockholm Södra,ICA Sergelstorg,Monday,Sandwich,Clubsandwich,1,0~1
Stockholm Södra,ICA Sergelstorg,Monday,Sandwich,Kyckling Curry,1,1~1
Stockholm Södra,ICA Sergelstorg,Monday,Sandwich,Kyckling Pestoröra,1,1~1
Stockholm Södra,ICA Sergelstorg,Monday,Sandwich,Räkor,1,1~1
Stockholm Södra,ICA Sergelstorg,Monday,XL Frallor,Grovfralla Kalkon & Färskost,3,3~4
Stockholm Södra,ICA Sergelstorg,Monday,XL Frallor,Ost,2,2~2
Stockholm Södra,ICA Sergelstorg,Monday,XL Frallor,Ost & Skinka,3,2~4
Stockholm Södra,ICA Sergelstorg,Tuesday,Baguette,Salami & Brieost,3,2~4
Stockholm Södra,ICA Sergelstorg,Tuesday,Fralla,Ost,3,2~4
Stockholm Södra,ICA Sergelstorg,Tuesday,Fralla,Ost & Skinka,6,5~8
Stockholm Södra,ICA Sergelstorg,Tuesday,Glutenfri Frallor,Glutenfri Ost & Skinka(endast söndagsbeställning),1,0~1
Stockholm Södra,ICA Sergelstorg,Tuesday,Glutenfri Frallor,Glutenfri Pumpafralla Kalkon & Färskost(endast söndagsbeställning),1,0~1
Stockholm Södra,ICA Sergelstorg,Tuesday,Hönökaka,Ost,13,11~15
Stockholm Södra,ICA Sergelstorg,Tuesday,Hönökaka,Ost & Salami,8,7~10
Stockholm Södra,ICA Sergelstorg,Tuesday,Hönökaka,Ost & Skinka,9,8~11
Stockholm Södra,ICA Sergelstorg,Tuesday,Pastasallad,Bacon & Kyckling,1,0~1
Stockholm Södra,ICA Sergelstorg,Tuesday,Pastasallad,Falafel,1,1~1
Stockholm Södra,ICA Sergelstorg,Tuesday,Pastasallad,Kyckling & Salladsost,1,1~2
Stockholm Södra,ICA Sergelstorg,Tuesday,Pastasallad,Kyckling kebab,1,1~2
Stockholm Södra,ICA Sergelstorg,Tuesday,Pastasallad,Kyckling mangocurry,3,2~3
Stockholm Södra,ICA Sergelstorg,Tuesday,Pastasallad,Räkor,1,1~1
Stockholm Södra,ICA Sergelstorg,Tuesday,Sandwich,Clubsandwich,2,1~2
Stockholm Södra,ICA Sergelstorg,Tuesday,Sandwich,Kyckling Curry,2,1~2
Stockholm Södra,ICA Sergelstorg,Tuesday,Sandwich,Kyckling Pestoröra,2,2~3
Stockholm Södra,ICA Sergelstorg,Tuesday,Sandwich,Räkor,2,1~2
Stockholm Södra,ICA Sergelstorg,Tuesday,XL Frallor,Grovfralla Kalkon & Färskost,7,6~9
Stockholm Södra,ICA Sergelstorg,Tuesday,XL Frallor,Ost,4,4~5
Stockholm Södra,ICA Sergelstorg,Tuesday,XL Frallor,Ost & Skinka,6,5~8
Stockholm Södra,ICA Sergelstorg,Wednesday,Baguette,Salami & Brieost,1,1~1
Stockholm Södra,ICA Sergelstorg,Wednesday,Fralla,Ost,1,1~1
Stockholm Södra,ICA Sergelstorg,Wednesday,Fralla,Ost & Skinka,2,2~3
Stockholm Södra,ICA Sergelstorg,Wednesday,Hönökaka,Ost,5,4~5
Stockholm Södra,ICA Sergelstorg,Wednesday,Hönökaka,Ost & Salami,3,3~4
Stockholm Södra,ICA Sergelstorg,Wednesday,Hönökaka,Ost & Skinka,3,3~4
Stockholm Södra,ICA Sergelstorg,Wednesday,Pastasallad,Kyckling mangocurry,1,1~1
Stockholm Södra,ICA Sergelstorg,Wednesday,Sandwich,Clubsandwich,1,0~1
Stockholm Södra,ICA Sergelstorg,Wednesday,Sandwich,Kyckling Curry,1,0~1
Stockholm Södra,ICA Sergelstorg,Wednesday,Sandwich,Kyckling Pestoröra,1,1~1
Stockholm Södra,ICA Sergelstorg,Wednesday,Sandwich,Räkor,1,0~1
Stockholm Södra,ICA Sergelstorg,Wednesday,XL Frallor,Grovfralla Kalkon & Färskost,3,2~3
Stockholm Södra,ICA Sergelstorg,Wednesday,XL Frallor,Ost,2,1~2
Stockholm Södra,ICA Sergelstorg,Wednesday,XL Frallor,Ost & Skinka,2,2~3
Stockholm Södra,ICA Sergelstorg,Thursday,Baguette,Salami & Brieost,5,4~6
Stockholm Södra,ICA Sergelstorg,Thursday,Fralla,Ost,5,4~6
Stockholm Södra,ICA Sergelstorg,Thursday,Fralla,Ost & Skinka,9,8~10
Stockholm Södra,ICA Sergelstorg,Thursday,Glutenfri Frallor,Glutenfri Ost & Skinka(endast söndagsbeställning),1,1~2
Stockholm Södra,ICA Sergelstorg,Thursday,Glutenfri Frallor,Glutenfri Pumpafralla Kalkon & Färskost(endast söndagsbeställning),1,1~2
Stockholm Södra,ICA Sergelstorg,Thursday,Hönökaka,Ost,17,14~21
Stockholm Södra,ICA Sergelstorg,Thursday,Hönökaka,Ost & Salami,12,9~13
Stockholm Södra,ICA Sergelstorg,Thursday,Hönökaka,Ost & Skinka,14,10~16
Stockholm Södra,ICA Sergelstorg,Thursday,Pastasallad,Bacon & Kyckling,1,1~2
Stockholm Södra,ICA Sergelstorg,Thursday,Pastasallad,Falafel,2,1~2
Stockholm Södra,ICA Sergelstorg,Thursday,Pastasallad,Kyckling & Salladsost,2,2~2
Stockholm Södra,ICA Sergelstorg,Thursday,Pastasallad,Kyckling kebab,2,2~1
Stockholm Södra,ICA Sergelstorg,Thursday,Pastasallad,Kyckling mangocurry,3,3~5
Stockholm Södra,ICA Sergelstorg,Thursday,Pastasallad,Ost & Skinka,1,0~1
Stockholm Södra,ICA Sergelstorg,Thursday,Pastasallad,Räkor,2,1~2
Stockholm Södra,ICA Sergelstorg,Thursday,Sandwich,Clubsandwich,1,2~3
Stockholm Södra,ICA Sergelstorg,Thursday,Sandwich,Kyckling Curry,2,2~4
Stockholm Södra,ICA Sergelstorg,Thursday,Sandwich,Kyckling Pestoröra,3,2~4
Stockholm Södra,ICA Sergelstorg,Thursday,Sandwich,Räkor,2,2~4
Stockholm Södra,ICA Sergelstorg,Thursday,XL Frallor,Grovfralla Kalkon & Färskost,10,9~11
Stockholm Södra,ICA Sergelstorg,Thursday,XL Frallor,Ost,6,5~8
Stockholm Södra,ICA Sergelstorg,Thursday,XL Frallor,Ost & Skinka,9,8~10
Stockholm Södra,ICA Södra Station,Sunday,Baguette,Kyckling Curry,1,0~1
Stockholm Södra,ICA Södra Station,Sunday,Baguette,Kyckling Sweet Chili,1,0~1
Stockholm Södra,ICA Södra Station,Sunday,Baguette,Salami & Brieost,1,0~1
Stockholm Södra,ICA Södra Station,Sunday,Baguette,Skagen,1,0~1
Stockholm Södra,ICA Södra Station,Sunday,Fralla,Ost,1,1~2
Stockholm Södra,ICA Södra Station,Sunday,Fralla,Ost & Skinka,3,2~4
Stockholm Södra,ICA Södra Station,Sunday,Grönsallad,Kyckling,2,2~3
Stockholm Södra,ICA Södra Station,Sunday,Hönökaka,Ost,2,2~3
Stockholm Södra,ICA Södra Station,Sunday,Hönökaka,Ost & Salami,1,1~2
Stockholm Södra,ICA Södra Station,Sunday,Hönökaka,Ost & Skinka,2,2~3
Stockholm Södra,ICA Södra Station,Sunday,Pastasallad,Falafel,1,0~1
Stockholm Södra,ICA Södra Station,Sunday,Pastasallad,Kyckling & Salladsost,1,1~2
Stockholm Södra,ICA Södra Station,Sunday,Pastasallad,Kyckling kebab,1,1~2
Stockholm Södra,ICA Södra Station,Sunday,Pastasallad,Kyckling mangocurry,2,2~3
Stockholm Södra,ICA Södra Station,Sunday,Sandwich,Bacon & Äggröra,1,1~2
Stockholm Södra,ICA Södra Station,Sunday,Sandwich,Clubsandwich,1,1~2
Stockholm Södra,ICA Södra Station,Sunday,Sandwich,Kyckling Curry,1,0~1
Stockholm Södra,ICA Södra Station,Sunday,Sandwich,Räkor,1,0~1
Stockholm Södra,ICA Södra Station,Sunday,Wraps,Caesar Kyckling,2,2~3
Stockholm Södra,ICA Södra Station,Sunday,Wraps,Kyckling Bacon,1,1~2
Stockholm Södra,ICA Södra Station,Sunday,Wraps,Kyckling Curry,2,2~3
Stockholm Södra,ICA Södra Station,Sunday,Wraps,Kycklingsallad Olivie,1,0~1
Stockholm Södra,ICA Södra Station,Sunday,Wraps,Sweet Chili,2,2~3
Stockholm Södra,ICA Södra Station,Sunday,XL Frallor,Grovfralla Kalkon & Färskost,1,1~2
Stockholm Södra,ICA Södra Station,Sunday,XL Frallor,Ost,1,1~2
Stockholm Södra,ICA Södra Station,Sunday,XL Frallor,Ost & Skinka,1,1~2
Stockholm Södra,ICA Södra Station,Monday,Fralla,Ost & Skinka,1,1~1
Stockholm Södra,ICA Södra Station,Monday,Grönsallad,Kyckling,1,0~1
Stockholm Södra,ICA Södra Station,Monday,Hönökaka,Ost,1,1~1
Stockholm Södra,ICA Södra Station,Monday,Hönökaka,Ost & Skinka,1,1~1
Stockholm Södra,ICA Södra Station,Monday,Pastasallad,Kyckling mangocurry,1,0~1
Stockholm Södra,ICA Södra Station,Monday,Wraps,Caesar Kyckling,1,0~1
Stockholm Södra,ICA Södra Station,Monday,Wraps,Kyckling Curry,1,1~1
Stockholm Södra,ICA Södra Station,Monday,Wraps,Sweet Chili,1,0~1
Stockholm Södra,ICA Södra Station,Tuesday,Fralla,Ost,1,1~1
Stockholm Södra,ICA Södra Station,Tuesday,Fralla,Ost & Skinka,2,2~3
Stockholm Södra,ICA Södra Station,Tuesday,Grönsallad,Kyckling,2,1~2
Stockholm Södra,ICA Södra Station,Tuesday,Hönökaka,Ost,2,1~2
Stockholm Södra,ICA Södra Station,Tuesday,Hönökaka,Ost & Salami,1,1~1
Stockholm Södra,ICA Södra Station,Tuesday,Hönökaka,Ost & Skinka,2,1~2
Stockholm Södra,ICA Södra Station,Tuesday,Pastasallad,Kyckling & Salladsost,1,0~1
Stockholm Södra,ICA Södra Station,Tuesday,Pastasallad,Kyckling kebab,1,0~1
Stockholm Södra,ICA Södra Station,Tuesday,Pastasallad,Kyckling mangocurry,2,1~2
Stockholm Södra,ICA Södra Station,Tuesday,Sandwich,Bacon & Äggröra,1,0~1
Stockholm Södra,ICA Södra Station,Tuesday,Sandwich,Clubsandwich,1,0~1
Stockholm Södra,ICA Södra Station,Tuesday,Wraps,Caesar Kyckling,2,1~2
Stockholm Södra,ICA Södra Station,Tuesday,Wraps,Kyckling Bacon,1,1~1
Stockholm Södra,ICA Södra Station,Tuesday,Wraps,Kyckling Curry,2,1~2
Stockholm Södra,ICA Södra Station,Tuesday,Wraps,Sweet Chili,2,1~2
Stockholm Södra,ICA Södra Station,Tuesday,XL Frallor,Grovfralla Kalkon & Färskost,1,0~1
Stockholm Södra,ICA Södra Station,Tuesday,XL Frallor,Ost,1,1~1
Stockholm Södra,ICA Södra Station,Tuesday,XL Frallor,Ost & Skinka,1,1~1
Stockholm Södra,ICA Södra Station,Wednesday,Fralla,Ost & Skinka,1,1~1
Stockholm Södra,ICA Södra Station,Wednesday,Grönsallad,Kyckling,1,0~1
Stockholm Södra,ICA Södra Station,Wednesday,Hönökaka,Ost,1,0~1
Stockholm Södra,ICA Södra Station,Wednesday,Hönökaka,Ost & Skinka,1,0~1
Stockholm Södra,ICA Södra Station,Wednesday,Pastasallad,Kyckling mangocurry,1,0~1
Stockholm Södra,ICA Södra Station,Wednesday,Wraps,Caesar Kyckling,1,0~1
Stockholm Södra,ICA Södra Station,Wednesday,Wraps,Kyckling Curry,1,0~1
Stockholm Södra,ICA Södra Station,Wednesday,Wraps,Sweet Chili,1,0~1
Stockholm Södra,ICA Södra Station,Thursday,Baguette,Kyckling Curry,1,1~2
Stockholm Södra,ICA Södra Station,Thursday,Baguette,Kyckling Sweet Chili,1,1~2
Stockholm Södra,ICA Södra Station,Thursday,Baguette,Ost & Skinka,1,0~1
Stockholm Södra,ICA Södra Station,Thursday,Baguette,Salami & Brieost,1,1~2
Stockholm Södra,ICA Södra Station,Thursday,Baguette,Skagen,1,1~2
Stockholm Södra,ICA Södra Station,Thursday,Fralla,Ost,2,1~2
Stockholm Södra,ICA Södra Station,Thursday,Fralla,Ost & Skinka,2,1~3
Stockholm Södra,ICA Södra Station,Thursday,Glutenfri Frallor,Glutenfri Ost & Skinka(endast söndagsbeställning),1,0~1
Stockholm Södra,ICA Södra Station,Thursday,Glutenfri Frallor,Glutenfri Pumpafralla Kalkon & Färskost(endast söndagsbeställning),1,0~1
Stockholm Södra,ICA Södra Station,Thursday,Grönsallad,Kyckling,1,2~3
Stockholm Södra,ICA Södra Station,Thursday,Hönökaka,Ost,2,2~4
Stockholm Södra,ICA Södra Station,Thursday,Hönökaka,Ost & Salami,2,1~2
Stockholm Södra,ICA Södra Station,Thursday,Hönökaka,Ost & Skinka,2,2~4
Stockholm Södra,ICA Södra Station,Thursday,Pastasallad,Bacon & Kyckling,1,0~1
Stockholm Södra,ICA Södra Station,Thursday,Pastasallad,Falafel,1,1~2
Stockholm Södra,ICA Södra Station,Thursday,Pastasallad,Kyckling & Salladsost,1,1~2
Stockholm Södra,ICA Södra Station,Thursday,Pastasallad,Kyckling kebab,1,1~2
Stockholm Södra,ICA Södra Station,Thursday,Pastasallad,Kyckling mangocurry,1,2~3
Stockholm Södra,ICA Södra Station,Thursday,Pastasallad,Ost & Skinka,1,0~1
Stockholm Södra,ICA Södra Station,Thursday,Pastasallad,Räkor,1,0~1
Stockholm Södra,ICA Södra Station,Thursday,Sandwich,Bacon & Äggröra,1,1~2
Stockholm Södra,ICA Södra Station,Thursday,Sandwich,Clubsandwich,1,1~2
Stockholm Södra,ICA Södra Station,Thursday,Sandwich,Kyckling Curry,1,1~2
Stockholm Södra,ICA Södra Station,Thursday,Sandwich,Kyckling Pestoröra,1,0~1
Stockholm Södra,ICA Södra Station,Thursday,Sandwich,Räkor,1,1~2
Stockholm Södra,ICA Södra Station,Thursday,Sandwich,Ägg & Avocadokräm,1,0~1
Stockholm Södra,ICA Södra Station,Thursday,Wraps,Caesar Kyckling,1,2~3
Stockholm Södra,ICA Södra Station,Thursday,Wraps,Kyckling Bacon,2,1~2
Stockholm Södra,ICA Södra Station,Thursday,Wraps,Kyckling Curry,2,2~4
Stockholm Södra,ICA Södra Station,Thursday,Wraps,Kycklingsallad Olivie,1,1~2
Stockholm Södra,ICA Södra Station,Thursday,Wraps,Sweet Chili,1,2~3
Stockholm Södra,ICA Södra Station,Thursday,XL Frallor,Grovfralla Kalkon & Färskost,1,1~2
Stockholm Södra,ICA Södra Station,Thursday,XL Frallor,Ost,2,1~2
Stockholm Södra,ICA Södra Station,Thursday,XL Frallor,Ost & Skinka,2,1~2
Stockholm Södra,Myway Södra Station,Sunday,Fralla,Ost,3,2~4
Stockholm Södra,Myway Södra Station,Sunday,Fralla,Ost & Skinka,3,3~4
Stockholm Södra,Myway Södra Station,Sunday,Glutenfri Frallor,Glutenfri Ost & Skinka(endast söndagsbeställning),1,0~1
Stockholm Södra,Myway Södra Station,Sunday,Hönökaka,Ost,4,3~5
Stockholm Södra,Myway Södra Station,Sunday,Hönökaka,Ost & Salami,4,3~5
Stockholm Södra,Myway Södra Station,Sunday,Hönökaka,Ost & Skinka,4,3~5
Stockholm Södra,Myway Södra Station,Sunday,Sandwich,Bacon & Äggröra,1,0~1
Stockholm Södra,Myway Södra Station,Sunday,Sandwich,Clubsandwich,1,0~1
Stockholm Södra,Myway Södra Station,Sunday,Sandwich,Kyckling Curry,1,0~1
Stockholm Södra,Myway Södra Station,Sunday,Sandwich,Räkor,1,0~1
Stockholm Södra,Myway Södra Station,Sunday,Wraps,Caesar Kyckling,1,0~1
Stockholm Södra,Myway Södra Station,Sunday,Wraps,Kyckling Curry,1,0~1
Stockholm Södra,Myway Södra Station,Sunday,XL Frallor,Grovfralla Kalkon & Färskost,1,1~2
Stockholm Södra,Myway Södra Station,Sunday,XL Frallor,Ost,1,0~1
Stockholm Södra,Myway Södra Station,Sunday,XL Frallor,Ost & Skinka,1,1~2
Stockholm Södra,Myway Södra Station,Monday,Fralla,Ost,1,1~1
Stockholm Södra,Myway Södra Station,Monday,Fralla,Ost & Skinka,1,1~1
Stockholm Södra,Myway Södra Station,Monday,Hönökaka,Ost,1,1~2
Stockholm Södra,Myway Södra Station,Monday,Hönökaka,Ost & Salami,1,1~2
Stockholm Södra,Myway Södra Station,Monday,Hönökaka,Ost & Skinka,1,1~2
Stockholm Södra,Myway Södra Station,Tuesday,Fralla,Ost,2,2~3
Stockholm Södra,Myway Södra Station,Tuesday,Fralla,Ost & Skinka,2,2~3
Stockholm Södra,Myway Södra Station,Tuesday,Hönökaka,Ost,3,2~4
Stockholm Södra,Myway Södra Station,Tuesday,Hönökaka,Ost & Salami,3,2~4
Stockholm Södra,Myway Södra Station,Tuesday,Hönökaka,Ost & Skinka,3,2~4
Stockholm Södra,Myway Södra Station,Tuesday,XL Frallor,Grovfralla Kalkon & Färskost,1,0~1
Stockholm Södra,Myway Södra Station,Tuesday,XL Frallor,Ost & Skinka,1,0~1
Stockholm Södra,Myway Södra Station,Wednesday,Fralla,Ost,1,1~1
Stockholm Södra,Myway Södra Station,Wednesday,Fralla,Ost & Skinka,1,1~1
Stockholm Södra,Myway Södra Station,Wednesday,Hönökaka,Ost,1,1~1
Stockholm Södra,Myway Södra Station,Wednesday,Hönökaka,Ost & Salami,1,1~1
Stockholm Södra,Myway Södra Station,Wednesday,Hönökaka,Ost & Skinka,1,1~1
Stockholm Södra,Myway Södra Station,Thursday,Baguette,Kyckling Sweet Chili,1,0~1
Stockholm Södra,Myway Södra Station,Thursday,Baguette,Salami & Brieost,1,0~1
Stockholm Södra,Myway Södra Station,Thursday,Fralla,Ost,3,2~4
Stockholm Södra,Myway Södra Station,Thursday,Fralla,Ost & Skinka,4,2~5
Stockholm Södra,Myway Södra Station,Thursday,Glutenfri Frallor,Glutenfri Ost & Skinka(endast söndagsbeställning),1,1~2
Stockholm Södra,Myway Södra Station,Thursday,Glutenfri Frallor,Glutenfri Pumpafralla Kalkon & Färskost(endast söndagsbeställning),1,0~1
Stockholm Södra,Myway Södra Station,Thursday,Hönökaka,Ost,4,4~4
Stockholm Södra,Myway Södra Station,Thursday,Hönökaka,Ost & Salami,5,4~6
Stockholm Södra,Myway Södra Station,Thursday,Hönökaka,Ost & Skinka,5,4~6
Stockholm Södra,Myway Södra Station,Thursday,Sandwich,Bacon & Äggröra,1,1~2
Stockholm Södra,Myway Södra Station,Thursday,Sandwich,Clubsandwich,1,1~2
Stockholm Södra,Myway Södra Station,Thursday,Sandwich,Kyckling Curry,1,1~2
Stockholm Södra,Myway Södra Station,Thursday,Sandwich,Kyckling Pestoröra,1,0~1
Stockholm Södra,Myway Södra Station,Thursday,Sandwich,Räkor,1,1~2
Stockholm Södra,Myway Södra Station,Thursday,Sandwich,Ägg & Avocadokräm,1,0~1
Stockholm Södra,Myway Södra Station,Thursday,Wraps,Caesar Kyckling,1,1~2
Stockholm Södra,Myway Södra Station,Thursday,Wraps,Kyckling Curry,1,1~2
Stockholm Södra,Myway Södra Station,Thursday,Wraps,Sweet Chili,1,0~1
Stockholm Södra,Myway Södra Station,Thursday,XL Frallor,Grovfralla Kalkon & Färskost,1,1~2
Stockholm Södra,Myway Södra Station,Thursday,XL Frallor,Ost,1,1~2
Stockholm Södra,Myway Södra Station,Thursday,XL Frallor,Ost & Skinka,1,1~2
Stockholm Södra,Odicho Livs,Sunday,Pastasallad,Kyckling mangocurry,1,0~1
Stockholm Södra,Odicho Livs,Sunday,Wraps,Kyckling Curry,1,0~1
Stockholm Södra,Odicho Livs,Sunday,XL Frallor,Grovfralla Kalkon & Färskost,1,0~1
Stockholm Södra,Odicho Livs,Thursday,Fralla,Ost,1,0~1
Stockholm Södra,Odicho Livs,Thursday,Fralla,Ost & Skinka,1,0~1
Stockholm Södra,Odicho Livs,Thursday,Hönökaka,Ost,1,0~1
Stockholm Södra,Odicho Livs,Thursday,Hönökaka,Ost & Salami,1,0~1
Stockholm Södra,Odicho Livs,Thursday,Hönökaka,Ost & Skinka,1,0~1
Stockholm Södra,Odicho Livs,Thursday,Pastasallad,Kyckling kebab,1,0~1
Stockholm Södra,Odicho Livs,Thursday,Pastasallad,Kyckling mangocurry,1,1~2
Stockholm Södra,Odicho Livs,Thursday,Sandwich,Kyckling Curry,1,0~1
Stockholm Södra,Odicho Livs,Thursday,Sandwich,Räkor,1,0~1
Stockholm Södra,Odicho Livs,Thursday,Wraps,Kyckling Curry,1,1~2
Stockholm Södra,Odicho Livs,Thursday,XL Frallor,Grovfralla Kalkon & Färskost,1,1~2
Stockholm Väst,Coop  SVANDAMMSPLAN,Sunday,Baguette,Kyckling Curry,1,0~1
Stockholm Väst,Coop  SVANDAMMSPLAN,Sunday,Baguette,Salami & Brieost,1,0~1
Stockholm Väst,Coop  SVANDAMMSPLAN,Sunday,Fralla,Ost,1,1~2
Stockholm Väst,Coop  SVANDAMMSPLAN,Sunday,Fralla,Ost & Skinka,1,0~1
Stockholm Väst,Coop  SVANDAMMSPLAN,Sunday,Hönökaka,Ost,1,0~1
Stockholm Väst,Coop  SVANDAMMSPLAN,Sunday,Hönökaka,Ost & Skinka,1,1~2
Stockholm Väst,Coop  SVANDAMMSPLAN,Sunday,Pastasallad,Kyckling mangocurry,1,0~1
Stockholm Väst,Coop  SVANDAMMSPLAN,Sunday,Sandwich,Clubsandwich,1,0~1
Stockholm Väst,Coop  SVANDAMMSPLAN,Sunday,Sandwich,Kyckling Curry,1,0~1
Stockholm Väst,Coop  SVANDAMMSPLAN,Sunday,Sandwich,Kyckling Pestoröra,1,0~1
Stockholm Väst,Coop  SVANDAMMSPLAN,Sunday,Sandwich,Räkor,1,0~1
Stockholm Väst,Coop  SVANDAMMSPLAN,Sunday,Wraps,Caesar Kyckling,1,0~1
Stockholm Väst,Coop  SVANDAMMSPLAN,Sunday,Wraps,Kyckling Bacon,1,0~1
Stockholm Väst,Coop  SVANDAMMSPLAN,Sunday,Wraps,Kyckling Curry,1,0~1
Stockholm Väst,Coop  SVANDAMMSPLAN,Sunday,Wraps,Kycklingsallad Olivie,1,0~1
Stockholm Väst,Coop  SVANDAMMSPLAN,Sunday,Wraps,Sweet Chili,1,0~1
Stockholm Väst,Coop  SVANDAMMSPLAN,Sunday,Wraps,Wrap Curry Oumph!,1,0~1
Stockholm Väst,Coop  SVANDAMMSPLAN,Tuesday,Fralla,Ost,1,0~1
Stockholm Väst,Coop  SVANDAMMSPLAN,Tuesday,Hönökaka,Ost & Skinka,1,0~1
Stockholm Väst,Coop  SVANDAMMSPLAN,Thursday,Baguette,Kyckling Curry,1,1~2
Stockholm Väst,Coop  SVANDAMMSPLAN,Thursday,Baguette,Kyckling Sweet Chili,1,0~1
Stockholm Väst,Coop  SVANDAMMSPLAN,Thursday,Baguette,Ost & Skinka,1,0~1
Stockholm Väst,Coop  SVANDAMMSPLAN,Thursday,Baguette,Salami & Brieost,1,1~2
Stockholm Väst,Coop  SVANDAMMSPLAN,Thursday,Fralla,Ost,1,1~2
Stockholm Väst,Coop  SVANDAMMSPLAN,Thursday,Fralla,Ost & Skinka,1,1~2
Stockholm Väst,Coop  SVANDAMMSPLAN,Thursday,Grönsallad,Kyckling,1,0~1
Stockholm Väst,Coop  SVANDAMMSPLAN,Thursday,Hönökaka,Ost,1,1~2
Stockholm Väst,Coop  SVANDAMMSPLAN,Thursday,Hönökaka,Ost & Skinka,1,1~2
Stockholm Väst,Coop  SVANDAMMSPLAN,Thursday,Pastasallad,Bacon & Kyckling,1,0~1
Stockholm Väst,Coop  SVANDAMMSPLAN,Thursday,Pastasallad,Kyckling & Salladsost,1,0~1
Stockholm Väst,Coop  SVANDAMMSPLAN,Thursday,Pastasallad,Kyckling mangocurry,1,1~2
Stockholm Väst,Coop  SVANDAMMSPLAN,Thursday,Pastasallad,Ost & Skinka,1,0~1
Stockholm Väst,Coop  SVANDAMMSPLAN,Thursday,Pastasallad,Räkor,1,0~1
Stockholm Väst,Coop  SVANDAMMSPLAN,Thursday,Sandwich,Clubsandwich,1,1~2
Stockholm Väst,Coop  SVANDAMMSPLAN,Thursday,Sandwich,Kyckling Curry,1,1~2
Stockholm Väst,Coop  SVANDAMMSPLAN,Thursday,Sandwich,Kyckling Pestoröra,1,1~2
Stockholm Väst,Coop  SVANDAMMSPLAN,Thursday,Sandwich,Räkor,1,1~2
Stockholm Väst,Coop  SVANDAMMSPLAN,Thursday,Sandwich,Ägg & Avocadokräm,1,0~1
Stockholm Väst,Coop  SVANDAMMSPLAN,Thursday,Wraps,Caesar Kyckling,1,1~2
Stockholm Väst,Coop  SVANDAMMSPLAN,Thursday,Wraps,Kyckling Bacon,1,1~2
Stockholm Väst,Coop  SVANDAMMSPLAN,Thursday,Wraps,Kyckling Curry,1,1~2
Stockholm Väst,Coop  SVANDAMMSPLAN,Thursday,Wraps,Kycklingsallad Olivie,1,1~2
Stockholm Väst,Coop  SVANDAMMSPLAN,Thursday,Wraps,Sweet Chili,1,1~2
Stockholm Väst,Coop  SVANDAMMSPLAN,Thursday,Wraps,Wrap Curry Oumph!,1,1~2
Stockholm Väst,Coop Folkparken,Sunday,Baguette,Ost & Skinka,1,0~1
Stockholm Väst,Coop Folkparken,Sunday,Baguette,Salami & Brieost,1,1~2
Stockholm Väst,Coop Folkparken,Sunday,Baguette,Skagen,1,1~2
Stockholm Väst,Coop Folkparken,Sunday,Fralla,Ost,1,0~1
Stockholm Väst,Coop Folkparken,Sunday,Fralla,Ost & Skinka,1,1~2
Stockholm Väst,Coop Folkparken,Sunday,Hönökaka,Ost & Skinka,1,0~1
Stockholm Väst,Coop Folkparken,Sunday,Pastasallad,Kyckling & Salladsost,1,0~1
Stockholm Väst,Coop Folkparken,Sunday,Pastasallad,Kyckling mangocurry,2,2~3
Stockholm Väst,Coop Folkparken,Sunday,Pastasallad,Räkor,1,1~2
Stockholm Väst,Coop Folkparken,Sunday,Wraps,Caesar Kyckling,1,0~1
Stockholm Väst,Coop Folkparken,Sunday,Wraps,Kyckling Curry,1,1~2
Stockholm Väst,Coop Folkparken,Monday,Pastasallad,Kyckling mangocurry,1,0~1
Stockholm Väst,Coop Folkparken,Tuesday,Baguette,Salami & Brieost,1,0~1
Stockholm Väst,Coop Folkparken,Tuesday,Baguette,Skagen,1,0~1
Stockholm Väst,Coop Folkparken,Tuesday,Fralla,Ost & Skinka,1,0~1
Stockholm Väst,Coop Folkparken,Tuesday,Pastasallad,Kyckling mangocurry,2,1~2
Stockholm Väst,Coop Folkparken,Tuesday,Pastasallad,Räkor,1,0~1
Stockholm Väst,Coop Folkparken,Tuesday,Wraps,Kyckling Curry,1,0~1
Stockholm Väst,Coop Folkparken,Wednesday,Pastasallad,Kyckling mangocurry,1,0~1
Stockholm Väst,Coop Folkparken,Thursday,Baguette,Ost & Skinka,1,1~2
Stockholm Väst,Coop Folkparken,Thursday,Baguette,Salami & Brieost,1,1~2
Stockholm Väst,Coop Folkparken,Thursday,Baguette,Skagen,1,1~2
Stockholm Väst,Coop Folkparken,Thursday,Fralla,Ost,1,1~2
Stockholm Väst,Coop Folkparken,Thursday,Fralla,Ost & Skinka,1,1~2
Stockholm Väst,Coop Folkparken,Thursday,Hönökaka,Ost,1,0~1
Stockholm Väst,Coop Folkparken,Thursday,Hönökaka,Ost & Salami,1,0~1
Stockholm Väst,Coop Folkparken,Thursday,Hönökaka,Ost & Skinka,1,1~2
Stockholm Väst,Coop Folkparken,Thursday,Pastasallad,Kyckling & Salladsost,1,1~2
Stockholm Väst,Coop Folkparken,Thursday,Pastasallad,Kyckling mangocurry,1,2~3
Stockholm Väst,Coop Folkparken,Thursday,Pastasallad,Räkor,1,1~2
Stockholm Väst,Coop Folkparken,Thursday,Sandwich,Kyckling Pestoröra,1,0~1
Stockholm Väst,Coop Folkparken,Thursday,Sandwich,Räkor,1,0~1
Stockholm Väst,Coop Folkparken,Thursday,Sandwich,Ägg & Avocadokräm,1,0~1
Stockholm Väst,Coop Folkparken,Thursday,Wraps,Caesar Kyckling,1,1~2
Stockholm Väst,Coop Folkparken,Thursday,Wraps,Kyckling Bacon,1,0~1
Stockholm Väst,Coop Folkparken,Thursday,Wraps,Kyckling Curry,1,1~2
Stockholm Väst,Coop Folkparken,Thursday,XL Frallor,Grovfralla Kalkon & Färskost,1,0~1
Stockholm Väst,Coop Kristineberg,Sunday,Baguette,Kyckling Curry,1,0~1
Stockholm Väst,Coop Kristineberg,Sunday,Baguette,Skagen,1,0~1
Stockholm Väst,Coop Kristineberg,Sunday,Fralla,Ost,1,0~1
Stockholm Väst,Coop Kristineberg,Sunday,Fralla,Ost & Skinka,1,0~1
Stockholm Väst,Coop Kristineberg,Sunday,Hönökaka,Ost,1,1~2
Stockholm Väst,Coop Kristineberg,Sunday,Pastasallad,Kyckling & Salladsost,2,2~3
Stockholm Väst,Coop Kristineberg,Sunday,Pastasallad,Kyckling mangocurry,3,3~4
Stockholm Väst,Coop Kristineberg,Sunday,Pastasallad,Räkor,1,1~2
Stockholm Väst,Coop Kristineberg,Sunday,Sandwich,Bacon & Äggröra,1,0~1
Stockholm Väst,Coop Kristineberg,Sunday,Sandwich,Kyckling Curry,1,0~1
Stockholm Väst,Coop Kristineberg,Sunday,Sandwich,Ägg & Avocadokräm,1,0~1
Stockholm Väst,Coop Kristineberg,Sunday,Wraps,Caesar Kyckling,3,3~4
Stockholm Väst,Coop Kristineberg,Sunday,Wraps,Kyckling Bacon,3,2~4
Stockholm Väst,Coop Kristineberg,Sunday,Wraps,Kyckling Curry,3,3~4
Stockholm Väst,Coop Kristineberg,Sunday,Wraps,Sweet Chili,3,2~4
Stockholm Väst,Coop Kristineberg,Monday,Pastasallad,Kyckling & Salladsost,1,0~1
Stockholm Väst,Coop Kristineberg,Monday,Pastasallad,Kyckling mangocurry,1,1~1
Stockholm Väst,Coop Kristineberg,Monday,Wraps,Caesar Kyckling,1,1~1
Stockholm Väst,Coop Kristineberg,Monday,Wraps,Kyckling Bacon,1,1~1
Stockholm Väst,Coop Kristineberg,Monday,Wraps,Kyckling Curry,1,1~1
Stockholm Väst,Coop Kristineberg,Monday,Wraps,Sweet Chili,1,1~1
Stockholm Väst,Coop Kristineberg,Tuesday,Hönökaka,Ost,1,0~1
Stockholm Väst,Coop Kristineberg,Tuesday,Pastasallad,Kyckling & Salladsost,2,1~2
Stockholm Väst,Coop Kristineberg,Tuesday,Pastasallad,Kyckling mangocurry,2,2~3
Stockholm Väst,Coop Kristineberg,Tuesday,Pastasallad,Räkor,1,0~1
Stockholm Väst,Coop Kristineberg,Tuesday,Wraps,Caesar Kyckling,2,2~3
Stockholm Väst,Coop Kristineberg,Tuesday,Wraps,Kyckling Bacon,2,2~3
Stockholm Väst,Coop Kristineberg,Tuesday,Wraps,Kyckling Curry,2,2~3
Stockholm Väst,Coop Kristineberg,Tuesday,Wraps,Sweet Chili,2,2~3
Stockholm Väst,Coop Kristineberg,Wednesday,Pastasallad,Kyckling & Salladsost,1,0~1
Stockholm Väst,Coop Kristineberg,Wednesday,Pastasallad,Kyckling mangocurry,1,1~1
Stockholm Väst,Coop Kristineberg,Wednesday,Wraps,Caesar Kyckling,1,1~1
Stockholm Väst,Coop Kristineberg,Wednesday,Wraps,Kyckling Bacon,1,1~1
Stockholm Väst,Coop Kristineberg,Wednesday,Wraps,Kyckling Curry,1,1~1
Stockholm Väst,Coop Kristineberg,Wednesday,Wraps,Sweet Chili,1,1~1
Stockholm Väst,Coop Kristineberg,Thursday,Baguette,Kyckling Curry,1,1~2
Stockholm Väst,Coop Kristineberg,Thursday,Baguette,Salami & Brieost,1,0~1
Stockholm Väst,Coop Kristineberg,Thursday,Baguette,Skagen,1,1~2
Stockholm Väst,Coop Kristineberg,Thursday,Fralla,Ost,1,1~2
Stockholm Väst,Coop Kristineberg,Thursday,Fralla,Ost & Skinka,1,1~2
Stockholm Väst,Coop Kristineberg,Thursday,Hönökaka,Ost,1,1~2
Stockholm Väst,Coop Kristineberg,Thursday,Hönökaka,Ost & Salami,1,0~1
Stockholm Väst,Coop Kristineberg,Thursday,Hönökaka,Ost & Skinka,1,0~1
Stockholm Väst,Coop Kristineberg,Thursday,Pastasallad,Kyckling & Salladsost,1,2~3
Stockholm Väst,Coop Kristineberg,Thursday,Pastasallad,Kyckling mangocurry,4,2~5
Stockholm Väst,Coop Kristineberg,Thursday,Pastasallad,Räkor,1,1~2
Stockholm Väst,Coop Kristineberg,Thursday,Sandwich,Bacon & Äggröra,1,1~2
Stockholm Väst,Coop Kristineberg,Thursday,Sandwich,Kyckling Curry,1,1~2
Stockholm Väst,Coop Kristineberg,Thursday,Sandwich,Ägg & Avocadokräm,1,1~2
Stockholm Väst,Coop Kristineberg,Thursday,Wraps,Caesar Kyckling,4,2~5
Stockholm Väst,Coop Kristineberg,Thursday,Wraps,Kyckling Bacon,3,2~4
Stockholm Väst,Coop Kristineberg,Thursday,Wraps,Kyckling Curry,4,2~5
Stockholm Väst,Coop Kristineberg,Thursday,Wraps,Sweet Chili,2,1~3
Stockholm Väst,Coop Kristineberg,Thursday,XL Frallor,Ost,1,0~1
Stockholm Väst,Coop Kristineberg,Thursday,XL Frallor,Ost & Skinka,1,0~1
Stockholm Väst,Coop Mälarhöjden,Sunday,Fralla,Ost,1,0~1
Stockholm Väst,Coop Mälarhöjden,Sunday,Fralla,Ost & Skinka,1,0~1
Stockholm Väst,Coop Mälarhöjden,Sunday,Hönökaka,Ost & Salami,1,0~1
Stockholm Väst,Coop Mälarhöjden,Sunday,Hönökaka,Ost & Skinka,1,0~1
Stockholm Väst,Coop Mälarhöjden,Sunday,Sandwich,Clubsandwich,1,0~1
Stockholm Väst,Coop Mälarhöjden,Sunday,Wraps,Kyckling Bacon,1,0~1
Stockholm Väst,Coop Mälarhöjden,Thursday,Baguette,Kyckling Curry,1,0~1
Stockholm Väst,Coop Mälarhöjden,Thursday,Baguette,Salami & Brieost,1,0~1
Stockholm Väst,Coop Mälarhöjden,Thursday,Fralla,Ost,1,1~2
Stockholm Väst,Coop Mälarhöjden,Thursday,Fralla,Ost & Skinka,1,1~2
Stockholm Väst,Coop Mälarhöjden,Thursday,Hönökaka,Ost,1,0~1
Stockholm Väst,Coop Mälarhöjden,Thursday,Hönökaka,Ost & Salami,1,1~2
Stockholm Väst,Coop Mälarhöjden,Thursday,Hönökaka,Ost & Skinka,1,1~2
Stockholm Väst,Coop Mälarhöjden,Thursday,Sandwich,Clubsandwich,1,1~2
Stockholm Väst,Coop Mälarhöjden,Thursday,Sandwich,Räkor,1,0~1
Stockholm Väst,Coop Mälarhöjden,Thursday,Sandwich,Ägg & Avocadokräm,1,0~1
Stockholm Väst,Coop Mälarhöjden,Thursday,Wraps,Caesar Kyckling,1,0~1
Stockholm Väst,Coop Mälarhöjden,Thursday,Wraps,Kyckling Bacon,1,1~2
Stockholm Väst,Coop Mälarhöjden,Thursday,XL Frallor,Grovfralla Kalkon & Färskost,1,0~1
Stockholm Väst,Coop Mälarhöjden,Thursday,XL Frallor,Ost & Skinka,1,0~1
Stockholm Väst,Coop Storsjövägen,Sunday,Pastasallad,Kyckling & Salladsost,1,1~2
Stockholm Väst,Coop Storsjövägen,Sunday,Pastasallad,Kyckling mangocurry,1,0~1
Stockholm Väst,Coop Storsjövägen,Sunday,Wraps,Kyckling Bacon,1,0~1
Stockholm Väst,Coop Storsjövägen,Sunday,Wraps,Kyckling Curry,1,1~2
Stockholm Väst,Coop Storsjövägen,Tuesday,Pastasallad,Kyckling & Salladsost,1,0~1
Stockholm Väst,Coop Storsjövägen,Tuesday,Wraps,Kyckling Curry,1,0~1
Stockholm Väst,Coop Storsjövägen,Thursday,Baguette,Ost & Skinka,1,0~1
Stockholm Väst,Coop Storsjövägen,Thursday,Baguette,Salami & Brieost,1,0~1
Stockholm Väst,Coop Storsjövägen,Thursday,Hönökaka,Ost,1,0~1
Stockholm Väst,Coop Storsjövägen,Thursday,Hönökaka,Ost & Skinka,1,0~1
Stockholm Väst,Coop Storsjövägen,Thursday,Pastasallad,Bacon & Kyckling,1,0~1
Stockholm Väst,Coop Storsjövägen,Thursday,Pastasallad,Kyckling & Salladsost,1,1~2
Stockholm Väst,Coop Storsjövägen,Thursday,Pastasallad,Kyckling kebab,1,0~1
Stockholm Väst,Coop Storsjövägen,Thursday,Pastasallad,Kyckling mangocurry,1,1~2
Stockholm Väst,Coop Storsjövägen,Thursday,Wraps,Caesar Kyckling,1,0~1
Stockholm Väst,Coop Storsjövägen,Thursday,Wraps,Kyckling Bacon,1,1~2
Stockholm Väst,Coop Storsjövägen,Thursday,Wraps,Kyckling Curry,1,1~2
Stockholm Väst,Coop Storsjövägen,Thursday,Wraps,Sweet Chili,1,0~1
Stockholm Väst,Coop Storsjövägen,Thursday,XL Frallor,Ost,1,0~1
Stockholm Väst,Coop Storsjövägen,Thursday,XL Frallor,Ost & Skinka,1,0~1
Stockholm Väst,Coop Södertälje,Sunday,Baguette,Ost & Skinka,1,0~1
Stockholm Väst,Coop Södertälje,Sunday,Baguette,Salami & Brieost,1,1~2
Stockholm Väst,Coop Södertälje,Sunday,Baguette,Skagen,1,0~1
Stockholm Väst,Coop Södertälje,Sunday,Hönökaka,Ost,1,0~1
Stockholm Väst,Coop Södertälje,Sunday,Hönökaka,Ost & Salami,1,0~1
Stockholm Väst,Coop Södertälje,Sunday,Hönökaka,Ost & Skinka,1,1~2
Stockholm Väst,Coop Södertälje,Sunday,Pastasallad,Kyckling & Salladsost,1,0~1
Stockholm Väst,Coop Södertälje,Sunday,Pastasallad,Kyckling mangocurry,1,0~1
Stockholm Väst,Coop Södertälje,Sunday,Wraps,Caesar Kyckling,1,0~1
Stockholm Väst,Coop Södertälje,Sunday,Wraps,Kyckling Bacon,1,0~1
Stockholm Väst,Coop Södertälje,Sunday,Wraps,Kyckling Curry,1,0~1
Stockholm Väst,Coop Södertälje,Tuesday,Baguette,Salami & Brieost,1,0~1
Stockholm Väst,Coop Södertälje,Tuesday,Hönökaka,Ost & Skinka,1,0~1
Stockholm Väst,Coop Södertälje,Thursday,Baguette,Ost & Skinka,1,1~2
Stockholm Väst,Coop Södertälje,Thursday,Baguette,Salami & Brieost,1,1~2
Stockholm Väst,Coop Södertälje,Thursday,Baguette,Skagen,1,1~2
Stockholm Väst,Coop Södertälje,Thursday,Hönökaka,Ost,1,1~2
Stockholm Väst,Coop Södertälje,Thursday,Hönökaka,Ost & Salami,1,1~2
Stockholm Väst,Coop Södertälje,Thursday,Hönökaka,Ost & Skinka,1,1~2
Stockholm Väst,Coop Södertälje,Thursday,Pastasallad,Kyckling & Salladsost,1,1~2
Stockholm Väst,Coop Södertälje,Thursday,Pastasallad,Kyckling mangocurry,1,1~2
Stockholm Väst,Coop Södertälje,Thursday,Pastasallad,Räkor,1,0~1
Stockholm Väst,Coop Södertälje,Thursday,Varmrätt,Cevapcici med bulgur,1,0~1
Stockholm Väst,Coop Södertälje,Thursday,Wraps,Caesar Kyckling,1,1~2
Stockholm Väst,Coop Södertälje,Thursday,Wraps,Kyckling Bacon,1,1~2
Stockholm Väst,Coop Södertälje,Thursday,Wraps,Kyckling Curry,1,1~2
Stockholm Väst,Coop Södertälje,Thursday,XL Frallor,Grovfralla Kalkon & Färskost,1,0~1
Stockholm Väst,Coop Västertorp,Sunday,Baguette,Skagen,1,0~1
Stockholm Väst,Coop Västertorp,Sunday,Fralla,Ost,1,0~1
Stockholm Väst,Coop Västertorp,Sunday,Fralla,Ost & Skinka,1,1~2
Stockholm Väst,Coop Västertorp,Sunday,Grönsallad,Caesarsallad,1,0~1
Stockholm Väst,Coop Västertorp,Sunday,Hönökaka,Ost,1,1~2
Stockholm Väst,Coop Västertorp,Sunday,Pastasallad,Kyckling & Salladsost,1,1~2
Stockholm Väst,Coop Västertorp,Sunday,Pastasallad,Kyckling mangocurry,2,1~2
Stockholm Väst,Coop Västertorp,Sunday,Pastasallad,Räkor,1,1~2
Stockholm Väst,Coop Västertorp,Sunday,Wraps,Caesar Kyckling,1,0~1
Stockholm Väst,Coop Västertorp,Sunday,Wraps,Kyckling Bacon,1,0~1
Stockholm Väst,Coop Västertorp,Sunday,Wraps,Kyckling Curry,1,1~2
Stockholm Väst,Coop Västertorp,Sunday,Wraps,Sweet Chili,1,1~2
Stockholm Väst,Coop Västertorp,Tuesday,Fralla,Ost & Skinka,1,0~1
Stockholm Väst,Coop Västertorp,Tuesday,Hönökaka,Ost,1,0~1
Stockholm Väst,Coop Västertorp,Tuesday,Pastasallad,Kyckling & Salladsost,1,1~1
Stockholm Väst,Coop Västertorp,Tuesday,Pastasallad,Kyckling mangocurry,1,1~2
Stockholm Väst,Coop Västertorp,Tuesday,Pastasallad,Räkor,1,0~1
Stockholm Väst,Coop Västertorp,Tuesday,Wraps,Kyckling Curry,1,0~1
Stockholm Väst,Coop Västertorp,Tuesday,Wraps,Sweet Chili,1,1~1
Stockholm Väst,Coop Västertorp,Thursday,Baguette,Kyckling Curry,1,0~1
Stockholm Väst,Coop Västertorp,Thursday,Baguette,Salami & Brieost,1,0~1
Stockholm Väst,Coop Västertorp,Thursday,Baguette,Skagen,1,1~2
Stockholm Väst,Coop Västertorp,Thursday,Fralla,Ost,1,1~2
Stockholm Väst,Coop Västertorp,Thursday,Fralla,Ost & Skinka,1,1~2
Stockholm Väst,Coop Västertorp,Thursday,Grönsallad,Caesarsallad,1,1~2
Stockholm Väst,Coop Västertorp,Thursday,Hönökaka,Ost,1,1~2
Stockholm Väst,Coop Västertorp,Thursday,Pastasallad,Kyckling & Salladsost,2,1~2
Stockholm Väst,Coop Västertorp,Thursday,Pastasallad,Kyckling mangocurry,2,2~1
Stockholm Väst,Coop Västertorp,Thursday,Pastasallad,Räkor,1,1~2
Stockholm Väst,Coop Västertorp,Thursday,Sandwich,Bacon & Äggröra,1,0~1
Stockholm Väst,Coop Västertorp,Thursday,Sandwich,Clubsandwich,1,0~1
Stockholm Väst,Coop Västertorp,Thursday,Sandwich,Kyckling Curry,1,0~1
Stockholm Väst,Coop Västertorp,Thursday,Sandwich,Kyckling Pestoröra,1,0~1
Stockholm Väst,Coop Västertorp,Thursday,Sandwich,Räkor,1,0~1
Stockholm Väst,Coop Västertorp,Thursday,Varmrätt,Falafel med bulgur,1,0~1
Stockholm Väst,Coop Västertorp,Thursday,Varmrätt,Kyckling-och böngryta,1,0~1
Stockholm Väst,Coop Västertorp,Thursday,Varmrätt,Teriyakikycklingfile med basmatiris,1,0~1
Stockholm Väst,Coop Västertorp,Thursday,Wraps,Caesar Kyckling,1,1~2
Stockholm Väst,Coop Västertorp,Thursday,Wraps,Kyckling Bacon,1,1~2
Stockholm Väst,Coop Västertorp,Thursday,Wraps,Kyckling Curry,1,1~2
Stockholm Väst,Coop Västertorp,Thursday,Wraps,Sweet Chili,2,1~2
Stockholm Väst,Coop Västertorp,Thursday,XL Frallor,Ost,1,0~1
Stockholm Väst,Coop Västertorp,Thursday,XL Frallor,Ost & Skinka,1,0~1
Stockholm Väst,Coop rönninge,Sunday,Hönökaka,Ost,1,0~1
Stockholm Väst,Coop rönninge,Sunday,Pastasallad,Kyckling & Salladsost,1,0~1
Stockholm Väst,Coop rönninge,Sunday,Pastasallad,Kyckling mangocurry,2,2~3
Stockholm Väst,Coop rönninge,Sunday,Pastasallad,Ost & Skinka,2,2~3
Stockholm Väst,Coop rönninge,Sunday,Sandwich,Räkor,1,0~1
Stockholm Väst,Coop rönninge,Sunday,Wraps,Caesar Kyckling,1,1~2
Stockholm Väst,Coop rönninge,Sunday,Wraps,Kyckling Bacon,1,0~1
Stockholm Väst,Coop rönninge,Sunday,Wraps,Kyckling Curry,1,0~1
Stockholm Väst,Coop rönninge,Sunday,Wraps,Sweet Chili,1,0~1
Stockholm Väst,Coop rönninge,Monday,Pastasallad,Kyckling mangocurry,1,0~1
Stockholm Väst,Coop rönninge,Monday,Pastasallad,Ost & Skinka,1,1~1
Stockholm Väst,Coop rönninge,Tuesday,Pastasallad,Kyckling mangocurry,2,1~2
Stockholm Väst,Coop rönninge,Tuesday,Pastasallad,Ost & Skinka,2,1~2
Stockholm Väst,Coop rönninge,Tuesday,Wraps,Caesar Kyckling,1,0~1
Stockholm Väst,Coop rönninge,Wednesday,Pastasallad,Kyckling mangocurry,1,0~1
Stockholm Väst,Coop rönninge,Wednesday,Pastasallad,Ost & Skinka,1,0~1
Stockholm Väst,Coop rönninge,Thursday,Baguette,Kyckling Curry,1,0~1
Stockholm Väst,Coop rönninge,Thursday,Baguette,Ost & Skinka,1,0~1
Stockholm Väst,Coop rönninge,Thursday,Baguette,Salami & Brieost,1,0~1
Stockholm Väst,Coop rönninge,Thursday,Baguette,Skagen,1,0~1
Stockholm Väst,Coop rönninge,Thursday,Fralla,Ost,1,0~1
Stockholm Väst,Coop rönninge,Thursday,Fralla,Ost & Skinka,1,0~1
Stockholm Väst,Coop rönninge,Thursday,Hönökaka,Ost,1,1~2
Stockholm Väst,Coop rönninge,Thursday,Pastasallad,Kyckling & Salladsost,1,1~2
Stockholm Väst,Coop rönninge,Thursday,Pastasallad,Kyckling mangocurry,1,2~3
Stockholm Väst,Coop rönninge,Thursday,Pastasallad,Ost & Skinka,2,2~4
Stockholm Väst,Coop rönninge,Thursday,Pastasallad,Räkor,1,0~1
Stockholm Väst,Coop rönninge,Thursday,Sandwich,Clubsandwich,1,0~1
Stockholm Väst,Coop rönninge,Thursday,Sandwich,Kyckling Pestoröra,1,0~1
Stockholm Väst,Coop rönninge,Thursday,Sandwich,Räkor,1,1~2
Stockholm Väst,Coop rönninge,Thursday,Sandwich,Ägg & Avocadokräm,1,0~1
Stockholm Väst,Coop rönninge,Thursday,Wraps,Caesar Kyckling,1,1~2
Stockholm Väst,Coop rönninge,Thursday,Wraps,Kyckling Bacon,1,1~2
Stockholm Väst,Coop rönninge,Thursday,Wraps,Kyckling Curry,1,1~2
Stockholm Väst,Coop rönninge,Thursday,Wraps,Sweet Chili,1,1~2
Stockholm Väst,Coop rönninge,Thursday,XL Frallor,Grovfralla Kalkon & Färskost,1,0~1
Stockholm Väst,Fresha segeltorp,Sunday,Baguette,Ost & Skinka,1,0~1
Stockholm Väst,Fresha segeltorp,Sunday,Fralla,Ost,1,0~1
Stockholm Väst,Fresha segeltorp,Sunday,Fralla,Ost & Skinka,1,0~1
Stockholm Väst,Fresha segeltorp,Sunday,Hönökaka,Ost,2,2~3
Stockholm Väst,Fresha segeltorp,Sunday,Pastasallad,Kyckling kebab,2,2~3
Stockholm Väst,Fresha segeltorp,Sunday,Pastasallad,Kyckling mangocurry,2,2~3
Stockholm Väst,Fresha segeltorp,Sunday,Pastasallad,Räkor,2,2~3
Stockholm Väst,Fresha segeltorp,Sunday,Wraps,Caesar Kyckling,2,2~3
Stockholm Väst,Fresha segeltorp,Sunday,Wraps,Kyckling Curry,2,2~3
Stockholm Väst,Fresha segeltorp,Monday,Hönökaka,Ost,1,1~1
Stockholm Väst,Fresha segeltorp,Monday,Pastasallad,Kyckling kebab,1,1~1
Stockholm Väst,Fresha segeltorp,Monday,Pastasallad,Kyckling mangocurry,1,1~1
Stockholm Väst,Fresha segeltorp,Monday,Pastasallad,Räkor,1,0~1
Stockholm Väst,Fresha segeltorp,Monday,Wraps,Caesar Kyckling,1,0~1
Stockholm Väst,Fresha segeltorp,Monday,Wraps,Kyckling Curry,1,0~1
Stockholm Väst,Fresha segeltorp,Tuesday,Hönökaka,Ost,2,1~2
Stockholm Väst,Fresha segeltorp,Tuesday,Pastasallad,Kyckling kebab,2,1~2
Stockholm Väst,Fresha segeltorp,Tuesday,Pastasallad,Kyckling mangocurry,2,1~2
Stockholm Väst,Fresha segeltorp,Tuesday,Pastasallad,Räkor,2,1~2
Stockholm Väst,Fresha segeltorp,Tuesday,Wraps,Caesar Kyckling,2,1~2
Stockholm Väst,Fresha segeltorp,Tuesday,Wraps,Kyckling Curry,2,1~2
Stockholm Väst,Fresha segeltorp,Wednesday,Hönökaka,Ost,1,0~1
Stockholm Väst,Fresha segeltorp,Wednesday,Pastasallad,Kyckling kebab,1,0~1
Stockholm Väst,Fresha segeltorp,Wednesday,Pastasallad,Kyckling mangocurry,1,0~1
Stockholm Väst,Fresha segeltorp,Wednesday,Pastasallad,Räkor,1,0~1
Stockholm Väst,Fresha segeltorp,Wednesday,Wraps,Caesar Kyckling,1,0~1
Stockholm Väst,Fresha segeltorp,Wednesday,Wraps,Kyckling Curry,1,0~1
Stockholm Väst,Fresha segeltorp,Thursday,Baguette,Ost & Skinka,1,1~2
Stockholm Väst,Fresha segeltorp,Thursday,Baguette,Salami & Brieost,1,0~1
Stockholm Väst,Fresha segeltorp,Thursday,Fralla,Ost,1,1~2
Stockholm Väst,Fresha segeltorp,Thursday,Fralla,Ost & Skinka,1,1~2
Stockholm Väst,Fresha segeltorp,Thursday,Hönökaka,Ost,2,2~4
Stockholm Väst,Fresha segeltorp,Thursday,Pastasallad,Kyckling kebab,2,2~4
Stockholm Väst,Fresha segeltorp,Thursday,Pastasallad,Kyckling mangocurry,2,2~4
Stockholm Väst,Fresha segeltorp,Thursday,Pastasallad,Räkor,1,2~3
Stockholm Väst,Fresha segeltorp,Thursday,Wraps,Caesar Kyckling,1,2~3
Stockholm Väst,Fresha segeltorp,Thursday,Wraps,Kyckling Curry,1,2~3
Stockholm Väst,ICA Essingen,Sunday,Baguette,Ost & Skinka,1,0~1
Stockholm Väst,ICA Essingen,Sunday,Baguette,Salami & Brieost,1,0~1
Stockholm Väst,ICA Essingen,Sunday,Baguette,Skagen,1,1~2
Stockholm Väst,ICA Essingen,Sunday,Fralla,Ost,1,0~1
Stockholm Väst,ICA Essingen,Sunday,Fralla,Ost & Skinka,1,1~2
Stockholm Väst,ICA Essingen,Sunday,Hönökaka,Ost & Salami,1,0~1
Stockholm Väst,ICA Essingen,Sunday,Pastasallad,Kyckling & Salladsost,1,1~2
Stockholm Väst,ICA Essingen,Sunday,Pastasallad,Kyckling mangocurry,2,2~3
Stockholm Väst,ICA Essingen,Sunday,Pastasallad,Räkor,1,1~2
Stockholm Väst,ICA Essingen,Sunday,Sandwich,Bacon & Äggröra,1,1~2
Stockholm Väst,ICA Essingen,Sunday,Sandwich,Kyckling Curry,1,0~1
Stockholm Väst,ICA Essingen,Sunday,Sandwich,Räkor,1,0~1
Stockholm Väst,ICA Essingen,Sunday,Sandwich,Ägg & Avocadokräm,1,1~2
Stockholm Väst,ICA Essingen,Sunday,Wraps,Caesar Kyckling,2,2~3
Stockholm Väst,ICA Essingen,Sunday,Wraps,Kyckling Bacon,1,0~1
Stockholm Väst,ICA Essingen,Sunday,Wraps,Kyckling Curry,2,2~2
Stockholm Väst,ICA Essingen,Sunday,XL Frallor,Grovfralla Kalkon & Färskost,1,0~1
Stockholm Väst,ICA Essingen,Monday,Pastasallad,Kyckling mangocurry,1,1~1
Stockholm Väst,ICA Essingen,Monday,Wraps,Caesar Kyckling,1,0~1
Stockholm Väst,ICA Essingen,Monday,Wraps,Kyckling Curry,1,0~1
Stockholm Väst,ICA Essingen,Tuesday,Baguette,Skagen,1,0~1
Stockholm Väst,ICA Essingen,Tuesday,Fralla,Ost & Skinka,1,1~1
Stockholm Väst,ICA Essingen,Tuesday,Pastasallad,Kyckling & Salladsost,1,0~1
Stockholm Väst,ICA Essingen,Tuesday,Pastasallad,Kyckling mangocurry,2,1~2
Stockholm Väst,ICA Essingen,Tuesday,Pastasallad,Räkor,1,0~1
Stockholm Väst,ICA Essingen,Tuesday,Sandwich,Bacon & Äggröra,1,0~1
Stockholm Väst,ICA Essingen,Tuesday,Sandwich,Ägg & Avocadokräm,1,0~1
Stockholm Väst,ICA Essingen,Tuesday,Wraps,Caesar Kyckling,2,1~2
Stockholm Väst,ICA Essingen,Tuesday,Wraps,Kyckling Curry,1,1~2
Stockholm Väst,ICA Essingen,Wednesday,Pastasallad,Kyckling mangocurry,1,0~1
Stockholm Väst,ICA Essingen,Wednesday,Wraps,Caesar Kyckling,1,0~1
Stockholm Väst,ICA Essingen,Thursday,Baguette,Ost & Skinka,1,1~2
Stockholm Väst,ICA Essingen,Thursday,Baguette,Salami & Brieost,1,1~2
Stockholm Väst,ICA Essingen,Thursday,Baguette,Skagen,1,1~2
Stockholm Väst,ICA Essingen,Thursday,Fralla,Ost,1,1~2
Stockholm Väst,ICA Essingen,Thursday,Fralla,Ost & Skinka,2,1~2
Stockholm Väst,ICA Essingen,Thursday,Grönsallad,Caesarsallad,1,0~1
Stockholm Väst,ICA Essingen,Thursday,Hönökaka,Ost,1,0~1
Stockholm Väst,ICA Essingen,Thursday,Hönökaka,Ost & Salami,1,1~2
Stockholm Väst,ICA Essingen,Thursday,Hönökaka,Ost & Skinka,1,0~1
Stockholm Väst,ICA Essingen,Thursday,Pastasallad,Kyckling & Salladsost,1,1~2
Stockholm Väst,ICA Essingen,Thursday,Pastasallad,Kyckling mangocurry,2,2~4
Stockholm Väst,ICA Essingen,Thursday,Pastasallad,Räkor,1,1~2
Stockholm Väst,ICA Essingen,Thursday,Sandwich,Bacon & Äggröra,1,1~2
Stockholm Väst,ICA Essingen,Thursday,Sandwich,Clubsandwich,1,0~1
Stockholm Väst,ICA Essingen,Thursday,Sandwich,Kyckling Curry,1,1~2
Stockholm Väst,ICA Essingen,Thursday,Sandwich,Räkor,1,1~2
Stockholm Väst,ICA Essingen,Thursday,Sandwich,Ägg & Avocadokräm,1,1~2
Stockholm Väst,ICA Essingen,Thursday,Varmrätt,Cevapcici med bulgur,1,0~1
Stockholm Väst,ICA Essingen,Thursday,Varmrätt,Falafel med bulgur,1,0~1
Stockholm Väst,ICA Essingen,Thursday,Varmrätt,Kyckling-och böngryta,1,0~1
Stockholm Väst,ICA Essingen,Thursday,Varmrätt,Kycklingpestosallad,1,0~1
Stockholm Väst,ICA Essingen,Thursday,Varmrätt,Pannbiff med Basmatiris,1,0~1
Stockholm Väst,ICA Essingen,Thursday,Varmrätt,Tacobolognese med fullkornspasta,1,0~1
Stockholm Väst,ICA Essingen,Thursday,Varmrätt,Teriyakikycklingfile med basmatiris,1,0~1
Stockholm Väst,ICA Essingen,Thursday,Wraps,Caesar Kyckling,1,2~3
Stockholm Väst,ICA Essingen,Thursday,Wraps,Kyckling Bacon,1,1~2
Stockholm Väst,ICA Essingen,Thursday,Wraps,Kyckling Curry,2,2~2
Stockholm Väst,ICA Essingen,Thursday,Wraps,Sweet Chili,1,0~1
Stockholm Väst,ICA Essingen,Thursday,XL Frallor,Grovfralla Kalkon & Färskost,1,1~2
Stockholm Väst,ICA Essingen,Thursday,XL Frallor,Ost,1,0~1
Stockholm Väst,ICA Essingen,Thursday,XL Frallor,Ost & Skinka,1,0~1
Stockholm Väst,ICA Supermarket solbo,Sunday,Baguette,Ost & Skinka,1,0~1
Stockholm Väst,ICA Supermarket solbo,Sunday,Baguette,Salami & Brieost,1,0~1
Stockholm Väst,ICA Supermarket solbo,Sunday,Baguette,Skagen,1,0~1
Stockholm Väst,ICA Supermarket solbo,Sunday,Fralla,Ost,1,0~1
Stockholm Väst,ICA Supermarket solbo,Sunday,Fralla,Ost & Skinka,1,0~1
Stockholm Väst,ICA Supermarket solbo,Sunday,Hönökaka,Ost & Skinka,1,0~1
Stockholm Väst,ICA Supermarket solbo,Sunday,Pastasallad,Kyckling & Salladsost,1,0~1
Stockholm Väst,ICA Supermarket solbo,Sunday,Pastasallad,Kyckling mangocurry,1,0~1
Stockholm Väst,ICA Supermarket solbo,Sunday,Pastasallad,Räkor,1,0~1
Stockholm Väst,ICA Supermarket solbo,Sunday,Varmrätt,Kycklingkebab med bulgur,1,0~1
Stockholm Väst,ICA Supermarket solbo,Sunday,Varmrätt,Kycklingpestosallad,1,0~1
Stockholm Väst,ICA Supermarket solbo,Sunday,Varmrätt,Kycklingspett med ris,1,0~1
Stockholm Väst,ICA Supermarket solbo,Sunday,Wraps,Caesar Kyckling,1,0~1
Stockholm Väst,ICA Supermarket solbo,Sunday,Wraps,Kyckling Bacon,1,0~1
Stockholm Väst,ICA Supermarket solbo,Sunday,Wraps,Kyckling Curry,1,0~1
Stockholm Väst,ICA Supermarket solbo,Thursday,Baguette,Ost & Skinka,1,1~2
Stockholm Väst,ICA Supermarket solbo,Thursday,Baguette,Salami & Brieost,1,1~2
Stockholm Väst,ICA Supermarket solbo,Thursday,Baguette,Skagen,1,1~2
Stockholm Väst,ICA Supermarket solbo,Thursday,Fralla,Ost,1,1~2
Stockholm Väst,ICA Supermarket solbo,Thursday,Fralla,Ost & Skinka,1,1~2
Stockholm Väst,ICA Supermarket solbo,Thursday,Hönökaka,Ost,1,0~1
Stockholm Väst,ICA Supermarket solbo,Thursday,Hönökaka,Ost & Skinka,1,1~2
Stockholm Väst,ICA Supermarket solbo,Thursday,Pastasallad,Kyckling & Salladsost,1,1~2
Stockholm Väst,ICA Supermarket solbo,Thursday,Pastasallad,Kyckling mangocurry,1,1~2
Stockholm Väst,ICA Supermarket solbo,Thursday,Pastasallad,Räkor,1,1~2
Stockholm Väst,ICA Supermarket solbo,Thursday,Sandwich,Ägg & Avocadokräm,1,0~1
Stockholm Väst,ICA Supermarket solbo,Thursday,Varmrätt,Cevapcici med bulgur,1,0~1
Stockholm Väst,ICA Supermarket solbo,Thursday,Varmrätt,Kycklingkebab med bulgur,1,1~2
Stockholm Väst,ICA Supermarket solbo,Thursday,Varmrätt,Kycklingpestosallad,1,1~2
Stockholm Väst,ICA Supermarket solbo,Thursday,Varmrätt,Kycklingspett med ris,1,1~2
Stockholm Väst,ICA Supermarket solbo,Thursday,Wraps,Caesar Kyckling,1,1~2
Stockholm Väst,ICA Supermarket solbo,Thursday,Wraps,Kyckling Bacon,1,1~2
Stockholm Väst,ICA Supermarket solbo,Thursday,Wraps,Kyckling Curry,1,1~2
Stockholm Väst,ICA nära Vårby gård,Sunday,Baguette,Skagen,1,0~1
Stockholm Väst,ICA nära Vårby gård,Sunday,Fralla,Ost,1,0~1
Stockholm Väst,ICA nära Vårby gård,Sunday,Fralla,Ost & Skinka,1,0~1
Stockholm Väst,ICA nära Vårby gård,Sunday,Hönökaka,Ost,1,1~2
Stockholm Väst,ICA nära Vårby gård,Sunday,Pastasallad,Kyckling & Salladsost,2,2~3
Stockholm Väst,ICA nära Vårby gård,Sunday,Pastasallad,Kyckling kebab,1,1~2
Stockholm Väst,ICA nära Vårby gård,Sunday,Pastasallad,Kyckling mangocurry,2,2~3
Stockholm Väst,ICA nära Vårby gård,Sunday,Varmrätt,Kycklingspett med ris,1,0~1
Stockholm Väst,ICA nära Vårby gård,Sunday,Wraps,Caesar Kyckling,1,1~2
Stockholm Väst,ICA nära Vårby gård,Sunday,Wraps,Kyckling Bacon,1,0~1
Stockholm Väst,ICA nära Vårby gård,Sunday,Wraps,Kyckling Curry,1,0~1
Stockholm Väst,ICA nära Vårby gård,Monday,Pastasallad,Kyckling & Salladsost,1,0~1
Stockholm Väst,ICA nära Vårby gård,Monday,Pastasallad,Kyckling mangocurry,1,0~1
Stockholm Väst,ICA nära Vårby gård,Tuesday,Hönökaka,Ost,1,0~1
Stockholm Väst,ICA nära Vårby gård,Tuesday,Pastasallad,Kyckling & Salladsost,2,1~2
Stockholm Väst,ICA nära Vårby gård,Tuesday,Pastasallad,Kyckling kebab,1,0~1
Stockholm Väst,ICA nära Vårby gård,Tuesday,Pastasallad,Kyckling mangocurry,2,1~2
Stockholm Väst,ICA nära Vårby gård,Tuesday,Wraps,Caesar Kyckling,1,0~1
Stockholm Väst,ICA nära Vårby gård,Wednesday,Pastasallad,Kyckling & Salladsost,1,0~1
Stockholm Väst,ICA nära Vårby gård,Wednesday,Pastasallad,Kyckling mangocurry,1,0~1
Stockholm Väst,ICA nära Vårby gård,Thursday,Baguette,Kyckling Curry,1,0~1
Stockholm Väst,ICA nära Vårby gård,Thursday,Baguette,Ost & Skinka,1,0~1
Stockholm Väst,ICA nära Vårby gård,Thursday,Baguette,Salami & Brieost,1,0~1
Stockholm Väst,ICA nära Vårby gård,Thursday,Baguette,Skagen,1,1~2
Stockholm Väst,ICA nära Vårby gård,Thursday,Fralla,Ost,1,1~2
Stockholm Väst,ICA nära Vårby gård,Thursday,Fralla,Ost & Skinka,1,1~2
Stockholm Väst,ICA nära Vårby gård,Thursday,Grönsallad,Caesarsallad,1,0~1
Stockholm Väst,ICA nära Vårby gård,Thursday,Hönökaka,Ost,1,1~2
Stockholm Väst,ICA nära Vårby gård,Thursday,Pastasallad,Kyckling & Salladsost,1,2~3
Stockholm Väst,ICA nära Vårby gård,Thursday,Pastasallad,Kyckling kebab,1,1~2
Stockholm Väst,ICA nära Vårby gård,Thursday,Pastasallad,Kyckling mangocurry,1,2~3
Stockholm Väst,ICA nära Vårby gård,Thursday,Pastasallad,Räkor,1,0~1
Stockholm Väst,ICA nära Vårby gård,Thursday,Sandwich,Kyckling Pestoröra,1,0~1
Stockholm Väst,ICA nära Vårby gård,Thursday,Sandwich,Räkor,1,0~1
Stockholm Väst,ICA nära Vårby gård,Thursday,Sandwich,Ägg & Avocadokräm,1,0~1
Stockholm Väst,ICA nära Vårby gård,Thursday,Varmrätt,Kycklingspett med ris,1,1~2
Stockholm Väst,ICA nära Vårby gård,Thursday,Wraps,Caesar Kyckling,1,1~2
Stockholm Väst,ICA nära Vårby gård,Thursday,Wraps,Kyckling Bacon,1,1~2
Stockholm Väst,ICA nära Vårby gård,Thursday,Wraps,Kyckling Curry,1,1~2
Stockholm Väst,ICA nära Vårby gård,Thursday,Wraps,Sweet Chili,1,0~1
Stockholm Väst,ICA nära Vårby gård,Thursday,XL Frallor,Grovfralla Kalkon & Färskost,1,0~1
Stockholm Väst,Prisma Skärholmen,Sunday,Baguette,Kyckling Curry,1,0~1
Stockholm Väst,Prisma Skärholmen,Sunday,Fralla,Ost,1,1~2
Stockholm Väst,Prisma Skärholmen,Sunday,Hönökaka,Ost,1,1~2
Stockholm Väst,Prisma Skärholmen,Sunday,Pastasallad,Kyckling & Salladsost,1,1~2
Stockholm Väst,Prisma Skärholmen,Sunday,Pastasallad,Kyckling mangocurry,1,1~2
Stockholm Väst,Prisma Skärholmen,Sunday,Pastasallad,Räkor,1,0~1
Stockholm Väst,Prisma Skärholmen,Sunday,Wraps,Caesar Kyckling,1,0~1
Stockholm Väst,Prisma Skärholmen,Sunday,Wraps,Sweet Chili,1,0~1
Stockholm Väst,Prisma Skärholmen,Sunday,XL Frallor,Grovfralla Kalkon & Färskost,1,0~1
Stockholm Väst,Prisma Skärholmen,Tuesday,Fralla,Ost,1,0~1
Stockholm Väst,Prisma Skärholmen,Tuesday,Hönökaka,Ost,1,0~1
Stockholm Väst,Prisma Skärholmen,Tuesday,Pastasallad,Kyckling & Salladsost,1,0~1
Stockholm Väst,Prisma Skärholmen,Tuesday,Pastasallad,Kyckling mangocurry,1,0~1
Stockholm Väst,Prisma Skärholmen,Thursday,Baguette,Kyckling Curry,1,1~2
Stockholm Väst,Prisma Skärholmen,Thursday,Baguette,Kyckling Sweet Chili,1,0~1
Stockholm Väst,Prisma Skärholmen,Thursday,Fralla,Ost,1,1~2
Stockholm Väst,Prisma Skärholmen,Thursday,Hönökaka,Ost,1,1~2
Stockholm Väst,Prisma Skärholmen,Thursday,Pastasallad,Kyckling & Salladsost,1,1~2
Stockholm Väst,Prisma Skärholmen,Thursday,Pastasallad,Kyckling mangocurry,1,1~2
Stockholm Väst,Prisma Skärholmen,Thursday,Pastasallad,Räkor,1,1~2
Stockholm Väst,Prisma Skärholmen,Thursday,Sandwich,Kyckling Pestoröra,1,0~1
Stockholm Väst,Prisma Skärholmen,Thursday,Sandwich,Ägg & Avocadokräm,1,0~1
Stockholm Väst,Prisma Skärholmen,Thursday,Wraps,Caesar Kyckling,1,1~2
Stockholm Väst,Prisma Skärholmen,Thursday,Wraps,Sweet Chili,1,1~2
Stockholm Väst,Prisma Skärholmen,Thursday,XL Frallor,Grovfralla Kalkon & Färskost,1,1~2
Stockholm Väst,Supergrossen Hallunda,Sunday,Baguette,Ost & Skinka,1,0~1
Stockholm Väst,Supergrossen Hallunda,Sunday,Fralla,Ost & Skinka,1,0~1
Stockholm Väst,Supergrossen Hallunda,Sunday,Hönökaka,Ost,1,0~1
Stockholm Väst,Supergrossen Hallunda,Sunday,Hönökaka,Ost & Salami,1,0~1
Stockholm Väst,Supergrossen Hallunda,Sunday,Pastasallad,Kyckling & Salladsost,1,0~1
Stockholm Väst,Supergrossen Hallunda,Sunday,Pastasallad,Kyckling kebab,1,0~1
Stockholm Väst,Supergrossen Hallunda,Sunday,Pastasallad,Kyckling mangocurry,1,0~1
Stockholm Väst,Supergrossen Hallunda,Sunday,Pastasallad,Räkor,1,0~1
Stockholm Väst,Supergrossen Hallunda,Sunday,Sandwich,Ägg & Avocadokräm,1,0~1
Stockholm Väst,Supergrossen Hallunda,Sunday,Wraps,Caesar Kyckling,1,0~1
Stockholm Väst,Supergrossen Hallunda,Sunday,Wraps,Kyckling Bacon,1,0~1
Stockholm Väst,Supergrossen Hallunda,Sunday,Wraps,Kyckling Curry,1,0~1
Stockholm Väst,Supergrossen Hallunda,Sunday,Wraps,Sweet Chili,1,0~1
Stockholm Väst,Supergrossen Hallunda,Thursday,Baguette,Kyckling Curry,1,0~1
Stockholm Väst,Supergrossen Hallunda,Thursday,Baguette,Ost & Skinka,1,1~2
Stockholm Väst,Supergrossen Hallunda,Thursday,Baguette,Salami & Brieost,1,0~1
Stockholm Väst,Supergrossen Hallunda,Thursday,Baguette,Skagen,1,0~1
Stockholm Väst,Supergrossen Hallunda,Thursday,Fralla,Ost,1,0~1
Stockholm Väst,Supergrossen Hallunda,Thursday,Fralla,Ost & Skinka,1,1~2
Stockholm Väst,Supergrossen Hallunda,Thursday,Hönökaka,Ost,1,1~2
Stockholm Väst,Supergrossen Hallunda,Thursday,Hönökaka,Ost & Salami,1,1~2
Stockholm Väst,Supergrossen Hallunda,Thursday,Hönökaka,Ost & Skinka,1,0~1
Stockholm Väst,Supergrossen Hallunda,Thursday,Pastasallad,Kyckling & Salladsost,1,1~2
Stockholm Väst,Supergrossen Hallunda,Thursday,Pastasallad,Kyckling kebab,1,1~2
Stockholm Väst,Supergrossen Hallunda,Thursday,Pastasallad,Kyckling mangocurry,1,1~2
Stockholm Väst,Supergrossen Hallunda,Thursday,Pastasallad,Räkor,1,1~2
Stockholm Väst,Supergrossen Hallunda,Thursday,Sandwich,Clubsandwich,1,0~1
Stockholm Väst,Supergrossen Hallunda,Thursday,Sandwich,Ägg & Avocadokräm,1,1~2
Stockholm Väst,Supergrossen Hallunda,Thursday,Wraps,Caesar Kyckling,1,1~2
Stockholm Väst,Supergrossen Hallunda,Thursday,Wraps,Kyckling Bacon,1,1~2
Stockholm Väst,Supergrossen Hallunda,Thursday,Wraps,Kyckling Curry,1,1~2
Stockholm Väst,Supergrossen Hallunda,Thursday,Wraps,Sweet Chili,1,1~2
Stockholm Väst,Supergrossen Hallunda,Thursday,XL Frallor,Grovfralla Kalkon & Färskost,1,0~1
Stockholm Väst,Vivo ellbe,Sunday,Baguette,Ost & Skinka,1,0~1
Stockholm Väst,Vivo ellbe,Sunday,Baguette,Salami & Brieost,1,0~1
Stockholm Väst,Vivo ellbe,Sunday,Baguette,Skagen,1,0~1
Stockholm Väst,Vivo ellbe,Sunday,Fralla,Ost,1,0~1
Stockholm Väst,Vivo ellbe,Sunday,Fralla,Ost & Skinka,1,1~2
Stockholm Väst,Vivo ellbe,Sunday,Hönökaka,Ost,1,0~1
Stockholm Väst,Vivo ellbe,Sunday,Pastasallad,Kyckling & Salladsost,4,3~5
Stockholm Väst,Vivo ellbe,Sunday,Pastasallad,Kyckling kebab,2,2~3
Stockholm Väst,Vivo ellbe,Sunday,Pastasallad,Kyckling mangocurry,4,3~5
Stockholm Väst,Vivo ellbe,Sunday,Pastasallad,Ost & Skinka,2,2~3
Stockholm Väst,Vivo ellbe,Sunday,Pastasallad,Räkor,3,2~4
Stockholm Väst,Vivo ellbe,Sunday,Räkstubbe,Räkstubbe,1,1~2
Stockholm Väst,Vivo ellbe,Sunday,Sandwich,Clubsandwich,1,0~1
Stockholm Väst,Vivo ellbe,Sunday,Sandwich,Räkor,1,0~1
Stockholm Väst,Vivo ellbe,Sunday,Varmrätt,Pannbiff med Basmatiris,1,0~1
Stockholm Väst,Vivo ellbe,Sunday,Wraps,Caesar Kyckling,1,0~1
Stockholm Väst,Vivo ellbe,Sunday,Wraps,Kyckling Bacon,1,1~2
Stockholm Väst,Vivo ellbe,Sunday,Wraps,Kyckling Curry,1,0~1
Stockholm Väst,Vivo ellbe,Sunday,Wraps,Sweet Chili,1,0~1
Stockholm Väst,Vivo ellbe,Monday,Pastasallad,Kyckling & Salladsost,1,1~2
Stockholm Väst,Vivo ellbe,Monday,Pastasallad,Kyckling kebab,1,0~1
Stockholm Väst,Vivo ellbe,Monday,Pastasallad,Kyckling mangocurry,1,1~2
Stockholm Väst,Vivo ellbe,Monday,Pastasallad,Ost & Skinka,1,1~1
Stockholm Väst,Vivo ellbe,Monday,Pastasallad,Räkor,1,1~1
Stockholm Väst,Vivo ellbe,Tuesday,Fralla,Ost & Skinka,1,0~1
Stockholm Väst,Vivo ellbe,Tuesday,Pastasallad,Kyckling & Salladsost,3,2~4
Stockholm Väst,Vivo ellbe,Tuesday,Pastasallad,Kyckling kebab,2,1~2
Stockholm Väst,Vivo ellbe,Tuesday,Pastasallad,Kyckling mangocurry,3,2~4
Stockholm Väst,Vivo ellbe,Tuesday,Pastasallad,Ost & Skinka,2,1~2
Stockholm Väst,Vivo ellbe,Tuesday,Pastasallad,Räkor,2,2~3
Stockholm Väst,Vivo ellbe,Tuesday,Räkstubbe,Räkstubbe,1,0~1
Stockholm Väst,Vivo ellbe,Tuesday,Wraps,Kyckling Bacon,1,0~1
Stockholm Väst,Vivo ellbe,Wednesday,Pastasallad,Kyckling & Salladsost,1,1~1
Stockholm Väst,Vivo ellbe,Wednesday,Pastasallad,Kyckling kebab,1,0~1
Stockholm Väst,Vivo ellbe,Wednesday,Pastasallad,Kyckling mangocurry,1,1~1
Stockholm Väst,Vivo ellbe,Wednesday,Pastasallad,Ost & Skinka,1,0~1
Stockholm Väst,Vivo ellbe,Wednesday,Pastasallad,Räkor,1,1~1
Stockholm Väst,Vivo ellbe,Thursday,Baguette,Kyckling Curry,1,0~1
Stockholm Väst,Vivo ellbe,Thursday,Baguette,Ost & Skinka,1,1~2
Stockholm Väst,Vivo ellbe,Thursday,Baguette,Salami & Brieost,1,1~2
Stockholm Väst,Vivo ellbe,Thursday,Baguette,Skagen,1,1~2
Stockholm Väst,Vivo ellbe,Thursday,Fralla,Ost,1,1~2
Stockholm Väst,Vivo ellbe,Thursday,Fralla,Ost & Skinka,1,1~2
Stockholm Väst,Vivo ellbe,Thursday,Hönökaka,Ost,1,1~2
Stockholm Väst,Vivo ellbe,Thursday,Hönökaka,Ost & Salami,1,0~1
Stockholm Väst,Vivo ellbe,Thursday,Pastasallad,Kyckling & Salladsost,4,4~4
Stockholm Väst,Vivo ellbe,Thursday,Pastasallad,Kyckling kebab,1,2~3
Stockholm Väst,Vivo ellbe,Thursday,Pastasallad,Kyckling mangocurry,5,4~6
Stockholm Väst,Vivo ellbe,Thursday,Pastasallad,Ost & Skinka,2,2~4
Stockholm Väst,Vivo ellbe,Thursday,Pastasallad,Räkor,2,1~3
Stockholm Väst,Vivo ellbe,Thursday,Räkstubbe,Räkstubbe,1,1~2
Stockholm Väst,Vivo ellbe,Thursday,Sandwich,Clubsandwich,1,1~2
Stockholm Väst,Vivo ellbe,Thursday,Sandwich,Räkor,1,1~2
Stockholm Väst,Vivo ellbe,Thursday,Sandwich,Ägg & Avocadokräm,1,0~1
Stockholm Väst,Vivo ellbe,Thursday,Varmrätt,Cevapcici med bulgur,1,0~1
Stockholm Väst,Vivo ellbe,Thursday,Varmrätt,Kycklingkebab med bulgur,1,0~1
Stockholm Väst,Vivo ellbe,Thursday,Varmrätt,Kycklingspett med ris,1,0~1
Stockholm Väst,Vivo ellbe,Thursday,Varmrätt,Pannbiff med Basmatiris,1,1~2
Stockholm Väst,Vivo ellbe,Thursday,Wraps,Caesar Kyckling,1,1~2
Stockholm Väst,Vivo ellbe,Thursday,Wraps,Kyckling Bacon,1,1~2
Stockholm Väst,Vivo ellbe,Thursday,Wraps,Kyckling Curry,1,1~2
Stockholm Väst,Vivo ellbe,Thursday,Wraps,Sweet Chili,1,1~2
Stockholm Väst,Vivo ellbe,Thursday,XL Frallor,Grovfralla Kalkon & Färskost,1,0~1
Stockholm Väst,X-tra Aspudden,Sunday,Baguette,Salami & Brieost,1,0~1
Stockholm Väst,X-tra Aspudden,Sunday,Baguette,Skagen,1,0~1
Stockholm Väst,X-tra Aspudden,Sunday,Fralla,Ost,2,2~3
Stockholm Väst,X-tra Aspudden,Sunday,Fralla,Ost & Skinka,2,2~3
Stockholm Väst,X-tra Aspudden,Sunday,Hönökaka,Ost & Skinka,2,2~3
Stockholm Väst,X-tra Aspudden,Sunday,Pastasallad,Kyckling mangocurry,1,0~1
Stockholm Väst,X-tra Aspudden,Sunday,Pastasallad,Räkor,1,0~1
Stockholm Väst,X-tra Aspudden,Sunday,Wraps,Caesar Kyckling,1,0~1
Stockholm Väst,X-tra Aspudden,Sunday,Wraps,Kyckling Bacon,1,0~1
Stockholm Väst,X-tra Aspudden,Sunday,Wraps,Kyckling Curry,1,0~1
Stockholm Väst,X-tra Aspudden,Monday,Fralla,Ost,1,0~1
Stockholm Väst,X-tra Aspudden,Monday,Fralla,Ost & Skinka,1,1~1
Stockholm Väst,X-tra Aspudden,Monday,Hönökaka,Ost & Skinka,1,1~1
Stockholm Väst,X-tra Aspudden,Tuesday,Fralla,Ost,2,1~2
Stockholm Väst,X-tra Aspudden,Tuesday,Fralla,Ost & Skinka,2,1~2
Stockholm Väst,X-tra Aspudden,Tuesday,Hönökaka,Ost & Skinka,2,1~2
Stockholm Väst,X-tra Aspudden,Wednesday,Fralla,Ost,1,0~1
Stockholm Väst,X-tra Aspudden,Wednesday,Fralla,Ost & Skinka,1,0~1
Stockholm Väst,X-tra Aspudden,Wednesday,Hönökaka,Ost & Skinka,1,0~1
Stockholm Väst,X-tra Aspudden,Thursday,Baguette,Kyckling Curry,1,0~1
Stockholm Väst,X-tra Aspudden,Thursday,Baguette,Ost & Skinka,1,0~1
Stockholm Väst,X-tra Aspudden,Thursday,Baguette,Salami & Brieost,1,1~2
Stockholm Väst,X-tra Aspudden,Thursday,Baguette,Skagen,1,1~2
Stockholm Väst,X-tra Aspudden,Thursday,Fralla,Ost,1,2~3
Stockholm Väst,X-tra Aspudden,Thursday,Fralla,Ost & Skinka,2,2~4
Stockholm Väst,X-tra Aspudden,Thursday,Hönökaka,Ost & Skinka,2,2~4
Stockholm Väst,X-tra Aspudden,Thursday,Pastasallad,Kyckling kebab,1,0~1
Stockholm Väst,X-tra Aspudden,Thursday,Pastasallad,Kyckling mangocurry,1,1~2
Stockholm Väst,X-tra Aspudden,Thursday,Pastasallad,Räkor,1,1~2
Stockholm Väst,X-tra Aspudden,Thursday,Varmrätt,Cevapcici med bulgur,1,0~1
Stockholm Väst,X-tra Aspudden,Thursday,Varmrätt,Kycklingspett med ris,1,0~1
Stockholm Väst,X-tra Aspudden,Thursday,Wraps,Caesar Kyckling,1,1~2
Stockholm Väst,X-tra Aspudden,Thursday,Wraps,Kyckling Bacon,1,1~2
Stockholm Väst,X-tra Aspudden,Thursday,Wraps,Kyckling Curry,1,1~2
Stockholm Xtra,Coop Erik Dahlbersgatan,Sunday,Fralla,Ost & Skinka,1,1~2
Stockholm Xtra,Coop Erik Dahlbersgatan,Sunday,Hönökaka,Ost,1,0~1
Stockholm Xtra,Coop Erik Dahlbersgatan,Sunday,Hönökaka,Ost & Salami,1,1~2
Stockholm Xtra,Coop Erik Dahlbersgatan,Sunday,Hönökaka,Ost & Skinka,1,0~1
Stockholm Xtra,Coop Erik Dahlbersgatan,Sunday,Pastasallad,Kyckling & Salladsost,1,0~1
Stockholm Xtra,Coop Erik Dahlbersgatan,Sunday,Pastasallad,Kyckling kebab,1,0~1
Stockholm Xtra,Coop Erik Dahlbersgatan,Sunday,Pastasallad,Kyckling mangocurry,1,1~2
Stockholm Xtra,Coop Erik Dahlbersgatan,Sunday,Pastasallad,Ost & Skinka,1,0~1
Stockholm Xtra,Coop Erik Dahlbersgatan,Sunday,Pastasallad,Räkor,1,0~1
Stockholm Xtra,Coop Erik Dahlbersgatan,Sunday,Sandwich,Räkor,1,0~1
Stockholm Xtra,Coop Erik Dahlbersgatan,Sunday,Wraps,Caesar Kyckling,1,1~2
Stockholm Xtra,Coop Erik Dahlbersgatan,Sunday,Wraps,Kyckling Bacon,1,1~2
Stockholm Xtra,Coop Erik Dahlbersgatan,Sunday,Wraps,Kyckling Curry,2,2~3
Stockholm Xtra,Coop Erik Dahlbersgatan,Sunday,Wraps,Sweet Chili,1,0~1
Stockholm Xtra,Coop Erik Dahlbersgatan,Sunday,XL Frallor,Grovfralla Kalkon & Färskost,1,0~1
Stockholm Xtra,Coop Erik Dahlbersgatan,Monday,Wraps,Kyckling Curry,1,0~1
Stockholm Xtra,Coop Erik Dahlbersgatan,Tuesday,Fralla,Ost & Skinka,1,0~1
Stockholm Xtra,Coop Erik Dahlbersgatan,Tuesday,Hönökaka,Ost & Salami,1,0~1
Stockholm Xtra,Coop Erik Dahlbersgatan,Tuesday,Pastasallad,Kyckling mangocurry,1,0~1
Stockholm Xtra,Coop Erik Dahlbersgatan,Tuesday,Wraps,Caesar Kyckling,1,0~1
Stockholm Xtra,Coop Erik Dahlbersgatan,Tuesday,Wraps,Kyckling Bacon,1,0~1
Stockholm Xtra,Coop Erik Dahlbersgatan,Tuesday,Wraps,Kyckling Curry,2,1~2
Stockholm Xtra,Coop Erik Dahlbersgatan,Wednesday,Wraps,Kyckling Curry,1,0~1
Stockholm Xtra,Coop Erik Dahlbersgatan,Thursday,Baguette,Kyckling Curry,1,0~1
Stockholm Xtra,Coop Erik Dahlbersgatan,Thursday,Baguette,Ost & Skinka,1,0~1
Stockholm Xtra,Coop Erik Dahlbersgatan,Thursday,Baguette,Salami & Brieost,1,0~1
Stockholm Xtra,Coop Erik Dahlbersgatan,Thursday,Baguette,Skagen,1,0~1
Stockholm Xtra,Coop Erik Dahlbersgatan,Thursday,Fralla,Ost,1,0~1
Stockholm Xtra,Coop Erik Dahlbersgatan,Thursday,Fralla,Ost & Skinka,1,1~2
Stockholm Xtra,Coop Erik Dahlbersgatan,Thursday,Hönökaka,Ost,1,1~2
Stockholm Xtra,Coop Erik Dahlbersgatan,Thursday,Hönökaka,Ost & Salami,1,1~2
Stockholm Xtra,Coop Erik Dahlbersgatan,Thursday,Hönökaka,Ost & Skinka,1,1~2
Stockholm Xtra,Coop Erik Dahlbersgatan,Thursday,Pastasallad,Falafel,1,0~1
Stockholm Xtra,Coop Erik Dahlbersgatan,Thursday,Pastasallad,Kyckling & Salladsost,1,1~2
Stockholm Xtra,Coop Erik Dahlbersgatan,Thursday,Pastasallad,Kyckling kebab,1,1~2
Stockholm Xtra,Coop Erik Dahlbersgatan,Thursday,Pastasallad,Kyckling mangocurry,1,1~2
Stockholm Xtra,Coop Erik Dahlbersgatan,Thursday,Pastasallad,Ost & Skinka,1,1~2
Stockholm Xtra,Coop Erik Dahlbersgatan,Thursday,Pastasallad,Räkor,1,1~2
Stockholm Xtra,Coop Erik Dahlbersgatan,Thursday,Sandwich,Bacon & Äggröra,1,0~1
Stockholm Xtra,Coop Erik Dahlbersgatan,Thursday,Sandwich,Clubsandwich,1,0~1
Stockholm Xtra,Coop Erik Dahlbersgatan,Thursday,Sandwich,Kyckling Curry,1,0~1
Stockholm Xtra,Coop Erik Dahlbersgatan,Thursday,Sandwich,Kyckling Pestoröra,1,0~1
Stockholm Xtra,Coop Erik Dahlbersgatan,Thursday,Sandwich,Räkor,1,1~2
Stockholm Xtra,Coop Erik Dahlbersgatan,Thursday,Sandwich,Ägg & Avocadokräm,1,0~1
Stockholm Xtra,Coop Erik Dahlbersgatan,Thursday,Varmrätt,Cevapcici med bulgur,1,0~1
Stockholm Xtra,Coop Erik Dahlbersgatan,Thursday,Varmrätt,Kycklingpestosallad,1,0~1
Stockholm Xtra,Coop Erik Dahlbersgatan,Thursday,Varmrätt,Kycklingspett med ris,1,0~1
Stockholm Xtra,Coop Erik Dahlbersgatan,Thursday,Varmrätt,Teriyakibiff med ris,1,0~1
Stockholm Xtra,Coop Erik Dahlbersgatan,Thursday,Varmrätt,Teriyakikycklingfile med basmatiris,1,0~1
Stockholm Xtra,Coop Erik Dahlbersgatan,Thursday,Wraps,Caesar Kyckling,1,1~2
Stockholm Xtra,Coop Erik Dahlbersgatan,Thursday,Wraps,Kyckling Bacon,1,1~2
Stockholm Xtra,Coop Erik Dahlbersgatan,Thursday,Wraps,Kyckling Curry,1,2~3
Stockholm Xtra,Coop Erik Dahlbersgatan,Thursday,Wraps,Sweet Chili,1,1~2
Stockholm Xtra,Coop Erik Dahlbersgatan,Thursday,XL Frallor,Grovfralla Kalkon & Färskost,1,1~2
Stockholm Xtra,Coop Garnisonen,Sunday,Baguette,Ost & Skinka,1,0~1
Stockholm Xtra,Coop Garnisonen,Sunday,Baguette,Salami & Brieost,1,1~2
Stockholm Xtra,Coop Garnisonen,Sunday,Baguette,Skagen,1,0~1
Stockholm Xtra,Coop Garnisonen,Sunday,Fralla,Ost,1,1~2
Stockholm Xtra,Coop Garnisonen,Sunday,Fralla,Ost & Skinka,3,3~4
Stockholm Xtra,Coop Garnisonen,Sunday,Hönökaka,Ost,4,3~5
Stockholm Xtra,Coop Garnisonen,Sunday,Hönökaka,Ost & Skinka,4,3~5
Stockholm Xtra,Coop Garnisonen,Sunday,Pastasallad,Bacon & Kyckling,1,0~1
Stockholm Xtra,Coop Garnisonen,Sunday,Pastasallad,Kyckling & Salladsost,1,1~2
Stockholm Xtra,Coop Garnisonen,Sunday,Pastasallad,Kyckling mangocurry,2,2~3
Stockholm Xtra,Coop Garnisonen,Sunday,Pastasallad,Ost & Skinka,1,0~1
Stockholm Xtra,Coop Garnisonen,Sunday,Sandwich,Bacon & Äggröra,1,0~1
Stockholm Xtra,Coop Garnisonen,Sunday,Sandwich,Clubsandwich,1,0~1
Stockholm Xtra,Coop Garnisonen,Sunday,Sandwich,Kyckling Pestoröra,1,0~1
Stockholm Xtra,Coop Garnisonen,Sunday,Sandwich,Räkor,1,1~2
Stockholm Xtra,Coop Garnisonen,Sunday,Wraps,Caesar Kyckling,1,1~2
Stockholm Xtra,Coop Garnisonen,Sunday,Wraps,Kyckling Bacon,3,2~4
Stockholm Xtra,Coop Garnisonen,Sunday,Wraps,Kyckling Curry,3,2~4
Stockholm Xtra,Coop Garnisonen,Sunday,Wraps,Sweet Chili,1,1~2
Stockholm Xtra,Coop Garnisonen,Sunday,XL Frallor,Grovfralla Kalkon & Färskost,1,0~1
Stockholm Xtra,Coop Garnisonen,Sunday,XL Frallor,Ost,1,0~1
Stockholm Xtra,Coop Garnisonen,Sunday,XL Frallor,Ost & Skinka,1,1~2
Stockholm Xtra,Coop Garnisonen,Monday,Fralla,Ost & Skinka,1,1~1
Stockholm Xtra,Coop Garnisonen,Monday,Hönökaka,Ost,1,1~2
Stockholm Xtra,Coop Garnisonen,Monday,Hönökaka,Ost & Skinka,1,1~2
Stockholm Xtra,Coop Garnisonen,Monday,Pastasallad,Kyckling mangocurry,1,0~1
Stockholm Xtra,Coop Garnisonen,Monday,Wraps,Kyckling Bacon,1,1~1
Stockholm Xtra,Coop Garnisonen,Monday,Wraps,Kyckling Curry,1,1~1
Stockholm Xtra,Coop Garnisonen,Tuesday,Baguette,Salami & Brieost,1,1~1
Stockholm Xtra,Coop Garnisonen,Tuesday,Fralla,Ost,1,0~1
Stockholm Xtra,Coop Garnisonen,Tuesday,Fralla,Ost & Skinka,2,2~3
Stockholm Xtra,Coop Garnisonen,Tuesday,Hönökaka,Ost,3,2~4
Stockholm Xtra,Coop Garnisonen,Tuesday,Hönökaka,Ost & Skinka,3,2~4
Stockholm Xtra,Coop Garnisonen,Tuesday,Pastasallad,Kyckling & Salladsost,1,0~1
Stockholm Xtra,Coop Garnisonen,Tuesday,Pastasallad,Kyckling mangocurry,2,1~2
Stockholm Xtra,Coop Garnisonen,Tuesday,Sandwich,Räkor,1,0~1
Stockholm Xtra,Coop Garnisonen,Tuesday,Wraps,Caesar Kyckling,1,0~1
Stockholm Xtra,Coop Garnisonen,Tuesday,Wraps,Kyckling Bacon,2,2~3
Stockholm Xtra,Coop Garnisonen,Tuesday,Wraps,Kyckling Curry,2,2~3
Stockholm Xtra,Coop Garnisonen,Tuesday,Wraps,Sweet Chili,1,1~1
Stockholm Xtra,Coop Garnisonen,Tuesday,XL Frallor,Ost & Skinka,1,0~1
Stockholm Xtra,Coop Garnisonen,Wednesday,Fralla,Ost & Skinka,1,1~1
Stockholm Xtra,Coop Garnisonen,Wednesday,Hönökaka,Ost,1,1~1
Stockholm Xtra,Coop Garnisonen,Wednesday,Hönökaka,Ost & Skinka,1,1~1
Stockholm Xtra,Coop Garnisonen,Wednesday,Pastasallad,Kyckling mangocurry,1,0~1
Stockholm Xtra,Coop Garnisonen,Wednesday,Wraps,Kyckling Bacon,1,1~1
Stockholm Xtra,Coop Garnisonen,Wednesday,Wraps,Kyckling Curry,1,1~1
Stockholm Xtra,Coop Garnisonen,Thursday,Baguette,Kyckling Curry,1,0~1
Stockholm Xtra,Coop Garnisonen,Thursday,Baguette,Ost & Skinka,1,1~2
Stockholm Xtra,Coop Garnisonen,Thursday,Baguette,Salami & Brieost,2,1~2
Stockholm Xtra,Coop Garnisonen,Thursday,Baguette,Skagen,1,1~2
Stockholm Xtra,Coop Garnisonen,Thursday,Fralla,Ost,1,1~2
Stockholm Xtra,Coop Garnisonen,Thursday,Fralla,Ost & Skinka,4,2~5
Stockholm Xtra,Coop Garnisonen,Thursday,Glutenfri Frallor,Glutenfri Ost(endast söndagsbeställning),1,0~1
Stockholm Xtra,Coop Garnisonen,Thursday,Glutenfri Frallor,Glutenfri Pumpafralla Kalkon & Färskost(endast söndagsbeställning),1,0~1
Stockholm Xtra,Coop Garnisonen,Thursday,Hönökaka,Ost,4,4~4
Stockholm Xtra,Coop Garnisonen,Thursday,Hönökaka,Ost & Skinka,5,4~6
Stockholm Xtra,Coop Garnisonen,Thursday,Pastasallad,Bacon & Kyckling,1,1~2
Stockholm Xtra,Coop Garnisonen,Thursday,Pastasallad,Kyckling & Salladsost,1,1~2
Stockholm Xtra,Coop Garnisonen,Thursday,Pastasallad,Kyckling mangocurry,1,2~3
Stockholm Xtra,Coop Garnisonen,Thursday,Pastasallad,Ost & Skinka,1,1~2
Stockholm Xtra,Coop Garnisonen,Thursday,Pastasallad,Räkor,1,0~1
Stockholm Xtra,Coop Garnisonen,Thursday,Sandwich,Bacon & Äggröra,1,1~2
Stockholm Xtra,Coop Garnisonen,Thursday,Sandwich,Clubsandwich,1,1~2
Stockholm Xtra,Coop Garnisonen,Thursday,Sandwich,Kyckling Curry,1,0~1
Stockholm Xtra,Coop Garnisonen,Thursday,Sandwich,Kyckling Pestoröra,1,1~2
Stockholm Xtra,Coop Garnisonen,Thursday,Sandwich,Räkor,1,1~2
Stockholm Xtra,Coop Garnisonen,Thursday,Wraps,Caesar Kyckling,1,1~2
Stockholm Xtra,Coop Garnisonen,Thursday,Wraps,Kyckling Bacon,2,1~3
Stockholm Xtra,Coop Garnisonen,Thursday,Wraps,Kyckling Curry,2,1~3
Stockholm Xtra,Coop Garnisonen,Thursday,Wraps,Sweet Chili,2,1~2
Stockholm Xtra,Coop Garnisonen,Thursday,XL Frallor,Grovfralla Kalkon & Färskost,1,1~2
Stockholm Xtra,Coop Garnisonen,Thursday,XL Frallor,Ost,1,1~2
Stockholm Xtra,Coop Garnisonen,Thursday,XL Frallor,Ost & Skinka,1,1~2
Stockholm Xtra,Coop STORGATAN,Sunday,Fralla,Ost,1,1~2
Stockholm Xtra,Coop STORGATAN,Sunday,Fralla,Ost & Skinka,1,1~2
Stockholm Xtra,Coop STORGATAN,Sunday,Grönsallad,Kyckling,1,0~1
Stockholm Xtra,Coop STORGATAN,Sunday,Hönökaka,Ost,1,1~2
Stockholm Xtra,Coop STORGATAN,Sunday,Hönökaka,Ost & Salami,1,1~2
Stockholm Xtra,Coop STORGATAN,Sunday,Hönökaka,Ost & Skinka,2,2~3
Stockholm Xtra,Coop STORGATAN,Sunday,Pastasallad,Bacon & Kyckling,1,1~2
Stockholm Xtra,Coop STORGATAN,Sunday,Pastasallad,Kyckling & Salladsost,3,2~4
Stockholm Xtra,Coop STORGATAN,Sunday,Pastasallad,Kyckling mangocurry,4,3~4
Stockholm Xtra,Coop STORGATAN,Sunday,Pastasallad,Ost & Skinka,1,1~2
Stockholm Xtra,Coop STORGATAN,Sunday,Pastasallad,Räkor,2,2~3
Stockholm Xtra,Coop STORGATAN,Sunday,Sandwich,Bacon & Äggröra,1,1~2
Stockholm Xtra,Coop STORGATAN,Sunday,Sandwich,Clubsandwich,1,0~1
Stockholm Xtra,Coop STORGATAN,Sunday,Sandwich,Kyckling Curry,1,0~1
Stockholm Xtra,Coop STORGATAN,Sunday,Sandwich,Räkor,1,0~1
Stockholm Xtra,Coop STORGATAN,Sunday,Wraps,Caesar Kyckling,1,0~1
Stockholm Xtra,Coop STORGATAN,Sunday,Wraps,Kyckling Bacon,1,1~2
Stockholm Xtra,Coop STORGATAN,Sunday,Wraps,Sweet Chili,1,0~1
Stockholm Xtra,Coop STORGATAN,Monday,Hönökaka,Ost & Skinka,1,0~1
Stockholm Xtra,Coop STORGATAN,Monday,Pastasallad,Kyckling & Salladsost,1,1~1
Stockholm Xtra,Coop STORGATAN,Monday,Pastasallad,Kyckling mangocurry,1,1~2
Stockholm Xtra,Coop STORGATAN,Monday,Pastasallad,Räkor,1,0~1
Stockholm Xtra,Coop STORGATAN,Tuesday,Fralla,Ost,1,0~1
Stockholm Xtra,Coop STORGATAN,Tuesday,Fralla,Ost & Skinka,1,1~1
Stockholm Xtra,Coop STORGATAN,Tuesday,Hönökaka,Ost,1,0~1
Stockholm Xtra,Coop STORGATAN,Tuesday,Hönökaka,Ost & Salami,1,0~1
Stockholm Xtra,Coop STORGATAN,Tuesday,Hönökaka,Ost & Skinka,2,1~2
Stockholm Xtra,Coop STORGATAN,Tuesday,Pastasallad,Bacon & Kyckling,1,0~1
Stockholm Xtra,Coop STORGATAN,Tuesday,Pastasallad,Kyckling & Salladsost,2,2~3
Stockholm Xtra,Coop STORGATAN,Tuesday,Pastasallad,Kyckling mangocurry,3,2~3
Stockholm Xtra,Coop STORGATAN,Tuesday,Pastasallad,Ost & Skinka,1,0~1
Stockholm Xtra,Coop STORGATAN,Tuesday,Pastasallad,Räkor,2,1~2
Stockholm Xtra,Coop STORGATAN,Tuesday,Sandwich,Bacon & Äggröra,1,0~1
Stockholm Xtra,Coop STORGATAN,Tuesday,Wraps,Kyckling Bacon,1,0~1
Stockholm Xtra,Coop STORGATAN,Wednesday,Hönökaka,Ost & Skinka,1,0~1
Stockholm Xtra,Coop STORGATAN,Wednesday,Pastasallad,Kyckling & Salladsost,1,1~1
Stockholm Xtra,Coop STORGATAN,Wednesday,Pastasallad,Kyckling mangocurry,1,1~1
Stockholm Xtra,Coop STORGATAN,Wednesday,Pastasallad,Räkor,1,0~1
Stockholm Xtra,Coop STORGATAN,Thursday,Baguette,Kyckling Sweet Chili,1,0~1
Stockholm Xtra,Coop STORGATAN,Thursday,Baguette,Ost & Skinka,1,0~1
Stockholm Xtra,Coop STORGATAN,Thursday,Baguette,Salami & Brieost,1,0~1
Stockholm Xtra,Coop STORGATAN,Thursday,Baguette,Skagen,1,0~1
Stockholm Xtra,Coop STORGATAN,Thursday,Fralla,Ost,1,1~2
Stockholm Xtra,Coop STORGATAN,Thursday,Fralla,Ost & Skinka,2,1~2
Stockholm Xtra,Coop STORGATAN,Thursday,Grönsallad,Caesarsallad,1,0~1
Stockholm Xtra,Coop STORGATAN,Thursday,Grönsallad,Kyckling,1,1~2
Stockholm Xtra,Coop STORGATAN,Thursday,Hönökaka,Ost,1,1~2
Stockholm Xtra,Coop STORGATAN,Thursday,Hönökaka,Ost & Salami,1,1~2
Stockholm Xtra,Coop STORGATAN,Thursday,Hönökaka,Ost & Skinka,1,2~3
Stockholm Xtra,Coop STORGATAN,Thursday,Pastasallad,Bacon & Kyckling,1,1~2
Stockholm Xtra,Coop STORGATAN,Thursday,Pastasallad,Kyckling & Salladsost,3,2~4
Stockholm Xtra,Coop STORGATAN,Thursday,Pastasallad,Kyckling kebab,1,0~1
Stockholm Xtra,Coop STORGATAN,Thursday,Pastasallad,Kyckling mangocurry,3,3~5
Stockholm Xtra,Coop STORGATAN,Thursday,Pastasallad,Ost & Skinka,1,1~2
Stockholm Xtra,Coop STORGATAN,Thursday,Pastasallad,Räkor,1,2~3
Stockholm Xtra,Coop STORGATAN,Thursday,Sandwich,Bacon & Äggröra,1,1~2
Stockholm Xtra,Coop STORGATAN,Thursday,Sandwich,Clubsandwich,1,1~2
Stockholm Xtra,Coop STORGATAN,Thursday,Sandwich,Kyckling Curry,1,1~2
Stockholm Xtra,Coop STORGATAN,Thursday,Sandwich,Kyckling Pestoröra,1,0~1
Stockholm Xtra,Coop STORGATAN,Thursday,Sandwich,Räkor,1,1~2
Stockholm Xtra,Coop STORGATAN,Thursday,Varmrätt,Cevapcici med bulgur,1,0~1
Stockholm Xtra,Coop STORGATAN,Thursday,Varmrätt,Kycklingspett med ris,1,0~1
Stockholm Xtra,Coop STORGATAN,Thursday,Varmrätt,Teriyakibiff med ris,1,0~1
Stockholm Xtra,Coop STORGATAN,Thursday,Wraps,Caesar Kyckling,1,1~2
Stockholm Xtra,Coop STORGATAN,Thursday,Wraps,Kyckling Bacon,1,1~2
Stockholm Xtra,Coop STORGATAN,Thursday,Wraps,Kyckling Curry,1,0~1
Stockholm Xtra,Coop STORGATAN,Thursday,Wraps,Sweet Chili,1,1~2
Stockholm Xtra,Coop STORGATAN,Thursday,XL Frallor,Grovfralla Kalkon & Färskost,1,0~1
Stockholm Xtra,Coop STORGATAN,Thursday,XL Frallor,Ost,1,0~1
Stockholm Xtra,Coop STORGATAN,Thursday,XL Frallor,Ost & Skinka,1,0~1
Stockholm Xtra,ICA Dragonen,Sunday,Baguette,Salami & Brieost,1,1~2
Stockholm Xtra,ICA Dragonen,Sunday,Baguette,Skagen,1,0~1
Stockholm Xtra,ICA Dragonen,Sunday,Fralla,Ost & Skinka,1,0~1
Stockholm Xtra,ICA Dragonen,Sunday,Hönökaka,Ost,1,0~1
Stockholm Xtra,ICA Dragonen,Sunday,Pastasallad,Kyckling & Salladsost,1,1~2
Stockholm Xtra,ICA Dragonen,Sunday,Pastasallad,Kyckling mangocurry,1,1~2
Stockholm Xtra,ICA Dragonen,Sunday,Sandwich,Clubsandwich,1,0~1
Stockholm Xtra,ICA Dragonen,Sunday,Sandwich,Kyckling Pestoröra,1,0~1
Stockholm Xtra,ICA Dragonen,Sunday,Wraps,Caesar Kyckling,1,0~1
Stockholm Xtra,ICA Dragonen,Sunday,Wraps,Kyckling Curry,1,1~2
Stockholm Xtra,ICA Dragonen,Tuesday,Baguette,Salami & Brieost,1,0~1
Stockholm Xtra,ICA Dragonen,Tuesday,Pastasallad,Kyckling & Salladsost,1,0~1
Stockholm Xtra,ICA Dragonen,Tuesday,Pastasallad,Kyckling mangocurry,1,0~1
Stockholm Xtra,ICA Dragonen,Tuesday,Wraps,Kyckling Curry,1,0~1
Stockholm Xtra,ICA Dragonen,Thursday,Baguette,Salami & Brieost,1,1~2
Stockholm Xtra,ICA Dragonen,Thursday,Baguette,Skagen,1,1~2
Stockholm Xtra,ICA Dragonen,Thursday,Fralla,Ost & Skinka,1,1~2
Stockholm Xtra,ICA Dragonen,Thursday,Hönökaka,Ost,1,1~2
Stockholm Xtra,ICA Dragonen,Thursday,Hönökaka,Ost & Skinka,1,0~1
Stockholm Xtra,ICA Dragonen,Thursday,Pastasallad,Kyckling & Salladsost,1,1~2
Stockholm Xtra,ICA Dragonen,Thursday,Pastasallad,Kyckling mangocurry,1,1~2
Stockholm Xtra,ICA Dragonen,Thursday,Pastasallad,Räkor,1,0~1
Stockholm Xtra,ICA Dragonen,Thursday,Sandwich,Clubsandwich,1,1~2
Stockholm Xtra,ICA Dragonen,Thursday,Sandwich,Kyckling Curry,1,0~1
Stockholm Xtra,ICA Dragonen,Thursday,Sandwich,Kyckling Pestoröra,1,1~2
Stockholm Xtra,ICA Dragonen,Thursday,Varmrätt,Cevapcici med bulgur,1,0~1
Stockholm Xtra,ICA Dragonen,Thursday,Varmrätt,Falafel med bulgur,1,0~1
Stockholm Xtra,ICA Dragonen,Thursday,Varmrätt,Kyckling-och böngryta,1,0~1
Stockholm Xtra,ICA Dragonen,Thursday,Varmrätt,Kycklingkebab med bulgur,1,0~1
Stockholm Xtra,ICA Dragonen,Thursday,Varmrätt,Kycklingpestosallad,1,0~1
Stockholm Xtra,ICA Dragonen,Thursday,Varmrätt,Kycklingspett med ris,1,0~1
Stockholm Xtra,ICA Dragonen,Thursday,Varmrätt,Pannbiff med Basmatiris,1,0~1
Stockholm Xtra,ICA Dragonen,Thursday,Varmrätt,Tacobolognese med fullkornspasta,1,0~1
Stockholm Xtra,ICA Dragonen,Thursday,Varmrätt,Teriyakibiff med ris,1,0~1
Stockholm Xtra,ICA Dragonen,Thursday,Varmrätt,Teriyakikycklingfile med basmatiris,1,0~1
Stockholm Xtra,ICA Dragonen,Thursday,Wraps,Caesar Kyckling,1,1~2
Stockholm Xtra,ICA Dragonen,Thursday,Wraps,Kyckling Bacon,1,0~1
Stockholm Xtra,ICA Dragonen,Thursday,Wraps,Kyckling Curry,1,1~2
Stockholm Xtra,ICA Dragonen,Thursday,Wraps,Sweet Chili,1,0~1
Stockholm Xtra,ICA Glädjen,Sunday,Baguette,Kyckling Curry,1,1~2
Stockholm Xtra,ICA Glädjen,Sunday,Baguette,Kyckling Sweet Chili,1,0~1
Stockholm Xtra,ICA Glädjen,Sunday,Baguette,Ost & Skinka,1,1~2
Stockholm Xtra,ICA Glädjen,Sunday,Baguette,Salami & Brieost,1,1~2
Stockholm Xtra,ICA Glädjen,Sunday,Baguette,Skagen,1,1~2
Stockholm Xtra,ICA Glädjen,Sunday,Fralla,Ost,1,0~1
Stockholm Xtra,ICA Glädjen,Sunday,Fralla,Ost & Skinka,3,2~4
Stockholm Xtra,ICA Glädjen,Sunday,Grönsallad,Caesarsallad,1,0~1
Stockholm Xtra,ICA Glädjen,Sunday,Grönsallad,Kyckling,1,1~2
Stockholm Xtra,ICA Glädjen,Sunday,Hönökaka,Ost,1,1~2
Stockholm Xtra,ICA Glädjen,Sunday,Hönökaka,Ost & Salami,1,1~2
Stockholm Xtra,ICA Glädjen,Sunday,Hönökaka,Ost & Skinka,2,2~3
Stockholm Xtra,ICA Glädjen,Sunday,Pastasallad,Bacon & Kyckling,2,2~3
Stockholm Xtra,ICA Glädjen,Sunday,Pastasallad,Kyckling & Salladsost,2,2~3
Stockholm Xtra,ICA Glädjen,Sunday,Pastasallad,Kyckling mangocurry,3,2~4
Stockholm Xtra,ICA Glädjen,Sunday,Pastasallad,Ost & Skinka,1,1~2
Stockholm Xtra,ICA Glädjen,Sunday,Pastasallad,Räkor,1,1~2
Stockholm Xtra,ICA Glädjen,Sunday,Sandwich,Bacon & Äggröra,1,0~1
Stockholm Xtra,ICA Glädjen,Sunday,Sandwich,Clubsandwich,2,2~3
Stockholm Xtra,ICA Glädjen,Sunday,Sandwich,Kyckling Curry,1,1~2
Stockholm Xtra,ICA Glädjen,Sunday,Sandwich,Kyckling Pestoröra,1,1~2
Stockholm Xtra,ICA Glädjen,Sunday,Sandwich,Räkor,1,1~2
Stockholm Xtra,ICA Glädjen,Sunday,Wraps,Caesar Kyckling,3,2~4
Stockholm Xtra,ICA Glädjen,Sunday,Wraps,Kyckling Bacon,2,2~3
Stockholm Xtra,ICA Glädjen,Sunday,Wraps,Kyckling Curry,3,3~4
Stockholm Xtra,ICA Glädjen,Sunday,Wraps,Sweet Chili,1,1~2
Stockholm Xtra,ICA Glädjen,Monday,Fralla,Ost & Skinka,1,1~1
Stockholm Xtra,ICA Glädjen,Monday,Hönökaka,Ost & Skinka,1,1~1
Stockholm Xtra,ICA Glädjen,Monday,Pastasallad,Bacon & Kyckling,1,0~1
Stockholm Xtra,ICA Glädjen,Monday,Pastasallad,Kyckling & Salladsost,1,1~1
Stockholm Xtra,ICA Glädjen,Monday,Pastasallad,Kyckling mangocurry,1,1~1
Stockholm Xtra,ICA Glädjen,Monday,Sandwich,Clubsandwich,1,0~1
Stockholm Xtra,ICA Glädjen,Monday,Wraps,Caesar Kyckling,1,1~1
Stockholm Xtra,ICA Glädjen,Monday,Wraps,Kyckling Bacon,1,1~1
Stockholm Xtra,ICA Glädjen,Monday,Wraps,Kyckling Curry,1,1~1
Stockholm Xtra,ICA Glädjen,Tuesday,Baguette,Kyckling Curry,1,0~1
Stockholm Xtra,ICA Glädjen,Tuesday,Baguette,Ost & Skinka,1,0~1
Stockholm Xtra,ICA Glädjen,Tuesday,Baguette,Salami & Brieost,1,0~1
Stockholm Xtra,ICA Glädjen,Tuesday,Baguette,Skagen,1,1~1
Stockholm Xtra,ICA Glädjen,Tuesday,Fralla,Ost & Skinka,2,2~3
Stockholm Xtra,ICA Glädjen,Tuesday,Grönsallad,Kyckling,1,0~1
Stockholm Xtra,ICA Glädjen,Tuesday,Hönökaka,Ost,1,0~1
Stockholm Xtra,ICA Glädjen,Tuesday,Hönökaka,Ost & Salami,1,1~1
Stockholm Xtra,ICA Glädjen,Tuesday,Hönökaka,Ost & Skinka,2,1~2
Stockholm Xtra,ICA Glädjen,Tuesday,Pastasallad,Bacon & Kyckling,2,1~2
Stockholm Xtra,ICA Glädjen,Tuesday,Pastasallad,Kyckling & Salladsost,2,1~2
Stockholm Xtra,ICA Glädjen,Tuesday,Pastasallad,Kyckling mangocurry,2,2~3
Stockholm Xtra,ICA Glädjen,Tuesday,Pastasallad,Ost & Skinka,1,0~1
Stockholm Xtra,ICA Glädjen,Tuesday,Pastasallad,Räkor,1,0~1
Stockholm Xtra,ICA Glädjen,Tuesday,Sandwich,Clubsandwich,2,1~2
Stockholm Xtra,ICA Glädjen,Tuesday,Sandwich,Kyckling Curry,1,0~1
Stockholm Xtra,ICA Glädjen,Tuesday,Sandwich,Kyckling Pestoröra,1,0~1
Stockholm Xtra,ICA Glädjen,Tuesday,Sandwich,Räkor,1,0~1
Stockholm Xtra,ICA Glädjen,Tuesday,Wraps,Caesar Kyckling,2,2~3
Stockholm Xtra,ICA Glädjen,Tuesday,Wraps,Kyckling Bacon,2,1~2
Stockholm Xtra,ICA Glädjen,Tuesday,Wraps,Kyckling Curry,2,2~3
Stockholm Xtra,ICA Glädjen,Tuesday,Wraps,Sweet Chili,1,1~1
Stockholm Xtra,ICA Glädjen,Wednesday,Fralla,Ost & Skinka,1,1~1
Stockholm Xtra,ICA Glädjen,Wednesday,Hönökaka,Ost & Skinka,1,0~1
Stockholm Xtra,ICA Glädjen,Wednesday,Pastasallad,Bacon & Kyckling,1,0~1
Stockholm Xtra,ICA Glädjen,Wednesday,Pastasallad,Kyckling & Salladsost,1,0~1
Stockholm Xtra,ICA Glädjen,Wednesday,Pastasallad,Kyckling mangocurry,1,1~1
Stockholm Xtra,ICA Glädjen,Wednesday,Sandwich,Clubsandwich,1,0~1
Stockholm Xtra,ICA Glädjen,Wednesday,Wraps,Caesar Kyckling,1,1~1
Stockholm Xtra,ICA Glädjen,Wednesday,Wraps,Kyckling Bacon,1,0~1
Stockholm Xtra,ICA Glädjen,Wednesday,Wraps,Kyckling Curry,1,1~1
Stockholm Xtra,ICA Glädjen,Thursday,Baguette,Kyckling Curry,1,1~2
Stockholm Xtra,ICA Glädjen,Thursday,Baguette,Kyckling Sweet Chili,1,1~2
Stockholm Xtra,ICA Glädjen,Thursday,Baguette,Ost & Skinka,1,1~2
Stockholm Xtra,ICA Glädjen,Thursday,Baguette,Salami & Brieost,1,1~2
Stockholm Xtra,ICA Glädjen,Thursday,Baguette,Skagen,2,1~2
Stockholm Xtra,ICA Glädjen,Thursday,Fralla,Ost,1,1~2
Stockholm Xtra,ICA Glädjen,Thursday,Fralla,Ost & Skinka,2,1~3
Stockholm Xtra,ICA Glädjen,Thursday,Grönsallad,Caesarsallad,1,1~2
Stockholm Xtra,ICA Glädjen,Thursday,Grönsallad,Kyckling,1,1~2
Stockholm Xtra,ICA Glädjen,Thursday,Hönökaka,Ost,1,1~2
Stockholm Xtra,ICA Glädjen,Thursday,Hönökaka,Ost & Salami,2,1~2
Stockholm Xtra,ICA Glädjen,Thursday,Hönökaka,Ost & Skinka,2,2~4
Stockholm Xtra,ICA Glädjen,Thursday,Pastasallad,Bacon & Kyckling,1,2~3
Stockholm Xtra,ICA Glädjen,Thursday,Pastasallad,Kyckling & Salladsost,2,2~4
Stockholm Xtra,ICA Glädjen,Thursday,Pastasallad,Kyckling kebab,1,0~1
Stockholm Xtra,ICA Glädjen,Thursday,Pastasallad,Kyckling mangocurry,3,2~4
Stockholm Xtra,ICA Glädjen,Thursday,Pastasallad,Ost & Skinka,1,1~2
Stockholm Xtra,ICA Glädjen,Thursday,Pastasallad,Räkor,1,1~2
Stockholm Xtra,ICA Glädjen,Thursday,Räkmacka Liten,Räkmacka liten,1,0~1
Stockholm Xtra,ICA Glädjen,Thursday,Räkstubbe,Räkstubbe,1,0~1
Stockholm Xtra,ICA Glädjen,Thursday,Sandwich,Bacon & Äggröra,1,1~2
Stockholm Xtra,ICA Glädjen,Thursday,Sandwich,Clubsandwich,1,2~3
Stockholm Xtra,ICA Glädjen,Thursday,Sandwich,Kyckling Curry,1,1~2
Stockholm Xtra,ICA Glädjen,Thursday,Sandwich,Kyckling Pestoröra,1,1~2
Stockholm Xtra,ICA Glädjen,Thursday,Sandwich,Räkor,1,1~2
Stockholm Xtra,ICA Glädjen,Thursday,Wraps,Caesar Kyckling,3,2~4
Stockholm Xtra,ICA Glädjen,Thursday,Wraps,Kyckling Bacon,2,2~4
Stockholm Xtra,ICA Glädjen,Thursday,Wraps,Kyckling Curry,4,2~5
Stockholm Xtra,ICA Glädjen,Thursday,Wraps,Sweet Chili,2,1~2
Stockholm Xtra,ICA Gribbylund,Sunday,Baguette,Salami & Brieost,1,0~1
Stockholm Xtra,ICA Gribbylund,Sunday,Baguette,Skagen,1,0~1
Stockholm Xtra,ICA Gribbylund,Sunday,Fralla,Ost & Skinka,1,1~2
Stockholm Xtra,ICA Gribbylund,Sunday,Pastasallad,Kyckling & Salladsost,2,2~3
Stockholm Xtra,ICA Gribbylund,Sunday,Pastasallad,Kyckling mangocurry,2,2~3
Stockholm Xtra,ICA Gribbylund,Sunday,Pastasallad,Räkor,1,0~1
Stockholm Xtra,ICA Gribbylund,Sunday,Sandwich,Clubsandwich,1,0~1
Stockholm Xtra,ICA Gribbylund,Sunday,Sandwich,Kyckling Curry,1,0~1
Stockholm Xtra,ICA Gribbylund,Sunday,Sandwich,Ägg & Avocadokräm,1,1~2
Stockholm Xtra,ICA Gribbylund,Sunday,Wraps,Caesar Kyckling,1,1~2
Stockholm Xtra,ICA Gribbylund,Sunday,Wraps,Kyckling Curry,2,2~3
Stockholm Xtra,ICA Gribbylund,Monday,Pastasallad,Kyckling & Salladsost,1,0~1
Stockholm Xtra,ICA Gribbylund,Monday,Pastasallad,Kyckling mangocurry,1,0~1
Stockholm Xtra,ICA Gribbylund,Monday,Wraps,Kyckling Curry,1,1~1
Stockholm Xtra,ICA Gribbylund,Tuesday,Fralla,Ost & Skinka,1,0~1
Stockholm Xtra,ICA Gribbylund,Tuesday,Pastasallad,Kyckling & Salladsost,2,1~2
Stockholm Xtra,ICA Gribbylund,Tuesday,Pastasallad,Kyckling mangocurry,2,1~2
Stockholm Xtra,ICA Gribbylund,Tuesday,Sandwich,Ägg & Avocadokräm,1,0~1
Stockholm Xtra,ICA Gribbylund,Tuesday,Wraps,Caesar Kyckling,1,0~1
Stockholm Xtra,ICA Gribbylund,Tuesday,Wraps,Kyckling Curry,2,1~2
Stockholm Xtra,ICA Gribbylund,Wednesday,Pastasallad,Kyckling & Salladsost,1,0~1
Stockholm Xtra,ICA Gribbylund,Wednesday,Pastasallad,Kyckling mangocurry,1,0~1
Stockholm Xtra,ICA Gribbylund,Wednesday,Wraps,Kyckling Curry,1,0~1
Stockholm Xtra,ICA Gribbylund,Thursday,Baguette,Salami & Brieost,1,1~2
Stockholm Xtra,ICA Gribbylund,Thursday,Baguette,Skagen,1,1~2
Stockholm Xtra,ICA Gribbylund,Thursday,Fralla,Ost,1,0~1
Stockholm Xtra,ICA Gribbylund,Thursday,Fralla,Ost & Skinka,1,1~2
Stockholm Xtra,ICA Gribbylund,Thursday,Pastasallad,Kyckling & Salladsost,1,2~3
Stockholm Xtra,ICA Gribbylund,Thursday,Pastasallad,Kyckling mangocurry,1,2~3
Stockholm Xtra,ICA Gribbylund,Thursday,Pastasallad,Räkor,1,1~2
Stockholm Xtra,ICA Gribbylund,Thursday,Sandwich,Bacon & Äggröra,1,0~1
Stockholm Xtra,ICA Gribbylund,Thursday,Sandwich,Clubsandwich,1,1~2
Stockholm Xtra,ICA Gribbylund,Thursday,Sandwich,Kyckling Curry,1,1~2
Stockholm Xtra,ICA Gribbylund,Thursday,Sandwich,Ägg & Avocadokräm,1,1~2
Stockholm Xtra,ICA Gribbylund,Thursday,Wraps,Caesar Kyckling,1,1~2
Stockholm Xtra,ICA Gribbylund,Thursday,Wraps,Kyckling Curry,2,2~4
Stockholm Xtra,ICA Gribbylund,Thursday,Wraps,Sweet Chili,1,0~1
Stockholm Xtra,ICA Nära Gärdet,Sunday,Baguette,Kyckling Sweet Chili,1,1~2
Stockholm Xtra,ICA Nära Gärdet,Sunday,Baguette,Salami & Brieost,1,1~2
Stockholm Xtra,ICA Nära Gärdet,Sunday,Fralla,Ost,1,1~2
Stockholm Xtra,ICA Nära Gärdet,Sunday,Fralla,Ost & Skinka,1,1~2
Stockholm Xtra,ICA Nära Gärdet,Sunday,Grönsallad,Caesarsallad,1,0~1
Stockholm Xtra,ICA Nära Gärdet,Sunday,Grönsallad,Kyckling,1,0~1
Stockholm Xtra,ICA Nära Gärdet,Sunday,Hönökaka,Ost,1,1~2
Stockholm Xtra,ICA Nära Gärdet,Sunday,Hönökaka,Ost & Salami,2,2~3
Stockholm Xtra,ICA Nära Gärdet,Sunday,Hönökaka,Ost & Skinka,4,3~4
Stockholm Xtra,ICA Nära Gärdet,Sunday,Pastasallad,Bacon & Kyckling,1,1~2
Stockholm Xtra,ICA Nära Gärdet,Sunday,Pastasallad,Kyckling & Salladsost,2,2~3
Stockholm Xtra,ICA Nära Gärdet,Sunday,Pastasallad,Kyckling mangocurry,2,1~2
Stockholm Xtra,ICA Nära Gärdet,Sunday,Pastasallad,Ost & Skinka,1,1~2
Stockholm Xtra,ICA Nära Gärdet,Sunday,Pastasallad,Räkor,1,0~1
Stockholm Xtra,ICA Nära Gärdet,Sunday,Sandwich,Bacon & Äggröra,1,0~1
Stockholm Xtra,ICA Nära Gärdet,Sunday,Sandwich,Clubsandwich,1,0~1
Stockholm Xtra,ICA Nära Gärdet,Sunday,Sandwich,Kyckling Curry,1,0~1
Stockholm Xtra,ICA Nära Gärdet,Sunday,Sandwich,Räkor,1,1~2
Stockholm Xtra,ICA Nära Gärdet,Sunday,Wraps,Caesar Kyckling,4,3~5
Stockholm Xtra,ICA Nära Gärdet,Sunday,Wraps,Kyckling Bacon,4,3~4
Stockholm Xtra,ICA Nära Gärdet,Sunday,Wraps,Kyckling Curry,4,3~5
Stockholm Xtra,ICA Nära Gärdet,Sunday,Wraps,Sweet Chili,3,2~4
Stockholm Xtra,ICA Nära Gärdet,Sunday,XL Frallor,Ost,1,0~1
Stockholm Xtra,ICA Nära Gärdet,Sunday,XL Frallor,Ost & Skinka,1,0~1
Stockholm Xtra,ICA Nära Gärdet,Monday,Hönökaka,Ost & Salami,1,1~1
Stockholm Xtra,ICA Nära Gärdet,Monday,Hönökaka,Ost & Skinka,1,1~2
Stockholm Xtra,ICA Nära Gärdet,Monday,Pastasallad,Kyckling & Salladsost,1,0~1
Stockholm Xtra,ICA Nära Gärdet,Monday,Wraps,Caesar Kyckling,1,1~2
Stockholm Xtra,ICA Nära Gärdet,Monday,Wraps,Kyckling Bacon,1,1~2
Stockholm Xtra,ICA Nära Gärdet,Monday,Wraps,Kyckling Curry,1,1~2
Stockholm Xtra,ICA Nära Gärdet,Monday,Wraps,Sweet Chili,1,1~1
Stockholm Xtra,ICA Nära Gärdet,Tuesday,Baguette,Kyckling Sweet Chili,1,0~1
Stockholm Xtra,ICA Nära Gärdet,Tuesday,Baguette,Salami & Brieost,1,0~1
Stockholm Xtra,ICA Nära Gärdet,Tuesday,Fralla,Ost,1,0~1
Stockholm Xtra,ICA Nära Gärdet,Tuesday,Fralla,Ost & Skinka,1,1~1
Stockholm Xtra,ICA Nära Gärdet,Tuesday,Hönökaka,Ost,1,0~1
Stockholm Xtra,ICA Nära Gärdet,Tuesday,Hönökaka,Ost & Salami,2,1~2
Stockholm Xtra,ICA Nära Gärdet,Tuesday,Hönökaka,Ost & Skinka,3,2~3
Stockholm Xtra,ICA Nära Gärdet,Tuesday,Pastasallad,Bacon & Kyckling,1,1~1
Stockholm Xtra,ICA Nära Gärdet,Tuesday,Pastasallad,Kyckling & Salladsost,2,1~2
Stockholm Xtra,ICA Nära Gärdet,Tuesday,Pastasallad,Kyckling mangocurry,1,1~2
Stockholm Xtra,ICA Nära Gärdet,Tuesday,Pastasallad,Ost & Skinka,1,0~1
Stockholm Xtra,ICA Nära Gärdet,Tuesday,Sandwich,Räkor,1,0~1
Stockholm Xtra,ICA Nära Gärdet,Tuesday,Wraps,Caesar Kyckling,3,2~4
Stockholm Xtra,ICA Nära Gärdet,Tuesday,Wraps,Kyckling Bacon,3,2~3
Stockholm Xtra,ICA Nära Gärdet,Tuesday,Wraps,Kyckling Curry,3,2~4
Stockholm Xtra,ICA Nära Gärdet,Tuesday,Wraps,Sweet Chili,2,2~3
Stockholm Xtra,ICA Nära Gärdet,Wednesday,Hönökaka,Ost & Salami,1,0~1
Stockholm Xtra,ICA Nära Gärdet,Wednesday,Hönökaka,Ost & Skinka,1,1~1
Stockholm Xtra,ICA Nära Gärdet,Wednesday,Pastasallad,Kyckling & Salladsost,1,0~1
Stockholm Xtra,ICA Nära Gärdet,Wednesday,Wraps,Caesar Kyckling,1,1~1
Stockholm Xtra,ICA Nära Gärdet,Wednesday,Wraps,Kyckling Bacon,1,1~1
Stockholm Xtra,ICA Nära Gärdet,Wednesday,Wraps,Kyckling Curry,1,1~1
Stockholm Xtra,ICA Nära Gärdet,Wednesday,Wraps,Sweet Chili,1,1~1
Stockholm Xtra,ICA Nära Gärdet,Thursday,Baguette,Kyckling Sweet Chili,1,1~2
Stockholm Xtra,ICA Nära Gärdet,Thursday,Baguette,Ost & Skinka,1,0~1
Stockholm Xtra,ICA Nära Gärdet,Thursday,Baguette,Salami & Brieost,1,1~2
Stockholm Xtra,ICA Nära Gärdet,Thursday,Baguette,Skagen,1,0~1
Stockholm Xtra,ICA Nära Gärdet,Thursday,Fralla,Ost,1,1~2
Stockholm Xtra,ICA Nära Gärdet,Thursday,Fralla,Ost & Skinka,2,1~2
Stockholm Xtra,ICA Nära Gärdet,Thursday,Glutenfri Frallor,Glutenfri Ost & Skinka(endast söndagsbeställning),1,0~1
Stockholm Xtra,ICA Nära Gärdet,Thursday,Glutenfri Frallor,Glutenfri Pumpafralla Kalkon & Färskost(endast söndagsbeställning),1,0~1
Stockholm Xtra,ICA Nära Gärdet,Thursday,Grönsallad,Caesarsallad,1,1~2
Stockholm Xtra,ICA Nära Gärdet,Thursday,Grönsallad,Kyckling,1,1~2
Stockholm Xtra,ICA Nära Gärdet,Thursday,Hönökaka,Ost,1,1~2
Stockholm Xtra,ICA Nära Gärdet,Thursday,Hönökaka,Ost & Salami,2,2~4
Stockholm Xtra,ICA Nära Gärdet,Thursday,Hönökaka,Ost & Skinka,3,3~5
Stockholm Xtra,ICA Nära Gärdet,Thursday,Pastasallad,Bacon & Kyckling,2,1~2
Stockholm Xtra,ICA Nära Gärdet,Thursday,Pastasallad,Kyckling & Salladsost,1,2~3
Stockholm Xtra,ICA Nära Gärdet,Thursday,Pastasallad,Kyckling mangocurry,2,2~1
Stockholm Xtra,ICA Nära Gärdet,Thursday,Pastasallad,Ost & Skinka,1,1~2
Stockholm Xtra,ICA Nära Gärdet,Thursday,Pastasallad,Räkor,1,1~2
Stockholm Xtra,ICA Nära Gärdet,Thursday,Räkmacka Liten,Räkmacka liten,1,0~1
Stockholm Xtra,ICA Nära Gärdet,Thursday,Sandwich,Bacon & Äggröra,1,1~2
Stockholm Xtra,ICA Nära Gärdet,Thursday,Sandwich,Clubsandwich,1,1~2
Stockholm Xtra,ICA Nära Gärdet,Thursday,Sandwich,Kyckling Curry,1,1~2
Stockholm Xtra,ICA Nära Gärdet,Thursday,Sandwich,Räkor,1,1~2
Stockholm Xtra,ICA Nära Gärdet,Thursday,Sandwich,Ägg & Avocadokräm,1,0~1
Stockholm Xtra,ICA Nära Gärdet,Thursday,Varmrätt,Cevapcici med bulgur,1,0~1
Stockholm Xtra,ICA Nära Gärdet,Thursday,Varmrätt,Kycklingkebab med bulgur,1,0~1
Stockholm Xtra,ICA Nära Gärdet,Thursday,Varmrätt,Kycklingspett med ris,1,0~1
Stockholm Xtra,ICA Nära Gärdet,Thursday,Varmrätt,Teriyakibiff med ris,1,0~1
Stockholm Xtra,ICA Nära Gärdet,Thursday,Varmrätt,Teriyakikycklingfile med basmatiris,1,0~1
Stockholm Xtra,ICA Nära Gärdet,Thursday,Wraps,Caesar Kyckling,4,4~4
Stockholm Xtra,ICA Nära Gärdet,Thursday,Wraps,Kyckling Bacon,3,3~5
Stockholm Xtra,ICA Nära Gärdet,Thursday,Wraps,Kyckling Curry,4,4~4
Stockholm Xtra,ICA Nära Gärdet,Thursday,Wraps,Kycklingsallad Olivie,1,0~1
Stockholm Xtra,ICA Nära Gärdet,Thursday,Wraps,Sweet Chili,2,1~3
Stockholm Xtra,ICA Nära Gärdet,Thursday,XL Frallor,Grovfralla Kalkon & Färskost,1,0~1
Stockholm Xtra,ICA Nära Gärdet,Thursday,XL Frallor,Ost,1,1~2
Stockholm Xtra,ICA Nära Gärdet,Thursday,XL Frallor,Ost & Skinka,1,1~2
Stockholm Xtra,ICA Nära Lindholmen,Sunday,Grönsallad,Caesarsallad,1,1~2
Stockholm Xtra,ICA Nära Lindholmen,Sunday,Hönökaka,Ost & Skinka,1,0~1
Stockholm Xtra,ICA Nära Lindholmen,Sunday,Pastasallad,Bacon & Kyckling,1,0~1
Stockholm Xtra,ICA Nära Lindholmen,Sunday,Pastasallad,Kyckling & Salladsost,1,1~2
Stockholm Xtra,ICA Nära Lindholmen,Sunday,Pastasallad,Kyckling mangocurry,3,2~4
Stockholm Xtra,ICA Nära Lindholmen,Sunday,Pastasallad,Räkor,1,1~2
Stockholm Xtra,ICA Nära Lindholmen,Sunday,Sandwich,Bacon & Äggröra,1,0~1
Stockholm Xtra,ICA Nära Lindholmen,Sunday,Wraps,Kyckling Bacon,1,1~2
Stockholm Xtra,ICA Nära Lindholmen,Sunday,Wraps,Sweet Chili,1,1~2
Stockholm Xtra,ICA Nära Lindholmen,Monday,Pastasallad,Kyckling mangocurry,1,1~1
Stockholm Xtra,ICA Nära Lindholmen,Tuesday,Grönsallad,Caesarsallad,1,0~1
Stockholm Xtra,ICA Nära Lindholmen,Tuesday,Pastasallad,Kyckling & Salladsost,1,0~1
Stockholm Xtra,ICA Nära Lindholmen,Tuesday,Pastasallad,Kyckling mangocurry,2,2~3
Stockholm Xtra,ICA Nära Lindholmen,Tuesday,Pastasallad,Räkor,1,0~1
Stockholm Xtra,ICA Nära Lindholmen,Tuesday,Wraps,Kyckling Bacon,1,0~1
Stockholm Xtra,ICA Nära Lindholmen,Tuesday,Wraps,Sweet Chili,1,1~1
Stockholm Xtra,ICA Nära Lindholmen,Wednesday,Pastasallad,Kyckling mangocurry,1,1~1
Stockholm Xtra,ICA Nära Lindholmen,Thursday,Baguette,Kyckling Curry,1,0~1
Stockholm Xtra,ICA Nära Lindholmen,Thursday,Baguette,Ost & Skinka,1,0~1
Stockholm Xtra,ICA Nära Lindholmen,Thursday,Baguette,Salami & Brieost,1,0~1
Stockholm Xtra,ICA Nära Lindholmen,Thursday,Baguette,Skagen,1,0~1
Stockholm Xtra,ICA Nära Lindholmen,Thursday,Fralla,Ost,1,0~1
Stockholm Xtra,ICA Nära Lindholmen,Thursday,Fralla,Ost & Skinka,1,0~1
Stockholm Xtra,ICA Nära Lindholmen,Thursday,Grönsallad,Caesarsallad,1,1~2
Stockholm Xtra,ICA Nära Lindholmen,Thursday,Hönökaka,Ost,1,0~1
Stockholm Xtra,ICA Nära Lindholmen,Thursday,Hönökaka,Ost & Salami,1,0~1
Stockholm Xtra,ICA Nära Lindholmen,Thursday,Hönökaka,Ost & Skinka,1,1~2
Stockholm Xtra,ICA Nära Lindholmen,Thursday,Pastasallad,Bacon & Kyckling,1,1~2
Stockholm Xtra,ICA Nära Lindholmen,Thursday,Pastasallad,Kyckling & Salladsost,1,1~2
Stockholm Xtra,ICA Nära Lindholmen,Thursday,Pastasallad,Kyckling mangocurry,2,1~3
Stockholm Xtra,ICA Nära Lindholmen,Thursday,Pastasallad,Räkor,1,1~2
Stockholm Xtra,ICA Nära Lindholmen,Thursday,Sandwich,Bacon & Äggröra,1,1~2
Stockholm Xtra,ICA Nära Lindholmen,Thursday,Sandwich,Clubsandwich,1,0~1
Stockholm Xtra,ICA Nära Lindholmen,Thursday,Sandwich,Räkor,1,0~1
Stockholm Xtra,ICA Nära Lindholmen,Thursday,Sandwich,Ägg & Avocadokräm,1,0~1
Stockholm Xtra,ICA Nära Lindholmen,Thursday,Wraps,Caesar Kyckling,1,0~1
Stockholm Xtra,ICA Nära Lindholmen,Thursday,Wraps,Kyckling Bacon,1,1~2
Stockholm Xtra,ICA Nära Lindholmen,Thursday,Wraps,Kyckling Curry,1,0~1
Stockholm Xtra,ICA Nära Lindholmen,Thursday,Wraps,Sweet Chili,2,1~2
Stockholm Xtra,ICA Nära Lindholmen,Thursday,Wraps,Wrap Curry Oumph!,1,0~1
Stockholm Xtra,ICA Rökubbsgatan,Sunday,Baguette,Kyckling Curry,1,0~1
Stockholm Xtra,ICA Rökubbsgatan,Sunday,Baguette,Ost & Skinka,1,0~1
Stockholm Xtra,ICA Rökubbsgatan,Sunday,Baguette,Salami & Brieost,1,0~1
Stockholm Xtra,ICA Rökubbsgatan,Sunday,Baguette,Skagen,1,0~1
Stockholm Xtra,ICA Rökubbsgatan,Sunday,Fralla,Ost & Skinka,1,1~2
Stockholm Xtra,ICA Rökubbsgatan,Sunday,Grönsallad,Caesarsallad,1,1~2
Stockholm Xtra,ICA Rökubbsgatan,Sunday,Grönsallad,Kyckling,1,0~1
Stockholm Xtra,ICA Rökubbsgatan,Sunday,Hönökaka,Ost,1,0~1
Stockholm Xtra,ICA Rökubbsgatan,Sunday,Hönökaka,Ost & Salami,1,0~1
Stockholm Xtra,ICA Rökubbsgatan,Sunday,Hönökaka,Ost & Skinka,1,1~2
Stockholm Xtra,ICA Rökubbsgatan,Sunday,Pastasallad,Bacon & Kyckling,1,1~2
Stockholm Xtra,ICA Rökubbsgatan,Sunday,Pastasallad,Kyckling & Salladsost,1,1~2
Stockholm Xtra,ICA Rökubbsgatan,Sunday,Pastasallad,Kyckling mangocurry,1,1~2
Stockholm Xtra,ICA Rökubbsgatan,Sunday,Pastasallad,Ost & Skinka,1,0~1
Stockholm Xtra,ICA Rökubbsgatan,Sunday,Pastasallad,Räkor,1,1~2
Stockholm Xtra,ICA Rökubbsgatan,Sunday,Sandwich,Bacon & Äggröra,1,1~2
Stockholm Xtra,ICA Rökubbsgatan,Sunday,Sandwich,Kyckling Curry,1,1~2
Stockholm Xtra,ICA Rökubbsgatan,Sunday,Sandwich,Räkor,1,0~1
Stockholm Xtra,ICA Rökubbsgatan,Sunday,Wraps,Caesar Kyckling,2,2~3
Stockholm Xtra,ICA Rökubbsgatan,Sunday,Wraps,Kyckling Bacon,4,3~4
Stockholm Xtra,ICA Rökubbsgatan,Sunday,Wraps,Kyckling Curry,2,2~3
Stockholm Xtra,ICA Rökubbsgatan,Sunday,Wraps,Kycklingsallad Olivie,1,0~1
Stockholm Xtra,ICA Rökubbsgatan,Sunday,Wraps,Sweet Chili,4,3~5
Stockholm Xtra,ICA Rökubbsgatan,Monday,Wraps,Caesar Kyckling,1,1~1
Stockholm Xtra,ICA Rökubbsgatan,Monday,Wraps,Kyckling Bacon,1,1~2
Stockholm Xtra,ICA Rökubbsgatan,Monday,Wraps,Kyckling Curry,1,0~1
Stockholm Xtra,ICA Rökubbsgatan,Monday,Wraps,Sweet Chili,1,1~2
Stockholm Xtra,ICA Rökubbsgatan,Tuesday,Fralla,Ost & Skinka,1,0~1
Stockholm Xtra,ICA Rökubbsgatan,Tuesday,Grönsallad,Caesarsallad,1,0~1
Stockholm Xtra,ICA Rökubbsgatan,Tuesday,Hönökaka,Ost & Skinka,1,0~1
Stockholm Xtra,ICA Rökubbsgatan,Tuesday,Pastasallad,Bacon & Kyckling,1,0~1
Stockholm Xtra,ICA Rökubbsgatan,Tuesday,Pastasallad,Kyckling & Salladsost,1,0~1
Stockholm Xtra,ICA Rökubbsgatan,Tuesday,Pastasallad,Kyckling mangocurry,1,1~1
Stockholm Xtra,ICA Rökubbsgatan,Tuesday,Pastasallad,Räkor,1,0~1
Stockholm Xtra,ICA Rökubbsgatan,Tuesday,Sandwich,Bacon & Äggröra,1,0~1
Stockholm Xtra,ICA Rökubbsgatan,Tuesday,Sandwich,Kyckling Curry,1,0~1
Stockholm Xtra,ICA Rökubbsgatan,Tuesday,Wraps,Caesar Kyckling,2,1~2
Stockholm Xtra,ICA Rökubbsgatan,Tuesday,Wraps,Kyckling Bacon,3,2~3
Stockholm Xtra,ICA Rökubbsgatan,Tuesday,Wraps,Kyckling Curry,2,1~2
Stockholm Xtra,ICA Rökubbsgatan,Tuesday,Wraps,Sweet Chili,3,2~4
Stockholm Xtra,ICA Rökubbsgatan,Wednesday,Wraps,Caesar Kyckling,1,0~1
Stockholm Xtra,ICA Rökubbsgatan,Wednesday,Wraps,Kyckling Bacon,1,1~1
Stockholm Xtra,ICA Rökubbsgatan,Wednesday,Wraps,Kyckling Curry,1,0~1
Stockholm Xtra,ICA Rökubbsgatan,Wednesday,Wraps,Sweet Chili,1,1~1
Stockholm Xtra,ICA Rökubbsgatan,Thursday,Baguette,Kyckling Curry,1,1~2
Stockholm Xtra,ICA Rökubbsgatan,Thursday,Baguette,Ost & Skinka,1,1~2
Stockholm Xtra,ICA Rökubbsgatan,Thursday,Baguette,Salami & Brieost,1,1~2
Stockholm Xtra,ICA Rökubbsgatan,Thursday,Baguette,Skagen,1,1~2
Stockholm Xtra,ICA Rökubbsgatan,Thursday,Fralla,Ost,1,0~1
Stockholm Xtra,ICA Rökubbsgatan,Thursday,Fralla,Ost & Skinka,1,1~2
Stockholm Xtra,ICA Rökubbsgatan,Thursday,Grönsallad,Caesarsallad,1,1~2
Stockholm Xtra,ICA Rökubbsgatan,Thursday,Grönsallad,Kyckling,1,1~2
Stockholm Xtra,ICA Rökubbsgatan,Thursday,Hönökaka,Ost,1,1~2
Stockholm Xtra,ICA Rökubbsgatan,Thursday,Hönökaka,Ost & Salami,1,1~2
Stockholm Xtra,ICA Rökubbsgatan,Thursday,Hönökaka,Ost & Skinka,1,1~2
Stockholm Xtra,ICA Rökubbsgatan,Thursday,Pastasallad,Bacon & Kyckling,1,1~2
Stockholm Xtra,ICA Rökubbsgatan,Thursday,Pastasallad,Kyckling & Salladsost,1,1~2
Stockholm Xtra,ICA Rökubbsgatan,Thursday,Pastasallad,Kyckling mangocurry,2,1~2
Stockholm Xtra,ICA Rökubbsgatan,Thursday,Pastasallad,Ost & Skinka,1,1~2
Stockholm Xtra,ICA Rökubbsgatan,Thursday,Pastasallad,Räkor,1,1~2
Stockholm Xtra,ICA Rökubbsgatan,Thursday,Sandwich,Bacon & Äggröra,1,1~2
Stockholm Xtra,ICA Rökubbsgatan,Thursday,Sandwich,Clubsandwich,1,0~1
Stockholm Xtra,ICA Rökubbsgatan,Thursday,Sandwich,Kyckling Curry,1,1~2
Stockholm Xtra,ICA Rökubbsgatan,Thursday,Sandwich,Kyckling Pestoröra,1,0~1
Stockholm Xtra,ICA Rökubbsgatan,Thursday,Sandwich,Räkor,1,1~2
Stockholm Xtra,ICA Rökubbsgatan,Thursday,Varmrätt,Kycklingkebab med bulgur,1,0~1
Stockholm Xtra,ICA Rökubbsgatan,Thursday,Varmrätt,Kycklingpestosallad,1,0~1
Stockholm Xtra,ICA Rökubbsgatan,Thursday,Varmrätt,Kycklingspett med ris,1,0~1
Stockholm Xtra,ICA Rökubbsgatan,Thursday,Varmrätt,Tacobolognese med fullkornspasta,1,0~1
Stockholm Xtra,ICA Rökubbsgatan,Thursday,Varmrätt,Teriyakibiff med ris,1,0~1
Stockholm Xtra,ICA Rökubbsgatan,Thursday,Wraps,Caesar Kyckling,2,2~4
Stockholm Xtra,ICA Rökubbsgatan,Thursday,Wraps,Kyckling Bacon,3,3~5
Stockholm Xtra,ICA Rökubbsgatan,Thursday,Wraps,Kyckling Curry,1,2~3
Stockholm Xtra,ICA Rökubbsgatan,Thursday,Wraps,Kycklingsallad Olivie,1,1~2
Stockholm Xtra,ICA Rökubbsgatan,Thursday,Wraps,Sweet Chili,4,4~4
Stockholm Xtra,ICA Rökubbsgatan,Thursday,XL Frallor,Grovfralla Kalkon & Färskost,1,0~1
Stockholm Xtra,ICA Rökubbsgatan,Thursday,XL Frallor,Ost,1,0~1
Stockholm Xtra,ICA Rökubbsgatan,Thursday,XL Frallor,Ost & Skinka,1,0~1
Stockholm Xtra,ICA kvantum Danderyd,Sunday,Baguette,Ost & Skinka,4,3~4
Stockholm Xtra,ICA kvantum Danderyd,Sunday,Baguette,Salami & Brieost,4,3~4
Stockholm Xtra,ICA kvantum Danderyd,Sunday,Baguette,Skagen,4,3~4
Stockholm Xtra,ICA kvantum Danderyd,Sunday,Grönsallad,Caesarsallad,3,2~4
Stockholm Xtra,ICA kvantum Danderyd,Sunday,Hönökaka,Ost,4,3~4
Stockholm Xtra,ICA kvantum Danderyd,Sunday,Hönökaka,Ost & Salami,4,3~4
Stockholm Xtra,ICA kvantum Danderyd,Sunday,Pastasallad,Kyckling & Salladsost,3,3~4
Stockholm Xtra,ICA kvantum Danderyd,Sunday,Pastasallad,Kyckling kebab,3,3~4
Stockholm Xtra,ICA kvantum Danderyd,Sunday,Pastasallad,Kyckling mangocurry,3,3~4
Stockholm Xtra,ICA kvantum Danderyd,Sunday,Pastasallad,Ost & Skinka,3,3~4
Stockholm Xtra,ICA kvantum Danderyd,Sunday,Pastasallad,Räkor,3,3~4
Stockholm Xtra,ICA kvantum Danderyd,Sunday,Sandwich,Clubsandwich,3,2~4
Stockholm Xtra,ICA kvantum Danderyd,Sunday,Sandwich,Ägg & Avocadokräm,3,2~4
Stockholm Xtra,ICA kvantum Danderyd,Sunday,Wraps,Caesar Kyckling,4,3~5
Stockholm Xtra,ICA kvantum Danderyd,Sunday,Wraps,Kyckling Bacon,4,3~4
Stockholm Xtra,ICA kvantum Danderyd,Sunday,Wraps,Kyckling Curry,4,3~4
Stockholm Xtra,ICA kvantum Danderyd,Sunday,Wraps,Sweet Chili,4,3~4
Stockholm Xtra,ICA kvantum Danderyd,Monday,Baguette,Ost & Skinka,1,1~2
Stockholm Xtra,ICA kvantum Danderyd,Monday,Baguette,Salami & Brieost,1,1~2
Stockholm Xtra,ICA kvantum Danderyd,Monday,Baguette,Skagen,1,1~2
Stockholm Xtra,ICA kvantum Danderyd,Monday,Grönsallad,Caesarsallad,1,1~1
Stockholm Xtra,ICA kvantum Danderyd,Monday,Hönökaka,Ost,1,1~2
Stockholm Xtra,ICA kvantum Danderyd,Monday,Hönökaka,Ost & Salami,1,1~2
Stockholm Xtra,ICA kvantum Danderyd,Monday,Pastasallad,Kyckling & Salladsost,1,1~1
Stockholm Xtra,ICA kvantum Danderyd,Monday,Pastasallad,Kyckling kebab,1,1~1
Stockholm Xtra,ICA kvantum Danderyd,Monday,Pastasallad,Kyckling mangocurry,1,1~1
Stockholm Xtra,ICA kvantum Danderyd,Monday,Pastasallad,Ost & Skinka,1,1~1
Stockholm Xtra,ICA kvantum Danderyd,Monday,Pastasallad,Räkor,1,1~1
Stockholm Xtra,ICA kvantum Danderyd,Monday,Sandwich,Clubsandwich,1,1~1
Stockholm Xtra,ICA kvantum Danderyd,Monday,Sandwich,Ägg & Avocadokräm,1,1~1
Stockholm Xtra,ICA kvantum Danderyd,Monday,Wraps,Caesar Kyckling,1,1~2
Stockholm Xtra,ICA kvantum Danderyd,Monday,Wraps,Kyckling Bacon,1,1~2
Stockholm Xtra,ICA kvantum Danderyd,Monday,Wraps,Kyckling Curry,1,1~2
Stockholm Xtra,ICA kvantum Danderyd,Monday,Wraps,Sweet Chili,1,1~2
Stockholm Xtra,ICA kvantum Danderyd,Tuesday,Baguette,Ost & Skinka,3,2~3
Stockholm Xtra,ICA kvantum Danderyd,Tuesday,Baguette,Salami & Brieost,3,2~3
Stockholm Xtra,ICA kvantum Danderyd,Tuesday,Baguette,Skagen,3,2~3
Stockholm Xtra,ICA kvantum Danderyd,Tuesday,Grönsallad,Caesarsallad,2,2~3
Stockholm Xtra,ICA kvantum Danderyd,Tuesday,Hönökaka,Ost,3,2~3
Stockholm Xtra,ICA kvantum Danderyd,Tuesday,Hönökaka,Ost & Salami,3,2~3
Stockholm Xtra,ICA kvantum Danderyd,Tuesday,Pastasallad,Kyckling & Salladsost,2,2~3
Stockholm Xtra,ICA kvantum Danderyd,Tuesday,Pastasallad,Kyckling kebab,2,2~3
Stockholm Xtra,ICA kvantum Danderyd,Tuesday,Pastasallad,Kyckling mangocurry,2,2~3
Stockholm Xtra,ICA kvantum Danderyd,Tuesday,Pastasallad,Ost & Skinka,2,2~3
Stockholm Xtra,ICA kvantum Danderyd,Tuesday,Pastasallad,Räkor,2,2~3
Stockholm Xtra,ICA kvantum Danderyd,Tuesday,Sandwich,Clubsandwich,2,2~3
Stockholm Xtra,ICA kvantum Danderyd,Tuesday,Sandwich,Ägg & Avocadokräm,2,2~3
Stockholm Xtra,ICA kvantum Danderyd,Tuesday,Wraps,Caesar Kyckling,3,2~4
Stockholm Xtra,ICA kvantum Danderyd,Tuesday,Wraps,Kyckling Bacon,3,2~3
Stockholm Xtra,ICA kvantum Danderyd,Tuesday,Wraps,Kyckling Curry,3,2~3
Stockholm Xtra,ICA kvantum Danderyd,Tuesday,Wraps,Sweet Chili,3,2~3
Stockholm Xtra,ICA kvantum Danderyd,Wednesday,Baguette,Ost & Skinka,1,1~1
Stockholm Xtra,ICA kvantum Danderyd,Wednesday,Baguette,Salami & Brieost,1,1~1
Stockholm Xtra,ICA kvantum Danderyd,Wednesday,Baguette,Skagen,1,1~1
Stockholm Xtra,ICA kvantum Danderyd,Wednesday,Grönsallad,Caesarsallad,1,1~1
Stockholm Xtra,ICA kvantum Danderyd,Wednesday,Hönökaka,Ost,1,1~1
Stockholm Xtra,ICA kvantum Danderyd,Wednesday,Hönökaka,Ost & Salami,1,1~1
Stockholm Xtra,ICA kvantum Danderyd,Wednesday,Pastasallad,Kyckling & Salladsost,1,1~1
Stockholm Xtra,ICA kvantum Danderyd,Wednesday,Pastasallad,Kyckling kebab,1,1~1
Stockholm Xtra,ICA kvantum Danderyd,Wednesday,Pastasallad,Kyckling mangocurry,1,1~1
Stockholm Xtra,ICA kvantum Danderyd,Wednesday,Pastasallad,Ost & Skinka,1,1~1
Stockholm Xtra,ICA kvantum Danderyd,Wednesday,Pastasallad,Räkor,1,1~1
Stockholm Xtra,ICA kvantum Danderyd,Wednesday,Sandwich,Clubsandwich,1,1~1
Stockholm Xtra,ICA kvantum Danderyd,Wednesday,Sandwich,Ägg & Avocadokräm,1,1~1
Stockholm Xtra,ICA kvantum Danderyd,Wednesday,Wraps,Caesar Kyckling,1,1~1
Stockholm Xtra,ICA kvantum Danderyd,Wednesday,Wraps,Kyckling Bacon,1,1~1
Stockholm Xtra,ICA kvantum Danderyd,Wednesday,Wraps,Kyckling Curry,1,1~1
Stockholm Xtra,ICA kvantum Danderyd,Wednesday,Wraps,Sweet Chili,1,1~1
Stockholm Xtra,ICA kvantum Danderyd,Thursday,Baguette,Ost & Skinka,3,3~5
Stockholm Xtra,ICA kvantum Danderyd,Thursday,Baguette,Salami & Brieost,3,3~5
Stockholm Xtra,ICA kvantum Danderyd,Thursday,Baguette,Skagen,3,3~5
Stockholm Xtra,ICA kvantum Danderyd,Thursday,Grönsallad,Caesarsallad,3,2~4
Stockholm Xtra,ICA kvantum Danderyd,Thursday,Hönökaka,Ost,3,3~5
Stockholm Xtra,ICA kvantum Danderyd,Thursday,Hönökaka,Ost & Salami,3,3~5
Stockholm Xtra,ICA kvantum Danderyd,Thursday,Pastasallad,Kyckling & Salladsost,4,2~5
Stockholm Xtra,ICA kvantum Danderyd,Thursday,Pastasallad,Kyckling kebab,4,2~5
Stockholm Xtra,ICA kvantum Danderyd,Thursday,Pastasallad,Kyckling mangocurry,4,2~5
Stockholm Xtra,ICA kvantum Danderyd,Thursday,Pastasallad,Ost & Skinka,4,2~5
Stockholm Xtra,ICA kvantum Danderyd,Thursday,Pastasallad,Räkor,4,2~5
Stockholm Xtra,ICA kvantum Danderyd,Thursday,Sandwich,Clubsandwich,3,2~4
Stockholm Xtra,ICA kvantum Danderyd,Thursday,Sandwich,Ägg & Avocadokräm,3,2~4
Stockholm Xtra,ICA kvantum Danderyd,Thursday,Wraps,Caesar Kyckling,4,4~4
Stockholm Xtra,ICA kvantum Danderyd,Thursday,Wraps,Kyckling Bacon,3,3~5
Stockholm Xtra,ICA kvantum Danderyd,Thursday,Wraps,Kyckling Curry,3,3~5
Stockholm Xtra,ICA kvantum Danderyd,Thursday,Wraps,Sweet Chili,3,3~5
Stockholm Xtra,ICA kvantum Sollentuna,Sunday,Varmrätt,Cevapcici med bulgur,7,5~8
Stockholm Xtra,ICA kvantum Sollentuna,Sunday,Varmrätt,Kycklingkebab med bulgur,7,5~8
Stockholm Xtra,ICA kvantum Sollentuna,Monday,Varmrätt,Cevapcici med bulgur,2,2~3
Stockholm Xtra,ICA kvantum Sollentuna,Monday,Varmrätt,Kycklingkebab med bulgur,2,2~3
Stockholm Xtra,ICA kvantum Sollentuna,Tuesday,Varmrätt,Cevapcici med bulgur,5,4~6
Stockholm Xtra,ICA kvantum Sollentuna,Tuesday,Varmrätt,Kycklingkebab med bulgur,5,4~6
Stockholm Xtra,ICA kvantum Sollentuna,Wednesday,Varmrätt,Cevapcici med bulgur,2,1~2
Stockholm Xtra,ICA kvantum Sollentuna,Wednesday,Varmrätt,Kycklingkebab med bulgur,2,1~2
Stockholm Xtra,ICA kvantum Sollentuna,Thursday,Varmrätt,Cevapcici med bulgur,6,6~8
Stockholm Xtra,ICA kvantum Sollentuna,Thursday,Varmrätt,Kycklingkebab med bulgur,6,6~8
Stockholm Xtra,The Coffice KTH,Sunday,Pastasallad,Falafel,1,0~1
Stockholm Xtra,The Coffice KTH,Sunday,Pastasallad,Kyckling & Salladsost,3,2~4
Stockholm Xtra,The Coffice KTH,Sunday,Pastasallad,Kyckling kebab,2,2~3
Stockholm Xtra,The Coffice KTH,Sunday,Pastasallad,Kyckling mangocurry,2,2~3
Stockholm Xtra,The Coffice KTH,Sunday,Pastasallad,Räkor,2,2~3
Stockholm Xtra,The Coffice KTH,Sunday,Sandwich,Clubsandwich,3,2~4
Stockholm Xtra,The Coffice KTH,Sunday,Sandwich,Kyckling Pestoröra,2,2~3
Stockholm Xtra,The Coffice KTH,Sunday,Sandwich,Räkor,2,2~3
Stockholm Xtra,The Coffice KTH,Sunday,Sandwich,Ägg & Avocadokräm,2,2~3
Stockholm Xtra,The Coffice KTH,Sunday,Varmrätt,Cevapcici med bulgur,3,3~4
Stockholm Xtra,The Coffice KTH,Sunday,Varmrätt,Kycklingkebab med bulgur,3,3~4
Stockholm Xtra,The Coffice KTH,Sunday,Varmrätt,Kycklingspett med ris,3,3~4
Stockholm Xtra,The Coffice KTH,Sunday,Wraps,Caesar Kyckling,4,3~5
Stockholm Xtra,The Coffice KTH,Sunday,Wraps,Kyckling Bacon,4,3~5
Stockholm Xtra,The Coffice KTH,Sunday,Wraps,Kyckling Curry,4,3~5
Stockholm Xtra,The Coffice KTH,Sunday,Wraps,Kycklingsallad Olivie,7,5~8
Stockholm Xtra,The Coffice KTH,Sunday,Wraps,Sweet Chili,4,3~5
Stockholm Xtra,The Coffice KTH,Monday,Pastasallad,Kyckling & Salladsost,1,1~1
Stockholm Xtra,The Coffice KTH,Monday,Pastasallad,Kyckling kebab,1,0~1
Stockholm Xtra,The Coffice KTH,Monday,Pastasallad,Kyckling mangocurry,1,1~1
Stockholm Xtra,The Coffice KTH,Monday,Pastasallad,Räkor,1,1~1
Stockholm Xtra,The Coffice KTH,Monday,Sandwich,Clubsandwich,1,1~1
Stockholm Xtra,The Coffice KTH,Monday,Sandwich,Kyckling Pestoröra,1,1~1
Stockholm Xtra,The Coffice KTH,Monday,Sandwich,Räkor,1,1~1
Stockholm Xtra,The Coffice KTH,Monday,Sandwich,Ägg & Avocadokräm,1,1~1
Stockholm Xtra,The Coffice KTH,Monday,Varmrätt,Cevapcici med bulgur,1,1~1
Stockholm Xtra,The Coffice KTH,Monday,Varmrätt,Kycklingkebab med bulgur,1,1~1
Stockholm Xtra,The Coffice KTH,Monday,Varmrätt,Kycklingspett med ris,1,1~1
Stockholm Xtra,The Coffice KTH,Monday,Wraps,Caesar Kyckling,1,1~2
Stockholm Xtra,The Coffice KTH,Monday,Wraps,Kyckling Bacon,1,1~2
Stockholm Xtra,The Coffice KTH,Monday,Wraps,Kyckling Curry,1,1~2
Stockholm Xtra,The Coffice KTH,Monday,Wraps,Kycklingsallad Olivie,2,2~3
Stockholm Xtra,The Coffice KTH,Monday,Wraps,Sweet Chili,1,1~2
Stockholm Xtra,The Coffice KTH,Tuesday,Pastasallad,Kyckling & Salladsost,2,2~3
Stockholm Xtra,The Coffice KTH,Tuesday,Pastasallad,Kyckling kebab,2,1~2
Stockholm Xtra,The Coffice KTH,Tuesday,Pastasallad,Kyckling mangocurry,2,1~2
Stockholm Xtra,The Coffice KTH,Tuesday,Pastasallad,Räkor,2,1~2
Stockholm Xtra,The Coffice KTH,Tuesday,Sandwich,Clubsandwich,2,2~3
Stockholm Xtra,The Coffice KTH,Tuesday,Sandwich,Kyckling Pestoröra,2,1~2
Stockholm Xtra,The Coffice KTH,Tuesday,Sandwich,Räkor,2,1~2
Stockholm Xtra,The Coffice KTH,Tuesday,Sandwich,Ägg & Avocadokräm,2,1~2
Stockholm Xtra,The Coffice KTH,Tuesday,Varmrätt,Cevapcici med bulgur,2,2~3
Stockholm Xtra,The Coffice KTH,Tuesday,Varmrätt,Kycklingkebab med bulgur,2,2~3
Stockholm Xtra,The Coffice KTH,Tuesday,Varmrätt,Kycklingspett med ris,2,2~3
Stockholm Xtra,The Coffice KTH,Tuesday,Wraps,Caesar Kyckling,3,2~4
Stockholm Xtra,The Coffice KTH,Tuesday,Wraps,Kyckling Bacon,3,2~4
Stockholm Xtra,The Coffice KTH,Tuesday,Wraps,Kyckling Curry,3,2~4
Stockholm Xtra,The Coffice KTH,Tuesday,Wraps,Kycklingsallad Olivie,5,4~6
Stockholm Xtra,The Coffice KTH,Tuesday,Wraps,Sweet Chili,3,2~4
Stockholm Xtra,The Coffice KTH,Wednesday,Pastasallad,Kyckling & Salladsost,1,1~1
Stockholm Xtra,The Coffice KTH,Wednesday,Pastasallad,Kyckling kebab,1,0~1
Stockholm Xtra,The Coffice KTH,Wednesday,Pastasallad,Kyckling mangocurry,1,0~1
Stockholm Xtra,The Coffice KTH,Wednesday,Pastasallad,Räkor,1,0~1
Stockholm Xtra,The Coffice KTH,Wednesday,Sandwich,Clubsandwich,1,1~1
Stockholm Xtra,The Coffice KTH,Wednesday,Sandwich,Kyckling Pestoröra,1,0~1
Stockholm Xtra,The Coffice KTH,Wednesday,Sandwich,Räkor,1,0~1
Stockholm Xtra,The Coffice KTH,Wednesday,Sandwich,Ägg & Avocadokräm,1,0~1
Stockholm Xtra,The Coffice KTH,Wednesday,Varmrätt,Cevapcici med bulgur,1,1~1
Stockholm Xtra,The Coffice KTH,Wednesday,Varmrätt,Kycklingkebab med bulgur,1,1~1
Stockholm Xtra,The Coffice KTH,Wednesday,Varmrätt,Kycklingspett med ris,1,1~1
Stockholm Xtra,The Coffice KTH,Wednesday,Wraps,Caesar Kyckling,1,1~1
Stockholm Xtra,The Coffice KTH,Wednesday,Wraps,Kyckling Bacon,1,1~1
Stockholm Xtra,The Coffice KTH,Wednesday,Wraps,Kyckling Curry,1,1~1
Stockholm Xtra,The Coffice KTH,Wednesday,Wraps,Kycklingsallad Olivie,2,1~2
Stockholm Xtra,The Coffice KTH,Wednesday,Wraps,Sweet Chili,1,1~1
Stockholm Xtra,The Coffice KTH,Thursday,Pastasallad,Falafel,1,1~2
Stockholm Xtra,The Coffice KTH,Thursday,Pastasallad,Kyckling & Salladsost,2,1~3
Stockholm Xtra,The Coffice KTH,Thursday,Pastasallad,Kyckling kebab,1,2~3
Stockholm Xtra,The Coffice KTH,Thursday,Pastasallad,Kyckling mangocurry,2,2~4
Stockholm Xtra,The Coffice KTH,Thursday,Pastasallad,Räkor,2,2~4
Stockholm Xtra,The Coffice KTH,Thursday,Sandwich,Clubsandwich,3,2~4
Stockholm Xtra,The Coffice KTH,Thursday,Sandwich,Kyckling Pestoröra,2,2~4
Stockholm Xtra,The Coffice KTH,Thursday,Sandwich,Räkor,2,2~4
Stockholm Xtra,The Coffice KTH,Thursday,Sandwich,Ägg & Avocadokräm,2,2~4
Stockholm Xtra,The Coffice KTH,Thursday,Varmrätt,Cevapcici med bulgur,4,2~5
Stockholm Xtra,The Coffice KTH,Thursday,Varmrätt,Kycklingkebab med bulgur,4,2~5
Stockholm Xtra,The Coffice KTH,Thursday,Varmrätt,Kycklingspett med ris,4,2~5
Stockholm Xtra,The Coffice KTH,Thursday,Wraps,Caesar Kyckling,5,4~6
Stockholm Xtra,The Coffice KTH,Thursday,Wraps,Kyckling Bacon,5,4~6
Stockholm Xtra,The Coffice KTH,Thursday,Wraps,Kyckling Curry,5,4~6
Stockholm Xtra,The Coffice KTH,Thursday,Wraps,Kycklingsallad Olivie,6,6~8
Stockholm Xtra,The Coffice KTH,Thursday,Wraps,Sweet Chili,5,4~6
Stockholm Östra,Coop Bagarmossen,Sunday,Baguette,Salami & Brieost,1,1~2
Stockholm Östra,Coop Bagarmossen,Sunday,Baguette,Skagen,1,1~2
Stockholm Östra,Coop Bagarmossen,Sunday,Fralla,Ost,1,1~2
Stockholm Östra,Coop Bagarmossen,Sunday,Fralla,Ost & Skinka,2,2~3
Stockholm Östra,Coop Bagarmossen,Sunday,Hönökaka,Ost,2,2~2
Stockholm Östra,Coop Bagarmossen,Sunday,Hönökaka,Ost & Skinka,1,1~2
Stockholm Östra,Coop Bagarmossen,Sunday,Pastasallad,Kyckling mangocurry,1,1~2
Stockholm Östra,Coop Bagarmossen,Sunday,Pastasallad,Ost & Skinka,1,0~1
Stockholm Östra,Coop Bagarmossen,Sunday,Pastasallad,Räkor,1,0~1
Stockholm Östra,Coop Bagarmossen,Sunday,Sandwich,Räkor,1,0~1
Stockholm Östra,Coop Bagarmossen,Sunday,Sandwich,Ägg & Avocadokräm,1,0~1
Stockholm Östra,Coop Bagarmossen,Sunday,Wraps,Caesar Kyckling,1,0~1
Stockholm Östra,Coop Bagarmossen,Sunday,Wraps,Kyckling Bacon,1,1~2
Stockholm Östra,Coop Bagarmossen,Sunday,Wraps,Kyckling Curry,1,1~2
Stockholm Östra,Coop Bagarmossen,Sunday,Wraps,Sweet Chili,1,1~2
Stockholm Östra,Coop Bagarmossen,Sunday,Wraps,Wrap Curry Oumph!,1,0~1
Stockholm Östra,Coop Bagarmossen,Sunday,XL Frallor,Grovfralla Kalkon & Färskost,1,0~1
Stockholm Östra,Coop Bagarmossen,Sunday,XL Frallor,Ost,1,1~2
Stockholm Östra,Coop Bagarmossen,Sunday,XL Frallor,Ost & Skinka,1,0~1
Stockholm Östra,Coop Bagarmossen,Monday,Fralla,Ost & Skinka,1,0~1
Stockholm Östra,Coop Bagarmossen,Monday,Hönökaka,Ost,1,0~1
Stockholm Östra,Coop Bagarmossen,Tuesday,Baguette,Salami & Brieost,1,0~1
Stockholm Östra,Coop Bagarmossen,Tuesday,Baguette,Skagen,1,0~1
Stockholm Östra,Coop Bagarmossen,Tuesday,Fralla,Ost,1,1~1
Stockholm Östra,Coop Bagarmossen,Tuesday,Fralla,Ost & Skinka,2,1~2
Stockholm Östra,Coop Bagarmossen,Tuesday,Hönökaka,Ost,1,1~2
Stockholm Östra,Coop Bagarmossen,Tuesday,Hönökaka,Ost & Skinka,1,1~1
Stockholm Östra,Coop Bagarmossen,Tuesday,Pastasallad,Kyckling mangocurry,1,0~1
Stockholm Östra,Coop Bagarmossen,Tuesday,Wraps,Kyckling Bacon,1,0~1
Stockholm Östra,Coop Bagarmossen,Tuesday,Wraps,Kyckling Curry,1,0~1
Stockholm Östra,Coop Bagarmossen,Tuesday,Wraps,Sweet Chili,1,0~1
Stockholm Östra,Coop Bagarmossen,Tuesday,XL Frallor,Ost,1,0~1
Stockholm Östra,Coop Bagarmossen,Wednesday,Fralla,Ost & Skinka,1,0~1
Stockholm Östra,Coop Bagarmossen,Thursday,Baguette,Kyckling Curry,1,0~1
Stockholm Östra,Coop Bagarmossen,Thursday,Baguette,Kyckling Sweet Chili,1,0~1
Stockholm Östra,Coop Bagarmossen,Thursday,Baguette,Salami & Brieost,1,1~2
Stockholm Östra,Coop Bagarmossen,Thursday,Baguette,Skagen,1,1~2
Stockholm Östra,Coop Bagarmossen,Thursday,Fralla,Ost,2,1~2
Stockholm Östra,Coop Bagarmossen,Thursday,Fralla,Ost & Skinka,1,2~3
Stockholm Östra,Coop Bagarmossen,Thursday,Grönsallad,Kyckling,1,0~1
Stockholm Östra,Coop Bagarmossen,Thursday,Hönökaka,Ost,2,2~2
Stockholm Östra,Coop Bagarmossen,Thursday,Hönökaka,Ost & Skinka,2,1~2
Stockholm Östra,Coop Bagarmossen,Thursday,Pastasallad,Kyckling mangocurry,1,1~2
Stockholm Östra,Coop Bagarmossen,Thursday,Pastasallad,Ost & Skinka,1,1~2
Stockholm Östra,Coop Bagarmossen,Thursday,Pastasallad,Räkor,1,1~2
Stockholm Östra,Coop Bagarmossen,Thursday,Sandwich,Clubsandwich,1,0~1
Stockholm Östra,Coop Bagarmossen,Thursday,Sandwich,Kyckling Curry,1,0~1
Stockholm Östra,Coop Bagarmossen,Thursday,Sandwich,Räkor,1,1~2
Stockholm Östra,Coop Bagarmossen,Thursday,Sandwich,Ägg & Avocadokräm,1,1~2
Stockholm Östra,Coop Bagarmossen,Thursday,Varmrätt,Cevapcici med bulgur,1,0~1
Stockholm Östra,Coop Bagarmossen,Thursday,Varmrätt,Kycklingspett med ris,1,0~1
Stockholm Östra,Coop Bagarmossen,Thursday,Varmrätt,Teriyakikycklingfile med basmatiris,1,0~1
Stockholm Östra,Coop Bagarmossen,Thursday,Wraps,Caesar Kyckling,1,1~2
Stockholm Östra,Coop Bagarmossen,Thursday,Wraps,Kyckling Bacon,1,1~2
Stockholm Östra,Coop Bagarmossen,Thursday,Wraps,Kyckling Curry,1,1~2
Stockholm Östra,Coop Bagarmossen,Thursday,Wraps,Kycklingsallad Olivie,1,0~1
Stockholm Östra,Coop Bagarmossen,Thursday,Wraps,Sweet Chili,1,1~2
Stockholm Östra,Coop Bagarmossen,Thursday,Wraps,Wrap Curry Oumph!,1,1~2
Stockholm Östra,Coop Bagarmossen,Thursday,XL Frallor,Grovfralla Kalkon & Färskost,1,1~2
Stockholm Östra,Coop Bagarmossen,Thursday,XL Frallor,Ost,1,1~2
Stockholm Östra,Coop Bagarmossen,Thursday,XL Frallor,Ost & Skinka,1,1~2
Stockholm Östra,Coop Björkhagen,Sunday,Baguette,Kycklingsallad Olivie,1,0~1
Stockholm Östra,Coop Björkhagen,Sunday,Fralla,Ost,1,1~2
Stockholm Östra,Coop Björkhagen,Sunday,Fralla,Ost & Skinka,1,1~2
Stockholm Östra,Coop Björkhagen,Sunday,Hönökaka,Ost,1,1~2
Stockholm Östra,Coop Björkhagen,Sunday,Hönökaka,Ost & Salami,1,1~2
Stockholm Östra,Coop Björkhagen,Sunday,Hönökaka,Ost & Skinka,1,1~2
Stockholm Östra,Coop Björkhagen,Sunday,Pastasallad,Bacon & Kyckling,1,1~2
Stockholm Östra,Coop Björkhagen,Sunday,Pastasallad,Räkor,1,0~1
Stockholm Östra,Coop Björkhagen,Sunday,Sandwich,Räkor,1,0~1
Stockholm Östra,Coop Björkhagen,Sunday,Wraps,Caesar Kyckling,1,1~2
Stockholm Östra,Coop Björkhagen,Sunday,Wraps,Kyckling Bacon,3,2~4
Stockholm Östra,Coop Björkhagen,Sunday,Wraps,Kyckling Curry,1,1~2
Stockholm Östra,Coop Björkhagen,Sunday,Wraps,Sweet Chili,1,0~1
Stockholm Östra,Coop Björkhagen,Sunday,Wraps,Wrap Curry Oumph!,1,1~2
Stockholm Östra,Coop Björkhagen,Sunday,XL Frallor,Ost & Skinka,1,1~2
Stockholm Östra,Coop Björkhagen,Monday,Wraps,Kyckling Bacon,1,1~1
Stockholm Östra,Coop Björkhagen,Tuesday,Fralla,Ost,1,0~1
Stockholm Östra,Coop Björkhagen,Tuesday,Fralla,Ost & Skinka,1,1~1
Stockholm Östra,Coop Björkhagen,Tuesday,Hönökaka,Ost,1,0~1
Stockholm Östra,Coop Björkhagen,Tuesday,Hönökaka,Ost & Salami,1,0~1
Stockholm Östra,Coop Björkhagen,Tuesday,Hönökaka,Ost & Skinka,1,1~1
Stockholm Östra,Coop Björkhagen,Tuesday,Pastasallad,Bacon & Kyckling,1,0~1
Stockholm Östra,Coop Björkhagen,Tuesday,Wraps,Caesar Kyckling,1,1~1
Stockholm Östra,Coop Björkhagen,Tuesday,Wraps,Kyckling Bacon,2,2~3
Stockholm Östra,Coop Björkhagen,Tuesday,Wraps,Kyckling Curry,1,0~1
Stockholm Östra,Coop Björkhagen,Tuesday,Wraps,Wrap Curry Oumph!,1,0~1
Stockholm Östra,Coop Björkhagen,Tuesday,XL Frallor,Ost & Skinka,1,0~1
Stockholm Östra,Coop Björkhagen,Wednesday,Wraps,Kyckling Bacon,1,1~1
Stockholm Östra,Coop Björkhagen,Thursday,Baguette,Kyckling Sweet Chili,1,0~1
Stockholm Östra,Coop Björkhagen,Thursday,Baguette,Kycklingsallad Olivie,1,1~2
Stockholm Östra,Coop Björkhagen,Thursday,Fralla,Ost,1,1~2
Stockholm Östra,Coop Björkhagen,Thursday,Fralla,Ost & Skinka,2,1~2
Stockholm Östra,Coop Björkhagen,Thursday,Hönökaka,Ost,1,1~2
Stockholm Östra,Coop Björkhagen,Thursday,Hönökaka,Ost & Salami,1,1~2
Stockholm Östra,Coop Björkhagen,Thursday,Hönökaka,Ost & Skinka,2,1~2
Stockholm Östra,Coop Björkhagen,Thursday,Pastasallad,Bacon & Kyckling,1,1~2
Stockholm Östra,Coop Björkhagen,Thursday,Pastasallad,Kyckling kebab,1,0~1
Stockholm Östra,Coop Björkhagen,Thursday,Pastasallad,Kyckling mangocurry,1,0~1
Stockholm Östra,Coop Björkhagen,Thursday,Pastasallad,Räkor,1,1~2
Stockholm Östra,Coop Björkhagen,Thursday,Sandwich,Clubsandwich,1,0~1
Stockholm Östra,Coop Björkhagen,Thursday,Sandwich,Räkor,1,1~2
Stockholm Östra,Coop Björkhagen,Thursday,Wraps,Caesar Kyckling,2,1~2
Stockholm Östra,Coop Björkhagen,Thursday,Wraps,Kyckling Bacon,2,1~3
Stockholm Östra,Coop Björkhagen,Thursday,Wraps,Kyckling Curry,1,1~2
Stockholm Östra,Coop Björkhagen,Thursday,Wraps,Kycklingsallad Olivie,1,0~1
Stockholm Östra,Coop Björkhagen,Thursday,Wraps,Sweet Chili,1,1~2
Stockholm Östra,Coop Björkhagen,Thursday,Wraps,Wrap Curry Oumph!,1,1~2
Stockholm Östra,Coop Björkhagen,Thursday,XL Frallor,Ost,1,0~1
Stockholm Östra,Coop Björkhagen,Thursday,XL Frallor,Ost & Skinka,1,1~2
Stockholm Östra,Coop Farsta centrum,Sunday,Pastasallad,Kyckling mangocurry,4,3~5
Stockholm Östra,Coop Farsta centrum,Monday,Pastasallad,Kyckling mangocurry,1,1~2
Stockholm Östra,Coop Farsta centrum,Tuesday,Pastasallad,Kyckling mangocurry,3,2~4
Stockholm Östra,Coop Farsta centrum,Wednesday,Pastasallad,Kyckling mangocurry,1,1~1
Stockholm Östra,Coop Farsta centrum,Thursday,Pastasallad,Kyckling mangocurry,5,4~6
Stockholm Östra,Coop GUBBÄNGEN,Sunday,Baguette,Kyckling Sweet Chili,1,0~1
Stockholm Östra,Coop GUBBÄNGEN,Sunday,Baguette,Salami & Brieost,1,1~2
Stockholm Östra,Coop GUBBÄNGEN,Sunday,Fralla,Ost,2,2~3
Stockholm Östra,Coop GUBBÄNGEN,Sunday,Fralla,Ost & Skinka,2,2~2
Stockholm Östra,Coop GUBBÄNGEN,Sunday,Hönökaka,Ost & Salami,2,2~3
Stockholm Östra,Coop GUBBÄNGEN,Sunday,Hönökaka,Ost & Skinka,1,1~2
Stockholm Östra,Coop GUBBÄNGEN,Sunday,Pastasallad,Bacon & Kyckling,2,1~2
Stockholm Östra,Coop GUBBÄNGEN,Sunday,Pastasallad,Kyckling & Salladsost,1,1~2
Stockholm Östra,Coop GUBBÄNGEN,Sunday,Pastasallad,Kyckling mangocurry,2,2~3
Stockholm Östra,Coop GUBBÄNGEN,Sunday,Wraps,Caesar Kyckling,1,1~2
Stockholm Östra,Coop GUBBÄNGEN,Sunday,Wraps,Kyckling Curry,1,1~2
Stockholm Östra,Coop GUBBÄNGEN,Sunday,Wraps,Sweet Chili,3,3~4
Stockholm Östra,Coop GUBBÄNGEN,Sunday,Wraps,Wrap Curry Oumph!,1,1~2
Stockholm Östra,Coop GUBBÄNGEN,Sunday,XL Frallor,Ost & Skinka,1,1~2
Stockholm Östra,Coop GUBBÄNGEN,Monday,Fralla,Ost,1,1~1
Stockholm Östra,Coop GUBBÄNGEN,Monday,Fralla,Ost & Skinka,1,0~1
Stockholm Östra,Coop GUBBÄNGEN,Monday,Hönökaka,Ost & Salami,1,0~1
Stockholm Östra,Coop GUBBÄNGEN,Monday,Pastasallad,Kyckling mangocurry,1,1~1
Stockholm Östra,Coop GUBBÄNGEN,Monday,Wraps,Sweet Chili,1,1~1
Stockholm Östra,Coop GUBBÄNGEN,Tuesday,Baguette,Salami & Brieost,1,0~1
Stockholm Östra,Coop GUBBÄNGEN,Tuesday,Fralla,Ost,2,1~2
Stockholm Östra,Coop GUBBÄNGEN,Tuesday,Fralla,Ost & Skinka,1,1~2
Stockholm Östra,Coop GUBBÄNGEN,Tuesday,Hönökaka,Ost & Salami,2,1~2
Stockholm Östra,Coop GUBBÄNGEN,Tuesday,Hönökaka,Ost & Skinka,1,1~1
Stockholm Östra,Coop GUBBÄNGEN,Tuesday,Pastasallad,Bacon & Kyckling,1,1~2
Stockholm Östra,Coop GUBBÄNGEN,Tuesday,Pastasallad,Kyckling & Salladsost,1,0~1
Stockholm Östra,Coop GUBBÄNGEN,Tuesday,Pastasallad,Kyckling mangocurry,2,1~2
Stockholm Östra,Coop GUBBÄNGEN,Tuesday,Wraps,Caesar Kyckling,1,0~1
Stockholm Östra,Coop GUBBÄNGEN,Tuesday,Wraps,Kyckling Curry,1,0~1
Stockholm Östra,Coop GUBBÄNGEN,Tuesday,Wraps,Sweet Chili,2,2~3
Stockholm Östra,Coop GUBBÄNGEN,Tuesday,Wraps,Wrap Curry Oumph!,1,0~1
Stockholm Östra,Coop GUBBÄNGEN,Tuesday,XL Frallor,Ost & Skinka,1,0~1
Stockholm Östra,Coop GUBBÄNGEN,Wednesday,Fralla,Ost,1,0~1
Stockholm Östra,Coop GUBBÄNGEN,Wednesday,Hönökaka,Ost & Salami,1,0~1
Stockholm Östra,Coop GUBBÄNGEN,Wednesday,Pastasallad,Kyckling mangocurry,1,0~1
Stockholm Östra,Coop GUBBÄNGEN,Wednesday,Wraps,Sweet Chili,1,1~1
Stockholm Östra,Coop GUBBÄNGEN,Thursday,Baguette,Kyckling Sweet Chili,1,1~2
Stockholm Östra,Coop GUBBÄNGEN,Thursday,Baguette,Salami & Brieost,1,1~2
Stockholm Östra,Coop GUBBÄNGEN,Thursday,Fralla,Ost,2,2~4
Stockholm Östra,Coop GUBBÄNGEN,Thursday,Fralla,Ost & Skinka,2,2~2
Stockholm Östra,Coop GUBBÄNGEN,Thursday,Glutenfri Frallor,Glutenfri Ost & Skinka(endast söndagsbeställning),1,0~1
Stockholm Östra,Coop GUBBÄNGEN,Thursday,Grönsallad,Kyckling,1,0~1
Stockholm Östra,Coop GUBBÄNGEN,Thursday,Hönökaka,Ost,1,0~1
Stockholm Östra,Coop GUBBÄNGEN,Thursday,Hönökaka,Ost & Salami,1,2~3
Stockholm Östra,Coop GUBBÄNGEN,Thursday,Hönökaka,Ost & Skinka,2,1~2
Stockholm Östra,Coop GUBBÄNGEN,Thursday,Pastasallad,Bacon & Kyckling,2,2~1
Stockholm Östra,Coop GUBBÄNGEN,Thursday,Pastasallad,Falafel,1,0~1
Stockholm Östra,Coop GUBBÄNGEN,Thursday,Pastasallad,Kyckling & Salladsost,1,1~2
Stockholm Östra,Coop GUBBÄNGEN,Thursday,Pastasallad,Kyckling mangocurry,2,2~4
Stockholm Östra,Coop GUBBÄNGEN,Thursday,Pastasallad,Räkor,1,0~1
Stockholm Östra,Coop GUBBÄNGEN,Thursday,Sandwich,Bacon & Äggröra,1,0~1
Stockholm Östra,Coop GUBBÄNGEN,Thursday,Sandwich,Clubsandwich,1,0~1
Stockholm Östra,Coop GUBBÄNGEN,Thursday,Sandwich,Kyckling Curry,1,0~1
Stockholm Östra,Coop GUBBÄNGEN,Thursday,Sandwich,Kyckling Pestoröra,1,0~1
Stockholm Östra,Coop GUBBÄNGEN,Thursday,Sandwich,Räkor,1,0~1
Stockholm Östra,Coop GUBBÄNGEN,Thursday,Sandwich,Ägg & Avocadokräm,1,0~1
Stockholm Östra,Coop GUBBÄNGEN,Thursday,Wraps,Caesar Kyckling,1,1~2
Stockholm Östra,Coop GUBBÄNGEN,Thursday,Wraps,Kyckling Bacon,1,0~1
Stockholm Östra,Coop GUBBÄNGEN,Thursday,Wraps,Kyckling Curry,1,1~2
Stockholm Östra,Coop GUBBÄNGEN,Thursday,Wraps,Sweet Chili,4,2~5
Stockholm Östra,Coop GUBBÄNGEN,Thursday,Wraps,Wrap Curry Oumph!,1,1~2
Stockholm Östra,Coop GUBBÄNGEN,Thursday,XL Frallor,Grovfralla Kalkon & Färskost,1,0~1
Stockholm Östra,Coop GUBBÄNGEN,Thursday,XL Frallor,Ost,1,0~1
Stockholm Östra,Coop GUBBÄNGEN,Thursday,XL Frallor,Ost & Skinka,1,1~2
Stockholm Östra,Coop Hammarby Sjöstad,Sunday,Baguette,Ost & Skinka,1,0~1
Stockholm Östra,Coop Hammarby Sjöstad,Sunday,Baguette,Salami & Brieost,1,0~1
Stockholm Östra,Coop Hammarby Sjöstad,Sunday,Fralla,Ost,1,1~2
Stockholm Östra,Coop Hammarby Sjöstad,Sunday,Fralla,Ost & Skinka,1,1~2
Stockholm Östra,Coop Hammarby Sjöstad,Sunday,Hönökaka,Ost,1,0~1
Stockholm Östra,Coop Hammarby Sjöstad,Sunday,Hönökaka,Ost & Salami,1,1~2
Stockholm Östra,Coop Hammarby Sjöstad,Sunday,Pastasallad,Kyckling & Salladsost,1,0~1
Stockholm Östra,Coop Hammarby Sjöstad,Sunday,Pastasallad,Kyckling mangocurry,3,2~4
Stockholm Östra,Coop Hammarby Sjöstad,Sunday,Wraps,Caesar Kyckling,1,0~1
Stockholm Östra,Coop Hammarby Sjöstad,Sunday,Wraps,Kyckling Bacon,2,2~3
Stockholm Östra,Coop Hammarby Sjöstad,Sunday,Wraps,Kyckling Curry,1,0~1
Stockholm Östra,Coop Hammarby Sjöstad,Sunday,Wraps,Sweet Chili,1,0~1
Stockholm Östra,Coop Hammarby Sjöstad,Sunday,XL Frallor,Ost,1,0~1
Stockholm Östra,Coop Hammarby Sjöstad,Sunday,XL Frallor,Ost & Skinka,2,2~3
Stockholm Östra,Coop Hammarby Sjöstad,Monday,Pastasallad,Kyckling mangocurry,1,1~1
Stockholm Östra,Coop Hammarby Sjöstad,Monday,Wraps,Kyckling Bacon,1,1~1
Stockholm Östra,Coop Hammarby Sjöstad,Monday,XL Frallor,Ost & Skinka,1,1~1
Stockholm Östra,Coop Hammarby Sjöstad,Tuesday,Fralla,Ost,1,0~1
Stockholm Östra,Coop Hammarby Sjöstad,Tuesday,Fralla,Ost & Skinka,1,0~1
Stockholm Östra,Coop Hammarby Sjöstad,Tuesday,Hönökaka,Ost & Salami,1,0~1
Stockholm Östra,Coop Hammarby Sjöstad,Tuesday,Pastasallad,Kyckling mangocurry,2,2~3
Stockholm Östra,Coop Hammarby Sjöstad,Tuesday,Wraps,Kyckling Bacon,2,1~2
Stockholm Östra,Coop Hammarby Sjöstad,Tuesday,XL Frallor,Ost & Skinka,2,1~2
Stockholm Östra,Coop Hammarby Sjöstad,Wednesday,Pastasallad,Kyckling mangocurry,1,1~1
Stockholm Östra,Coop Hammarby Sjöstad,Wednesday,Wraps,Kyckling Bacon,1,0~1
Stockholm Östra,Coop Hammarby Sjöstad,Wednesday,XL Frallor,Ost & Skinka,1,0~1
Stockholm Östra,Coop Hammarby Sjöstad,Thursday,Baguette,Ost & Skinka,1,1~2
Stockholm Östra,Coop Hammarby Sjöstad,Thursday,Baguette,Salami & Brieost,1,1~2
Stockholm Östra,Coop Hammarby Sjöstad,Thursday,Fralla,Ost,1,1~2
Stockholm Östra,Coop Hammarby Sjöstad,Thursday,Fralla,Ost & Skinka,1,1~2
Stockholm Östra,Coop Hammarby Sjöstad,Thursday,Grönsallad,Kyckling,1,0~1
Stockholm Östra,Coop Hammarby Sjöstad,Thursday,Hönökaka,Ost,1,1~2
Stockholm Östra,Coop Hammarby Sjöstad,Thursday,Hönökaka,Ost & Salami,1,1~2
Stockholm Östra,Coop Hammarby Sjöstad,Thursday,Hönökaka,Ost & Skinka,1,0~1
Stockholm Östra,Coop Hammarby Sjöstad,Thursday,Pastasallad,Bacon & Kyckling,1,0~1
Stockholm Östra,Coop Hammarby Sjöstad,Thursday,Pastasallad,Kyckling & Salladsost,1,1~2
Stockholm Östra,Coop Hammarby Sjöstad,Thursday,Pastasallad,Kyckling mangocurry,2,1~3
Stockholm Östra,Coop Hammarby Sjöstad,Thursday,Pastasallad,Räkor,1,0~1
Stockholm Östra,Coop Hammarby Sjöstad,Thursday,Sandwich,Kyckling Curry,1,0~1
Stockholm Östra,Coop Hammarby Sjöstad,Thursday,Wraps,Caesar Kyckling,1,1~2
Stockholm Östra,Coop Hammarby Sjöstad,Thursday,Wraps,Kyckling Bacon,2,2~4
Stockholm Östra,Coop Hammarby Sjöstad,Thursday,Wraps,Kyckling Curry,1,1~2
Stockholm Östra,Coop Hammarby Sjöstad,Thursday,Wraps,Sweet Chili,1,1~2
Stockholm Östra,Coop Hammarby Sjöstad,Thursday,XL Frallor,Ost,1,1~2
Stockholm Östra,Coop Hammarby Sjöstad,Thursday,XL Frallor,Ost & Skinka,2,2~4
Stockholm Östra,Coop Huddinge,Sunday,Baguette,Ost & Skinka,1,0~1
Stockholm Östra,Coop Huddinge,Sunday,Baguette,Salami & Brieost,2,2~3
Stockholm Östra,Coop Huddinge,Sunday,Baguette,Skagen,1,1~2
Stockholm Östra,Coop Huddinge,Sunday,Fralla,Ost,1,1~2
Stockholm Östra,Coop Huddinge,Sunday,Fralla,Ost & Skinka,1,1~2
Stockholm Östra,Coop Huddinge,Sunday,Glutenfri Frallor,Glutenfri Ost & Skinka(endast söndagsbeställning),1,0~1
Stockholm Östra,Coop Huddinge,Sunday,Glutenfri Frallor,Glutenfri Ost(endast söndagsbeställning),1,0~1
Stockholm Östra,Coop Huddinge,Sunday,Hönökaka,Ost,2,2~3
Stockholm Östra,Coop Huddinge,Sunday,Hönökaka,Ost & Salami,1,0~1
Stockholm Östra,Coop Huddinge,Sunday,Hönökaka,Ost & Skinka,1,1~2
Stockholm Östra,Coop Huddinge,Sunday,Pastasallad,Kyckling & Salladsost,1,0~1
Stockholm Östra,Coop Huddinge,Sunday,Pastasallad,Kyckling mangocurry,1,0~1
Stockholm Östra,Coop Huddinge,Sunday,Pastasallad,Räkor,1,0~1
Stockholm Östra,Coop Huddinge,Sunday,Varmrätt,Kycklingspett med ris,1,0~1
Stockholm Östra,Coop Huddinge,Sunday,Wraps,Caesar Kyckling,1,0~1
Stockholm Östra,Coop Huddinge,Sunday,Wraps,Kyckling Bacon,1,1~2
Stockholm Östra,Coop Huddinge,Sunday,Wraps,Kyckling Curry,2,2~3
Stockholm Östra,Coop Huddinge,Monday,Baguette,Salami & Brieost,1,1~1
Stockholm Östra,Coop Huddinge,Monday,Hönökaka,Ost,1,1~1
Stockholm Östra,Coop Huddinge,Monday,Wraps,Kyckling Curry,1,0~1
Stockholm Östra,Coop Huddinge,Tuesday,Baguette,Salami & Brieost,2,1~2
Stockholm Östra,Coop Huddinge,Tuesday,Baguette,Skagen,1,0~1
Stockholm Östra,Coop Huddinge,Tuesday,Fralla,Ost,1,0~1
Stockholm Östra,Coop Huddinge,Tuesday,Fralla,Ost & Skinka,1,1~1
Stockholm Östra,Coop Huddinge,Tuesday,Hönökaka,Ost,2,1~2
Stockholm Östra,Coop Huddinge,Tuesday,Hönökaka,Ost & Skinka,1,1~1
Stockholm Östra,Coop Huddinge,Tuesday,Wraps,Kyckling Bacon,1,0~1
Stockholm Östra,Coop Huddinge,Tuesday,Wraps,Kyckling Curry,2,1~2
Stockholm Östra,Coop Huddinge,Wednesday,Baguette,Salami & Brieost,1,0~1
Stockholm Östra,Coop Huddinge,Wednesday,Hönökaka,Ost,1,0~1
Stockholm Östra,Coop Huddinge,Wednesday,Wraps,Kyckling Curry,1,0~1
Stockholm Östra,Coop Huddinge,Thursday,Baguette,Ost & Skinka,1,1~2
Stockholm Östra,Coop Huddinge,Thursday,Baguette,Salami & Brieost,2,2~4
Stockholm Östra,Coop Huddinge,Thursday,Baguette,Skagen,1,1~2
Stockholm Östra,Coop Huddinge,Thursday,Fralla,Ost,1,1~2
Stockholm Östra,Coop Huddinge,Thursday,Fralla,Ost & Skinka,2,1~2
Stockholm Östra,Coop Huddinge,Thursday,Glutenfri Frallor,Glutenfri Ost & Skinka(endast söndagsbeställning),1,1~2
Stockholm Östra,Coop Huddinge,Thursday,Glutenfri Frallor,Glutenfri Ost(endast söndagsbeställning),1,1~2
Stockholm Östra,Coop Huddinge,Thursday,Glutenfri Frallor,Glutenfri Pumpafralla Kalkon & Färskost(endast söndagsbeställning),1,0~1
Stockholm Östra,Coop Huddinge,Thursday,Hönökaka,Ost,2,2~4
Stockholm Östra,Coop Huddinge,Thursday,Hönökaka,Ost & Salami,1,1~2
Stockholm Östra,Coop Huddinge,Thursday,Hönökaka,Ost & Skinka,2,1~2
Stockholm Östra,Coop Huddinge,Thursday,Pastasallad,Kyckling & Salladsost,1,1~2
Stockholm Östra,Coop Huddinge,Thursday,Pastasallad,Kyckling mangocurry,1,1~2
Stockholm Östra,Coop Huddinge,Thursday,Pastasallad,Räkor,1,1~2
Stockholm Östra,Coop Huddinge,Thursday,Sandwich,Kyckling Curry,1,0~1
Stockholm Östra,Coop Huddinge,Thursday,Sandwich,Ägg & Avocadokräm,1,0~1
Stockholm Östra,Coop Huddinge,Thursday,Varmrätt,Cevapcici med bulgur,1,0~1
Stockholm Östra,Coop Huddinge,Thursday,Varmrätt,Kycklingspett med ris,1,1~2
Stockholm Östra,Coop Huddinge,Thursday,Wraps,Caesar Kyckling,1,1~2
Stockholm Östra,Coop Huddinge,Thursday,Wraps,Kyckling Bacon,1,1~2
Stockholm Östra,Coop Huddinge,Thursday,Wraps,Kyckling Curry,1,2~3
Stockholm Östra,Coop Huddinge,Thursday,Wraps,Sweet Chili,1,0~1
Stockholm Östra,Coop HÖGDALEN,Sunday,Fralla,Ost,1,1~2
Stockholm Östra,Coop HÖGDALEN,Sunday,Fralla,Ost & Skinka,2,2~3
Stockholm Östra,Coop HÖGDALEN,Sunday,Hönökaka,Ost,3,2~4
Stockholm Östra,Coop HÖGDALEN,Sunday,Hönökaka,Ost & Salami,1,1~2
Stockholm Östra,Coop HÖGDALEN,Sunday,Hönökaka,Ost & Skinka,1,1~2
Stockholm Östra,Coop HÖGDALEN,Sunday,Pastasallad,Kyckling & Salladsost,1,0~1
Stockholm Östra,Coop HÖGDALEN,Sunday,Pastasallad,Kyckling mangocurry,1,1~2
Stockholm Östra,Coop HÖGDALEN,Sunday,Wraps,Caesar Kyckling,1,0~1
Stockholm Östra,Coop HÖGDALEN,Sunday,Wraps,Kyckling Bacon,1,0~1
Stockholm Östra,Coop HÖGDALEN,Sunday,Wraps,Sweet Chili,1,1~2
Stockholm Östra,Coop HÖGDALEN,Sunday,XL Frallor,Ost,1,1~2
Stockholm Östra,Coop HÖGDALEN,Sunday,XL Frallor,Ost & Skinka,2,2~3
Stockholm Östra,Coop HÖGDALEN,Monday,Fralla,Ost & Skinka,1,1~1
Stockholm Östra,Coop HÖGDALEN,Monday,Hönökaka,Ost,1,1~1
Stockholm Östra,Coop HÖGDALEN,Monday,XL Frallor,Ost & Skinka,1,0~1
Stockholm Östra,Coop HÖGDALEN,Tuesday,Fralla,Ost,1,0~1
Stockholm Östra,Coop HÖGDALEN,Tuesday,Fralla,Ost & Skinka,2,1~2
Stockholm Östra,Coop HÖGDALEN,Tuesday,Hönökaka,Ost,2,2~3
Stockholm Östra,Coop HÖGDALEN,Tuesday,Hönökaka,Ost & Salami,1,0~1
Stockholm Östra,Coop HÖGDALEN,Tuesday,Hönökaka,Ost & Skinka,1,1~1
Stockholm Östra,Coop HÖGDALEN,Tuesday,Pastasallad,Kyckling mangocurry,1,0~1
Stockholm Östra,Coop HÖGDALEN,Tuesday,Wraps,Sweet Chili,1,0~1
Stockholm Östra,Coop HÖGDALEN,Tuesday,XL Frallor,Ost,1,0~1
Stockholm Östra,Coop HÖGDALEN,Tuesday,XL Frallor,Ost & Skinka,2,1~2
Stockholm Östra,Coop HÖGDALEN,Wednesday,Fralla,Ost & Skinka,1,0~1
Stockholm Östra,Coop HÖGDALEN,Wednesday,Hönökaka,Ost,1,1~1
Stockholm Östra,Coop HÖGDALEN,Wednesday,XL Frallor,Ost & Skinka,1,0~1
Stockholm Östra,Coop HÖGDALEN,Thursday,Baguette,Kyckling Sweet Chili,1,0~1
Stockholm Östra,Coop HÖGDALEN,Thursday,Baguette,Ost & Skinka,1,0~1
Stockholm Östra,Coop HÖGDALEN,Thursday,Fralla,Ost,1,1~2
Stockholm Östra,Coop HÖGDALEN,Thursday,Fralla,Ost & Skinka,2,2~4
Stockholm Östra,Coop HÖGDALEN,Thursday,Glutenfri Frallor,Glutenfri Ost & Skinka(endast söndagsbeställning),1,0~1
Stockholm Östra,Coop HÖGDALEN,Thursday,Glutenfri Frallor,Glutenfri Ost(endast söndagsbeställning),1,0~1
Stockholm Östra,Coop HÖGDALEN,Thursday,Hönökaka,Ost,3,2~4
Stockholm Östra,Coop HÖGDALEN,Thursday,Hönökaka,Ost & Salami,1,1~2
Stockholm Östra,Coop HÖGDALEN,Thursday,Hönökaka,Ost & Skinka,2,1~2
Stockholm Östra,Coop HÖGDALEN,Thursday,Pastasallad,Falafel,1,0~1
Stockholm Östra,Coop HÖGDALEN,Thursday,Pastasallad,Kyckling & Salladsost,1,1~2
Stockholm Östra,Coop HÖGDALEN,Thursday,Pastasallad,Kyckling mangocurry,1,1~2
Stockholm Östra,Coop HÖGDALEN,Thursday,Pastasallad,Räkor,1,0~1
Stockholm Östra,Coop HÖGDALEN,Thursday,Sandwich,Räkor,1,0~1
Stockholm Östra,Coop HÖGDALEN,Thursday,Sandwich,Ägg & Avocadokräm,1,0~1
Stockholm Östra,Coop HÖGDALEN,Thursday,Wraps,Caesar Kyckling,1,1~2
Stockholm Östra,Coop HÖGDALEN,Thursday,Wraps,Kyckling Bacon,1,1~2
Stockholm Östra,Coop HÖGDALEN,Thursday,Wraps,Kyckling Curry,1,0~1
Stockholm Östra,Coop HÖGDALEN,Thursday,Wraps,Kycklingsallad Olivie,1,0~1
Stockholm Östra,Coop HÖGDALEN,Thursday,Wraps,Sweet Chili,1,1~2
Stockholm Östra,Coop HÖGDALEN,Thursday,Wraps,Wrap Curry Oumph!,1,0~1
Stockholm Östra,Coop HÖGDALEN,Thursday,XL Frallor,Ost,1,1~2
Stockholm Östra,Coop HÖGDALEN,Thursday,XL Frallor,Ost & Skinka,1,2~3
Stockholm Östra,Coop Skarpnäck,Sunday,Fralla,Ost,1,0~1
Stockholm Östra,Coop Skarpnäck,Sunday,Fralla,Ost & Skinka,1,0~1
Stockholm Östra,Coop Skarpnäck,Sunday,Pastasallad,Kyckling & Salladsost,1,1~2
Stockholm Östra,Coop Skarpnäck,Sunday,Pastasallad,Kyckling mangocurry,3,3~4
Stockholm Östra,Coop Skarpnäck,Sunday,Pastasallad,Räkor,1,1~2
Stockholm Östra,Coop Skarpnäck,Sunday,Wraps,Caesar Kyckling,1,1~2
Stockholm Östra,Coop Skarpnäck,Sunday,Wraps,Kyckling Bacon,2,2~2
Stockholm Östra,Coop Skarpnäck,Sunday,Wraps,Kyckling Curry,1,1~2
Stockholm Östra,Coop Skarpnäck,Sunday,Wraps,Sweet Chili,2,2~3
Stockholm Östra,Coop Skarpnäck,Sunday,Wraps,Wrap Curry Oumph!,1,0~1
Stockholm Östra,Coop Skarpnäck,Monday,Pastasallad,Kyckling mangocurry,1,1~1
Stockholm Östra,Coop Skarpnäck,Monday,Wraps,Kyckling Bacon,1,0~1
Stockholm Östra,Coop Skarpnäck,Monday,Wraps,Sweet Chili,1,0~1
Stockholm Östra,Coop Skarpnäck,Tuesday,Pastasallad,Kyckling & Salladsost,1,1~1
Stockholm Östra,Coop Skarpnäck,Tuesday,Pastasallad,Kyckling mangocurry,2,2~3
Stockholm Östra,Coop Skarpnäck,Tuesday,Pastasallad,Räkor,1,0~1
Stockholm Östra,Coop Skarpnäck,Tuesday,Wraps,Caesar Kyckling,1,1~1
Stockholm Östra,Coop Skarpnäck,Tuesday,Wraps,Kyckling Bacon,1,1~2
Stockholm Östra,Coop Skarpnäck,Tuesday,Wraps,Kyckling Curry,1,0~1
Stockholm Östra,Coop Skarpnäck,Tuesday,Wraps,Sweet Chili,2,1~2
Stockholm Östra,Coop Skarpnäck,Wednesday,Pastasallad,Kyckling mangocurry,1,1~1
Stockholm Östra,Coop Skarpnäck,Wednesday,Wraps,Sweet Chili,1,0~1
Stockholm Östra,Coop Skarpnäck,Thursday,Baguette,Salami & Brieost,1,0~1
Stockholm Östra,Coop Skarpnäck,Thursday,Baguette,Skagen,1,0~1
Stockholm Östra,Coop Skarpnäck,Thursday,Fralla,Ost,1,1~2
Stockholm Östra,Coop Skarpnäck,Thursday,Fralla,Ost & Skinka,1,1~2
Stockholm Östra,Coop Skarpnäck,Thursday,Grönsallad,Caesarsallad,1,0~1
Stockholm Östra,Coop Skarpnäck,Thursday,Grönsallad,Kyckling,1,0~1
Stockholm Östra,Coop Skarpnäck,Thursday,Hönökaka,Ost,1,0~1
Stockholm Östra,Coop Skarpnäck,Thursday,Hönökaka,Ost & Skinka,1,0~1
Stockholm Östra,Coop Skarpnäck,Thursday,Pastasallad,Bacon & Kyckling,1,0~1
Stockholm Östra,Coop Skarpnäck,Thursday,Pastasallad,Kyckling & Salladsost,2,1~2
Stockholm Östra,Coop Skarpnäck,Thursday,Pastasallad,Kyckling kebab,1,0~1
Stockholm Östra,Coop Skarpnäck,Thursday,Pastasallad,Kyckling mangocurry,4,2~5
Stockholm Östra,Coop Skarpnäck,Thursday,Pastasallad,Räkor,1,1~2
Stockholm Östra,Coop Skarpnäck,Thursday,Sandwich,Clubsandwich,1,0~1
Stockholm Östra,Coop Skarpnäck,Thursday,Sandwich,Kyckling Curry,1,0~1
Stockholm Östra,Coop Skarpnäck,Thursday,Sandwich,Räkor,1,0~1
Stockholm Östra,Coop Skarpnäck,Thursday,Wraps,Caesar Kyckling,2,1~2
Stockholm Östra,Coop Skarpnäck,Thursday,Wraps,Kyckling Bacon,2,2~2
Stockholm Östra,Coop Skarpnäck,Thursday,Wraps,Kyckling Curry,1,1~2
Stockholm Östra,Coop Skarpnäck,Thursday,Wraps,Sweet Chili,1,2~3
Stockholm Östra,Coop Skarpnäck,Thursday,Wraps,Wrap Curry Oumph!,1,1~2
Stockholm Östra,Coop Skarpnäck,Thursday,XL Frallor,Grovfralla Kalkon & Färskost,1,0~1
Stockholm Östra,Coop Skarpnäck,Thursday,XL Frallor,Ost,1,0~1
Stockholm Östra,Coop Skarpnäck,Thursday,XL Frallor,Ost & Skinka,1,0~1
Stockholm Östra,Coop Stuvsta,Sunday,Baguette,Ost & Skinka,1,0~1
Stockholm Östra,Coop Stuvsta,Sunday,Baguette,Salami & Brieost,1,0~1
Stockholm Östra,Coop Stuvsta,Sunday,Baguette,Skagen,1,1~2
Stockholm Östra,Coop Stuvsta,Sunday,Fralla,Ost,1,0~1
Stockholm Östra,Coop Stuvsta,Sunday,Fralla,Ost & Skinka,1,0~1
Stockholm Östra,Coop Stuvsta,Sunday,Hönökaka,Ost & Salami,1,0~1
Stockholm Östra,Coop Stuvsta,Sunday,Pastasallad,Kyckling & Salladsost,1,0~1
Stockholm Östra,Coop Stuvsta,Sunday,Pastasallad,Kyckling mangocurry,1,0~1
Stockholm Östra,Coop Stuvsta,Sunday,Varmrätt,Kycklingspett med ris,1,0~1
Stockholm Östra,Coop Stuvsta,Sunday,Varmrätt,Teriyakikycklingfile med basmatiris,1,0~1
Stockholm Östra,Coop Stuvsta,Sunday,Wraps,Caesar Kyckling,1,0~1
Stockholm Östra,Coop Stuvsta,Sunday,Wraps,Kyckling Curry,1,0~1
Stockholm Östra,Coop Stuvsta,Tuesday,Baguette,Skagen,1,0~1
Stockholm Östra,Coop Stuvsta,Thursday,Baguette,Kyckling Curry,1,0~1
Stockholm Östra,Coop Stuvsta,Thursday,Baguette,Ost & Skinka,1,1~2
Stockholm Östra,Coop Stuvsta,Thursday,Baguette,Salami & Brieost,1,1~2
Stockholm Östra,Coop Stuvsta,Thursday,Baguette,Skagen,1,1~2
Stockholm Östra,Coop Stuvsta,Thursday,Fralla,Ost,1,1~2
Stockholm Östra,Coop Stuvsta,Thursday,Fralla,Ost & Skinka,1,1~2
Stockholm Östra,Coop Stuvsta,Thursday,Hönökaka,Ost & Salami,1,1~2
Stockholm Östra,Coop Stuvsta,Thursday,Hönökaka,Ost & Skinka,1,0~1
Stockholm Östra,Coop Stuvsta,Thursday,Pastasallad,Kyckling & Salladsost,1,1~2
Stockholm Östra,Coop Stuvsta,Thursday,Pastasallad,Kyckling kebab,1,0~1
Stockholm Östra,Coop Stuvsta,Thursday,Pastasallad,Kyckling mangocurry,1,1~2
Stockholm Östra,Coop Stuvsta,Thursday,Pastasallad,Ost & Skinka,1,0~1
Stockholm Östra,Coop Stuvsta,Thursday,Pastasallad,Räkor,1,0~1
Stockholm Östra,Coop Stuvsta,Thursday,Sandwich,Clubsandwich,1,0~1
Stockholm Östra,Coop Stuvsta,Thursday,Sandwich,Kyckling Pestoröra,1,0~1
Stockholm Östra,Coop Stuvsta,Thursday,Sandwich,Räkor,1,0~1
Stockholm Östra,Coop Stuvsta,Thursday,Sandwich,Ägg & Avocadokräm,1,0~1
Stockholm Östra,Coop Stuvsta,Thursday,Varmrätt,Kycklingspett med ris,1,1~2
Stockholm Östra,Coop Stuvsta,Thursday,Varmrätt,Teriyakikycklingfile med basmatiris,1,1~2
Stockholm Östra,Coop Stuvsta,Thursday,Wraps,Caesar Kyckling,1,1~2
Stockholm Östra,Coop Stuvsta,Thursday,Wraps,Kyckling Bacon,1,0~1
Stockholm Östra,Coop Stuvsta,Thursday,Wraps,Kyckling Curry,1,1~2
Stockholm Östra,Coop Stuvsta,Thursday,Wraps,Sweet Chili,1,0~1
Stockholm Östra,Coop farsta strand,Sunday,Baguette,Ost & Skinka,3,2~4
Stockholm Östra,Coop farsta strand,Sunday,Baguette,Salami & Brieost,2,2~3
Stockholm Östra,Coop farsta strand,Sunday,Baguette,Skagen,1,1~2
Stockholm Östra,Coop farsta strand,Sunday,Fralla,Ost,2,2~3
Stockholm Östra,Coop farsta strand,Sunday,Fralla,Ost & Skinka,2,2~3
Stockholm Östra,Coop farsta strand,Sunday,Hönökaka,Ost & Skinka,1,0~1
Stockholm Östra,Coop farsta strand,Sunday,Pastasallad,Falafel,2,2~3
Stockholm Östra,Coop farsta strand,Sunday,Pastasallad,Kyckling & Salladsost,2,2~3
Stockholm Östra,Coop farsta strand,Sunday,Pastasallad,Kyckling kebab,1,0~1
Stockholm Östra,Coop farsta strand,Sunday,Pastasallad,Kyckling mangocurry,2,2~3
Stockholm Östra,Coop farsta strand,Sunday,Pastasallad,Ost & Skinka,2,2~3
Stockholm Östra,Coop farsta strand,Sunday,Pastasallad,Räkor,1,1~2
Stockholm Östra,Coop farsta strand,Sunday,Sandwich,Clubsandwich,1,0~1
Stockholm Östra,Coop farsta strand,Sunday,Sandwich,Räkor,1,0~1
Stockholm Östra,Coop farsta strand,Sunday,Wraps,Caesar Kyckling,2,2~3
Stockholm Östra,Coop farsta strand,Sunday,Wraps,Kyckling Bacon,1,1~2
Stockholm Östra,Coop farsta strand,Sunday,Wraps,Kyckling Curry,2,2~3
Stockholm Östra,Coop farsta strand,Sunday,Wraps,Kycklingsallad Olivie,1,0~1
Stockholm Östra,Coop farsta strand,Sunday,Wraps,Sweet Chili,2,2~3
Stockholm Östra,Coop farsta strand,Monday,Baguette,Ost & Skinka,1,1~1
Stockholm Östra,Coop farsta strand,Monday,Baguette,Salami & Brieost,1,0~1
Stockholm Östra,Coop farsta strand,Monday,Fralla,Ost,1,1~1
Stockholm Östra,Coop farsta strand,Monday,Fralla,Ost & Skinka,1,0~1
Stockholm Östra,Coop farsta strand,Monday,Pastasallad,Falafel,1,0~1
Stockholm Östra,Coop farsta strand,Monday,Pastasallad,Kyckling & Salladsost,1,0~1
Stockholm Östra,Coop farsta strand,Monday,Pastasallad,Kyckling mangocurry,1,1~1
Stockholm Östra,Coop farsta strand,Monday,Pastasallad,Ost & Skinka,1,0~1
Stockholm Östra,Coop farsta strand,Monday,Wraps,Caesar Kyckling,1,0~1
Stockholm Östra,Coop farsta strand,Monday,Wraps,Kyckling Curry,1,0~1
Stockholm Östra,Coop farsta strand,Monday,Wraps,Sweet Chili,1,0~1
Stockholm Östra,Coop farsta strand,Tuesday,Baguette,Ost & Skinka,2,2~3
Stockholm Östra,Coop farsta strand,Tuesday,Baguette,Salami & Brieost,2,1~2
Stockholm Östra,Coop farsta strand,Tuesday,Baguette,Skagen,1,0~1
Stockholm Östra,Coop farsta strand,Tuesday,Fralla,Ost,2,1~2
Stockholm Östra,Coop farsta strand,Tuesday,Fralla,Ost & Skinka,2,1~2
Stockholm Östra,Coop farsta strand,Tuesday,Pastasallad,Falafel,2,1~2
Stockholm Östra,Coop farsta strand,Tuesday,Pastasallad,Kyckling & Salladsost,2,1~2
Stockholm Östra,Coop farsta strand,Tuesday,Pastasallad,Kyckling mangocurry,2,1~2
Stockholm Östra,Coop farsta strand,Tuesday,Pastasallad,Ost & Skinka,2,1~2
Stockholm Östra,Coop farsta strand,Tuesday,Pastasallad,Räkor,1,0~1
Stockholm Östra,Coop farsta strand,Tuesday,Wraps,Caesar Kyckling,2,1~2
Stockholm Östra,Coop farsta strand,Tuesday,Wraps,Kyckling Bacon,1,0~1
Stockholm Östra,Coop farsta strand,Tuesday,Wraps,Kyckling Curry,2,1~2
Stockholm Östra,Coop farsta strand,Tuesday,Wraps,Sweet Chili,2,1~2
Stockholm Östra,Coop farsta strand,Wednesday,Baguette,Ost & Skinka,1,1~1
Stockholm Östra,Coop farsta strand,Wednesday,Baguette,Salami & Brieost,1,0~1
Stockholm Östra,Coop farsta strand,Wednesday,Fralla,Ost,1,0~1
Stockholm Östra,Coop farsta strand,Wednesday,Fralla,Ost & Skinka,1,0~1
Stockholm Östra,Coop farsta strand,Wednesday,Pastasallad,Falafel,1,0~1
Stockholm Östra,Coop farsta strand,Wednesday,Pastasallad,Kyckling & Salladsost,1,0~1
Stockholm Östra,Coop farsta strand,Wednesday,Pastasallad,Kyckling mangocurry,1,0~1
Stockholm Östra,Coop farsta strand,Wednesday,Pastasallad,Ost & Skinka,1,0~1
Stockholm Östra,Coop farsta strand,Wednesday,Wraps,Caesar Kyckling,1,0~1
Stockholm Östra,Coop farsta strand,Wednesday,Wraps,Kyckling Curry,1,0~1
Stockholm Östra,Coop farsta strand,Wednesday,Wraps,Sweet Chili,1,0~1
Stockholm Östra,Coop farsta strand,Thursday,Baguette,Ost & Skinka,2,1~3
Stockholm Östra,Coop farsta strand,Thursday,Baguette,Salami & Brieost,1,2~3
Stockholm Östra,Coop farsta strand,Thursday,Baguette,Skagen,1,1~2
Stockholm Östra,Coop farsta strand,Thursday,Fralla,Ost,2,2~4
Stockholm Östra,Coop farsta strand,Thursday,Fralla,Ost & Skinka,1,2~3
Stockholm Östra,Coop farsta strand,Thursday,Grönsallad,Caesarsallad,1,0~1
Stockholm Östra,Coop farsta strand,Thursday,Hönökaka,Ost & Skinka,1,1~2
Stockholm Östra,Coop farsta strand,Thursday,Pastasallad,Falafel,1,2~3
Stockholm Östra,Coop farsta strand,Thursday,Pastasallad,Kyckling & Salladsost,1,2~3
Stockholm Östra,Coop farsta strand,Thursday,Pastasallad,Kyckling kebab,1,1~2
Stockholm Östra,Coop farsta strand,Thursday,Pastasallad,Kyckling mangocurry,2,2~4
Stockholm Östra,Coop farsta strand,Thursday,Pastasallad,Ost & Skinka,1,2~3
Stockholm Östra,Coop farsta strand,Thursday,Pastasallad,Räkor,1,1~2
Stockholm Östra,Coop farsta strand,Thursday,Sandwich,Clubsandwich,1,1~2
Stockholm Östra,Coop farsta strand,Thursday,Sandwich,Räkor,1,1~2
Stockholm Östra,Coop farsta strand,Thursday,Wraps,Caesar Kyckling,1,2~3
Stockholm Östra,Coop farsta strand,Thursday,Wraps,Kyckling Bacon,1,1~2
Stockholm Östra,Coop farsta strand,Thursday,Wraps,Kyckling Curry,1,2~3
Stockholm Östra,Coop farsta strand,Thursday,Wraps,Kycklingsallad Olivie,1,1~2
Stockholm Östra,Coop farsta strand,Thursday,Wraps,Sweet Chili,1,2~3
Stockholm Östra,Direkten Nacka strand,Sunday,Baguette,Kyckling Curry,1,0~1
Stockholm Östra,Direkten Nacka strand,Sunday,Baguette,Ost & Skinka,1,0~1
Stockholm Östra,Direkten Nacka strand,Sunday,Baguette,Salami & Brieost,1,1~2
Stockholm Östra,Direkten Nacka strand,Sunday,Baguette,Skagen,1,1~2
Stockholm Östra,Direkten Nacka strand,Sunday,Fralla,Ost,2,2~2
Stockholm Östra,Direkten Nacka strand,Sunday,Fralla,Ost & Skinka,3,2~4
Stockholm Östra,Direkten Nacka strand,Sunday,Hönökaka,Ost,1,1~2
Stockholm Östra,Direkten Nacka strand,Sunday,Hönökaka,Ost & Salami,2,1~2
Stockholm Östra,Direkten Nacka strand,Sunday,Hönökaka,Ost & Skinka,2,1~2
Stockholm Östra,Direkten Nacka strand,Sunday,Pastasallad,Kyckling & Salladsost,1,0~1
Stockholm Östra,Direkten Nacka strand,Sunday,Pastasallad,Kyckling kebab,1,0~1
Stockholm Östra,Direkten Nacka strand,Sunday,Pastasallad,Kyckling mangocurry,1,0~1
Stockholm Östra,Direkten Nacka strand,Sunday,Pastasallad,Räkor,1,1~2
Stockholm Östra,Direkten Nacka strand,Sunday,Sandwich,Kyckling Curry,1,1~2
Stockholm Östra,Direkten Nacka strand,Sunday,Sandwich,Räkor,1,1~2
Stockholm Östra,Direkten Nacka strand,Sunday,Sandwich,Ägg & Avocadokräm,1,1~2
Stockholm Östra,Direkten Nacka strand,Sunday,Wraps,Caesar Kyckling,1,1~2
Stockholm Östra,Direkten Nacka strand,Sunday,Wraps,Kyckling Bacon,1,1~2
Stockholm Östra,Direkten Nacka strand,Sunday,Wraps,Kyckling Curry,1,1~2
Stockholm Östra,Direkten Nacka strand,Sunday,Wraps,Sweet Chili,1,1~2
Stockholm Östra,Direkten Nacka strand,Sunday,XL Frallor,Grovfralla Kalkon & Färskost,1,0~1
Stockholm Östra,Direkten Nacka strand,Monday,Fralla,Ost,1,0~1
Stockholm Östra,Direkten Nacka strand,Monday,Fralla,Ost & Skinka,1,1~1
Stockholm Östra,Direkten Nacka strand,Tuesday,Baguette,Salami & Brieost,1,0~1
Stockholm Östra,Direkten Nacka strand,Tuesday,Baguette,Skagen,1,0~1
Stockholm Östra,Direkten Nacka strand,Tuesday,Fralla,Ost,1,1~2
Stockholm Östra,Direkten Nacka strand,Tuesday,Fralla,Ost & Skinka,2,2~3
Stockholm Östra,Direkten Nacka strand,Tuesday,Hönökaka,Ost,1,1~1
Stockholm Östra,Direkten Nacka strand,Tuesday,Hönökaka,Ost & Salami,1,1~2
Stockholm Östra,Direkten Nacka strand,Tuesday,Hönökaka,Ost & Skinka,1,1~2
Stockholm Östra,Direkten Nacka strand,Tuesday,Pastasallad,Räkor,1,0~1
Stockholm Östra,Direkten Nacka strand,Tuesday,Sandwich,Kyckling Curry,1,0~1
Stockholm Östra,Direkten Nacka strand,Tuesday,Sandwich,Räkor,1,0~1
Stockholm Östra,Direkten Nacka strand,Tuesday,Sandwich,Ägg & Avocadokräm,1,0~1
Stockholm Östra,Direkten Nacka strand,Tuesday,Wraps,Caesar Kyckling,1,0~1
Stockholm Östra,Direkten Nacka strand,Tuesday,Wraps,Kyckling Bacon,1,0~1
Stockholm Östra,Direkten Nacka strand,Tuesday,Wraps,Kyckling Curry,1,0~1
Stockholm Östra,Direkten Nacka strand,Tuesday,Wraps,Sweet Chili,1,0~1
Stockholm Östra,Direkten Nacka strand,Wednesday,Fralla,Ost & Skinka,1,1~1
Stockholm Östra,Direkten Nacka strand,Thursday,Baguette,Kyckling Curry,1,1~2
Stockholm Östra,Direkten Nacka strand,Thursday,Baguette,Ost & Skinka,1,1~2
Stockholm Östra,Direkten Nacka strand,Thursday,Baguette,Salami & Brieost,1,1~2
Stockholm Östra,Direkten Nacka strand,Thursday,Baguette,Skagen,1,1~2
Stockholm Östra,Direkten Nacka strand,Thursday,Fralla,Ost,2,2~2
Stockholm Östra,Direkten Nacka strand,Thursday,Fralla,Ost & Skinka,3,2~4
Stockholm Östra,Direkten Nacka strand,Thursday,Hönökaka,Ost,2,1~2
Stockholm Östra,Direkten Nacka strand,Thursday,Hönökaka,Ost & Salami,2,2~1
Stockholm Östra,Direkten Nacka strand,Thursday,Hönökaka,Ost & Skinka,2,2~1
Stockholm Östra,Direkten Nacka strand,Thursday,Pastasallad,Kyckling & Salladsost,1,1~2
Stockholm Östra,Direkten Nacka strand,Thursday,Pastasallad,Kyckling kebab,1,1~2
Stockholm Östra,Direkten Nacka strand,Thursday,Pastasallad,Kyckling mangocurry,1,1~2
Stockholm Östra,Direkten Nacka strand,Thursday,Pastasallad,Räkor,1,1~2
Stockholm Östra,Direkten Nacka strand,Thursday,Sandwich,Kyckling Curry,1,1~2
Stockholm Östra,Direkten Nacka strand,Thursday,Sandwich,Kyckling Pestoröra,1,0~1
Stockholm Östra,Direkten Nacka strand,Thursday,Sandwich,Räkor,1,1~2
Stockholm Östra,Direkten Nacka strand,Thursday,Sandwich,Ägg & Avocadokräm,1,1~2
Stockholm Östra,Direkten Nacka strand,Thursday,Wraps,Caesar Kyckling,1,1~2
Stockholm Östra,Direkten Nacka strand,Thursday,Wraps,Kyckling Bacon,1,1~2
Stockholm Östra,Direkten Nacka strand,Thursday,Wraps,Kyckling Curry,1,1~2
Stockholm Östra,Direkten Nacka strand,Thursday,Wraps,Sweet Chili,1,1~2
Stockholm Östra,Direkten Nacka strand,Thursday,XL Frallor,Grovfralla Kalkon & Färskost,1,1~2
Stockholm Östra,ICA Hagsätra,Sunday,Baguette,Skagen,1,0~1
Stockholm Östra,ICA Hagsätra,Sunday,Fralla,Ost,2,2~3
Stockholm Östra,ICA Hagsätra,Sunday,Fralla,Ost & Skinka,1,1~2
Stockholm Östra,ICA Hagsätra,Sunday,Hönökaka,Ost,1,1~2
Stockholm Östra,ICA Hagsätra,Sunday,Hönökaka,Ost & Skinka,1,1~2
Stockholm Östra,ICA Hagsätra,Sunday,Pastasallad,Kyckling & Salladsost,2,2~3
Stockholm Östra,ICA Hagsätra,Sunday,Pastasallad,Kyckling mangocurry,3,2~4
Stockholm Östra,ICA Hagsätra,Sunday,Pastasallad,Ost & Skinka,1,0~1
Stockholm Östra,ICA Hagsätra,Sunday,Pastasallad,Räkor,1,1~2
Stockholm Östra,ICA Hagsätra,Sunday,Räkmacka Liten,Räkmacka liten,1,0~1
Stockholm Östra,ICA Hagsätra,Sunday,Sandwich,Räkor,1,0~1
Stockholm Östra,ICA Hagsätra,Sunday,Wraps,Caesar Kyckling,1,0~1
Stockholm Östra,ICA Hagsätra,Sunday,Wraps,Kyckling Bacon,4,3~4
Stockholm Östra,ICA Hagsätra,Sunday,Wraps,Sweet Chili,1,1~2
Stockholm Östra,ICA Hagsätra,Sunday,Wraps,Wrap Curry Oumph!,1,0~1
Stockholm Östra,ICA Hagsätra,Sunday,XL Frallor,Ost,1,1~2
Stockholm Östra,ICA Hagsätra,Sunday,XL Frallor,Ost & Skinka,1,1~2
Stockholm Östra,ICA Hagsätra,Monday,Fralla,Ost,1,1~1
Stockholm Östra,ICA Hagsätra,Monday,Pastasallad,Kyckling & Salladsost,1,0~1
Stockholm Östra,ICA Hagsätra,Monday,Pastasallad,Kyckling mangocurry,1,1~1
Stockholm Östra,ICA Hagsätra,Monday,Wraps,Kyckling Bacon,1,1~2
Stockholm Östra,ICA Hagsätra,Tuesday,Fralla,Ost,2,1~2
Stockholm Östra,ICA Hagsätra,Tuesday,Fralla,Ost & Skinka,1,1~1
Stockholm Östra,ICA Hagsätra,Tuesday,Hönökaka,Ost,1,0~1
Stockholm Östra,ICA Hagsätra,Tuesday,Hönökaka,Ost & Skinka,1,0~1
Stockholm Östra,ICA Hagsätra,Tuesday,Pastasallad,Kyckling & Salladsost,2,1~2
Stockholm Östra,ICA Hagsätra,Tuesday,Pastasallad,Kyckling mangocurry,2,2~3
Stockholm Östra,ICA Hagsätra,Tuesday,Pastasallad,Räkor,1,0~1
Stockholm Östra,ICA Hagsätra,Tuesday,Wraps,Kyckling Bacon,3,2~3
Stockholm Östra,ICA Hagsätra,Tuesday,Wraps,Sweet Chili,1,1~1
Stockholm Östra,ICA Hagsätra,Tuesday,XL Frallor,Ost,1,0~1
Stockholm Östra,ICA Hagsätra,Tuesday,XL Frallor,Ost & Skinka,1,0~1
Stockholm Östra,ICA Hagsätra,Wednesday,Fralla,Ost,1,0~1
Stockholm Östra,ICA Hagsätra,Wednesday,Pastasallad,Kyckling & Salladsost,1,0~1
Stockholm Östra,ICA Hagsätra,Wednesday,Pastasallad,Kyckling mangocurry,1,1~1
Stockholm Östra,ICA Hagsätra,Wednesday,Wraps,Kyckling Bacon,1,1~1
Stockholm Östra,ICA Hagsätra,Thursday,Baguette,Kyckling Curry,1,0~1
Stockholm Östra,ICA Hagsätra,Thursday,Baguette,Kycklingsallad Olivie,1,0~1
Stockholm Östra,ICA Hagsätra,Thursday,Baguette,Ost & Skinka,1,0~1
Stockholm Östra,ICA Hagsätra,Thursday,Baguette,Salami & Brieost,1,0~1
Stockholm Östra,ICA Hagsätra,Thursday,Baguette,Skagen,1,1~2
Stockholm Östra,ICA Hagsätra,Thursday,Fralla,Ost,2,2~4
Stockholm Östra,ICA Hagsätra,Thursday,Fralla,Ost & Skinka,2,1~2
Stockholm Östra,ICA Hagsätra,Thursday,Glutenfri Frallor,Glutenfri Ost & Skinka(endast söndagsbeställning),1,0~1
Stockholm Östra,ICA Hagsätra,Thursday,Grönsallad,Caesarsallad,1,0~1
Stockholm Östra,ICA Hagsätra,Thursday,Hönökaka,Ost,1,1~2
Stockholm Östra,ICA Hagsätra,Thursday,Hönökaka,Ost & Salami,1,0~1
Stockholm Östra,ICA Hagsätra,Thursday,Hönökaka,Ost & Skinka,1,1~2
Stockholm Östra,ICA Hagsätra,Thursday,Pastasallad,Bacon & Kyckling,1,0~1
Stockholm Östra,ICA Hagsätra,Thursday,Pastasallad,Falafel,1,0~1
Stockholm Östra,ICA Hagsätra,Thursday,Pastasallad,Kyckling & Salladsost,1,2~3
Stockholm Östra,ICA Hagsätra,Thursday,Pastasallad,Kyckling kebab,1,0~1
Stockholm Östra,ICA Hagsätra,Thursday,Pastasallad,Kyckling mangocurry,2,1~3
Stockholm Östra,ICA Hagsätra,Thursday,Pastasallad,Ost & Skinka,1,1~2
Stockholm Östra,ICA Hagsätra,Thursday,Pastasallad,Räkor,1,1~2
Stockholm Östra,ICA Hagsätra,Thursday,Räkmacka Liten,Räkmacka liten,1,1~2
Stockholm Östra,ICA Hagsätra,Thursday,Sandwich,Kyckling Curry,1,0~1
Stockholm Östra,ICA Hagsätra,Thursday,Sandwich,Kyckling Pestoröra,1,0~1
Stockholm Östra,ICA Hagsätra,Thursday,Sandwich,Räkor,1,1~2
Stockholm Östra,ICA Hagsätra,Thursday,Wraps,Caesar Kyckling,1,1~2
Stockholm Östra,ICA Hagsätra,Thursday,Wraps,Kyckling Bacon,3,3~5
Stockholm Östra,ICA Hagsätra,Thursday,Wraps,Kyckling Curry,1,0~1
Stockholm Östra,ICA Hagsätra,Thursday,Wraps,Sweet Chili,2,1~2
Stockholm Östra,ICA Hagsätra,Thursday,Wraps,Wrap Curry Oumph!,1,1~2
Stockholm Östra,ICA Hagsätra,Thursday,XL Frallor,Ost,1,1~2
Stockholm Östra,ICA Hagsätra,Thursday,XL Frallor,Ost & Skinka,1,1~2
Stockholm Östra,ICA Supermarket Högdalen,Sunday,Baguette,Kyckling Curry,1,0~1
Stockholm Östra,ICA Supermarket Högdalen,Sunday,Baguette,Ost & Skinka,1,1~2
Stockholm Östra,ICA Supermarket Högdalen,Sunday,Baguette,Salami & Brieost,1,1~2
Stockholm Östra,ICA Supermarket Högdalen,Sunday,Baguette,Skagen,2,2~3
Stockholm Östra,ICA Supermarket Högdalen,Sunday,Fralla,Ost,3,2~4
Stockholm Östra,ICA Supermarket Högdalen,Sunday,Fralla,Ost & Skinka,1,1~2
Stockholm Östra,ICA Supermarket Högdalen,Sunday,Pastasallad,Bacon & Kyckling,1,1~2
Stockholm Östra,ICA Supermarket Högdalen,Sunday,Pastasallad,Kyckling & Salladsost,4,3~4
Stockholm Östra,ICA Supermarket Högdalen,Sunday,Pastasallad,Kyckling kebab,1,0~1
Stockholm Östra,ICA Supermarket Högdalen,Sunday,Pastasallad,Kyckling mangocurry,4,4~6
Stockholm Östra,ICA Supermarket Högdalen,Sunday,Pastasallad,Ost & Skinka,2,2~3
Stockholm Östra,ICA Supermarket Högdalen,Sunday,Pastasallad,Räkor,1,1~2
Stockholm Östra,ICA Supermarket Högdalen,Sunday,Sandwich,Bacon & Äggröra,1,1~2
Stockholm Östra,ICA Supermarket Högdalen,Sunday,Sandwich,Clubsandwich,1,0~1
Stockholm Östra,ICA Supermarket Högdalen,Sunday,Sandwich,Kyckling Curry,2,2~3
Stockholm Östra,ICA Supermarket Högdalen,Sunday,Sandwich,Kyckling Pestoröra,1,1~2
Stockholm Östra,ICA Supermarket Högdalen,Sunday,Wraps,Caesar Kyckling,3,2~4
Stockholm Östra,ICA Supermarket Högdalen,Sunday,Wraps,Kyckling Bacon,3,2~4
Stockholm Östra,ICA Supermarket Högdalen,Sunday,Wraps,Kyckling Curry,3,2~4
Stockholm Östra,ICA Supermarket Högdalen,Monday,Baguette,Skagen,1,0~1
Stockholm Östra,ICA Supermarket Högdalen,Monday,Fralla,Ost,1,1~1
Stockholm Östra,ICA Supermarket Högdalen,Monday,Pastasallad,Kyckling & Salladsost,1,1~2
Stockholm Östra,ICA Supermarket Högdalen,Monday,Pastasallad,Kyckling mangocurry,2,1~2
Stockholm Östra,ICA Supermarket Högdalen,Monday,Pastasallad,Ost & Skinka,1,0~1
Stockholm Östra,ICA Supermarket Högdalen,Monday,Sandwich,Kyckling Curry,1,1~1
Stockholm Östra,ICA Supermarket Högdalen,Monday,Wraps,Caesar Kyckling,1,1~1
Stockholm Östra,ICA Supermarket Högdalen,Monday,Wraps,Kyckling Bacon,1,1~1
Stockholm Östra,ICA Supermarket Högdalen,Monday,Wraps,Kyckling Curry,1,1~1
Stockholm Östra,ICA Supermarket Högdalen,Tuesday,Baguette,Ost & Skinka,1,0~1
Stockholm Östra,ICA Supermarket Högdalen,Tuesday,Baguette,Salami & Brieost,1,0~1
Stockholm Östra,ICA Supermarket Högdalen,Tuesday,Baguette,Skagen,2,1~2
Stockholm Östra,ICA Supermarket Högdalen,Tuesday,Fralla,Ost,2,2~3
Stockholm Östra,ICA Supermarket Högdalen,Tuesday,Fralla,Ost & Skinka,1,0~1
Stockholm Östra,ICA Supermarket Högdalen,Tuesday,Pastasallad,Bacon & Kyckling,1,0~1
Stockholm Östra,ICA Supermarket Högdalen,Tuesday,Pastasallad,Kyckling & Salladsost,3,2~3
Stockholm Östra,ICA Supermarket Högdalen,Tuesday,Pastasallad,Kyckling mangocurry,3,3~4
Stockholm Östra,ICA Supermarket Högdalen,Tuesday,Pastasallad,Ost & Skinka,2,1~2
Stockholm Östra,ICA Supermarket Högdalen,Tuesday,Pastasallad,Räkor,1,1~1
Stockholm Östra,ICA Supermarket Högdalen,Tuesday,Sandwich,Bacon & Äggröra,1,1~1
Stockholm Östra,ICA Supermarket Högdalen,Tuesday,Sandwich,Kyckling Curry,2,1~2
Stockholm Östra,ICA Supermarket Högdalen,Tuesday,Sandwich,Kyckling Pestoröra,1,1~1
Stockholm Östra,ICA Supermarket Högdalen,Tuesday,Wraps,Caesar Kyckling,2,2~3
Stockholm Östra,ICA Supermarket Högdalen,Tuesday,Wraps,Kyckling Bacon,2,2~3
Stockholm Östra,ICA Supermarket Högdalen,Tuesday,Wraps,Kyckling Curry,2,2~3
Stockholm Östra,ICA Supermarket Högdalen,Wednesday,Baguette,Skagen,1,0~1
Stockholm Östra,ICA Supermarket Högdalen,Wednesday,Fralla,Ost,1,1~1
Stockholm Östra,ICA Supermarket Högdalen,Wednesday,Pastasallad,Kyckling & Salladsost,1,1~1
Stockholm Östra,ICA Supermarket Högdalen,Wednesday,Pastasallad,Kyckling mangocurry,1,1~2
Stockholm Östra,ICA Supermarket Högdalen,Wednesday,Pastasallad,Ost & Skinka,1,0~1
Stockholm Östra,ICA Supermarket Högdalen,Wednesday,Sandwich,Kyckling Curry,1,0~1
Stockholm Östra,ICA Supermarket Högdalen,Wednesday,Wraps,Caesar Kyckling,1,1~1
Stockholm Östra,ICA Supermarket Högdalen,Wednesday,Wraps,Kyckling Bacon,1,1~1
Stockholm Östra,ICA Supermarket Högdalen,Wednesday,Wraps,Kyckling Curry,1,1~1
Stockholm Östra,ICA Supermarket Högdalen,Thursday,Baguette,Kyckling Curry,1,1~2
Stockholm Östra,ICA Supermarket Högdalen,Thursday,Baguette,Ost & Skinka,1,1~2
Stockholm Östra,ICA Supermarket Högdalen,Thursday,Baguette,Salami & Brieost,1,1~2
Stockholm Östra,ICA Supermarket Högdalen,Thursday,Baguette,Skagen,1,2~3
Stockholm Östra,ICA Supermarket Högdalen,Thursday,Fralla,Ost,3,2~4
Stockholm Östra,ICA Supermarket Högdalen,Thursday,Fralla,Ost & Skinka,1,1~2
Stockholm Östra,ICA Supermarket Högdalen,Thursday,Pastasallad,Bacon & Kyckling,1,1~2
Stockholm Östra,ICA Supermarket Högdalen,Thursday,Pastasallad,Falafel,1,0~1
Stockholm Östra,ICA Supermarket Högdalen,Thursday,Pastasallad,Kyckling & Salladsost,3,3~5
Stockholm Östra,ICA Supermarket Högdalen,Thursday,Pastasallad,Kyckling kebab,1,1~2
Stockholm Östra,ICA Supermarket Högdalen,Thursday,Pastasallad,Kyckling mangocurry,5,3~5
Stockholm Östra,ICA Supermarket Högdalen,Thursday,Pastasallad,Ost & Skinka,1,2~3
Stockholm Östra,ICA Supermarket Högdalen,Thursday,Pastasallad,Räkor,2,1~2
Stockholm Östra,ICA Supermarket Högdalen,Thursday,Sandwich,Bacon & Äggröra,2,1~2
Stockholm Östra,ICA Supermarket Högdalen,Thursday,Sandwich,Clubsandwich,1,1~2
Stockholm Östra,ICA Supermarket Högdalen,Thursday,Sandwich,Kyckling Curry,2,2~4
Stockholm Östra,ICA Supermarket Högdalen,Thursday,Sandwich,Kyckling Pestoröra,2,1~2
Stockholm Östra,ICA Supermarket Högdalen,Thursday,Sandwich,Räkor,1,0~1
Stockholm Östra,ICA Supermarket Högdalen,Thursday,Sandwich,Ägg & Avocadokräm,1,0~1
Stockholm Östra,ICA Supermarket Högdalen,Thursday,Varmrätt,Cevapcici med bulgur,1,0~1
Stockholm Östra,ICA Supermarket Högdalen,Thursday,Varmrätt,Kycklingspett med ris,1,0~1
Stockholm Östra,ICA Supermarket Högdalen,Thursday,Varmrätt,Teriyakibiff med ris,1,0~1
Stockholm Östra,ICA Supermarket Högdalen,Thursday,Varmrätt,Teriyakikycklingfile med basmatiris,1,0~1
Stockholm Östra,ICA Supermarket Högdalen,Thursday,Wraps,Caesar Kyckling,3,2~4
Stockholm Östra,ICA Supermarket Högdalen,Thursday,Wraps,Kyckling Bacon,2,1~3
Stockholm Östra,ICA Supermarket Högdalen,Thursday,Wraps,Kyckling Curry,2,1~3
Stockholm Östra,ICA Supermarket Högdalen,Thursday,XL Frallor,Grovfralla Kalkon & Färskost,1,0~1
Stockholm Östra,ICA kvantum Täby,Sunday,Pastasallad,Kyckling & Salladsost,4,4~6
Stockholm Östra,ICA kvantum Täby,Sunday,Pastasallad,Kyckling mangocurry,6,5~8
Stockholm Östra,ICA kvantum Täby,Sunday,Pastasallad,Ost & Skinka,2,2~3
Stockholm Östra,ICA kvantum Täby,Sunday,Pastasallad,Räkor,3,2~4
Stockholm Östra,ICA kvantum Täby,Sunday,Wraps,Caesar Kyckling,4,3~5
Stockholm Östra,ICA kvantum Täby,Sunday,Wraps,Kyckling Bacon,4,3~4
Stockholm Östra,ICA kvantum Täby,Sunday,Wraps,Kyckling Curry,5,4~6
Stockholm Östra,ICA kvantum Täby,Sunday,Wraps,Kycklingsallad Olivie,1,0~1
Stockholm Östra,ICA kvantum Täby,Sunday,Wraps,Sweet Chili,4,3~5
Stockholm Östra,ICA kvantum Täby,Monday,Pastasallad,Kyckling & Salladsost,2,1~2
Stockholm Östra,ICA kvantum Täby,Monday,Pastasallad,Kyckling mangocurry,2,2~3
Stockholm Östra,ICA kvantum Täby,Monday,Pastasallad,Ost & Skinka,1,1~1
Stockholm Östra,ICA kvantum Täby,Monday,Pastasallad,Räkor,1,1~1
Stockholm Östra,ICA kvantum Täby,Monday,Wraps,Caesar Kyckling,1,1~2
Stockholm Östra,ICA kvantum Täby,Monday,Wraps,Kyckling Bacon,1,1~2
Stockholm Östra,ICA kvantum Täby,Monday,Wraps,Kyckling Curry,2,1~2
Stockholm Östra,ICA kvantum Täby,Monday,Wraps,Sweet Chili,1,1~2
Stockholm Östra,ICA kvantum Täby,Tuesday,Pastasallad,Kyckling & Salladsost,3,3~4
Stockholm Östra,ICA kvantum Täby,Tuesday,Pastasallad,Kyckling mangocurry,5,4~6
Stockholm Östra,ICA kvantum Täby,Tuesday,Pastasallad,Ost & Skinka,2,1~2
Stockholm Östra,ICA kvantum Täby,Tuesday,Pastasallad,Räkor,2,2~3
Stockholm Östra,ICA kvantum Täby,Tuesday,Wraps,Caesar Kyckling,3,2~4
Stockholm Östra,ICA kvantum Täby,Tuesday,Wraps,Kyckling Bacon,3,2~3
Stockholm Östra,ICA kvantum Täby,Tuesday,Wraps,Kyckling Curry,4,3~5
Stockholm Östra,ICA kvantum Täby,Tuesday,Wraps,Sweet Chili,3,2~4
Stockholm Östra,ICA kvantum Täby,Wednesday,Pastasallad,Kyckling & Salladsost,1,1~2
Stockholm Östra,ICA kvantum Täby,Wednesday,Pastasallad,Kyckling mangocurry,2,1~2
Stockholm Östra,ICA kvantum Täby,Wednesday,Pastasallad,Ost & Skinka,1,0~1
Stockholm Östra,ICA kvantum Täby,Wednesday,Pastasallad,Räkor,1,1~1
Stockholm Östra,ICA kvantum Täby,Wednesday,Wraps,Caesar Kyckling,1,1~1
Stockholm Östra,ICA kvantum Täby,Wednesday,Wraps,Kyckling Bacon,1,1~1
Stockholm Östra,ICA kvantum Täby,Wednesday,Wraps,Kyckling Curry,1,1~2
Stockholm Östra,ICA kvantum Täby,Wednesday,Wraps,Sweet Chili,1,1~1
Stockholm Östra,ICA kvantum Täby,Thursday,Pastasallad,Kyckling & Salladsost,5,3~5
Stockholm Östra,ICA kvantum Täby,Thursday,Pastasallad,Kyckling mangocurry,6,5~7
Stockholm Östra,ICA kvantum Täby,Thursday,Pastasallad,Ost & Skinka,2,2~4
Stockholm Östra,ICA kvantum Täby,Thursday,Pastasallad,Räkor,3,2~4
Stockholm Östra,ICA kvantum Täby,Thursday,Wraps,Caesar Kyckling,5,4~6
Stockholm Östra,ICA kvantum Täby,Thursday,Wraps,Kyckling Bacon,3,3~5
Stockholm Östra,ICA kvantum Täby,Thursday,Wraps,Kyckling Curry,5,5~6
Stockholm Östra,ICA kvantum Täby,Thursday,Wraps,Kycklingsallad Olivie,1,1~2
Stockholm Östra,ICA kvantum Täby,Thursday,Wraps,Sweet Chili,4,4~4
Stockholm Östra,Mr Rabb,Sunday,Pastasallad,Kyckling & Salladsost,12,10~14
Stockholm Östra,Mr Rabb,Sunday,Pastasallad,Kyckling kebab,4,3~5
Stockholm Östra,Mr Rabb,Sunday,Pastasallad,Kyckling mangocurry,14,12~17
Stockholm Östra,Mr Rabb,Sunday,Sandwich,Kyckling Curry,6,5~7
Stockholm Östra,Mr Rabb,Sunday,Sandwich,Kyckling Pestoröra,8,7~10
Stockholm Östra,Mr Rabb,Sunday,Wraps,Kyckling Curry,5,4~6
Stockholm Östra,Mr Rabb,Sunday,Wraps,Sweet Chili,5,4~7
Stockholm Östra,Mr Rabb,Monday,Pastasallad,Kyckling & Salladsost,4,3~5
Stockholm Östra,Mr Rabb,Monday,Pastasallad,Kyckling kebab,1,1~2
Stockholm Östra,Mr Rabb,Monday,Pastasallad,Kyckling mangocurry,5,4~6
Stockholm Östra,Mr Rabb,Monday,Sandwich,Kyckling Curry,2,2~2
Stockholm Östra,Mr Rabb,Monday,Sandwich,Kyckling Pestoröra,3,2~3
Stockholm Östra,Mr Rabb,Monday,Wraps,Kyckling Curry,2,1~2
Stockholm Östra,Mr Rabb,Monday,Wraps,Sweet Chili,2,2~2
Stockholm Östra,Mr Rabb,Tuesday,Pastasallad,Kyckling & Salladsost,9,7~10
Stockholm Östra,Mr Rabb,Tuesday,Pastasallad,Kyckling kebab,3,2~4
Stockholm Östra,Mr Rabb,Tuesday,Pastasallad,Kyckling mangocurry,11,9~13
Stockholm Östra,Mr Rabb,Tuesday,Sandwich,Kyckling Curry,4,4~5
Stockholm Östra,Mr Rabb,Tuesday,Sandwich,Kyckling Pestoröra,6,5~7
Stockholm Östra,Mr Rabb,Tuesday,Wraps,Kyckling Curry,4,3~4
Stockholm Östra,Mr Rabb,Tuesday,Wraps,Sweet Chili,4,3~5
Stockholm Östra,Mr Rabb,Wednesday,Pastasallad,Kyckling & Salladsost,3,3~4
Stockholm Östra,Mr Rabb,Wednesday,Pastasallad,Kyckling kebab,1,1~1
Stockholm Östra,Mr Rabb,Wednesday,Pastasallad,Kyckling mangocurry,4,3~5
Stockholm Östra,Mr Rabb,Wednesday,Sandwich,Kyckling Curry,2,1~2
Stockholm Östra,Mr Rabb,Wednesday,Sandwich,Kyckling Pestoröra,2,2~3
Stockholm Östra,Mr Rabb,Wednesday,Wraps,Kyckling Curry,1,1~2
Stockholm Östra,Mr Rabb,Wednesday,Wraps,Sweet Chili,1,1~2
Stockholm Östra,Mr Rabb,Thursday,Pastasallad,Kyckling & Salladsost,11,10~13
Stockholm Östra,Mr Rabb,Thursday,Pastasallad,Kyckling kebab,4,4~4
Stockholm Östra,Mr Rabb,Thursday,Pastasallad,Kyckling mangocurry,14,12~16
Stockholm Östra,Mr Rabb,Thursday,Sandwich,Kyckling Curry,5,4~7
Stockholm Östra,Mr Rabb,Thursday,Sandwich,Kyckling Pestoröra,9,7~11
Stockholm Östra,Mr Rabb,Thursday,Wraps,Kyckling Curry,4,4~6
Stockholm Östra,Mr Rabb,Thursday,Wraps,Sweet Chili,6,5~6
Uppsala Rutt,Coop Ekeby,Sunday,Baguette,Kyckling Curry,1,0~1
Uppsala Rutt,Coop Ekeby,Sunday,Baguette,Salami & Brieost,1,1~2
Uppsala Rutt,Coop Ekeby,Sunday,Baguette,Skagen,1,1~2
Uppsala Rutt,Coop Ekeby,Sunday,Fralla,Ost,1,0~1
Uppsala Rutt,Coop Ekeby,Sunday,Fralla,Ost & Skinka,3,2~4
Uppsala Rutt,Coop Ekeby,Sunday,Hönökaka,Ost & Skinka,1,0~1
Uppsala Rutt,Coop Ekeby,Sunday,Pastasallad,Kyckling & Salladsost,1,1~2
Uppsala Rutt,Coop Ekeby,Sunday,Pastasallad,Kyckling mangocurry,1,1~2
Uppsala Rutt,Coop Ekeby,Sunday,Pastasallad,Räkor,1,1~2
Uppsala Rutt,Coop Ekeby,Sunday,Sandwich,Clubsandwich,1,0~1
Uppsala Rutt,Coop Ekeby,Sunday,Sandwich,Räkor,1,0~1
Uppsala Rutt,Coop Ekeby,Sunday,Wraps,Caesar Kyckling,1,1~2
Uppsala Rutt,Coop Ekeby,Sunday,Wraps,Kyckling Curry,1,0~1
Uppsala Rutt,Coop Ekeby,Sunday,Wraps,Wrap Curry Oumph!,1,0~1
Uppsala Rutt,Coop Ekeby,Monday,Fralla,Ost & Skinka,1,1~1
Uppsala Rutt,Coop Ekeby,Tuesday,Baguette,Salami & Brieost,1,0~1
Uppsala Rutt,Coop Ekeby,Tuesday,Baguette,Skagen,1,0~1
Uppsala Rutt,Coop Ekeby,Tuesday,Fralla,Ost & Skinka,2,2~3
Uppsala Rutt,Coop Ekeby,Tuesday,Pastasallad,Kyckling & Salladsost,1,1~1
Uppsala Rutt,Coop Ekeby,Tuesday,Pastasallad,Kyckling mangocurry,1,1~1
Uppsala Rutt,Coop Ekeby,Tuesday,Pastasallad,Räkor,1,1~1
Uppsala Rutt,Coop Ekeby,Tuesday,Wraps,Caesar Kyckling,1,0~1
Uppsala Rutt,Coop Ekeby,Wednesday,Fralla,Ost & Skinka,1,1~1
Uppsala Rutt,Coop Ekeby,Thursday,Baguette,Kyckling Curry,1,1~2
Uppsala Rutt,Coop Ekeby,Thursday,Baguette,Ost & Skinka,1,0~1
Uppsala Rutt,Coop Ekeby,Thursday,Baguette,Salami & Brieost,1,1~2
Uppsala Rutt,Coop Ekeby,Thursday,Baguette,Skagen,1,1~2
Uppsala Rutt,Coop Ekeby,Thursday,Fralla,Ost,1,1~2
Uppsala Rutt,Coop Ekeby,Thursday,Fralla,Ost & Skinka,3,2~4
Uppsala Rutt,Coop Ekeby,Thursday,Hönökaka,Ost,1,0~1
Uppsala Rutt,Coop Ekeby,Thursday,Hönökaka,Ost & Salami,1,0~1
Uppsala Rutt,Coop Ekeby,Thursday,Hönökaka,Ost & Skinka,1,1~2
Uppsala Rutt,Coop Ekeby,Thursday,Pastasallad,Bacon & Kyckling,1,0~1
Uppsala Rutt,Coop Ekeby,Thursday,Pastasallad,Kyckling & Salladsost,2,1~2
Uppsala Rutt,Coop Ekeby,Thursday,Pastasallad,Kyckling mangocurry,2,1~2
Uppsala Rutt,Coop Ekeby,Thursday,Pastasallad,Räkor,2,1~2
Uppsala Rutt,Coop Ekeby,Thursday,Sandwich,Bacon & Äggröra,1,0~1
Uppsala Rutt,Coop Ekeby,Thursday,Sandwich,Clubsandwich,1,1~2
Uppsala Rutt,Coop Ekeby,Thursday,Sandwich,Kyckling Curry,1,0~1
Uppsala Rutt,Coop Ekeby,Thursday,Sandwich,Räkor,1,1~2
Uppsala Rutt,Coop Ekeby,Thursday,Sandwich,Ägg & Avocadokräm,1,0~1
Uppsala Rutt,Coop Ekeby,Thursday,Varmrätt,Cevapcici med bulgur,1,0~1
Uppsala Rutt,Coop Ekeby,Thursday,Varmrätt,Kyckling-och böngryta,1,0~1
Uppsala Rutt,Coop Ekeby,Thursday,Varmrätt,Pannbiff med Basmatiris,1,0~1
Uppsala Rutt,Coop Ekeby,Thursday,Varmrätt,Teriyakibiff med ris,1,0~1
Uppsala Rutt,Coop Ekeby,Thursday,Varmrätt,Teriyakikycklingfile med basmatiris,1,0~1
Uppsala Rutt,Coop Ekeby,Thursday,Wraps,Caesar Kyckling,1,1~2
Uppsala Rutt,Coop Ekeby,Thursday,Wraps,Kyckling Bacon,1,0~1
Uppsala Rutt,Coop Ekeby,Thursday,Wraps,Kyckling Curry,1,1~2
Uppsala Rutt,Coop Ekeby,Thursday,Wraps,Sweet Chili,1,0~1
Uppsala Rutt,Coop Ekeby,Thursday,Wraps,Wrap Curry Oumph!,1,1~2
Uppsala Rutt,Coop Ekeby,Thursday,XL Frallor,Ost & Skinka,1,0~1
Uppsala Rutt,Coop Luthagen,Sunday,Baguette,Kyckling Curry,1,0~1
Uppsala Rutt,Coop Luthagen,Sunday,Baguette,Skagen,1,0~1
Uppsala Rutt,Coop Luthagen,Sunday,Fralla,Ost,1,0~1
Uppsala Rutt,Coop Luthagen,Sunday,Fralla,Ost & Skinka,1,0~1
Uppsala Rutt,Coop Luthagen,Sunday,Hönökaka,Ost & Skinka,1,0~1
Uppsala Rutt,Coop Luthagen,Sunday,Pastasallad,Kyckling & Salladsost,1,0~1
Uppsala Rutt,Coop Luthagen,Sunday,Pastasallad,Kyckling mangocurry,1,1~2
Uppsala Rutt,Coop Luthagen,Sunday,Wraps,Caesar Kyckling,1,0~1
Uppsala Rutt,Coop Luthagen,Sunday,Wraps,Kyckling Bacon,1,0~1
Uppsala Rutt,Coop Luthagen,Sunday,Wraps,Sweet Chili,1,0~1
Uppsala Rutt,Coop Luthagen,Sunday,Wraps,Wrap Curry Oumph!,1,0~1
Uppsala Rutt,Coop Luthagen,Tuesday,Pastasallad,Kyckling mangocurry,1,0~1
Uppsala Rutt,Coop Luthagen,Thursday,Baguette,Kyckling Curry,1,1~2
Uppsala Rutt,Coop Luthagen,Thursday,Baguette,Salami & Brieost,1,0~1
Uppsala Rutt,Coop Luthagen,Thursday,Baguette,Skagen,1,1~2
Uppsala Rutt,Coop Luthagen,Thursday,Fralla,Ost,1,1~2
Uppsala Rutt,Coop Luthagen,Thursday,Fralla,Ost & Skinka,1,1~2
Uppsala Rutt,Coop Luthagen,Thursday,Hönökaka,Ost,1,0~1
Uppsala Rutt,Coop Luthagen,Thursday,Hönökaka,Ost & Salami,1,0~1
Uppsala Rutt,Coop Luthagen,Thursday,Hönökaka,Ost & Skinka,1,1~2
Uppsala Rutt,Coop Luthagen,Thursday,Pastasallad,Bacon & Kyckling,1,0~1
Uppsala Rutt,Coop Luthagen,Thursday,Pastasallad,Kyckling & Salladsost,1,1~2
Uppsala Rutt,Coop Luthagen,Thursday,Pastasallad,Kyckling mangocurry,1,1~2
Uppsala Rutt,Coop Luthagen,Thursday,Pastasallad,Ost & Skinka,1,0~1
Uppsala Rutt,Coop Luthagen,Thursday,Pastasallad,Räkor,1,0~1
Uppsala Rutt,Coop Luthagen,Thursday,Sandwich,Clubsandwich,1,0~1
Uppsala Rutt,Coop Luthagen,Thursday,Sandwich,Kyckling Curry,1,0~1
Uppsala Rutt,Coop Luthagen,Thursday,Sandwich,Räkor,1,0~1
Uppsala Rutt,Coop Luthagen,Thursday,Sandwich,Ägg & Avocadokräm,1,0~1
Uppsala Rutt,Coop Luthagen,Thursday,Varmrätt,Cevapcici med bulgur,1,0~1
Uppsala Rutt,Coop Luthagen,Thursday,Varmrätt,Kyckling-och böngryta,1,0~1
Uppsala Rutt,Coop Luthagen,Thursday,Varmrätt,Pannbiff med Basmatiris,1,0~1
Uppsala Rutt,Coop Luthagen,Thursday,Varmrätt,Teriyakibiff med ris,1,0~1
Uppsala Rutt,Coop Luthagen,Thursday,Wraps,Caesar Kyckling,1,1~2
Uppsala Rutt,Coop Luthagen,Thursday,Wraps,Kyckling Bacon,1,1~2
Uppsala Rutt,Coop Luthagen,Thursday,Wraps,Sweet Chili,1,1~2
Uppsala Rutt,Coop Luthagen,Thursday,Wraps,Wrap Curry Oumph!,1,1~2
Uppsala Rutt,Coop Luthagen,Thursday,XL Frallor,Grovfralla Kalkon & Färskost,1,0~1
Uppsala Rutt,Coop Luthagen,Thursday,XL Frallor,Ost,1,0~1
Uppsala Rutt,Coop Luthagen,Thursday,XL Frallor,Ost & Skinka,1,0~1
Uppsala Rutt,Coop Stationsgallerian,Sunday,Baguette,Kyckling Curry,2,2~3
Uppsala Rutt,Coop Stationsgallerian,Sunday,Baguette,Kyckling Sweet Chili,2,2~3
Uppsala Rutt,Coop Stationsgallerian,Sunday,Baguette,Ost & Skinka,2,2~3
Uppsala Rutt,Coop Stationsgallerian,Sunday,Baguette,Salami & Brieost,2,2~3
Uppsala Rutt,Coop Stationsgallerian,Sunday,Baguette,Skagen,4,3~5
Uppsala Rutt,Coop Stationsgallerian,Sunday,Fralla,Ost,8,7~9
Uppsala Rutt,Coop Stationsgallerian,Sunday,Fralla,Ost & Skinka,12,10~15
Uppsala Rutt,Coop Stationsgallerian,Sunday,Hönökaka,Ost,4,3~5
Uppsala Rutt,Coop Stationsgallerian,Sunday,Hönökaka,Ost & Salami,5,4~6
Uppsala Rutt,Coop Stationsgallerian,Sunday,Hönökaka,Ost & Skinka,4,3~5
Uppsala Rutt,Coop Stationsgallerian,Sunday,Pastasallad,Bacon & Kyckling,2,1~2
Uppsala Rutt,Coop Stationsgallerian,Sunday,Pastasallad,Kyckling & Salladsost,2,2~3
Uppsala Rutt,Coop Stationsgallerian,Sunday,Pastasallad,Kyckling mangocurry,2,2~2
Uppsala Rutt,Coop Stationsgallerian,Sunday,Pastasallad,Ost & Skinka,1,0~1
Uppsala Rutt,Coop Stationsgallerian,Sunday,Pastasallad,Räkor,1,1~2
Uppsala Rutt,Coop Stationsgallerian,Sunday,Sandwich,Bacon & Äggröra,3,3~4
Uppsala Rutt,Coop Stationsgallerian,Sunday,Sandwich,Clubsandwich,4,3~4
Uppsala Rutt,Coop Stationsgallerian,Sunday,Sandwich,Kyckling Curry,2,2~3
Uppsala Rutt,Coop Stationsgallerian,Sunday,Sandwich,Kyckling Pestoröra,1,1~2
Uppsala Rutt,Coop Stationsgallerian,Sunday,Sandwich,Räkor,2,2~3
Uppsala Rutt,Coop Stationsgallerian,Sunday,Sandwich,Ägg & Avocadokräm,1,0~1
Uppsala Rutt,Coop Stationsgallerian,Sunday,Varmrätt,Cevapcici med bulgur,1,0~1
Uppsala Rutt,Coop Stationsgallerian,Sunday,Varmrätt,Teriyakibiff med ris,1,1~2
Uppsala Rutt,Coop Stationsgallerian,Sunday,Wraps,Caesar Kyckling,6,5~7
Uppsala Rutt,Coop Stationsgallerian,Sunday,Wraps,Kyckling Bacon,7,6~8
Uppsala Rutt,Coop Stationsgallerian,Sunday,Wraps,Kyckling Curry,7,6~9
Uppsala Rutt,Coop Stationsgallerian,Sunday,Wraps,Sweet Chili,5,4~6
Uppsala Rutt,Coop Stationsgallerian,Sunday,Wraps,Wrap Curry Oumph!,1,1~2
Uppsala Rutt,Coop Stationsgallerian,Sunday,XL Frallor,Grovfralla Kalkon & Färskost,1,1~2
Uppsala Rutt,Coop Stationsgallerian,Sunday,XL Frallor,Ost,1,1~2
Uppsala Rutt,Coop Stationsgallerian,Sunday,XL Frallor,Ost & Skinka,6,5~7
Uppsala Rutt,Coop Stationsgallerian,Monday,Baguette,Kyckling Curry,1,1~1
Uppsala Rutt,Coop Stationsgallerian,Monday,Baguette,Kyckling Sweet Chili,1,0~1
Uppsala Rutt,Coop Stationsgallerian,Monday,Baguette,Ost & Skinka,1,1~1
Uppsala Rutt,Coop Stationsgallerian,Monday,Baguette,Salami & Brieost,1,0~1
Uppsala Rutt,Coop Stationsgallerian,Monday,Baguette,Skagen,1,1~2
Uppsala Rutt,Coop Stationsgallerian,Monday,Fralla,Ost,3,2~3
Uppsala Rutt,Coop Stationsgallerian,Monday,Fralla,Ost & Skinka,4,3~5
Uppsala Rutt,Coop Stationsgallerian,Monday,Hönökaka,Ost,1,1~2
Uppsala Rutt,Coop Stationsgallerian,Monday,Hönökaka,Ost & Salami,2,1~2
Uppsala Rutt,Coop Stationsgallerian,Monday,Hönökaka,Ost & Skinka,1,1~2
Uppsala Rutt,Coop Stationsgallerian,Monday,Pastasallad,Kyckling & Salladsost,1,0~1
Uppsala Rutt,Coop Stationsgallerian,Monday,Pastasallad,Kyckling mangocurry,1,0~1
Uppsala Rutt,Coop Stationsgallerian,Monday,Sandwich,Bacon & Äggröra,1,1~1
Uppsala Rutt,Coop Stationsgallerian,Monday,Sandwich,Clubsandwich,1,1~2
Uppsala Rutt,Coop Stationsgallerian,Monday,Sandwich,Kyckling Curry,1,1~1
Uppsala Rutt,Coop Stationsgallerian,Monday,Sandwich,Räkor,1,1~1
Uppsala Rutt,Coop Stationsgallerian,Monday,Wraps,Caesar Kyckling,2,2~2
Uppsala Rutt,Coop Stationsgallerian,Monday,Wraps,Kyckling Bacon,2,2~3
Uppsala Rutt,Coop Stationsgallerian,Monday,Wraps,Kyckling Curry,2,2~3
Uppsala Rutt,Coop Stationsgallerian,Monday,Wraps,Sweet Chili,2,1~2
Uppsala Rutt,Coop Stationsgallerian,Monday,XL Frallor,Ost & Skinka,2,2~2
Uppsala Rutt,Coop Stationsgallerian,Tuesday,Baguette,Kyckling Curry,2,1~2
Uppsala Rutt,Coop Stationsgallerian,Tuesday,Baguette,Kyckling Sweet Chili,2,1~2
Uppsala Rutt,Coop Stationsgallerian,Tuesday,Baguette,Ost & Skinka,2,1~2
Uppsala Rutt,Coop Stationsgallerian,Tuesday,Baguette,Salami & Brieost,2,1~2
Uppsala Rutt,Coop Stationsgallerian,Tuesday,Baguette,Skagen,3,2~4
Uppsala Rutt,Coop Stationsgallerian,Tuesday,Fralla,Ost,6,5~7
Uppsala Rutt,Coop Stationsgallerian,Tuesday,Fralla,Ost & Skinka,9,7~11
Uppsala Rutt,Coop Stationsgallerian,Tuesday,Hönökaka,Ost,3,2~4
Uppsala Rutt,Coop Stationsgallerian,Tuesday,Hönökaka,Ost & Salami,4,3~5
Uppsala Rutt,Coop Stationsgallerian,Tuesday,Hönökaka,Ost & Skinka,3,2~4
Uppsala Rutt,Coop Stationsgallerian,Tuesday,Pastasallad,Bacon & Kyckling,1,1~2
Uppsala Rutt,Coop Stationsgallerian,Tuesday,Pastasallad,Kyckling & Salladsost,2,1~2
Uppsala Rutt,Coop Stationsgallerian,Tuesday,Pastasallad,Kyckling mangocurry,1,1~2
Uppsala Rutt,Coop Stationsgallerian,Tuesday,Pastasallad,Räkor,1,1~1
Uppsala Rutt,Coop Stationsgallerian,Tuesday,Sandwich,Bacon & Äggröra,2,2~3
Uppsala Rutt,Coop Stationsgallerian,Tuesday,Sandwich,Clubsandwich,3,2~3
Uppsala Rutt,Coop Stationsgallerian,Tuesday,Sandwich,Kyckling Curry,2,1~2
Uppsala Rutt,Coop Stationsgallerian,Tuesday,Sandwich,Kyckling Pestoröra,1,1~1
Uppsala Rutt,Coop Stationsgallerian,Tuesday,Sandwich,Räkor,2,1~2
Uppsala Rutt,Coop Stationsgallerian,Tuesday,Varmrätt,Teriyakibiff med ris,1,0~1
Uppsala Rutt,Coop Stationsgallerian,Tuesday,Wraps,Caesar Kyckling,4,4~5
Uppsala Rutt,Coop Stationsgallerian,Tuesday,Wraps,Kyckling Bacon,5,4~6
Uppsala Rutt,Coop Stationsgallerian,Tuesday,Wraps,Kyckling Curry,5,4~6
Uppsala Rutt,Coop Stationsgallerian,Tuesday,Wraps,Sweet Chili,4,3~5
Uppsala Rutt,Coop Stationsgallerian,Tuesday,Wraps,Wrap Curry Oumph!,1,0~1
Uppsala Rutt,Coop Stationsgallerian,Tuesday,XL Frallor,Grovfralla Kalkon & Färskost,1,1~1
Uppsala Rutt,Coop Stationsgallerian,Tuesday,XL Frallor,Ost,1,1~1
Uppsala Rutt,Coop Stationsgallerian,Tuesday,XL Frallor,Ost & Skinka,4,4~5
Uppsala Rutt,Coop Stationsgallerian,Wednesday,Baguette,Kyckling Curry,1,0~1
Uppsala Rutt,Coop Stationsgallerian,Wednesday,Baguette,Kyckling Sweet Chili,1,0~1
Uppsala Rutt,Coop Stationsgallerian,Wednesday,Baguette,Ost & Skinka,1,0~1
Uppsala Rutt,Coop Stationsgallerian,Wednesday,Baguette,Salami & Brieost,1,0~1
Uppsala Rutt,Coop Stationsgallerian,Wednesday,Baguette,Skagen,1,1~1
Uppsala Rutt,Coop Stationsgallerian,Wednesday,Fralla,Ost,2,2~2
Uppsala Rutt,Coop Stationsgallerian,Wednesday,Fralla,Ost & Skinka,3,3~4
Uppsala Rutt,Coop Stationsgallerian,Wednesday,Hönökaka,Ost,1,1~1
Uppsala Rutt,Coop Stationsgallerian,Wednesday,Hönökaka,Ost & Salami,1,1~2
Uppsala Rutt,Coop Stationsgallerian,Wednesday,Hönökaka,Ost & Skinka,1,1~1
Uppsala Rutt,Coop Stationsgallerian,Wednesday,Pastasallad,Kyckling & Salladsost,1,0~1
Uppsala Rutt,Coop Stationsgallerian,Wednesday,Sandwich,Bacon & Äggröra,1,1~1
Uppsala Rutt,Coop Stationsgallerian,Wednesday,Sandwich,Clubsandwich,1,1~1
Uppsala Rutt,Coop Stationsgallerian,Wednesday,Sandwich,Kyckling Curry,1,0~1
Uppsala Rutt,Coop Stationsgallerian,Wednesday,Sandwich,Räkor,1,0~1
Uppsala Rutt,Coop Stationsgallerian,Wednesday,Wraps,Caesar Kyckling,2,1~2
Uppsala Rutt,Coop Stationsgallerian,Wednesday,Wraps,Kyckling Bacon,2,2~2
Uppsala Rutt,Coop Stationsgallerian,Wednesday,Wraps,Kyckling Curry,2,2~2
Uppsala Rutt,Coop Stationsgallerian,Wednesday,Wraps,Sweet Chili,1,1~2
Uppsala Rutt,Coop Stationsgallerian,Wednesday,XL Frallor,Ost & Skinka,2,1~2
Uppsala Rutt,Coop Stationsgallerian,Thursday,Baguette,Kyckling Curry,2,2~4
Uppsala Rutt,Coop Stationsgallerian,Thursday,Baguette,Kyckling Sweet Chili,1,2~3
Uppsala Rutt,Coop Stationsgallerian,Thursday,Baguette,Ost & Skinka,2,2~4
Uppsala Rutt,Coop Stationsgallerian,Thursday,Baguette,Salami & Brieost,1,2~3
Uppsala Rutt,Coop Stationsgallerian,Thursday,Baguette,Skagen,5,4~6
Uppsala Rutt,Coop Stationsgallerian,Thursday,Fralla,Ost,7,6~10
Uppsala Rutt,Coop Stationsgallerian,Thursday,Fralla,Ost & Skinka,13,11~14
Uppsala Rutt,Coop Stationsgallerian,Thursday,Hönökaka,Ost,5,4~6
Uppsala Rutt,Coop Stationsgallerian,Thursday,Hönökaka,Ost & Salami,5,5~6
Uppsala Rutt,Coop Stationsgallerian,Thursday,Hönökaka,Ost & Skinka,4,4~4
Uppsala Rutt,Coop Stationsgallerian,Thursday,Pastasallad,Bacon & Kyckling,2,2~1
Uppsala Rutt,Coop Stationsgallerian,Thursday,Pastasallad,Kyckling & Salladsost,1,2~3
Uppsala Rutt,Coop Stationsgallerian,Thursday,Pastasallad,Kyckling mangocurry,2,2~2
Uppsala Rutt,Coop Stationsgallerian,Thursday,Pastasallad,Ost & Skinka,1,1~2
Uppsala Rutt,Coop Stationsgallerian,Thursday,Pastasallad,Räkor,2,1~2
Uppsala Rutt,Coop Stationsgallerian,Thursday,Sandwich,Bacon & Äggröra,4,2~5
Uppsala Rutt,Coop Stationsgallerian,Thursday,Sandwich,Clubsandwich,3,3~5
Uppsala Rutt,Coop Stationsgallerian,Thursday,Sandwich,Kyckling Curry,2,2~4
Uppsala Rutt,Coop Stationsgallerian,Thursday,Sandwich,Kyckling Pestoröra,2,1~2
Uppsala Rutt,Coop Stationsgallerian,Thursday,Sandwich,Räkor,2,2~4
Uppsala Rutt,Coop Stationsgallerian,Thursday,Sandwich,Ägg & Avocadokräm,1,1~2
Uppsala Rutt,Coop Stationsgallerian,Thursday,Varmrätt,Cevapcici med bulgur,1,1~2
Uppsala Rutt,Coop Stationsgallerian,Thursday,Varmrätt,Kyckling-och böngryta,1,0~1
Uppsala Rutt,Coop Stationsgallerian,Thursday,Varmrätt,Teriyakibiff med ris,1,1~2
Uppsala Rutt,Coop Stationsgallerian,Thursday,Wraps,Caesar Kyckling,6,5~8
Uppsala Rutt,Coop Stationsgallerian,Thursday,Wraps,Kyckling Bacon,7,5~9
Uppsala Rutt,Coop Stationsgallerian,Thursday,Wraps,Kyckling Curry,8,6~9
Uppsala Rutt,Coop Stationsgallerian,Thursday,Wraps,Kycklingsallad Olivie,1,0~1
Uppsala Rutt,Coop Stationsgallerian,Thursday,Wraps,Sweet Chili,5,5~6
Uppsala Rutt,Coop Stationsgallerian,Thursday,Wraps,Wrap Curry Oumph!,1,1~2
Uppsala Rutt,Coop Stationsgallerian,Thursday,XL Frallor,Grovfralla Kalkon & Färskost,2,1~2
Uppsala Rutt,Coop Stationsgallerian,Thursday,XL Frallor,Ost,2,1~2
Uppsala Rutt,Coop Stationsgallerian,Thursday,XL Frallor,Ost & Skinka,5,4~7
Uppsala Rutt,Coop Storvreta,Sunday,Baguette,Ost & Skinka,1,1~2
Uppsala Rutt,Coop Storvreta,Sunday,Baguette,Salami & Brieost,1,1~2
Uppsala Rutt,Coop Storvreta,Sunday,Baguette,Skagen,1,0~1
Uppsala Rutt,Coop Storvreta,Sunday,Fralla,Ost,1,1~2
Uppsala Rutt,Coop Storvreta,Sunday,Fralla,Ost & Skinka,1,1~2
Uppsala Rutt,Coop Storvreta,Sunday,Hönökaka,Ost & Skinka,1,0~1
Uppsala Rutt,Coop Storvreta,Sunday,Pastasallad,Kyckling & Salladsost,2,2~3
Uppsala Rutt,Coop Storvreta,Sunday,Pastasallad,Kyckling mangocurry,3,3~4
Uppsala Rutt,Coop Storvreta,Sunday,Pastasallad,Räkor,1,1~2
Uppsala Rutt,Coop Storvreta,Sunday,Sandwich,Clubsandwich,1,0~1
Uppsala Rutt,Coop Storvreta,Sunday,Sandwich,Räkor,1,0~1
Uppsala Rutt,Coop Storvreta,Sunday,Sandwich,Ägg & Avocadokräm,1,0~1
Uppsala Rutt,Coop Storvreta,Sunday,Wraps,Caesar Kyckling,1,1~2
Uppsala Rutt,Coop Storvreta,Sunday,Wraps,Kyckling Bacon,1,0~1
Uppsala Rutt,Coop Storvreta,Sunday,Wraps,Kyckling Curry,1,0~1
Uppsala Rutt,Coop Storvreta,Sunday,Wraps,Sweet Chili,1,1~2
Uppsala Rutt,Coop Storvreta,Sunday,XL Frallor,Ost & Skinka,1,0~1
Uppsala Rutt,Coop Storvreta,Monday,Pastasallad,Kyckling & Salladsost,1,0~1
Uppsala Rutt,Coop Storvreta,Monday,Pastasallad,Kyckling mangocurry,1,1~1
Uppsala Rutt,Coop Storvreta,Tuesday,Baguette,Ost & Skinka,1,0~1
Uppsala Rutt,Coop Storvreta,Tuesday,Baguette,Salami & Brieost,1,0~1
Uppsala Rutt,Coop Storvreta,Tuesday,Fralla,Ost,1,0~1
Uppsala Rutt,Coop Storvreta,Tuesday,Fralla,Ost & Skinka,1,1~1
Uppsala Rutt,Coop Storvreta,Tuesday,Pastasallad,Kyckling & Salladsost,2,1~2
Uppsala Rutt,Coop Storvreta,Tuesday,Pastasallad,Kyckling mangocurry,2,2~3
Uppsala Rutt,Coop Storvreta,Tuesday,Pastasallad,Räkor,1,0~1
Uppsala Rutt,Coop Storvreta,Tuesday,Wraps,Caesar Kyckling,1,0~1
Uppsala Rutt,Coop Storvreta,Tuesday,Wraps,Sweet Chili,1,0~1
Uppsala Rutt,Coop Storvreta,Wednesday,Pastasallad,Kyckling & Salladsost,1,0~1
Uppsala Rutt,Coop Storvreta,Wednesday,Pastasallad,Kyckling mangocurry,1,1~1
Uppsala Rutt,Coop Storvreta,Thursday,Baguette,Kyckling Curry,1,0~1
Uppsala Rutt,Coop Storvreta,Thursday,Baguette,Ost & Skinka,1,1~2
Uppsala Rutt,Coop Storvreta,Thursday,Baguette,Salami & Brieost,1,1~2
Uppsala Rutt,Coop Storvreta,Thursday,Baguette,Skagen,1,1~2
Uppsala Rutt,Coop Storvreta,Thursday,Fralla,Ost,1,1~2
Uppsala Rutt,Coop Storvreta,Thursday,Fralla,Ost & Skinka,2,1~2
Uppsala Rutt,Coop Storvreta,Thursday,Hönökaka,Ost,1,0~1
Uppsala Rutt,Coop Storvreta,Thursday,Hönökaka,Ost & Skinka,1,1~2
Uppsala Rutt,Coop Storvreta,Thursday,Pastasallad,Kyckling & Salladsost,1,2~3
Uppsala Rutt,Coop Storvreta,Thursday,Pastasallad,Kyckling mangocurry,4,2~5
Uppsala Rutt,Coop Storvreta,Thursday,Pastasallad,Ost & Skinka,1,0~1
Uppsala Rutt,Coop Storvreta,Thursday,Pastasallad,Räkor,1,1~2
Uppsala Rutt,Coop Storvreta,Thursday,Sandwich,Clubsandwich,1,1~2
Uppsala Rutt,Coop Storvreta,Thursday,Sandwich,Kyckling Curry,1,0~1
Uppsala Rutt,Coop Storvreta,Thursday,Sandwich,Räkor,1,1~2
Uppsala Rutt,Coop Storvreta,Thursday,Sandwich,Ägg & Avocadokräm,1,1~2
Uppsala Rutt,Coop Storvreta,Thursday,Wraps,Caesar Kyckling,1,1~2
Uppsala Rutt,Coop Storvreta,Thursday,Wraps,Kyckling Bacon,1,1~2
Uppsala Rutt,Coop Storvreta,Thursday,Wraps,Kyckling Curry,1,1~2
Uppsala Rutt,Coop Storvreta,Thursday,Wraps,Sweet Chili,1,1~2
Uppsala Rutt,Coop Storvreta,Thursday,XL Frallor,Grovfralla Kalkon & Färskost,1,0~1
Uppsala Rutt,Coop Storvreta,Thursday,XL Frallor,Ost,1,0~1
Uppsala Rutt,Coop Storvreta,Thursday,XL Frallor,Ost & Skinka,1,1~2
Uppsala Rutt,Coop Sunnersta,Sunday,Fralla,Ost,1,0~1
Uppsala Rutt,Coop Sunnersta,Sunday,Fralla,Ost & Skinka,1,1~2
Uppsala Rutt,Coop Sunnersta,Sunday,Pastasallad,Bacon & Kyckling,1,0~1
Uppsala Rutt,Coop Sunnersta,Sunday,Pastasallad,Kyckling & Salladsost,1,1~2
Uppsala Rutt,Coop Sunnersta,Sunday,Pastasallad,Kyckling mangocurry,1,1~2
Uppsala Rutt,Coop Sunnersta,Sunday,Pastasallad,Räkor,1,0~1
Uppsala Rutt,Coop Sunnersta,Sunday,Sandwich,Bacon & Äggröra,1,0~1
Uppsala Rutt,Coop Sunnersta,Sunday,Sandwich,Kyckling Curry,1,0~1
Uppsala Rutt,Coop Sunnersta,Sunday,Sandwich,Räkor,1,0~1
Uppsala Rutt,Coop Sunnersta,Sunday,Sandwich,Ägg & Avocadokräm,1,0~1
Uppsala Rutt,Coop Sunnersta,Sunday,Wraps,Caesar Kyckling,1,1~2
Uppsala Rutt,Coop Sunnersta,Sunday,Wraps,Kyckling Bacon,1,0~1
Uppsala Rutt,Coop Sunnersta,Sunday,Wraps,Sweet Chili,1,0~1
Uppsala Rutt,Coop Sunnersta,Tuesday,Fralla,Ost & Skinka,1,0~1
Uppsala Rutt,Coop Sunnersta,Tuesday,Pastasallad,Kyckling & Salladsost,1,0~1
Uppsala Rutt,Coop Sunnersta,Tuesday,Pastasallad,Kyckling mangocurry,1,1~1
Uppsala Rutt,Coop Sunnersta,Tuesday,Wraps,Caesar Kyckling,1,0~1
Uppsala Rutt,Coop Sunnersta,Thursday,Baguette,Kyckling Curry,1,0~1
Uppsala Rutt,Coop Sunnersta,Thursday,Baguette,Kyckling Sweet Chili,1,0~1
Uppsala Rutt,Coop Sunnersta,Thursday,Baguette,Ost & Skinka,1,0~1
Uppsala Rutt,Coop Sunnersta,Thursday,Baguette,Salami & Brieost,1,0~1
Uppsala Rutt,Coop Sunnersta,Thursday,Baguette,Skagen,1,0~1
Uppsala Rutt,Coop Sunnersta,Thursday,Fralla,Ost,1,1~2
Uppsala Rutt,Coop Sunnersta,Thursday,Fralla,Ost & Skinka,1,1~2
Uppsala Rutt,Coop Sunnersta,Thursday,Hönökaka,Ost,1,0~1
Uppsala Rutt,Coop Sunnersta,Thursday,Hönökaka,Ost & Salami,1,0~1
Uppsala Rutt,Coop Sunnersta,Thursday,Hönökaka,Ost & Skinka,1,0~1
Uppsala Rutt,Coop Sunnersta,Thursday,Pastasallad,Bacon & Kyckling,1,1~2
Uppsala Rutt,Coop Sunnersta,Thursday,Pastasallad,Kyckling & Salladsost,1,1~2
Uppsala Rutt,Coop Sunnersta,Thursday,Pastasallad,Kyckling kebab,1,0~1
Uppsala Rutt,Coop Sunnersta,Thursday,Pastasallad,Kyckling mangocurry,2,1~2
Uppsala Rutt,Coop Sunnersta,Thursday,Pastasallad,Ost & Skinka,1,0~1
Uppsala Rutt,Coop Sunnersta,Thursday,Pastasallad,Räkor,1,1~2
Uppsala Rutt,Coop Sunnersta,Thursday,Sandwich,Bacon & Äggröra,1,1~2
Uppsala Rutt,Coop Sunnersta,Thursday,Sandwich,Kyckling Curry,1,1~2
Uppsala Rutt,Coop Sunnersta,Thursday,Sandwich,Räkor,1,1~2
Uppsala Rutt,Coop Sunnersta,Thursday,Sandwich,Ägg & Avocadokräm,1,1~2
Uppsala Rutt,Coop Sunnersta,Thursday,Varmrätt,Teriyakibiff med ris,1,0~1
Uppsala Rutt,Coop Sunnersta,Thursday,Varmrätt,Teriyakikycklingfile med basmatiris,1,0~1
Uppsala Rutt,Coop Sunnersta,Thursday,Wraps,Caesar Kyckling,1,1~2
Uppsala Rutt,Coop Sunnersta,Thursday,Wraps,Kyckling Bacon,1,1~2
Uppsala Rutt,Coop Sunnersta,Thursday,Wraps,Kyckling Curry,1,0~1
Uppsala Rutt,Coop Sunnersta,Thursday,Wraps,Sweet Chili,1,1~2
Uppsala Rutt,Coop Sunnersta,Thursday,XL Frallor,Grovfralla Kalkon & Färskost,1,0~1
Uppsala Rutt,Coop Sunnersta,Thursday,XL Frallor,Ost,1,0~1
Uppsala Rutt,Coop Sunnersta,Thursday,XL Frallor,Ost & Skinka,1,0~1
Uppsala Rutt,Coop Västertorg,Sunday,Baguette,Kyckling Curry,1,1~2
Uppsala Rutt,Coop Västertorg,Sunday,Baguette,Ost & Skinka,1,0~1
Uppsala Rutt,Coop Västertorg,Sunday,Baguette,Skagen,1,1~2
Uppsala Rutt,Coop Västertorg,Sunday,Fralla,Ost,1,1~2
Uppsala Rutt,Coop Västertorg,Sunday,Fralla,Ost & Skinka,1,1~2
Uppsala Rutt,Coop Västertorg,Sunday,Pastasallad,Bacon & Kyckling,1,0~1
Uppsala Rutt,Coop Västertorg,Sunday,Pastasallad,Kyckling & Salladsost,1,1~2
Uppsala Rutt,Coop Västertorg,Sunday,Pastasallad,Kyckling kebab,1,0~1
Uppsala Rutt,Coop Västertorg,Sunday,Pastasallad,Kyckling mangocurry,1,0~1
Uppsala Rutt,Coop Västertorg,Sunday,Sandwich,Räkor,1,0~1
Uppsala Rutt,Coop Västertorg,Sunday,Wraps,Caesar Kyckling,1,0~1
Uppsala Rutt,Coop Västertorg,Sunday,Wraps,Kyckling Bacon,1,0~1
Uppsala Rutt,Coop Västertorg,Tuesday,Baguette,Kyckling Curry,1,0~1
Uppsala Rutt,Coop Västertorg,Tuesday,Baguette,Skagen,1,0~1
Uppsala Rutt,Coop Västertorg,Tuesday,Fralla,Ost,1,0~1
Uppsala Rutt,Coop Västertorg,Tuesday,Fralla,Ost & Skinka,1,1~1
Uppsala Rutt,Coop Västertorg,Tuesday,Pastasallad,Kyckling & Salladsost,1,0~1
Uppsala Rutt,Coop Västertorg,Thursday,Baguette,Kyckling Curry,1,1~2
Uppsala Rutt,Coop Västertorg,Thursday,Baguette,Ost & Skinka,1,1~2
Uppsala Rutt,Coop Västertorg,Thursday,Baguette,Salami & Brieost,1,0~1
Uppsala Rutt,Coop Västertorg,Thursday,Baguette,Skagen,1,1~2
Uppsala Rutt,Coop Västertorg,Thursday,Fralla,Ost,1,1~2
Uppsala Rutt,Coop Västertorg,Thursday,Fralla,Ost & Skinka,2,1~2
Uppsala Rutt,Coop Västertorg,Thursday,Pastasallad,Bacon & Kyckling,1,1~2
Uppsala Rutt,Coop Västertorg,Thursday,Pastasallad,Falafel,1,0~1
Uppsala Rutt,Coop Västertorg,Thursday,Pastasallad,Kyckling & Salladsost,1,1~2
Uppsala Rutt,Coop Västertorg,Thursday,Pastasallad,Kyckling kebab,1,1~2
Uppsala Rutt,Coop Västertorg,Thursday,Pastasallad,Kyckling mangocurry,1,1~2
Uppsala Rutt,Coop Västertorg,Thursday,Pastasallad,Räkor,1,0~1
Uppsala Rutt,Coop Västertorg,Thursday,Sandwich,Kyckling Curry,1,0~1
Uppsala Rutt,Coop Västertorg,Thursday,Sandwich,Kyckling Pestoröra,1,0~1
Uppsala Rutt,Coop Västertorg,Thursday,Sandwich,Räkor,1,1~2
Uppsala Rutt,Coop Västertorg,Thursday,Sandwich,Ägg & Avocadokräm,1,0~1
Uppsala Rutt,Coop Västertorg,Thursday,Wraps,Caesar Kyckling,1,1~2
Uppsala Rutt,Coop Västertorg,Thursday,Wraps,Kyckling Bacon,1,1~2
Uppsala Rutt,Coop Västertorg,Thursday,Wraps,Sweet Chili,1,0~1
Uppsala Rutt,Coop Västertorg,Thursday,Wraps,Wrap Curry Oumph!,1,0~1
Uppsala Rutt,Coop Västertorg,Thursday,XL Frallor,Grovfralla Kalkon & Färskost,1,0~1
Uppsala Rutt,Coop Västertorg,Thursday,XL Frallor,Ost,1,0~1
Uppsala Rutt,Coop Västertorg,Thursday,XL Frallor,Ost & Skinka,1,0~1
Uppsala Rutt,Dressinen (Tisd & Fre),Sunday,Baguette,Kyckling Curry,1,1~2
Uppsala Rutt,Dressinen (Tisd & Fre),Sunday,Baguette,Ost & Skinka,1,0~1
Uppsala Rutt,Dressinen (Tisd & Fre),Sunday,Baguette,Skagen,1,0~1
Uppsala Rutt,Dressinen (Tisd & Fre),Sunday,Fralla,Ost,1,1~2
Uppsala Rutt,Dressinen (Tisd & Fre),Sunday,Fralla,Ost & Skinka,1,1~2
Uppsala Rutt,Dressinen (Tisd & Fre),Tuesday,Baguette,Kyckling Curry,1,0~1
Uppsala Rutt,Dressinen (Tisd & Fre),Tuesday,Fralla,Ost,1,0~1
Uppsala Rutt,Dressinen (Tisd & Fre),Tuesday,Fralla,Ost & Skinka,1,0~1
Uppsala Rutt,Dressinen (Tisd & Fre),Thursday,Baguette,Kyckling Curry,1,1~2
Uppsala Rutt,Dressinen (Tisd & Fre),Thursday,Baguette,Ost & Skinka,1,1~2
Uppsala Rutt,Dressinen (Tisd & Fre),Thursday,Baguette,Skagen,1,1~2
Uppsala Rutt,Dressinen (Tisd & Fre),Thursday,Fralla,Ost,1,1~2
Uppsala Rutt,Dressinen (Tisd & Fre),Thursday,Fralla,Ost & Skinka,1,1~2
Uppsala Rutt,Flogsta Närlivs,Thursday,Baguette,Kyckling Curry,1,0~1
Uppsala Rutt,Flogsta Närlivs,Thursday,Baguette,Salami & Brieost,1,0~1
Uppsala Rutt,Flogsta Närlivs,Thursday,Baguette,Skagen,1,0~1
Uppsala Rutt,Flogsta Närlivs,Thursday,Fralla,Ost,1,0~1
Uppsala Rutt,Flogsta Närlivs,Thursday,Hönökaka,Ost & Skinka,1,0~1
Uppsala Rutt,Flogsta Närlivs,Thursday,Pastasallad,Bacon & Kyckling,1,0~1
Uppsala Rutt,Flogsta Närlivs,Thursday,Pastasallad,Kyckling & Salladsost,1,0~1
Uppsala Rutt,Flogsta Närlivs,Thursday,Pastasallad,Kyckling kebab,1,0~1
Uppsala Rutt,Flogsta Närlivs,Thursday,Sandwich,Clubsandwich,1,0~1
Uppsala Rutt,Flogsta Närlivs,Thursday,Sandwich,Kyckling Curry,1,0~1
Uppsala Rutt,Flogsta Närlivs,Thursday,Sandwich,Räkor,1,0~1
Uppsala Rutt,Flogsta Närlivs,Thursday,Varmrätt,Cevapcici med bulgur,1,0~1
Uppsala Rutt,Flogsta Närlivs,Thursday,Varmrätt,Kyckling-och böngryta,1,0~1
Uppsala Rutt,Flogsta Närlivs,Thursday,Varmrätt,Pannbiff med Basmatiris,1,0~1
Uppsala Rutt,Flogsta Närlivs,Thursday,Varmrätt,Teriyakibiff med ris,1,0~1
Uppsala Rutt,Flogsta Närlivs,Thursday,Varmrätt,Teriyakikycklingfile med basmatiris,1,0~1
Uppsala Rutt,Flogsta Närlivs,Thursday,Wraps,Caesar Kyckling,1,0~1
Uppsala Rutt,Flogsta Närlivs,Thursday,Wraps,Kyckling Curry,1,0~1
Uppsala Rutt,Flogsta Närlivs,Thursday,Wraps,Kycklingsallad Olivie,1,0~1
Uppsala Rutt,Flogsta Närlivs,Thursday,XL Frallor,Ost,1,0~1
Uppsala Rutt,Handlarn Uppsala,Thursday,Baguette,Kyckling Curry,1,0~1
Uppsala Rutt,Handlarn Uppsala,Thursday,Baguette,Salami & Brieost,1,0~1
Uppsala Rutt,Handlarn Uppsala,Thursday,Baguette,Skagen,1,0~1
Uppsala Rutt,Handlarn Uppsala,Thursday,Pastasallad,Bacon & Kyckling,1,0~1
Uppsala Rutt,Handlarn Uppsala,Thursday,Pastasallad,Kyckling & Salladsost,1,0~1
Uppsala Rutt,Handlarn Uppsala,Thursday,Pastasallad,Kyckling mangocurry,1,0~1
Uppsala Rutt,Handlarn Uppsala,Thursday,Pastasallad,Räkor,1,0~1
Uppsala Rutt,Handlarn Uppsala,Thursday,Sandwich,Clubsandwich,1,0~1
Uppsala Rutt,Handlarn Uppsala,Thursday,Sandwich,Kyckling Curry,1,0~1
Uppsala Rutt,Handlarn Uppsala,Thursday,Sandwich,Kyckling Pestoröra,1,0~1
Uppsala Rutt,Handlarn Uppsala,Thursday,Sandwich,Räkor,1,0~1
Uppsala Rutt,Handlarn Uppsala,Thursday,Wraps,Caesar Kyckling,1,0~1
Uppsala Rutt,Handlarn Uppsala,Thursday,Wraps,Kyckling Curry,1,0~1
Uppsala Rutt,Handlarn Uppsala,Thursday,Wraps,Sweet Chili,1,0~1
Uppsala Rutt,ICA Brantingstorg,Sunday,Baguette,Ost & Skinka,1,0~1
Uppsala Rutt,ICA Brantingstorg,Sunday,Baguette,Salami & Brieost,1,0~1
Uppsala Rutt,ICA Brantingstorg,Sunday,Baguette,Skagen,1,0~1
Uppsala Rutt,ICA Brantingstorg,Sunday,Fralla,Ost,1,0~1
Uppsala Rutt,ICA Brantingstorg,Sunday,Fralla,Ost & Skinka,1,1~2
Uppsala Rutt,ICA Brantingstorg,Sunday,Hönökaka,Ost,1,0~1
Uppsala Rutt,ICA Brantingstorg,Sunday,Hönökaka,Ost & Salami,1,1~2
Uppsala Rutt,ICA Brantingstorg,Sunday,Pastasallad,Bacon & Kyckling,1,1~2
Uppsala Rutt,ICA Brantingstorg,Sunday,Pastasallad,Kyckling & Salladsost,2,2~3
Uppsala Rutt,ICA Brantingstorg,Sunday,Pastasallad,Kyckling mangocurry,3,3~4
Uppsala Rutt,ICA Brantingstorg,Sunday,Pastasallad,Ost & Skinka,1,0~1
Uppsala Rutt,ICA Brantingstorg,Sunday,Pastasallad,Räkor,2,2~3
Uppsala Rutt,ICA Brantingstorg,Sunday,Sandwich,Bacon & Äggröra,1,0~1
Uppsala Rutt,ICA Brantingstorg,Sunday,Sandwich,Clubsandwich,1,0~1
Uppsala Rutt,ICA Brantingstorg,Sunday,Sandwich,Kyckling Curry,1,1~2
Uppsala Rutt,ICA Brantingstorg,Sunday,Sandwich,Kyckling Pestoröra,1,1~2
Uppsala Rutt,ICA Brantingstorg,Sunday,Sandwich,Räkor,1,1~2
Uppsala Rutt,ICA Brantingstorg,Sunday,Sandwich,Ägg & Avocadokräm,1,1~2
Uppsala Rutt,ICA Brantingstorg,Sunday,Wraps,Caesar Kyckling,1,0~1
Uppsala Rutt,ICA Brantingstorg,Sunday,Wraps,Kyckling Bacon,1,0~1
Uppsala Rutt,ICA Brantingstorg,Sunday,Wraps,Sweet Chili,1,0~1
Uppsala Rutt,ICA Brantingstorg,Monday,Pastasallad,Kyckling & Salladsost,1,0~1
Uppsala Rutt,ICA Brantingstorg,Monday,Pastasallad,Kyckling mangocurry,1,1~1
Uppsala Rutt,ICA Brantingstorg,Monday,Pastasallad,Räkor,1,0~1
Uppsala Rutt,ICA Brantingstorg,Tuesday,Fralla,Ost & Skinka,1,0~1
Uppsala Rutt,ICA Brantingstorg,Tuesday,Hönökaka,Ost & Salami,1,0~1
Uppsala Rutt,ICA Brantingstorg,Tuesday,Pastasallad,Bacon & Kyckling,1,0~1
Uppsala Rutt,ICA Brantingstorg,Tuesday,Pastasallad,Kyckling & Salladsost,2,1~2
Uppsala Rutt,ICA Brantingstorg,Tuesday,Pastasallad,Kyckling mangocurry,2,2~3
Uppsala Rutt,ICA Brantingstorg,Tuesday,Pastasallad,Räkor,2,1~2
Uppsala Rutt,ICA Brantingstorg,Tuesday,Sandwich,Kyckling Curry,1,0~1
Uppsala Rutt,ICA Brantingstorg,Tuesday,Sandwich,Kyckling Pestoröra,1,0~1
Uppsala Rutt,ICA Brantingstorg,Tuesday,Sandwich,Räkor,1,0~1
Uppsala Rutt,ICA Brantingstorg,Tuesday,Sandwich,Ägg & Avocadokräm,1,0~1
Uppsala Rutt,ICA Brantingstorg,Wednesday,Pastasallad,Kyckling & Salladsost,1,0~1
Uppsala Rutt,ICA Brantingstorg,Wednesday,Pastasallad,Kyckling mangocurry,1,1~1
Uppsala Rutt,ICA Brantingstorg,Wednesday,Pastasallad,Räkor,1,0~1
Uppsala Rutt,ICA Brantingstorg,Thursday,Baguette,Kyckling Curry,1,0~1
Uppsala Rutt,ICA Brantingstorg,Thursday,Baguette,Kyckling Sweet Chili,1,0~1
Uppsala Rutt,ICA Brantingstorg,Thursday,Baguette,Ost & Skinka,1,1~2
Uppsala Rutt,ICA Brantingstorg,Thursday,Baguette,Salami & Brieost,1,1~2
Uppsala Rutt,ICA Brantingstorg,Thursday,Baguette,Skagen,1,1~2
Uppsala Rutt,ICA Brantingstorg,Thursday,Fralla,Ost,1,1~2
Uppsala Rutt,ICA Brantingstorg,Thursday,Fralla,Ost & Skinka,1,1~2
Uppsala Rutt,ICA Brantingstorg,Thursday,Hönökaka,Ost,1,1~2
Uppsala Rutt,ICA Brantingstorg,Thursday,Hönökaka,Ost & Salami,1,1~2
Uppsala Rutt,ICA Brantingstorg,Thursday,Hönökaka,Ost & Skinka,1,0~1
Uppsala Rutt,ICA Brantingstorg,Thursday,Pastasallad,Bacon & Kyckling,1,1~2
Uppsala Rutt,ICA Brantingstorg,Thursday,Pastasallad,Falafel,1,0~1
Uppsala Rutt,ICA Brantingstorg,Thursday,Pastasallad,Kyckling & Salladsost,1,2~3
Uppsala Rutt,ICA Brantingstorg,Thursday,Pastasallad,Kyckling kebab,1,0~1
Uppsala Rutt,ICA Brantingstorg,Thursday,Pastasallad,Kyckling mangocurry,4,2~5
Uppsala Rutt,ICA Brantingstorg,Thursday,Pastasallad,Ost & Skinka,1,1~2
Uppsala Rutt,ICA Brantingstorg,Thursday,Pastasallad,Räkor,1,2~3
Uppsala Rutt,ICA Brantingstorg,Thursday,Sandwich,Bacon & Äggröra,1,1~2
Uppsala Rutt,ICA Brantingstorg,Thursday,Sandwich,Clubsandwich,1,1~2
Uppsala Rutt,ICA Brantingstorg,Thursday,Sandwich,Kyckling Curry,1,1~2
Uppsala Rutt,ICA Brantingstorg,Thursday,Sandwich,Kyckling Pestoröra,1,1~2
Uppsala Rutt,ICA Brantingstorg,Thursday,Sandwich,Räkor,1,1~2
Uppsala Rutt,ICA Brantingstorg,Thursday,Sandwich,Ägg & Avocadokräm,1,1~2
Uppsala Rutt,ICA Brantingstorg,Thursday,Wraps,Caesar Kyckling,1,1~2
Uppsala Rutt,ICA Brantingstorg,Thursday,Wraps,Kyckling Bacon,1,1~2
Uppsala Rutt,ICA Brantingstorg,Thursday,Wraps,Kyckling Curry,1,0~1
Uppsala Rutt,ICA Brantingstorg,Thursday,Wraps,Sweet Chili,1,1~2
Uppsala Rutt,ICA Brantingstorg,Thursday,Wraps,Wrap Curry Oumph!,1,0~1
Uppsala Rutt,ICA Brantingstorg,Thursday,XL Frallor,Grovfralla Kalkon & Färskost,1,0~1
Uppsala Rutt,ICA Brantingstorg,Thursday,XL Frallor,Ost,1,0~1
Uppsala Rutt,ICA Brantingstorg,Thursday,XL Frallor,Ost & Skinka,1,0~1
Uppsala Rutt,ICA Hörnan,Sunday,Baguette,Kyckling Curry,1,0~1
Uppsala Rutt,ICA Hörnan,Sunday,Baguette,Ost & Skinka,1,0~1
Uppsala Rutt,ICA Hörnan,Sunday,Baguette,Salami & Brieost,1,0~1
Uppsala Rutt,ICA Hörnan,Sunday,Baguette,Skagen,1,0~1
Uppsala Rutt,ICA Hörnan,Sunday,Fralla,Ost,1,0~1
Uppsala Rutt,ICA Hörnan,Sunday,Fralla,Ost & Skinka,1,1~2
Uppsala Rutt,ICA Hörnan,Sunday,Hönökaka,Ost,1,0~1
Uppsala Rutt,ICA Hörnan,Sunday,Hönökaka,Ost & Skinka,1,0~1
Uppsala Rutt,ICA Hörnan,Sunday,Pastasallad,Kyckling & Salladsost,1,1~2
Uppsala Rutt,ICA Hörnan,Sunday,Pastasallad,Kyckling mangocurry,1,1~2
Uppsala Rutt,ICA Hörnan,Sunday,Pastasallad,Räkor,1,0~1
Uppsala Rutt,ICA Hörnan,Sunday,Sandwich,Clubsandwich,1,1~2
Uppsala Rutt,ICA Hörnan,Sunday,Sandwich,Räkor,1,0~1
Uppsala Rutt,ICA Hörnan,Sunday,Wraps,Kyckling Bacon,1,0~1
Uppsala Rutt,ICA Hörnan,Sunday,Wraps,Sweet Chili,1,0~1
Uppsala Rutt,ICA Hörnan,Sunday,Wraps,Wrap Curry Oumph!,1,0~1
Uppsala Rutt,ICA Hörnan,Tuesday,Fralla,Ost & Skinka,1,0~1
Uppsala Rutt,ICA Hörnan,Tuesday,Pastasallad,Kyckling & Salladsost,1,1~1
Uppsala Rutt,ICA Hörnan,Tuesday,Pastasallad,Kyckling mangocurry,1,0~1
Uppsala Rutt,ICA Hörnan,Tuesday,Sandwich,Clubsandwich,1,0~1
Uppsala Rutt,ICA Hörnan,Thursday,Baguette,Kyckling Curry,1,1~2
Uppsala Rutt,ICA Hörnan,Thursday,Baguette,Ost & Skinka,1,1~2
Uppsala Rutt,ICA Hörnan,Thursday,Baguette,Salami & Brieost,1,1~2
Uppsala Rutt,ICA Hörnan,Thursday,Baguette,Skagen,1,1~2
Uppsala Rutt,ICA Hörnan,Thursday,Fralla,Ost,1,1~2
Uppsala Rutt,ICA Hörnan,Thursday,Fralla,Ost & Skinka,1,1~2
Uppsala Rutt,ICA Hörnan,Thursday,Hönökaka,Ost,1,1~2
Uppsala Rutt,ICA Hörnan,Thursday,Hönökaka,Ost & Salami,1,0~1
Uppsala Rutt,ICA Hörnan,Thursday,Hönökaka,Ost & Skinka,1,1~2
Uppsala Rutt,ICA Hörnan,Thursday,Pastasallad,Bacon & Kyckling,1,0~1
Uppsala Rutt,ICA Hörnan,Thursday,Pastasallad,Kyckling & Salladsost,2,1~2
Uppsala Rutt,ICA Hörnan,Thursday,Pastasallad,Kyckling mangocurry,1,1~2
Uppsala Rutt,ICA Hörnan,Thursday,Pastasallad,Räkor,1,1~2
Uppsala Rutt,ICA Hörnan,Thursday,Sandwich,Bacon & Äggröra,1,0~1
Uppsala Rutt,ICA Hörnan,Thursday,Sandwich,Clubsandwich,1,1~2
Uppsala Rutt,ICA Hörnan,Thursday,Sandwich,Kyckling Curry,1,0~1
Uppsala Rutt,ICA Hörnan,Thursday,Sandwich,Kyckling Pestoröra,1,0~1
Uppsala Rutt,ICA Hörnan,Thursday,Sandwich,Räkor,1,1~2
Uppsala Rutt,ICA Hörnan,Thursday,Sandwich,Ägg & Avocadokräm,1,0~1
Uppsala Rutt,ICA Hörnan,Thursday,Varmrätt,Kyckling-och böngryta,1,0~1
Uppsala Rutt,ICA Hörnan,Thursday,Wraps,Caesar Kyckling,1,0~1
Uppsala Rutt,ICA Hörnan,Thursday,Wraps,Kyckling Bacon,1,1~2
Uppsala Rutt,ICA Hörnan,Thursday,Wraps,Kyckling Curry,1,0~1
Uppsala Rutt,ICA Hörnan,Thursday,Wraps,Sweet Chili,1,1~2
Uppsala Rutt,ICA Hörnan,Thursday,Wraps,Wrap Curry Oumph!,1,1~2
Uppsala Rutt,ICA Hörnan,Thursday,XL Frallor,Grovfralla Kalkon & Färskost,1,0~1
Uppsala Rutt,ICA Hörnan,Thursday,XL Frallor,Ost,1,0~1
Uppsala Rutt,ICA Hörnan,Thursday,XL Frallor,Ost & Skinka,1,0~1
Uppsala Rutt,ICA Luthagen,Sunday,Pastasallad,Bacon & Kyckling,2,2~3
Uppsala Rutt,ICA Luthagen,Sunday,Pastasallad,Kyckling & Salladsost,3,2~4
Uppsala Rutt,ICA Luthagen,Sunday,Pastasallad,Kyckling mangocurry,2,2~3
Uppsala Rutt,ICA Luthagen,Sunday,Pastasallad,Ost & Skinka,2,2~3
Uppsala Rutt,ICA Luthagen,Sunday,Pastasallad,Räkor,1,1~2
Uppsala Rutt,ICA Luthagen,Sunday,Sandwich,Bacon & Äggröra,1,1~2
Uppsala Rutt,ICA Luthagen,Sunday,Sandwich,Clubsandwich,2,2~3
Uppsala Rutt,ICA Luthagen,Sunday,Sandwich,Kyckling Curry,1,1~2
Uppsala Rutt,ICA Luthagen,Sunday,Sandwich,Kyckling Pestoröra,1,1~2
Uppsala Rutt,ICA Luthagen,Sunday,Sandwich,Räkor,3,2~4
Uppsala Rutt,ICA Luthagen,Monday,Pastasallad,Bacon & Kyckling,1,0~1
Uppsala Rutt,ICA Luthagen,Monday,Pastasallad,Kyckling & Salladsost,1,1~1
Uppsala Rutt,ICA Luthagen,Monday,Pastasallad,Kyckling mangocurry,1,1~1
Uppsala Rutt,ICA Luthagen,Monday,Pastasallad,Ost & Skinka,1,0~1
Uppsala Rutt,ICA Luthagen,Monday,Sandwich,Clubsandwich,1,0~1
Uppsala Rutt,ICA Luthagen,Monday,Sandwich,Räkor,1,1~1
Uppsala Rutt,ICA Luthagen,Tuesday,Pastasallad,Bacon & Kyckling,2,1~2
Uppsala Rutt,ICA Luthagen,Tuesday,Pastasallad,Kyckling & Salladsost,2,2~3
Uppsala Rutt,ICA Luthagen,Tuesday,Pastasallad,Kyckling mangocurry,2,1~2
Uppsala Rutt,ICA Luthagen,Tuesday,Pastasallad,Ost & Skinka,2,1~2
Uppsala Rutt,ICA Luthagen,Tuesday,Pastasallad,Räkor,1,1~1
Uppsala Rutt,ICA Luthagen,Tuesday,Sandwich,Bacon & Äggröra,1,0~1
Uppsala Rutt,ICA Luthagen,Tuesday,Sandwich,Clubsandwich,2,1~2
Uppsala Rutt,ICA Luthagen,Tuesday,Sandwich,Kyckling Curry,1,0~1
Uppsala Rutt,ICA Luthagen,Tuesday,Sandwich,Kyckling Pestoröra,1,1~1
Uppsala Rutt,ICA Luthagen,Tuesday,Sandwich,Räkor,2,2~3
Uppsala Rutt,ICA Luthagen,Wednesday,Pastasallad,Bacon & Kyckling,1,0~1
Uppsala Rutt,ICA Luthagen,Wednesday,Pastasallad,Kyckling & Salladsost,1,1~1
Uppsala Rutt,ICA Luthagen,Wednesday,Pastasallad,Kyckling mangocurry,1,0~1
Uppsala Rutt,ICA Luthagen,Wednesday,Pastasallad,Ost & Skinka,1,0~1
Uppsala Rutt,ICA Luthagen,Wednesday,Sandwich,Clubsandwich,1,0~1
Uppsala Rutt,ICA Luthagen,Wednesday,Sandwich,Räkor,1,1~1
Uppsala Rutt,ICA Luthagen,Thursday,Pastasallad,Bacon & Kyckling,1,2~3
Uppsala Rutt,ICA Luthagen,Thursday,Pastasallad,Kyckling & Salladsost,3,2~4
Uppsala Rutt,ICA Luthagen,Thursday,Pastasallad,Kyckling mangocurry,2,2~4
Uppsala Rutt,ICA Luthagen,Thursday,Pastasallad,Ost & Skinka,1,2~3
Uppsala Rutt,ICA Luthagen,Thursday,Pastasallad,Räkor,2,1~2
Uppsala Rutt,ICA Luthagen,Thursday,Sandwich,Bacon & Äggröra,1,1~2
Uppsala Rutt,ICA Luthagen,Thursday,Sandwich,Clubsandwich,1,2~3
Uppsala Rutt,ICA Luthagen,Thursday,Sandwich,Kyckling Curry,1,1~2
Uppsala Rutt,ICA Luthagen,Thursday,Sandwich,Kyckling Pestoröra,2,1~2
Uppsala Rutt,ICA Luthagen,Thursday,Sandwich,Räkor,3,2~4
Uppsala Rutt,ICA Luthagen,Thursday,Sandwich,Ägg & Avocadokräm,1,0~1
Uppsala Rutt,ICA SAMköp,Sunday,Baguette,Kyckling Curry,1,1~2
Uppsala Rutt,ICA SAMköp,Sunday,Baguette,Ost & Skinka,1,0~1
Uppsala Rutt,ICA SAMköp,Sunday,Baguette,Skagen,1,0~1
Uppsala Rutt,ICA SAMköp,Sunday,Fralla,Ost & Skinka,1,0~1
Uppsala Rutt,ICA SAMköp,Sunday,Hönökaka,Ost & Skinka,1,0~1
Uppsala Rutt,ICA SAMköp,Sunday,Pastasallad,Bacon & Kyckling,1,1~2
Uppsala Rutt,ICA SAMköp,Sunday,Pastasallad,Kyckling & Salladsost,2,2~3
Uppsala Rutt,ICA SAMköp,Sunday,Pastasallad,Kyckling mangocurry,2,2~2
Uppsala Rutt,ICA SAMköp,Sunday,Pastasallad,Räkor,1,1~2
Uppsala Rutt,ICA SAMköp,Sunday,Sandwich,Bacon & Äggröra,1,0~1
Uppsala Rutt,ICA SAMköp,Sunday,Sandwich,Clubsandwich,1,0~1
Uppsala Rutt,ICA SAMköp,Sunday,Sandwich,Kyckling Curry,1,0~1
Uppsala Rutt,ICA SAMköp,Sunday,Sandwich,Räkor,1,1~2
Uppsala Rutt,ICA SAMköp,Sunday,Wraps,Kyckling Curry,1,0~1
Uppsala Rutt,ICA SAMköp,Monday,Pastasallad,Kyckling & Salladsost,1,0~1
Uppsala Rutt,ICA SAMköp,Monday,Pastasallad,Kyckling mangocurry,1,0~1
Uppsala Rutt,ICA SAMköp,Tuesday,Baguette,Kyckling Curry,1,0~1
Uppsala Rutt,ICA SAMköp,Tuesday,Pastasallad,Bacon & Kyckling,1,1~1
Uppsala Rutt,ICA SAMköp,Tuesday,Pastasallad,Kyckling & Salladsost,2,1~2
Uppsala Rutt,ICA SAMköp,Tuesday,Pastasallad,Kyckling mangocurry,1,1~2
Uppsala Rutt,ICA SAMköp,Tuesday,Pastasallad,Räkor,1,0~1
Uppsala Rutt,ICA SAMköp,Tuesday,Sandwich,Räkor,1,0~1
Uppsala Rutt,ICA SAMköp,Wednesday,Pastasallad,Kyckling & Salladsost,1,0~1
Uppsala Rutt,ICA SAMköp,Thursday,Baguette,Kyckling Curry,1,1~2
Uppsala Rutt,ICA SAMköp,Thursday,Baguette,Ost & Skinka,1,1~2
Uppsala Rutt,ICA SAMköp,Thursday,Baguette,Salami & Brieost,1,0~1
Uppsala Rutt,ICA SAMköp,Thursday,Baguette,Skagen,1,1~2
Uppsala Rutt,ICA SAMköp,Thursday,Fralla,Ost & Skinka,1,1~2
Uppsala Rutt,ICA SAMköp,Thursday,Hönökaka,Ost,1,0~1
Uppsala Rutt,ICA SAMköp,Thursday,Hönökaka,Ost & Salami,1,0~1
Uppsala Rutt,ICA SAMköp,Thursday,Hönökaka,Ost & Skinka,1,1~2
Uppsala Rutt,ICA SAMköp,Thursday,Pastasallad,Bacon & Kyckling,2,1~2
Uppsala Rutt,ICA SAMköp,Thursday,Pastasallad,Kyckling & Salladsost,1,2~3
Uppsala Rutt,ICA SAMköp,Thursday,Pastasallad,Kyckling mangocurry,2,2~2
Uppsala Rutt,ICA SAMköp,Thursday,Pastasallad,Ost & Skinka,1,0~1
Uppsala Rutt,ICA SAMköp,Thursday,Pastasallad,Räkor,1,1~2
Uppsala Rutt,ICA SAMköp,Thursday,Sandwich,Bacon & Äggröra,1,1~2
Uppsala Rutt,ICA SAMköp,Thursday,Sandwich,Clubsandwich,1,1~2
Uppsala Rutt,ICA SAMköp,Thursday,Sandwich,Kyckling Curry,1,1~2
Uppsala Rutt,ICA SAMköp,Thursday,Sandwich,Räkor,1,1~2
Uppsala Rutt,ICA SAMköp,Thursday,Sandwich,Ägg & Avocadokräm,1,0~1
Uppsala Rutt,ICA SAMköp,Thursday,Wraps,Caesar Kyckling,1,0~1
Uppsala Rutt,ICA SAMköp,Thursday,Wraps,Kyckling Bacon,1,0~1
Uppsala Rutt,ICA SAMköp,Thursday,Wraps,Kyckling Curry,1,1~2
Uppsala Rutt,ICA SAMköp,Thursday,Wraps,Sweet Chili,1,0~1
Uppsala Rutt,ICA SAMköp,Thursday,Wraps,Wrap Curry Oumph!,1,0~1
Uppsala Rutt,ICA SAMköp,Thursday,XL Frallor,Grovfralla Kalkon & Färskost,1,0~1
Uppsala Rutt,ICA SAMköp,Thursday,XL Frallor,Ost & Skinka,1,0~1
Uppsala Rutt,ICA Storvreta,Sunday,Pastasallad,Kyckling & Salladsost,2,2~3
Uppsala Rutt,ICA Storvreta,Sunday,Pastasallad,Kyckling mangocurry,2,2~3
Uppsala Rutt,ICA Storvreta,Sunday,Varmrätt,Cevapcici med bulgur,1,0~1
Uppsala Rutt,ICA Storvreta,Sunday,Varmrätt,Falafel med bulgur,1,0~1
Uppsala Rutt,ICA Storvreta,Sunday,Varmrätt,Kycklingspett med ris,1,0~1
Uppsala Rutt,ICA Storvreta,Sunday,Varmrätt,Teriyakibiff med ris,1,0~1
Uppsala Rutt,ICA Storvreta,Monday,Pastasallad,Kyckling & Salladsost,1,1~1
Uppsala Rutt,ICA Storvreta,Monday,Pastasallad,Kyckling mangocurry,1,1~1
Uppsala Rutt,ICA Storvreta,Tuesday,Pastasallad,Kyckling & Salladsost,2,1~2
Uppsala Rutt,ICA Storvreta,Tuesday,Pastasallad,Kyckling mangocurry,2,1~2
Uppsala Rutt,ICA Storvreta,Wednesday,Pastasallad,Kyckling & Salladsost,1,0~1
Uppsala Rutt,ICA Storvreta,Wednesday,Pastasallad,Kyckling mangocurry,1,0~1
Uppsala Rutt,ICA Storvreta,Thursday,Pastasallad,Kyckling & Salladsost,2,2~4
Uppsala Rutt,ICA Storvreta,Thursday,Pastasallad,Kyckling mangocurry,2,2~4
Uppsala Rutt,ICA Storvreta,Thursday,Sandwich,Clubsandwich,1,0~1
Uppsala Rutt,ICA Storvreta,Thursday,Sandwich,Kyckling Pestoröra,1,0~1
Uppsala Rutt,ICA Storvreta,Thursday,Varmrätt,Cevapcici med bulgur,1,1~2
Uppsala Rutt,ICA Storvreta,Thursday,Varmrätt,Falafel med bulgur,1,1~2
Uppsala Rutt,ICA Storvreta,Thursday,Varmrätt,Kycklingspett med ris,1,1~2
Uppsala Rutt,ICA Storvreta,Thursday,Varmrätt,Teriyakibiff med ris,1,1~2
Uppsala Rutt,ICA Sävja,Sunday,Baguette,Ost & Skinka,1,1~2
Uppsala Rutt,ICA Sävja,Sunday,Baguette,Salami & Brieost,1,0~1
Uppsala Rutt,ICA Sävja,Sunday,Baguette,Skagen,1,0~1
Uppsala Rutt,ICA Sävja,Sunday,Fralla,Ost,2,1~2
Uppsala Rutt,ICA Sävja,Sunday,Fralla,Ost & Skinka,2,2~3
Uppsala Rutt,ICA Sävja,Sunday,Hönökaka,Ost,1,0~1
Uppsala Rutt,ICA Sävja,Sunday,Hönökaka,Ost & Salami,1,0~1
Uppsala Rutt,ICA Sävja,Sunday,Hönökaka,Ost & Skinka,1,0~1
Uppsala Rutt,ICA Sävja,Sunday,Pastasallad,Kyckling & Salladsost,1,1~2
Uppsala Rutt,ICA Sävja,Sunday,Pastasallad,Kyckling mangocurry,2,2~3
Uppsala Rutt,ICA Sävja,Sunday,Pastasallad,Räkor,1,1~2
Uppsala Rutt,ICA Sävja,Sunday,Sandwich,Bacon & Äggröra,1,0~1
Uppsala Rutt,ICA Sävja,Sunday,Sandwich,Clubsandwich,1,0~1
Uppsala Rutt,ICA Sävja,Sunday,Sandwich,Räkor,1,0~1
Uppsala Rutt,ICA Sävja,Sunday,Wraps,Kyckling Curry,1,0~1
Uppsala Rutt,ICA Sävja,Sunday,Wraps,Sweet Chili,1,1~2
Uppsala Rutt,ICA Sävja,Monday,Fralla,Ost & Skinka,1,0~1
Uppsala Rutt,ICA Sävja,Monday,Pastasallad,Kyckling mangocurry,1,0~1
Uppsala Rutt,ICA Sävja,Tuesday,Baguette,Ost & Skinka,1,0~1
Uppsala Rutt,ICA Sävja,Tuesday,Fralla,Ost,1,1~2
Uppsala Rutt,ICA Sävja,Tuesday,Fralla,Ost & Skinka,2,1~2
Uppsala Rutt,ICA Sävja,Tuesday,Pastasallad,Kyckling & Salladsost,1,1~1
Uppsala Rutt,ICA Sävja,Tuesday,Pastasallad,Kyckling mangocurry,2,1~2
Uppsala Rutt,ICA Sävja,Tuesday,Pastasallad,Räkor,1,0~1
Uppsala Rutt,ICA Sävja,Tuesday,Wraps,Sweet Chili,1,0~1
Uppsala Rutt,ICA Sävja,Wednesday,Fralla,Ost & Skinka,1,0~1
Uppsala Rutt,ICA Sävja,Wednesday,Pastasallad,Kyckling mangocurry,1,0~1
Uppsala Rutt,ICA Sävja,Thursday,Baguette,Kyckling Curry,1,0~1
Uppsala Rutt,ICA Sävja,Thursday,Baguette,Ost & Skinka,1,1~2
Uppsala Rutt,ICA Sävja,Thursday,Baguette,Salami & Brieost,1,1~2
Uppsala Rutt,ICA Sävja,Thursday,Baguette,Skagen,1,1~2
Uppsala Rutt,ICA Sävja,Thursday,Fralla,Ost,2,2~1
Uppsala Rutt,ICA Sävja,Thursday,Fralla,Ost & Skinka,1,2~3
Uppsala Rutt,ICA Sävja,Thursday,Hönökaka,Ost,1,1~2
Uppsala Rutt,ICA Sävja,Thursday,Hönökaka,Ost & Salami,1,1~2
Uppsala Rutt,ICA Sävja,Thursday,Hönökaka,Ost & Skinka,1,1~2
Uppsala Rutt,ICA Sävja,Thursday,Pastasallad,Bacon & Kyckling,1,0~1
Uppsala Rutt,ICA Sävja,Thursday,Pastasallad,Kyckling & Salladsost,2,1~2
Uppsala Rutt,ICA Sävja,Thursday,Pastasallad,Kyckling mangocurry,1,2~3
Uppsala Rutt,ICA Sävja,Thursday,Pastasallad,Räkor,1,1~2
Uppsala Rutt,ICA Sävja,Thursday,Sandwich,Bacon & Äggröra,1,1~2
Uppsala Rutt,ICA Sävja,Thursday,Sandwich,Clubsandwich,1,1~2
Uppsala Rutt,ICA Sävja,Thursday,Sandwich,Kyckling Curry,1,0~1
Uppsala Rutt,ICA Sävja,Thursday,Sandwich,Räkor,1,1~2
Uppsala Rutt,ICA Sävja,Thursday,Sandwich,Ägg & Avocadokräm,1,0~1
Uppsala Rutt,ICA Sävja,Thursday,Wraps,Caesar Kyckling,1,0~1
Uppsala Rutt,ICA Sävja,Thursday,Wraps,Kyckling Curry,1,1~2
Uppsala Rutt,ICA Sävja,Thursday,Wraps,Sweet Chili,1,1~2
Uppsala Rutt,ICA Torgkassen,Sunday,Baguette,Kyckling Curry,2,2~3
Uppsala Rutt,ICA Torgkassen,Sunday,Baguette,Skagen,2,2~3
Uppsala Rutt,ICA Torgkassen,Sunday,Fralla,Ost,4,4~6
Uppsala Rutt,ICA Torgkassen,Sunday,Fralla,Ost & Skinka,8,7~10
Uppsala Rutt,ICA Torgkassen,Sunday,Hönökaka,Ost,8,6~9
Uppsala Rutt,ICA Torgkassen,Sunday,Hönökaka,Ost & Salami,8,6~9
Uppsala Rutt,ICA Torgkassen,Sunday,Pastasallad,Kyckling mangocurry,5,4~6
Uppsala Rutt,ICA Torgkassen,Sunday,Räkmacka Liten,Räkmacka liten,2,2~3
Uppsala Rutt,ICA Torgkassen,Sunday,Sandwich,Räkor,4,3~5
Uppsala Rutt,ICA Torgkassen,Sunday,Sandwich,Ägg & Avocadokräm,1,1~2
Uppsala Rutt,ICA Torgkassen,Sunday,Varmrätt,Cevapcici med bulgur,2,2~3
Uppsala Rutt,ICA Torgkassen,Sunday,Varmrätt,Teriyakibiff med ris,2,2~3
Uppsala Rutt,ICA Torgkassen,Sunday,Varmrätt,Teriyakikycklingfile med basmatiris,2,2~3
Uppsala Rutt,ICA Torgkassen,Monday,Baguette,Kyckling Curry,1,0~1
Uppsala Rutt,ICA Torgkassen,Monday,Baguette,Skagen,1,0~1
Uppsala Rutt,ICA Torgkassen,Monday,Fralla,Ost,2,1~2
Uppsala Rutt,ICA Torgkassen,Monday,Fralla,Ost & Skinka,3,2~3
Uppsala Rutt,ICA Torgkassen,Monday,Hönökaka,Ost,2,2~3
Uppsala Rutt,ICA Torgkassen,Monday,Hönökaka,Ost & Salami,2,2~3
Uppsala Rutt,ICA Torgkassen,Monday,Pastasallad,Kyckling mangocurry,2,1~2
Uppsala Rutt,ICA Torgkassen,Monday,Räkmacka Liten,Räkmacka liten,1,0~1
Uppsala Rutt,ICA Torgkassen,Monday,Sandwich,Räkor,1,1~2
Uppsala Rutt,ICA Torgkassen,Monday,Varmrätt,Cevapcici med bulgur,1,0~1
Uppsala Rutt,ICA Torgkassen,Monday,Varmrätt,Teriyakibiff med ris,1,0~1
Uppsala Rutt,ICA Torgkassen,Monday,Varmrätt,Teriyakikycklingfile med basmatiris,1,0~1
Uppsala Rutt,ICA Torgkassen,Tuesday,Baguette,Kyckling Curry,2,1~2
Uppsala Rutt,ICA Torgkassen,Tuesday,Baguette,Skagen,2,1~2
Uppsala Rutt,ICA Torgkassen,Tuesday,Fralla,Ost,3,3~4
Uppsala Rutt,ICA Torgkassen,Tuesday,Fralla,Ost & Skinka,6,5~7
Uppsala Rutt,ICA Torgkassen,Tuesday,Hönökaka,Ost,6,5~7
Uppsala Rutt,ICA Torgkassen,Tuesday,Hönökaka,Ost & Salami,6,5~7
Uppsala Rutt,ICA Torgkassen,Tuesday,Pastasallad,Kyckling mangocurry,4,3~4
Uppsala Rutt,ICA Torgkassen,Tuesday,Räkmacka Liten,Räkmacka liten,2,1~2
Uppsala Rutt,ICA Torgkassen,Tuesday,Sandwich,Räkor,3,2~4
Uppsala Rutt,ICA Torgkassen,Tuesday,Sandwich,Ägg & Avocadokräm,1,0~1
Uppsala Rutt,ICA Torgkassen,Tuesday,Varmrätt,Cevapcici med bulgur,2,1~2
Uppsala Rutt,ICA Torgkassen,Tuesday,Varmrätt,Teriyakibiff med ris,2,1~2
Uppsala Rutt,ICA Torgkassen,Tuesday,Varmrätt,Teriyakikycklingfile med basmatiris,2,1~2
Uppsala Rutt,ICA Torgkassen,Wednesday,Baguette,Kyckling Curry,1,0~1
Uppsala Rutt,ICA Torgkassen,Wednesday,Baguette,Skagen,1,0~1
Uppsala Rutt,ICA Torgkassen,Wednesday,Fralla,Ost,1,1~2
Uppsala Rutt,ICA Torgkassen,Wednesday,Fralla,Ost & Skinka,2,2~3
Uppsala Rutt,ICA Torgkassen,Wednesday,Hönökaka,Ost,2,2~2
Uppsala Rutt,ICA Torgkassen,Wednesday,Hönökaka,Ost & Salami,2,2~2
Uppsala Rutt,ICA Torgkassen,Wednesday,Pastasallad,Kyckling mangocurry,1,1~2
Uppsala Rutt,ICA Torgkassen,Wednesday,Räkmacka Liten,Räkmacka liten,1,0~1
Uppsala Rutt,ICA Torgkassen,Wednesday,Sandwich,Räkor,1,1~1
Uppsala Rutt,ICA Torgkassen,Wednesday,Varmrätt,Cevapcici med bulgur,1,0~1
Uppsala Rutt,ICA Torgkassen,Wednesday,Varmrätt,Teriyakibiff med ris,1,0~1
Uppsala Rutt,ICA Torgkassen,Wednesday,Varmrätt,Teriyakikycklingfile med basmatiris,1,0~1
Uppsala Rutt,ICA Torgkassen,Thursday,Baguette,Kyckling Curry,1,2~3
Uppsala Rutt,ICA Torgkassen,Thursday,Baguette,Skagen,1,2~3
Uppsala Rutt,ICA Torgkassen,Thursday,Fralla,Ost,5,3~5
Uppsala Rutt,ICA Torgkassen,Thursday,Fralla,Ost & Skinka,8,6~10
Uppsala Rutt,ICA Torgkassen,Thursday,Hönökaka,Ost,7,6~9
Uppsala Rutt,ICA Torgkassen,Thursday,Hönökaka,Ost & Salami,7,6~9
Uppsala Rutt,ICA Torgkassen,Thursday,Pastasallad,Kyckling mangocurry,4,4~6
Uppsala Rutt,ICA Torgkassen,Thursday,Räkmacka Liten,Räkmacka liten,1,2~3
Uppsala Rutt,ICA Torgkassen,Thursday,Sandwich,Räkor,5,4~6
Uppsala Rutt,ICA Torgkassen,Thursday,Sandwich,Ägg & Avocadokräm,1,1~2
Uppsala Rutt,ICA Torgkassen,Thursday,Varmrätt,Cevapcici med bulgur,1,2~3
Uppsala Rutt,ICA Torgkassen,Thursday,Varmrätt,Teriyakibiff med ris,1,2~3
Uppsala Rutt,ICA Torgkassen,Thursday,Varmrätt,Teriyakikycklingfile med basmatiris,1,2~3
Uppsala Rutt,ICA Vretgränd,Sunday,Baguette,Kyckling Curry,1,0~1
Uppsala Rutt,ICA Vretgränd,Sunday,Baguette,Ost & Skinka,1,1~2
Uppsala Rutt,ICA Vretgränd,Sunday,Baguette,Salami & Brieost,1,1~2
Uppsala Rutt,ICA Vretgränd,Sunday,Baguette,Skagen,1,1~2
Uppsala Rutt,ICA Vretgränd,Sunday,Fralla,Ost,4,3~5
Uppsala Rutt,ICA Vretgränd,Sunday,Fralla,Ost & Skinka,5,4~6
Uppsala Rutt,ICA Vretgränd,Sunday,Hönökaka,Ost,1,1~2
Uppsala Rutt,ICA Vretgränd,Sunday,Hönökaka,Ost & Salami,1,1~2
Uppsala Rutt,ICA Vretgränd,Sunday,Hönökaka,Ost & Skinka,2,2~3
Uppsala Rutt,ICA Vretgränd,Sunday,Pastasallad,Bacon & Kyckling,2,2~3
Uppsala Rutt,ICA Vretgränd,Sunday,Pastasallad,Kyckling & Salladsost,3,2~4
Uppsala Rutt,ICA Vretgränd,Sunday,Pastasallad,Kyckling mangocurry,3,2~4
Uppsala Rutt,ICA Vretgränd,Sunday,Pastasallad,Ost & Skinka,2,2~3
Uppsala Rutt,ICA Vretgränd,Sunday,Pastasallad,Räkor,3,2~4
Uppsala Rutt,ICA Vretgränd,Sunday,Sandwich,Bacon & Äggröra,1,0~1
Uppsala Rutt,ICA Vretgränd,Sunday,Sandwich,Clubsandwich,1,1~2
Uppsala Rutt,ICA Vretgränd,Sunday,Sandwich,Kyckling Curry,1,1~2
Uppsala Rutt,ICA Vretgränd,Sunday,Sandwich,Räkor,1,1~2
Uppsala Rutt,ICA Vretgränd,Sunday,Varmrätt,Cevapcici med bulgur,1,0~1
Uppsala Rutt,ICA Vretgränd,Sunday,Varmrätt,Kyckling-och böngryta,1,0~1
Uppsala Rutt,ICA Vretgränd,Sunday,Wraps,Caesar Kyckling,1,1~2
Uppsala Rutt,ICA Vretgränd,Sunday,Wraps,Kyckling Bacon,2,1~2
Uppsala Rutt,ICA Vretgränd,Sunday,Wraps,Sweet Chili,1,1~2
Uppsala Rutt,ICA Vretgränd,Sunday,Wraps,Wrap Curry Oumph!,1,1~2
Uppsala Rutt,ICA Vretgränd,Sunday,XL Frallor,Grovfralla Kalkon & Färskost,1,0~1
Uppsala Rutt,ICA Vretgränd,Sunday,XL Frallor,Ost,1,1~2
Uppsala Rutt,ICA Vretgränd,Sunday,XL Frallor,Ost & Skinka,1,1~2
Uppsala Rutt,ICA Vretgränd,Monday,Fralla,Ost,1,1~2
Uppsala Rutt,ICA Vretgränd,Monday,Fralla,Ost & Skinka,2,1~2
Uppsala Rutt,ICA Vretgränd,Monday,Hönökaka,Ost & Skinka,1,0~1
Uppsala Rutt,ICA Vretgränd,Monday,Pastasallad,Bacon & Kyckling,1,1~1
Uppsala Rutt,ICA Vretgränd,Monday,Pastasallad,Kyckling & Salladsost,1,1~1
Uppsala Rutt,ICA Vretgränd,Monday,Pastasallad,Kyckling mangocurry,1,1~1
Uppsala Rutt,ICA Vretgränd,Monday,Pastasallad,Ost & Skinka,1,0~1
Uppsala Rutt,ICA Vretgränd,Monday,Pastasallad,Räkor,1,1~1
Uppsala Rutt,ICA Vretgränd,Tuesday,Baguette,Ost & Skinka,1,0~1
Uppsala Rutt,ICA Vretgränd,Tuesday,Baguette,Salami & Brieost,1,0~1
Uppsala Rutt,ICA Vretgränd,Tuesday,Baguette,Skagen,1,0~1
Uppsala Rutt,ICA Vretgränd,Tuesday,Fralla,Ost,3,2~4
Uppsala Rutt,ICA Vretgränd,Tuesday,Fralla,Ost & Skinka,4,3~4
Uppsala Rutt,ICA Vretgränd,Tuesday,Hönökaka,Ost,1,1~1
Uppsala Rutt,ICA Vretgränd,Tuesday,Hönökaka,Ost & Salami,1,1~1
Uppsala Rutt,ICA Vretgränd,Tuesday,Hönökaka,Ost & Skinka,2,1~2
Uppsala Rutt,ICA Vretgränd,Tuesday,Pastasallad,Bacon & Kyckling,2,1~2
Uppsala Rutt,ICA Vretgränd,Tuesday,Pastasallad,Kyckling & Salladsost,2,2~3
Uppsala Rutt,ICA Vretgränd,Tuesday,Pastasallad,Kyckling mangocurry,2,2~3
Uppsala Rutt,ICA Vretgränd,Tuesday,Pastasallad,Ost & Skinka,2,1~2
Uppsala Rutt,ICA Vretgränd,Tuesday,Pastasallad,Räkor,2,2~3
Uppsala Rutt,ICA Vretgränd,Tuesday,Sandwich,Clubsandwich,1,0~1
Uppsala Rutt,ICA Vretgränd,Tuesday,Sandwich,Kyckling Curry,1,1~1
Uppsala Rutt,ICA Vretgränd,Tuesday,Sandwich,Räkor,1,0~1
Uppsala Rutt,ICA Vretgränd,Tuesday,Wraps,Caesar Kyckling,1,1~1
Uppsala Rutt,ICA Vretgränd,Tuesday,Wraps,Kyckling Bacon,1,1~2
Uppsala Rutt,ICA Vretgränd,Tuesday,Wraps,Sweet Chili,1,0~1
Uppsala Rutt,ICA Vretgränd,Tuesday,Wraps,Wrap Curry Oumph!,1,1~1
Uppsala Rutt,ICA Vretgränd,Tuesday,XL Frallor,Ost,1,0~1
Uppsala Rutt,ICA Vretgränd,Tuesday,XL Frallor,Ost & Skinka,1,1~1
Uppsala Rutt,ICA Vretgränd,Wednesday,Fralla,Ost,1,1~1
Uppsala Rutt,ICA Vretgränd,Wednesday,Fralla,Ost & Skinka,1,1~2
Uppsala Rutt,ICA Vretgränd,Wednesday,Hönökaka,Ost & Skinka,1,0~1
Uppsala Rutt,ICA Vretgränd,Wednesday,Pastasallad,Bacon & Kyckling,1,0~1
Uppsala Rutt,ICA Vretgränd,Wednesday,Pastasallad,Kyckling & Salladsost,1,1~1
Uppsala Rutt,ICA Vretgränd,Wednesday,Pastasallad,Kyckling mangocurry,1,1~1
Uppsala Rutt,ICA Vretgränd,Wednesday,Pastasallad,Ost & Skinka,1,0~1
Uppsala Rutt,ICA Vretgränd,Wednesday,Pastasallad,Räkor,1,1~1
Uppsala Rutt,ICA Vretgränd,Thursday,Baguette,Kyckling Curry,1,1~2
Uppsala Rutt,ICA Vretgränd,Thursday,Baguette,Kyckling Sweet Chili,1,0~1
Uppsala Rutt,ICA Vretgränd,Thursday,Baguette,Ost & Skinka,1,1~2
Uppsala Rutt,ICA Vretgränd,Thursday,Baguette,Salami & Brieost,1,1~2
Uppsala Rutt,ICA Vretgränd,Thursday,Baguette,Skagen,1,1~2
Uppsala Rutt,ICA Vretgränd,Thursday,Fralla,Ost,4,4~4
Uppsala Rutt,ICA Vretgränd,Thursday,Fralla,Ost & Skinka,4,4~6
Uppsala Rutt,ICA Vretgränd,Thursday,Hönökaka,Ost,2,1~2
Uppsala Rutt,ICA Vretgränd,Thursday,Hönökaka,Ost & Salami,2,1~2
Uppsala Rutt,ICA Vretgränd,Thursday,Hönökaka,Ost & Skinka,1,2~3
Uppsala Rutt,ICA Vretgränd,Thursday,Pastasallad,Bacon & Kyckling,2,2~4
Uppsala Rutt,ICA Vretgränd,Thursday,Pastasallad,Kyckling & Salladsost,2,1~3
Uppsala Rutt,ICA Vretgränd,Thursday,Pastasallad,Kyckling mangocurry,2,1~3
Uppsala Rutt,ICA Vretgränd,Thursday,Pastasallad,Ost & Skinka,1,2~3
Uppsala Rutt,ICA Vretgränd,Thursday,Pastasallad,Räkor,2,1~3
Uppsala Rutt,ICA Vretgränd,Thursday,Sandwich,Bacon & Äggröra,1,1~2
Uppsala Rutt,ICA Vretgränd,Thursday,Sandwich,Clubsandwich,1,1~2
Uppsala Rutt,ICA Vretgränd,Thursday,Sandwich,Kyckling Curry,2,1~2
Uppsala Rutt,ICA Vretgränd,Thursday,Sandwich,Kyckling Pestoröra,1,0~1
Uppsala Rutt,ICA Vretgränd,Thursday,Sandwich,Räkor,1,1~2
Uppsala Rutt,ICA Vretgränd,Thursday,Sandwich,Ägg & Avocadokräm,1,0~1
Uppsala Rutt,ICA Vretgränd,Thursday,Varmrätt,Cevapcici med bulgur,1,1~2
Uppsala Rutt,ICA Vretgränd,Thursday,Varmrätt,Kyckling-och böngryta,1,1~2
Uppsala Rutt,ICA Vretgränd,Thursday,Varmrätt,Kycklingpestosallad,1,0~1
Uppsala Rutt,ICA Vretgränd,Thursday,Varmrätt,Pannbiff med Basmatiris,1,0~1
Uppsala Rutt,ICA Vretgränd,Thursday,Varmrätt,Tacobolognese med fullkornspasta,1,0~1
Uppsala Rutt,ICA Vretgränd,Thursday,Varmrätt,Teriyakibiff med ris,1,0~1
Uppsala Rutt,ICA Vretgränd,Thursday,Varmrätt,Teriyakikycklingfile med basmatiris,1,0~1
Uppsala Rutt,ICA Vretgränd,Thursday,Wraps,Caesar Kyckling,2,1~2
Uppsala Rutt,ICA Vretgränd,Thursday,Wraps,Kyckling Bacon,2,2~1
Uppsala Rutt,ICA Vretgränd,Thursday,Wraps,Sweet Chili,1,1~2
Uppsala Rutt,ICA Vretgränd,Thursday,Wraps,Wrap Curry Oumph!,2,1~2
Uppsala Rutt,ICA Vretgränd,Thursday,XL Frallor,Grovfralla Kalkon & Färskost,1,1~2
Uppsala Rutt,ICA Vretgränd,Thursday,XL Frallor,Ost,1,1~2
Uppsala Rutt,ICA Vretgränd,Thursday,XL Frallor,Ost & Skinka,2,1~2
Uppsala Rutt,Myway Råbyvägen,Sunday,Baguette,Skagen,1,0~1
Uppsala Rutt,Myway Råbyvägen,Sunday,Fralla,Ost,1,1~2
Uppsala Rutt,Myway Råbyvägen,Sunday,Hönökaka,Ost,1,0~1
Uppsala Rutt,Myway Råbyvägen,Tuesday,Fralla,Ost,1,0~1
Uppsala Rutt,Myway Råbyvägen,Thursday,Baguette,Kyckling Curry,1,0~1
Uppsala Rutt,Myway Råbyvägen,Thursday,Baguette,Skagen,1,1~2
Uppsala Rutt,Myway Råbyvägen,Thursday,Fralla,Ost,1,1~2
Uppsala Rutt,Myway Råbyvägen,Thursday,Hönökaka,Ost,1,1~2
Uppsala Rutt,Myway Råbyvägen,Thursday,Sandwich,Kyckling Curry,1,0~1
Uppsala Rutt,Myway Råbyvägen,Thursday,Sandwich,Kyckling Pestoröra,1,0~1
Uppsala Rutt,Myway Råbyvägen,Thursday,Sandwich,Räkor,1,0~1
Uppsala Rutt,Myway Råbyvägen,Thursday,Wraps,Kyckling Curry,1,0~1
Uppsala Rutt,Myway Råbyvägen,Thursday,Wraps,Sweet Chili,1,0~1
Uppsala Rutt,Nelins,Sunday,Baguette,Kyckling Curry,1,0~1
Uppsala Rutt,Nelins,Sunday,Baguette,Ost & Skinka,1,0~1
Uppsala Rutt,Nelins,Sunday,Baguette,Salami & Brieost,1,1~2
Uppsala Rutt,Nelins,Sunday,Baguette,Skagen,2,2~3
Uppsala Rutt,Nelins,Sunday,Fralla,Ost,1,1~2
Uppsala Rutt,Nelins,Sunday,Fralla,Ost & Skinka,1,1~2
Uppsala Rutt,Nelins,Sunday,Grönsallad,Caesarsallad,1,1~2
Uppsala Rutt,Nelins,Sunday,Hönökaka,Ost,1,1~2
Uppsala Rutt,Nelins,Sunday,Hönökaka,Ost & Skinka,1,1~2
Uppsala Rutt,Nelins,Sunday,Pastasallad,Bacon & Kyckling,1,0~1
Uppsala Rutt,Nelins,Sunday,Pastasallad,Kyckling & Salladsost,1,1~2
Uppsala Rutt,Nelins,Sunday,Pastasallad,Kyckling mangocurry,3,2~4
Uppsala Rutt,Nelins,Sunday,Pastasallad,Ost & Skinka,1,1~2
Uppsala Rutt,Nelins,Sunday,Pastasallad,Räkor,2,2~3
Uppsala Rutt,Nelins,Sunday,Sandwich,Bacon & Äggröra,1,1~2
Uppsala Rutt,Nelins,Sunday,Sandwich,Clubsandwich,2,2~3
Uppsala Rutt,Nelins,Sunday,Sandwich,Kyckling Curry,1,0~1
Uppsala Rutt,Nelins,Sunday,Sandwich,Räkor,1,1~2
Uppsala Rutt,Nelins,Sunday,Varmrätt,Kyckling-och böngryta,1,0~1
Uppsala Rutt,Nelins,Sunday,Varmrätt,Teriyakibiff med ris,1,0~1
Uppsala Rutt,Nelins,Sunday,Wraps,Caesar Kyckling,1,1~2
Uppsala Rutt,Nelins,Sunday,Wraps,Kyckling Bacon,1,1~2
Uppsala Rutt,Nelins,Sunday,Wraps,Kyckling Curry,1,1~2
Uppsala Rutt,Nelins,Sunday,Wraps,Sweet Chili,1,1~2
Uppsala Rutt,Nelins,Sunday,Wraps,Wrap Curry Oumph!,1,0~1
Uppsala Rutt,Nelins,Monday,Baguette,Skagen,1,0~1
Uppsala Rutt,Nelins,Monday,Pastasallad,Kyckling mangocurry,1,1~1
Uppsala Rutt,Nelins,Monday,Pastasallad,Räkor,1,0~1
Uppsala Rutt,Nelins,Monday,Sandwich,Clubsandwich,1,0~1
Uppsala Rutt,Nelins,Tuesday,Baguette,Salami & Brieost,1,0~1
Uppsala Rutt,Nelins,Tuesday,Baguette,Skagen,2,1~2
Uppsala Rutt,Nelins,Tuesday,Fralla,Ost,1,0~1
Uppsala Rutt,Nelins,Tuesday,Fralla,Ost & Skinka,1,1~1
Uppsala Rutt,Nelins,Tuesday,Grönsallad,Caesarsallad,1,0~1
Uppsala Rutt,Nelins,Tuesday,Hönökaka,Ost,1,1~1
Uppsala Rutt,Nelins,Tuesday,Hönökaka,Ost & Skinka,1,1~1
Uppsala Rutt,Nelins,Tuesday,Pastasallad,Kyckling & Salladsost,1,1~1
Uppsala Rutt,Nelins,Tuesday,Pastasallad,Kyckling mangocurry,2,2~3
Uppsala Rutt,Nelins,Tuesday,Pastasallad,Ost & Skinka,1,0~1
Uppsala Rutt,Nelins,Tuesday,Pastasallad,Räkor,2,1~2
Uppsala Rutt,Nelins,Tuesday,Sandwich,Bacon & Äggröra,1,1~1
Uppsala Rutt,Nelins,Tuesday,Sandwich,Clubsandwich,2,1~2
Uppsala Rutt,Nelins,Tuesday,Sandwich,Räkor,1,1~1
Uppsala Rutt,Nelins,Tuesday,Wraps,Caesar Kyckling,1,1~1
Uppsala Rutt,Nelins,Tuesday,Wraps,Kyckling Bacon,1,0~1
Uppsala Rutt,Nelins,Tuesday,Wraps,Kyckling Curry,1,0~1
Uppsala Rutt,Nelins,Tuesday,Wraps,Sweet Chili,1,0~1
Uppsala Rutt,Nelins,Wednesday,Baguette,Skagen,1,0~1
Uppsala Rutt,Nelins,Wednesday,Pastasallad,Kyckling mangocurry,1,1~1
Uppsala Rutt,Nelins,Wednesday,Pastasallad,Räkor,1,0~1
Uppsala Rutt,Nelins,Wednesday,Sandwich,Clubsandwich,1,0~1
Uppsala Rutt,Nelins,Thursday,Baguette,Kyckling Curry,1,1~2
Uppsala Rutt,Nelins,Thursday,Baguette,Kyckling Sweet Chili,1,0~1
Uppsala Rutt,Nelins,Thursday,Baguette,Ost & Skinka,1,1~2
Uppsala Rutt,Nelins,Thursday,Baguette,Salami & Brieost,1,1~2
Uppsala Rutt,Nelins,Thursday,Baguette,Skagen,1,2~3
Uppsala Rutt,Nelins,Thursday,Fralla,Ost,1,1~2
Uppsala Rutt,Nelins,Thursday,Fralla,Ost & Skinka,2,1~2
Uppsala Rutt,Nelins,Thursday,Grönsallad,Caesarsallad,1,1~2
Uppsala Rutt,Nelins,Thursday,Hönökaka,Ost,2,1~2
Uppsala Rutt,Nelins,Thursday,Hönökaka,Ost & Salami,1,0~1
Uppsala Rutt,Nelins,Thursday,Hönökaka,Ost & Skinka,2,1~2
Uppsala Rutt,Nelins,Thursday,Pastasallad,Bacon & Kyckling,1,1~2
Uppsala Rutt,Nelins,Thursday,Pastasallad,Kyckling & Salladsost,2,1~2
Uppsala Rutt,Nelins,Thursday,Pastasallad,Kyckling mangocurry,3,2~4
Uppsala Rutt,Nelins,Thursday,Pastasallad,Ost & Skinka,1,1~2
Uppsala Rutt,Nelins,Thursday,Pastasallad,Räkor,1,2~3
Uppsala Rutt,Nelins,Thursday,Sandwich,Bacon & Äggröra,2,1~2
Uppsala Rutt,Nelins,Thursday,Sandwich,Clubsandwich,1,2~3
Uppsala Rutt,Nelins,Thursday,Sandwich,Kyckling Curry,1,1~2
Uppsala Rutt,Nelins,Thursday,Sandwich,Räkor,2,1~2
Uppsala Rutt,Nelins,Thursday,Varmrätt,Cevapcici med bulgur,1,0~1
Uppsala Rutt,Nelins,Thursday,Varmrätt,Kyckling-och böngryta,1,1~2
Uppsala Rutt,Nelins,Thursday,Varmrätt,Kycklingpestosallad,1,0~1
Uppsala Rutt,Nelins,Thursday,Varmrätt,Pannbiff med Basmatiris,1,0~1
Uppsala Rutt,Nelins,Thursday,Varmrätt,Tacobolognese med fullkornspasta,1,0~1
Uppsala Rutt,Nelins,Thursday,Varmrätt,Teriyakibiff med ris,1,1~2
Uppsala Rutt,Nelins,Thursday,Varmrätt,Teriyakikycklingfile med basmatiris,1,0~1
Uppsala Rutt,Nelins,Thursday,Wraps,Caesar Kyckling,2,1~2
Uppsala Rutt,Nelins,Thursday,Wraps,Kyckling Bacon,1,1~2
Uppsala Rutt,Nelins,Thursday,Wraps,Kyckling Curry,1,1~2
Uppsala Rutt,Nelins,Thursday,Wraps,Sweet Chili,1,1~2
Uppsala Rutt,Nelins,Thursday,Wraps,Wrap Curry Oumph!,1,1~2
Uppsala Rutt,Nelins,Thursday,XL Frallor,Grovfralla Kalkon & Färskost,1,0~1
Uppsala Rutt,Nelins,Thursday,XL Frallor,Ost,1,0~1
Uppsala Rutt,Nelins,Thursday,XL Frallor,Ost & Skinka,1,0~1
Uppsala Rutt,Skafferiet L&T,Thursday,Baguette,Kyckling Curry,1,0~1
Uppsala Rutt,Skafferiet L&T,Thursday,Baguette,Salami & Brieost,1,0~1
Uppsala Rutt,Skafferiet L&T,Thursday,Baguette,Skagen,1,0~1
Uppsala Rutt,Skafferiet L&T,Thursday,Fralla,Ost,1,0~1
Uppsala Rutt,Skafferiet L&T,Thursday,Fralla,Ost & Skinka,1,0~1
Uppsala Rutt,Skafferiet L&T,Thursday,Glutenfri Frallor,Glutenfri Pumpafralla Kalkon & Färskost(endast söndagsbeställning),1,0~1
Uppsala Rutt,Skafferiet L&T,Thursday,Pastasallad,Kyckling mangocurry,1,0~1
Uppsala Rutt,Skafferiet L&T,Thursday,Pastasallad,Räkor,1,0~1
Uppsala Rutt,Skafferiet L&T,Thursday,Varmrätt,Kyckling-och böngryta,1,0~1
Uppsala Rutt,Skafferiet L&T,Thursday,Varmrätt,Kycklingspett med ris,1,0~1
Uppsala Rutt,Skafferiet L&T,Thursday,Varmrätt,Teriyakibiff med ris,1,0~1
Uppsala Rutt,Skafferiet L&T,Thursday,Varmrätt,Teriyakikycklingfile med basmatiris,1,0~1
Uppsala Rutt,Skafferiet L&T,Thursday,Wraps,Caesar Kyckling,1,0~1
Uppsala Rutt,Skafferiet L&T,Thursday,Wraps,Kyckling Bacon,1,0~1
Västerås,Affären,Sunday,Fralla,Ost,1,1~2
Västerås,Affären,Sunday,Hönökaka,Ost,1,0~1
Västerås,Affären,Tuesday,Fralla,Ost,1,0~1
Västerås,Affären,Thursday,Baguette,Kyckling Curry,1,0~1
Västerås,Affären,Thursday,Baguette,Skagen,1,0~1
Västerås,Affären,Thursday,Fralla,Ost,1,1~2
Västerås,Affären,Thursday,Hönökaka,Ost,1,1~2
Västerås,Affären,Thursday,Pastasallad,Kyckling & Salladsost,1,0~1
Västerås,Affären,Thursday,Pastasallad,Kyckling mangocurry,1,0~1
Västerås,Affären,Thursday,Sandwich,Kyckling Curry,1,0~1
Västerås,Affären,Thursday,Sandwich,Räkor,1,0~1
Västerås,Affären,Thursday,Sandwich,Ägg & Avocadokräm,1,0~1
Västerås,Affären,Thursday,Wraps,Kyckling Curry,1,0~1
Västerås,Affären,Thursday,Wraps,Kycklingsallad Olivie,1,0~1
Västerås,Affären,Thursday,XL Frallor,Ost,1,0~1
Västerås,Coop Karlfeldtsplatsen,Sunday,Baguette,Kyckling Curry,1,0~1
Västerås,Coop Karlfeldtsplatsen,Sunday,Fralla,Ost,1,0~1
Västerås,Coop Karlfeldtsplatsen,Sunday,Fralla,Ost & Skinka,1,0~1
Västerås,Coop Karlfeldtsplatsen,Sunday,Hönökaka,Ost,1,0~1
Västerås,Coop Karlfeldtsplatsen,Sunday,Hönökaka,Ost & Salami,1,0~1
Västerås,Coop Karlfeldtsplatsen,Sunday,Hönökaka,Ost & Skinka,1,0~1
Västerås,Coop Karlfeldtsplatsen,Sunday,Pastasallad,Kyckling & Salladsost,1,1~2
Västerås,Coop Karlfeldtsplatsen,Sunday,Pastasallad,Kyckling mangocurry,1,1~2
Västerås,Coop Karlfeldtsplatsen,Sunday,Sandwich,Clubsandwich,1,0~1
Västerås,Coop Karlfeldtsplatsen,Sunday,Sandwich,Kyckling Curry,1,1~2
Västerås,Coop Karlfeldtsplatsen,Sunday,Sandwich,Räkor,1,1~2
Västerås,Coop Karlfeldtsplatsen,Sunday,Wraps,Caesar Kyckling,1,0~1
Västerås,Coop Karlfeldtsplatsen,Sunday,Wraps,Kyckling Curry,1,1~2
Västerås,Coop Karlfeldtsplatsen,Sunday,Wraps,Sweet Chili,1,0~1
Västerås,Coop Karlfeldtsplatsen,Tuesday,Pastasallad,Kyckling & Salladsost,1,1~1
Västerås,Coop Karlfeldtsplatsen,Tuesday,Pastasallad,Kyckling mangocurry,1,1~1
Västerås,Coop Karlfeldtsplatsen,Tuesday,Sandwich,Kyckling Curry,1,0~1
Västerås,Coop Karlfeldtsplatsen,Tuesday,Sandwich,Räkor,1,0~1
Västerås,Coop Karlfeldtsplatsen,Tuesday,Wraps,Kyckling Curry,1,0~1
Västerås,Coop Karlfeldtsplatsen,Thursday,Baguette,Kyckling Curry,1,1~2
Västerås,Coop Karlfeldtsplatsen,Thursday,Baguette,Salami & Brieost,1,0~1
Västerås,Coop Karlfeldtsplatsen,Thursday,Baguette,Skagen,1,0~1
Västerås,Coop Karlfeldtsplatsen,Thursday,Fralla,Ost,1,1~2
Västerås,Coop Karlfeldtsplatsen,Thursday,Fralla,Ost & Skinka,1,1~2
Västerås,Coop Karlfeldtsplatsen,Thursday,Glutenfri Frallor,Glutenfri Ost & Skinka(endast söndagsbeställning),1,0~1
Västerås,Coop Karlfeldtsplatsen,Thursday,Glutenfri Frallor,Glutenfri Ost(endast söndagsbeställning),1,0~1
Västerås,Coop Karlfeldtsplatsen,Thursday,Hönökaka,Ost,1,1~2
Västerås,Coop Karlfeldtsplatsen,Thursday,Hönökaka,Ost & Salami,1,1~2
Västerås,Coop Karlfeldtsplatsen,Thursday,Hönökaka,Ost & Skinka,1,1~2
Västerås,Coop Karlfeldtsplatsen,Thursday,Pastasallad,Kyckling & Salladsost,2,1~2
Västerås,Coop Karlfeldtsplatsen,Thursday,Pastasallad,Kyckling mangocurry,2,1~2
Västerås,Coop Karlfeldtsplatsen,Thursday,Pastasallad,Ost & Skinka,1,0~1
Västerås,Coop Karlfeldtsplatsen,Thursday,Pastasallad,Räkor,1,0~1
Västerås,Coop Karlfeldtsplatsen,Thursday,Sandwich,Clubsandwich,1,1~2
Västerås,Coop Karlfeldtsplatsen,Thursday,Sandwich,Kyckling Curry,1,1~2
Västerås,Coop Karlfeldtsplatsen,Thursday,Sandwich,Räkor,1,1~2
Västerås,Coop Karlfeldtsplatsen,Thursday,Wraps,Caesar Kyckling,1,1~2
Västerås,Coop Karlfeldtsplatsen,Thursday,Wraps,Kyckling Bacon,1,0~1
Västerås,Coop Karlfeldtsplatsen,Thursday,Wraps,Kyckling Curry,1,1~2
Västerås,Coop Karlfeldtsplatsen,Thursday,Wraps,Sweet Chili,1,1~2
Västerås,Coop Karlfeldtsplatsen,Thursday,XL Frallor,Grovfralla Kalkon & Färskost,1,0~1
Västerås,Coop Karlfeldtsplatsen,Thursday,XL Frallor,Ost,1,0~1
Västerås,Coop Karlfeldtsplatsen,Thursday,XL Frallor,Ost & Skinka,1,0~1
Västerås,Coop Pilgatan,Sunday,Baguette,Kyckling Curry,1,0~1
Västerås,Coop Pilgatan,Sunday,Baguette,Kyckling Sweet Chili,1,0~1
Västerås,Coop Pilgatan,Sunday,Baguette,Ost & Skinka,1,1~2
Västerås,Coop Pilgatan,Sunday,Baguette,Salami & Brieost,1,1~2
Västerås,Coop Pilgatan,Sunday,Baguette,Skagen,1,1~2
Västerås,Coop Pilgatan,Sunday,Fralla,Ost,2,2~3
Västerås,Coop Pilgatan,Sunday,Fralla,Ost & Skinka,3,2~4
Västerås,Coop Pilgatan,Sunday,Hönökaka,Ost,2,2~3
Västerås,Coop Pilgatan,Sunday,Hönökaka,Ost & Salami,2,2~3
Västerås,Coop Pilgatan,Sunday,Hönökaka,Ost & Skinka,2,2~3
Västerås,Coop Pilgatan,Sunday,Pastasallad,Kyckling & Salladsost,3,2~4
Västerås,Coop Pilgatan,Sunday,Pastasallad,Kyckling mangocurry,3,2~4
Västerås,Coop Pilgatan,Sunday,Pastasallad,Ost & Skinka,1,0~1
Västerås,Coop Pilgatan,Sunday,Pastasallad,Räkor,2,2~3
Västerås,Coop Pilgatan,Sunday,Sandwich,Bacon & Äggröra,1,0~1
Västerås,Coop Pilgatan,Sunday,Sandwich,Clubsandwich,1,1~2
Västerås,Coop Pilgatan,Sunday,Sandwich,Kyckling Curry,1,0~1
Västerås,Coop Pilgatan,Sunday,Sandwich,Räkor,2,2~3
Västerås,Coop Pilgatan,Sunday,Wraps,Caesar Kyckling,1,1~2
Västerås,Coop Pilgatan,Sunday,Wraps,Kyckling Bacon,1,1~2
Västerås,Coop Pilgatan,Sunday,Wraps,Kyckling Curry,1,1~2
Västerås,Coop Pilgatan,Sunday,Wraps,Sweet Chili,1,1~2
Västerås,Coop Pilgatan,Sunday,XL Frallor,Grovfralla Kalkon & Färskost,1,0~1
Västerås,Coop Pilgatan,Sunday,XL Frallor,Ost,1,0~1
Västerås,Coop Pilgatan,Sunday,XL Frallor,Ost & Skinka,1,1~2
Västerås,Coop Pilgatan,Monday,Fralla,Ost,1,1~1
Västerås,Coop Pilgatan,Monday,Fralla,Ost & Skinka,1,1~1
Västerås,Coop Pilgatan,Monday,Hönökaka,Ost,1,1~1
Västerås,Coop Pilgatan,Monday,Hönökaka,Ost & Salami,1,1~1
Västerås,Coop Pilgatan,Monday,Hönökaka,Ost & Skinka,1,1~1
Västerås,Coop Pilgatan,Monday,Pastasallad,Kyckling & Salladsost,1,1~1
Västerås,Coop Pilgatan,Monday,Pastasallad,Kyckling mangocurry,1,1~1
Västerås,Coop Pilgatan,Monday,Pastasallad,Räkor,1,1~1
Västerås,Coop Pilgatan,Monday,Sandwich,Räkor,1,0~1
Västerås,Coop Pilgatan,Tuesday,Baguette,Ost & Skinka,1,0~1
Västerås,Coop Pilgatan,Tuesday,Baguette,Salami & Brieost,1,1~1
Västerås,Coop Pilgatan,Tuesday,Baguette,Skagen,1,0~1
Västerås,Coop Pilgatan,Tuesday,Fralla,Ost,2,1~2
Västerås,Coop Pilgatan,Tuesday,Fralla,Ost & Skinka,2,2~3
Västerås,Coop Pilgatan,Tuesday,Hönökaka,Ost,2,1~2
Västerås,Coop Pilgatan,Tuesday,Hönökaka,Ost & Salami,2,1~2
Västerås,Coop Pilgatan,Tuesday,Hönökaka,Ost & Skinka,2,1~2
Västerås,Coop Pilgatan,Tuesday,Pastasallad,Kyckling & Salladsost,2,2~3
Västerås,Coop Pilgatan,Tuesday,Pastasallad,Kyckling mangocurry,2,2~3
Västerås,Coop Pilgatan,Tuesday,Pastasallad,Räkor,2,1~2
Västerås,Coop Pilgatan,Tuesday,Sandwich,Clubsandwich,1,0~1
Västerås,Coop Pilgatan,Tuesday,Sandwich,Räkor,2,1~2
Västerås,Coop Pilgatan,Tuesday,Wraps,Caesar Kyckling,1,1~1
Västerås,Coop Pilgatan,Tuesday,Wraps,Kyckling Bacon,1,1~1
Västerås,Coop Pilgatan,Tuesday,Wraps,Kyckling Curry,1,1~1
Västerås,Coop Pilgatan,Tuesday,Wraps,Sweet Chili,1,1~1
Västerås,Coop Pilgatan,Tuesday,XL Frallor,Ost & Skinka,1,0~1
Västerås,Coop Pilgatan,Wednesday,Fralla,Ost,1,0~1
Västerås,Coop Pilgatan,Wednesday,Fralla,Ost & Skinka,1,1~1
Västerås,Coop Pilgatan,Wednesday,Hönökaka,Ost,1,0~1
Västerås,Coop Pilgatan,Wednesday,Hönökaka,Ost & Salami,1,0~1
Västerås,Coop Pilgatan,Wednesday,Hönökaka,Ost & Skinka,1,0~1
Västerås,Coop Pilgatan,Wednesday,Pastasallad,Kyckling & Salladsost,1,1~1
Västerås,Coop Pilgatan,Wednesday,Pastasallad,Kyckling mangocurry,1,1~1
Västerås,Coop Pilgatan,Wednesday,Pastasallad,Räkor,1,0~1
Västerås,Coop Pilgatan,Wednesday,Sandwich,Räkor,1,0~1
Västerås,Coop Pilgatan,Thursday,Baguette,Kyckling Curry,1,1~2
Västerås,Coop Pilgatan,Thursday,Baguette,Kyckling Sweet Chili,1,1~2
Västerås,Coop Pilgatan,Thursday,Baguette,Ost & Skinka,1,1~2
Västerås,Coop Pilgatan,Thursday,Baguette,Salami & Brieost,2,1~2
Västerås,Coop Pilgatan,Thursday,Baguette,Skagen,1,1~2
Västerås,Coop Pilgatan,Thursday,Fralla,Ost,2,2~4
Västerås,Coop Pilgatan,Thursday,Fralla,Ost & Skinka,3,2~4
Västerås,Coop Pilgatan,Thursday,Grönsallad,Caesarsallad,1,0~1
Västerås,Coop Pilgatan,Thursday,Grönsallad,Kyckling,1,0~1
Västerås,Coop Pilgatan,Thursday,Hönökaka,Ost,2,2~4
Västerås,Coop Pilgatan,Thursday,Hönökaka,Ost & Salami,2,2~4
Västerås,Coop Pilgatan,Thursday,Hönökaka,Ost & Skinka,2,2~4
Västerås,Coop Pilgatan,Thursday,Pastasallad,Bacon & Kyckling,1,0~1
Västerås,Coop Pilgatan,Thursday,Pastasallad,Kyckling & Salladsost,2,1~3
Västerås,Coop Pilgatan,Thursday,Pastasallad,Kyckling kebab,1,0~1
Västerås,Coop Pilgatan,Thursday,Pastasallad,Kyckling mangocurry,3,2~4
Västerås,Coop Pilgatan,Thursday,Pastasallad,Ost & Skinka,1,1~2
Västerås,Coop Pilgatan,Thursday,Pastasallad,Räkor,2,2~4
Västerås,Coop Pilgatan,Thursday,Sandwich,Bacon & Äggröra,1,1~2
Västerås,Coop Pilgatan,Thursday,Sandwich,Clubsandwich,1,1~2
Västerås,Coop Pilgatan,Thursday,Sandwich,Kyckling Curry,1,1~2
Västerås,Coop Pilgatan,Thursday,Sandwich,Kyckling Pestoröra,1,0~1
Västerås,Coop Pilgatan,Thursday,Sandwich,Räkor,1,2~3
Västerås,Coop Pilgatan,Thursday,Wraps,Caesar Kyckling,2,1~2
Västerås,Coop Pilgatan,Thursday,Wraps,Kyckling Bacon,2,1~2
Västerås,Coop Pilgatan,Thursday,Wraps,Kyckling Curry,2,1~2
Västerås,Coop Pilgatan,Thursday,Wraps,Sweet Chili,2,1~2
Västerås,Coop Pilgatan,Thursday,XL Frallor,Grovfralla Kalkon & Färskost,1,1~2
Västerås,Coop Pilgatan,Thursday,XL Frallor,Ost,1,1~2
Västerås,Coop Pilgatan,Thursday,XL Frallor,Ost & Skinka,1,1~2
Västerås,Coop Stjärnan,Sunday,Baguette,Kyckling Curry,1,0~1
Västerås,Coop Stjärnan,Sunday,Baguette,Ost & Skinka,1,0~1
Västerås,Coop Stjärnan,Sunday,Baguette,Salami & Brieost,1,0~1
Västerås,Coop Stjärnan,Sunday,Baguette,Skagen,1,1~2
Västerås,Coop Stjärnan,Sunday,Fralla,Ost,1,1~2
Västerås,Coop Stjärnan,Sunday,Fralla,Ost & Skinka,1,1~2
Västerås,Coop Stjärnan,Sunday,Grönsallad,Caesarsallad,1,0~1
Västerås,Coop Stjärnan,Sunday,Grönsallad,Kyckling,1,0~1
Västerås,Coop Stjärnan,Sunday,Hönökaka,Ost,1,0~1
Västerås,Coop Stjärnan,Sunday,Hönökaka,Ost & Salami,1,0~1
Västerås,Coop Stjärnan,Sunday,Hönökaka,Ost & Skinka,1,0~1
Västerås,Coop Stjärnan,Sunday,Pastasallad,Kyckling & Salladsost,2,2~3
Västerås,Coop Stjärnan,Sunday,Pastasallad,Kyckling mangocurry,2,2~3
Västerås,Coop Stjärnan,Sunday,Pastasallad,Ost & Skinka,1,0~1
Västerås,Coop Stjärnan,Sunday,Pastasallad,Räkor,1,1~2
Västerås,Coop Stjärnan,Sunday,Sandwich,Clubsandwich,1,0~1
Västerås,Coop Stjärnan,Sunday,Sandwich,Kyckling Curry,1,0~1
Västerås,Coop Stjärnan,Sunday,Sandwich,Räkor,1,1~2
Västerås,Coop Stjärnan,Sunday,Wraps,Caesar Kyckling,1,0~1
Västerås,Coop Stjärnan,Sunday,Wraps,Kyckling Bacon,1,0~1
Västerås,Coop Stjärnan,Sunday,Wraps,Kyckling Curry,1,1~2
Västerås,Coop Stjärnan,Sunday,Wraps,Sweet Chili,1,1~2
Västerås,Coop Stjärnan,Sunday,XL Frallor,Ost & Skinka,1,0~1
Västerås,Coop Stjärnan,Monday,Pastasallad,Kyckling & Salladsost,1,1~1
Västerås,Coop Stjärnan,Monday,Pastasallad,Kyckling mangocurry,1,0~1
Västerås,Coop Stjärnan,Tuesday,Baguette,Skagen,1,0~1
Västerås,Coop Stjärnan,Tuesday,Fralla,Ost,1,0~1
Västerås,Coop Stjärnan,Tuesday,Fralla,Ost & Skinka,1,0~1
Västerås,Coop Stjärnan,Tuesday,Pastasallad,Kyckling & Salladsost,2,1~2
Västerås,Coop Stjärnan,Tuesday,Pastasallad,Kyckling mangocurry,2,1~2
Västerås,Coop Stjärnan,Tuesday,Pastasallad,Räkor,1,0~1
Västerås,Coop Stjärnan,Tuesday,Sandwich,Räkor,1,1~1
Västerås,Coop Stjärnan,Tuesday,Wraps,Kyckling Curry,1,0~1
Västerås,Coop Stjärnan,Tuesday,Wraps,Sweet Chili,1,0~1
Västerås,Coop Stjärnan,Wednesday,Pastasallad,Kyckling & Salladsost,1,0~1
Västerås,Coop Stjärnan,Wednesday,Pastasallad,Kyckling mangocurry,1,0~1
Västerås,Coop Stjärnan,Thursday,Baguette,Kyckling Curry,1,1~2
Västerås,Coop Stjärnan,Thursday,Baguette,Ost & Skinka,1,1~2
Västerås,Coop Stjärnan,Thursday,Baguette,Salami & Brieost,1,1~2
Västerås,Coop Stjärnan,Thursday,Baguette,Skagen,1,1~2
Västerås,Coop Stjärnan,Thursday,Fralla,Ost,1,1~2
Västerås,Coop Stjärnan,Thursday,Fralla,Ost & Skinka,1,1~2
Västerås,Coop Stjärnan,Thursday,Glutenfri Frallor,Glutenfri Ost & Skinka(endast söndagsbeställning),1,0~1
Västerås,Coop Stjärnan,Thursday,Glutenfri Frallor,Glutenfri Ost(endast söndagsbeställning),1,0~1
Västerås,Coop Stjärnan,Thursday,Grönsallad,Caesarsallad,1,1~2
Västerås,Coop Stjärnan,Thursday,Grönsallad,Kyckling,1,1~2
Västerås,Coop Stjärnan,Thursday,Hönökaka,Ost,1,1~2
Västerås,Coop Stjärnan,Thursday,Hönökaka,Ost & Salami,1,1~2
Västerås,Coop Stjärnan,Thursday,Hönökaka,Ost & Skinka,1,1~2
Västerås,Coop Stjärnan,Thursday,Pastasallad,Bacon & Kyckling,1,0~1
Västerås,Coop Stjärnan,Thursday,Pastasallad,Kyckling & Salladsost,2,2~4
Västerås,Coop Stjärnan,Thursday,Pastasallad,Kyckling mangocurry,1,2~3
Västerås,Coop Stjärnan,Thursday,Pastasallad,Ost & Skinka,1,1~2
Västerås,Coop Stjärnan,Thursday,Pastasallad,Räkor,1,1~2
Västerås,Coop Stjärnan,Thursday,Sandwich,Clubsandwich,1,1~2
Västerås,Coop Stjärnan,Thursday,Sandwich,Kyckling Curry,1,1~2
Västerås,Coop Stjärnan,Thursday,Sandwich,Kyckling Pestoröra,1,0~1
Västerås,Coop Stjärnan,Thursday,Sandwich,Räkor,2,1~2
Västerås,Coop Stjärnan,Thursday,Sandwich,Ägg & Avocadokräm,1,0~1
Västerås,Coop Stjärnan,Thursday,Wraps,Caesar Kyckling,1,1~2
Västerås,Coop Stjärnan,Thursday,Wraps,Kyckling Bacon,1,1~2
Västerås,Coop Stjärnan,Thursday,Wraps,Kyckling Curry,1,1~2
Västerås,Coop Stjärnan,Thursday,Wraps,Sweet Chili,1,1~2
Västerås,Coop Stjärnan,Thursday,XL Frallor,Grovfralla Kalkon & Färskost,1,0~1
Västerås,Coop Stjärnan,Thursday,XL Frallor,Ost,1,0~1
Västerås,Coop Stjärnan,Thursday,XL Frallor,Ost & Skinka,1,1~2
Västerås,Coop Västerås City,Sunday,Baguette,Kyckling Curry,1,0~1
Västerås,Coop Västerås City,Sunday,Baguette,Ost & Skinka,1,0~1
Västerås,Coop Västerås City,Sunday,Baguette,Salami & Brieost,1,0~1
Västerås,Coop Västerås City,Sunday,Baguette,Skagen,1,1~2
Västerås,Coop Västerås City,Sunday,Fralla,Ost,3,3~4
Västerås,Coop Västerås City,Sunday,Fralla,Ost & Skinka,3,3~4
Västerås,Coop Västerås City,Sunday,Hönökaka,Ost,2,2~3
Västerås,Coop Västerås City,Sunday,Hönökaka,Ost & Salami,1,1~2
Västerås,Coop Västerås City,Sunday,Hönökaka,Ost & Skinka,2,2~3
Västerås,Coop Västerås City,Sunday,Pastasallad,Kyckling & Salladsost,2,2~3
Västerås,Coop Västerås City,Sunday,Pastasallad,Kyckling mangocurry,2,2~3
Västerås,Coop Västerås City,Sunday,Pastasallad,Ost & Skinka,1,0~1
Västerås,Coop Västerås City,Sunday,Pastasallad,Räkor,1,0~1
Västerås,Coop Västerås City,Sunday,Sandwich,Clubsandwich,1,0~1
Västerås,Coop Västerås City,Sunday,Sandwich,Kyckling Curry,1,0~1
Västerås,Coop Västerås City,Sunday,Wraps,Kyckling Bacon,1,0~1
Västerås,Coop Västerås City,Sunday,Wraps,Kyckling Curry,1,1~2
Västerås,Coop Västerås City,Sunday,Wraps,Sweet Chili,1,0~1
Västerås,Coop Västerås City,Sunday,XL Frallor,Ost,1,0~1
Västerås,Coop Västerås City,Sunday,XL Frallor,Ost & Skinka,1,0~1
Västerås,Coop Västerås City,Monday,Fralla,Ost,1,1~1
Västerås,Coop Västerås City,Monday,Fralla,Ost & Skinka,1,1~1
Västerås,Coop Västerås City,Monday,Hönökaka,Ost,1,0~1
Västerås,Coop Västerås City,Monday,Hönökaka,Ost & Skinka,1,0~1
Västerås,Coop Västerås City,Monday,Pastasallad,Kyckling & Salladsost,1,0~1
Västerås,Coop Västerås City,Monday,Pastasallad,Kyckling mangocurry,1,0~1
Västerås,Coop Västerås City,Tuesday,Baguette,Skagen,1,0~1
Västerås,Coop Västerås City,Tuesday,Fralla,Ost,2,2~3
Västerås,Coop Västerås City,Tuesday,Fralla,Ost & Skinka,2,2~3
Västerås,Coop Västerås City,Tuesday,Hönökaka,Ost,2,1~2
Västerås,Coop Västerås City,Tuesday,Hönökaka,Ost & Salami,1,0~1
Västerås,Coop Västerås City,Tuesday,Hönökaka,Ost & Skinka,2,1~2
Västerås,Coop Västerås City,Tuesday,Pastasallad,Kyckling & Salladsost,2,1~2
Västerås,Coop Västerås City,Tuesday,Pastasallad,Kyckling mangocurry,2,1~2
Västerås,Coop Västerås City,Tuesday,Wraps,Kyckling Curry,1,0~1
Västerås,Coop Västerås City,Wednesday,Fralla,Ost,1,1~1
Västerås,Coop Västerås City,Wednesday,Fralla,Ost & Skinka,1,1~1
Västerås,Coop Västerås City,Wednesday,Hönökaka,Ost,1,0~1
Västerås,Coop Västerås City,Wednesday,Hönökaka,Ost & Skinka,1,0~1
Västerås,Coop Västerås City,Wednesday,Pastasallad,Kyckling & Salladsost,1,0~1
Västerås,Coop Västerås City,Wednesday,Pastasallad,Kyckling mangocurry,1,0~1
Västerås,Coop Västerås City,Thursday,Baguette,Kyckling Curry,1,1~2
Västerås,Coop Västerås City,Thursday,Baguette,Ost & Skinka,1,1~2
Västerås,Coop Västerås City,Thursday,Baguette,Salami & Brieost,1,1~2
Västerås,Coop Västerås City,Thursday,Baguette,Skagen,1,1~2
Västerås,Coop Västerås City,Thursday,Fralla,Ost,4,2~5
Västerås,Coop Västerås City,Thursday,Fralla,Ost & Skinka,4,2~5
Västerås,Coop Västerås City,Thursday,Grönsallad,Caesarsallad,1,0~1
Västerås,Coop Västerås City,Thursday,Grönsallad,Kyckling,1,0~1
Västerås,Coop Västerås City,Thursday,Hönökaka,Ost,1,2~3
Västerås,Coop Västerås City,Thursday,Hönökaka,Ost & Salami,1,1~2
Västerås,Coop Västerås City,Thursday,Hönökaka,Ost & Skinka,1,2~3
Västerås,Coop Västerås City,Thursday,Pastasallad,Bacon & Kyckling,1,0~1
Västerås,Coop Västerås City,Thursday,Pastasallad,Kyckling & Salladsost,1,2~3
Västerås,Coop Västerås City,Thursday,Pastasallad,Kyckling kebab,1,0~1
Västerås,Coop Västerås City,Thursday,Pastasallad,Kyckling mangocurry,1,2~3
Västerås,Coop Västerås City,Thursday,Pastasallad,Ost & Skinka,1,1~2
Västerås,Coop Västerås City,Thursday,Pastasallad,Räkor,1,1~2
Västerås,Coop Västerås City,Thursday,Sandwich,Bacon & Äggröra,1,0~1
Västerås,Coop Västerås City,Thursday,Sandwich,Clubsandwich,1,1~2
Västerås,Coop Västerås City,Thursday,Sandwich,Kyckling Curry,1,1~2
Västerås,Coop Västerås City,Thursday,Sandwich,Kyckling Pestoröra,1,0~1
Västerås,Coop Västerås City,Thursday,Sandwich,Räkor,1,0~1
Västerås,Coop Västerås City,Thursday,Sandwich,Ägg & Avocadokräm,1,0~1
Västerås,Coop Västerås City,Thursday,Varmrätt,Cevapcici med bulgur,1,0~1
Västerås,Coop Västerås City,Thursday,Varmrätt,Kycklingspett med ris,1,0~1
Västerås,Coop Västerås City,Thursday,Varmrätt,Pannbiff med Basmatiris,1,0~1
Västerås,Coop Västerås City,Thursday,Wraps,Caesar Kyckling,1,0~1
Västerås,Coop Västerås City,Thursday,Wraps,Kyckling Bacon,1,1~2
Västerås,Coop Västerås City,Thursday,Wraps,Kyckling Curry,1,1~2
Västerås,Coop Västerås City,Thursday,Wraps,Kycklingsallad Olivie,1,0~1
Västerås,Coop Västerås City,Thursday,Wraps,Sweet Chili,1,1~2
Västerås,Coop Västerås City,Thursday,XL Frallor,Grovfralla Kalkon & Färskost,1,0~1
Västerås,Coop Västerås City,Thursday,XL Frallor,Ost,1,1~2
Västerås,Coop Västerås City,Thursday,XL Frallor,Ost & Skinka,1,1~2
Västerås,Hemköp City Västerås,Sunday,Baguette,Ost & Skinka,1,0~1
Västerås,Hemköp City Västerås,Sunday,Baguette,Salami & Brieost,1,0~1
Västerås,Hemköp City Västerås,Sunday,Baguette,Skagen,1,0~1
Västerås,Hemköp City Västerås,Sunday,Fralla,Ost,4,3~5
Västerås,Hemköp City Västerås,Sunday,Fralla,Ost & Skinka,4,3~5
Västerås,Hemköp City Västerås,Sunday,Hönökaka,Ost,1,1~2
Västerås,Hemköp City Västerås,Sunday,Hönökaka,Ost & Salami,2,2~3
Västerås,Hemköp City Västerås,Sunday,Hönökaka,Ost & Skinka,2,2~3
Västerås,Hemköp City Västerås,Sunday,Pastasallad,Kyckling & Salladsost,1,1~2
Västerås,Hemköp City Västerås,Sunday,Pastasallad,Kyckling mangocurry,1,1~2
Västerås,Hemköp City Västerås,Sunday,Pastasallad,Räkor,1,0~1
Västerås,Hemköp City Västerås,Sunday,Sandwich,Bacon & Äggröra,1,1~2
Västerås,Hemköp City Västerås,Sunday,Sandwich,Kyckling Curry,1,0~1
Västerås,Hemköp City Västerås,Sunday,Sandwich,Räkor,1,1~2
Västerås,Hemköp City Västerås,Sunday,Wraps,Caesar Kyckling,1,0~1
Västerås,Hemköp City Västerås,Sunday,Wraps,Kyckling Bacon,2,1~2
Västerås,Hemköp City Västerås,Sunday,Wraps,Kyckling Curry,1,1~2
Västerås,Hemköp City Västerås,Sunday,Wraps,Sweet Chili,1,1~2
Västerås,Hemköp City Västerås,Sunday,XL Frallor,Grovfralla Kalkon & Färskost,1,0~1
Västerås,Hemköp City Västerås,Sunday,XL Frallor,Ost,1,0~1
Västerås,Hemköp City Västerås,Sunday,XL Frallor,Ost & Skinka,1,1~2
Västerås,Hemköp City Västerås,Monday,Fralla,Ost,1,1~2
Västerås,Hemköp City Västerås,Monday,Fralla,Ost & Skinka,1,1~2
Västerås,Hemköp City Västerås,Monday,Hönökaka,Ost & Salami,1,0~1
Västerås,Hemköp City Västerås,Monday,Hönökaka,Ost & Skinka,1,0~1
Västerås,Hemköp City Västerås,Tuesday,Fralla,Ost,3,2~4
Västerås,Hemköp City Västerås,Tuesday,Fralla,Ost & Skinka,3,2~4
Västerås,Hemköp City Västerås,Tuesday,Hönökaka,Ost,1,0~1
Västerås,Hemköp City Västerås,Tuesday,Hönökaka,Ost & Salami,2,1~2
Västerås,Hemköp City Västerås,Tuesday,Hönökaka,Ost & Skinka,2,1~2
Västerås,Hemköp City Västerås,Tuesday,Pastasallad,Kyckling & Salladsost,1,0~1
Västerås,Hemköp City Västerås,Tuesday,Pastasallad,Kyckling mangocurry,1,1~1
Västerås,Hemköp City Västerås,Tuesday,Sandwich,Bacon & Äggröra,1,0~1
Västerås,Hemköp City Västerås,Tuesday,Sandwich,Räkor,1,0~1
Västerås,Hemköp City Västerås,Tuesday,Wraps,Kyckling Bacon,1,1~2
Västerås,Hemköp City Västerås,Tuesday,Wraps,Kyckling Curry,1,0~1
Västerås,Hemköp City Västerås,Tuesday,Wraps,Sweet Chili,1,1~1
Västerås,Hemköp City Västerås,Tuesday,XL Frallor,Ost & Skinka,1,0~1
Västerås,Hemköp City Västerås,Wednesday,Fralla,Ost,1,1~1
Västerås,Hemköp City Västerås,Wednesday,Fralla,Ost & Skinka,1,1~1
Västerås,Hemköp City Västerås,Wednesday,Hönökaka,Ost & Salami,1,0~1
Västerås,Hemköp City Västerås,Wednesday,Hönökaka,Ost & Skinka,1,0~1
Västerås,Hemköp City Västerås,Thursday,Baguette,Kyckling Curry,1,0~1
Västerås,Hemköp City Västerås,Thursday,Baguette,Kyckling Sweet Chili,1,0~1
Västerås,Hemköp City Västerås,Thursday,Baguette,Ost & Skinka,1,1~2
Västerås,Hemköp City Västerås,Thursday,Baguette,Salami & Brieost,1,1~2
Västerås,Hemköp City Västerås,Thursday,Baguette,Skagen,1,1~2
Västerås,Hemköp City Västerås,Thursday,Fralla,Ost,4,4~4
Västerås,Hemköp City Västerås,Thursday,Fralla,Ost & Skinka,4,4~4
Västerås,Hemköp City Västerås,Thursday,Glutenfri Frallor,Glutenfri Pumpafralla Kalkon & Färskost(endast söndagsbeställning),1,0~1
Västerås,Hemköp City Västerås,Thursday,Grönsallad,Caesarsallad,1,0~1
Västerås,Hemköp City Västerås,Thursday,Grönsallad,Kyckling,1,0~1
Västerås,Hemköp City Västerås,Thursday,Hönökaka,Ost,1,1~2
Västerås,Hemköp City Västerås,Thursday,Hönökaka,Ost & Salami,1,2~3
Västerås,Hemköp City Västerås,Thursday,Hönökaka,Ost & Skinka,1,2~3
Västerås,Hemköp City Västerås,Thursday,Pastasallad,Kyckling & Salladsost,1,1~2
Västerås,Hemköp City Västerås,Thursday,Pastasallad,Kyckling mangocurry,2,1~2
Västerås,Hemköp City Västerås,Thursday,Pastasallad,Ost & Skinka,1,0~1
Västerås,Hemköp City Västerås,Thursday,Pastasallad,Räkor,1,1~2
Västerås,Hemköp City Västerås,Thursday,Sandwich,Bacon & Äggröra,1,1~2
Västerås,Hemköp City Västerås,Thursday,Sandwich,Clubsandwich,1,0~1
Västerås,Hemköp City Västerås,Thursday,Sandwich,Kyckling Curry,1,1~2
Västerås,Hemköp City Västerås,Thursday,Sandwich,Kyckling Pestoröra,1,0~1
Västerås,Hemköp City Västerås,Thursday,Sandwich,Räkor,1,1~2
Västerås,Hemköp City Västerås,Thursday,Sandwich,Ägg & Avocadokräm,1,0~1
Västerås,Hemköp City Västerås,Thursday,Varmrätt,Cevapcici med bulgur,1,0~1
Västerås,Hemköp City Västerås,Thursday,Varmrätt,Kycklingkebab med bulgur,1,0~1
Västerås,Hemköp City Västerås,Thursday,Wraps,Caesar Kyckling,1,1~2
Västerås,Hemköp City Västerås,Thursday,Wraps,Kyckling Bacon,2,2~1
Västerås,Hemköp City Västerås,Thursday,Wraps,Kyckling Curry,1,1~2
Västerås,Hemköp City Västerås,Thursday,Wraps,Sweet Chili,2,1~2
Västerås,Hemköp City Västerås,Thursday,XL Frallor,Grovfralla Kalkon & Färskost,1,1~2
Västerås,Hemköp City Västerås,Thursday,XL Frallor,Ost,1,1~2
Västerås,Hemköp City Västerås,Thursday,XL Frallor,Ost & Skinka,1,1~2
Västerås,Hemköp Malmaberg,Sunday,Baguette,Kyckling Curry,1,0~1
Västerås,Hemköp Malmaberg,Sunday,Baguette,Ost & Skinka,1,0~1
Västerås,Hemköp Malmaberg,Sunday,Baguette,Salami & Brieost,1,1~2
Västerås,Hemköp Malmaberg,Sunday,Baguette,Skagen,1,1~2
Västerås,Hemköp Malmaberg,Sunday,Fralla,Ost,1,1~2
Västerås,Hemköp Malmaberg,Sunday,Fralla,Ost & Skinka,2,2~3
Västerås,Hemköp Malmaberg,Sunday,Grönsallad,Caesarsallad,1,0~1
Västerås,Hemköp Malmaberg,Sunday,Grönsallad,Kyckling,1,0~1
Västerås,Hemköp Malmaberg,Sunday,Hönökaka,Ost,3,2~4
Västerås,Hemköp Malmaberg,Sunday,Hönökaka,Ost & Salami,1,1~2
Västerås,Hemköp Malmaberg,Sunday,Hönökaka,Ost & Skinka,2,2~3
Västerås,Hemköp Malmaberg,Sunday,Pastasallad,Bacon & Kyckling,1,1~2
Västerås,Hemköp Malmaberg,Sunday,Pastasallad,Kyckling & Salladsost,2,2~3
Västerås,Hemköp Malmaberg,Sunday,Pastasallad,Kyckling mangocurry,3,3~4
Västerås,Hemköp Malmaberg,Sunday,Pastasallad,Ost & Skinka,2,2~3
Västerås,Hemköp Malmaberg,Sunday,Pastasallad,Räkor,3,2~4
Västerås,Hemköp Malmaberg,Sunday,Sandwich,Clubsandwich,1,1~2
Västerås,Hemköp Malmaberg,Sunday,Sandwich,Kyckling Curry,1,1~2
Västerås,Hemköp Malmaberg,Sunday,Sandwich,Räkor,1,1~2
Västerås,Hemköp Malmaberg,Sunday,Sandwich,Ägg & Avocadokräm,1,0~1
Västerås,Hemköp Malmaberg,Sunday,Varmrätt,Cevapcici med bulgur,1,0~1
Västerås,Hemköp Malmaberg,Sunday,Varmrätt,Kycklingspett med ris,1,0~1
Västerås,Hemköp Malmaberg,Sunday,Wraps,Caesar Kyckling,1,0~1
Västerås,Hemköp Malmaberg,Sunday,Wraps,Kyckling Bacon,1,1~2
Västerås,Hemköp Malmaberg,Sunday,Wraps,Kyckling Curry,2,2~3
Västerås,Hemköp Malmaberg,Sunday,Wraps,Sweet Chili,1,1~2
Västerås,Hemköp Malmaberg,Sunday,XL Frallor,Grovfralla Kalkon & Färskost,1,0~1
Västerås,Hemköp Malmaberg,Sunday,XL Frallor,Ost,1,0~1
Västerås,Hemköp Malmaberg,Sunday,XL Frallor,Ost & Skinka,1,0~1
Västerås,Hemköp Malmaberg,Monday,Fralla,Ost & Skinka,1,0~1
Västerås,Hemköp Malmaberg,Monday,Hönökaka,Ost,1,1~1
Västerås,Hemköp Malmaberg,Monday,Hönökaka,Ost & Skinka,1,1~1
Västerås,Hemköp Malmaberg,Monday,Pastasallad,Kyckling & Salladsost,1,0~1
Västerås,Hemköp Malmaberg,Monday,Pastasallad,Kyckling mangocurry,1,1~1
Västerås,Hemköp Malmaberg,Monday,Pastasallad,Ost & Skinka,1,0~1
Västerås,Hemköp Malmaberg,Monday,Pastasallad,Räkor,1,1~1
Västerås,Hemköp Malmaberg,Monday,Wraps,Kyckling Curry,1,0~1
Västerås,Hemköp Malmaberg,Tuesday,Baguette,Salami & Brieost,1,0~1
Västerås,Hemköp Malmaberg,Tuesday,Baguette,Skagen,1,0~1
Västerås,Hemköp Malmaberg,Tuesday,Fralla,Ost,1,1~1
Västerås,Hemköp Malmaberg,Tuesday,Fralla,Ost & Skinka,2,1~2
Västerås,Hemköp Malmaberg,Tuesday,Hönökaka,Ost,2,2~3
Västerås,Hemköp Malmaberg,Tuesday,Hönökaka,Ost & Salami,1,1~1
Västerås,Hemköp Malmaberg,Tuesday,Hönökaka,Ost & Skinka,2,1~2
Västerås,Hemköp Malmaberg,Tuesday,Pastasallad,Bacon & Kyckling,1,0~1
Västerås,Hemköp Malmaberg,Tuesday,Pastasallad,Kyckling & Salladsost,2,1~2
Västerås,Hemköp Malmaberg,Tuesday,Pastasallad,Kyckling mangocurry,2,2~3
Västerås,Hemköp Malmaberg,Tuesday,Pastasallad,Ost & Skinka,2,1~2
Västerås,Hemköp Malmaberg,Tuesday,Pastasallad,Räkor,2,2~3
Västerås,Hemköp Malmaberg,Tuesday,Sandwich,Clubsandwich,1,1~1
Västerås,Hemköp Malmaberg,Tuesday,Sandwich,Kyckling Curry,1,0~1
Västerås,Hemköp Malmaberg,Tuesday,Sandwich,Räkor,1,0~1
Västerås,Hemköp Malmaberg,Tuesday,Wraps,Kyckling Bacon,1,0~1
Västerås,Hemköp Malmaberg,Tuesday,Wraps,Kyckling Curry,2,1~2
Västerås,Hemköp Malmaberg,Tuesday,Wraps,Sweet Chili,1,1~1
Västerås,Hemköp Malmaberg,Wednesday,Fralla,Ost & Skinka,1,0~1
Västerås,Hemköp Malmaberg,Wednesday,Hönökaka,Ost,1,1~1
Västerås,Hemköp Malmaberg,Wednesday,Hönökaka,Ost & Skinka,1,0~1
Västerås,Hemköp Malmaberg,Wednesday,Pastasallad,Kyckling & Salladsost,1,0~1
Västerås,Hemköp Malmaberg,Wednesday,Pastasallad,Kyckling mangocurry,1,1~1
Västerås,Hemköp Malmaberg,Wednesday,Pastasallad,Ost & Skinka,1,0~1
Västerås,Hemköp Malmaberg,Wednesday,Pastasallad,Räkor,1,1~1
Västerås,Hemköp Malmaberg,Wednesday,Wraps,Kyckling Curry,1,0~1
Västerås,Hemköp Malmaberg,Thursday,Baguette,Kyckling Curry,1,1~2
Västerås,Hemköp Malmaberg,Thursday,Baguette,Ost & Skinka,1,1~2
Västerås,Hemköp Malmaberg,Thursday,Baguette,Salami & Brieost,1,1~2
Västerås,Hemköp Malmaberg,Thursday,Baguette,Skagen,1,1~2
Västerås,Hemköp Malmaberg,Thursday,Fralla,Ost,2,1~2
Västerås,Hemköp Malmaberg,Thursday,Fralla,Ost & Skinka,1,2~3
Västerås,Hemköp Malmaberg,Thursday,Glutenfri Frallor,Glutenfri Ost & Skinka(endast söndagsbeställning),1,0~1
Västerås,Hemköp Malmaberg,Thursday,Glutenfri Frallor,Glutenfri Ost(endast söndagsbeställning),1,0~1
Västerås,Hemköp Malmaberg,Thursday,Grönsallad,Caesarsallad,1,1~2
Västerås,Hemköp Malmaberg,Thursday,Grönsallad,Kyckling,1,1~2
Västerås,Hemköp Malmaberg,Thursday,Hönökaka,Ost,2,1~3
Västerås,Hemköp Malmaberg,Thursday,Hönökaka,Ost & Salami,2,1~2
Västerås,Hemköp Malmaberg,Thursday,Hönökaka,Ost & Skinka,2,2~4
Västerås,Hemköp Malmaberg,Thursday,Pastasallad,Bacon & Kyckling,1,1~2
Västerås,Hemköp Malmaberg,Thursday,Pastasallad,Kyckling & Salladsost,1,2~3
Västerås,Hemköp Malmaberg,Thursday,Pastasallad,Kyckling kebab,1,0~1
Västerås,Hemköp Malmaberg,Thursday,Pastasallad,Kyckling mangocurry,4,2~5
Västerås,Hemköp Malmaberg,Thursday,Pastasallad,Ost & Skinka,1,2~3
Västerås,Hemköp Malmaberg,Thursday,Pastasallad,Räkor,3,2~4
Västerås,Hemköp Malmaberg,Thursday,Sandwich,Clubsandwich,2,1~2
Västerås,Hemköp Malmaberg,Thursday,Sandwich,Kyckling Curry,1,1~2
Västerås,Hemköp Malmaberg,Thursday,Sandwich,Kyckling Pestoröra,1,0~1
Västerås,Hemköp Malmaberg,Thursday,Sandwich,Räkor,1,1~2
Västerås,Hemköp Malmaberg,Thursday,Sandwich,Ägg & Avocadokräm,1,1~2
Västerås,Hemköp Malmaberg,Thursday,Varmrätt,Cevapcici med bulgur,1,1~2
Västerås,Hemköp Malmaberg,Thursday,Varmrätt,Kycklingspett med ris,1,1~2
Västerås,Hemköp Malmaberg,Thursday,Varmrätt,Pannbiff med Basmatiris,1,0~1
Västerås,Hemköp Malmaberg,Thursday,Varmrätt,Tacobolognese med fullkornspasta,1,0~1
Västerås,Hemköp Malmaberg,Thursday,Varmrätt,Teriyakibiff med ris,1,0~1
Västerås,Hemköp Malmaberg,Thursday,Varmrätt,Teriyakikycklingfile med basmatiris,1,0~1
Västerås,Hemköp Malmaberg,Thursday,Wraps,Caesar Kyckling,1,1~2
Västerås,Hemköp Malmaberg,Thursday,Wraps,Kyckling Bacon,1,1~2
Västerås,Hemköp Malmaberg,Thursday,Wraps,Kyckling Curry,1,2~3
Västerås,Hemköp Malmaberg,Thursday,Wraps,Sweet Chili,2,1~2
Västerås,Hemköp Malmaberg,Thursday,XL Frallor,Grovfralla Kalkon & Färskost,1,1~2
Västerås,Hemköp Malmaberg,Thursday,XL Frallor,Ost,1,1~2
Västerås,Hemköp Malmaberg,Thursday,XL Frallor,Ost & Skinka,1,1~2
Västerås,ICA Ettan,Sunday,Baguette,Ost & Skinka,1,0~1
Västerås,ICA Ettan,Sunday,Baguette,Salami & Brieost,1,0~1
Västerås,ICA Ettan,Sunday,Baguette,Skagen,1,0~1
Västerås,ICA Ettan,Sunday,Fralla,Ost,2,2~3
Västerås,ICA Ettan,Sunday,Fralla,Ost & Skinka,2,2~3
Västerås,ICA Ettan,Sunday,Hönökaka,Ost,2,2~3
Västerås,ICA Ettan,Sunday,Hönökaka,Ost & Salami,1,0~1
Västerås,ICA Ettan,Sunday,Hönökaka,Ost & Skinka,2,2~3
Västerås,ICA Ettan,Sunday,Pastasallad,Kyckling & Salladsost,1,0~1
Västerås,ICA Ettan,Sunday,Pastasallad,Kyckling mangocurry,2,2~3
Västerås,ICA Ettan,Sunday,Pastasallad,Räkor,2,2~3
Västerås,ICA Ettan,Sunday,Varmrätt,Cevapcici med bulgur,1,0~1
Västerås,ICA Ettan,Sunday,Varmrätt,Kycklingspett med ris,1,0~1
Västerås,ICA Ettan,Sunday,Varmrätt,Teriyakikycklingfile med basmatiris,1,0~1
Västerås,ICA Ettan,Sunday,Wraps,Caesar Kyckling,2,2~3
Västerås,ICA Ettan,Sunday,Wraps,Kyckling Bacon,2,2~3
Västerås,ICA Ettan,Sunday,Wraps,Kyckling Curry,2,2~3
Västerås,ICA Ettan,Sunday,Wraps,Sweet Chili,1,0~1
Västerås,ICA Ettan,Monday,Fralla,Ost,1,0~1
Västerås,ICA Ettan,Monday,Fralla,Ost & Skinka,1,0~1
Västerås,ICA Ettan,Monday,Hönökaka,Ost,1,0~1
Västerås,ICA Ettan,Monday,Hönökaka,Ost & Skinka,1,0~1
Västerås,ICA Ettan,Monday,Pastasallad,Kyckling mangocurry,1,0~1
Västerås,ICA Ettan,Monday,Pastasallad,Räkor,1,0~1
Västerås,ICA Ettan,Monday,Wraps,Caesar Kyckling,1,0~1
Västerås,ICA Ettan,Monday,Wraps,Kyckling Bacon,1,0~1
Västerås,ICA Ettan,Monday,Wraps,Kyckling Curry,1,0~1
Västerås,ICA Ettan,Tuesday,Fralla,Ost,2,1~2
Västerås,ICA Ettan,Tuesday,Fralla,Ost & Skinka,2,1~2
Västerås,ICA Ettan,Tuesday,Hönökaka,Ost,2,1~2
Västerås,ICA Ettan,Tuesday,Hönökaka,Ost & Skinka,2,1~2
Västerås,ICA Ettan,Tuesday,Pastasallad,Kyckling mangocurry,2,1~2
Västerås,ICA Ettan,Tuesday,Pastasallad,Räkor,2,1~2
Västerås,ICA Ettan,Tuesday,Wraps,Caesar Kyckling,2,1~2
Västerås,ICA Ettan,Tuesday,Wraps,Kyckling Bacon,2,1~2
Västerås,ICA Ettan,Tuesday,Wraps,Kyckling Curry,2,1~2
Västerås,ICA Ettan,Wednesday,Fralla,Ost,1,0~1
Västerås,ICA Ettan,Wednesday,Fralla,Ost & Skinka,1,0~1
Västerås,ICA Ettan,Wednesday,Hönökaka,Ost,1,0~1
Västerås,ICA Ettan,Wednesday,Hönökaka,Ost & Skinka,1,0~1
Västerås,ICA Ettan,Wednesday,Pastasallad,Kyckling mangocurry,1,0~1
Västerås,ICA Ettan,Wednesday,Pastasallad,Räkor,1,0~1
Västerås,ICA Ettan,Wednesday,Wraps,Caesar Kyckling,1,0~1
Västerås,ICA Ettan,Wednesday,Wraps,Kyckling Bacon,1,0~1
Västerås,ICA Ettan,Wednesday,Wraps,Kyckling Curry,1,0~1
Västerås,ICA Ettan,Thursday,Baguette,Kyckling Curry,1,0~1
Västerås,ICA Ettan,Thursday,Baguette,Ost & Skinka,1,1~2
Västerås,ICA Ettan,Thursday,Baguette,Salami & Brieost,1,1~2
Västerås,ICA Ettan,Thursday,Baguette,Skagen,1,1~2
Västerås,ICA Ettan,Thursday,Fralla,Ost,1,2~3
Västerås,ICA Ettan,Thursday,Fralla,Ost & Skinka,1,2~3
Västerås,ICA Ettan,Thursday,Grönsallad,Caesarsallad,1,0~1
Västerås,ICA Ettan,Thursday,Grönsallad,Kyckling,1,0~1
Västerås,ICA Ettan,Thursday,Hönökaka,Ost,1,2~3
Västerås,ICA Ettan,Thursday,Hönökaka,Ost & Salami,1,1~2
Västerås,ICA Ettan,Thursday,Hönökaka,Ost & Skinka,1,2~3
Västerås,ICA Ettan,Thursday,Pastasallad,Kyckling & Salladsost,1,1~2
Västerås,ICA Ettan,Thursday,Pastasallad,Kyckling kebab,1,0~1
Västerås,ICA Ettan,Thursday,Pastasallad,Kyckling mangocurry,1,2~3
Västerås,ICA Ettan,Thursday,Pastasallad,Räkor,1,2~3
Västerås,ICA Ettan,Thursday,Sandwich,Clubsandwich,1,0~1
Västerås,ICA Ettan,Thursday,Sandwich,Kyckling Curry,1,0~1
Västerås,ICA Ettan,Thursday,Sandwich,Kyckling Pestoröra,1,0~1
Västerås,ICA Ettan,Thursday,Sandwich,Räkor,1,0~1
Västerås,ICA Ettan,Thursday,Sandwich,Ägg & Avocadokräm,1,0~1
Västerås,ICA Ettan,Thursday,Varmrätt,Cevapcici med bulgur,1,1~2
Västerås,ICA Ettan,Thursday,Varmrätt,Kycklingspett med ris,1,1~2
Västerås,ICA Ettan,Thursday,Varmrätt,Teriyakikycklingfile med basmatiris,1,1~2
Västerås,ICA Ettan,Thursday,Wraps,Caesar Kyckling,1,2~3
Västerås,ICA Ettan,Thursday,Wraps,Kyckling Bacon,1,2~3
Västerås,ICA Ettan,Thursday,Wraps,Kyckling Curry,1,2~3
Västerås,ICA Ettan,Thursday,Wraps,Sweet Chili,1,1~2
Västerås,ICA Ettan,Thursday,XL Frallor,Grovfralla Kalkon & Färskost,1,0~1
Västerås,ICA Ettan,Thursday,XL Frallor,Ost,1,0~1
Västerås,ICA Ettan,Thursday,XL Frallor,Ost & Skinka,1,0~1
Västerås,ICA Grytan,Sunday,Fralla,Ost,2,2~3
Västerås,ICA Grytan,Sunday,Fralla,Ost & Skinka,5,4~6
Västerås,ICA Grytan,Sunday,Pastasallad,Bacon & Kyckling,1,1~2
Västerås,ICA Grytan,Sunday,Pastasallad,Kyckling & Salladsost,3,3~4
Västerås,ICA Grytan,Sunday,Pastasallad,Kyckling kebab,1,1~2
Västerås,ICA Grytan,Sunday,Pastasallad,Kyckling mangocurry,4,3~4
Västerås,ICA Grytan,Sunday,Pastasallad,Ost & Skinka,1,0~1
Västerås,ICA Grytan,Sunday,Pastasallad,Räkor,3,2~4
Västerås,ICA Grytan,Monday,Fralla,Ost,1,1~1
Västerås,ICA Grytan,Monday,Fralla,Ost & Skinka,2,1~2
Västerås,ICA Grytan,Monday,Pastasallad,Kyckling & Salladsost,1,1~1
Västerås,ICA Grytan,Monday,Pastasallad,Kyckling mangocurry,1,1~2
Västerås,ICA Grytan,Monday,Pastasallad,Räkor,1,1~1
Västerås,ICA Grytan,Tuesday,Fralla,Ost,2,1~2
Västerås,ICA Grytan,Tuesday,Fralla,Ost & Skinka,4,3~4
Västerås,ICA Grytan,Tuesday,Pastasallad,Bacon & Kyckling,1,1~1
Västerås,ICA Grytan,Tuesday,Pastasallad,Kyckling & Salladsost,2,2~3
Västerås,ICA Grytan,Tuesday,Pastasallad,Kyckling kebab,1,1~1
Västerås,ICA Grytan,Tuesday,Pastasallad,Kyckling mangocurry,3,2~3
Västerås,ICA Grytan,Tuesday,Pastasallad,Räkor,2,2~3
Västerås,ICA Grytan,Wednesday,Fralla,Ost,1,0~1
Västerås,ICA Grytan,Wednesday,Fralla,Ost & Skinka,1,1~2
Västerås,ICA Grytan,Wednesday,Pastasallad,Kyckling & Salladsost,1,1~1
Västerås,ICA Grytan,Wednesday,Pastasallad,Kyckling mangocurry,1,1~1
Västerås,ICA Grytan,Wednesday,Pastasallad,Räkor,1,1~1
Västerås,ICA Grytan,Thursday,Fralla,Ost,2,2~4
Västerås,ICA Grytan,Thursday,Fralla,Ost & Skinka,4,4~6
Västerås,ICA Grytan,Thursday,Pastasallad,Bacon & Kyckling,2,1~2
Västerås,ICA Grytan,Thursday,Pastasallad,Falafel,1,0~1
Västerås,ICA Grytan,Thursday,Pastasallad,Kyckling & Salladsost,4,2~5
Västerås,ICA Grytan,Thursday,Pastasallad,Kyckling kebab,2,1~2
Västerås,ICA Grytan,Thursday,Pastasallad,Kyckling mangocurry,3,3~5
Västerås,ICA Grytan,Thursday,Pastasallad,Ost & Skinka,1,1~2
Västerås,ICA Grytan,Thursday,Pastasallad,Räkor,2,1~3
Västerås,ICA Hökåsen,Sunday,Baguette,Ost & Skinka,1,0~1
Västerås,ICA Hökåsen,Sunday,Baguette,Salami & Brieost,1,0~1
Västerås,ICA Hökåsen,Sunday,Baguette,Skagen,1,0~1
Västerås,ICA Hökåsen,Sunday,Pastasallad,Kyckling & Salladsost,2,2~3
Västerås,ICA Hökåsen,Sunday,Pastasallad,Kyckling mangocurry,3,2~4
Västerås,ICA Hökåsen,Sunday,Pastasallad,Räkor,2,2~3
Västerås,ICA Hökåsen,Sunday,Sandwich,Clubsandwich,1,0~1
Västerås,ICA Hökåsen,Sunday,Sandwich,Räkor,1,0~1
Västerås,ICA Hökåsen,Sunday,Wraps,Caesar Kyckling,1,0~1
Västerås,ICA Hökåsen,Sunday,Wraps,Kyckling Bacon,1,1~2
Västerås,ICA Hökåsen,Sunday,Wraps,Kyckling Curry,1,1~2
Västerås,ICA Hökåsen,Sunday,Wraps,Sweet Chili,1,0~1
Västerås,ICA Hökåsen,Monday,Pastasallad,Kyckling & Salladsost,1,1~1
Västerås,ICA Hökåsen,Monday,Pastasallad,Kyckling mangocurry,1,1~1
Västerås,ICA Hökåsen,Monday,Pastasallad,Räkor,1,0~1
Västerås,ICA Hökåsen,Tuesday,Pastasallad,Kyckling & Salladsost,2,1~2
Västerås,ICA Hökåsen,Tuesday,Pastasallad,Kyckling mangocurry,2,2~3
Västerås,ICA Hökåsen,Tuesday,Pastasallad,Räkor,2,1~2
Västerås,ICA Hökåsen,Tuesday,Wraps,Kyckling Bacon,1,0~1
Västerås,ICA Hökåsen,Tuesday,Wraps,Kyckling Curry,1,0~1
Västerås,ICA Hökåsen,Wednesday,Pastasallad,Kyckling & Salladsost,1,0~1
Västerås,ICA Hökåsen,Wednesday,Pastasallad,Kyckling mangocurry,1,1~1
Västerås,ICA Hökåsen,Wednesday,Pastasallad,Räkor,1,0~1
Västerås,ICA Hökåsen,Thursday,Baguette,Ost & Skinka,1,1~2
Västerås,ICA Hökåsen,Thursday,Baguette,Salami & Brieost,1,1~2
Västerås,ICA Hökåsen,Thursday,Baguette,Skagen,1,1~2
Västerås,ICA Hökåsen,Thursday,Grönsallad,Caesarsallad,1,0~1
Västerås,ICA Hökåsen,Thursday,Grönsallad,Kyckling,1,0~1
Västerås,ICA Hökåsen,Thursday,Pastasallad,Bacon & Kyckling,1,0~1
Västerås,ICA Hökåsen,Thursday,Pastasallad,Kyckling & Salladsost,2,2~4
Västerås,ICA Hökåsen,Thursday,Pastasallad,Kyckling mangocurry,3,2~4
Västerås,ICA Hökåsen,Thursday,Pastasallad,Räkor,1,2~3
Västerås,ICA Hökåsen,Thursday,Sandwich,Clubsandwich,1,1~2
Västerås,ICA Hökåsen,Thursday,Sandwich,Kyckling Curry,1,0~1
Västerås,ICA Hökåsen,Thursday,Sandwich,Räkor,1,1~2
Västerås,ICA Hökåsen,Thursday,Wraps,Caesar Kyckling,1,1~2
Västerås,ICA Hökåsen,Thursday,Wraps,Kyckling Bacon,1,1~2
Västerås,ICA Hökåsen,Thursday,Wraps,Kyckling Curry,1,1~2
Västerås,ICA Hökåsen,Thursday,Wraps,Sweet Chili,1,1~2
Västerås,ICA Råby,Sunday,Baguette,Kyckling Curry,1,0~1
Västerås,ICA Råby,Sunday,Baguette,Salami & Brieost,1,0~1
Västerås,ICA Råby,Sunday,Fralla,Ost,1,1~2
Västerås,ICA Råby,Sunday,Fralla,Ost & Skinka,1,1~2
Västerås,ICA Råby,Sunday,Hönökaka,Ost,1,1~2
Västerås,ICA Råby,Sunday,Hönökaka,Ost & Salami,1,1~2
Västerås,ICA Råby,Sunday,Hönökaka,Ost & Skinka,1,0~1
Västerås,ICA Råby,Sunday,Pastasallad,Kyckling & Salladsost,1,1~2
Västerås,ICA Råby,Sunday,Pastasallad,Kyckling mangocurry,1,1~2
Västerås,ICA Råby,Sunday,Pastasallad,Räkor,1,1~2
Västerås,ICA Råby,Sunday,Sandwich,Clubsandwich,1,0~1
Västerås,ICA Råby,Sunday,Sandwich,Kyckling Curry,1,0~1
Västerås,ICA Råby,Sunday,Sandwich,Kyckling Pestoröra,1,0~1
Västerås,ICA Råby,Sunday,Sandwich,Räkor,1,0~1
Västerås,ICA Råby,Sunday,Wraps,Kyckling Bacon,1,0~1
Västerås,ICA Råby,Sunday,Wraps,Kyckling Curry,1,0~1
Västerås,ICA Råby,Sunday,Wraps,Sweet Chili,1,0~1
Västerås,ICA Råby,Sunday,XL Frallor,Grovfralla Kalkon & Färskost,1,0~1
Västerås,ICA Råby,Tuesday,Fralla,Ost,1,1~1
Västerås,ICA Råby,Tuesday,Fralla,Ost & Skinka,1,0~1
Västerås,ICA Råby,Tuesday,Hönökaka,Ost,1,1~1
Västerås,ICA Råby,Tuesday,Hönökaka,Ost & Salami,1,1~1
Västerås,ICA Råby,Tuesday,Pastasallad,Kyckling & Salladsost,1,0~1
Västerås,ICA Råby,Tuesday,Pastasallad,Kyckling mangocurry,1,1~1
Västerås,ICA Råby,Tuesday,Pastasallad,Räkor,1,0~1
Västerås,ICA Råby,Thursday,Baguette,Kyckling Curry,1,1~2
Västerås,ICA Råby,Thursday,Baguette,Salami & Brieost,1,1~2
Västerås,ICA Råby,Thursday,Baguette,Skagen,1,0~1
Västerås,ICA Råby,Thursday,Fralla,Ost,2,1~2
Västerås,ICA Råby,Thursday,Fralla,Ost & Skinka,1,1~2
Västerås,ICA Råby,Thursday,Grönsallad,Caesarsallad,1,0~1
Västerås,ICA Råby,Thursday,Grönsallad,Kyckling,1,0~1
Västerås,ICA Råby,Thursday,Hönökaka,Ost,2,1~2
Västerås,ICA Råby,Thursday,Hönökaka,Ost & Salami,2,1~2
Västerås,ICA Råby,Thursday,Hönökaka,Ost & Skinka,1,1~2
Västerås,ICA Råby,Thursday,Pastasallad,Kyckling & Salladsost,1,1~2
Västerås,ICA Råby,Thursday,Pastasallad,Kyckling kebab,1,0~1
Västerås,ICA Råby,Thursday,Pastasallad,Kyckling mangocurry,2,1~2
Västerås,ICA Råby,Thursday,Pastasallad,Ost & Skinka,1,0~1
Västerås,ICA Råby,Thursday,Pastasallad,Räkor,1,1~2
Västerås,ICA Råby,Thursday,Sandwich,Clubsandwich,1,1~2
Västerås,ICA Råby,Thursday,Sandwich,Kyckling Curry,1,1~2
Västerås,ICA Råby,Thursday,Sandwich,Kyckling Pestoröra,1,1~2
Västerås,ICA Råby,Thursday,Sandwich,Räkor,1,1~2
Västerås,ICA Råby,Thursday,Varmrätt,Cevapcici med bulgur,1,0~1
Västerås,ICA Råby,Thursday,Varmrätt,Kycklingspett med ris,1,0~1
Västerås,ICA Råby,Thursday,Varmrätt,Pannbiff med Basmatiris,1,0~1
Västerås,ICA Råby,Thursday,Varmrätt,Teriyakibiff med ris,1,0~1
Västerås,ICA Råby,Thursday,Wraps,Caesar Kyckling,1,0~1
Västerås,ICA Råby,Thursday,Wraps,Kyckling Bacon,1,1~2
Västerås,ICA Råby,Thursday,Wraps,Kyckling Curry,1,1~2
Västerås,ICA Råby,Thursday,Wraps,Sweet Chili,1,1~2
Västerås,ICA Råby,Thursday,XL Frallor,Grovfralla Kalkon & Färskost,1,1~2
Västerås,ICA Råby,Thursday,XL Frallor,Ost,1,0~1
Västerås,ICA Råby,Thursday,XL Frallor,Ost & Skinka,1,0~1
Västerås,ICA SKiljebo,Sunday,Baguette,Kyckling Curry,1,0~1
Västerås,ICA SKiljebo,Sunday,Fralla,Ost,1,1~2
Västerås,ICA SKiljebo,Sunday,Fralla,Ost & Skinka,1,1~2
Västerås,ICA SKiljebo,Sunday,Grönsallad,Caesarsallad,1,0~1
Västerås,ICA SKiljebo,Sunday,Grönsallad,Kyckling,1,0~1
Västerås,ICA SKiljebo,Sunday,Hönökaka,Ost,1,0~1
Västerås,ICA SKiljebo,Sunday,Hönökaka,Ost & Salami,1,0~1
Västerås,ICA SKiljebo,Sunday,Hönökaka,Ost & Skinka,1,0~1
Västerås,ICA SKiljebo,Sunday,Pastasallad,Kyckling & Salladsost,2,2~3
Västerås,ICA SKiljebo,Sunday,Pastasallad,Kyckling mangocurry,2,2~3
Västerås,ICA SKiljebo,Sunday,Pastasallad,Ost & Skinka,1,1~2
Västerås,ICA SKiljebo,Sunday,Pastasallad,Räkor,1,1~2
Västerås,ICA SKiljebo,Sunday,Sandwich,Clubsandwich,1,0~1
Västerås,ICA SKiljebo,Sunday,Sandwich,Kyckling Curry,1,1~2
Västerås,ICA SKiljebo,Sunday,Sandwich,Räkor,1,0~1
Västerås,ICA SKiljebo,Sunday,Wraps,Kyckling Bacon,1,0~1
Västerås,ICA SKiljebo,Sunday,Wraps,Kyckling Curry,1,0~1
Västerås,ICA SKiljebo,Sunday,XL Frallor,Grovfralla Kalkon & Färskost,1,0~1
Västerås,ICA SKiljebo,Sunday,XL Frallor,Ost & Skinka,1,0~1
Västerås,ICA SKiljebo,Monday,Pastasallad,Kyckling & Salladsost,1,0~1
Västerås,ICA SKiljebo,Monday,Pastasallad,Kyckling mangocurry,1,0~1
Västerås,ICA SKiljebo,Tuesday,Fralla,Ost,1,1~1
Västerås,ICA SKiljebo,Tuesday,Fralla,Ost & Skinka,1,1~1
Västerås,ICA SKiljebo,Tuesday,Pastasallad,Kyckling & Salladsost,2,1~2
Västerås,ICA SKiljebo,Tuesday,Pastasallad,Kyckling mangocurry,2,1~2
Västerås,ICA SKiljebo,Tuesday,Pastasallad,Ost & Skinka,1,0~1
Västerås,ICA SKiljebo,Tuesday,Pastasallad,Räkor,1,1~1
Västerås,ICA SKiljebo,Tuesday,Sandwich,Kyckling Curry,1,0~1
Västerås,ICA SKiljebo,Wednesday,Pastasallad,Kyckling & Salladsost,1,0~1
Västerås,ICA SKiljebo,Wednesday,Pastasallad,Kyckling mangocurry,1,0~1
Västerås,ICA SKiljebo,Thursday,Baguette,Kyckling Curry,1,1~2
Västerås,ICA SKiljebo,Thursday,Baguette,Ost & Skinka,1,0~1
Västerås,ICA SKiljebo,Thursday,Baguette,Salami & Brieost,1,0~1
Västerås,ICA SKiljebo,Thursday,Baguette,Skagen,1,0~1
Västerås,ICA SKiljebo,Thursday,Fralla,Ost,2,1~2
Västerås,ICA SKiljebo,Thursday,Fralla,Ost & Skinka,2,1~2
Västerås,ICA SKiljebo,Thursday,Glutenfri Frallor,Glutenfri Ost & Skinka(endast söndagsbeställning),1,0~1
Västerås,ICA SKiljebo,Thursday,Glutenfri Frallor,Glutenfri Ost(endast söndagsbeställning),1,0~1
Västerås,ICA SKiljebo,Thursday,Grönsallad,Caesarsallad,1,1~2
Västerås,ICA SKiljebo,Thursday,Grönsallad,Kyckling,1,1~2
Västerås,ICA SKiljebo,Thursday,Hönökaka,Ost,1,1~2
Västerås,ICA SKiljebo,Thursday,Hönökaka,Ost & Salami,1,1~2
Västerås,ICA SKiljebo,Thursday,Hönökaka,Ost & Skinka,1,1~2
Västerås,ICA SKiljebo,Thursday,Pastasallad,Kyckling & Salladsost,1,2~3
Västerås,ICA SKiljebo,Thursday,Pastasallad,Kyckling mangocurry,1,2~3
Västerås,ICA SKiljebo,Thursday,Pastasallad,Ost & Skinka,1,1~2
Västerås,ICA SKiljebo,Thursday,Pastasallad,Räkor,2,1~2
Västerås,ICA SKiljebo,Thursday,Sandwich,Clubsandwich,1,1~2
Västerås,ICA SKiljebo,Thursday,Sandwich,Kyckling Curry,1,1~2
Västerås,ICA SKiljebo,Thursday,Sandwich,Kyckling Pestoröra,1,0~1
Västerås,ICA SKiljebo,Thursday,Sandwich,Räkor,1,1~2
Västerås,ICA SKiljebo,Thursday,Wraps,Kyckling Bacon,1,1~2
Västerås,ICA SKiljebo,Thursday,Wraps,Kyckling Curry,1,1~2
Västerås,ICA SKiljebo,Thursday,Wraps,Sweet Chili,1,0~1
Västerås,ICA SKiljebo,Thursday,XL Frallor,Grovfralla Kalkon & Färskost,1,1~2
Västerås,ICA SKiljebo,Thursday,XL Frallor,Ost & Skinka,1,1~2
Västerås,ICA Sjöhagen,Sunday,Varmrätt,Kycklingspett med ris,1,0~1
Västerås,ICA Sjöhagen,Sunday,Varmrätt,Teriyakikycklingfile med basmatiris,3,2~4
Västerås,ICA Sjöhagen,Monday,Varmrätt,Teriyakikycklingfile med basmatiris,1,1~1
Västerås,ICA Sjöhagen,Tuesday,Varmrätt,Teriyakikycklingfile med basmatiris,2,2~3
Västerås,ICA Sjöhagen,Wednesday,Varmrätt,Teriyakikycklingfile med basmatiris,1,1~1
Västerås,ICA Sjöhagen,Thursday,Varmrätt,Cevapcici med bulgur,1,0~1
Västerås,ICA Sjöhagen,Thursday,Varmrätt,Kycklingspett med ris,1,1~2
Västerås,ICA Sjöhagen,Thursday,Varmrätt,Teriyakikycklingfile med basmatiris,2,1~3
Västerås,ICA Viksäng,Sunday,Baguette,Kyckling Curry,1,0~1
Västerås,ICA Viksäng,Sunday,Baguette,Skagen,1,0~1
Västerås,ICA Viksäng,Sunday,Fralla,Ost,1,1~2
Västerås,ICA Viksäng,Sunday,Fralla,Ost & Skinka,1,1~2
Västerås,ICA Viksäng,Sunday,Grönsallad,Caesarsallad,1,0~1
Västerås,ICA Viksäng,Sunday,Grönsallad,Kyckling,1,0~1
Västerås,ICA Viksäng,Sunday,Hönökaka,Ost & Salami,1,0~1
Västerås,ICA Viksäng,Sunday,Hönökaka,Ost & Skinka,1,0~1
Västerås,ICA Viksäng,Sunday,Pastasallad,Bacon & Kyckling,1,0~1
Västerås,ICA Viksäng,Sunday,Pastasallad,Kyckling & Salladsost,2,2~3
Västerås,ICA Viksäng,Sunday,Pastasallad,Kyckling mangocurry,2,2~2
Västerås,ICA Viksäng,Sunday,Pastasallad,Ost & Skinka,1,1~2
Västerås,ICA Viksäng,Sunday,Pastasallad,Räkor,1,1~2
Västerås,ICA Viksäng,Sunday,Sandwich,Clubsandwich,1,0~1
Västerås,ICA Viksäng,Sunday,Sandwich,Kyckling Curry,1,0~1
Västerås,ICA Viksäng,Sunday,Sandwich,Räkor,1,1~2
Västerås,ICA Viksäng,Sunday,Wraps,Caesar Kyckling,1,1~2
Västerås,ICA Viksäng,Sunday,Wraps,Kyckling Bacon,1,0~1
Västerås,ICA Viksäng,Sunday,Wraps,Kyckling Curry,1,1~2
Västerås,ICA Viksäng,Sunday,Wraps,Sweet Chili,1,1~2
Västerås,ICA Viksäng,Sunday,XL Frallor,Ost,1,0~1
Västerås,ICA Viksäng,Sunday,XL Frallor,Ost & Skinka,1,0~1
Västerås,ICA Viksäng,Monday,Pastasallad,Kyckling & Salladsost,1,0~1
Västerås,ICA Viksäng,Monday,Pastasallad,Kyckling mangocurry,1,0~1
Västerås,ICA Viksäng,Tuesday,Fralla,Ost,1,0~1
Västerås,ICA Viksäng,Tuesday,Fralla,Ost & Skinka,1,1~1
Västerås,ICA Viksäng,Tuesday,Pastasallad,Kyckling & Salladsost,2,1~2
Västerås,ICA Viksäng,Tuesday,Pastasallad,Kyckling mangocurry,1,1~2
Västerås,ICA Viksäng,Tuesday,Pastasallad,Ost & Skinka,1,0~1
Västerås,ICA Viksäng,Tuesday,Pastasallad,Räkor,1,1~1
Västerås,ICA Viksäng,Tuesday,Sandwich,Räkor,1,0~1
Västerås,ICA Viksäng,Tuesday,Wraps,Caesar Kyckling,1,0~1
Västerås,ICA Viksäng,Tuesday,Wraps,Kyckling Curry,1,0~1
Västerås,ICA Viksäng,Tuesday,Wraps,Sweet Chili,1,0~1
Västerås,ICA Viksäng,Wednesday,Pastasallad,Kyckling & Salladsost,1,0~1
Västerås,ICA Viksäng,Thursday,Baguette,Kyckling Curry,1,1~2
Västerås,ICA Viksäng,Thursday,Baguette,Kyckling Sweet Chili,1,0~1
Västerås,ICA Viksäng,Thursday,Baguette,Ost & Skinka,1,0~1
Västerås,ICA Viksäng,Thursday,Baguette,Salami & Brieost,1,0~1
Västerås,ICA Viksäng,Thursday,Baguette,Skagen,1,1~2
Västerås,ICA Viksäng,Thursday,Fralla,Ost,1,1~2
Västerås,ICA Viksäng,Thursday,Fralla,Ost & Skinka,2,1~2
Västerås,ICA Viksäng,Thursday,Grönsallad,Caesarsallad,1,1~2
Västerås,ICA Viksäng,Thursday,Grönsallad,Kyckling,1,1~2
Västerås,ICA Viksäng,Thursday,Hönökaka,Ost,1,0~1
Västerås,ICA Viksäng,Thursday,Hönökaka,Ost & Salami,1,1~2
Västerås,ICA Viksäng,Thursday,Hönökaka,Ost & Skinka,1,1~2
Västerås,ICA Viksäng,Thursday,Pastasallad,Bacon & Kyckling,1,1~2
Västerås,ICA Viksäng,Thursday,Pastasallad,Kyckling & Salladsost,1,2~3
Västerås,ICA Viksäng,Thursday,Pastasallad,Kyckling kebab,1,0~1
Västerås,ICA Viksäng,Thursday,Pastasallad,Kyckling mangocurry,2,2~2
Västerås,ICA Viksäng,Thursday,Pastasallad,Ost & Skinka,1,1~2
Västerås,ICA Viksäng,Thursday,Pastasallad,Räkor,2,1~2
Västerås,ICA Viksäng,Thursday,Sandwich,Bacon & Äggröra,1,0~1
Västerås,ICA Viksäng,Thursday,Sandwich,Clubsandwich,1,1~2
Västerås,ICA Viksäng,Thursday,Sandwich,Kyckling Curry,1,1~2
Västerås,ICA Viksäng,Thursday,Sandwich,Kyckling Pestoröra,1,0~1
Västerås,ICA Viksäng,Thursday,Sandwich,Räkor,1,1~2
Västerås,ICA Viksäng,Thursday,Varmrätt,Cevapcici med bulgur,1,0~1
Västerås,ICA Viksäng,Thursday,Varmrätt,Pannbiff med Basmatiris,1,0~1
Västerås,ICA Viksäng,Thursday,Wraps,Caesar Kyckling,1,1~2
Västerås,ICA Viksäng,Thursday,Wraps,Kyckling Bacon,1,1~2
Västerås,ICA Viksäng,Thursday,Wraps,Kyckling Curry,1,1~2
Västerås,ICA Viksäng,Thursday,Wraps,Sweet Chili,1,1~2
Västerås,ICA Viksäng,Thursday,XL Frallor,Grovfralla Kalkon & Färskost,1,0~1
Västerås,ICA Viksäng,Thursday,XL Frallor,Ost,1,1~2
Västerås,ICA Viksäng,Thursday,XL Frallor,Ost & Skinka,1,1~2
Västerås,ICA Väst,Sunday,Baguette,Kyckling Curry,1,1~2
Västerås,ICA Väst,Sunday,Baguette,Kyckling Sweet Chili,1,1~2
Västerås,ICA Väst,Sunday,Baguette,Salami & Brieost,3,2~4
Västerås,ICA Väst,Sunday,Baguette,Skagen,2,2~3
Västerås,ICA Väst,Sunday,Fralla,Ost,1,1~2
Västerås,ICA Väst,Sunday,Fralla,Ost & Skinka,1,1~2
Västerås,ICA Väst,Sunday,Grönsallad,Caesarsallad,1,1~2
Västerås,ICA Väst,Sunday,Grönsallad,Kyckling,1,0~1
Västerås,ICA Väst,Sunday,Hönökaka,Ost,2,2~3
Västerås,ICA Väst,Sunday,Hönökaka,Ost & Salami,1,1~2
Västerås,ICA Väst,Sunday,Hönökaka,Ost & Skinka,1,1~2
Västerås,ICA Väst,Sunday,Pastasallad,Falafel,1,0~1
Västerås,ICA Väst,Sunday,Pastasallad,Kyckling & Salladsost,4,4~6
Västerås,ICA Väst,Sunday,Pastasallad,Kyckling kebab,2,2~3
Västerås,ICA Väst,Sunday,Pastasallad,Kyckling mangocurry,4,4~6
Västerås,ICA Väst,Sunday,Pastasallad,Ost & Skinka,3,3~4
Västerås,ICA Väst,Sunday,Pastasallad,Räkor,3,3~4
Västerås,ICA Väst,Sunday,Sandwich,Clubsandwich,1,0~1
Västerås,ICA Väst,Sunday,Sandwich,Kyckling Curry,1,0~1
Västerås,ICA Väst,Sunday,Sandwich,Räkor,1,0~1
Västerås,ICA Väst,Sunday,Wraps,Caesar Kyckling,3,2~4
Västerås,ICA Väst,Sunday,Wraps,Kyckling Bacon,3,2~4
Västerås,ICA Väst,Sunday,Wraps,Kyckling Curry,3,2~4
Västerås,ICA Väst,Sunday,Wraps,Sweet Chili,3,2~4
Västerås,ICA Väst,Sunday,XL Frallor,Ost,1,0~1
Västerås,ICA Väst,Monday,Baguette,Salami & Brieost,1,1~1
Västerås,ICA Väst,Monday,Baguette,Skagen,1,1~1
Västerås,ICA Väst,Monday,Hönökaka,Ost,1,1~1
Västerås,ICA Väst,Monday,Pastasallad,Kyckling & Salladsost,2,1~2
Västerås,ICA Väst,Monday,Pastasallad,Kyckling kebab,1,0~1
Västerås,ICA Väst,Monday,Pastasallad,Kyckling mangocurry,2,1~2
Västerås,ICA Väst,Monday,Pastasallad,Ost & Skinka,1,1~1
Västerås,ICA Väst,Monday,Pastasallad,Räkor,1,1~1
Västerås,ICA Väst,Monday,Wraps,Caesar Kyckling,1,1~1
Västerås,ICA Väst,Monday,Wraps,Kyckling Bacon,1,1~1
Västerås,ICA Väst,Monday,Wraps,Kyckling Curry,1,1~1
Västerås,ICA Väst,Monday,Wraps,Sweet Chili,1,1~1
Västerås,ICA Väst,Tuesday,Baguette,Kyckling Curry,1,1~1
Västerås,ICA Väst,Tuesday,Baguette,Kyckling Sweet Chili,1,1~1
Västerås,ICA Väst,Tuesday,Baguette,Salami & Brieost,2,2~3
Västerås,ICA Väst,Tuesday,Baguette,Skagen,2,1~2
Västerås,ICA Väst,Tuesday,Fralla,Ost,1,0~1
Västerås,ICA Väst,Tuesday,Fralla,Ost & Skinka,1,0~1
Västerås,ICA Väst,Tuesday,Grönsallad,Caesarsallad,1,0~1
Västerås,ICA Väst,Tuesday,Hönökaka,Ost,2,1~2
Västerås,ICA Väst,Tuesday,Hönökaka,Ost & Salami,1,0~1
Västerås,ICA Väst,Tuesday,Hönökaka,Ost & Skinka,1,1~1
Västerås,ICA Väst,Tuesday,Pastasallad,Kyckling & Salladsost,3,3~4
Västerås,ICA Väst,Tuesday,Pastasallad,Kyckling kebab,2,1~2
Västerås,ICA Väst,Tuesday,Pastasallad,Kyckling mangocurry,3,3~4
Västerås,ICA Väst,Tuesday,Pastasallad,Ost & Skinka,2,2~3
Västerås,ICA Väst,Tuesday,Pastasallad,Räkor,2,2~3
Västerås,ICA Väst,Tuesday,Wraps,Caesar Kyckling,2,2~3
Västerås,ICA Väst,Tuesday,Wraps,Kyckling Bacon,2,2~3
Västerås,ICA Väst,Tuesday,Wraps,Kyckling Curry,2,2~3
Västerås,ICA Väst,Tuesday,Wraps,Sweet Chili,2,2~3
Västerås,ICA Väst,Wednesday,Baguette,Salami & Brieost,1,1~1
Västerås,ICA Väst,Wednesday,Baguette,Skagen,1,0~1
Västerås,ICA Väst,Wednesday,Hönökaka,Ost,1,0~1
Västerås,ICA Väst,Wednesday,Pastasallad,Kyckling & Salladsost,1,1~2
Västerås,ICA Väst,Wednesday,Pastasallad,Kyckling kebab,1,0~1
Västerås,ICA Väst,Wednesday,Pastasallad,Kyckling mangocurry,1,1~2
Västerås,ICA Väst,Wednesday,Pastasallad,Ost & Skinka,1,1~1
Västerås,ICA Väst,Wednesday,Pastasallad,Räkor,1,1~1
Västerås,ICA Väst,Wednesday,Wraps,Caesar Kyckling,1,1~1
Västerås,ICA Väst,Wednesday,Wraps,Kyckling Bacon,1,1~1
Västerås,ICA Väst,Wednesday,Wraps,Kyckling Curry,1,1~1
Västerås,ICA Väst,Wednesday,Wraps,Sweet Chili,1,1~1
Västerås,ICA Väst,Thursday,Baguette,Kyckling Curry,2,1~2
Västerås,ICA Väst,Thursday,Baguette,Kyckling Sweet Chili,2,1~2
Västerås,ICA Väst,Thursday,Baguette,Kycklingsallad Olivie,1,0~1
Västerås,ICA Väst,Thursday,Baguette,Salami & Brieost,2,1~3
Västerås,ICA Väst,Thursday,Baguette,Skagen,2,2~4
Västerås,ICA Väst,Thursday,Fralla,Ost,1,1~2
Västerås,ICA Väst,Thursday,Fralla,Ost & Skinka,1,1~2
Västerås,ICA Väst,Thursday,Grönsallad,Caesarsallad,1,1~2
Västerås,ICA Väst,Thursday,Grönsallad,Kyckling,1,1~2
Västerås,ICA Väst,Thursday,Hönökaka,Ost,2,2~4
Västerås,ICA Väst,Thursday,Hönökaka,Ost & Salami,1,1~2
Västerås,ICA Väst,Thursday,Hönökaka,Ost & Skinka,2,1~2
Västerås,ICA Väst,Thursday,Pastasallad,Falafel,1,1~2
Västerås,ICA Väst,Thursday,Pastasallad,Kyckling & Salladsost,5,3~5
Västerås,ICA Väst,Thursday,Pastasallad,Kyckling kebab,1,2~3
Västerås,ICA Väst,Thursday,Pastasallad,Kyckling mangocurry,5,3~5
Västerås,ICA Väst,Thursday,Pastasallad,Ost & Skinka,4,2~5
Västerås,ICA Väst,Thursday,Pastasallad,Räkor,4,2~5
Västerås,ICA Väst,Thursday,Sandwich,Bacon & Äggröra,1,0~1
Västerås,ICA Väst,Thursday,Sandwich,Clubsandwich,1,1~2
Västerås,ICA Väst,Thursday,Sandwich,Kyckling Curry,1,1~2
Västerås,ICA Väst,Thursday,Sandwich,Kyckling Pestoröra,1,0~1
Västerås,ICA Väst,Thursday,Sandwich,Räkor,1,1~2
Västerås,ICA Väst,Thursday,Sandwich,Ägg & Avocadokräm,1,0~1
Västerås,ICA Väst,Thursday,Varmrätt,Cevapcici med bulgur,1,0~1
Västerås,ICA Väst,Thursday,Varmrätt,Kyckling-och böngryta,1,0~1
Västerås,ICA Väst,Thursday,Varmrätt,Kycklingspett med ris,1,0~1
Västerås,ICA Väst,Thursday,Varmrätt,Pannbiff med Basmatiris,1,0~1
Västerås,ICA Väst,Thursday,Wraps,Caesar Kyckling,2,1~3
Västerås,ICA Väst,Thursday,Wraps,Kyckling Bacon,3,2~4
Västerås,ICA Väst,Thursday,Wraps,Kyckling Curry,2,1~3
Västerås,ICA Väst,Thursday,Wraps,Sweet Chili,2,1~3
Västerås,ICA Väst,Thursday,XL Frallor,Grovfralla Kalkon & Färskost,1,0~1
Västerås,ICA Väst,Thursday,XL Frallor,Ost,1,1~2
Västerås,ICA Väst,Thursday,XL Frallor,Ost & Skinka,1,0~1
Västerås,Spel o kiosk city,Sunday,Fralla,Ost & Skinka,1,0~1
Västerås,Spel o kiosk city,Thursday,Baguette,Salami & Brieost,1,0~1
Västerås,Spel o kiosk city,Thursday,Baguette,Skagen,1,0~1
Västerås,Spel o kiosk city,Thursday,Fralla,Ost,1,0~1
Västerås,Spel o kiosk city,Thursday,Fralla,Ost & Skinka,1,1~2
Västerås,Spel o kiosk city,Thursday,Hönökaka,Ost,1,0~1
Västerås,Spel o kiosk city,Thursday,Hönökaka,Ost & Salami,1,0~1
Västerås,Spel o kiosk city,Thursday,Hönökaka,Ost & Skinka,1,0~1
Västerås,Spel o kiosk city,Thursday,Sandwich,Kyckling Curry,1,0~1
Västerås,Spel o kiosk city,Thursday,Sandwich,Räkor,1,0~1
Västerås,Spel o kiosk city,Thursday,Wraps,Kyckling Bacon,1,0~1
Västerås,Spel o kiosk city,Thursday,Wraps,Kyckling Curry,1,0~1
Västerås,Spel o kiosk city,Thursday,XL Frallor,Grovfralla Kalkon & Färskost,1,0~1
Västerås,Stora Coop Enköping,Sunday,Baguette,Kyckling Curry,1,1~2
Västerås,Stora Coop Enköping,Sunday,Baguette,Kyckling Sweet Chili,2,2~3
Västerås,Stora Coop Enköping,Sunday,Baguette,Ost & Skinka,1,1~2
Västerås,Stora Coop Enköping,Sunday,Baguette,Salami & Brieost,3,2~4
Västerås,Stora Coop Enköping,Sunday,Baguette,Skagen,4,3~4
Västerås,Stora Coop Enköping,Sunday,Fralla,Ost,4,3~4
Västerås,Stora Coop Enköping,Sunday,Fralla,Ost & Skinka,4,3~5
Västerås,Stora Coop Enköping,Sunday,Grönsallad,Caesarsallad,1,1~2
Västerås,Stora Coop Enköping,Sunday,Grönsallad,Kyckling,1,0~1
Västerås,Stora Coop Enköping,Sunday,Hönökaka,Ost,2,2~2
Västerås,Stora Coop Enköping,Sunday,Hönökaka,Ost & Salami,2,2~3
Västerås,Stora Coop Enköping,Sunday,Hönökaka,Ost & Skinka,2,1~2
Västerås,Stora Coop Enköping,Sunday,Pastasallad,Bacon & Kyckling,1,1~2
Västerås,Stora Coop Enköping,Sunday,Pastasallad,Falafel,1,0~1
Västerås,Stora Coop Enköping,Sunday,Pastasallad,Kyckling & Salladsost,3,2~4
Västerås,Stora Coop Enköping,Sunday,Pastasallad,Kyckling kebab,1,0~1
Västerås,Stora Coop Enköping,Sunday,Pastasallad,Kyckling mangocurry,3,3~4
Västerås,Stora Coop Enköping,Sunday,Pastasallad,Ost & Skinka,2,2~3
Västerås,Stora Coop Enköping,Sunday,Pastasallad,Räkor,3,2~4
Västerås,Stora Coop Enköping,Sunday,Sandwich,Bacon & Äggröra,1,1~2
Västerås,Stora Coop Enköping,Sunday,Sandwich,Clubsandwich,2,2~3
Västerås,Stora Coop Enköping,Sunday,Sandwich,Kyckling Curry,2,2~3
Västerås,Stora Coop Enköping,Sunday,Sandwich,Kyckling Pestoröra,1,1~2
Västerås,Stora Coop Enköping,Sunday,Sandwich,Räkor,2,2~3
Västerås,Stora Coop Enköping,Sunday,Sandwich,Ägg & Avocadokräm,1,0~1
Västerås,Stora Coop Enköping,Sunday,Varmrätt,Cevapcici med bulgur,1,0~1
Västerås,Stora Coop Enköping,Sunday,Varmrätt,Teriyakikycklingfile med basmatiris,1,0~1
Västerås,Stora Coop Enköping,Sunday,Wraps,Caesar Kyckling,3,2~4
Västerås,Stora Coop Enköping,Sunday,Wraps,Kyckling Bacon,3,2~4
Västerås,Stora Coop Enköping,Sunday,Wraps,Kyckling Curry,4,3~4
Västerås,Stora Coop Enköping,Sunday,Wraps,Kycklingsallad Olivie,1,1~2
Västerås,Stora Coop Enköping,Sunday,Wraps,Sweet Chili,4,3~4
Västerås,Stora Coop Enköping,Sunday,Wraps,Wrap Curry Oumph!,1,1~2
Västerås,Stora Coop Enköping,Sunday,XL Frallor,Grovfralla Kalkon & Färskost,1,0~1
Västerås,Stora Coop Enköping,Sunday,XL Frallor,Ost,1,1~2
Västerås,Stora Coop Enköping,Sunday,XL Frallor,Ost & Skinka,2,1~2
Västerås,Stora Coop Enköping,Monday,Baguette,Kyckling Sweet Chili,1,0~1
Västerås,Stora Coop Enköping,Monday,Baguette,Salami & Brieost,1,1~1
Västerås,Stora Coop Enköping,Monday,Baguette,Skagen,1,1~2
Västerås,Stora Coop Enköping,Monday,Fralla,Ost,1,1~2
Västerås,Stora Coop Enköping,Monday,Fralla,Ost & Skinka,1,1~2
Västerås,Stora Coop Enköping,Monday,Hönökaka,Ost,1,0~1
Västerås,Stora Coop Enköping,Monday,Hönökaka,Ost & Salami,1,0~1
Västerås,Stora Coop Enköping,Monday,Pastasallad,Kyckling & Salladsost,1,1~1
Västerås,Stora Coop Enköping,Monday,Pastasallad,Kyckling mangocurry,1,1~1
Västerås,Stora Coop Enköping,Monday,Pastasallad,Ost & Skinka,1,0~1
Västerås,Stora Coop Enköping,Monday,Pastasallad,Räkor,1,1~1
Västerås,Stora Coop Enköping,Monday,Sandwich,Clubsandwich,1,1~1
Västerås,Stora Coop Enköping,Monday,Sandwich,Kyckling Curry,1,0~1
Västerås,Stora Coop Enköping,Monday,Sandwich,Räkor,1,1~1
Västerås,Stora Coop Enköping,Monday,Wraps,Caesar Kyckling,1,1~1
Västerås,Stora Coop Enköping,Monday,Wraps,Kyckling Bacon,1,1~1
Västerås,Stora Coop Enköping,Monday,Wraps,Kyckling Curry,1,1~2
Västerås,Stora Coop Enköping,Monday,Wraps,Sweet Chili,1,1~2
Västerås,Stora Coop Enköping,Tuesday,Baguette,Kyckling Curry,1,0~1
Västerås,Stora Coop Enköping,Tuesday,Baguette,Kyckling Sweet Chili,2,1~2
Västerås,Stora Coop Enköping,Tuesday,Baguette,Ost & Skinka,1,1~1
Västerås,Stora Coop Enköping,Tuesday,Baguette,Salami & Brieost,2,2~3
Västerås,Stora Coop Enköping,Tuesday,Baguette,Skagen,3,2~3
Västerås,Stora Coop Enköping,Tuesday,Fralla,Ost,3,2~3
Västerås,Stora Coop Enköping,Tuesday,Fralla,Ost & Skinka,3,2~4
Västerås,Stora Coop Enköping,Tuesday,Grönsallad,Caesarsallad,1,0~1
Västerås,Stora Coop Enköping,Tuesday,Hönökaka,Ost,1,1~2
Västerås,Stora Coop Enköping,Tuesday,Hönökaka,Ost & Salami,2,1~2
Västerås,Stora Coop Enköping,Tuesday,Hönökaka,Ost & Skinka,1,1~2
Västerås,Stora Coop Enköping,Tuesday,Pastasallad,Bacon & Kyckling,1,0~1
Västerås,Stora Coop Enköping,Tuesday,Pastasallad,Kyckling & Salladsost,2,2~3
Västerås,Stora Coop Enköping,Tuesday,Pastasallad,Kyckling mangocurry,2,2~3
Västerås,Stora Coop Enköping,Tuesday,Pastasallad,Ost & Skinka,2,1~2
Västerås,Stora Coop Enköping,Tuesday,Pastasallad,Räkor,2,2~3
Västerås,Stora Coop Enköping,Tuesday,Sandwich,Bacon & Äggröra,1,1~1
Västerås,Stora Coop Enköping,Tuesday,Sandwich,Clubsandwich,2,1~2
Västerås,Stora Coop Enköping,Tuesday,Sandwich,Kyckling Curry,2,1~2
Västerås,Stora Coop Enköping,Tuesday,Sandwich,Kyckling Pestoröra,1,1~1
Västerås,Stora Coop Enköping,Tuesday,Sandwich,Räkor,2,1~2
Västerås,Stora Coop Enköping,Tuesday,Wraps,Caesar Kyckling,2,2~3
Västerås,Stora Coop Enköping,Tuesday,Wraps,Kyckling Bacon,2,2~3
Västerås,Stora Coop Enköping,Tuesday,Wraps,Kyckling Curry,3,2~3
Västerås,Stora Coop Enköping,Tuesday,Wraps,Kycklingsallad Olivie,1,0~1
Västerås,Stora Coop Enköping,Tuesday,Wraps,Sweet Chili,3,2~3
Västerås,Stora Coop Enköping,Tuesday,Wraps,Wrap Curry Oumph!,1,0~1
Västerås,Stora Coop Enköping,Tuesday,XL Frallor,Ost,1,0~1
Västerås,Stora Coop Enköping,Tuesday,XL Frallor,Ost & Skinka,1,1~2
Västerås,Stora Coop Enköping,Wednesday,Baguette,Kyckling Sweet Chili,1,0~1
Västerås,Stora Coop Enköping,Wednesday,Baguette,Salami & Brieost,1,1~1
Västerås,Stora Coop Enköping,Wednesday,Baguette,Skagen,1,1~1
Västerås,Stora Coop Enköping,Wednesday,Fralla,Ost,1,1~1
Västerås,Stora Coop Enköping,Wednesday,Fralla,Ost & Skinka,1,1~1
Västerås,Stora Coop Enköping,Wednesday,Hönökaka,Ost & Salami,1,0~1
Västerås,Stora Coop Enköping,Wednesday,Pastasallad,Kyckling & Salladsost,1,1~1
Västerås,Stora Coop Enköping,Wednesday,Pastasallad,Kyckling mangocurry,1,1~1
Västerås,Stora Coop Enköping,Wednesday,Pastasallad,Ost & Skinka,1,0~1
Västerås,Stora Coop Enköping,Wednesday,Pastasallad,Räkor,1,1~1
Västerås,Stora Coop Enköping,Wednesday,Sandwich,Clubsandwich,1,0~1
Västerås,Stora Coop Enköping,Wednesday,Sandwich,Kyckling Curry,1,0~1
Västerås,Stora Coop Enköping,Wednesday,Sandwich,Räkor,1,0~1
Västerås,Stora Coop Enköping,Wednesday,Wraps,Caesar Kyckling,1,1~1
Västerås,Stora Coop Enköping,Wednesday,Wraps,Kyckling Bacon,1,1~1
Västerås,Stora Coop Enköping,Wednesday,Wraps,Kyckling Curry,1,1~1
Västerås,Stora Coop Enköping,Wednesday,Wraps,Sweet Chili,1,1~1
Västerås,Stora Coop Enköping,Thursday,Baguette,Kyckling Curry,1,1~2
Västerås,Stora Coop Enköping,Thursday,Baguette,Kyckling Sweet Chili,1,2~3
Västerås,Stora Coop Enköping,Thursday,Baguette,Ost & Skinka,2,1~2
Västerås,Stora Coop Enköping,Thursday,Baguette,Salami & Brieost,3,2~4
Västerås,Stora Coop Enköping,Thursday,Baguette,Skagen,3,3~5
Västerås,Stora Coop Enköping,Thursday,Fralla,Ost,3,3~5
Västerås,Stora Coop Enköping,Thursday,Fralla,Ost & Skinka,5,4~6
Västerås,Stora Coop Enköping,Thursday,Glutenfri Frallor,Glutenfri Ost & Skinka(endast söndagsbeställning),1,0~1
Västerås,Stora Coop Enköping,Thursday,Glutenfri Frallor,Glutenfri Ost(endast söndagsbeställning),1,0~1
Västerås,Stora Coop Enköping,Thursday,Grönsallad,Caesarsallad,1,1~2
Västerås,Stora Coop Enköping,Thursday,Grönsallad,Kyckling,1,1~2
Västerås,Stora Coop Enköping,Thursday,Hönökaka,Ost,2,2~2
Västerås,Stora Coop Enköping,Thursday,Hönökaka,Ost & Salami,1,2~3
Västerås,Stora Coop Enköping,Thursday,Hönökaka,Ost & Skinka,2,2~1
Västerås,Stora Coop Enköping,Thursday,Pastasallad,Bacon & Kyckling,1,1~2
Västerås,Stora Coop Enköping,Thursday,Pastasallad,Falafel,1,1~2
Västerås,Stora Coop Enköping,Thursday,Pastasallad,Kyckling & Salladsost,3,2~4
Västerås,Stora Coop Enköping,Thursday,Pastasallad,Kyckling kebab,1,1~2
Västerås,Stora Coop Enköping,Thursday,Pastasallad,Kyckling mangocurry,4,2~5
Västerås,Stora Coop Enköping,Thursday,Pastasallad,Ost & Skinka,1,2~3
Västerås,Stora Coop Enköping,Thursday,Pastasallad,Räkor,2,1~3
Västerås,Stora Coop Enköping,Thursday,Sandwich,Bacon & Äggröra,2,1~2
Västerås,Stora Coop Enköping,Thursday,Sandwich,Clubsandwich,2,2~4
Västerås,Stora Coop Enköping,Thursday,Sandwich,Kyckling Curry,1,2~3
Västerås,Stora Coop Enköping,Thursday,Sandwich,Kyckling Pestoröra,2,1~2
Västerås,Stora Coop Enköping,Thursday,Sandwich,Räkor,2,2~4
Västerås,Stora Coop Enköping,Thursday,Sandwich,Ägg & Avocadokräm,1,1~2
Västerås,Stora Coop Enköping,Thursday,Varmrätt,Cevapcici med bulgur,1,1~2
Västerås,Stora Coop Enköping,Thursday,Varmrätt,Teriyakikycklingfile med basmatiris,1,1~2
Västerås,Stora Coop Enköping,Thursday,Wraps,Caesar Kyckling,3,2~4
Västerås,Stora Coop Enköping,Thursday,Wraps,Kyckling Bacon,2,1~3
Västerås,Stora Coop Enköping,Thursday,Wraps,Kyckling Curry,3,3~5
Västerås,Stora Coop Enköping,Thursday,Wraps,Kycklingsallad Olivie,1,1~2
Västerås,Stora Coop Enköping,Thursday,Wraps,Sweet Chili,3,3~5
Västerås,Stora Coop Enköping,Thursday,Wraps,Wrap Curry Oumph!,1,1~2
Västerås,Stora Coop Enköping,Thursday,XL Frallor,Grovfralla Kalkon & Färskost,1,1~2
Västerås,Stora Coop Enköping,Thursday,XL Frallor,Ost,1,1~2
Västerås,Stora Coop Enköping,Thursday,XL Frallor,Ost & Skinka,2,2~1
Västerås,Tempo skallberget,Sunday,Fralla,Ost,1,0~1
Västerås,Tempo skallberget,Sunday,Fralla,Ost & Skinka,1,0~1
Västerås,Tempo skallberget,Sunday,Hönökaka,Ost,1,0~1
Västerås,Tempo skallberget,Sunday,Hönökaka,Ost & Skinka,1,0~1
Västerås,Tempo skallberget,Sunday,Pastasallad,Kyckling mangocurry,1,0~1
Västerås,Tempo skallberget,Sunday,Wraps,Caesar Kyckling,1,0~1
Västerås,Tempo skallberget,Sunday,Wraps,Kyckling Curry,1,0~1
Västerås,Tempo skallberget,Thursday,Baguette,Kyckling Curry,1,0~1
Västerås,Tempo skallberget,Thursday,Baguette,Salami & Brieost,1,0~1
Västerås,Tempo skallberget,Thursday,Baguette,Skagen,1,0~1
Västerås,Tempo skallberget,Thursday,Fralla,Ost,1,1~2
Västerås,Tempo skallberget,Thursday,Fralla,Ost & Skinka,1,1~2
Västerås,Tempo skallberget,Thursday,Hönökaka,Ost,1,1~2
Västerås,Tempo skallberget,Thursday,Hönökaka,Ost & Salami,1,0~1
Västerås,Tempo skallberget,Thursday,Hönökaka,Ost & Skinka,1,1~2
Västerås,Tempo skallberget,Thursday,Pastasallad,Kyckling & Salladsost,1,0~1
Västerås,Tempo skallberget,Thursday,Pastasallad,Kyckling kebab,1,0~1
Västerås,Tempo skallberget,Thursday,Pastasallad,Kyckling mangocurry,1,1~2
Västerås,Tempo skallberget,Thursday,Sandwich,Bacon & Äggröra,1,0~1
Västerås,Tempo skallberget,Thursday,Sandwich,Kyckling Curry,1,0~1
Västerås,Tempo skallberget,Thursday,Sandwich,Räkor,1,0~1
Västerås,Tempo skallberget,Thursday,Wraps,Caesar Kyckling,1,1~2
Västerås,Tempo skallberget,Thursday,Wraps,Kyckling Bacon,1,0~1
Västerås,Tempo skallberget,Thursday,Wraps,Kyckling Curry,1,1~2
Västerås,Tempo skallberget,Thursday,Wraps,Sweet Chili,1,0~1
Västerås,Tempo skallberget,Thursday,XL Frallor,Grovfralla Kalkon & Färskost,1,0~1
Västerås,Tempo skallberget,Thursday,XL Frallor,Ost,1,0~1
Västerås,Tempo skallberget,Thursday,XL Frallor,Ost & Skinka,1,0~1
Västerås,X-tra Bangatan,Sunday,Fralla,Ost,1,0~1
Västerås,X-tra Bangatan,Sunday,Fralla,Ost & Skinka,1,0~1
Västerås,X-tra Bangatan,Sunday,Sandwich,Kyckling Curry,1,0~1
Västerås,X-tra Bangatan,Thursday,Baguette,Kyckling Curry,1,0~1
Västerås,X-tra Bangatan,Thursday,Baguette,Salami & Brieost,1,0~1
Västerås,X-tra Bangatan,Thursday,Baguette,Skagen,1,0~1
Västerås,X-tra Bangatan,Thursday,Fralla,Ost,1,1~2
Västerås,X-tra Bangatan,Thursday,Fralla,Ost & Skinka,1,1~2
Västerås,X-tra Bangatan,Thursday,Grönsallad,Caesarsallad,1,0~1
Västerås,X-tra Bangatan,Thursday,Grönsallad,Kyckling,1,0~1
Västerås,X-tra Bangatan,Thursday,Hönökaka,Ost,1,0~1
Västerås,X-tra Bangatan,Thursday,Hönökaka,Ost & Salami,1,0~1
Västerås,X-tra Bangatan,Thursday,Hönökaka,Ost & Skinka,1,0~1
Västerås,X-tra Bangatan,Thursday,Pastasallad,Kyckling & Salladsost,1,0~1
Västerås,X-tra Bangatan,Thursday,Pastasallad,Kyckling mangocurry,1,0~1
Västerås,X-tra Bangatan,Thursday,Pastasallad,Ost & Skinka,1,0~1
Västerås,X-tra Bangatan,Thursday,Pastasallad,Räkor,1,0~1
Västerås,X-tra Bangatan,Thursday,Sandwich,Bacon & Äggröra,1,0~1
Västerås,X-tra Bangatan,Thursday,Sandwich,Clubsandwich,1,0~1
Västerås,X-tra Bangatan,Thursday,Sandwich,Kyckling Curry,1,1~2
Västerås,X-tra Bangatan,Thursday,Sandwich,Räkor,1,0~1
Västerås,X-tra Bangatan,Thursday,Wraps,Caesar Kyckling,1,0~1
Västerås,X-tra Bangatan,Thursday,Wraps,Kyckling Bacon,1,0~1
Västerås,X-tra Bangatan,Thursday,Wraps,Kyckling Curry,1,0~1
Västerås,X-tra Bangatan,Thursday,Wraps,Sweet Chili,1,0~1
Västerås,X-tra Bangatan,Thursday,XL Frallor,Ost,1,0~1
Västerås,X-tra Bangatan,Thursday,XL Frallor,Ost & Skinka,1,0~1
Västerås,X-tra Stengatan,Sunday,Baguette,Kyckling Curry,2,2~3
Västerås,X-tra Stengatan,Sunday,Baguette,Salami & Brieost,1,0~1
Västerås,X-tra Stengatan,Sunday,Baguette,Skagen,1,0~1
Västerås,X-tra Stengatan,Sunday,Fralla,Ost,1,0~1
Västerås,X-tra Stengatan,Sunday,Fralla,Ost & Skinka,1,0~1
Västerås,X-tra Stengatan,Sunday,Pastasallad,Kyckling & Salladsost,1,1~2
Västerås,X-tra Stengatan,Sunday,Pastasallad,Kyckling mangocurry,1,1~2
Västerås,X-tra Stengatan,Sunday,Pastasallad,Räkor,1,1~2
Västerås,X-tra Stengatan,Sunday,Sandwich,Clubsandwich,1,0~1
Västerås,X-tra Stengatan,Sunday,Sandwich,Kyckling Curry,1,0~1
Västerås,X-tra Stengatan,Sunday,Sandwich,Räkor,1,1~2
Västerås,X-tra Stengatan,Sunday,Wraps,Caesar Kyckling,1,0~1
Västerås,X-tra Stengatan,Sunday,Wraps,Kyckling Bacon,1,0~1
Västerås,X-tra Stengatan,Sunday,Wraps,Kyckling Curry,1,1~2
Västerås,X-tra Stengatan,Sunday,Wraps,Sweet Chili,1,0~1
Västerås,X-tra Stengatan,Monday,Baguette,Kyckling Curry,1,0~1
Västerås,X-tra Stengatan,Tuesday,Baguette,Kyckling Curry,2,1~2
Västerås,X-tra Stengatan,Tuesday,Pastasallad,Kyckling & Salladsost,1,0~1
Västerås,X-tra Stengatan,Tuesday,Pastasallad,Kyckling mangocurry,1,0~1
Västerås,X-tra Stengatan,Tuesday,Pastasallad,Räkor,1,0~1
Västerås,X-tra Stengatan,Tuesday,Sandwich,Räkor,1,0~1
Västerås,X-tra Stengatan,Tuesday,Wraps,Kyckling Curry,1,0~1
Västerås,X-tra Stengatan,Wednesday,Baguette,Kyckling Curry,1,0~1
Västerås,X-tra Stengatan,Thursday,Baguette,Kyckling Curry,1,2~3
Västerås,X-tra Stengatan,Thursday,Baguette,Ost & Skinka,1,0~1
Västerås,X-tra Stengatan,Thursday,Baguette,Salami & Brieost,1,1~2
Västerås,X-tra Stengatan,Thursday,Baguette,Skagen,1,1~2
Västerås,X-tra Stengatan,Thursday,Fralla,Ost,1,1~2
Västerås,X-tra Stengatan,Thursday,Fralla,Ost & Skinka,1,1~2
Västerås,X-tra Stengatan,Thursday,Grönsallad,Caesarsallad,1,0~1
Västerås,X-tra Stengatan,Thursday,Grönsallad,Kyckling,1,0~1
Västerås,X-tra Stengatan,Thursday,Hönökaka,Ost,1,0~1
Västerås,X-tra Stengatan,Thursday,Hönökaka,Ost & Salami,1,0~1
Västerås,X-tra Stengatan,Thursday,Hönökaka,Ost & Skinka,1,0~1
Västerås,X-tra Stengatan,Thursday,Pastasallad,Kyckling & Salladsost,1,1~2
Västerås,X-tra Stengatan,Thursday,Pastasallad,Kyckling mangocurry,1,1~2
Västerås,X-tra Stengatan,Thursday,Pastasallad,Ost & Skinka,1,0~1
Västerås,X-tra Stengatan,Thursday,Pastasallad,Räkor,1,1~2
Västerås,X-tra Stengatan,Thursday,Sandwich,Clubsandwich,1,1~2
Västerås,X-tra Stengatan,Thursday,Sandwich,Kyckling Curry,1,1~2
Västerås,X-tra Stengatan,Thursday,Sandwich,Kyckling Pestoröra,1,0~1
Västerås,X-tra Stengatan,Thursday,Sandwich,Räkor,1,1~2
Västerås,X-tra Stengatan,Thursday,Varmrätt,Cevapcici med bulgur,1,0~1
Västerås,X-tra Stengatan,Thursday,Varmrätt,Kycklingspett med ris,1,0~1
Västerås,X-tra Stengatan,Thursday,Varmrätt,Pannbiff med Basmatiris,1,0~1
Västerås,X-tra Stengatan,Thursday,Wraps,Caesar Kyckling,1,1~2
Västerås,X-tra Stengatan,Thursday,Wraps,Kyckling Bacon,1,1~2
Västerås,X-tra Stengatan,Thursday,Wraps,Kyckling Curry,1,1~2
Västerås,X-tra Stengatan,Thursday,Wraps,Sweet Chili,1,1~2
Västerås,X-tra Stengatan,Thursday,XL Frallor,Grovfralla Kalkon & Färskost,1,0~1
Västerås,X-tra Stengatan,Thursday,XL Frallor,Ost & Skinka,1,0~1
Västerås,X-tra viksäng,Sunday,Baguette,Kyckling Sweet Chili,1,0~1
Västerås,X-tra viksäng,Sunday,Fralla,Ost,2,2~3
Västerås,X-tra viksäng,Sunday,Fralla,Ost & Skinka,2,2~3
Västerås,X-tra viksäng,Sunday,Hönökaka,Ost,2,2~3
Västerås,X-tra viksäng,Sunday,Hönökaka,Ost & Skinka,2,2~3
Västerås,X-tra viksäng,Sunday,Pastasallad,Kyckling & Salladsost,1,0~1
Västerås,X-tra viksäng,Sunday,Pastasallad,Kyckling mangocurry,1,0~1
Västerås,X-tra viksäng,Sunday,Sandwich,Kyckling Curry,2,2~3
Västerås,X-tra viksäng,Sunday,Wraps,Caesar Kyckling,1,0~1
Västerås,X-tra viksäng,Sunday,Wraps,Kyckling Curry,1,0~1
Västerås,X-tra viksäng,Monday,Fralla,Ost,1,0~1
Västerås,X-tra viksäng,Monday,Fralla,Ost & Skinka,1,0~1
Västerås,X-tra viksäng,Monday,Hönökaka,Ost,1,0~1
Västerås,X-tra viksäng,Monday,Hönökaka,Ost & Skinka,1,0~1
Västerås,X-tra viksäng,Monday,Sandwich,Kyckling Curry,1,1~1
Västerås,X-tra viksäng,Tuesday,Fralla,Ost,2,1~2
Västerås,X-tra viksäng,Tuesday,Fralla,Ost & Skinka,2,1~2
Västerås,X-tra viksäng,Tuesday,Hönökaka,Ost,2,1~2
Västerås,X-tra viksäng,Tuesday,Hönökaka,Ost & Skinka,2,1~2
Västerås,X-tra viksäng,Tuesday,Sandwich,Kyckling Curry,2,1~2
Västerås,X-tra viksäng,Wednesday,Fralla,Ost,1,0~1
Västerås,X-tra viksäng,Wednesday,Fralla,Ost & Skinka,1,0~1
Västerås,X-tra viksäng,Wednesday,Hönökaka,Ost,1,0~1
Västerås,X-tra viksäng,Wednesday,Hönökaka,Ost & Skinka,1,0~1
Västerås,X-tra viksäng,Wednesday,Sandwich,Kyckling Curry,1,0~1
Västerås,X-tra viksäng,Thursday,Baguette,Kyckling Curry,1,0~1
Västerås,X-tra viksäng,Thursday,Baguette,Kyckling Sweet Chili,1,1~2
Västerås,X-tra viksäng,Thursday,Baguette,Ost & Skinka,1,0~1
Västerås,X-tra viksäng,Thursday,Baguette,Salami & Brieost,1,0~1
Västerås,X-tra viksäng,Thursday,Baguette,Skagen,1,0~1
Västerås,X-tra viksäng,Thursday,Fralla,Ost,1,2~3
Västerås,X-tra viksäng,Thursday,Fralla,Ost & Skinka,1,2~3
Västerås,X-tra viksäng,Thursday,Grönsallad,Caesarsallad,1,0~1
Västerås,X-tra viksäng,Thursday,Grönsallad,Kyckling,1,0~1
Västerås,X-tra viksäng,Thursday,Hönökaka,Ost,1,2~3
Västerås,X-tra viksäng,Thursday,Hönökaka,Ost & Salami,1,0~1
Västerås,X-tra viksäng,Thursday,Hönökaka,Ost & Skinka,1,2~3
Västerås,X-tra viksäng,Thursday,Pastasallad,Kyckling & Salladsost,1,1~2
Västerås,X-tra viksäng,Thursday,Pastasallad,Kyckling kebab,1,0~1
Västerås,X-tra viksäng,Thursday,Pastasallad,Kyckling mangocurry,1,1~2
Västerås,X-tra viksäng,Thursday,Pastasallad,Räkor,1,0~1
Västerås,X-tra viksäng,Thursday,Sandwich,Kyckling Curry,2,2~4
Västerås,X-tra viksäng,Thursday,Sandwich,Räkor,1,0~1
Västerås,X-tra viksäng,Thursday,Varmrätt,Cevapcici med bulgur,1,0~1
Västerås,X-tra viksäng,Thursday,Varmrätt,Kycklingspett med ris,1,0~1
Västerås,X-tra viksäng,Thursday,Varmrätt,Teriyakikycklingfile med basmatiris,1,0~1
Västerås,X-tra viksäng,Thursday,Wraps,Caesar Kyckling,1,1~2
Västerås,X-tra viksäng,Thursday,Wraps,Kyckling Bacon,1,0~1
Västerås,X-tra viksäng,Thursday,Wraps,Kyckling Curry,1,1~2
Västerås,X-tra viksäng,Thursday,Wraps,Sweet Chili,1,0~1
Västerås,X-tra viksäng,Thursday,XL Frallor,Grovfralla Kalkon & Färskost,1,0~1
Västerås,X-tra viksäng,Thursday,XL Frallor,Ost & Skinka,1,0~1
Västerås,Xtra Surahammar,Sunday,Baguette,Salami & Brieost,1,0~1
Västerås,Xtra Surahammar,Sunday,Fralla,Ost & Skinka,1,0~1
Västerås,Xtra Surahammar,Sunday,Pastasallad,Kyckling & Salladsost,1,0~1
Västerås,Xtra Surahammar,Sunday,Pastasallad,Kyckling mangocurry,1,0~1
Västerås,Xtra Surahammar,Sunday,Pastasallad,Räkor,1,0~1
Västerås,Xtra Surahammar,Sunday,Wraps,Caesar Kyckling,1,0~1
Västerås,Xtra Surahammar,Sunday,Wraps,Kyckling Bacon,1,0~1
Västerås,Xtra Surahammar,Sunday,Wraps,Kyckling Curry,1,0~1
Västerås,Xtra Surahammar,Thursday,Baguette,Kyckling Curry,1,0~1
Västerås,Xtra Surahammar,Thursday,Baguette,Kyckling Sweet Chili,1,0~1
Västerås,Xtra Surahammar,Thursday,Baguette,Ost & Skinka,1,0~1
Västerås,Xtra Surahammar,Thursday,Baguette,Salami & Brieost,1,1~2
Västerås,Xtra Surahammar,Thursday,Baguette,Skagen,1,0~1
Västerås,Xtra Surahammar,Thursday,Fralla,Ost,1,0~1
Västerås,Xtra Surahammar,Thursday,Fralla,Ost & Skinka,1,1~2
Västerås,Xtra Surahammar,Thursday,Pastasallad,Bacon & Kyckling,1,0~1
Västerås,Xtra Surahammar,Thursday,Pastasallad,Kyckling & Salladsost,1,1~2
Västerås,Xtra Surahammar,Thursday,Pastasallad,Kyckling mangocurry,1,1~2
Västerås,Xtra Surahammar,Thursday,Pastasallad,Ost & Skinka,1,0~1
Västerås,Xtra Surahammar,Thursday,Pastasallad,Räkor,1,1~2
Västerås,Xtra Surahammar,Thursday,Varmrätt,Cevapcici med bulgur,1,0~1
Västerås,Xtra Surahammar,Thursday,Varmrätt,Kycklingspett med ris,1,0~1
Västerås,Xtra Surahammar,Thursday,Varmrätt,Pannbiff med Basmatiris,1,0~1
Västerås,Xtra Surahammar,Thursday,Varmrätt,Tacobolognese med fullkornspasta,1,0~1
Västerås,Xtra Surahammar,Thursday,Wraps,Caesar Kyckling,1,1~2
Västerås,Xtra Surahammar,Thursday,Wraps,Kyckling Bacon,1,1~2
Västerås,Xtra Surahammar,Thursday,Wraps,Kyckling Curry,1,1~2
Västerås,Xtra Surahammar,Thursday,Wraps,Sweet Chili,1,0~1
Västerås,Xtra igor,Sunday,Baguette,Ost & Skinka,1,0~1
Västerås,Xtra igor,Sunday,Baguette,Salami & Brieost,1,0~1
Västerås,Xtra igor,Sunday,Baguette,Skagen,1,0~1
Västerås,Xtra igor,Sunday,Grönsallad,Caesarsallad,1,0~1
Västerås,Xtra igor,Sunday,Grönsallad,Kyckling,1,0~1
Västerås,Xtra igor,Sunday,Pastasallad,Kyckling & Salladsost,2,2~3
Västerås,Xtra igor,Sunday,Pastasallad,Kyckling mangocurry,2,1~2
Västerås,Xtra igor,Sunday,Pastasallad,Ost & Skinka,1,0~1
Västerås,Xtra igor,Sunday,Pastasallad,Räkor,1,1~2
Västerås,Xtra igor,Sunday,Sandwich,Kyckling Curry,1,0~1
Västerås,Xtra igor,Sunday,Wraps,Caesar Kyckling,1,1~2
Västerås,Xtra igor,Sunday,Wraps,Kyckling Bacon,1,1~2
Västerås,Xtra igor,Sunday,Wraps,Kyckling Curry,1,0~1
Västerås,Xtra igor,Sunday,XL Frallor,Ost,1,0~1
Västerås,Xtra igor,Monday,Pastasallad,Kyckling & Salladsost,1,0~1
Västerås,Xtra igor,Tuesday,Pastasallad,Kyckling & Salladsost,2,1~2
Västerås,Xtra igor,Tuesday,Pastasallad,Kyckling mangocurry,1,1~2
Västerås,Xtra igor,Tuesday,Pastasallad,Räkor,1,0~1
Västerås,Xtra igor,Tuesday,Wraps,Caesar Kyckling,1,0~1
Västerås,Xtra igor,Tuesday,Wraps,Kyckling Bacon,1,0~1
Västerås,Xtra igor,Wednesday,Pastasallad,Kyckling & Salladsost,1,0~1
Västerås,Xtra igor,Thursday,Baguette,Kyckling Curry,1,0~1
Västerås,Xtra igor,Thursday,Baguette,Ost & Skinka,1,1~2
Västerås,Xtra igor,Thursday,Baguette,Salami & Brieost,1,1~2
Västerås,Xtra igor,Thursday,Baguette,Skagen,1,1~2
Västerås,Xtra igor,Thursday,Glutenfri Frallor,Glutenfri Ost & Skinka(endast söndagsbeställning),1,0~1
Västerås,Xtra igor,Thursday,Glutenfri Frallor,Glutenfri Pumpafralla Kalkon & Färskost(endast söndagsbeställning),1,0~1
Västerås,Xtra igor,Thursday,Grönsallad,Caesarsallad,1,1~2
Västerås,Xtra igor,Thursday,Grönsallad,Kyckling,1,1~2
Västerås,Xtra igor,Thursday,Pastasallad,Bacon & Kyckling,1,0~1
Västerås,Xtra igor,Thursday,Pastasallad,Kyckling & Salladsost,1,2~3
Västerås,Xtra igor,Thursday,Pastasallad,Kyckling mangocurry,2,2~1
Västerås,Xtra igor,Thursday,Pastasallad,Ost & Skinka,1,1~2
Västerås,Xtra igor,Thursday,Pastasallad,Räkor,1,1~2
Västerås,Xtra igor,Thursday,Sandwich,Bacon & Äggröra,1,0~1
Västerås,Xtra igor,Thursday,Sandwich,Clubsandwich,1,0~1
Västerås,Xtra igor,Thursday,Sandwich,Kyckling Curry,1,1~2
Västerås,Xtra igor,Thursday,Sandwich,Räkor,1,0~1
Västerås,Xtra igor,Thursday,Sandwich,Ägg & Avocadokräm,1,0~1
Västerås,Xtra igor,Thursday,Wraps,Caesar Kyckling,1,1~2
Västerås,Xtra igor,Thursday,Wraps,Kyckling Bacon,1,1~2
Västerås,Xtra igor,Thursday,Wraps,Kyckling Curry,1,1~2
Västerås,Xtra igor,Thursday,Wraps,Kycklingsallad Olivie,1,0~1
Västerås,Xtra igor,Thursday,Wraps,Sweet Chili,1,0~1
Västerås,Xtra igor,Thursday,XL Frallor,Grovfralla Kalkon & Färskost,1,0~1
Västerås,Xtra igor,Thursday,XL Frallor,Ost,1,1~2
Västerås,Xtra igor,Thursday,XL Frallor,Ost & Skinka,1,0~1
