Route,Store,Day,Total_Qty,Range,N_Products,Products
Gävle,Coop Karlholm,Sunday,20,15~32,18,Baguette/Kyckling Curry: 1 | Baguette/Ost & Skinka: 1 | Baguette/Salami & Brieost: 1 | Baguette/Skagen: 2 | Fralla/Ost & Skinka: 1 | Fralla/Ost: 1 | Hönökaka/Ost & Skinka: 1 | Pastasallad/Bacon & Kyckling: 1 | Pastasallad/Kyckling & Salladsost: 2 | Pastasallad/Kyckling mangocurry: 1 | Pastasallad/Räkor: 1 | Sandwich/Bacon & Äggröra: 1 | Sandwich/Clubsandwich: 1 | Sandwich/Räkor: 1 | Wraps/Caesar Kyckling: 1 | Wraps/Kyckling Bacon: 1 | Wraps/Kyckling Curry: 1 | Wraps/Sweet Chili: 1
Gävle,Coop Krysset,Sunday,19,14~30,16,Baguette/Ost & Skinka: 1 | Baguette/Salami & Brieost: 1 | Baguette/Skagen: 1 | Fralla/Ost & Skinka: 2 | Fralla/Ost: 1 | Hönökaka/Ost: 1 | Pastasallad/Bacon & Kyckling: 1 | Pastasallad/Kyckling & Salladsost: 2 | Pastasallad/Kyckling mangocurry: 2 | Pastasallad/Räkor: 1 | Sandwich/Clubsandwich: 1 | Sandwich/Räkor: 1 | Wraps/Caesar Kyckling: 1 | Wraps/Kyckling Bacon: 1 | Wraps/Kyckling Curry: 1 | Wraps/Sweet Chili: 1
Gävle,Coop Skutskär,Sunday,27,17~37,20,Baguette/Kyckling Curry: 1 | Baguette/Ost & Skinka: 1 | Baguette/Salami & Brieost: 1 | Baguette/Skagen: 1 | Fralla/Ost & Skinka: 1 | Fralla/Ost: 1 | Hönökaka/Ost & Skinka: 1 | Hönökaka/Ost: 1 | Pastasallad/Kyckling & Salladsost: 2 | Pastasallad/Kyckling mangocurry: 2 | Pastasallad/Räkor: 2 | Räkmacka Liten/Räkmacka liten: 2 | Sandwich/Clubsandwich: 2 | Sandwich/Räkor: 1 | Wraps/Caesar Kyckling: 1 | Wraps/Kyckling Bacon: 2 | Wraps/Kyckling Curry: 2 | Wraps/Sweet Chili: 1 | XL Frallor/Ost & Skinka: 1 | XL Frallor/Ost: 1
Gävle,Coop Tierp,Sunday,33,22~47,23,Baguette/Kyckling Curry: 1 | Baguette/Ost & Skinka: 2 | Baguette/Salami & Brieost: 1 | Baguette/Skagen: 2 | Blandstubbe/Blandstubbe: 1 | Fralla/Ost & Skinka: 3 | Fralla/Ost: 3 | Hönökaka/Ost & Skinka: 1 | Hönökaka/Ost: 1 | Pastasallad/Kyckling & Salladsost: 2 | Pastasallad/Kyckling mangocurry: 1 | Pastasallad/Räkor: 1 | Räkmacka Liten/Räkmacka liten: 2 | Räkstubbe/Räkstubbe: 1 | Sandwich/Bacon & Äggröra: 2 | Sandwich/Clubsandwich: 1 | Sandwich/Räkor: 2 | Wraps/Caesar Kyckling: 1 | Wraps/Kyckling Bacon: 1 | Wraps/Kyckling Curry: 1 | XL Frallor/Grovfralla Kalkon & Färskost: 1 | XL Frallor/Ost & Skinka: 1 | XL Frallor/Ost: 1
Gävle,Coop Triangeln,Sunday,23,18~31,14,Baguette/Kyckling Curry: 1 | Baguette/Ost & Skinka: 2 | Baguette/Salami & Brieost: 2 | Baguette/Skagen: 2 | Fralla/Ost & Skinka: 3 | Fralla/Ost: 2 | Pastasallad/Kyckling & Salladsost: 1 | Pastasallad/Kyckling mangocurry: 1 | Sandwich/Clubsandwich: 1 | Wraps/Caesar Kyckling: 2 | Wraps/Kyckling Bacon: 1 | Wraps/Kyckling Curry: 2 | Wraps/Sweet Chili: 2 | XL Frallor/Ost & Skinka: 1
Gävle,Coop Älvkarleby,Sunday,24,16~34,18,Baguette/Kyckling Curry: 1 | Baguette/Ost & Skinka: 2 | Baguette/Salami & Brieost: 2 | Baguette/Skagen: 2 | Fralla/Ost & Skinka: 1 | Fralla/Ost: 1 | Hönökaka/Ost & Skinka: 2 | Hönökaka/Ost: 1 | Pastasallad/Bacon & Kyckling: 1 | Pastasallad/Kyckling & Salladsost: 2 | Pastasallad/Kyckling mangocurry: 2 | Pastasallad/Räkor: 1 | Sandwich/Kyckling Curry: 1 | Sandwich/Räkor: 1 | Wraps/Caesar Kyckling: 1 | Wraps/Kyckling Bacon: 1 | Wraps/Kyckling Curry: 1 | Wraps/Sweet Chili: 1
Gävle,Coop Österbybruk,Sunday,19,13~30,17,Baguette/Kyckling Curry: 1 | Baguette/Ost & Skinka: 1 | Baguette/Salami & Brieost: 1 | Baguette/Skagen: 1 | Fralla/Ost & Skinka: 1 | Fralla/Ost: 1 | Hönökaka/Ost: 1 | Pastasallad/Bacon & Kyckling: 1 | Pastasallad/Kyckling & Salladsost: 2 | Pastasallad/Kyckling mangocurry: 2 | Pastasallad/Räkor: 1 | Sandwich/Clubsandwich: 1 | Sandwich/Räkor: 1 | Wraps/Caesar Kyckling: 1 | Wraps/Kyckling Bacon: 1 | Wraps/Kyckling Curry: 1 | Wraps/Sweet Chili: 1
Gävle,Drottningskiosken,Sunday,76,60~96,20,Baguette/Kyckling Curry: 7 | Baguette/Ost & Skinka: 3 | Baguette/Salami & Brieost: 3 | Baguette/Skagen: 7 | Fralla/Ost & Skinka: 14 | Fralla/Ost: 18 | Pastasallad/Kyckling & Salladsost: 1 | Pastasallad/Kyckling kebab: 1 | Pastasallad/Kyckling mangocurry: 1 | Pastasallad/Ost & Skinka: 1 | Pastasallad/Räkor: 1 | Sandwich/Bacon & Äggröra: 2 | Sandwich/Clubsandwich: 3 | Sandwich/Kyckling Curry: 2 | Sandwich/Kyckling Pestoröra: 1 | Sandwich/Räkor: 2 | Wraps/Caesar Kyckling: 2 | Wraps/Kyckling Bacon: 2 | Wraps/Kyckling Curry: 3 | Wraps/Sweet Chili: 2
Gävle,ICA Ahlgrens Torg,Sunday,2,1~3,2,Pastasallad/Kyckling mangocurry: 1 | Sandwich/Clubsandwich: 1
Gävle,ICA Spegeln,Sunday,106,83~130,28,Baguette/Kyckling Curry: 1 | Baguette/Kyckling Sweet Chili: 1 | Baguette/Ost & Skinka: 2 | Baguette/Salami & Brieost: 4 | Baguette/Skagen: 2 | Fralla/Ost & Skinka: 12 | Fralla/Ost: 11 | Grönsallad/Caesarsallad: 1 | Hönökaka/Ost & Salami: 9 | Hönökaka/Ost & Skinka: 9 | Hönökaka/Ost: 9 | Pastasallad/Bacon & Kyckling: 1 | Pastasallad/Kyckling & Salladsost: 5 | Pastasallad/Kyckling mangocurry: 5 | Pastasallad/Ost & Skinka: 2 | Pastasallad/Räkor: 3 | Sandwich/Clubsandwich: 2 | Sandwich/Kyckling Curry: 2 | Sandwich/Kyckling Pestoröra: 1 | Sandwich/Räkor: 1 | Varmrätt/Kycklingspett med ris: 1 | Wraps/Caesar Kyckling: 2 | Wraps/Kyckling Bacon: 1 | Wraps/Kyckling Curry: 2 | Wraps/Sweet Chili: 2 | XL Frallor/Grovfralla Kalkon & Färskost: 5 | XL Frallor/Ost & Skinka: 5 | XL Frallor/Ost: 5
Gävle,ICA Stortorget,Sunday,44,36~60,15,Grönsallad/Caesarsallad: 1 | Pastasallad/Bacon & Kyckling: 3 | Pastasallad/Kyckling & Salladsost: 4 | Pastasallad/Kyckling mangocurry: 5 | Pastasallad/Ost & Skinka: 3 | Pastasallad/Räkor: 2 | Sandwich/Bacon & Äggröra: 3 | Sandwich/Clubsandwich: 2 | Sandwich/Kyckling Curry: 2 | Sandwich/Kyckling Pestoröra: 1 | Sandwich/Räkor: 3 | Wraps/Caesar Kyckling: 3 | Wraps/Kyckling Bacon: 4 | Wraps/Kyckling Curry: 5 | Wraps/Sweet Chili: 3
Gävle,ICA Söder,Sunday,30,25~46,21,Baguette/Kyckling Curry: 1 | Baguette/Ost & Skinka: 1 | Baguette/Salami & Brieost: 1 | Baguette/Skagen: 1 | Fralla/Ost & Skinka: 2 | Fralla/Ost: 1 | Grönsallad/Caesarsallad: 1 | Hönökaka/Ost & Skinka: 1 | Hönökaka/Ost: 1 | Pastasallad/Bacon & Kyckling: 1 | Pastasallad/Kyckling & Salladsost: 2 | Pastasallad/Kyckling mangocurry: 3 | Pastasallad/Räkor: 2 | Sandwich/Bacon & Äggröra: 1 | Sandwich/Clubsandwich: 1 | Sandwich/Kyckling Curry: 1 | Sandwich/Ägg & Avocadokräm: 1 | Wraps/Caesar Kyckling: 2 | Wraps/Kyckling Bacon: 2 | Wraps/Kyckling Curry: 2 | Wraps/Sweet Chili: 2
Gävle,ICA Örbyhus,Sunday,51,43~73,26,Baguette/Kyckling Curry: 1 | Baguette/Kyckling Sweet Chili: 1 | Baguette/Ost & Skinka: 1 | Baguette/Salami & Brieost: 2 | Baguette/Skagen: 3 | Fralla/Ost & Skinka: 3 | Fralla/Ost: 2 | Grönsallad/Caesarsallad: 1 | Hönökaka/Ost & Skinka: 2 | Hönökaka/Ost: 1 | Pastasallad/Bacon & Kyckling: 1 | Pastasallad/Kyckling & Salladsost: 3 | Pastasallad/Kyckling mangocurry: 4 | Pastasallad/Ost & Skinka: 2 | Pastasallad/Räkor: 2 | Sandwich/Bacon & Äggröra: 2 | Sandwich/Clubsandwich: 3 | Sandwich/Kyckling Curry: 3 | Sandwich/Räkor: 3 | Sandwich/Ägg & Avocadokräm: 1 | Wraps/Caesar Kyckling: 2 | Wraps/Kyckling Bacon: 2 | Wraps/Kyckling Curry: 2 | Wraps/Sweet Chili: 2 | XL Frallor/Ost & Skinka: 1 | XL Frallor/Ost: 1
Gävle,Myway Torget,Sunday,6,5~11,6,Baguette/Skagen: 1 | Pastasallad/Kyckling & Salladsost: 1 | Pastasallad/Kyckling mangocurry: 1 | Sandwich/Kyckling Curry: 1 | Wraps/Kyckling Bacon: 1 | Wraps/Kyckling Curry: 1
Gävle,Tempo Brynäs,Sunday,38,30~55,23,Baguette/Kyckling Curry: 1 | Baguette/Ost & Skinka: 2 | Baguette/Salami & Brieost: 2 | Baguette/Skagen: 3 | Fralla/Ost & Skinka: 2 | Fralla/Ost: 1 | Hönökaka/Ost & Salami: 1 | Hönökaka/Ost & Skinka: 1 | Hönökaka/Ost: 1 | Pastasallad/Bacon & Kyckling: 2 | Pastasallad/Kyckling & Salladsost: 3 | Pastasallad/Kyckling mangocurry: 3 | Pastasallad/Ost & Skinka: 1 | Pastasallad/Räkor: 1 | Sandwich/Bacon & Äggröra: 1 | Sandwich/Clubsandwich: 2 | Sandwich/Kyckling Curry: 1 | Sandwich/Räkor: 2 | Varmrätt/Teriyakikycklingfile med basmatiris: 1 | Wraps/Caesar Kyckling: 1 | Wraps/Kyckling Bacon: 2 | Wraps/Kyckling Curry: 2 | Wraps/Sweet Chili: 2
Gävle,Coop Karlholm,Monday,1,0~1,1,Pastasallad/Kyckling & Salladsost: 1
Gävle,Coop Krysset,Monday,1,0~1,1,Fralla/Ost & Skinka: 1
Gävle,Coop Tierp,Monday,3,2~3,3,Baguette/Skagen: 1 | Fralla/Ost & Skinka: 1 | Fralla/Ost: 1
Gävle,Coop Triangeln,Monday,7,3~7,7,Baguette/Ost & Skinka: 1 | Baguette/Salami & Brieost: 1 | Baguette/Skagen: 1 | Fralla/Ost & Skinka: 1 | Fralla/Ost: 1 | Wraps/Caesar Kyckling: 1 | Wraps/Sweet Chili: 1
Gävle,Coop Älvkarleby,Monday,1,0~1,1,Baguette/Skagen: 1
Gävle,Coop Österbybruk,Monday,1,0~1,1,Pastasallad/Kyckling mangocurry: 1
Gävle,Drottningskiosken,Monday,21,19~25,11,Baguette/Kyckling Curry: 2 | Baguette/Ost & Skinka: 1 | Baguette/Salami & Brieost: 1 | Baguette/Skagen: 2 | Fralla/Ost & Skinka: 4 | Fralla/Ost: 6 | Sandwich/Bacon & Äggröra: 1 | Sandwich/Clubsandwich: 1 | Sandwich/Kyckling Curry: 1 | Sandwich/Räkor: 1 | Wraps/Kyckling Curry: 1
Gävle,ICA Spegeln,Monday,31,21~36,14,Baguette/Salami & Brieost: 1 | Fralla/Ost & Skinka: 4 | Fralla/Ost: 4 | Hönökaka/Ost & Salami: 3 | Hönökaka/Ost & Skinka: 3 | Hönökaka/Ost: 3 | Pastasallad/Kyckling & Salladsost: 2 | Pastasallad/Kyckling mangocurry: 2 | Pastasallad/Ost & Skinka: 1 | Pastasallad/Räkor: 1 | Wraps/Kyckling Curry: 1 | XL Frallor/Grovfralla Kalkon & Färskost: 2 | XL Frallor/Ost & Skinka: 2 | XL Frallor/Ost: 2
Gävle,ICA Stortorget,Monday,15,13~17,13,Pastasallad/Bacon & Kyckling: 1 | Pastasallad/Kyckling & Salladsost: 1 | Pastasallad/Kyckling mangocurry: 2 | Pastasallad/Ost & Skinka: 1 | Pastasallad/Räkor: 1 | Sandwich/Bacon & Äggröra: 1 | Sandwich/Clubsandwich: 1 | Sandwich/Kyckling Curry: 1 | Sandwich/Räkor: 1 | Wraps/Caesar Kyckling: 1 | Wraps/Kyckling Bacon: 1 | Wraps/Kyckling Curry: 2 | Wraps/Sweet Chili: 1
Gävle,ICA Söder,Monday,5,4~5,5,Pastasallad/Kyckling mangocurry: 1 | Wraps/Caesar Kyckling: 1 | Wraps/Kyckling Bacon: 1 | Wraps/Kyckling Curry: 1 | Wraps/Sweet Chili: 1
Gävle,ICA Örbyhus,Monday,15,9~16,15,Baguette/Skagen: 1 | Fralla/Ost & Skinka: 1 | Fralla/Ost: 1 | Hönökaka/Ost & Skinka: 1 | Pastasallad/Kyckling & Salladsost: 1 | Pastasallad/Kyckling mangocurry: 1 | Pastasallad/Ost & Skinka: 1 | Pastasallad/Räkor: 1 | Sandwich/Bacon & Äggröra: 1 | Sandwich/Clubsandwich: 1 | Sandwich/Kyckling Curry: 1 | Sandwich/Räkor: 1 | Wraps/Kyckling Bacon: 1 | Wraps/Kyckling Curry: 1 | Wraps/Sweet Chili: 1
Gävle,Tempo Brynäs,Monday,7,3~7,7,Baguette/Salami & Brieost: 1 | Baguette/Skagen: 1 | Pastasallad/Kyckling & Salladsost: 1 | Pastasallad/Kyckling mangocurry: 1 | Sandwich/Clubsandwich: 1 | Wraps/Kyckling Bacon: 1 | Wraps/Kyckling Curry: 1
Gävle,Coop Karlholm,Tuesday,14,6~16,14,Baguette/Kyckling Curry: 1 | Baguette/Ost & Skinka: 1 | Baguette/Salami & Brieost: 1 | Baguette/Skagen: 1 | Fralla/Ost & Skinka: 1 | Fralla/Ost: 1 | Pastasallad/Kyckling & Salladsost: 1 | Pastasallad/Kyckling mangocurry: 1 | Pastasallad/Räkor: 1 | Sandwich/Bacon & Äggröra: 1 | Sandwich/Clubsandwich: 1 | Wraps/Kyckling Bacon: 1 | Wraps/Kyckling Curry: 1 | Wraps/Sweet Chili: 1
Gävle,Coop Krysset,Tuesday,14,3~16,13,Baguette/Ost & Skinka: 1 | Baguette/Salami & Brieost: 1 | Baguette/Skagen: 1 | Fralla/Ost & Skinka: 2 | Fralla/Ost: 1 | Pastasallad/Kyckling & Salladsost: 1 | Pastasallad/Kyckling mangocurry: 1 | Pastasallad/Räkor: 1 | Sandwich/Clubsandwich: 1 | Wraps/Caesar Kyckling: 1 | Wraps/Kyckling Bacon: 1 | Wraps/Kyckling Curry: 1 | Wraps/Sweet Chili: 1
Gävle,Coop Skutskär,Tuesday,17,11~24,17,Baguette/Salami & Brieost: 1 | Baguette/Skagen: 1 | Fralla/Ost & Skinka: 1 | Fralla/Ost: 1 | Hönökaka/Ost & Skinka: 1 | Hönökaka/Ost: 1 | Pastasallad/Kyckling & Salladsost: 1 | Pastasallad/Kyckling mangocurry: 1 | Pastasallad/Räkor: 1 | Räkmacka Liten/Räkmacka liten: 1 | Sandwich/Clubsandwich: 1 | Sandwich/Räkor: 1 | Wraps/Caesar Kyckling: 1 | Wraps/Kyckling Bacon: 1 | Wraps/Kyckling Curry: 1 | Wraps/Sweet Chili: 1 | XL Frallor/Ost: 1
Gävle,Coop Tierp,Tuesday,22,16~29,19,Baguette/Kyckling Curry: 1 | Baguette/Ost & Skinka: 1 | Baguette/Salami & Brieost: 1 | Baguette/Skagen: 2 | Fralla/Ost & Skinka: 2 | Fralla/Ost: 2 | Hönökaka/Ost & Skinka: 1 | Hönökaka/Ost: 1 | Pastasallad/Kyckling & Salladsost: 1 | Pastasallad/Kyckling mangocurry: 1 | Pastasallad/Räkor: 1 | Räkmacka Liten/Räkmacka liten: 1 | Sandwich/Bacon & Äggröra: 1 | Sandwich/Clubsandwich: 1 | Sandwich/Räkor: 1 | Wraps/Caesar Kyckling: 1 | Wraps/Kyckling Bacon: 1 | Wraps/Kyckling Curry: 1 | XL Frallor/Ost & Skinka: 1
Gävle,Coop Triangeln,Tuesday,16,12~20,11,Baguette/Ost & Skinka: 2 | Baguette/Salami & Brieost: 2 | Baguette/Skagen: 2 | Fralla/Ost & Skinka: 2 | Fralla/Ost: 2 | Pastasallad/Kyckling & Salladsost: 1 | Pastasallad/Kyckling mangocurry: 1 | Wraps/Caesar Kyckling: 1 | Wraps/Kyckling Bacon: 1 | Wraps/Kyckling Curry: 1 | Wraps/Sweet Chili: 1
Gävle,Coop Älvkarleby,Tuesday,16,10~21,15,Baguette/Kyckling Curry: 1 | Baguette/Ost & Skinka: 1 | Baguette/Salami & Brieost: 1 | Baguette/Skagen: 2 | Fralla/Ost & Skinka: 1 | Hönökaka/Ost & Skinka: 1 | Pastasallad/Bacon & Kyckling: 1 | Pastasallad/Kyckling & Salladsost: 1 | Pastasallad/Kyckling mangocurry: 1 | Pastasallad/Räkor: 1 | Sandwich/Räkor: 1 | Wraps/Caesar Kyckling: 1 | Wraps/Kyckling Bacon: 1 | Wraps/Kyckling Curry: 1 | Wraps/Sweet Chili: 1
Gävle,Coop Österbybruk,Tuesday,13,4~14,12,Baguette/Skagen: 1 | Fralla/Ost: 1 | Pastasallad/Bacon & Kyckling: 1 | Pastasallad/Kyckling & Salladsost: 1 | Pastasallad/Kyckling mangocurry: 2 | Pastasallad/Räkor: 1 | Sandwich/Clubsandwich: 1 | Sandwich/Räkor: 1 | Wraps/Caesar Kyckling: 1 | Wraps/Kyckling Bacon: 1 | Wraps/Kyckling Curry: 1 | Wraps/Sweet Chili: 1
Gävle,Drottningskiosken,Tuesday,55,44~69,20,Baguette/Kyckling Curry: 5 | Baguette/Ost & Skinka: 2 | Baguette/Salami & Brieost: 2 | Baguette/Skagen: 5 | Fralla/Ost & Skinka: 10 | Fralla/Ost: 13 | Pastasallad/Kyckling & Salladsost: 1 | Pastasallad/Kyckling kebab: 1 | Pastasallad/Kyckling mangocurry: 1 | Pastasallad/Ost & Skinka: 1 | Pastasallad/Räkor: 1 | Sandwich/Bacon & Äggröra: 1 | Sandwich/Clubsandwich: 2 | Sandwich/Kyckling Curry: 2 | Sandwich/Kyckling Pestoröra: 1 | Sandwich/Räkor: 2 | Wraps/Caesar Kyckling: 1 | Wraps/Kyckling Bacon: 1 | Wraps/Kyckling Curry: 2 | Wraps/Sweet Chili: 1
Gävle,ICA Ahlgrens Torg,Tuesday,1,0~1,1,Pastasallad/Kyckling mangocurry: 1
Gävle,ICA Spegeln,Tuesday,78,61~94,26,Baguette/Kyckling Curry: 1 | Baguette/Ost & Skinka: 1 | Baguette/Salami & Brieost: 3 | Baguette/Skagen: 1 | Fralla/Ost & Skinka: 9 | Fralla/Ost: 8 | Grönsallad/Caesarsallad: 1 | Hönökaka/Ost & Salami: 7 | Hönökaka/Ost & Skinka: 7 | Hönökaka/Ost: 6 | Pastasallad/Bacon & Kyckling: 1 | Pastasallad/Kyckling & Salladsost: 4 | Pastasallad/Kyckling mangocurry: 4 | Pastasallad/Ost & Skinka: 2 | Pastasallad/Räkor: 2 | Sandwich/Clubsandwich: 1 | Sandwich/Kyckling Curry: 1 | Sandwich/Kyckling Pestoröra: 1 | Sandwich/Räkor: 1 | Wraps/Caesar Kyckling: 1 | Wraps/Kyckling Bacon: 1 | Wraps/Kyckling Curry: 2 | Wraps/Sweet Chili: 1 | XL Frallor/Grovfralla Kalkon & Färskost: 4 | XL Frallor/Ost & Skinka: 4 | XL Frallor/Ost: 4
Gävle,ICA Stortorget,Tuesday,34,27~43,15,Grönsallad/Caesarsallad: 1 | Pastasallad/Bacon & Kyckling: 2 | Pastasallad/Kyckling & Salladsost: 3 | Pastasallad/Kyckling mangocurry: 4 | Pastasallad/Ost & Skinka: 2 | Pastasallad/Räkor: 2 | Sandwich/Bacon & Äggröra: 2 | Sandwich/Clubsandwich: 2 | Sandwich/Kyckling Curry: 2 | Sandwich/Kyckling Pestoröra: 1 | Sandwich/Räkor: 2 | Wraps/Caesar Kyckling: 2 | Wraps/Kyckling Bacon: 3 | Wraps/Kyckling Curry: 4 | Wraps/Sweet Chili: 2
Gävle,ICA Söder,Tuesday,24,13~29,20,Baguette/Kyckling Curry: 1 | Baguette/Ost & Skinka: 1 | Baguette/Salami & Brieost: 1 | Baguette/Skagen: 1 | Fralla/Ost & Skinka: 1 | Fralla/Ost: 1 | Grönsallad/Caesarsallad: 1 | Hönökaka/Ost & Skinka: 1 | Hönökaka/Ost: 1 | Pastasallad/Bacon & Kyckling: 1 | Pastasallad/Kyckling & Salladsost: 1 | Pastasallad/Kyckling mangocurry: 2 | Pastasallad/Räkor: 1 | Sandwich/Bacon & Äggröra: 1 | Sandwich/Clubsandwich: 1 | Sandwich/Kyckling Curry: 1 | Wraps/Caesar Kyckling: 1 | Wraps/Kyckling Bacon: 2 | Wraps/Kyckling Curry: 2 | Wraps/Sweet Chili: 2
Gävle,ICA Örbyhus,Tuesday,40,30~51,26,Baguette/Kyckling Curry: 1 | Baguette/Kyckling Sweet Chili: 1 | Baguette/Ost & Skinka: 1 | Baguette/Salami & Brieost: 1 | Baguette/Skagen: 2 | Fralla/Ost & Skinka: 2 | Fralla/Ost: 2 | Grönsallad/Caesarsallad: 1 | Hönökaka/Ost & Skinka: 1 | Hönökaka/Ost: 1 | Pastasallad/Bacon & Kyckling: 1 | Pastasallad/Kyckling & Salladsost: 2 | Pastasallad/Kyckling mangocurry: 3 | Pastasallad/Ost & Skinka: 2 | Pastasallad/Räkor: 1 | Sandwich/Bacon & Äggröra: 2 | Sandwich/Clubsandwich: 2 | Sandwich/Kyckling Curry: 2 | Sandwich/Räkor: 2 | Sandwich/Ägg & Avocadokräm: 1 | Wraps/Caesar Kyckling: 1 | Wraps/Kyckling Bacon: 2 | Wraps/Kyckling Curry: 2 | Wraps/Sweet Chili: 2 | XL Frallor/Ost & Skinka: 1 | XL Frallor/Ost: 1
Gävle,Myway Torget,Tuesday,5,3~5,5,Pastasallad/Kyckling & Salladsost: 1 | Pastasallad/Kyckling mangocurry: 1 | Sandwich/Kyckling Curry: 1 | Wraps/Kyckling Bacon: 1 | Wraps/Kyckling Curry: 1
Gävle,Tempo Brynäs,Tuesday,29,21~38,23,Baguette/Kyckling Curry: 1 | Baguette/Ost & Skinka: 1 | Baguette/Salami & Brieost: 2 | Baguette/Skagen: 2 | Fralla/Ost & Skinka: 1 | Fralla/Ost: 1 | Hönökaka/Ost & Salami: 1 | Hönökaka/Ost & Skinka: 1 | Hönökaka/Ost: 1 | Pastasallad/Bacon & Kyckling: 1 | Pastasallad/Kyckling & Salladsost: 2 | Pastasallad/Kyckling mangocurry: 2 | Pastasallad/Ost & Skinka: 1 | Pastasallad/Räkor: 1 | Sandwich/Bacon & Äggröra: 1 | Sandwich/Clubsandwich: 1 | Sandwich/Kyckling Curry: 1 | Sandwich/Räkor: 1 | Varmrätt/Teriyakikycklingfile med basmatiris: 1 | Wraps/Caesar Kyckling: 1 | Wraps/Kyckling Bacon: 2 | Wraps/Kyckling Curry: 2 | Wraps/Sweet Chili: 1
Gävle,Coop Krysset,Wednesday,1,0~1,1,Fralla/Ost & Skinka: 1
Gävle,Coop Tierp,Wednesday,3,2~3,3,Baguette/Skagen: 1 | Fralla/Ost & Skinka: 1 | Fralla/Ost: 1
Gävle,Coop Triangeln,Wednesday,5,1~5,5,Baguette/Ost & Skinka: 1 | Baguette/Salami & Brieost: 1 | Baguette/Skagen: 1 | Fralla/Ost & Skinka: 1 | Fralla/Ost: 1
Gävle,Coop Älvkarleby,Wednesday,1,0~1,1,Baguette/Skagen: 1
Gävle,Coop Österbybruk,Wednesday,1,0~1,1,Pastasallad/Kyckling mangocurry: 1
Gävle,Drottningskiosken,Wednesday,19,14~20,10,Baguette/Kyckling Curry: 2 | Baguette/Ost & Skinka: 1 | Baguette/Salami & Brieost: 1 | Baguette/Skagen: 2 | Fralla/Ost & Skinka: 4 | Fralla/Ost: 5 | Sandwich/Clubsandwich: 1 | Sandwich/Kyckling Curry: 1 | Sandwich/Räkor: 1 | Wraps/Kyckling Curry: 1
Gävle,ICA Spegeln,Wednesday,21,18~30,14,Baguette/Salami & Brieost: 1 | Fralla/Ost & Skinka: 3 | Fralla/Ost: 3 | Hönökaka/Ost & Salami: 2 | Hönökaka/Ost & Skinka: 2 | Hönökaka/Ost: 2 | Pastasallad/Kyckling & Salladsost: 1 | Pastasallad/Kyckling mangocurry: 1 | Pastasallad/Ost & Skinka: 1 | Pastasallad/Räkor: 1 | Wraps/Kyckling Curry: 1 | XL Frallor/Grovfralla Kalkon & Färskost: 1 | XL Frallor/Ost & Skinka: 1 | XL Frallor/Ost: 1
Gävle,ICA Stortorget,Wednesday,13,10~15,13,Pastasallad/Bacon & Kyckling: 1 | Pastasallad/Kyckling & Salladsost: 1 | Pastasallad/Kyckling mangocurry: 1 | Pastasallad/Ost & Skinka: 1 | Pastasallad/Räkor: 1 | Sandwich/Bacon & Äggröra: 1 | Sandwich/Clubsandwich: 1 | Sandwich/Kyckling Curry: 1 | Sandwich/Räkor: 1 | Wraps/Caesar Kyckling: 1 | Wraps/Kyckling Bacon: 1 | Wraps/Kyckling Curry: 1 | Wraps/Sweet Chili: 1
Gävle,ICA Söder,Wednesday,4,1~4,4,Pastasallad/Kyckling mangocurry: 1 | Wraps/Kyckling Bacon: 1 | Wraps/Kyckling Curry: 1 | Wraps/Sweet Chili: 1
Gävle,ICA Örbyhus,Wednesday,13,7~13,13,Baguette/Skagen: 1 | Fralla/Ost & Skinka: 1 | Fralla/Ost: 1 | Pastasallad/Kyckling & Salladsost: 1 | Pastasallad/Kyckling mangocurry: 1 | Pastasallad/Ost & Skinka: 1 | Sandwich/Bacon & Äggröra: 1 | Sandwich/Clubsandwich: 1 | Sandwich/Kyckling Curry: 1 | Sandwich/Räkor: 1 | Wraps/Kyckling Bacon: 1 | Wraps/Kyckling Curry: 1 | Wraps/Sweet Chili: 1
Gävle,Tempo Brynäs,Wednesday,6,3~6,6,Baguette/Salami & Brieost: 1 | Baguette/Skagen: 1 | Pastasallad/Kyckling & Salladsost: 1 | Pastasallad/Kyckling mangocurry: 1 | Wraps/Kyckling Bacon: 1 | Wraps/Kyckling Curry: 1
Gävle,Coop Karlholm,Thursday,26,20~37,20,Baguette/Kyckling Curry: 1 | Baguette/Ost & Skinka: 1 | Baguette/Salami & Brieost: 1 | Baguette/Skagen: 2 | Fralla/Ost & Skinka: 2 | Fralla/Ost: 2 | Hönökaka/Ost & Skinka: 1 | Hönökaka/Ost: 1 | Pastasallad/Bacon & Kyckling: 1 | Pastasallad/Kyckling & Salladsost: 2 | Pastasallad/Kyckling mangocurry: 2 | Pastasallad/Räkor: 1 | Sandwich/Bacon & Äggröra: 1 | Sandwich/Clubsandwich: 1 | Sandwich/Kyckling Pestoröra: 1 | Sandwich/Räkor: 1 | Wraps/Caesar Kyckling: 1 | Wraps/Kyckling Bacon: 2 | Wraps/Kyckling Curry: 1 | Wraps/Sweet Chili: 1
Gävle,Coop Krysset,Thursday,19,19~32,17,Baguette/Ost & Skinka: 1 | Baguette/Salami & Brieost: 1 | Baguette/Skagen: 1 | Fralla/Ost & Skinka: 1 | Fralla/Ost: 1 | Hönökaka/Ost: 1 | Pastasallad/Bacon & Kyckling: 1 | Pastasallad/Kyckling & Salladsost: 2 | Pastasallad/Kyckling mangocurry: 2 | Pastasallad/Räkor: 1 | Sandwich/Clubsandwich: 1 | Sandwich/Kyckling Curry: 1 | Sandwich/Räkor: 1 | Wraps/Caesar Kyckling: 1 | Wraps/Kyckling Bacon: 1 | Wraps/Kyckling Curry: 1 | Wraps/Sweet Chili: 1
Gävle,Coop Skutskär,Thursday,32,27~34,21,Baguette/Kyckling Curry: 1 | Baguette/Ost & Skinka: 1 | Baguette/Salami & Brieost: 1 | Baguette/Skagen: 2 | Fralla/Ost & Skinka: 1 | Fralla/Ost: 2 | Hönökaka/Ost & Skinka: 1 | Hönökaka/Ost: 1 | Pastasallad/Kyckling & Salladsost: 2 | Pastasallad/Kyckling mangocurry: 2 | Pastasallad/Räkor: 2 | Räkmacka Liten/Räkmacka liten: 2 | Sandwich/Bacon & Äggröra: 1 | Sandwich/Clubsandwich: 2 | Sandwich/Räkor: 2 | Wraps/Caesar Kyckling: 1 | Wraps/Kyckling Bacon: 2 | Wraps/Kyckling Curry: 2 | Wraps/Sweet Chili: 2 | XL Frallor/Ost & Skinka: 1 | XL Frallor/Ost: 1
Gävle,Coop Tierp,Thursday,37,30~45,23,Baguette/Kyckling Curry: 1 | Baguette/Ost & Skinka: 2 | Baguette/Salami & Brieost: 1 | Baguette/Skagen: 1 | Blandstubbe/Blandstubbe: 1 | Fralla/Ost & Skinka: 2 | Fralla/Ost: 3 | Hönökaka/Ost & Skinka: 2 | Hönökaka/Ost: 2 | Pastasallad/Kyckling & Salladsost: 2 | Pastasallad/Kyckling mangocurry: 2 | Pastasallad/Räkor: 1 | Räkmacka Liten/Räkmacka liten: 2 | Räkstubbe/Räkstubbe: 1 | Sandwich/Bacon & Äggröra: 2 | Sandwich/Clubsandwich: 2 | Sandwich/Räkor: 2 | Wraps/Caesar Kyckling: 2 | Wraps/Kyckling Bacon: 2 | Wraps/Kyckling Curry: 1 | XL Frallor/Grovfralla Kalkon & Färskost: 1 | XL Frallor/Ost & Skinka: 1 | XL Frallor/Ost: 1
Gävle,Coop Triangeln,Thursday,27,21~38,18,Baguette/Kyckling Curry: 1 | Baguette/Ost & Skinka: 1 | Baguette/Salami & Brieost: 1 | Baguette/Skagen: 2 | Fralla/Ost & Skinka: 2 | Fralla/Ost: 2 | Pastasallad/Kyckling & Salladsost: 2 | Pastasallad/Kyckling mangocurry: 2 | Pastasallad/Räkor: 1 | Sandwich/Bacon & Äggröra: 1 | Sandwich/Clubsandwich: 1 | Sandwich/Kyckling Curry: 1 | Wraps/Caesar Kyckling: 2 | Wraps/Kyckling Bacon: 2 | Wraps/Kyckling Curry: 2 | Wraps/Sweet Chili: 2 | XL Frallor/Ost & Skinka: 1 | XL Frallor/Ost: 1
Gävle,Coop Älvkarleby,Thursday,28,24~33,19,Baguette/Kyckling Curry: 1 | Baguette/Ost & Skinka: 2 | Baguette/Salami & Brieost: 2 | Baguette/Skagen: 1 | Fralla/Ost & Skinka: 1 | Fralla/Ost: 1 | Hönökaka/Ost & Skinka: 2 | Hönökaka/Ost: 1 | Pastasallad/Bacon & Kyckling: 1 | Pastasallad/Kyckling & Salladsost: 2 | Pastasallad/Kyckling mangocurry: 2 | Pastasallad/Räkor: 1 | Sandwich/Clubsandwich: 1 | Sandwich/Kyckling Curry: 1 | Sandwich/Räkor: 1 | Wraps/Caesar Kyckling: 2 | Wraps/Kyckling Bacon: 2 | Wraps/Kyckling Curry: 2 | Wraps/Sweet Chili: 2
Gävle,Coop Österbybruk,Thursday,23,19~37,20,Baguette/Kyckling Curry: 1 | Baguette/Ost & Skinka: 1 | Baguette/Salami & Brieost: 1 | Baguette/Skagen: 1 | Fralla/Ost & Skinka: 1 | Fralla/Ost: 1 | Hönökaka/Ost & Skinka: 1 | Hönökaka/Ost: 1 | Pastasallad/Bacon & Kyckling: 1 | Pastasallad/Kyckling & Salladsost: 2 | Pastasallad/Kyckling mangocurry: 1 | Pastasallad/Räkor: 1 | Sandwich/Bacon & Äggröra: 1 | Sandwich/Clubsandwich: 2 | Sandwich/Kyckling Curry: 1 | Sandwich/Räkor: 1 | Wraps/Caesar Kyckling: 1 | Wraps/Kyckling Bacon: 1 | Wraps/Kyckling Curry: 2 | Wraps/Sweet Chili: 1
Gävle,Drottningskiosken,Thursday,74,62~91,20,Baguette/Kyckling Curry: 6 | Baguette/Ost & Skinka: 2 | Baguette/Salami & Brieost: 3 | Baguette/Skagen: 8 | Fralla/Ost & Skinka: 13 | Fralla/Ost: 17 | Pastasallad/Kyckling & Salladsost: 2 | Pastasallad/Kyckling kebab: 1 | Pastasallad/Kyckling mangocurry: 1 | Pastasallad/Ost & Skinka: 1 | Pastasallad/Räkor: 2 | Sandwich/Bacon & Äggröra: 2 | Sandwich/Clubsandwich: 2 | Sandwich/Kyckling Curry: 2 | Sandwich/Kyckling Pestoröra: 2 | Sandwich/Räkor: 2 | Wraps/Caesar Kyckling: 2 | Wraps/Kyckling Bacon: 2 | Wraps/Kyckling Curry: 2 | Wraps/Sweet Chili: 2
Gävle,ICA Ahlgrens Torg,Thursday,8,2~10,8,Pastasallad/Kyckling & Salladsost: 1 | Pastasallad/Kyckling mangocurry: 1 | Pastasallad/Räkor: 1 | Sandwich/Clubsandwich: 1 | Wraps/Caesar Kyckling: 1 | Wraps/Kyckling Bacon: 1 | Wraps/Kyckling Curry: 1 | Wraps/Sweet Chili: 1
Gävle,ICA Spegeln,Thursday,106,94~127,29,Baguette/Kyckling Curry: 2 | Baguette/Kyckling Sweet Chili: 1 | Baguette/Ost & Skinka: 2 | Baguette/Salami & Brieost: 3 | Baguette/Skagen: 2 | Fralla/Ost & Skinka: 12 | Fralla/Ost: 10 | Grönsallad/Caesarsallad: 1 | Hönökaka/Ost & Salami: 9 | Hönökaka/Ost & Skinka: 10 | Hönökaka/Ost: 9 | Pastasallad/Bacon & Kyckling: 1 | Pastasallad/Kyckling & Salladsost: 4 | Pastasallad/Kyckling mangocurry: 5 | Pastasallad/Ost & Skinka: 1 | Pastasallad/Räkor: 3 | Sandwich/Clubsandwich: 2 | Sandwich/Kyckling Curry: 2 | Sandwich/Kyckling Pestoröra: 1 | Sandwich/Räkor: 2 | Varmrätt/Kycklingspett med ris: 1 | Varmrätt/Teriyakikycklingfile med basmatiris: 1 | Wraps/Caesar Kyckling: 2 | Wraps/Kyckling Bacon: 2 | Wraps/Kyckling Curry: 1 | Wraps/Sweet Chili: 2 | XL Frallor/Grovfralla Kalkon & Färskost: 4 | XL Frallor/Ost & Skinka: 6 | XL Frallor/Ost: 5
Gävle,ICA Stortorget,Thursday,46,34~61,16,Grönsallad/Caesarsallad: 2 | Grönsallad/Kyckling: 1 | Pastasallad/Bacon & Kyckling: 2 | Pastasallad/Kyckling & Salladsost: 5 | Pastasallad/Kyckling mangocurry: 6 | Pastasallad/Ost & Skinka: 3 | Pastasallad/Räkor: 2 | Sandwich/Bacon & Äggröra: 2 | Sandwich/Clubsandwich: 1 | Sandwich/Kyckling Curry: 2 | Sandwich/Kyckling Pestoröra: 2 | Sandwich/Räkor: 2 | Wraps/Caesar Kyckling: 4 | Wraps/Kyckling Bacon: 4 | Wraps/Kyckling Curry: 4 | Wraps/Sweet Chili: 4
Gävle,ICA Söder,Thursday,36,28~49,24,Baguette/Kyckling Curry: 1 | Baguette/Kyckling Sweet Chili: 1 | Baguette/Ost & Skinka: 2 | Baguette/Salami & Brieost: 1 | Baguette/Skagen: 2 | Fralla/Ost & Skinka: 2 | Fralla/Ost: 1 | Grönsallad/Caesarsallad: 1 | Hönökaka/Ost & Salami: 1 | Hönökaka/Ost & Skinka: 1 | Hönökaka/Ost: 2 | Pastasallad/Bacon & Kyckling: 1 | Pastasallad/Kyckling & Salladsost: 2 | Pastasallad/Kyckling mangocurry: 2 | Pastasallad/Räkor: 2 | Sandwich/Bacon & Äggröra: 1 | Sandwich/Clubsandwich: 1 | Sandwich/Kyckling Curry: 2 | Sandwich/Räkor: 1 | Sandwich/Ägg & Avocadokräm: 1 | Wraps/Caesar Kyckling: 2 | Wraps/Kyckling Bacon: 2 | Wraps/Kyckling Curry: 2 | Wraps/Sweet Chili: 2
Gävle,ICA Örbyhus,Thursday,52,43~71,26,Baguette/Kyckling Curry: 2 | Baguette/Kyckling Sweet Chili: 2 | Baguette/Ost & Skinka: 2 | Baguette/Salami & Brieost: 2 | Baguette/Skagen: 2 | Fralla/Ost & Skinka: 3 | Fralla/Ost: 1 | Grönsallad/Caesarsallad: 1 | Hönökaka/Ost & Skinka: 2 | Hönökaka/Ost: 1 | Pastasallad/Bacon & Kyckling: 2 | Pastasallad/Kyckling & Salladsost: 3 | Pastasallad/Kyckling mangocurry: 4 | Pastasallad/Ost & Skinka: 1 | Pastasallad/Räkor: 2 | Sandwich/Bacon & Äggröra: 2 | Sandwich/Clubsandwich: 4 | Sandwich/Kyckling Curry: 3 | Sandwich/Räkor: 2 | Sandwich/Ägg & Avocadokräm: 2 | Wraps/Caesar Kyckling: 2 | Wraps/Kyckling Bacon: 2 | Wraps/Kyckling Curry: 1 | Wraps/Sweet Chili: 1 | XL Frallor/Ost & Skinka: 1 | XL Frallor/Ost: 2
Gävle,Myway Torget,Thursday,9,6~12,6,Baguette/Skagen: 1 | Pastasallad/Kyckling & Salladsost: 2 | Pastasallad/Kyckling mangocurry: 2 | Sandwich/Kyckling Curry: 1 | Wraps/Kyckling Bacon: 2 | Wraps/Kyckling Curry: 1
Gävle,Tempo Brynäs,Thursday,39,33~48,23,Baguette/Kyckling Curry: 2 | Baguette/Ost & Skinka: 2 | Baguette/Salami & Brieost: 1 | Baguette/Skagen: 2 | Fralla/Ost & Skinka: 2 | Fralla/Ost: 2 | Hönökaka/Ost & Salami: 1 | Hönökaka/Ost & Skinka: 1 | Hönökaka/Ost: 2 | Pastasallad/Bacon & Kyckling: 2 | Pastasallad/Kyckling & Salladsost: 2 | Pastasallad/Kyckling mangocurry: 3 | Pastasallad/Ost & Skinka: 2 | Pastasallad/Räkor: 2 | Sandwich/Bacon & Äggröra: 1 | Sandwich/Clubsandwich: 2 | Sandwich/Kyckling Curry: 1 | Sandwich/Räkor: 2 | Varmrätt/Teriyakikycklingfile med basmatiris: 1 | Wraps/Caesar Kyckling: 2 | Wraps/Kyckling Bacon: 1 | Wraps/Kyckling Curry: 1 | Wraps/Sweet Chili: 2
Stockholm Mellan,Coop Bredden,Sunday,51,42~69,22,Baguette/Kyckling Sweet Chili: 2 | Baguette/Ost & Skinka: 1 | Baguette/Salami & Brieost: 2 | Baguette/Skagen: 2 | Fralla/Ost & Skinka: 5 | Fralla/Ost: 3 | Grönsallad/Caesarsallad: 1 | Hönökaka/Ost & Skinka: 4 | Hönökaka/Ost: 3 | Pastasallad/Bacon & Kyckling: 2 | Pastasallad/Kyckling & Salladsost: 3 | Pastasallad/Kyckling mangocurry: 3 | Pastasallad/Ost & Skinka: 2 | Pastasallad/Räkor: 2 | Sandwich/Clubsandwich: 2 | Sandwich/Kyckling Curry: 2 | Sandwich/Räkor: 2 | Sandwich/Ägg & Avocadokräm: 2 | Wraps/Caesar Kyckling: 2 | Wraps/Kyckling Bacon: 2 | Wraps/Kyckling Curry: 2 | Wraps/Sweet Chili: 2
Stockholm Mellan,Coop Bromma,Sunday,13,9~21,12,Baguette/Kyckling Sweet Chili: 1 | Baguette/Ost & Skinka: 1 | Grönsallad/Caesarsallad: 1 | Hönökaka/Ost & Salami: 1 | Hönökaka/Ost & Skinka: 1 | Pastasallad/Bacon & Kyckling: 1 | Pastasallad/Kyckling & Salladsost: 2 | Sandwich/Clubsandwich: 1 | Varmrätt/Cevapcici med bulgur: 1 | Wraps/Caesar Kyckling: 1 | Wraps/Kyckling Bacon: 1 | Wraps/Sweet Chili: 1
Stockholm Mellan,Coop Häggvik,Sunday,13,3~16,13,Baguette/Ost & Skinka: 1 | Pastasallad/Kyckling & Salladsost: 1 | Pastasallad/Kyckling mangocurry: 1 | Pastasallad/Räkor: 1 | Varmrätt/Cevapcici med bulgur: 1 | Varmrätt/Teriyakikycklingfile med basmatiris: 1 | Wraps/Caesar Kyckling: 1 | Wraps/Kyckling Bacon: 1 | Wraps/Kyckling Curry: 1 | Wraps/Sweet Chili: 1 | XL Frallor/Grovfralla Kalkon & Färskost: 1 | XL Frallor/Ost & Skinka: 1 | XL Frallor/Ost: 1
Stockholm Mellan,Coop Korpkulla,Sunday,69,56~88,25,Baguette/Kyckling Curry: 1 | Baguette/Ost & Skinka: 2 | Baguette/Salami & Brieost: 3 | Baguette/Skagen: 2 | Fralla/Ost & Skinka: 5 | Fralla/Ost: 6 | Hönökaka/Ost & Salami: 2 | Hönökaka/Ost & Skinka: 5 | Hönökaka/Ost: 4 | Pastasallad/Bacon & Kyckling: 2 | Pastasallad/Kyckling & Salladsost: 3 | Pastasallad/Kyckling mangocurry: 4 | Pastasallad/Ost & Skinka: 2 | Pastasallad/Räkor: 2 | Sandwich/Bacon & Äggröra: 2 | Sandwich/Clubsandwich: 2 | Sandwich/Kyckling Curry: 2 | Sandwich/Räkor: 3 | Wraps/Caesar Kyckling: 2 | Wraps/Kyckling Bacon: 3 | Wraps/Kyckling Curry: 3 | Wraps/Sweet Chili: 3 | Wraps/Wrap Curry Oumph!: 1 | XL Frallor/Ost & Skinka: 3 | XL Frallor/Ost: 2
Stockholm Mellan,Coop Märsta,Sunday,126,100~158,35,Baguette/Kyckling Curry: 2 | Baguette/Kyckling Sweet Chili: 2 | Baguette/Kycklingsallad Olivie: 1 | Baguette/Ost & Skinka: 3 | Baguette/Salami & Brieost: 3 | Baguette/Skagen: 4 | Fralla/Ost & Skinka: 7 | Fralla/Ost: 7 | Grönsallad/Caesarsallad: 3 | Grönsallad/Kyckling: 3 | Hönökaka/Ost & Salami: 4 | Hönökaka/Ost & Skinka: 4 | Hönökaka/Ost: 3 | Pastasallad/Bacon & Kyckling: 3 | Pastasallad/Falafel: 1 | Pastasallad/Kyckling & Salladsost: 6 | Pastasallad/Kyckling kebab: 1 | Pastasallad/Kyckling mangocurry: 7 | Pastasallad/Ost & Skinka: 2 | Pastasallad/Räkor: 6 | Sandwich/Bacon & Äggröra: 3 | Sandwich/Clubsandwich: 3 | Sandwich/Kyckling Curry: 2 | Sandwich/Kyckling Pestoröra: 2 | Sandwich/Räkor: 3 | Sandwich/Ägg & Avocadokräm: 2 | Varmrätt/Teriyakibiff med ris: 1 | Varmrätt/Teriyakikycklingfile med basmatiris: 1 | Wraps/Caesar Kyckling: 8 | Wraps/Kyckling Bacon: 6 | Wraps/Kyckling Curry: 8 | Wraps/Sweet Chili: 5 | XL Frallor/Grovfralla Kalkon & Färskost: 4 | XL Frallor/Ost & Skinka: 3 | XL Frallor/Ost: 3
Stockholm Mellan,Coop Norrtull,Sunday,56,45~78,27,Baguette/Kyckling Curry: 1 | Baguette/Kyckling Sweet Chili: 1 | Baguette/Ost & Skinka: 1 | Baguette/Salami & Brieost: 1 | Baguette/Skagen: 1 | Fralla/Ost & Skinka: 4 | Fralla/Ost: 4 | Grönsallad/Caesarsallad: 1 | Grönsallad/Kyckling: 1 | Hönökaka/Ost & Salami: 2 | Hönökaka/Ost & Skinka: 5 | Hönökaka/Ost: 4 | Pastasallad/Bacon & Kyckling: 2 | Pastasallad/Kyckling & Salladsost: 2 | Pastasallad/Kyckling mangocurry: 3 | Pastasallad/Ost & Skinka: 3 | Pastasallad/Räkor: 2 | Sandwich/Clubsandwich: 1 | Sandwich/Kyckling Curry: 1 | Sandwich/Kyckling Pestoröra: 1 | Sandwich/Räkor: 1 | Wraps/Caesar Kyckling: 2 | Wraps/Kyckling Bacon: 3 | Wraps/Kyckling Curry: 2 | Wraps/Sweet Chili: 3 | XL Frallor/Ost & Skinka: 2 | XL Frallor/Ost: 2
Stockholm Mellan,Coop Rotebro,Sunday,39,28~53,26,Baguette/Kyckling Curry: 1 | Baguette/Ost & Skinka: 1 | Baguette/Salami & Brieost: 1 | Baguette/Skagen: 1 | Fralla/Ost & Skinka: 2 | Fralla/Ost: 1 | Grönsallad/Caesarsallad: 2 | Grönsallad/Kyckling: 1 | Hönökaka/Ost & Salami: 1 | Hönökaka/Ost & Skinka: 2 | Hönökaka/Ost: 2 | Pastasallad/Kyckling & Salladsost: 2 | Pastasallad/Kyckling mangocurry: 2 | Pastasallad/Räkor: 3 | Sandwich/Bacon & Äggröra: 1 | Sandwich/Clubsandwich: 1 | Sandwich/Kyckling Pestoröra: 1 | Sandwich/Räkor: 2 | Sandwich/Ägg & Avocadokräm: 1 | Wraps/Caesar Kyckling: 2 | Wraps/Kyckling Bacon: 1 | Wraps/Kyckling Curry: 3 | Wraps/Sweet Chili: 2 | XL Frallor/Grovfralla Kalkon & Färskost: 1 | XL Frallor/Ost & Skinka: 1 | XL Frallor/Ost: 1
Stockholm Mellan,Hemköp Scandinavia,Sunday,17,11~22,9,Baguette/Kyckling Curry: 1 | Baguette/Salami & Brieost: 1 | Baguette/Skagen: 1 | Pastasallad/Kyckling & Salladsost: 3 | Pastasallad/Kyckling mangocurry: 4 | Pastasallad/Räkor: 4 | Varmrätt/Kyckling-och böngryta: 1 | Varmrätt/Kycklingpestosallad: 1 | Varmrätt/Teriyakikycklingfile med basmatiris: 1
Stockholm Mellan,Hemköp Ulriksdal,Sunday,57,47~75,25,Baguette/Kyckling Curry: 2 | Baguette/Ost & Skinka: 1 | Baguette/Salami & Brieost: 2 | Baguette/Skagen: 1 | Fralla/Ost & Skinka: 3 | Fralla/Ost: 3 | Hönökaka/Ost & Salami: 2 | Hönökaka/Ost & Skinka: 3 | Hönökaka/Ost: 3 | Pastasallad/Bacon & Kyckling: 2 | Pastasallad/Kyckling & Salladsost: 2 | Pastasallad/Kyckling mangocurry: 3 | Pastasallad/Räkor: 2 | Sandwich/Clubsandwich: 2 | Sandwich/Kyckling Curry: 2 | Sandwich/Kyckling Pestoröra: 1 | Sandwich/Räkor: 2 | Sandwich/Ägg & Avocadokräm: 2 | Wraps/Caesar Kyckling: 3 | Wraps/Kyckling Bacon: 4 | Wraps/Kyckling Curry: 3 | Wraps/Sweet Chili: 3 | XL Frallor/Grovfralla Kalkon & Färskost: 2 | XL Frallor/Ost & Skinka: 2 | XL Frallor/Ost: 2
Stockholm Mellan,ICA Dalastan,Sunday,47,34~64,27,Baguette/Kyckling Curry: 1 | Baguette/Kyckling Sweet Chili: 1 | Baguette/Ost & Skinka: 1 | Baguette/Salami & Brieost: 1 | Baguette/Skagen: 1 | Fralla/Ost & Skinka: 3 | Fralla/Ost: 2 | Grönsallad/Caesarsallad: 2 | Grönsallad/Kyckling: 1 | Hönökaka/Ost & Skinka: 3 | Hönökaka/Ost: 3 | Pastasallad/Bacon & Kyckling: 2 | Pastasallad/Kyckling & Salladsost: 2 | Pastasallad/Kyckling mangocurry: 2 | Pastasallad/Ost & Skinka: 2 | Pastasallad/Räkor: 1 | Sandwich/Clubsandwich: 1 | Sandwich/Kyckling Pestoröra: 1 | Varmrätt/Cevapcici med bulgur: 1 | Varmrätt/Teriyakikycklingfile med basmatiris: 1 | Wraps/Caesar Kyckling: 3 | Wraps/Kyckling Bacon: 3 | Wraps/Kyckling Curry: 3 | Wraps/Sweet Chili: 3 | XL Frallor/Grovfralla Kalkon & Färskost: 1 | XL Frallor/Ost & Skinka: 1 | XL Frallor/Ost: 1
Stockholm Mellan,ICA Kista,Sunday,125,102~151,33,Baguette/Kyckling Curry: 2 | Baguette/Kyckling Sweet Chili: 2 | Baguette/Ost & Skinka: 2 | Baguette/Salami & Brieost: 2 | Baguette/Skagen: 2 | Fralla/Ost & Skinka: 10 | Fralla/Ost: 9 | Glutenfri Frallor/Glutenfri Pumpafralla Kalkon & Färskost(endast söndagsbeställning): 1 | Grönsallad/Caesarsallad: 1 | Grönsallad/Kyckling: 2 | Hönökaka/Ost & Salami: 5 | Hönökaka/Ost & Skinka: 10 | Hönökaka/Ost: 8 | Pastasallad/Bacon & Kyckling: 3 | Pastasallad/Falafel: 1 | Pastasallad/Kyckling & Salladsost: 3 | Pastasallad/Kyckling mangocurry: 4 | Pastasallad/Ost & Skinka: 2 | Pastasallad/Räkor: 2 | Sandwich/Bacon & Äggröra: 4 | Sandwich/Clubsandwich: 4 | Sandwich/Kyckling Curry: 4 | Sandwich/Kyckling Pestoröra: 2 | Sandwich/Räkor: 4 | Sandwich/Ägg & Avocadokräm: 4 | Wraps/Caesar Kyckling: 5 | Wraps/Kyckling Bacon: 6 | Wraps/Kyckling Curry: 5 | Wraps/Kycklingsallad Olivie: 3 | Wraps/Sweet Chili: 4 | XL Frallor/Grovfralla Kalkon & Färskost: 2 | XL Frallor/Ost & Skinka: 3 | XL Frallor/Ost: 4
Stockholm Mellan,ICA Lunden,Sunday,63,49~85,29,Baguette/Kyckling Curry: 1 | Baguette/Ost & Skinka: 1 | Baguette/Salami & Brieost: 1 | Baguette/Skagen: 1 | Fralla/Ost & Skinka: 3 | Fralla/Ost: 2 | Grönsallad/Caesarsallad: 2 | Grönsallad/Kyckling: 2 | Hönökaka/Ost & Salami: 2 | Hönökaka/Ost & Skinka: 3 | Hönökaka/Ost: 3 | Pastasallad/Bacon & Kyckling: 2 | Pastasallad/Falafel: 1 | Pastasallad/Kyckling & Salladsost: 4 | Pastasallad/Kyckling mangocurry: 4 | Pastasallad/Ost & Skinka: 2 | Pastasallad/Räkor: 2 | Sandwich/Bacon & Äggröra: 2 | Sandwich/Clubsandwich: 1 | Sandwich/Kyckling Curry: 3 | Sandwich/Kyckling Pestoröra: 2 | Sandwich/Räkor: 1 | Sandwich/Ägg & Avocadokräm: 3 | Wraps/Caesar Kyckling: 3 | Wraps/Kyckling Bacon: 3 | Wraps/Kyckling Curry: 3 | Wraps/Sweet Chili: 2 | XL Frallor/Ost & Skinka: 2 | XL Frallor/Ost: 2
Stockholm Mellan,ICA Norrviken,Sunday,56,44~76,28,Baguette/Kyckling Curry: 1 | Baguette/Salami & Brieost: 1 | Baguette/Skagen: 1 | Fralla/Ost & Skinka: 3 | Fralla/Ost: 3 | Grönsallad/Caesarsallad: 1 | Grönsallad/Kyckling: 2 | Hönökaka/Ost & Salami: 2 | Hönökaka/Ost & Skinka: 4 | Hönökaka/Ost: 2 | Pastasallad/Bacon & Kyckling: 2 | Pastasallad/Kyckling & Salladsost: 3 | Pastasallad/Kyckling kebab: 1 | Pastasallad/Kyckling mangocurry: 3 | Pastasallad/Ost & Skinka: 3 | Pastasallad/Räkor: 2 | Sandwich/Bacon & Äggröra: 2 | Sandwich/Clubsandwich: 2 | Sandwich/Kyckling Curry: 1 | Sandwich/Kyckling Pestoröra: 3 | Sandwich/Räkor: 2 | Wraps/Caesar Kyckling: 2 | Wraps/Kyckling Bacon: 2 | Wraps/Kyckling Curry: 1 | Wraps/Sweet Chili: 2 | XL Frallor/Grovfralla Kalkon & Färskost: 2 | XL Frallor/Ost & Skinka: 1 | XL Frallor/Ost: 2
Stockholm Mellan,ICA Nära Roslagstull,Sunday,42,30~52,17,Baguette/Kyckling Curry: 2 | Baguette/Kyckling Sweet Chili: 1 | Baguette/Salami & Brieost: 2 | Baguette/Skagen: 2 | Pastasallad/Bacon & Kyckling: 2 | Pastasallad/Kyckling & Salladsost: 2 | Pastasallad/Kyckling mangocurry: 4 | Pastasallad/Ost & Skinka: 2 | Pastasallad/Räkor: 2 | Sandwich/Clubsandwich: 2 | Sandwich/Kyckling Pestoröra: 1 | Sandwich/Räkor: 1 | Varmrätt/Teriyakikycklingfile med basmatiris: 1 | Wraps/Caesar Kyckling: 4 | Wraps/Kyckling Bacon: 5 | Wraps/Kyckling Curry: 5 | Wraps/Sweet Chili: 4
Stockholm Mellan,ICA RAPID,Sunday,69,52~94,31,Baguette/Kyckling Curry: 1 | Baguette/Kyckling Sweet Chili: 1 | Baguette/Ost & Skinka: 1 | Baguette/Salami & Brieost: 1 | Baguette/Skagen: 2 | Fralla/Ost & Skinka: 3 | Fralla/Ost: 2 | Grönsallad/Caesarsallad: 2 | Grönsallad/Kyckling: 2 | Hönökaka/Ost & Salami: 4 | Hönökaka/Ost & Skinka: 4 | Hönökaka/Ost: 3 | Pastasallad/Bacon & Kyckling: 3 | Pastasallad/Kyckling & Salladsost: 4 | Pastasallad/Kyckling mangocurry: 4 | Pastasallad/Räkor: 2 | Sandwich/Bacon & Äggröra: 2 | Sandwich/Clubsandwich: 2 | Sandwich/Kyckling Curry: 3 | Sandwich/Räkor: 2 | Sandwich/Ägg & Avocadokräm: 2 | Varmrätt/Kycklingspett med ris: 1 | Varmrätt/Teriyakibiff med ris: 1 | Varmrätt/Teriyakikycklingfile med basmatiris: 1 | Wraps/Caesar Kyckling: 3 | Wraps/Kyckling Bacon: 4 | Wraps/Kyckling Curry: 2 | Wraps/Sweet Chili: 4 | XL Frallor/Grovfralla Kalkon & Färskost: 1 | XL Frallor/Ost & Skinka: 1 | XL Frallor/Ost: 1
Stockholm Mellan,ICA Sigma,Sunday,54,39~68,32,Baguette/Kyckling Curry: 1 | Baguette/Kyckling Sweet Chili: 1 | Baguette/Ost & Skinka: 2 | Baguette/Salami & Brieost: 2 | Fralla/Ost & Skinka: 2 | Fralla/Ost: 1 | Grönsallad/Caesarsallad: 2 | Grönsallad/Kyckling: 1 | Hönökaka/Ost & Salami: 2 | Hönökaka/Ost & Skinka: 2 | Hönökaka/Ost: 2 | Pastasallad/Bacon & Kyckling: 2 | Pastasallad/Kyckling & Salladsost: 2 | Pastasallad/Kyckling mangocurry: 3 | Pastasallad/Ost & Skinka: 2 | Pastasallad/Räkor: 2 | Sandwich/Bacon & Äggröra: 1 | Sandwich/Clubsandwich: 2 | Sandwich/Kyckling Curry: 2 | Sandwich/Kyckling Pestoröra: 1 | Sandwich/Räkor: 2 | Sandwich/Ägg & Avocadokräm: 1 | Varmrätt/Kycklingspett med ris: 1 | Varmrätt/Teriyakikycklingfile med basmatiris: 1 | Wraps/Caesar Kyckling: 2 | Wraps/Kyckling Bacon: 4 | Wraps/Kyckling Curry: 2 | Wraps/Sweet Chili: 2 | Wraps/Wrap Curry Oumph!: 1 | XL Frallor/Grovfralla Kalkon & Färskost: 1 | XL Frallor/Ost & Skinka: 1 | XL Frallor/Ost: 1
Stockholm Mellan,ICA Supermarket Solna Centrum,Sunday,116,94~147,29,Baguette/Kyckling Curry: 3 | Baguette/Kyckling Sweet Chili: 1 | Baguette/Kycklingsallad Olivie: 1 | Baguette/Ost & Skinka: 3 | Baguette/Salami & Brieost: 5 | Baguette/Skagen: 5 | Fralla/Ost & Skinka: 4 | Fralla/Ost: 3 | Hönökaka/Ost & Salami: 4 | Hönökaka/Ost & Skinka: 4 | Hönökaka/Ost: 4 | Pastasallad/Bacon & Kyckling: 3 | Pastasallad/Kyckling & Salladsost: 5 | Pastasallad/Kyckling kebab: 2 | Pastasallad/Kyckling mangocurry: 5 | Pastasallad/Räkor: 4 | Sandwich/Bacon & Äggröra: 3 | Sandwich/Clubsandwich: 3 | Sandwich/Kyckling Curry: 2 | Sandwich/Kyckling Pestoröra: 3 | Sandwich/Räkor: 2 | Sandwich/Ägg & Avocadokräm: 3 | Wraps/Caesar Kyckling: 8 | Wraps/Kyckling Bacon: 8 | Wraps/Kyckling Curry: 10 | Wraps/Sweet Chili: 7 | XL Frallor/Grovfralla Kalkon & Färskost: 4 | XL Frallor/Ost & Skinka: 4 | XL Frallor/Ost: 3
Stockholm Mellan,ICA Sätuna,Sunday,48,37~64,20,Baguette/Kyckling Curry: 1 | Baguette/Salami & Brieost: 2 | Baguette/Skagen: 2 | Grönsallad/Caesarsallad: 1 | Hönökaka/Ost & Salami: 2 | Hönökaka/Ost & Skinka: 3 | Hönökaka/Ost: 3 | Pastasallad/Kyckling & Salladsost: 3 | Pastasallad/Kyckling mangocurry: 4 | Pastasallad/Räkor: 3 | Sandwich/Bacon & Äggröra: 1 | Sandwich/Clubsandwich: 2 | Sandwich/Kyckling Curry: 2 | Sandwich/Kyckling Pestoröra: 1 | Sandwich/Räkor: 1 | Sandwich/Ägg & Avocadokräm: 2 | Wraps/Caesar Kyckling: 4 | Wraps/Kyckling Bacon: 3 | Wraps/Kyckling Curry: 5 | Wraps/Sweet Chili: 3
Stockholm Mellan,Myway Danderyd,Sunday,44,35~61,24,Baguette/Kyckling Curry: 1 | Baguette/Ost & Skinka: 1 | Baguette/Salami & Brieost: 1 | Baguette/Skagen: 1 | Fralla/Ost & Skinka: 8 | Fralla/Ost: 5 | Hönökaka/Ost & Salami: 1 | Hönökaka/Ost & Skinka: 2 | Hönökaka/Ost: 2 | Pastasallad/Bacon & Kyckling: 1 | Pastasallad/Kyckling mangocurry: 1 | Sandwich/Bacon & Äggröra: 1 | Sandwich/Clubsandwich: 2 | Sandwich/Kyckling Curry: 1 | Sandwich/Kyckling Pestoröra: 1 | Sandwich/Räkor: 1 | Sandwich/Ägg & Avocadokräm: 1 | Wraps/Caesar Kyckling: 1 | Wraps/Kyckling Bacon: 2 | Wraps/Kyckling Curry: 2 | Wraps/Sweet Chili: 2 | XL Frallor/Grovfralla Kalkon & Färskost: 2 | XL Frallor/Ost & Skinka: 2 | XL Frallor/Ost: 2
Stockholm Mellan,Quickstar SOLNA,Sunday,34,26~49,19,Baguette/Salami & Brieost: 1 | Baguette/Skagen: 1 | Fralla/Ost & Skinka: 3 | Fralla/Ost: 2 | Hönökaka/Ost & Skinka: 5 | Hönökaka/Ost: 5 | Pastasallad/Kyckling & Salladsost: 1 | Pastasallad/Kyckling mangocurry: 1 | Pastasallad/Räkor: 1 | Sandwich/Bacon & Äggröra: 1 | Sandwich/Clubsandwich: 1 | Sandwich/Kyckling Curry: 1 | Sandwich/Räkor: 1 | Sandwich/Ägg & Avocadokräm: 1 | Wraps/Caesar Kyckling: 2 | Wraps/Kyckling Bacon: 2 | Wraps/Kyckling Curry: 2 | Wraps/Kycklingsallad Olivie: 1 | Wraps/Sweet Chili: 2
Stockholm Mellan,Coop Bredden,Monday,16,12~17,15,Baguette/Kyckling Sweet Chili: 1 | Baguette/Skagen: 1 | Fralla/Ost & Skinka: 2 | Fralla/Ost: 1 | Hönökaka/Ost & Skinka: 1 | Hönökaka/Ost: 1 | Pastasallad/Kyckling & Salladsost: 1 | Pastasallad/Kyckling mangocurry: 1 | Pastasallad/Ost & Skinka: 1 | Sandwich/Clubsandwich: 1 | Sandwich/Räkor: 1 | Wraps/Caesar Kyckling: 1 | Wraps/Kyckling Bacon: 1 | Wraps/Kyckling Curry: 1 | Wraps/Sweet Chili: 1
Stockholm Mellan,Coop Bromma,Monday,1,0~1,1,Pastasallad/Kyckling & Salladsost: 1
Stockholm Mellan,Coop Korpkulla,Monday,21,17~23,18,Baguette/Ost & Skinka: 1 | Baguette/Salami & Brieost: 1 | Fralla/Ost & Skinka: 2 | Fralla/Ost: 2 | Hönökaka/Ost & Skinka: 2 | Hönökaka/Ost: 1 | Pastasallad/Kyckling & Salladsost: 1 | Pastasallad/Kyckling mangocurry: 1 | Pastasallad/Ost & Skinka: 1 | Sandwich/Clubsandwich: 1 | Sandwich/Kyckling Curry: 1 | Sandwich/Räkor: 1 | Wraps/Caesar Kyckling: 1 | Wraps/Kyckling Bacon: 1 | Wraps/Kyckling Curry: 1 | Wraps/Sweet Chili: 1 | XL Frallor/Ost & Skinka: 1 | XL Frallor/Ost: 1
Stockholm Mellan,Coop Märsta,Monday,38,35~48,29,Baguette/Kyckling Curry: 1 | Baguette/Kyckling Sweet Chili: 1 | Baguette/Ost & Skinka: 1 | Baguette/Salami & Brieost: 1 | Baguette/Skagen: 1 | Fralla/Ost & Skinka: 2 | Fralla/Ost: 2 | Grönsallad/Caesarsallad: 1 | Grönsallad/Kyckling: 1 | Hönökaka/Ost & Salami: 1 | Hönökaka/Ost & Skinka: 1 | Hönökaka/Ost: 1 | Pastasallad/Bacon & Kyckling: 1 | Pastasallad/Kyckling & Salladsost: 2 | Pastasallad/Kyckling mangocurry: 2 | Pastasallad/Ost & Skinka: 1 | Pastasallad/Räkor: 2 | Sandwich/Bacon & Äggröra: 1 | Sandwich/Clubsandwich: 1 | Sandwich/Kyckling Pestoröra: 1 | Sandwich/Räkor: 1 | Sandwich/Ägg & Avocadokräm: 1 | Wraps/Caesar Kyckling: 2 | Wraps/Kyckling Bacon: 2 | Wraps/Kyckling Curry: 2 | Wraps/Sweet Chili: 2 | XL Frallor/Grovfralla Kalkon & Färskost: 1 | XL Frallor/Ost & Skinka: 1 | XL Frallor/Ost: 1
Stockholm Mellan,Coop Norrtull,Monday,13,10~16,12,Fralla/Ost & Skinka: 1 | Fralla/Ost: 1 | Hönökaka/Ost & Salami: 1 | Hönökaka/Ost & Skinka: 2 | Hönökaka/Ost: 1 | Pastasallad/Kyckling & Salladsost: 1 | Pastasallad/Kyckling mangocurry: 1 | Pastasallad/Ost & Skinka: 1 | Wraps/Kyckling Bacon: 1 | Wraps/Kyckling Curry: 1 | Wraps/Sweet Chili: 1 | XL Frallor/Ost & Skinka: 1
Stockholm Mellan,Coop Rotebro,Monday,8,4~8,8,Hönökaka/Ost & Skinka: 1 | Hönökaka/Ost: 1 | Pastasallad/Kyckling & Salladsost: 1 | Pastasallad/Kyckling mangocurry: 1 | Pastasallad/Räkor: 1 | Wraps/Caesar Kyckling: 1 | Wraps/Kyckling Curry: 1 | Wraps/Sweet Chili: 1
Stockholm Mellan,Hemköp Scandinavia,Monday,3,3~5,3,Pastasallad/Kyckling & Salladsost: 1 | Pastasallad/Kyckling mangocurry: 1 | Pastasallad/Räkor: 1
Stockholm Mellan,Hemköp Ulriksdal,Monday,17,11~18,17,Fralla/Ost & Skinka: 1 | Fralla/Ost: 1 | Hönökaka/Ost & Salami: 1 | Hönökaka/Ost & Skinka: 1 | Hönökaka/Ost: 1 | Pastasallad/Bacon & Kyckling: 1 | Pastasallad/Kyckling & Salladsost: 1 | Pastasallad/Kyckling mangocurry: 1 | Pastasallad/Räkor: 1 | Sandwich/Clubsandwich: 1 | Sandwich/Kyckling Curry: 1 | Sandwich/Räkor: 1 | Wraps/Caesar Kyckling: 1 | Wraps/Kyckling Bacon: 1 | Wraps/Kyckling Curry: 1 | Wraps/Sweet Chili: 1 | XL Frallor/Ost & Skinka: 1
Stockholm Mellan,ICA Dalastan,Monday,8,7~8,8,Fralla/Ost & Skinka: 1 | Fralla/Ost: 1 | Hönökaka/Ost & Skinka: 1 | Hönökaka/Ost: 1 | Wraps/Caesar Kyckling: 1 | Wraps/Kyckling Bacon: 1 | Wraps/Kyckling Curry: 1 | Wraps/Sweet Chili: 1
Stockholm Mellan,ICA Kista,Monday,41,31~51,28,Baguette/Kyckling Sweet Chili: 1 | Baguette/Ost & Skinka: 1 | Baguette/Skagen: 1 | Fralla/Ost & Skinka: 4 | Fralla/Ost: 3 | Grönsallad/Kyckling: 1 | Hönökaka/Ost & Salami: 2 | Hönökaka/Ost & Skinka: 3 | Hönökaka/Ost: 3 | Pastasallad/Bacon & Kyckling: 1 | Pastasallad/Kyckling & Salladsost: 1 | Pastasallad/Kyckling mangocurry: 1 | Pastasallad/Ost & Skinka: 1 | Pastasallad/Räkor: 1 | Sandwich/Bacon & Äggröra: 1 | Sandwich/Clubsandwich: 1 | Sandwich/Kyckling Curry: 1 | Sandwich/Kyckling Pestoröra: 1 | Sandwich/Räkor: 1 | Sandwich/Ägg & Avocadokräm: 1 | Wraps/Caesar Kyckling: 2 | Wraps/Kyckling Bacon: 2 | Wraps/Kyckling Curry: 2 | Wraps/Kycklingsallad Olivie: 1 | Wraps/Sweet Chili: 1 | XL Frallor/Grovfralla Kalkon & Färskost: 1 | XL Frallor/Ost & Skinka: 1 | XL Frallor/Ost: 1
Stockholm Mellan,ICA Lunden,Monday,18,14~20,18,Fralla/Ost & Skinka: 1 | Fralla/Ost: 1 | Grönsallad/Kyckling: 1 | Hönökaka/Ost & Salami: 1 | Hönökaka/Ost & Skinka: 1 | Hönökaka/Ost: 1 | Pastasallad/Bacon & Kyckling: 1 | Pastasallad/Kyckling & Salladsost: 1 | Pastasallad/Kyckling mangocurry: 1 | Pastasallad/Ost & Skinka: 1 | Pastasallad/Räkor: 1 | Sandwich/Kyckling Curry: 1 | Sandwich/Kyckling Pestoröra: 1 | Sandwich/Ägg & Avocadokräm: 1 | Wraps/Caesar Kyckling: 1 | Wraps/Kyckling Bacon: 1 | Wraps/Kyckling Curry: 1 | Wraps/Sweet Chili: 1
Stockholm Mellan,ICA Norrviken,Monday,14,10~15,14,Fralla/Ost & Skinka: 1 | Fralla/Ost: 1 | Hönökaka/Ost & Salami: 1 | Hönökaka/Ost & Skinka: 1 | Hönökaka/Ost: 1 | Pastasallad/Kyckling & Salladsost: 1 | Pastasallad/Kyckling mangocurry: 1 | Pastasallad/Ost & Skinka: 1 | Pastasallad/Räkor: 1 | Sandwich/Bacon & Äggröra: 1 | Sandwich/Kyckling Pestoröra: 1 | Wraps/Kyckling Bacon: 1 | Wraps/Sweet Chili: 1 | XL Frallor/Grovfralla Kalkon & Färskost: 1
Stockholm Mellan,ICA Nära Roslagstull,Monday,10,7~13,8,Pastasallad/Bacon & Kyckling: 1 | Pastasallad/Kyckling & Salladsost: 1 | Pastasallad/Kyckling mangocurry: 1 | Pastasallad/Ost & Skinka: 1 | Wraps/Caesar Kyckling: 1 | Wraps/Kyckling Bacon: 2 | Wraps/Kyckling Curry: 2 | Wraps/Sweet Chili: 1
Stockholm Mellan,ICA RAPID,Monday,19,16~24,18,Baguette/Skagen: 1 | Fralla/Ost & Skinka: 1 | Fralla/Ost: 1 | Hönökaka/Ost & Salami: 1 | Hönökaka/Ost & Skinka: 1 | Hönökaka/Ost: 1 | Pastasallad/Bacon & Kyckling: 1 | Pastasallad/Kyckling & Salladsost: 1 | Pastasallad/Kyckling mangocurry: 2 | Pastasallad/Räkor: 1 | Sandwich/Bacon & Äggröra: 1 | Sandwich/Clubsandwich: 1 | Sandwich/Kyckling Curry: 1 | Sandwich/Räkor: 1 | Wraps/Caesar Kyckling: 1 | Wraps/Kyckling Bacon: 1 | Wraps/Kyckling Curry: 1 | Wraps/Sweet Chili: 1
Stockholm Mellan,ICA Sigma,Monday,9,3~10,9,Fralla/Ost & Skinka: 1 | Hönökaka/Ost & Salami: 1 | Pastasallad/Kyckling & Salladsost: 1 | Pastasallad/Kyckling mangocurry: 1 | Pastasallad/Ost & Skinka: 1 | Sandwich/Clubsandwich: 1 | Sandwich/Räkor: 1 | Wraps/Caesar Kyckling: 1 | Wraps/Kyckling Bacon: 1
Stockholm Mellan,ICA Supermarket Solna Centrum,Monday,39,32~46,26,Baguette/Kyckling Curry: 1 | Baguette/Ost & Skinka: 1 | Baguette/Salami & Brieost: 2 | Baguette/Skagen: 2 | Fralla/Ost & Skinka: 2 | Fralla/Ost: 1 | Hönökaka/Ost & Salami: 2 | Hönökaka/Ost & Skinka: 2 | Hönökaka/Ost: 1 | Pastasallad/Bacon & Kyckling: 1 | Pastasallad/Kyckling & Salladsost: 2 | Pastasallad/Kyckling mangocurry: 2 | Pastasallad/Räkor: 2 | Sandwich/Bacon & Äggröra: 1 | Sandwich/Clubsandwich: 1 | Sandwich/Kyckling Curry: 1 | Sandwich/Kyckling Pestoröra: 1 | Sandwich/Räkor: 1 | Sandwich/Ägg & Avocadokräm: 1 | Wraps/Caesar Kyckling: 2 | Wraps/Kyckling Bacon: 2 | Wraps/Kyckling Curry: 3 | Wraps/Sweet Chili: 2 | XL Frallor/Grovfralla Kalkon & Färskost: 1 | XL Frallor/Ost & Skinka: 1 | XL Frallor/Ost: 1
Stockholm Mellan,ICA Sätuna,Monday,14,10~16,13,Baguette/Skagen: 1 | Hönökaka/Ost & Salami: 1 | Hönökaka/Ost & Skinka: 1 | Hönökaka/Ost: 1 | Pastasallad/Kyckling & Salladsost: 1 | Pastasallad/Kyckling mangocurry: 1 | Pastasallad/Räkor: 1 | Sandwich/Kyckling Curry: 1 | Sandwich/Ägg & Avocadokräm: 1 | Wraps/Caesar Kyckling: 1 | Wraps/Kyckling Bacon: 1 | Wraps/Kyckling Curry: 2 | Wraps/Sweet Chili: 1
Stockholm Mellan,Myway Danderyd,Monday,7,3~8,5,Fralla/Ost & Skinka: 2 | Fralla/Ost: 2 | Hönökaka/Ost & Skinka: 1 | Hönökaka/Ost: 1 | XL Frallor/Grovfralla Kalkon & Färskost: 1
Stockholm Mellan,Quickstar SOLNA,Monday,7,6~7,5,Fralla/Ost & Skinka: 1 | Fralla/Ost: 1 | Hönökaka/Ost & Skinka: 2 | Hönökaka/Ost: 2 | Wraps/Kyckling Bacon: 1
Stockholm Mellan,Coop Bredden,Tuesday,40,28~51,22,Baguette/Kyckling Sweet Chili: 2 | Baguette/Ost & Skinka: 1 | Baguette/Salami & Brieost: 1 | Baguette/Skagen: 2 | Fralla/Ost & Skinka: 4 | Fralla/Ost: 2 | Grönsallad/Caesarsallad: 1 | Hönökaka/Ost & Skinka: 3 | Hönökaka/Ost: 2 | Pastasallad/Bacon & Kyckling: 1 | Pastasallad/Kyckling & Salladsost: 2 | Pastasallad/Kyckling mangocurry: 2 | Pastasallad/Ost & Skinka: 2 | Pastasallad/Räkor: 1 | Sandwich/Clubsandwich: 2 | Sandwich/Kyckling Curry: 1 | Sandwich/Räkor: 2 | Sandwich/Ägg & Avocadokräm: 1 | Wraps/Caesar Kyckling: 2 | Wraps/Kyckling Bacon: 2 | Wraps/Kyckling Curry: 2 | Wraps/Sweet Chili: 2
Stockholm Mellan,Coop Bromma,Tuesday,9,2~9,8,Grönsallad/Caesarsallad: 1 | Hönökaka/Ost & Salami: 1 | Hönökaka/Ost & Skinka: 1 | Pastasallad/Bacon & Kyckling: 1 | Pastasallad/Kyckling & Salladsost: 2 | Wraps/Caesar Kyckling: 1 | Wraps/Kyckling Bacon: 1 | Wraps/Sweet Chili: 1
Stockholm Mellan,Coop Häggvik,Tuesday,3,1~3,3,Pastasallad/Kyckling & Salladsost: 1 | Pastasallad/Kyckling mangocurry: 1 | Pastasallad/Räkor: 1
Stockholm Mellan,Coop Korpkulla,Tuesday,50,40~67,25,Baguette/Kyckling Curry: 1 | Baguette/Ost & Skinka: 2 | Baguette/Salami & Brieost: 2 | Baguette/Skagen: 1 | Fralla/Ost & Skinka: 4 | Fralla/Ost: 4 | Hönökaka/Ost & Salami: 1 | Hönökaka/Ost & Skinka: 4 | Hönökaka/Ost: 3 | Pastasallad/Bacon & Kyckling: 1 | Pastasallad/Kyckling & Salladsost: 2 | Pastasallad/Kyckling mangocurry: 3 | Pastasallad/Ost & Skinka: 1 | Pastasallad/Räkor: 1 | Sandwich/Bacon & Äggröra: 1 | Sandwich/Clubsandwich: 2 | Sandwich/Kyckling Curry: 2 | Sandwich/Räkor: 2 | Wraps/Caesar Kyckling: 2 | Wraps/Kyckling Bacon: 2 | Wraps/Kyckling Curry: 2 | Wraps/Sweet Chili: 2 | Wraps/Wrap Curry Oumph!: 1 | XL Frallor/Ost & Skinka: 2 | XL Frallor/Ost: 2
Stockholm Mellan,Coop Märsta,Tuesday,90,74~117,34,Baguette/Kyckling Curry: 2 | Baguette/Kyckling Sweet Chili: 1 | Baguette/Kycklingsallad Olivie: 1 | Baguette/Ost & Skinka: 2 | Baguette/Salami & Brieost: 2 | Baguette/Skagen: 3 | Fralla/Ost & Skinka: 5 | Fralla/Ost: 5 | Grönsallad/Caesarsallad: 2 | Grönsallad/Kyckling: 2 | Hönökaka/Ost & Salami: 3 | Hönökaka/Ost & Skinka: 3 | Hönökaka/Ost: 2 | Pastasallad/Bacon & Kyckling: 2 | Pastasallad/Falafel: 1 | Pastasallad/Kyckling & Salladsost: 4 | Pastasallad/Kyckling kebab: 1 | Pastasallad/Kyckling mangocurry: 5 | Pastasallad/Ost & Skinka: 2 | Pastasallad/Räkor: 5 | Sandwich/Bacon & Äggröra: 2 | Sandwich/Clubsandwich: 2 | Sandwich/Kyckling Curry: 1 | Sandwich/Kyckling Pestoröra: 1 | Sandwich/Räkor: 2 | Sandwich/Ägg & Avocadokräm: 1 | Varmrätt/Teriyakikycklingfile med basmatiris: 1 | Wraps/Caesar Kyckling: 6 | Wraps/Kyckling Bacon: 4 | Wraps/Kyckling Curry: 6 | Wraps/Sweet Chili: 4 | XL Frallor/Grovfralla Kalkon & Färskost: 3 | XL Frallor/Ost & Skinka: 2 | XL Frallor/Ost: 2
Stockholm Mellan,Coop Norrtull,Tuesday,43,30~55,26,Baguette/Kyckling Curry: 1 | Baguette/Kyckling Sweet Chili: 1 | Baguette/Ost & Skinka: 1 | Baguette/Salami & Brieost: 1 | Fralla/Ost & Skinka: 3 | Fralla/Ost: 3 | Grönsallad/Caesarsallad: 1 | Grönsallad/Kyckling: 1 | Hönökaka/Ost & Salami: 2 | Hönökaka/Ost & Skinka: 4 | Hönökaka/Ost: 3 | Pastasallad/Bacon & Kyckling: 1 | Pastasallad/Kyckling & Salladsost: 2 | Pastasallad/Kyckling mangocurry: 2 | Pastasallad/Ost & Skinka: 2 | Pastasallad/Räkor: 1 | Sandwich/Clubsandwich: 1 | Sandwich/Kyckling Curry: 1 | Sandwich/Kyckling Pestoröra: 1 | Sandwich/Räkor: 1 | Wraps/Caesar Kyckling: 1 | Wraps/Kyckling Bacon: 2 | Wraps/Kyckling Curry: 2 | Wraps/Sweet Chili: 2 | XL Frallor/Ost & Skinka: 2 | XL Frallor/Ost: 1
Stockholm Mellan,Coop Rotebro,Tuesday,25,18~33,20,Baguette/Ost & Skinka: 1 | Baguette/Salami & Brieost: 1 | Baguette/Skagen: 1 | Fralla/Ost & Skinka: 1 | Fralla/Ost: 1 | Grönsallad/Caesarsallad: 1 | Hönökaka/Ost & Skinka: 2 | Hönökaka/Ost: 2 | Pastasallad/Kyckling & Salladsost: 1 | Pastasallad/Kyckling mangocurry: 2 | Pastasallad/Räkor: 2 | Sandwich/Bacon & Äggröra: 1 | Sandwich/Clubsandwich: 1 | Sandwich/Räkor: 1 | Sandwich/Ägg & Avocadokräm: 1 | Wraps/Caesar Kyckling: 1 | Wraps/Kyckling Curry: 2 | Wraps/Sweet Chili: 1 | XL Frallor/Grovfralla Kalkon & Färskost: 1 | XL Frallor/Ost & Skinka: 1
Stockholm Mellan,Hemköp Scandinavia,Tuesday,11,8~13,6,Baguette/Kyckling Curry: 1 | Baguette/Salami & Brieost: 1 | Baguette/Skagen: 1 | Pastasallad/Kyckling & Salladsost: 2 | Pastasallad/Kyckling mangocurry: 3 | Pastasallad/Räkor: 3
Stockholm Mellan,Hemköp Ulriksdal,Tuesday,41,33~57,25,Baguette/Kyckling Curry: 1 | Baguette/Ost & Skinka: 1 | Baguette/Salami & Brieost: 1 | Baguette/Skagen: 1 | Fralla/Ost & Skinka: 2 | Fralla/Ost: 2 | Hönökaka/Ost & Salami: 1 | Hönökaka/Ost & Skinka: 2 | Hönökaka/Ost: 2 | Pastasallad/Bacon & Kyckling: 2 | Pastasallad/Kyckling & Salladsost: 2 | Pastasallad/Kyckling mangocurry: 2 | Pastasallad/Räkor: 1 | Sandwich/Clubsandwich: 2 | Sandwich/Kyckling Curry: 2 | Sandwich/Kyckling Pestoröra: 1 | Sandwich/Räkor: 2 | Sandwich/Ägg & Avocadokräm: 1 | Wraps/Caesar Kyckling: 2 | Wraps/Kyckling Bacon: 3 | Wraps/Kyckling Curry: 2 | Wraps/Sweet Chili: 2 | XL Frallor/Grovfralla Kalkon & Färskost: 1 | XL Frallor/Ost & Skinka: 2 | XL Frallor/Ost: 1
Stockholm Mellan,ICA Dalastan,Tuesday,30,26~43,23,Baguette/Kyckling Curry: 1 | Baguette/Ost & Skinka: 1 | Baguette/Salami & Brieost: 1 | Baguette/Skagen: 1 | Fralla/Ost & Skinka: 2 | Fralla/Ost: 1 | Grönsallad/Caesarsallad: 1 | Grönsallad/Kyckling: 1 | Hönökaka/Ost & Skinka: 2 | Hönökaka/Ost: 2 | Pastasallad/Bacon & Kyckling: 1 | Pastasallad/Kyckling & Salladsost: 1 | Pastasallad/Kyckling mangocurry: 1 | Pastasallad/Ost & Skinka: 1 | Pastasallad/Räkor: 1 | Sandwich/Clubsandwich: 1 | Wraps/Caesar Kyckling: 2 | Wraps/Kyckling Bacon: 2 | Wraps/Kyckling Curry: 2 | Wraps/Sweet Chili: 2 | XL Frallor/Grovfralla Kalkon & Färskost: 1 | XL Frallor/Ost & Skinka: 1 | XL Frallor/Ost: 1
Stockholm Mellan,ICA Kista,Tuesday,91,70~113,32,Baguette/Kyckling Curry: 1 | Baguette/Kyckling Sweet Chili: 2 | Baguette/Ost & Skinka: 1 | Baguette/Salami & Brieost: 1 | Baguette/Skagen: 2 | Fralla/Ost & Skinka: 8 | Fralla/Ost: 6 | Grönsallad/Caesarsallad: 1 | Grönsallad/Kyckling: 2 | Hönökaka/Ost & Salami: 4 | Hönökaka/Ost & Skinka: 7 | Hönökaka/Ost: 6 | Pastasallad/Bacon & Kyckling: 2 | Pastasallad/Falafel: 1 | Pastasallad/Kyckling & Salladsost: 2 | Pastasallad/Kyckling mangocurry: 3 | Pastasallad/Ost & Skinka: 1 | Pastasallad/Räkor: 1 | Sandwich/Bacon & Äggröra: 3 | Sandwich/Clubsandwich: 3 | Sandwich/Kyckling Curry: 3 | Sandwich/Kyckling Pestoröra: 1 | Sandwich/Räkor: 3 | Sandwich/Ägg & Avocadokräm: 3 | Wraps/Caesar Kyckling: 4 | Wraps/Kyckling Bacon: 4 | Wraps/Kyckling Curry: 4 | Wraps/Kycklingsallad Olivie: 2 | Wraps/Sweet Chili: 3 | XL Frallor/Grovfralla Kalkon & Färskost: 2 | XL Frallor/Ost & Skinka: 2 | XL Frallor/Ost: 3
Stockholm Mellan,ICA Lunden,Tuesday,47,36~61,28,Baguette/Kyckling Curry: 1 | Baguette/Ost & Skinka: 1 | Baguette/Salami & Brieost: 1 | Baguette/Skagen: 1 | Fralla/Ost & Skinka: 2 | Fralla/Ost: 2 | Grönsallad/Caesarsallad: 1 | Grönsallad/Kyckling: 1 | Hönökaka/Ost & Salami: 2 | Hönökaka/Ost & Skinka: 2 | Hönökaka/Ost: 2 | Pastasallad/Bacon & Kyckling: 2 | Pastasallad/Falafel: 1 | Pastasallad/Kyckling & Salladsost: 3 | Pastasallad/Kyckling mangocurry: 3 | Pastasallad/Ost & Skinka: 2 | Pastasallad/Räkor: 2 | Sandwich/Bacon & Äggröra: 1 | Sandwich/Kyckling Curry: 2 | Sandwich/Kyckling Pestoröra: 2 | Sandwich/Räkor: 1 | Sandwich/Ägg & Avocadokräm: 2 | Wraps/Caesar Kyckling: 2 | Wraps/Kyckling Bacon: 2 | Wraps/Kyckling Curry: 2 | Wraps/Sweet Chili: 2 | XL Frallor/Ost & Skinka: 1 | XL Frallor/Ost: 1
Stockholm Mellan,ICA Norrviken,Tuesday,42,32~55,28,Baguette/Kyckling Curry: 1 | Baguette/Salami & Brieost: 1 | Baguette/Skagen: 1 | Fralla/Ost & Skinka: 2 | Fralla/Ost: 2 | Grönsallad/Caesarsallad: 1 | Grönsallad/Kyckling: 1 | Hönökaka/Ost & Salami: 2 | Hönökaka/Ost & Skinka: 3 | Hönökaka/Ost: 2 | Pastasallad/Bacon & Kyckling: 1 | Pastasallad/Kyckling & Salladsost: 2 | Pastasallad/Kyckling kebab: 1 | Pastasallad/Kyckling mangocurry: 2 | Pastasallad/Ost & Skinka: 2 | Pastasallad/Räkor: 2 | Sandwich/Bacon & Äggröra: 2 | Sandwich/Clubsandwich: 1 | Sandwich/Kyckling Curry: 1 | Sandwich/Kyckling Pestoröra: 2 | Sandwich/Räkor: 1 | Wraps/Caesar Kyckling: 1 | Wraps/Kyckling Bacon: 2 | Wraps/Kyckling Curry: 1 | Wraps/Sweet Chili: 2 | XL Frallor/Grovfralla Kalkon & Färskost: 1 | XL Frallor/Ost & Skinka: 1 | XL Frallor/Ost: 1
Stockholm Mellan,ICA Nära Roslagstull,Tuesday,30,21~38,15,Baguette/Kyckling Curry: 1 | Baguette/Kyckling Sweet Chili: 1 | Baguette/Salami & Brieost: 1 | Baguette/Skagen: 1 | Pastasallad/Bacon & Kyckling: 2 | Pastasallad/Kyckling & Salladsost: 2 | Pastasallad/Kyckling mangocurry: 3 | Pastasallad/Ost & Skinka: 2 | Pastasallad/Räkor: 1 | Sandwich/Clubsandwich: 1 | Sandwich/Räkor: 1 | Wraps/Caesar Kyckling: 3 | Wraps/Kyckling Bacon: 4 | Wraps/Kyckling Curry: 4 | Wraps/Sweet Chili: 3
Stockholm Mellan,ICA RAPID,Tuesday,51,38~65,27,Baguette/Kyckling Sweet Chili: 1 | Baguette/Ost & Skinka: 1 | Baguette/Salami & Brieost: 1 | Baguette/Skagen: 2 | Fralla/Ost & Skinka: 2 | Fralla/Ost: 2 | Grönsallad/Caesarsallad: 1 | Grönsallad/Kyckling: 1 | Hönökaka/Ost & Salami: 3 | Hönökaka/Ost & Skinka: 3 | Hönökaka/Ost: 2 | Pastasallad/Bacon & Kyckling: 2 | Pastasallad/Kyckling & Salladsost: 3 | Pastasallad/Kyckling mangocurry: 3 | Pastasallad/Räkor: 2 | Sandwich/Bacon & Äggröra: 2 | Sandwich/Clubsandwich: 2 | Sandwich/Kyckling Curry: 2 | Sandwich/Räkor: 2 | Sandwich/Ägg & Avocadokräm: 1 | Wraps/Caesar Kyckling: 2 | Wraps/Kyckling Bacon: 3 | Wraps/Kyckling Curry: 2 | Wraps/Sweet Chili: 3 | XL Frallor/Grovfralla Kalkon & Färskost: 1 | XL Frallor/Ost & Skinka: 1 | XL Frallor/Ost: 1
Stockholm Mellan,ICA Sigma,Tuesday,35,25~50,29,Baguette/Kyckling Curry: 1 | Baguette/Kyckling Sweet Chili: 1 | Baguette/Ost & Skinka: 1 | Baguette/Salami & Brieost: 1 | Fralla/Ost & Skinka: 1 | Fralla/Ost: 1 | Grönsallad/Caesarsallad: 1 | Grönsallad/Kyckling: 1 | Hönökaka/Ost & Salami: 2 | Hönökaka/Ost & Skinka: 1 | Hönökaka/Ost: 1 | Pastasallad/Bacon & Kyckling: 1 | Pastasallad/Kyckling & Salladsost: 1 | Pastasallad/Kyckling mangocurry: 2 | Pastasallad/Ost & Skinka: 2 | Pastasallad/Räkor: 1 | Sandwich/Bacon & Äggröra: 1 | Sandwich/Clubsandwich: 1 | Sandwich/Kyckling Curry: 1 | Sandwich/Räkor: 1 | Sandwich/Ägg & Avocadokräm: 1 | Wraps/Caesar Kyckling: 2 | Wraps/Kyckling Bacon: 3 | Wraps/Kyckling Curry: 1 | Wraps/Sweet Chili: 1 | Wraps/Wrap Curry Oumph!: 1 | XL Frallor/Grovfralla Kalkon & Färskost: 1 | XL Frallor/Ost & Skinka: 1 | XL Frallor/Ost: 1
Stockholm Mellan,ICA Supermarket Solna Centrum,Tuesday,86,71~107,29,Baguette/Kyckling Curry: 2 | Baguette/Kyckling Sweet Chili: 1 | Baguette/Kycklingsallad Olivie: 1 | Baguette/Ost & Skinka: 2 | Baguette/Salami & Brieost: 4 | Baguette/Skagen: 4 | Fralla/Ost & Skinka: 3 | Fralla/Ost: 2 | Hönökaka/Ost & Salami: 3 | Hönökaka/Ost & Skinka: 3 | Hönökaka/Ost: 3 | Pastasallad/Bacon & Kyckling: 2 | Pastasallad/Kyckling & Salladsost: 4 | Pastasallad/Kyckling kebab: 1 | Pastasallad/Kyckling mangocurry: 4 | Pastasallad/Räkor: 3 | Sandwich/Bacon & Äggröra: 2 | Sandwich/Clubsandwich: 2 | Sandwich/Kyckling Curry: 2 | Sandwich/Kyckling Pestoröra: 2 | Sandwich/Räkor: 2 | Sandwich/Ägg & Avocadokräm: 2 | Wraps/Caesar Kyckling: 6 | Wraps/Kyckling Bacon: 6 | Wraps/Kyckling Curry: 7 | Wraps/Sweet Chili: 5 | XL Frallor/Grovfralla Kalkon & Färskost: 3 | XL Frallor/Ost & Skinka: 3 | XL Frallor/Ost: 2
Stockholm Mellan,ICA Sätuna,Tuesday,36,28~45,19,Baguette/Kyckling Curry: 1 | Baguette/Salami & Brieost: 1 | Baguette/Skagen: 2 | Grönsallad/Caesarsallad: 1 | Hönökaka/Ost & Salami: 2 | Hönökaka/Ost & Skinka: 2 | Hönökaka/Ost: 2 | Pastasallad/Kyckling & Salladsost: 2 | Pastasallad/Kyckling mangocurry: 3 | Pastasallad/Räkor: 2 | Sandwich/Bacon & Äggröra: 1 | Sandwich/Clubsandwich: 1 | Sandwich/Kyckling Curry: 2 | Sandwich/Kyckling Pestoröra: 1 | Sandwich/Ägg & Avocadokräm: 2 | Wraps/Caesar Kyckling: 3 | Wraps/Kyckling Bacon: 2 | Wraps/Kyckling Curry: 4 | Wraps/Sweet Chili: 2
Stockholm Mellan,Myway Danderyd,Tuesday,34,19~42,24,Baguette/Kyckling Curry: 1 | Baguette/Ost & Skinka: 1 | Baguette/Salami & Brieost: 1 | Baguette/Skagen: 1 | Fralla/Ost & Skinka: 6 | Fralla/Ost: 4 | Hönökaka/Ost & Salami: 1 | Hönökaka/Ost & Skinka: 2 | Hönökaka/Ost: 1 | Pastasallad/Bacon & Kyckling: 1 | Pastasallad/Kyckling mangocurry: 1 | Sandwich/Bacon & Äggröra: 1 | Sandwich/Clubsandwich: 1 | Sandwich/Kyckling Curry: 1 | Sandwich/Kyckling Pestoröra: 1 | Sandwich/Räkor: 1 | Sandwich/Ägg & Avocadokräm: 1 | Wraps/Caesar Kyckling: 1 | Wraps/Kyckling Bacon: 1 | Wraps/Kyckling Curry: 1 | Wraps/Sweet Chili: 1 | XL Frallor/Grovfralla Kalkon & Färskost: 2 | XL Frallor/Ost & Skinka: 1 | XL Frallor/Ost: 1
Stockholm Mellan,Quickstar SOLNA,Tuesday,26,17~31,17,Fralla/Ost & Skinka: 2 | Fralla/Ost: 2 | Hönökaka/Ost & Skinka: 4 | Hönökaka/Ost: 4 | Pastasallad/Kyckling & Salladsost: 1 | Pastasallad/Kyckling mangocurry: 1 | Pastasallad/Räkor: 1 | Sandwich/Bacon & Äggröra: 1 | Sandwich/Clubsandwich: 1 | Sandwich/Kyckling Curry: 1 | Sandwich/Räkor: 1 | Sandwich/Ägg & Avocadokräm: 1 | Wraps/Caesar Kyckling: 1 | Wraps/Kyckling Bacon: 2 | Wraps/Kyckling Curry: 1 | Wraps/Kycklingsallad Olivie: 1 | Wraps/Sweet Chili: 1
Stockholm Mellan,Coop Bredden,Wednesday,15,6~16,15,Baguette/Kyckling Sweet Chili: 1 | Baguette/Skagen: 1 | Fralla/Ost & Skinka: 1 | Fralla/Ost: 1 | Hönökaka/Ost & Skinka: 1 | Hönökaka/Ost: 1 | Pastasallad/Kyckling & Salladsost: 1 | Pastasallad/Kyckling mangocurry: 1 | Pastasallad/Ost & Skinka: 1 | Sandwich/Clubsandwich: 1 | Sandwich/Räkor: 1 | Wraps/Caesar Kyckling: 1 | Wraps/Kyckling Bacon: 1 | Wraps/Kyckling Curry: 1 | Wraps/Sweet Chili: 1
Stockholm Mellan,Coop Bromma,Wednesday,1,0~1,1,Pastasallad/Kyckling & Salladsost: 1
Stockholm Mellan,Coop Korpkulla,Wednesday,18,12~20,17,Baguette/Ost & Skinka: 1 | Baguette/Salami & Brieost: 1 | Fralla/Ost & Skinka: 1 | Fralla/Ost: 2 | Hönökaka/Ost & Skinka: 1 | Hönökaka/Ost: 1 | Pastasallad/Kyckling & Salladsost: 1 | Pastasallad/Kyckling mangocurry: 1 | Sandwich/Clubsandwich: 1 | Sandwich/Kyckling Curry: 1 | Sandwich/Räkor: 1 | Wraps/Caesar Kyckling: 1 | Wraps/Kyckling Bacon: 1 | Wraps/Kyckling Curry: 1 | Wraps/Sweet Chili: 1 | XL Frallor/Ost & Skinka: 1 | XL Frallor/Ost: 1
Stockholm Mellan,Coop Märsta,Wednesday,34,28~35,26,Baguette/Kyckling Curry: 1 | Baguette/Ost & Skinka: 1 | Baguette/Salami & Brieost: 1 | Baguette/Skagen: 1 | Fralla/Ost & Skinka: 2 | Fralla/Ost: 2 | Grönsallad/Caesarsallad: 1 | Grönsallad/Kyckling: 1 | Hönökaka/Ost & Salami: 1 | Hönökaka/Ost & Skinka: 1 | Hönökaka/Ost: 1 | Pastasallad/Bacon & Kyckling: 1 | Pastasallad/Kyckling & Salladsost: 2 | Pastasallad/Kyckling mangocurry: 2 | Pastasallad/Ost & Skinka: 1 | Pastasallad/Räkor: 2 | Sandwich/Bacon & Äggröra: 1 | Sandwich/Clubsandwich: 1 | Sandwich/Räkor: 1 | Wraps/Caesar Kyckling: 2 | Wraps/Kyckling Bacon: 2 | Wraps/Kyckling Curry: 2 | Wraps/Sweet Chili: 1 | XL Frallor/Grovfralla Kalkon & Färskost: 1 | XL Frallor/Ost & Skinka: 1 | XL Frallor/Ost: 1
Stockholm Mellan,Coop Norrtull,Wednesday,12,8~13,12,Fralla/Ost & Skinka: 1 | Fralla/Ost: 1 | Hönökaka/Ost & Salami: 1 | Hönökaka/Ost & Skinka: 1 | Hönökaka/Ost: 1 | Pastasallad/Kyckling & Salladsost: 1 | Pastasallad/Kyckling mangocurry: 1 | Pastasallad/Ost & Skinka: 1 | Wraps/Kyckling Bacon: 1 | Wraps/Kyckling Curry: 1 | Wraps/Sweet Chili: 1 | XL Frallor/Ost & Skinka: 1
Stockholm Mellan,Coop Rotebro,Wednesday,5,2~5,5,Hönökaka/Ost & Skinka: 1 | Hönökaka/Ost: 1 | Pastasallad/Kyckling mangocurry: 1 | Pastasallad/Räkor: 1 | Wraps/Kyckling Curry: 1
Stockholm Mellan,Hemköp Scandinavia,Wednesday,3,3~3,3,Pastasallad/Kyckling & Salladsost: 1 | Pastasallad/Kyckling mangocurry: 1 | Pastasallad/Räkor: 1
Stockholm Mellan,Hemköp Ulriksdal,Wednesday,15,9~15,15,Fralla/Ost & Skinka: 1 | Fralla/Ost: 1 | Hönökaka/Ost & Skinka: 1 | Hönökaka/Ost: 1 | Pastasallad/Bacon & Kyckling: 1 | Pastasallad/Kyckling & Salladsost: 1 | Pastasallad/Kyckling mangocurry: 1 | Sandwich/Clubsandwich: 1 | Sandwich/Kyckling Curry: 1 | Sandwich/Räkor: 1 | Wraps/Caesar Kyckling: 1 | Wraps/Kyckling Bacon: 1 | Wraps/Kyckling Curry: 1 | Wraps/Sweet Chili: 1 | XL Frallor/Ost & Skinka: 1
Stockholm Mellan,ICA Dalastan,Wednesday,7,7~7,7,Fralla/Ost & Skinka: 1 | Hönökaka/Ost & Skinka: 1 | Hönökaka/Ost: 1 | Wraps/Caesar Kyckling: 1 | Wraps/Kyckling Bacon: 1 | Wraps/Kyckling Curry: 1 | Wraps/Sweet Chili: 1
Stockholm Mellan,ICA Kista,Wednesday,31,24~36,24,Baguette/Kyckling Sweet Chili: 1 | Baguette/Skagen: 1 | Fralla/Ost & Skinka: 3 | Fralla/Ost: 2 | Grönsallad/Kyckling: 1 | Hönökaka/Ost & Salami: 1 | Hönökaka/Ost & Skinka: 3 | Hönökaka/Ost: 2 | Pastasallad/Bacon & Kyckling: 1 | Pastasallad/Kyckling & Salladsost: 1 | Pastasallad/Kyckling mangocurry: 1 | Sandwich/Bacon & Äggröra: 1 | Sandwich/Clubsandwich: 1 | Sandwich/Kyckling Curry: 1 | Sandwich/Räkor: 1 | Sandwich/Ägg & Avocadokräm: 1 | Wraps/Caesar Kyckling: 1 | Wraps/Kyckling Bacon: 2 | Wraps/Kyckling Curry: 1 | Wraps/Kycklingsallad Olivie: 1 | Wraps/Sweet Chili: 1 | XL Frallor/Grovfralla Kalkon & Färskost: 1 | XL Frallor/Ost & Skinka: 1 | XL Frallor/Ost: 1
Stockholm Mellan,ICA Lunden,Wednesday,17,10~17,17,Fralla/Ost & Skinka: 1 | Fralla/Ost: 1 | Hönökaka/Ost & Salami: 1 | Hönökaka/Ost & Skinka: 1 | Hönökaka/Ost: 1 | Pastasallad/Bacon & Kyckling: 1 | Pastasallad/Kyckling & Salladsost: 1 | Pastasallad/Kyckling mangocurry: 1 | Pastasallad/Ost & Skinka: 1 | Pastasallad/Räkor: 1 | Sandwich/Kyckling Curry: 1 | Sandwich/Kyckling Pestoröra: 1 | Sandwich/Ägg & Avocadokräm: 1 | Wraps/Caesar Kyckling: 1 | Wraps/Kyckling Bacon: 1 | Wraps/Kyckling Curry: 1 | Wraps/Sweet Chili: 1
Stockholm Mellan,ICA Norrviken,Wednesday,13,7~13,13,Fralla/Ost & Skinka: 1 | Fralla/Ost: 1 | Hönökaka/Ost & Salami: 1 | Hönökaka/Ost & Skinka: 1 | Hönökaka/Ost: 1 | Pastasallad/Kyckling & Salladsost: 1 | Pastasallad/Kyckling mangocurry: 1 | Pastasallad/Ost & Skinka: 1 | Pastasallad/Räkor: 1 | Sandwich/Bacon & Äggröra: 1 | Sandwich/Kyckling Pestoröra: 1 | Wraps/Kyckling Bacon: 1 | Wraps/Sweet Chili: 1
Stockholm Mellan,ICA Nära Roslagstull,Wednesday,8,5~10,8,Pastasallad/Bacon & Kyckling: 1 | Pastasallad/Kyckling & Salladsost: 1 | Pastasallad/Kyckling mangocurry: 1 | Pastasallad/Ost & Skinka: 1 | Wraps/Caesar Kyckling: 1 | Wraps/Kyckling Bacon: 1 | Wraps/Kyckling Curry: 1 | Wraps/Sweet Chili: 1
Stockholm Mellan,ICA RAPID,Wednesday,18,11~19,18,Baguette/Skagen: 1 | Fralla/Ost & Skinka: 1 | Fralla/Ost: 1 | Hönökaka/Ost & Salami: 1 | Hönökaka/Ost & Skinka: 1 | Hönökaka/Ost: 1 | Pastasallad/Bacon & Kyckling: 1 | Pastasallad/Kyckling & Salladsost: 1 | Pastasallad/Kyckling mangocurry: 1 | Pastasallad/Räkor: 1 | Sandwich/Bacon & Äggröra: 1 | Sandwich/Clubsandwich: 1 | Sandwich/Kyckling Curry: 1 | Sandwich/Räkor: 1 | Wraps/Caesar Kyckling: 1 | Wraps/Kyckling Bacon: 1 | Wraps/Kyckling Curry: 1 | Wraps/Sweet Chili: 1
Stockholm Mellan,ICA Sigma,Wednesday,5,2~5,5,Hönökaka/Ost & Salami: 1 | Pastasallad/Kyckling mangocurry: 1 | Pastasallad/Ost & Skinka: 1 | Wraps/Caesar Kyckling: 1 | Wraps/Kyckling Bacon: 1
Stockholm Mellan,ICA Supermarket Solna Centrum,Wednesday,31,28~39,26,Baguette/Kyckling Curry: 1 | Baguette/Ost & Skinka: 1 | Baguette/Salami & Brieost: 1 | Baguette/Skagen: 1 | Fralla/Ost & Skinka: 1 | Fralla/Ost: 1 | Hönökaka/Ost & Salami: 1 | Hönökaka/Ost & Skinka: 1 | Hönökaka/Ost: 1 | Pastasallad/Bacon & Kyckling: 1 | Pastasallad/Kyckling & Salladsost: 1 | Pastasallad/Kyckling mangocurry: 1 | Pastasallad/Räkor: 1 | Sandwich/Bacon & Äggröra: 1 | Sandwich/Clubsandwich: 1 | Sandwich/Kyckling Curry: 1 | Sandwich/Kyckling Pestoröra: 1 | Sandwich/Räkor: 1 | Sandwich/Ägg & Avocadokräm: 1 | Wraps/Caesar Kyckling: 2 | Wraps/Kyckling Bacon: 2 | Wraps/Kyckling Curry: 3 | Wraps/Sweet Chili: 2 | XL Frallor/Grovfralla Kalkon & Färskost: 1 | XL Frallor/Ost & Skinka: 1 | XL Frallor/Ost: 1
Stockholm Mellan,ICA Sätuna,Wednesday,13,9~14,13,Baguette/Skagen: 1 | Hönökaka/Ost & Salami: 1 | Hönökaka/Ost & Skinka: 1 | Hönökaka/Ost: 1 | Pastasallad/Kyckling & Salladsost: 1 | Pastasallad/Kyckling mangocurry: 1 | Pastasallad/Räkor: 1 | Sandwich/Kyckling Curry: 1 | Sandwich/Ägg & Avocadokräm: 1 | Wraps/Caesar Kyckling: 1 | Wraps/Kyckling Bacon: 1 | Wraps/Kyckling Curry: 1 | Wraps/Sweet Chili: 1
Stockholm Mellan,Myway Danderyd,Wednesday,5,3~6,4,Fralla/Ost & Skinka: 2 | Fralla/Ost: 1 | Hönökaka/Ost & Skinka: 1 | XL Frallor/Grovfralla Kalkon & Färskost: 1
Stockholm Mellan,Quickstar SOLNA,Wednesday,5,3~7,5,Fralla/Ost & Skinka: 1 | Fralla/Ost: 1 | Hönökaka/Ost & Skinka: 1 | Hönökaka/Ost: 1 | Wraps/Kyckling Bacon: 1
Stockholm Mellan,Coop Bredden,Thursday,52,46~70,24,Baguette/Kyckling Sweet Chili: 1 | Baguette/Ost & Skinka: 1 | Baguette/Salami & Brieost: 2 | Baguette/Skagen: 1 | Fralla/Ost & Skinka: 6 | Fralla/Ost: 4 | Grönsallad/Caesarsallad: 2 | Grönsallad/Kyckling: 1 | Hönökaka/Ost & Skinka: 4 | Hönökaka/Ost: 2 | Pastasallad/Bacon & Kyckling: 2 | Pastasallad/Kyckling & Salladsost: 3 | Pastasallad/Kyckling mangocurry: 4 | Pastasallad/Ost & Skinka: 2 | Pastasallad/Räkor: 2 | Sandwich/Clubsandwich: 2 | Sandwich/Kyckling Curry: 2 | Sandwich/Räkor: 2 | Sandwich/Ägg & Avocadokräm: 2 | Wraps/Caesar Kyckling: 1 | Wraps/Kyckling Bacon: 2 | Wraps/Kyckling Curry: 2 | Wraps/Sweet Chili: 1 | Wraps/Wrap Curry Oumph!: 1
Stockholm Mellan,Coop Bromma,Thursday,16,13~28,15,Baguette/Kyckling Sweet Chili: 1 | Baguette/Ost & Skinka: 1 | Grönsallad/Caesarsallad: 2 | Hönökaka/Ost & Salami: 1 | Hönökaka/Ost & Skinka: 1 | Pastasallad/Bacon & Kyckling: 1 | Pastasallad/Kyckling & Salladsost: 1 | Sandwich/Clubsandwich: 1 | Varmrätt/Cevapcici med bulgur: 1 | Varmrätt/Kycklingkebab med bulgur: 1 | Varmrätt/Kycklingspett med ris: 1 | Varmrätt/Pannbiff med Basmatiris: 1 | Wraps/Caesar Kyckling: 1 | Wraps/Kyckling Bacon: 1 | Wraps/Sweet Chili: 1
Stockholm Mellan,Coop Häggvik,Thursday,15,13~27,14,Baguette/Ost & Skinka: 1 | Pastasallad/Kyckling & Salladsost: 1 | Pastasallad/Kyckling mangocurry: 1 | Pastasallad/Räkor: 2 | Varmrätt/Cevapcici med bulgur: 1 | Varmrätt/Kycklingspett med ris: 1 | Varmrätt/Teriyakikycklingfile med basmatiris: 1 | Wraps/Caesar Kyckling: 1 | Wraps/Kyckling Bacon: 1 | Wraps/Kyckling Curry: 1 | Wraps/Sweet Chili: 1 | XL Frallor/Grovfralla Kalkon & Färskost: 1 | XL Frallor/Ost & Skinka: 1 | XL Frallor/Ost: 1
Stockholm Mellan,Coop Korpkulla,Thursday,72,58~91,26,Baguette/Kyckling Curry: 2 | Baguette/Kycklingsallad Olivie: 1 | Baguette/Ost & Skinka: 2 | Baguette/Salami & Brieost: 3 | Baguette/Skagen: 2 | Fralla/Ost & Skinka: 6 | Fralla/Ost: 5 | Hönökaka/Ost & Salami: 2 | Hönökaka/Ost & Skinka: 5 | Hönökaka/Ost: 3 | Pastasallad/Bacon & Kyckling: 2 | Pastasallad/Kyckling & Salladsost: 4 | Pastasallad/Kyckling mangocurry: 5 | Pastasallad/Ost & Skinka: 2 | Pastasallad/Räkor: 2 | Sandwich/Bacon & Äggröra: 2 | Sandwich/Clubsandwich: 1 | Sandwich/Kyckling Curry: 1 | Sandwich/Räkor: 2 | Wraps/Caesar Kyckling: 2 | Wraps/Kyckling Bacon: 4 | Wraps/Kyckling Curry: 4 | Wraps/Sweet Chili: 3 | Wraps/Wrap Curry Oumph!: 1 | XL Frallor/Ost & Skinka: 4 | XL Frallor/Ost: 2
Stockholm Mellan,Coop Märsta,Thursday,124,94~160,38,Baguette/Kyckling Curry: 2 | Baguette/Kyckling Sweet Chili: 2 | Baguette/Kycklingsallad Olivie: 1 | Baguette/Ost & Skinka: 2 | Baguette/Salami & Brieost: 2 | Baguette/Skagen: 5 | Fralla/Ost & Skinka: 6 | Fralla/Ost: 7 | Grönsallad/Caesarsallad: 4 | Grönsallad/Kyckling: 2 | Hönökaka/Ost & Salami: 5 | Hönökaka/Ost & Skinka: 4 | Hönökaka/Ost: 4 | Pastasallad/Bacon & Kyckling: 4 | Pastasallad/Falafel: 1 | Pastasallad/Kyckling & Salladsost: 5 | Pastasallad/Kyckling kebab: 2 | Pastasallad/Kyckling mangocurry: 8 | Pastasallad/Ost & Skinka: 2 | Pastasallad/Räkor: 6 | Sandwich/Bacon & Äggröra: 2 | Sandwich/Clubsandwich: 2 | Sandwich/Kyckling Curry: 2 | Sandwich/Kyckling Pestoröra: 2 | Sandwich/Räkor: 2 | Sandwich/Ägg & Avocadokräm: 2 | Varmrätt/Kycklingkebab med bulgur: 1 | Varmrätt/Kycklingspett med ris: 1 | Varmrätt/Teriyakibiff med ris: 1 | Varmrätt/Teriyakikycklingfile med basmatiris: 1 | Wraps/Caesar Kyckling: 7 | Wraps/Kyckling Bacon: 5 | Wraps/Kyckling Curry: 7 | Wraps/Kycklingsallad Olivie: 1 | Wraps/Sweet Chili: 6 | XL Frallor/Grovfralla Kalkon & Färskost: 3 | XL Frallor/Ost & Skinka: 3 | XL Frallor/Ost: 2
Stockholm Mellan,Coop Norrtull,Thursday,60,50~76,27,Baguette/Kyckling Curry: 1 | Baguette/Kyckling Sweet Chili: 1 | Baguette/Ost & Skinka: 2 | Baguette/Salami & Brieost: 1 | Baguette/Skagen: 1 | Fralla/Ost & Skinka: 5 | Fralla/Ost: 4 | Grönsallad/Caesarsallad: 2 | Grönsallad/Kyckling: 1 | Hönökaka/Ost & Salami: 1 | Hönökaka/Ost & Skinka: 5 | Hönökaka/Ost: 4 | Pastasallad/Bacon & Kyckling: 2 | Pastasallad/Kyckling & Salladsost: 2 | Pastasallad/Kyckling mangocurry: 4 | Pastasallad/Ost & Skinka: 2 | Pastasallad/Räkor: 2 | Sandwich/Clubsandwich: 2 | Sandwich/Kyckling Curry: 2 | Sandwich/Kyckling Pestoröra: 1 | Sandwich/Räkor: 2 | Wraps/Caesar Kyckling: 2 | Wraps/Kyckling Bacon: 4 | Wraps/Kyckling Curry: 2 | Wraps/Sweet Chili: 2 | XL Frallor/Ost & Skinka: 1 | XL Frallor/Ost: 2
Stockholm Mellan,Coop Rotebro,Thursday,51,35~66,36,Baguette/Kyckling Curry: 1 | Baguette/Ost & Skinka: 2 | Baguette/Salami & Brieost: 2 | Baguette/Skagen: 1 | Fralla/Ost & Skinka: 2 | Fralla/Ost: 2 | Grönsallad/Caesarsallad: 2 | Grönsallad/Kyckling: 1 | Hönökaka/Ost & Salami: 1 | Hönökaka/Ost & Skinka: 1 | Hönökaka/Ost: 2 | Pastasallad/Kyckling & Salladsost: 2 | Pastasallad/Kyckling kebab: 1 | Pastasallad/Kyckling mangocurry: 2 | Pastasallad/Räkor: 2 | Sandwich/Bacon & Äggröra: 1 | Sandwich/Clubsandwich: 1 | Sandwich/Kyckling Curry: 1 | Sandwich/Kyckling Pestoröra: 1 | Sandwich/Räkor: 2 | Sandwich/Ägg & Avocadokräm: 1 | Varmrätt/Falafel med bulgur: 1 | Varmrätt/Kyckling-och böngryta: 1 | Varmrätt/Kycklingpestosallad: 1 | Varmrätt/Kycklingspett med ris: 1 | Varmrätt/Pannbiff med Basmatiris: 1 | Varmrätt/Tacobolognese med fullkornspasta: 1 | Varmrätt/Teriyakibiff med ris: 1 | Varmrätt/Teriyakikycklingfile med basmatiris: 1 | Wraps/Caesar Kyckling: 2 | Wraps/Kyckling Bacon: 1 | Wraps/Kyckling Curry: 2 | Wraps/Sweet Chili: 2 | XL Frallor/Grovfralla Kalkon & Färskost: 2 | XL Frallor/Ost & Skinka: 2 | XL Frallor/Ost: 1
Stockholm Mellan,Hemköp Scandinavia,Thursday,19,15~26,10,Baguette/Kyckling Curry: 1 | Baguette/Salami & Brieost: 2 | Baguette/Skagen: 2 | Pastasallad/Kyckling & Salladsost: 3 | Pastasallad/Kyckling mangocurry: 4 | Pastasallad/Räkor: 3 | Varmrätt/Kyckling-och böngryta: 1 | Varmrätt/Kycklingpestosallad: 1 | Varmrätt/Teriyakibiff med ris: 1 | Varmrätt/Teriyakikycklingfile med basmatiris: 1
Stockholm Mellan,Hemköp Ulriksdal,Thursday,57,47~73,25,Baguette/Kyckling Curry: 2 | Baguette/Ost & Skinka: 2 | Baguette/Salami & Brieost: 2 | Baguette/Skagen: 2 | Fralla/Ost & Skinka: 4 | Fralla/Ost: 3 | Hönökaka/Ost & Salami: 2 | Hönökaka/Ost & Skinka: 2 | Hönökaka/Ost: 4 | Pastasallad/Bacon & Kyckling: 2 | Pastasallad/Kyckling & Salladsost: 1 | Pastasallad/Kyckling mangocurry: 2 | Pastasallad/Räkor: 2 | Sandwich/Clubsandwich: 1 | Sandwich/Kyckling Curry: 1 | Sandwich/Kyckling Pestoröra: 1 | Sandwich/Räkor: 2 | Sandwich/Ägg & Avocadokräm: 2 | Wraps/Caesar Kyckling: 4 | Wraps/Kyckling Bacon: 4 | Wraps/Kyckling Curry: 4 | Wraps/Sweet Chili: 3 | XL Frallor/Grovfralla Kalkon & Färskost: 2 | XL Frallor/Ost & Skinka: 1 | XL Frallor/Ost: 2
Stockholm Mellan,ICA Dalastan,Thursday,57,38~67,30,Baguette/Kyckling Curry: 1 | Baguette/Kyckling Sweet Chili: 1 | Baguette/Ost & Skinka: 1 | Baguette/Salami & Brieost: 1 | Baguette/Skagen: 2 | Fralla/Ost & Skinka: 4 | Fralla/Ost: 2 | Grönsallad/Caesarsallad: 2 | Grönsallad/Kyckling: 2 | Hönökaka/Ost & Skinka: 4 | Hönökaka/Ost: 4 | Pastasallad/Bacon & Kyckling: 2 | Pastasallad/Kyckling & Salladsost: 2 | Pastasallad/Kyckling mangocurry: 2 | Pastasallad/Ost & Skinka: 2 | Pastasallad/Räkor: 2 | Sandwich/Clubsandwich: 2 | Sandwich/Kyckling Pestoröra: 1 | Sandwich/Ägg & Avocadokräm: 1 | Varmrätt/Cevapcici med bulgur: 1 | Varmrätt/Kycklingspett med ris: 1 | Varmrätt/Teriyakibiff med ris: 1 | Varmrätt/Teriyakikycklingfile med basmatiris: 1 | Wraps/Caesar Kyckling: 3 | Wraps/Kyckling Bacon: 2 | Wraps/Kyckling Curry: 2 | Wraps/Sweet Chili: 3 | XL Frallor/Grovfralla Kalkon & Färskost: 2 | XL Frallor/Ost & Skinka: 2 | XL Frallor/Ost: 1
Stockholm Mellan,ICA Kista,Thursday,124,107~160,35,Baguette/Kyckling Curry: 2 | Baguette/Kyckling Sweet Chili: 2 | Baguette/Ost & Skinka: 2 | Baguette/Salami & Brieost: 2 | Baguette/Skagen: 2 | Fralla/Ost & Skinka: 10 | Fralla/Ost: 9 | Glutenfri Frallor/Glutenfri Ost & Skinka(endast söndagsbeställning): 1 | Glutenfri Frallor/Glutenfri Pumpafralla Kalkon & Färskost(endast söndagsbeställning): 1 | Grönsallad/Caesarsallad: 2 | Grönsallad/Kyckling: 1 | Hönökaka/Ost & Salami: 4 | Hönökaka/Ost & Skinka: 10 | Hönökaka/Ost: 8 | Pastasallad/Bacon & Kyckling: 2 | Pastasallad/Falafel: 1 | Pastasallad/Kyckling & Salladsost: 3 | Pastasallad/Kyckling mangocurry: 4 | Pastasallad/Ost & Skinka: 2 | Pastasallad/Räkor: 2 | Sandwich/Bacon & Äggröra: 3 | Sandwich/Clubsandwich: 3 | Sandwich/Kyckling Curry: 3 | Sandwich/Kyckling Pestoröra: 2 | Sandwich/Räkor: 3 | Sandwich/Ägg & Avocadokräm: 5 | Wraps/Caesar Kyckling: 5 | Wraps/Kyckling Bacon: 5 | Wraps/Kyckling Curry: 6 | Wraps/Kycklingsallad Olivie: 4 | Wraps/Sweet Chili: 5 | Wraps/Wrap Curry Oumph!: 1 | XL Frallor/Grovfralla Kalkon & Färskost: 2 | XL Frallor/Ost & Skinka: 4 | XL Frallor/Ost: 3
Stockholm Mellan,ICA Lunden,Thursday,64,52~87,31,Baguette/Kyckling Curry: 1 | Baguette/Ost & Skinka: 2 | Baguette/Salami & Brieost: 2 | Baguette/Skagen: 2 | Fralla/Ost & Skinka: 3 | Fralla/Ost: 2 | Grönsallad/Caesarsallad: 2 | Grönsallad/Kyckling: 2 | Hönökaka/Ost & Salami: 2 | Hönökaka/Ost & Skinka: 3 | Hönökaka/Ost: 3 | Pastasallad/Bacon & Kyckling: 2 | Pastasallad/Falafel: 1 | Pastasallad/Kyckling & Salladsost: 3 | Pastasallad/Kyckling mangocurry: 4 | Pastasallad/Ost & Skinka: 1 | Pastasallad/Räkor: 1 | Sandwich/Bacon & Äggröra: 2 | Sandwich/Clubsandwich: 1 | Sandwich/Kyckling Curry: 3 | Sandwich/Kyckling Pestoröra: 1 | Sandwich/Räkor: 2 | Sandwich/Ägg & Avocadokräm: 2 | Wraps/Caesar Kyckling: 2 | Wraps/Kyckling Bacon: 4 | Wraps/Kyckling Curry: 3 | Wraps/Kycklingsallad Olivie: 1 | Wraps/Sweet Chili: 2 | Wraps/Wrap Curry Oumph!: 1 | XL Frallor/Ost & Skinka: 2 | XL Frallor/Ost: 2
Stockholm Mellan,ICA Norrviken,Thursday,56,47~73,28,Baguette/Kyckling Curry: 1 | Baguette/Salami & Brieost: 2 | Baguette/Skagen: 1 | Fralla/Ost & Skinka: 2 | Fralla/Ost: 3 | Grönsallad/Caesarsallad: 2 | Grönsallad/Kyckling: 2 | Hönökaka/Ost & Salami: 1 | Hönökaka/Ost & Skinka: 3 | Hönökaka/Ost: 2 | Pastasallad/Bacon & Kyckling: 2 | Pastasallad/Kyckling & Salladsost: 3 | Pastasallad/Kyckling kebab: 1 | Pastasallad/Kyckling mangocurry: 3 | Pastasallad/Ost & Skinka: 4 | Pastasallad/Räkor: 2 | Sandwich/Bacon & Äggröra: 2 | Sandwich/Clubsandwich: 2 | Sandwich/Kyckling Curry: 2 | Sandwich/Kyckling Pestoröra: 2 | Sandwich/Räkor: 2 | Wraps/Caesar Kyckling: 2 | Wraps/Kyckling Bacon: 1 | Wraps/Kyckling Curry: 2 | Wraps/Sweet Chili: 1 | XL Frallor/Grovfralla Kalkon & Färskost: 2 | XL Frallor/Ost & Skinka: 2 | XL Frallor/Ost: 2
Stockholm Mellan,ICA Nära Roslagstull,Thursday,45,40~54,21,Baguette/Kyckling Curry: 2 | Baguette/Kyckling Sweet Chili: 1 | Baguette/Salami & Brieost: 2 | Baguette/Skagen: 2 | Pastasallad/Bacon & Kyckling: 1 | Pastasallad/Kyckling & Salladsost: 2 | Pastasallad/Kyckling mangocurry: 4 | Pastasallad/Ost & Skinka: 2 | Pastasallad/Räkor: 2 | Sandwich/Clubsandwich: 2 | Sandwich/Kyckling Pestoröra: 1 | Sandwich/Räkor: 2 | Sandwich/Ägg & Avocadokräm: 1 | Varmrätt/Cevapcici med bulgur: 1 | Varmrätt/Kyckling-och böngryta: 1 | Varmrätt/Kycklingspett med ris: 1 | Varmrätt/Teriyakikycklingfile med basmatiris: 1 | Wraps/Caesar Kyckling: 4 | Wraps/Kyckling Bacon: 4 | Wraps/Kyckling Curry: 4 | Wraps/Sweet Chili: 5
Stockholm Mellan,ICA RAPID,Thursday,75,61~98,33,Baguette/Kyckling Curry: 1 | Baguette/Kyckling Sweet Chili: 2 | Baguette/Ost & Skinka: 2 | Baguette/Salami & Brieost: 2 | Baguette/Skagen: 1 | Fralla/Ost & Skinka: 3 | Fralla/Ost: 2 | Grönsallad/Caesarsallad: 2 | Grönsallad/Kyckling: 2 | Hönökaka/Ost & Salami: 4 | Hönökaka/Ost & Skinka: 4 | Hönökaka/Ost: 2 | Pastasallad/Bacon & Kyckling: 2 | Pastasallad/Kyckling & Salladsost: 5 | Pastasallad/Kyckling kebab: 1 | Pastasallad/Kyckling mangocurry: 5 | Pastasallad/Räkor: 2 | Sandwich/Bacon & Äggröra: 2 | Sandwich/Clubsandwich: 2 | Sandwich/Kyckling Curry: 3 | Sandwich/Räkor: 1 | Sandwich/Ägg & Avocadokräm: 2 | Varmrätt/Kycklingspett med ris: 1 | Varmrätt/Teriyakibiff med ris: 1 | Varmrätt/Teriyakikycklingfile med basmatiris: 1 | Wraps/Caesar Kyckling: 3 | Wraps/Kyckling Bacon: 5 | Wraps/Kyckling Curry: 2 | Wraps/Sweet Chili: 4 | Wraps/Wrap Curry Oumph!: 1 | XL Frallor/Grovfralla Kalkon & Färskost: 2 | XL Frallor/Ost & Skinka: 1 | XL Frallor/Ost: 2
Stockholm Mellan,ICA Sigma,Thursday,56,51~64,34,Baguette/Kyckling Curry: 1 | Baguette/Kyckling Sweet Chili: 1 | Baguette/Ost & Skinka: 2 | Baguette/Salami & Brieost: 2 | Fralla/Ost & Skinka: 2 | Fralla/Ost: 2 | Grönsallad/Caesarsallad: 2 | Grönsallad/Kyckling: 2 | Hönökaka/Ost & Salami: 1 | Hönökaka/Ost & Skinka: 2 | Hönökaka/Ost: 2 | Pastasallad/Bacon & Kyckling: 2 | Pastasallad/Falafel: 1 | Pastasallad/Kyckling & Salladsost: 2 | Pastasallad/Kyckling mangocurry: 2 | Pastasallad/Ost & Skinka: 2 | Pastasallad/Räkor: 2 | Sandwich/Bacon & Äggröra: 1 | Sandwich/Clubsandwich: 2 | Sandwich/Kyckling Curry: 2 | Sandwich/Kyckling Pestoröra: 1 | Sandwich/Räkor: 2 | Sandwich/Ägg & Avocadokräm: 2 | Varmrätt/Kycklingspett med ris: 1 | Varmrätt/Teriyakikycklingfile med basmatiris: 1 | Wraps/Caesar Kyckling: 1 | Wraps/Kyckling Bacon: 3 | Wraps/Kyckling Curry: 2 | Wraps/Kycklingsallad Olivie: 1 | Wraps/Sweet Chili: 2 | Wraps/Wrap Curry Oumph!: 2 | XL Frallor/Grovfralla Kalkon & Färskost: 1 | XL Frallor/Ost & Skinka: 1 | XL Frallor/Ost: 1
Stockholm Mellan,ICA Supermarket Solna Centrum,Thursday,113,88~145,29,Baguette/Kyckling Curry: 3 | Baguette/Kyckling Sweet Chili: 1 | Baguette/Kycklingsallad Olivie: 1 | Baguette/Ost & Skinka: 4 | Baguette/Salami & Brieost: 4 | Baguette/Skagen: 4 | Fralla/Ost & Skinka: 5 | Fralla/Ost: 4 | Hönökaka/Ost & Salami: 5 | Hönökaka/Ost & Skinka: 5 | Hönökaka/Ost: 3 | Pastasallad/Bacon & Kyckling: 3 | Pastasallad/Kyckling & Salladsost: 5 | Pastasallad/Kyckling kebab: 2 | Pastasallad/Kyckling mangocurry: 6 | Pastasallad/Räkor: 5 | Sandwich/Bacon & Äggröra: 3 | Sandwich/Clubsandwich: 3 | Sandwich/Kyckling Curry: 2 | Sandwich/Kyckling Pestoröra: 2 | Sandwich/Räkor: 2 | Sandwich/Ägg & Avocadokräm: 2 | Wraps/Caesar Kyckling: 7 | Wraps/Kyckling Bacon: 7 | Wraps/Kyckling Curry: 9 | Wraps/Sweet Chili: 7 | XL Frallor/Grovfralla Kalkon & Färskost: 4 | XL Frallor/Ost & Skinka: 3 | XL Frallor/Ost: 2
Stockholm Mellan,ICA Sätuna,Thursday,47,39~65,21,Baguette/Kyckling Curry: 2 | Baguette/Ost & Skinka: 1 | Baguette/Salami & Brieost: 2 | Baguette/Skagen: 1 | Grönsallad/Caesarsallad: 2 | Hönökaka/Ost & Salami: 2 | Hönökaka/Ost & Skinka: 3 | Hönökaka/Ost: 3 | Pastasallad/Kyckling & Salladsost: 2 | Pastasallad/Kyckling mangocurry: 3 | Pastasallad/Räkor: 4 | Sandwich/Bacon & Äggröra: 1 | Sandwich/Clubsandwich: 2 | Sandwich/Kyckling Curry: 1 | Sandwich/Kyckling Pestoröra: 2 | Sandwich/Räkor: 1 | Sandwich/Ägg & Avocadokräm: 1 | Wraps/Caesar Kyckling: 4 | Wraps/Kyckling Bacon: 3 | Wraps/Kyckling Curry: 4 | Wraps/Sweet Chili: 3
Stockholm Mellan,Myway Danderyd,Thursday,43,41~56,25,Baguette/Kyckling Curry: 1 | Baguette/Kyckling Sweet Chili: 1 | Baguette/Ost & Skinka: 1 | Baguette/Salami & Brieost: 2 | Baguette/Skagen: 1 | Fralla/Ost & Skinka: 7 | Fralla/Ost: 4 | Hönökaka/Ost & Salami: 1 | Hönökaka/Ost & Skinka: 1 | Hönökaka/Ost: 2 | Pastasallad/Bacon & Kyckling: 1 | Pastasallad/Kyckling mangocurry: 1 | Sandwich/Bacon & Äggröra: 1 | Sandwich/Clubsandwich: 2 | Sandwich/Kyckling Curry: 2 | Sandwich/Kyckling Pestoröra: 1 | Sandwich/Räkor: 1 | Sandwich/Ägg & Avocadokräm: 1 | Wraps/Caesar Kyckling: 1 | Wraps/Kyckling Bacon: 2 | Wraps/Kyckling Curry: 2 | Wraps/Sweet Chili: 2 | XL Frallor/Grovfralla Kalkon & Färskost: 1 | XL Frallor/Ost & Skinka: 2 | XL Frallor/Ost: 2
Stockholm Mellan,Quickstar SOLNA,Thursday,40,31~51,22,Baguette/Ost & Skinka: 1 | Baguette/Salami & Brieost: 1 | Baguette/Skagen: 1 | Fralla/Ost & Skinka: 2 | Fralla/Ost: 2 | Hönökaka/Ost & Skinka: 6 | Hönökaka/Ost: 4 | Pastasallad/Bacon & Kyckling: 1 | Pastasallad/Kyckling & Salladsost: 2 | Pastasallad/Kyckling mangocurry: 2 | Pastasallad/Räkor: 1 | Sandwich/Bacon & Äggröra: 1 | Sandwich/Clubsandwich: 2 | Sandwich/Kyckling Curry: 1 | Sandwich/Kyckling Pestoröra: 1 | Sandwich/Räkor: 2 | Sandwich/Ägg & Avocadokräm: 1 | Wraps/Caesar Kyckling: 2 | Wraps/Kyckling Bacon: 2 | Wraps/Kyckling Curry: 2 | Wraps/Kycklingsallad Olivie: 1 | Wraps/Sweet Chili: 2
Stockholm N,Coop Barkarby,Sunday,44,34~60,25,Baguette/Kyckling Curry: 1 | Baguette/Kyckling Sweet Chili: 1 | Baguette/Ost & Skinka: 1 | Baguette/Salami & Brieost: 2 | Baguette/Skagen: 2 | Fralla/Ost & Skinka: 3 | Fralla/Ost: 1 | Grönsallad/Caesarsallad: 2 | Hönökaka/Ost & Salami: 2 | Hönökaka/Ost & Skinka: 1 | Hönökaka/Ost: 1 | Pastasallad/Bacon & Kyckling: 1 | Pastasallad/Kyckling & Salladsost: 3 | Pastasallad/Kyckling mangocurry: 3 | Pastasallad/Ost & Skinka: 1 | Pastasallad/Räkor: 3 | Sandwich/Clubsandwich: 1 | Sandwich/Kyckling Curry: 1 | Sandwich/Räkor: 2 | Wraps/Caesar Kyckling: 2 | Wraps/Kyckling Bacon: 2 | Wraps/Kyckling Curry: 3 | Wraps/Sweet Chili: 2 | XL Frallor/Grovfralla Kalkon & Färskost: 2 | XL Frallor/Ost & Skinka: 1
Stockholm N,Coop Brommaplan,Sunday,32,24~46,23,Baguette/Kyckling Curry: 1 | Baguette/Ost & Skinka: 1 | Baguette/Salami & Brieost: 1 | Baguette/Skagen: 1 | Fralla/Ost & Skinka: 1 | Fralla/Ost: 1 | Hönökaka/Ost & Salami: 1 | Hönökaka/Ost & Skinka: 1 | Hönökaka/Ost: 1 | Pastasallad/Bacon & Kyckling: 1 | Pastasallad/Kyckling & Salladsost: 2 | Pastasallad/Kyckling mangocurry: 2 | Pastasallad/Räkor: 2 | Sandwich/Clubsandwich: 2 | Sandwich/Kyckling Curry: 1 | Sandwich/Räkor: 2 | Wraps/Caesar Kyckling: 2 | Wraps/Kyckling Bacon: 2 | Wraps/Kyckling Curry: 2 | Wraps/Sweet Chili: 2 | XL Frallor/Grovfralla Kalkon & Färskost: 1 | XL Frallor/Ost & Skinka: 1 | XL Frallor/Ost: 1
Stockholm N,Coop Bromsten,Sunday,40,33~57,23,Baguette/Kyckling Curry: 1 | Baguette/Ost & Skinka: 1 | Baguette/Salami & Brieost: 1 | Baguette/Skagen: 2 | Fralla/Ost & Skinka: 2 | Fralla/Ost: 1 | Grönsallad/Caesarsallad: 1 | Grönsallad/Kyckling: 1 | Hönökaka/Ost & Skinka: 3 | Hönökaka/Ost: 1 | Pastasallad/Bacon & Kyckling: 1 | Pastasallad/Kyckling & Salladsost: 2 | Pastasallad/Kyckling mangocurry: 3 | Pastasallad/Ost & Skinka: 1 | Pastasallad/Räkor: 2 | Sandwich/Bacon & Äggröra: 3 | Sandwich/Clubsandwich: 2 | Sandwich/Kyckling Curry: 2 | Sandwich/Räkor: 2 | Wraps/Caesar Kyckling: 2 | Wraps/Kyckling Bacon: 2 | Wraps/Kyckling Curry: 2 | Wraps/Sweet Chili: 2
Stockholm N,Coop Kungsängen,Sunday,78,65~102,28,Baguette/Kyckling Curry: 3 | Baguette/Kyckling Sweet Chili: 1 | Baguette/Ost & Skinka: 2 | Baguette/Salami & Brieost: 2 | Baguette/Skagen: 3 | Fralla/Ost & Skinka: 7 | Fralla/Ost: 6 | Grönsallad/Caesarsallad: 2 | Hönökaka/Ost & Salami: 3 | Hönökaka/Ost & Skinka: 3 | Hönökaka/Ost: 2 | Pastasallad/Bacon & Kyckling: 1 | Pastasallad/Kyckling & Salladsost: 3 | Pastasallad/Kyckling mangocurry: 4 | Pastasallad/Ost & Skinka: 1 | Pastasallad/Räkor: 3 | Sandwich/Clubsandwich: 2 | Sandwich/Kyckling Curry: 2 | Sandwich/Kyckling Pestoröra: 2 | Sandwich/Räkor: 3 | Sandwich/Ägg & Avocadokräm: 1 | Wraps/Caesar Kyckling: 3 | Wraps/Kyckling Bacon: 2 | Wraps/Kyckling Curry: 4 | Wraps/Sweet Chili: 3 | XL Frallor/Grovfralla Kalkon & Färskost: 4 | XL Frallor/Ost & Skinka: 3 | XL Frallor/Ost: 3
Stockholm N,Coop Spånga-torg,Sunday,25,20~33,15,Fralla/Ost & Skinka: 2 | Fralla/Ost: 1 | Hönökaka/Ost & Skinka: 2 | Hönökaka/Ost: 2 | Räkmacka Liten/Räkmacka liten: 1 | Sandwich/Bacon & Äggröra: 2 | Sandwich/Clubsandwich: 2 | Sandwich/Kyckling Curry: 1 | Sandwich/Kyckling Pestoröra: 1 | Sandwich/Räkor: 2 | Wraps/Caesar Kyckling: 2 | Wraps/Kyckling Bacon: 2 | Wraps/Kyckling Curry: 2 | Wraps/Sweet Chili: 2 | XL Frallor/Ost & Skinka: 1
Stockholm N,Coop Sundby Park,Sunday,88,65~113,35,Baguette/Kyckling Curry: 3 | Baguette/Kyckling Sweet Chili: 3 | Baguette/Ost & Skinka: 3 | Baguette/Salami & Brieost: 3 | Baguette/Skagen: 3 | Fralla/Ost & Skinka: 3 | Fralla/Ost: 4 | Grönsallad/Caesarsallad: 3 | Grönsallad/Kyckling: 1 | Hönökaka/Ost & Salami: 1 | Hönökaka/Ost & Skinka: 4 | Hönökaka/Ost: 3 | Pastasallad/Bacon & Kyckling: 3 | Pastasallad/Kyckling & Salladsost: 4 | Pastasallad/Kyckling kebab: 1 | Pastasallad/Kyckling mangocurry: 5 | Pastasallad/Ost & Skinka: 2 | Pastasallad/Räkor: 4 | Sandwich/Bacon & Äggröra: 2 | Sandwich/Clubsandwich: 2 | Sandwich/Kyckling Curry: 2 | Sandwich/Kyckling Pestoröra: 1 | Sandwich/Räkor: 2 | Sandwich/Ägg & Avocadokräm: 1 | Varmrätt/Cevapcici med bulgur: 1 | Varmrätt/Kycklingkebab med bulgur: 1 | Varmrätt/Kycklingpestosallad: 1 | Varmrätt/Kycklingspett med ris: 1 | Varmrätt/Tacobolognese med fullkornspasta: 1 | Varmrätt/Teriyakibiff med ris: 1 | Varmrätt/Teriyakikycklingfile med basmatiris: 1 | Wraps/Caesar Kyckling: 5 | Wraps/Kyckling Bacon: 4 | Wraps/Kyckling Curry: 5 | Wraps/Sweet Chili: 4
Stockholm N,Coop Tibble,Sunday,16,9~22,11,Baguette/Kyckling Curry: 1 | Baguette/Kyckling Sweet Chili: 1 | Baguette/Skagen: 1 | Grönsallad/Caesarsallad: 1 | Pastasallad/Kyckling & Salladsost: 3 | Pastasallad/Kyckling mangocurry: 3 | Pastasallad/Räkor: 2 | Sandwich/Kyckling Curry: 1 | Wraps/Kyckling Bacon: 1 | Wraps/Kyckling Curry: 1 | Wraps/Sweet Chili: 1
Stockholm N,Coop björnboda,Sunday,14,0~14,14,Baguette/Salami & Brieost: 1 | Baguette/Skagen: 1 | Fralla/Ost & Skinka: 1 | Hönökaka/Ost & Skinka: 1 | Hönökaka/Ost: 1 | Pastasallad/Kyckling & Salladsost: 1 | Pastasallad/Kyckling kebab: 1 | Pastasallad/Kyckling mangocurry: 1 | Pastasallad/Ost & Skinka: 1 | Pastasallad/Räkor: 1 | Wraps/Caesar Kyckling: 1 | Wraps/Kyckling Bacon: 1 | Wraps/Kyckling Curry: 1 | Wraps/Sweet Chili: 1
Stockholm N,Hemköp blackeberg,Sunday,27,13~34,23,Baguette/Kyckling Curry: 1 | Baguette/Ost & Skinka: 1 | Baguette/Salami & Brieost: 1 | Baguette/Skagen: 1 | Fralla/Ost & Skinka: 1 | Fralla/Ost: 1 | Grönsallad/Caesarsallad: 1 | Hönökaka/Ost & Salami: 1 | Hönökaka/Ost & Skinka: 1 | Hönökaka/Ost: 1 | Pastasallad/Kyckling & Salladsost: 1 | Pastasallad/Kyckling mangocurry: 1 | Pastasallad/Ost & Skinka: 1 | Pastasallad/Räkor: 1 | Sandwich/Clubsandwich: 1 | Sandwich/Räkor: 1 | Sandwich/Ägg & Avocadokräm: 1 | Varmrätt/Kycklingpestosallad: 1 | Varmrätt/Tacobolognese med fullkornspasta: 1 | Wraps/Caesar Kyckling: 2 | Wraps/Kyckling Bacon: 2 | Wraps/Kyckling Curry: 2 | Wraps/Sweet Chili: 2
Stockholm N,ICA Bromma,Sunday,52,41~72,29,Baguette/Kyckling Curry: 1 | Baguette/Ost & Skinka: 1 | Baguette/Salami & Brieost: 1 | Baguette/Skagen: 1 | Fralla/Ost & Skinka: 2 | Fralla/Ost: 2 | Grönsallad/Caesarsallad: 2 | Grönsallad/Kyckling: 1 | Hönökaka/Ost & Skinka: 3 | Hönökaka/Ost: 1 | Pastasallad/Bacon & Kyckling: 2 | Pastasallad/Kyckling & Salladsost: 3 | Pastasallad/Kyckling mangocurry: 4 | Pastasallad/Ost & Skinka: 2 | Pastasallad/Räkor: 2 | Räkstubbe/Räkstubbe: 1 | Sandwich/Bacon & Äggröra: 1 | Sandwich/Clubsandwich: 2 | Sandwich/Kyckling Curry: 2 | Sandwich/Kyckling Pestoröra: 1 | Sandwich/Räkor: 2 | Sandwich/Ägg & Avocadokräm: 1 | Wraps/Caesar Kyckling: 3 | Wraps/Kyckling Bacon: 2 | Wraps/Kyckling Curry: 3 | Wraps/Sweet Chili: 2 | XL Frallor/Grovfralla Kalkon & Färskost: 2 | XL Frallor/Ost & Skinka: 1 | XL Frallor/Ost: 1
Stockholm N,ICA Spånga,Sunday,63,50~87,31,Baguette/Kyckling Curry: 1 | Baguette/Kyckling Sweet Chili: 1 | Baguette/Ost & Skinka: 1 | Baguette/Salami & Brieost: 1 | Baguette/Skagen: 1 | Fralla/Ost & Skinka: 4 | Fralla/Ost: 2 | Grönsallad/Caesarsallad: 3 | Grönsallad/Kyckling: 1 | Hönökaka/Ost & Skinka: 3 | Hönökaka/Ost: 2 | Pastasallad/Bacon & Kyckling: 2 | Pastasallad/Kyckling & Salladsost: 4 | Pastasallad/Kyckling kebab: 1 | Pastasallad/Kyckling mangocurry: 4 | Pastasallad/Ost & Skinka: 2 | Pastasallad/Räkor: 2 | Räkmacka Liten/Räkmacka liten: 1 | Sandwich/Bacon & Äggröra: 1 | Sandwich/Clubsandwich: 2 | Sandwich/Kyckling Curry: 2 | Sandwich/Kyckling Pestoröra: 1 | Sandwich/Räkor: 1 | Sandwich/Ägg & Avocadokräm: 1 | Wraps/Caesar Kyckling: 4 | Wraps/Kyckling Bacon: 2 | Wraps/Kyckling Curry: 4 | Wraps/Sweet Chili: 4 | XL Frallor/Grovfralla Kalkon & Färskost: 2 | XL Frallor/Ost & Skinka: 2 | XL Frallor/Ost: 1
Stockholm N,ICA Supermarket Husby,Sunday,7,1~8,7,Baguette/Salami & Brieost: 1 | Pastasallad/Falafel: 1 | Pastasallad/Kyckling & Salladsost: 1 | Pastasallad/Kyckling kebab: 1 | Pastasallad/Kyckling mangocurry: 1 | Sandwich/Ägg & Avocadokräm: 1 | Wraps/Sweet Chili: 1
Stockholm N,Stora Coop Spånga,Sunday,22,11~28,18,Pastasallad/Kyckling & Salladsost: 1 | Pastasallad/Kyckling kebab: 1 | Pastasallad/Kyckling mangocurry: 2 | Pastasallad/Ost & Skinka: 1 | Pastasallad/Räkor: 1 | Sandwich/Clubsandwich: 1 | Sandwich/Kyckling Curry: 1 | Sandwich/Räkor: 1 | Sandwich/Ägg & Avocadokräm: 1 | Varmrätt/Cevapcici med bulgur: 2 | Varmrätt/Kycklingkebab med bulgur: 1 | Varmrätt/Kycklingpestosallad: 1 | Varmrätt/Kycklingspett med ris: 1 | Varmrätt/Teriyakikycklingfile med basmatiris: 1 | Wraps/Caesar Kyckling: 2 | Wraps/Kyckling Bacon: 2 | Wraps/Kyckling Curry: 1 | Wraps/Sweet Chili: 1
Stockholm N,Coop Barkarby,Monday,9,5~9,9,Fralla/Ost & Skinka: 1 | Pastasallad/Kyckling & Salladsost: 1 | Pastasallad/Kyckling mangocurry: 1 | Pastasallad/Räkor: 1 | Wraps/Caesar Kyckling: 1 | Wraps/Kyckling Bacon: 1 | Wraps/Kyckling Curry: 1 | Wraps/Sweet Chili: 1 | XL Frallor/Grovfralla Kalkon & Färskost: 1
Stockholm N,Coop Brommaplan,Monday,2,0~2,2,Wraps/Caesar Kyckling: 1 | Wraps/Kyckling Curry: 1
Stockholm N,Coop Bromsten,Monday,12,5~12,12,Hönökaka/Ost & Skinka: 1 | Pastasallad/Kyckling & Salladsost: 1 | Pastasallad/Kyckling mangocurry: 1 | Pastasallad/Räkor: 1 | Sandwich/Bacon & Äggröra: 1 | Sandwich/Clubsandwich: 1 | Sandwich/Kyckling Curry: 1 | Sandwich/Räkor: 1 | Wraps/Caesar Kyckling: 1 | Wraps/Kyckling Bacon: 1 | Wraps/Kyckling Curry: 1 | Wraps/Sweet Chili: 1
Stockholm N,Coop Kungsängen,Monday,24,19~26,20,Baguette/Kyckling Curry: 1 | Baguette/Salami & Brieost: 1 | Baguette/Skagen: 1 | Fralla/Ost & Skinka: 2 | Fralla/Ost: 2 | Hönökaka/Ost & Salami: 1 | Hönökaka/Ost & Skinka: 1 | Hönökaka/Ost: 1 | Pastasallad/Kyckling & Salladsost: 1 | Pastasallad/Kyckling mangocurry: 1 | Pastasallad/Räkor: 1 | Sandwich/Clubsandwich: 1 | Sandwich/Kyckling Pestoröra: 1 | Sandwich/Räkor: 1 | Wraps/Caesar Kyckling: 1 | Wraps/Kyckling Curry: 2 | Wraps/Sweet Chili: 1 | XL Frallor/Grovfralla Kalkon & Färskost: 2 | XL Frallor/Ost & Skinka: 1 | XL Frallor/Ost: 1
Stockholm N,Coop Spånga-torg,Monday,5,2~5,5,Hönökaka/Ost & Skinka: 1 | Sandwich/Clubsandwich: 1 | Wraps/Caesar Kyckling: 1 | Wraps/Kyckling Bacon: 1 | Wraps/Kyckling Curry: 1
Stockholm N,Coop Sundby Park,Monday,26,21~31,22,Baguette/Kyckling Curry: 1 | Baguette/Kyckling Sweet Chili: 1 | Baguette/Ost & Skinka: 1 | Baguette/Salami & Brieost: 1 | Baguette/Skagen: 1 | Fralla/Ost & Skinka: 1 | Fralla/Ost: 1 | Grönsallad/Caesarsallad: 1 | Hönökaka/Ost & Skinka: 1 | Hönökaka/Ost: 1 | Pastasallad/Bacon & Kyckling: 1 | Pastasallad/Kyckling & Salladsost: 1 | Pastasallad/Kyckling mangocurry: 2 | Pastasallad/Ost & Skinka: 1 | Pastasallad/Räkor: 1 | Sandwich/Clubsandwich: 1 | Sandwich/Kyckling Curry: 1 | Sandwich/Räkor: 1 | Wraps/Caesar Kyckling: 2 | Wraps/Kyckling Bacon: 2 | Wraps/Kyckling Curry: 2 | Wraps/Sweet Chili: 1
Stockholm N,Coop Tibble,Monday,2,2~2,2,Pastasallad/Kyckling & Salladsost: 1 | Pastasallad/Kyckling mangocurry: 1
Stockholm N,Hemköp blackeberg,Monday,2,0~2,2,Wraps/Kyckling Curry: 1 | Wraps/Sweet Chili: 1
Stockholm N,ICA Bromma,Monday,12,9~12,11,Fralla/Ost & Skinka: 1 | Hönökaka/Ost & Skinka: 1 | Pastasallad/Bacon & Kyckling: 1 | Pastasallad/Kyckling & Salladsost: 1 | Pastasallad/Kyckling mangocurry: 2 | Pastasallad/Ost & Skinka: 1 | Pastasallad/Räkor: 1 | Wraps/Caesar Kyckling: 1 | Wraps/Kyckling Bacon: 1 | Wraps/Kyckling Curry: 1 | Wraps/Sweet Chili: 1
Stockholm N,ICA Spånga,Monday,17,11~21,15,Fralla/Ost & Skinka: 2 | Fralla/Ost: 1 | Grönsallad/Caesarsallad: 1 | Hönökaka/Ost & Skinka: 1 | Hönökaka/Ost: 1 | Pastasallad/Bacon & Kyckling: 1 | Pastasallad/Kyckling & Salladsost: 1 | Pastasallad/Kyckling mangocurry: 2 | Pastasallad/Ost & Skinka: 1 | Pastasallad/Räkor: 1 | Sandwich/Kyckling Curry: 1 | Wraps/Caesar Kyckling: 1 | Wraps/Kyckling Bacon: 1 | Wraps/Kyckling Curry: 1 | Wraps/Sweet Chili: 1
Stockholm N,Stora Coop Spånga,Monday,1,0~1,1,Wraps/Kyckling Bacon: 1
Stockholm N,Coop Barkarby,Tuesday,30,23~43,24,Baguette/Kyckling Curry: 1 | Baguette/Kyckling Sweet Chili: 1 | Baguette/Salami & Brieost: 1 | Baguette/Skagen: 1 | Fralla/Ost & Skinka: 2 | Fralla/Ost: 1 | Grönsallad/Caesarsallad: 1 | Hönökaka/Ost & Salami: 1 | Hönökaka/Ost & Skinka: 1 | Hönökaka/Ost: 1 | Pastasallad/Bacon & Kyckling: 1 | Pastasallad/Kyckling & Salladsost: 2 | Pastasallad/Kyckling mangocurry: 2 | Pastasallad/Ost & Skinka: 1 | Pastasallad/Räkor: 2 | Sandwich/Clubsandwich: 1 | Sandwich/Kyckling Curry: 1 | Sandwich/Räkor: 1 | Wraps/Caesar Kyckling: 1 | Wraps/Kyckling Bacon: 2 | Wraps/Kyckling Curry: 2 | Wraps/Sweet Chili: 1 | XL Frallor/Grovfralla Kalkon & Färskost: 1 | XL Frallor/Ost & Skinka: 1
Stockholm N,Coop Brommaplan,Tuesday,23,14~31,22,Baguette/Kyckling Curry: 1 | Baguette/Ost & Skinka: 1 | Baguette/Salami & Brieost: 1 | Baguette/Skagen: 1 | Fralla/Ost & Skinka: 1 | Fralla/Ost: 1 | Hönökaka/Ost & Salami: 1 | Hönökaka/Ost & Skinka: 1 | Hönökaka/Ost: 1 | Pastasallad/Kyckling & Salladsost: 1 | Pastasallad/Kyckling mangocurry: 1 | Pastasallad/Räkor: 1 | Sandwich/Clubsandwich: 1 | Sandwich/Kyckling Curry: 1 | Sandwich/Räkor: 1 | Wraps/Caesar Kyckling: 1 | Wraps/Kyckling Bacon: 1 | Wraps/Kyckling Curry: 2 | Wraps/Sweet Chili: 1 | XL Frallor/Grovfralla Kalkon & Färskost: 1 | XL Frallor/Ost & Skinka: 1 | XL Frallor/Ost: 1
Stockholm N,Coop Bromsten,Tuesday,31,23~38,21,Baguette/Kyckling Curry: 1 | Baguette/Ost & Skinka: 1 | Baguette/Salami & Brieost: 1 | Baguette/Skagen: 1 | Fralla/Ost & Skinka: 1 | Fralla/Ost: 1 | Grönsallad/Caesarsallad: 1 | Hönökaka/Ost & Skinka: 2 | Hönökaka/Ost: 1 | Pastasallad/Kyckling & Salladsost: 2 | Pastasallad/Kyckling mangocurry: 2 | Pastasallad/Ost & Skinka: 1 | Pastasallad/Räkor: 2 | Sandwich/Bacon & Äggröra: 2 | Sandwich/Clubsandwich: 2 | Sandwich/Kyckling Curry: 2 | Sandwich/Räkor: 2 | Wraps/Caesar Kyckling: 2 | Wraps/Kyckling Bacon: 1 | Wraps/Kyckling Curry: 2 | Wraps/Sweet Chili: 1
Stockholm N,Coop Kungsängen,Tuesday,53,47~74,26,Baguette/Kyckling Curry: 2 | Baguette/Kyckling Sweet Chili: 1 | Baguette/Ost & Skinka: 1 | Baguette/Salami & Brieost: 2 | Baguette/Skagen: 2 | Fralla/Ost & Skinka: 5 | Fralla/Ost: 4 | Grönsallad/Caesarsallad: 1 | Hönökaka/Ost & Salami: 2 | Hönökaka/Ost & Skinka: 2 | Hönökaka/Ost: 2 | Pastasallad/Bacon & Kyckling: 1 | Pastasallad/Kyckling & Salladsost: 2 | Pastasallad/Kyckling mangocurry: 3 | Pastasallad/Räkor: 2 | Sandwich/Clubsandwich: 1 | Sandwich/Kyckling Curry: 1 | Sandwich/Kyckling Pestoröra: 2 | Sandwich/Räkor: 2 | Wraps/Caesar Kyckling: 2 | Wraps/Kyckling Bacon: 1 | Wraps/Kyckling Curry: 3 | Wraps/Sweet Chili: 2 | XL Frallor/Grovfralla Kalkon & Färskost: 3 | XL Frallor/Ost & Skinka: 2 | XL Frallor/Ost: 2
Stockholm N,Coop Spånga-torg,Tuesday,18,12~25,15,Fralla/Ost & Skinka: 1 | Fralla/Ost: 1 | Hönökaka/Ost & Skinka: 2 | Hönökaka/Ost: 1 | Räkmacka Liten/Räkmacka liten: 1 | Sandwich/Bacon & Äggröra: 1 | Sandwich/Clubsandwich: 1 | Sandwich/Kyckling Curry: 1 | Sandwich/Kyckling Pestoröra: 1 | Sandwich/Räkor: 1 | Wraps/Caesar Kyckling: 2 | Wraps/Kyckling Bacon: 1 | Wraps/Kyckling Curry: 2 | Wraps/Sweet Chili: 1 | XL Frallor/Ost & Skinka: 1
Stockholm N,Coop Sundby Park,Tuesday,60,48~79,28,Baguette/Kyckling Curry: 2 | Baguette/Kyckling Sweet Chili: 2 | Baguette/Ost & Skinka: 2 | Baguette/Salami & Brieost: 2 | Baguette/Skagen: 2 | Fralla/Ost & Skinka: 2 | Fralla/Ost: 3 | Grönsallad/Caesarsallad: 2 | Grönsallad/Kyckling: 1 | Hönökaka/Ost & Salami: 1 | Hönökaka/Ost & Skinka: 3 | Hönökaka/Ost: 2 | Pastasallad/Bacon & Kyckling: 2 | Pastasallad/Kyckling & Salladsost: 3 | Pastasallad/Kyckling kebab: 1 | Pastasallad/Kyckling mangocurry: 4 | Pastasallad/Ost & Skinka: 2 | Pastasallad/Räkor: 3 | Sandwich/Bacon & Äggröra: 1 | Sandwich/Clubsandwich: 2 | Sandwich/Kyckling Curry: 1 | Sandwich/Kyckling Pestoröra: 1 | Sandwich/Räkor: 1 | Sandwich/Ägg & Avocadokräm: 1 | Wraps/Caesar Kyckling: 4 | Wraps/Kyckling Bacon: 3 | Wraps/Kyckling Curry: 4 | Wraps/Sweet Chili: 3
Stockholm N,Coop Tibble,Tuesday,9,7~12,7,Baguette/Kyckling Curry: 1 | Baguette/Kyckling Sweet Chili: 1 | Pastasallad/Kyckling & Salladsost: 2 | Pastasallad/Kyckling mangocurry: 2 | Pastasallad/Räkor: 1 | Wraps/Kyckling Bacon: 1 | Wraps/Sweet Chili: 1
Stockholm N,Hemköp blackeberg,Tuesday,11,5~15,11,Fralla/Ost & Skinka: 1 | Fralla/Ost: 1 | Hönökaka/Ost & Salami: 1 | Hönökaka/Ost & Skinka: 1 | Pastasallad/Kyckling mangocurry: 1 | Pastasallad/Räkor: 1 | Sandwich/Räkor: 1 | Wraps/Caesar Kyckling: 1 | Wraps/Kyckling Bacon: 1 | Wraps/Kyckling Curry: 1 | Wraps/Sweet Chili: 1
Stockholm N,ICA Bromma,Tuesday,37,27~50,27,Baguette/Ost & Skinka: 1 | Baguette/Salami & Brieost: 1 | Baguette/Skagen: 1 | Fralla/Ost & Skinka: 2 | Fralla/Ost: 1 | Grönsallad/Caesarsallad: 1 | Grönsallad/Kyckling: 1 | Hönökaka/Ost & Skinka: 2 | Hönökaka/Ost: 1 | Pastasallad/Bacon & Kyckling: 1 | Pastasallad/Kyckling & Salladsost: 2 | Pastasallad/Kyckling mangocurry: 3 | Pastasallad/Ost & Skinka: 1 | Pastasallad/Räkor: 2 | Räkstubbe/Räkstubbe: 1 | Sandwich/Bacon & Äggröra: 1 | Sandwich/Clubsandwich: 1 | Sandwich/Kyckling Curry: 1 | Sandwich/Kyckling Pestoröra: 1 | Sandwich/Räkor: 1 | Sandwich/Ägg & Avocadokräm: 1 | Wraps/Caesar Kyckling: 2 | Wraps/Kyckling Bacon: 2 | Wraps/Kyckling Curry: 2 | Wraps/Sweet Chili: 2 | XL Frallor/Grovfralla Kalkon & Färskost: 1 | XL Frallor/Ost: 1
Stockholm N,ICA Spånga,Tuesday,48,33~57,27,Baguette/Kyckling Curry: 1 | Baguette/Ost & Skinka: 1 | Baguette/Salami & Brieost: 1 | Baguette/Skagen: 1 | Fralla/Ost & Skinka: 3 | Fralla/Ost: 2 | Grönsallad/Caesarsallad: 2 | Grönsallad/Kyckling: 1 | Hönökaka/Ost & Skinka: 2 | Hönökaka/Ost: 2 | Pastasallad/Bacon & Kyckling: 2 | Pastasallad/Kyckling & Salladsost: 3 | Pastasallad/Kyckling mangocurry: 3 | Pastasallad/Ost & Skinka: 2 | Pastasallad/Räkor: 2 | Räkmacka Liten/Räkmacka liten: 1 | Sandwich/Clubsandwich: 1 | Sandwich/Kyckling Curry: 2 | Sandwich/Räkor: 1 | Sandwich/Ägg & Avocadokräm: 1 | Wraps/Caesar Kyckling: 3 | Wraps/Kyckling Bacon: 2 | Wraps/Kyckling Curry: 3 | Wraps/Sweet Chili: 3 | XL Frallor/Grovfralla Kalkon & Färskost: 1 | XL Frallor/Ost & Skinka: 1 | XL Frallor/Ost: 1
Stockholm N,ICA Supermarket Husby,Tuesday,1,0~1,1,Sandwich/Ägg & Avocadokräm: 1
Stockholm N,Stora Coop Spånga,Tuesday,10,4~14,10,Pastasallad/Kyckling & Salladsost: 1 | Pastasallad/Kyckling kebab: 1 | Pastasallad/Kyckling mangocurry: 1 | Pastasallad/Räkor: 1 | Varmrätt/Cevapcici med bulgur: 1 | Varmrätt/Kycklingspett med ris: 1 | Varmrätt/Teriyakikycklingfile med basmatiris: 1 | Wraps/Caesar Kyckling: 1 | Wraps/Kyckling Bacon: 1 | Wraps/Sweet Chili: 1
Stockholm N,Coop Barkarby,Wednesday,6,5~6,6,Fralla/Ost & Skinka: 1 | Pastasallad/Kyckling & Salladsost: 1 | Pastasallad/Kyckling mangocurry: 1 | Pastasallad/Räkor: 1 | Wraps/Kyckling Bacon: 1 | Wraps/Kyckling Curry: 1
Stockholm N,Coop Brommaplan,Wednesday,1,0~1,1,Wraps/Kyckling Curry: 1
Stockholm N,Coop Bromsten,Wednesday,10,3~10,10,Hönökaka/Ost & Skinka: 1 | Pastasallad/Kyckling & Salladsost: 1 | Pastasallad/Kyckling mangocurry: 1 | Pastasallad/Räkor: 1 | Sandwich/Bacon & Äggröra: 1 | Sandwich/Clubsandwich: 1 | Sandwich/Kyckling Curry: 1 | Sandwich/Räkor: 1 | Wraps/Caesar Kyckling: 1 | Wraps/Kyckling Curry: 1
Stockholm N,Coop Kungsängen,Wednesday,21,17~23,19,Baguette/Kyckling Curry: 1 | Baguette/Salami & Brieost: 1 | Baguette/Skagen: 1 | Fralla/Ost & Skinka: 2 | Fralla/Ost: 2 | Hönökaka/Ost & Salami: 1 | Hönökaka/Ost & Skinka: 1 | Hönökaka/Ost: 1 | Pastasallad/Kyckling & Salladsost: 1 | Pastasallad/Kyckling mangocurry: 1 | Pastasallad/Räkor: 1 | Sandwich/Kyckling Pestoröra: 1 | Sandwich/Räkor: 1 | Wraps/Caesar Kyckling: 1 | Wraps/Kyckling Curry: 1 | Wraps/Sweet Chili: 1 | XL Frallor/Grovfralla Kalkon & Färskost: 1 | XL Frallor/Ost & Skinka: 1 | XL Frallor/Ost: 1
Stockholm N,Coop Spånga-torg,Wednesday,3,0~3,3,Hönökaka/Ost & Skinka: 1 | Wraps/Caesar Kyckling: 1 | Wraps/Kyckling Curry: 1
Stockholm N,Coop Sundby Park,Wednesday,20,18~24,20,Baguette/Kyckling Curry: 1 | Baguette/Kyckling Sweet Chili: 1 | Baguette/Ost & Skinka: 1 | Baguette/Salami & Brieost: 1 | Baguette/Skagen: 1 | Fralla/Ost & Skinka: 1 | Fralla/Ost: 1 | Grönsallad/Caesarsallad: 1 | Hönökaka/Ost & Skinka: 1 | Hönökaka/Ost: 1 | Pastasallad/Bacon & Kyckling: 1 | Pastasallad/Kyckling & Salladsost: 1 | Pastasallad/Kyckling mangocurry: 1 | Pastasallad/Ost & Skinka: 1 | Pastasallad/Räkor: 1 | Sandwich/Clubsandwich: 1 | Wraps/Caesar Kyckling: 1 | Wraps/Kyckling Bacon: 1 | Wraps/Kyckling Curry: 1 | Wraps/Sweet Chili: 1
Stockholm N,Coop Tibble,Wednesday,2,2~2,2,Pastasallad/Kyckling & Salladsost: 1 | Pastasallad/Kyckling mangocurry: 1
Stockholm N,ICA Bromma,Wednesday,9,5~10,9,Fralla/Ost & Skinka: 1 | Hönökaka/Ost & Skinka: 1 | Pastasallad/Kyckling & Salladsost: 1 | Pastasallad/Kyckling mangocurry: 1 | Pastasallad/Räkor: 1 | Wraps/Caesar Kyckling: 1 | Wraps/Kyckling Bacon: 1 | Wraps/Kyckling Curry: 1 | Wraps/Sweet Chili: 1
Stockholm N,ICA Spånga,Wednesday,15,8~17,15,Fralla/Ost & Skinka: 1 | Fralla/Ost: 1 | Grönsallad/Caesarsallad: 1 | Hönökaka/Ost & Skinka: 1 | Hönökaka/Ost: 1 | Pastasallad/Bacon & Kyckling: 1 | Pastasallad/Kyckling & Salladsost: 1 | Pastasallad/Kyckling mangocurry: 1 | Pastasallad/Ost & Skinka: 1 | Pastasallad/Räkor: 1 | Sandwich/Kyckling Curry: 1 | Wraps/Caesar Kyckling: 1 | Wraps/Kyckling Bacon: 1 | Wraps/Kyckling Curry: 1 | Wraps/Sweet Chili: 1
Stockholm N,Coop Barkarby,Thursday,56,37~65,35,Baguette/Kyckling Curry: 2 | Baguette/Kyckling Sweet Chili: 2 | Baguette/Ost & Skinka: 1 | Baguette/Salami & Brieost: 2 | Baguette/Skagen: 2 | Fralla/Ost & Skinka: 2 | Fralla/Ost: 2 | Grönsallad/Caesarsallad: 2 | Hönökaka/Ost & Salami: 2 | Hönökaka/Ost & Skinka: 1 | Hönökaka/Ost: 1 | Pastasallad/Bacon & Kyckling: 2 | Pastasallad/Kyckling & Salladsost: 2 | Pastasallad/Kyckling kebab: 1 | Pastasallad/Kyckling mangocurry: 4 | Pastasallad/Ost & Skinka: 1 | Pastasallad/Räkor: 3 | Sandwich/Clubsandwich: 1 | Sandwich/Kyckling Curry: 1 | Sandwich/Kyckling Pestoröra: 1 | Sandwich/Räkor: 2 | Varmrätt/Cevapcici med bulgur: 1 | Varmrätt/Kyckling-och böngryta: 1 | Varmrätt/Kycklingpestosallad: 1 | Varmrätt/Kycklingspett med ris: 1 | Varmrätt/Pannbiff med Basmatiris: 1 | Varmrätt/Tacobolognese med fullkornspasta: 1 | Varmrätt/Teriyakikycklingfile med basmatiris: 1 | Wraps/Caesar Kyckling: 2 | Wraps/Kyckling Bacon: 1 | Wraps/Kyckling Curry: 3 | Wraps/Sweet Chili: 2 | XL Frallor/Grovfralla Kalkon & Färskost: 2 | XL Frallor/Ost & Skinka: 1 | XL Frallor/Ost: 1
Stockholm N,Coop Brommaplan,Thursday,36,32~40,23,Baguette/Kyckling Curry: 1 | Baguette/Ost & Skinka: 1 | Baguette/Salami & Brieost: 1 | Baguette/Skagen: 2 | Fralla/Ost & Skinka: 2 | Fralla/Ost: 2 | Hönökaka/Ost & Salami: 1 | Hönökaka/Ost & Skinka: 2 | Hönökaka/Ost: 1 | Pastasallad/Bacon & Kyckling: 1 | Pastasallad/Kyckling & Salladsost: 2 | Pastasallad/Kyckling mangocurry: 2 | Pastasallad/Räkor: 2 | Sandwich/Clubsandwich: 2 | Sandwich/Kyckling Curry: 2 | Sandwich/Räkor: 2 | Wraps/Caesar Kyckling: 2 | Wraps/Kyckling Bacon: 2 | Wraps/Kyckling Curry: 1 | Wraps/Sweet Chili: 2 | XL Frallor/Grovfralla Kalkon & Färskost: 1 | XL Frallor/Ost & Skinka: 1 | XL Frallor/Ost: 1
Stockholm N,Coop Bromsten,Thursday,41,36~59,24,Baguette/Kyckling Curry: 2 | Baguette/Kycklingsallad Olivie: 1 | Baguette/Ost & Skinka: 2 | Baguette/Salami & Brieost: 2 | Baguette/Skagen: 2 | Fralla/Ost & Skinka: 2 | Fralla/Ost: 2 | Grönsallad/Caesarsallad: 2 | Grönsallad/Kyckling: 1 | Hönökaka/Ost & Skinka: 3 | Hönökaka/Ost: 2 | Pastasallad/Bacon & Kyckling: 1 | Pastasallad/Kyckling & Salladsost: 1 | Pastasallad/Kyckling mangocurry: 3 | Pastasallad/Ost & Skinka: 1 | Pastasallad/Räkor: 1 | Sandwich/Bacon & Äggröra: 2 | Sandwich/Clubsandwich: 2 | Sandwich/Kyckling Curry: 1 | Sandwich/Räkor: 1 | Wraps/Caesar Kyckling: 1 | Wraps/Kyckling Bacon: 2 | Wraps/Kyckling Curry: 2 | Wraps/Sweet Chili: 2
Stockholm N,Coop Kungsängen,Thursday,95,60~114,39,Baguette/Kyckling Curry: 2 | Baguette/Kyckling Sweet Chili: 1 | Baguette/Ost & Skinka: 2 | Baguette/Salami & Brieost: 1 | Baguette/Skagen: 4 | Fralla/Ost & Skinka: 8 | Fralla/Ost: 6 | Grönsallad/Caesarsallad: 2 | Hönökaka/Ost & Salami: 2 | Hönökaka/Ost & Skinka: 4 | Hönökaka/Ost: 2 | Pastasallad/Bacon & Kyckling: 2 | Pastasallad/Kyckling & Salladsost: 4 | Pastasallad/Kyckling mangocurry: 4 | Pastasallad/Ost & Skinka: 1 | Pastasallad/Räkor: 4 | Sandwich/Bacon & Äggröra: 1 | Sandwich/Clubsandwich: 2 | Sandwich/Kyckling Curry: 2 | Sandwich/Kyckling Pestoröra: 1 | Sandwich/Räkor: 2 | Sandwich/Ägg & Avocadokräm: 1 | Varmrätt/Cevapcici med bulgur: 1 | Varmrätt/Falafel med bulgur: 1 | Varmrätt/Kyckling-och böngryta: 1 | Varmrätt/Kycklingkebab med bulgur: 1 | Varmrätt/Kycklingpestosallad: 1 | Varmrätt/Kycklingspett med ris: 1 | Varmrätt/Pannbiff med Basmatiris: 1 | Varmrätt/Tacobolognese med fullkornspasta: 1 | Varmrätt/Teriyakibiff med ris: 1 | Varmrätt/Teriyakikycklingfile med basmatiris: 1 | Wraps/Caesar Kyckling: 4 | Wraps/Kyckling Bacon: 2 | Wraps/Kyckling Curry: 5 | Wraps/Sweet Chili: 4 | XL Frallor/Grovfralla Kalkon & Färskost: 5 | XL Frallor/Ost & Skinka: 4 | XL Frallor/Ost: 3
Stockholm N,Coop Spånga-torg,Thursday,26,25~30,15,Fralla/Ost & Skinka: 2 | Fralla/Ost: 2 | Hönökaka/Ost & Skinka: 2 | Hönökaka/Ost: 2 | Räkmacka Liten/Räkmacka liten: 1 | Sandwich/Bacon & Äggröra: 2 | Sandwich/Clubsandwich: 2 | Sandwich/Kyckling Curry: 2 | Sandwich/Kyckling Pestoröra: 1 | Sandwich/Räkor: 2 | Wraps/Caesar Kyckling: 1 | Wraps/Kyckling Bacon: 2 | Wraps/Kyckling Curry: 2 | Wraps/Sweet Chili: 2 | XL Frallor/Ost & Skinka: 1
Stockholm N,Coop Sundby Park,Thursday,90,71~118,36,Baguette/Kyckling Curry: 2 | Baguette/Kyckling Sweet Chili: 2 | Baguette/Ost & Skinka: 2 | Baguette/Salami & Brieost: 2 | Baguette/Skagen: 4 | Fralla/Ost & Skinka: 4 | Fralla/Ost: 3 | Grönsallad/Caesarsallad: 3 | Grönsallad/Kyckling: 2 | Hönökaka/Ost & Salami: 1 | Hönökaka/Ost & Skinka: 3 | Hönökaka/Ost: 3 | Pastasallad/Bacon & Kyckling: 2 | Pastasallad/Falafel: 1 | Pastasallad/Kyckling & Salladsost: 5 | Pastasallad/Kyckling kebab: 2 | Pastasallad/Kyckling mangocurry: 5 | Pastasallad/Ost & Skinka: 2 | Pastasallad/Räkor: 4 | Sandwich/Bacon & Äggröra: 2 | Sandwich/Clubsandwich: 2 | Sandwich/Kyckling Curry: 2 | Sandwich/Kyckling Pestoröra: 2 | Sandwich/Räkor: 2 | Sandwich/Ägg & Avocadokräm: 1 | Varmrätt/Cevapcici med bulgur: 1 | Varmrätt/Kycklingkebab med bulgur: 1 | Varmrätt/Kycklingpestosallad: 1 | Varmrätt/Kycklingspett med ris: 1 | Varmrätt/Tacobolognese med fullkornspasta: 1 | Varmrätt/Teriyakibiff med ris: 1 | Varmrätt/Teriyakikycklingfile med basmatiris: 1 | Wraps/Caesar Kyckling: 5 | Wraps/Kyckling Bacon: 5 | Wraps/Kyckling Curry: 6 | Wraps/Sweet Chili: 4
Stockholm N,Coop Tibble,Thursday,22,13~29,16,Baguette/Kyckling Curry: 1 | Baguette/Kyckling Sweet Chili: 2 | Baguette/Skagen: 1 | Grönsallad/Caesarsallad: 1 | Pastasallad/Kyckling & Salladsost: 2 | Pastasallad/Kyckling mangocurry: 3 | Pastasallad/Räkor: 2 | Sandwich/Kyckling Curry: 1 | Sandwich/Räkor: 1 | Varmrätt/Cevapcici med bulgur: 1 | Varmrätt/Kyckling-och böngryta: 1 | Varmrätt/Pannbiff med Basmatiris: 1 | Varmrätt/Teriyakikycklingfile med basmatiris: 1 | Wraps/Kyckling Bacon: 1 | Wraps/Kyckling Curry: 1 | Wraps/Sweet Chili: 2
Stockholm N,Coop björnboda,Thursday,14,14~28,14,Baguette/Salami & Brieost: 1 | Baguette/Skagen: 1 | Fralla/Ost & Skinka: 1 | Hönökaka/Ost & Skinka: 1 | Hönökaka/Ost: 1 | Pastasallad/Kyckling & Salladsost: 1 | Pastasallad/Kyckling kebab: 1 | Pastasallad/Kyckling mangocurry: 1 | Pastasallad/Ost & Skinka: 1 | Pastasallad/Räkor: 1 | Wraps/Caesar Kyckling: 1 | Wraps/Kyckling Bacon: 1 | Wraps/Kyckling Curry: 1 | Wraps/Sweet Chili: 1
Stockholm N,Hemköp blackeberg,Thursday,31,27~47,26,Baguette/Kyckling Curry: 1 | Baguette/Ost & Skinka: 1 | Baguette/Salami & Brieost: 1 | Baguette/Skagen: 1 | Fralla/Ost & Skinka: 2 | Fralla/Ost: 1 | Grönsallad/Caesarsallad: 1 | Hönökaka/Ost & Salami: 1 | Hönökaka/Ost & Skinka: 1 | Hönökaka/Ost: 1 | Pastasallad/Falafel: 1 | Pastasallad/Kyckling & Salladsost: 1 | Pastasallad/Kyckling kebab: 1 | Pastasallad/Kyckling mangocurry: 1 | Pastasallad/Ost & Skinka: 1 | Pastasallad/Räkor: 1 | Sandwich/Clubsandwich: 1 | Sandwich/Kyckling Pestoröra: 1 | Sandwich/Räkor: 1 | Sandwich/Ägg & Avocadokräm: 1 | Varmrätt/Kycklingpestosallad: 1 | Varmrätt/Tacobolognese med fullkornspasta: 1 | Wraps/Caesar Kyckling: 2 | Wraps/Kyckling Bacon: 2 | Wraps/Kyckling Curry: 2 | Wraps/Sweet Chili: 2
Stockholm N,ICA Bromma,Thursday,56,44~70,30,Baguette/Kyckling Curry: 1 | Baguette/Kyckling Sweet Chili: 1 | Baguette/Ost & Skinka: 2 | Baguette/Salami & Brieost: 1 | Baguette/Skagen: 2 | Fralla/Ost & Skinka: 2 | Fralla/Ost: 2 | Grönsallad/Caesarsallad: 2 | Grönsallad/Kyckling: 2 | Hönökaka/Ost & Skinka: 2 | Hönökaka/Ost: 2 | Pastasallad/Bacon & Kyckling: 2 | Pastasallad/Kyckling & Salladsost: 2 | Pastasallad/Kyckling mangocurry: 5 | Pastasallad/Ost & Skinka: 2 | Pastasallad/Räkor: 2 | Räkstubbe/Räkstubbe: 1 | Sandwich/Bacon & Äggröra: 1 | Sandwich/Clubsandwich: 2 | Sandwich/Kyckling Curry: 2 | Sandwich/Kyckling Pestoröra: 1 | Sandwich/Räkor: 2 | Sandwich/Ägg & Avocadokräm: 1 | Wraps/Caesar Kyckling: 4 | Wraps/Kyckling Bacon: 2 | Wraps/Kyckling Curry: 2 | Wraps/Sweet Chili: 2 | XL Frallor/Grovfralla Kalkon & Färskost: 2 | XL Frallor/Ost & Skinka: 1 | XL Frallor/Ost: 1
Stockholm N,ICA Spånga,Thursday,71,56~98,37,Baguette/Kyckling Curry: 1 | Baguette/Kyckling Sweet Chili: 1 | Baguette/Ost & Skinka: 2 | Baguette/Salami & Brieost: 1 | Baguette/Skagen: 2 | Blandstubbe/Blandstubbe: 1 | Fralla/Ost & Skinka: 5 | Fralla/Ost: 2 | Grönsallad/Caesarsallad: 3 | Grönsallad/Kyckling: 1 | Hönökaka/Ost & Skinka: 2 | Hönökaka/Ost: 1 | Pastasallad/Bacon & Kyckling: 1 | Pastasallad/Kyckling & Salladsost: 3 | Pastasallad/Kyckling kebab: 1 | Pastasallad/Kyckling mangocurry: 5 | Pastasallad/Ost & Skinka: 2 | Pastasallad/Räkor: 1 | Räkmacka Liten/Räkmacka liten: 1 | Räkstubbe/Räkstubbe: 1 | Sandwich/Bacon & Äggröra: 1 | Sandwich/Clubsandwich: 2 | Sandwich/Kyckling Curry: 1 | Sandwich/Kyckling Pestoröra: 1 | Sandwich/Räkor: 2 | Sandwich/Ägg & Avocadokräm: 2 | Varmrätt/Kyckling-och böngryta: 1 | Varmrätt/Kycklingspett med ris: 1 | Varmrätt/Teriyakibiff med ris: 1 | Varmrätt/Teriyakikycklingfile med basmatiris: 1 | Wraps/Caesar Kyckling: 5 | Wraps/Kyckling Bacon: 2 | Wraps/Kyckling Curry: 5 | Wraps/Sweet Chili: 3 | XL Frallor/Grovfralla Kalkon & Färskost: 2 | XL Frallor/Ost & Skinka: 2 | XL Frallor/Ost: 2
Stockholm N,ICA Supermarket Husby,Thursday,7,7~14,7,Baguette/Salami & Brieost: 1 | Pastasallad/Falafel: 1 | Pastasallad/Kyckling & Salladsost: 1 | Pastasallad/Kyckling kebab: 1 | Pastasallad/Kyckling mangocurry: 1 | Sandwich/Ägg & Avocadokräm: 1 | Wraps/Sweet Chili: 1
Stockholm N,Stora Coop Spånga,Thursday,22,22~33,18,Pastasallad/Kyckling & Salladsost: 1 | Pastasallad/Kyckling kebab: 1 | Pastasallad/Kyckling mangocurry: 2 | Pastasallad/Ost & Skinka: 1 | Pastasallad/Räkor: 1 | Sandwich/Clubsandwich: 1 | Sandwich/Kyckling Curry: 1 | Sandwich/Räkor: 1 | Sandwich/Ägg & Avocadokräm: 1 | Varmrätt/Cevapcici med bulgur: 2 | Varmrätt/Kycklingkebab med bulgur: 1 | Varmrätt/Kycklingpestosallad: 1 | Varmrätt/Kycklingspett med ris: 1 | Varmrätt/Teriyakikycklingfile med basmatiris: 1 | Wraps/Caesar Kyckling: 2 | Wraps/Kyckling Bacon: 2 | Wraps/Kyckling Curry: 1 | Wraps/Sweet Chili: 1
Stockholm Södra,Coop Centralen,Sunday,204,171~239,10,Baguette/Ost & Skinka: 20 | Baguette/Salami & Brieost: 29 | Baguette/Skagen: 2 | Glutenfri Frallor/Glutenfri Ost & Skinka(endast söndagsbeställning): 5 | Glutenfri Frallor/Glutenfri Pumpafralla Kalkon & Färskost(endast söndagsbeställning): 4 | Hönökaka/Ost & Salami: 35 | Hönökaka/Ost & Skinka: 38 | Hönökaka/Ost: 24 | XL Frallor/Grovfralla Kalkon & Färskost: 19 | XL Frallor/Ost & Skinka: 28
Stockholm Södra,Coop Hagastaden,Sunday,19,16~28,12,Baguette/Kyckling Sweet Chili: 1 | Baguette/Salami & Brieost: 1 | Fralla/Ost & Skinka: 3 | Fralla/Ost: 2 | Grönsallad/Kyckling: 1 | Hönökaka/Ost & Salami: 2 | Hönökaka/Ost & Skinka: 2 | Hönökaka/Ost: 2 | Räkmacka Liten/Räkmacka liten: 1 | Wraps/Kyckling Curry: 2 | XL Frallor/Grovfralla Kalkon & Färskost: 1 | XL Frallor/Ost & Skinka: 1
Stockholm Södra,Coop HÖTORGET,Sunday,104,83~130,31,Baguette/Kyckling Curry: 2 | Baguette/Ost & Skinka: 2 | Baguette/Salami & Brieost: 2 | Baguette/Skagen: 1 | Fralla/Ost & Skinka: 5 | Fralla/Ost: 4 | Glutenfri Frallor/Glutenfri Ost(endast söndagsbeställning): 1 | Glutenfri Frallor/Glutenfri Pumpafralla Kalkon & Färskost(endast söndagsbeställning): 1 | Hönökaka/Ost & Salami: 6 | Hönökaka/Ost & Skinka: 8 | Hönökaka/Ost: 8 | Pastasallad/Bacon & Kyckling: 1 | Pastasallad/Falafel: 1 | Pastasallad/Kyckling & Salladsost: 3 | Pastasallad/Kyckling kebab: 3 | Pastasallad/Kyckling mangocurry: 5 | Pastasallad/Ost & Skinka: 2 | Pastasallad/Räkor: 2 | Sandwich/Bacon & Äggröra: 2 | Sandwich/Clubsandwich: 3 | Sandwich/Kyckling Curry: 3 | Sandwich/Kyckling Pestoröra: 1 | Sandwich/Räkor: 2 | Sandwich/Ägg & Avocadokräm: 2 | Wraps/Caesar Kyckling: 6 | Wraps/Kyckling Bacon: 6 | Wraps/Kyckling Curry: 6 | Wraps/Sweet Chili: 7 | XL Frallor/Grovfralla Kalkon & Färskost: 2 | XL Frallor/Ost & Skinka: 4 | XL Frallor/Ost: 3
Stockholm Södra,Coop Medborgarplatsen,Sunday,25,18~39,22,Baguette/Ost & Skinka: 1 | Baguette/Salami & Brieost: 1 | Fralla/Ost & Skinka: 2 | Fralla/Ost: 2 | Hönökaka/Ost & Salami: 1 | Hönökaka/Ost & Skinka: 1 | Hönökaka/Ost: 1 | Pastasallad/Kyckling kebab: 1 | Pastasallad/Kyckling mangocurry: 1 | Sandwich/Clubsandwich: 1 | Sandwich/Kyckling Curry: 1 | Varmrätt/Cevapcici med bulgur: 1 | Varmrätt/Falafel med bulgur: 1 | Varmrätt/Kyckling-och böngryta: 1 | Varmrätt/Kycklingpestosallad: 1 | Varmrätt/Teriyakikycklingfile med basmatiris: 1 | Wraps/Caesar Kyckling: 1 | Wraps/Kyckling Bacon: 1 | Wraps/Kyckling Curry: 2 | XL Frallor/Grovfralla Kalkon & Färskost: 1 | XL Frallor/Ost & Skinka: 1 | XL Frallor/Ost: 1
Stockholm Södra,Coop Nytorgsgatan,Sunday,29,20~42,21,Baguette/Kyckling Sweet Chili: 1 | Baguette/Salami & Brieost: 1 | Fralla/Ost & Skinka: 2 | Fralla/Ost: 2 | Hönökaka/Ost & Salami: 2 | Hönökaka/Ost & Skinka: 2 | Hönökaka/Ost: 2 | Pastasallad/Falafel: 1 | Pastasallad/Kyckling & Salladsost: 1 | Pastasallad/Kyckling kebab: 1 | Pastasallad/Kyckling mangocurry: 3 | Pastasallad/Räkor: 1 | Sandwich/Clubsandwich: 1 | Sandwich/Kyckling Curry: 1 | Sandwich/Kyckling Pestoröra: 1 | Wraps/Caesar Kyckling: 1 | Wraps/Kyckling Bacon: 1 | Wraps/Kyckling Curry: 2 | XL Frallor/Grovfralla Kalkon & Färskost: 1 | XL Frallor/Ost & Skinka: 1 | XL Frallor/Ost: 1
Stockholm Södra,Coop Odengatan,Sunday,61,47~81,31,Baguette/Kyckling Curry: 1 | Baguette/Ost & Skinka: 2 | Baguette/Salami & Brieost: 2 | Baguette/Skagen: 2 | Fralla/Ost & Skinka: 3 | Fralla/Ost: 2 | Glutenfri Frallor/Glutenfri Ost & Skinka(endast söndagsbeställning): 1 | Glutenfri Frallor/Glutenfri Ost(endast söndagsbeställning): 1 | Glutenfri Frallor/Glutenfri Pumpafralla Kalkon & Färskost(endast söndagsbeställning): 1 | Grönsallad/Kyckling: 1 | Hönökaka/Ost & Salami: 2 | Hönökaka/Ost & Skinka: 3 | Hönökaka/Ost: 2 | Pastasallad/Bacon & Kyckling: 2 | Pastasallad/Falafel: 1 | Pastasallad/Kyckling & Salladsost: 3 | Pastasallad/Kyckling kebab: 2 | Pastasallad/Kyckling mangocurry: 4 | Pastasallad/Ost & Skinka: 2 | Pastasallad/Räkor: 1 | Sandwich/Bacon & Äggröra: 1 | Sandwich/Clubsandwich: 1 | Sandwich/Kyckling Curry: 1 | Sandwich/Ägg & Avocadokräm: 1 | Wraps/Caesar Kyckling: 4 | Wraps/Kyckling Bacon: 3 | Wraps/Kyckling Curry: 4 | Wraps/Sweet Chili: 3 | XL Frallor/Grovfralla Kalkon & Färskost: 1 | XL Frallor/Ost & Skinka: 2 | XL Frallor/Ost: 2
Stockholm Södra,Coop Odenplan,Sunday,33,23~43,21,Baguette/Ost & Skinka: 1 | Baguette/Salami & Brieost: 1 | Fralla/Ost & Skinka: 3 | Fralla/Ost: 3 | Hönökaka/Ost & Salami: 2 | Hönökaka/Ost & Skinka: 2 | Hönökaka/Ost: 2 | Sandwich/Bacon & Äggröra: 1 | Sandwich/Clubsandwich: 1 | Sandwich/Kyckling Curry: 1 | Varmrätt/Cevapcici med bulgur: 1 | Varmrätt/Kyckling-och böngryta: 1 | Varmrätt/Kycklingspett med ris: 1 | Varmrätt/Pannbiff med Basmatiris: 1 | Varmrätt/Teriyakikycklingfile med basmatiris: 1 | Wraps/Caesar Kyckling: 2 | Wraps/Kyckling Bacon: 2 | Wraps/Kyckling Curry: 2 | XL Frallor/Grovfralla Kalkon & Färskost: 2 | XL Frallor/Ost & Skinka: 2 | XL Frallor/Ost: 1
Stockholm Södra,Coop Renstierna,Sunday,49,39~72,29,Baguette/Ost & Skinka: 1 | Baguette/Salami & Brieost: 1 | Fralla/Ost & Skinka: 3 | Fralla/Ost: 2 | Glutenfri Frallor/Glutenfri Ost & Skinka(endast söndagsbeställning): 1 | Glutenfri Frallor/Glutenfri Pumpafralla Kalkon & Färskost(endast söndagsbeställning): 1 | Hönökaka/Ost & Salami: 2 | Hönökaka/Ost & Skinka: 3 | Hönökaka/Ost: 2 | Pastasallad/Bacon & Kyckling: 2 | Pastasallad/Falafel: 1 | Pastasallad/Kyckling & Salladsost: 3 | Pastasallad/Kyckling kebab: 2 | Pastasallad/Kyckling mangocurry: 5 | Pastasallad/Ost & Skinka: 1 | Pastasallad/Räkor: 2 | Sandwich/Bacon & Äggröra: 1 | Sandwich/Clubsandwich: 1 | Sandwich/Kyckling Curry: 1 | Sandwich/Kyckling Pestoröra: 1 | Sandwich/Räkor: 1 | Sandwich/Ägg & Avocadokräm: 1 | Wraps/Caesar Kyckling: 2 | Wraps/Kyckling Bacon: 1 | Wraps/Kyckling Curry: 3 | Wraps/Sweet Chili: 2 | XL Frallor/Grovfralla Kalkon & Färskost: 1 | XL Frallor/Ost & Skinka: 1 | XL Frallor/Ost: 1
Stockholm Södra,Coop Rådhuset,Sunday,57,37~71,32,Baguette/Kyckling Curry: 1 | Baguette/Kyckling Sweet Chili: 1 | Baguette/Ost & Skinka: 2 | Baguette/Salami & Brieost: 2 | Baguette/Skagen: 2 | Fralla/Ost & Skinka: 3 | Fralla/Ost: 2 | Glutenfri Frallor/Glutenfri Pumpafralla Kalkon & Färskost(endast söndagsbeställning): 1 | Grönsallad/Kyckling: 1 | Hönökaka/Ost & Salami: 4 | Hönökaka/Ost & Skinka: 4 | Hönökaka/Ost: 4 | Pastasallad/Bacon & Kyckling: 1 | Pastasallad/Falafel: 1 | Pastasallad/Kyckling & Salladsost: 2 | Pastasallad/Kyckling kebab: 2 | Pastasallad/Kyckling mangocurry: 3 | Pastasallad/Ost & Skinka: 1 | Pastasallad/Räkor: 1 | Sandwich/Clubsandwich: 1 | Sandwich/Kyckling Curry: 1 | Sandwich/Räkor: 1 | Varmrätt/Cevapcici med bulgur: 1 | Varmrätt/Kyckling-och böngryta: 1 | Varmrätt/Teriyakikycklingfile med basmatiris: 1 | Wraps/Caesar Kyckling: 2 | Wraps/Kyckling Bacon: 1 | Wraps/Kyckling Curry: 2 | Wraps/Sweet Chili: 2 | XL Frallor/Grovfralla Kalkon & Färskost: 2 | XL Frallor/Ost & Skinka: 2 | XL Frallor/Ost: 2
Stockholm Södra,Coop Sveavägen,Sunday,83,65~105,30,Baguette/Kyckling Curry: 1 | Baguette/Ost & Skinka: 4 | Baguette/Salami & Brieost: 5 | Baguette/Skagen: 2 | Fralla/Ost & Skinka: 6 | Fralla/Ost: 3 | Glutenfri Frallor/Glutenfri Ost(endast söndagsbeställning): 1 | Glutenfri Frallor/Glutenfri Pumpafralla Kalkon & Färskost(endast söndagsbeställning): 1 | Hönökaka/Ost & Salami: 7 | Hönökaka/Ost & Skinka: 8 | Hönökaka/Ost: 7 | Pastasallad/Falafel: 2 | Pastasallad/Kyckling & Salladsost: 2 | Pastasallad/Kyckling kebab: 2 | Pastasallad/Kyckling mangocurry: 4 | Pastasallad/Ost & Skinka: 1 | Pastasallad/Räkor: 1 | Sandwich/Bacon & Äggröra: 2 | Sandwich/Clubsandwich: 2 | Sandwich/Kyckling Curry: 2 | Sandwich/Kyckling Pestoröra: 1 | Sandwich/Räkor: 1 | Sandwich/Ägg & Avocadokräm: 2 | Wraps/Caesar Kyckling: 1 | Wraps/Kyckling Bacon: 1 | Wraps/Kyckling Curry: 2 | Wraps/Sweet Chili: 1 | XL Frallor/Grovfralla Kalkon & Färskost: 4 | XL Frallor/Ost & Skinka: 4 | XL Frallor/Ost: 3
Stockholm Södra,Coop Tomtebogatan,Sunday,36,27~50,20,Baguette/Salami & Brieost: 1 | Fralla/Ost & Skinka: 4 | Fralla/Ost: 3 | Hönökaka/Ost & Salami: 2 | Hönökaka/Ost & Skinka: 3 | Hönökaka/Ost: 2 | Pastasallad/Bacon & Kyckling: 1 | Pastasallad/Falafel: 1 | Pastasallad/Kyckling & Salladsost: 3 | Pastasallad/Kyckling kebab: 1 | Pastasallad/Kyckling mangocurry: 4 | Pastasallad/Ost & Skinka: 1 | Pastasallad/Räkor: 1 | Sandwich/Bacon & Äggröra: 1 | Sandwich/Clubsandwich: 1 | Sandwich/Kyckling Curry: 1 | Wraps/Caesar Kyckling: 2 | Wraps/Kyckling Bacon: 1 | Wraps/Kyckling Curry: 2 | Wraps/Sweet Chili: 1
Stockholm Södra,Coop Zinkensdamm,Sunday,44,34~62,23,Baguette/Kyckling Curry: 1 | Baguette/Ost & Skinka: 1 | Baguette/Salami & Brieost: 1 | Fralla/Ost & Skinka: 4 | Fralla/Ost: 3 | Glutenfri Frallor/Glutenfri Ost & Skinka(endast söndagsbeställning): 1 | Glutenfri Frallor/Glutenfri Pumpafralla Kalkon & Färskost(endast söndagsbeställning): 1 | Hönökaka/Ost & Salami: 4 | Hönökaka/Ost & Skinka: 5 | Hönökaka/Ost: 5 | Pastasallad/Falafel: 1 | Pastasallad/Kyckling & Salladsost: 2 | Pastasallad/Kyckling kebab: 1 | Pastasallad/Kyckling mangocurry: 3 | Pastasallad/Ost & Skinka: 1 | Pastasallad/Räkor: 1 | Wraps/Caesar Kyckling: 2 | Wraps/Kyckling Bacon: 1 | Wraps/Kyckling Curry: 2 | Wraps/Sweet Chili: 1 | XL Frallor/Grovfralla Kalkon & Färskost: 1 | XL Frallor/Ost & Skinka: 1 | XL Frallor/Ost: 1
Stockholm Södra,Hemköp Matpressen,Sunday,68,54~88,32,Baguette/Kyckling Curry: 1 | Baguette/Kyckling Sweet Chili: 1 | Baguette/Ost & Skinka: 2 | Baguette/Salami & Brieost: 2 | Baguette/Skagen: 1 | Fralla/Ost & Skinka: 3 | Fralla/Ost: 3 | Glutenfri Frallor/Glutenfri Pumpafralla Kalkon & Färskost(endast söndagsbeställning): 2 | Grönsallad/Kyckling: 2 | Hönökaka/Ost & Salami: 4 | Hönökaka/Ost & Skinka: 4 | Hönökaka/Ost: 4 | Pastasallad/Bacon & Kyckling: 2 | Pastasallad/Falafel: 2 | Pastasallad/Kyckling & Salladsost: 3 | Pastasallad/Kyckling kebab: 2 | Pastasallad/Kyckling mangocurry: 5 | Pastasallad/Ost & Skinka: 2 | Pastasallad/Räkor: 2 | Sandwich/Bacon & Äggröra: 1 | Sandwich/Clubsandwich: 2 | Sandwich/Kyckling Curry: 2 | Sandwich/Kyckling Pestoröra: 1 | Sandwich/Räkor: 1 | Sandwich/Ägg & Avocadokräm: 1 | Wraps/Caesar Kyckling: 2 | Wraps/Kyckling Bacon: 2 | Wraps/Kyckling Curry: 2 | Wraps/Sweet Chili: 2 | XL Frallor/Grovfralla Kalkon & Färskost: 2 | XL Frallor/Ost & Skinka: 2 | XL Frallor/Ost: 1
Stockholm Södra,ICA Birkahallen,Sunday,26,18~36,19,Baguette/Salami & Brieost: 1 | Fralla/Ost & Skinka: 1 | Fralla/Ost: 1 | Hönökaka/Ost & Salami: 1 | Hönökaka/Ost & Skinka: 1 | Hönökaka/Ost: 1 | Pastasallad/Bacon & Kyckling: 1 | Pastasallad/Kyckling & Salladsost: 2 | Pastasallad/Kyckling kebab: 1 | Pastasallad/Kyckling mangocurry: 4 | Pastasallad/Ost & Skinka: 1 | Pastasallad/Räkor: 1 | Sandwich/Kyckling Curry: 1 | Wraps/Caesar Kyckling: 2 | Wraps/Kyckling Bacon: 1 | Wraps/Kyckling Curry: 2 | Wraps/Sweet Chili: 2 | XL Frallor/Grovfralla Kalkon & Färskost: 1 | XL Frallor/Ost & Skinka: 1
Stockholm Södra,ICA Fridhemsplan,Sunday,51,36~69,31,Baguette/Salami & Brieost: 1 | Baguette/Skagen: 1 | Fralla/Ost & Skinka: 2 | Fralla/Ost: 1 | Glutenfri Frallor/Glutenfri Ost & Skinka(endast söndagsbeställning): 1 | Hönökaka/Ost & Salami: 3 | Hönökaka/Ost & Skinka: 3 | Hönökaka/Ost: 2 | Pastasallad/Bacon & Kyckling: 1 | Pastasallad/Falafel: 1 | Pastasallad/Kyckling & Salladsost: 2 | Pastasallad/Kyckling kebab: 2 | Pastasallad/Kyckling mangocurry: 4 | Pastasallad/Ost & Skinka: 1 | Pastasallad/Räkor: 1 | Räkmacka Liten/Räkmacka liten: 5 | Sandwich/Bacon & Äggröra: 1 | Sandwich/Clubsandwich: 1 | Sandwich/Kyckling Curry: 1 | Sandwich/Räkor: 1 | Sandwich/Ägg & Avocadokräm: 1 | Varmrätt/Cevapcici med bulgur: 1 | Varmrätt/Kyckling-och böngryta: 1 | Varmrätt/Kycklingspett med ris: 1 | Wraps/Caesar Kyckling: 2 | Wraps/Kyckling Bacon: 1 | Wraps/Kyckling Curry: 2 | Wraps/Sweet Chili: 1 | XL Frallor/Grovfralla Kalkon & Färskost: 2 | XL Frallor/Ost & Skinka: 2 | XL Frallor/Ost: 2
Stockholm Södra,ICA Högalid,Sunday,57,46~80,32,Baguette/Kyckling Curry: 1 | Baguette/Kyckling Sweet Chili: 1 | Baguette/Ost & Skinka: 1 | Baguette/Salami & Brieost: 2 | Baguette/Skagen: 1 | Fralla/Ost & Skinka: 3 | Fralla/Ost: 2 | Glutenfri Frallor/Glutenfri Ost & Skinka(endast söndagsbeställning): 1 | Glutenfri Frallor/Glutenfri Pumpafralla Kalkon & Färskost(endast söndagsbeställning): 1 | Hönökaka/Ost & Salami: 2 | Hönökaka/Ost & Skinka: 2 | Hönökaka/Ost: 2 | Pastasallad/Bacon & Kyckling: 1 | Pastasallad/Falafel: 1 | Pastasallad/Kyckling & Salladsost: 2 | Pastasallad/Kyckling kebab: 1 | Pastasallad/Kyckling mangocurry: 4 | Pastasallad/Ost & Skinka: 1 | Pastasallad/Räkor: 1 | Sandwich/Bacon & Äggröra: 1 | Sandwich/Clubsandwich: 1 | Sandwich/Kyckling Curry: 1 | Sandwich/Kyckling Pestoröra: 1 | Sandwich/Räkor: 1 | Sandwich/Ägg & Avocadokräm: 1 | Wraps/Caesar Kyckling: 4 | Wraps/Kyckling Bacon: 4 | Wraps/Kyckling Curry: 5 | Wraps/Sweet Chili: 4 | XL Frallor/Grovfralla Kalkon & Färskost: 1 | XL Frallor/Ost & Skinka: 2 | XL Frallor/Ost: 1
Stockholm Södra,ICA Mathörnan,Sunday,20,13~31,18,Baguette/Salami & Brieost: 1 | Fralla/Ost & Skinka: 2 | Fralla/Ost: 1 | Hönökaka/Ost & Salami: 1 | Hönökaka/Ost & Skinka: 2 | Hönökaka/Ost: 1 | Pastasallad/Kyckling & Salladsost: 1 | Pastasallad/Kyckling mangocurry: 1 | Sandwich/Clubsandwich: 1 | Sandwich/Kyckling Curry: 1 | Sandwich/Kyckling Pestoröra: 1 | Sandwich/Ägg & Avocadokräm: 1 | Wraps/Caesar Kyckling: 1 | Wraps/Kyckling Curry: 1 | Wraps/Sweet Chili: 1 | XL Frallor/Grovfralla Kalkon & Färskost: 1 | XL Frallor/Ost & Skinka: 1 | XL Frallor/Ost: 1
Stockholm Södra,ICA Sergelstorg,Sunday,158,132~192,22,Baguette/Salami & Brieost: 6 | Fralla/Ost & Skinka: 10 | Fralla/Ost: 5 | Glutenfri Frallor/Glutenfri Ost & Skinka(endast söndagsbeställning): 2 | Glutenfri Frallor/Glutenfri Pumpafralla Kalkon & Färskost(endast söndagsbeställning): 1 | Hönökaka/Ost & Salami: 18 | Hönökaka/Ost & Skinka: 26 | Hönökaka/Ost: 27 | Pastasallad/Bacon & Kyckling: 2 | Pastasallad/Falafel: 2 | Pastasallad/Kyckling & Salladsost: 4 | Pastasallad/Kyckling kebab: 3 | Pastasallad/Kyckling mangocurry: 7 | Pastasallad/Ost & Skinka: 1 | Pastasallad/Räkor: 2 | Sandwich/Clubsandwich: 3 | Sandwich/Kyckling Curry: 5 | Sandwich/Kyckling Pestoröra: 3 | Sandwich/Räkor: 4 | XL Frallor/Grovfralla Kalkon & Färskost: 9 | XL Frallor/Ost & Skinka: 11 | XL Frallor/Ost: 7
Stockholm Södra,ICA Södra Station,Sunday,77,59~99,34,Baguette/Kyckling Curry: 1 | Baguette/Kyckling Sweet Chili: 2 | Baguette/Ost & Skinka: 1 | Baguette/Salami & Brieost: 2 | Baguette/Skagen: 2 | Fralla/Ost & Skinka: 4 | Fralla/Ost: 3 | Glutenfri Frallor/Glutenfri Ost & Skinka(endast söndagsbeställning): 1 | Glutenfri Frallor/Glutenfri Ost(endast söndagsbeställning): 1 | Glutenfri Frallor/Glutenfri Pumpafralla Kalkon & Färskost(endast söndagsbeställning): 1 | Grönsallad/Kyckling: 2 | Hönökaka/Ost & Salami: 3 | Hönökaka/Ost & Skinka: 4 | Hönökaka/Ost: 3 | Pastasallad/Bacon & Kyckling: 2 | Pastasallad/Falafel: 1 | Pastasallad/Kyckling & Salladsost: 3 | Pastasallad/Kyckling kebab: 2 | Pastasallad/Kyckling mangocurry: 4 | Pastasallad/Ost & Skinka: 1 | Pastasallad/Räkor: 1 | Sandwich/Bacon & Äggröra: 4 | Sandwich/Clubsandwich: 2 | Sandwich/Kyckling Curry: 2 | Sandwich/Kyckling Pestoröra: 2 | Sandwich/Räkor: 1 | Wraps/Caesar Kyckling: 4 | Wraps/Kyckling Bacon: 2 | Wraps/Kyckling Curry: 4 | Wraps/Kycklingsallad Olivie: 1 | Wraps/Sweet Chili: 3 | XL Frallor/Grovfralla Kalkon & Färskost: 3 | XL Frallor/Ost & Skinka: 3 | XL Frallor/Ost: 2
Stockholm Södra,Myway Södra Station,Sunday,49,43~68,20,Baguette/Salami & Brieost: 2 | Fralla/Ost & Skinka: 4 | Fralla/Ost: 4 | Glutenfri Frallor/Glutenfri Ost & Skinka(endast söndagsbeställning): 1 | Glutenfri Frallor/Glutenfri Pumpafralla Kalkon & Färskost(endast söndagsbeställning): 1 | Hönökaka/Ost & Salami: 7 | Hönökaka/Ost & Skinka: 7 | Hönökaka/Ost: 6 | Sandwich/Bacon & Äggröra: 1 | Sandwich/Clubsandwich: 1 | Sandwich/Kyckling Curry: 2 | Sandwich/Kyckling Pestoröra: 1 | Sandwich/Räkor: 1 | Sandwich/Ägg & Avocadokräm: 1 | Wraps/Caesar Kyckling: 1 | Wraps/Kyckling Curry: 2 | Wraps/Sweet Chili: 1 | XL Frallor/Grovfralla Kalkon & Färskost: 2 | XL Frallor/Ost & Skinka: 2 | XL Frallor/Ost: 2
Stockholm Södra,Odicho Livs,Sunday,6,1~7,6,Fralla/Ost & Skinka: 1 | Hönökaka/Ost & Salami: 1 | Hönökaka/Ost & Skinka: 1 | Pastasallad/Kyckling mangocurry: 1 | Wraps/Kyckling Curry: 1 | XL Frallor/Grovfralla Kalkon & Färskost: 1
Stockholm Södra,Coop Centralen,Monday,68,57~79,9,Baguette/Ost & Skinka: 7 | Baguette/Salami & Brieost: 10 | Glutenfri Frallor/Glutenfri Ost & Skinka(endast söndagsbeställning): 2 | Glutenfri Frallor/Glutenfri Pumpafralla Kalkon & Färskost(endast söndagsbeställning): 1 | Hönökaka/Ost & Salami: 12 | Hönökaka/Ost & Skinka: 13 | Hönökaka/Ost: 8 | XL Frallor/Grovfralla Kalkon & Färskost: 6 | XL Frallor/Ost & Skinka: 9
Stockholm Södra,Coop Hagastaden,Monday,6,5~6,6,Fralla/Ost & Skinka: 1 | Fralla/Ost: 1 | Hönökaka/Ost & Salami: 1 | Hönökaka/Ost & Skinka: 1 | Hönökaka/Ost: 1 | Wraps/Kyckling Curry: 1
Stockholm Södra,Coop HÖTORGET,Monday,30,27~35,21,Baguette/Salami & Brieost: 1 | Fralla/Ost & Skinka: 2 | Fralla/Ost: 1 | Hönökaka/Ost & Salami: 2 | Hönökaka/Ost & Skinka: 2 | Hönökaka/Ost: 2 | Pastasallad/Kyckling & Salladsost: 1 | Pastasallad/Kyckling kebab: 1 | Pastasallad/Kyckling mangocurry: 2 | Pastasallad/Räkor: 1 | Sandwich/Clubsandwich: 1 | Sandwich/Kyckling Curry: 1 | Sandwich/Räkor: 1 | Sandwich/Ägg & Avocadokräm: 1 | Wraps/Caesar Kyckling: 2 | Wraps/Kyckling Bacon: 2 | Wraps/Kyckling Curry: 2 | Wraps/Sweet Chili: 2 | XL Frallor/Grovfralla Kalkon & Färskost: 1 | XL Frallor/Ost & Skinka: 1 | XL Frallor/Ost: 1
Stockholm Södra,Coop Medborgarplatsen,Monday,1,0~1,1,Fralla/Ost & Skinka: 1
Stockholm Södra,Coop Nytorgsgatan,Monday,2,2~2,2,Fralla/Ost & Skinka: 1 | Pastasallad/Kyckling mangocurry: 1
Stockholm Södra,Coop Odengatan,Monday,15,9~16,13,Fralla/Ost & Skinka: 1 | Fralla/Ost: 1 | Hönökaka/Ost & Salami: 1 | Hönökaka/Ost & Skinka: 1 | Hönökaka/Ost: 1 | Pastasallad/Kyckling & Salladsost: 1 | Pastasallad/Kyckling kebab: 1 | Pastasallad/Kyckling mangocurry: 1 | Wraps/Caesar Kyckling: 2 | Wraps/Kyckling Bacon: 1 | Wraps/Kyckling Curry: 2 | Wraps/Sweet Chili: 1 | XL Frallor/Ost & Skinka: 1
Stockholm Södra,Coop Odenplan,Monday,8,5~8,8,Fralla/Ost & Skinka: 1 | Fralla/Ost: 1 | Hönökaka/Ost & Skinka: 1 | Hönökaka/Ost: 1 | Wraps/Caesar Kyckling: 1 | Wraps/Kyckling Bacon: 1 | Wraps/Kyckling Curry: 1 | XL Frallor/Ost & Skinka: 1
Stockholm Södra,Coop Renstierna,Monday,10,5~10,9,Fralla/Ost & Skinka: 1 | Hönökaka/Ost & Salami: 1 | Hönökaka/Ost & Skinka: 1 | Hönökaka/Ost: 1 | Pastasallad/Kyckling & Salladsost: 1 | Pastasallad/Kyckling kebab: 1 | Pastasallad/Kyckling mangocurry: 2 | Wraps/Caesar Kyckling: 1 | Wraps/Kyckling Curry: 1
Stockholm Södra,Coop Rådhuset,Monday,8,6~11,8,Baguette/Salami & Brieost: 1 | Fralla/Ost & Skinka: 1 | Hönökaka/Ost & Salami: 1 | Hönökaka/Ost & Skinka: 1 | Hönökaka/Ost: 1 | Pastasallad/Kyckling & Salladsost: 1 | Pastasallad/Kyckling mangocurry: 1 | XL Frallor/Ost & Skinka: 1
Stockholm Södra,Coop Sveavägen,Monday,21,17~28,16,Baguette/Ost & Skinka: 1 | Baguette/Salami & Brieost: 2 | Fralla/Ost & Skinka: 2 | Fralla/Ost: 1 | Hönökaka/Ost & Salami: 2 | Hönökaka/Ost & Skinka: 2 | Hönökaka/Ost: 2 | Pastasallad/Kyckling & Salladsost: 1 | Pastasallad/Kyckling kebab: 1 | Pastasallad/Kyckling mangocurry: 1 | Sandwich/Clubsandwich: 1 | Sandwich/Ägg & Avocadokräm: 1 | Wraps/Kyckling Curry: 1 | XL Frallor/Grovfralla Kalkon & Färskost: 1 | XL Frallor/Ost & Skinka: 1 | XL Frallor/Ost: 1
Stockholm Södra,Coop Tomtebogatan,Monday,7,5~9,7,Fralla/Ost & Skinka: 1 | Fralla/Ost: 1 | Hönökaka/Ost & Salami: 1 | Hönökaka/Ost & Skinka: 1 | Hönökaka/Ost: 1 | Pastasallad/Kyckling & Salladsost: 1 | Pastasallad/Kyckling mangocurry: 1
Stockholm Södra,Coop Zinkensdamm,Monday,8,6~10,6,Fralla/Ost & Skinka: 1 | Fralla/Ost: 1 | Hönökaka/Ost & Salami: 1 | Hönökaka/Ost & Skinka: 2 | Hönökaka/Ost: 2 | Pastasallad/Kyckling mangocurry: 1
Stockholm Södra,Hemköp Matpressen,Monday,17,8~20,16,Baguette/Salami & Brieost: 1 | Fralla/Ost & Skinka: 1 | Fralla/Ost: 1 | Grönsallad/Kyckling: 1 | Hönökaka/Ost & Salami: 1 | Hönökaka/Ost & Skinka: 1 | Hönökaka/Ost: 1 | Pastasallad/Kyckling & Salladsost: 1 | Pastasallad/Kyckling kebab: 1 | Pastasallad/Kyckling mangocurry: 2 | Sandwich/Kyckling Curry: 1 | Wraps/Caesar Kyckling: 1 | Wraps/Kyckling Bacon: 1 | Wraps/Kyckling Curry: 1 | XL Frallor/Grovfralla Kalkon & Färskost: 1 | XL Frallor/Ost & Skinka: 1
Stockholm Södra,ICA Birkahallen,Monday,4,2~5,4,Pastasallad/Kyckling & Salladsost: 1 | Pastasallad/Kyckling mangocurry: 1 | Wraps/Caesar Kyckling: 1 | Wraps/Kyckling Curry: 1
Stockholm Södra,ICA Fridhemsplan,Monday,9,6~10,8,Fralla/Ost & Skinka: 1 | Hönökaka/Ost & Salami: 1 | Hönökaka/Ost & Skinka: 1 | Hönökaka/Ost: 1 | Pastasallad/Kyckling & Salladsost: 1 | Pastasallad/Kyckling mangocurry: 1 | Räkmacka Liten/Räkmacka liten: 2 | XL Frallor/Ost & Skinka: 1
Stockholm Södra,ICA Högalid,Monday,13,7~17,12,Fralla/Ost & Skinka: 1 | Fralla/Ost: 1 | Hönökaka/Ost & Salami: 1 | Hönökaka/Ost & Skinka: 1 | Hönökaka/Ost: 1 | Pastasallad/Kyckling & Salladsost: 1 | Pastasallad/Kyckling mangocurry: 1 | Wraps/Caesar Kyckling: 1 | Wraps/Kyckling Bacon: 1 | Wraps/Kyckling Curry: 2 | Wraps/Sweet Chili: 1 | XL Frallor/Ost & Skinka: 1
Stockholm Södra,ICA Sergelstorg,Monday,53,42~61,19,Baguette/Salami & Brieost: 2 | Fralla/Ost & Skinka: 4 | Fralla/Ost: 2 | Hönökaka/Ost & Salami: 6 | Hönökaka/Ost & Skinka: 9 | Hönökaka/Ost: 9 | Pastasallad/Bacon & Kyckling: 1 | Pastasallad/Falafel: 1 | Pastasallad/Kyckling & Salladsost: 1 | Pastasallad/Kyckling kebab: 1 | Pastasallad/Kyckling mangocurry: 2 | Pastasallad/Räkor: 1 | Sandwich/Clubsandwich: 1 | Sandwich/Kyckling Curry: 2 | Sandwich/Kyckling Pestoröra: 1 | Sandwich/Räkor: 1 | XL Frallor/Grovfralla Kalkon & Färskost: 3 | XL Frallor/Ost & Skinka: 4 | XL Frallor/Ost: 2
Stockholm Södra,ICA Södra Station,Monday,19,14~25,19,Baguette/Salami & Brieost: 1 | Fralla/Ost & Skinka: 1 | Fralla/Ost: 1 | Grönsallad/Kyckling: 1 | Hönökaka/Ost & Salami: 1 | Hönökaka/Ost & Skinka: 1 | Hönökaka/Ost: 1 | Pastasallad/Kyckling & Salladsost: 1 | Pastasallad/Kyckling kebab: 1 | Pastasallad/Kyckling mangocurry: 1 | Sandwich/Bacon & Äggröra: 1 | Sandwich/Kyckling Curry: 1 | Wraps/Caesar Kyckling: 1 | Wraps/Kyckling Bacon: 1 | Wraps/Kyckling Curry: 1 | Wraps/Sweet Chili: 1 | XL Frallor/Grovfralla Kalkon & Färskost: 1 | XL Frallor/Ost & Skinka: 1 | XL Frallor/Ost: 1
Stockholm Södra,Myway Södra Station,Monday,13,10~17,9,Fralla/Ost & Skinka: 2 | Fralla/Ost: 1 | Hönökaka/Ost & Salami: 2 | Hönökaka/Ost & Skinka: 2 | Hönökaka/Ost: 2 | Sandwich/Kyckling Curry: 1 | XL Frallor/Grovfralla Kalkon & Färskost: 1 | XL Frallor/Ost & Skinka: 1 | XL Frallor/Ost: 1
Stockholm Södra,Coop Centralen,Tuesday,151,127~177,10,Baguette/Ost & Skinka: 15 | Baguette/Salami & Brieost: 22 | Baguette/Skagen: 1 | Glutenfri Frallor/Glutenfri Ost & Skinka(endast söndagsbeställning): 4 | Glutenfri Frallor/Glutenfri Pumpafralla Kalkon & Färskost(endast söndagsbeställning): 3 | Hönökaka/Ost & Salami: 26 | Hönökaka/Ost & Skinka: 28 | Hönökaka/Ost: 18 | XL Frallor/Grovfralla Kalkon & Färskost: 14 | XL Frallor/Ost & Skinka: 20
Stockholm Södra,Coop Hagastaden,Tuesday,15,8~17,10,Baguette/Kyckling Sweet Chili: 1 | Fralla/Ost & Skinka: 2 | Fralla/Ost: 1 | Hönökaka/Ost & Salami: 2 | Hönökaka/Ost & Skinka: 2 | Hönökaka/Ost: 2 | Räkmacka Liten/Räkmacka liten: 1 | Wraps/Kyckling Curry: 2 | XL Frallor/Grovfralla Kalkon & Färskost: 1 | XL Frallor/Ost & Skinka: 1
Stockholm Södra,Coop HÖTORGET,Tuesday,74,62~97,31,Baguette/Kyckling Curry: 1 | Baguette/Ost & Skinka: 1 | Baguette/Salami & Brieost: 2 | Baguette/Skagen: 1 | Fralla/Ost & Skinka: 4 | Fralla/Ost: 3 | Glutenfri Frallor/Glutenfri Ost(endast söndagsbeställning): 1 | Glutenfri Frallor/Glutenfri Pumpafralla Kalkon & Färskost(endast söndagsbeställning): 1 | Hönökaka/Ost & Salami: 4 | Hönökaka/Ost & Skinka: 6 | Hönökaka/Ost: 6 | Pastasallad/Bacon & Kyckling: 1 | Pastasallad/Falafel: 1 | Pastasallad/Kyckling & Salladsost: 2 | Pastasallad/Kyckling kebab: 2 | Pastasallad/Kyckling mangocurry: 4 | Pastasallad/Ost & Skinka: 1 | Pastasallad/Räkor: 1 | Sandwich/Bacon & Äggröra: 1 | Sandwich/Clubsandwich: 2 | Sandwich/Kyckling Curry: 2 | Sandwich/Kyckling Pestoröra: 1 | Sandwich/Räkor: 1 | Sandwich/Ägg & Avocadokräm: 2 | Wraps/Caesar Kyckling: 4 | Wraps/Kyckling Bacon: 4 | Wraps/Kyckling Curry: 4 | Wraps/Sweet Chili: 5 | XL Frallor/Grovfralla Kalkon & Färskost: 1 | XL Frallor/Ost & Skinka: 3 | XL Frallor/Ost: 2
Stockholm Södra,Coop Medborgarplatsen,Tuesday,17,7~20,17,Baguette/Ost & Skinka: 1 | Baguette/Salami & Brieost: 1 | Fralla/Ost & Skinka: 1 | Fralla/Ost: 1 | Hönökaka/Ost & Salami: 1 | Hönökaka/Ost & Skinka: 1 | Hönökaka/Ost: 1 | Pastasallad/Kyckling mangocurry: 1 | Sandwich/Kyckling Curry: 1 | Varmrätt/Cevapcici med bulgur: 1 | Varmrätt/Falafel med bulgur: 1 | Varmrätt/Kyckling-och böngryta: 1 | Wraps/Caesar Kyckling: 1 | Wraps/Kyckling Curry: 1 | XL Frallor/Grovfralla Kalkon & Färskost: 1 | XL Frallor/Ost & Skinka: 1 | XL Frallor/Ost: 1
Stockholm Södra,Coop Nytorgsgatan,Tuesday,20,9~26,18,Baguette/Kyckling Sweet Chili: 1 | Baguette/Salami & Brieost: 1 | Fralla/Ost & Skinka: 2 | Fralla/Ost: 1 | Hönökaka/Ost & Salami: 1 | Hönökaka/Ost & Skinka: 1 | Hönökaka/Ost: 1 | Pastasallad/Kyckling & Salladsost: 1 | Pastasallad/Kyckling kebab: 1 | Pastasallad/Kyckling mangocurry: 2 | Sandwich/Clubsandwich: 1 | Sandwich/Kyckling Curry: 1 | Sandwich/Kyckling Pestoröra: 1 | Wraps/Caesar Kyckling: 1 | Wraps/Kyckling Bacon: 1 | Wraps/Kyckling Curry: 1 | XL Frallor/Ost & Skinka: 1 | XL Frallor/Ost: 1
Stockholm Södra,Coop Odengatan,Tuesday,41,34~56,27,Baguette/Kyckling Curry: 1 | Baguette/Ost & Skinka: 1 | Baguette/Salami & Brieost: 1 | Baguette/Skagen: 1 | Fralla/Ost & Skinka: 2 | Fralla/Ost: 2 | Hönökaka/Ost & Salami: 1 | Hönökaka/Ost & Skinka: 2 | Hönökaka/Ost: 2 | Pastasallad/Bacon & Kyckling: 1 | Pastasallad/Falafel: 1 | Pastasallad/Kyckling & Salladsost: 2 | Pastasallad/Kyckling kebab: 1 | Pastasallad/Kyckling mangocurry: 3 | Pastasallad/Ost & Skinka: 1 | Pastasallad/Räkor: 1 | Sandwich/Bacon & Äggröra: 1 | Sandwich/Clubsandwich: 1 | Sandwich/Kyckling Curry: 1 | Sandwich/Ägg & Avocadokräm: 1 | Wraps/Caesar Kyckling: 3 | Wraps/Kyckling Bacon: 2 | Wraps/Kyckling Curry: 3 | Wraps/Sweet Chili: 2 | XL Frallor/Grovfralla Kalkon & Färskost: 1 | XL Frallor/Ost & Skinka: 2 | XL Frallor/Ost: 1
Stockholm Södra,Coop Odenplan,Tuesday,20,13~26,14,Baguette/Salami & Brieost: 1 | Fralla/Ost & Skinka: 2 | Fralla/Ost: 2 | Hönökaka/Ost & Salami: 1 | Hönökaka/Ost & Skinka: 2 | Hönökaka/Ost: 2 | Sandwich/Clubsandwich: 1 | Sandwich/Kyckling Curry: 1 | Wraps/Caesar Kyckling: 2 | Wraps/Kyckling Bacon: 1 | Wraps/Kyckling Curry: 2 | XL Frallor/Grovfralla Kalkon & Färskost: 1 | XL Frallor/Ost & Skinka: 1 | XL Frallor/Ost: 1
Stockholm Södra,Coop Renstierna,Tuesday,38,28~46,27,Baguette/Salami & Brieost: 1 | Fralla/Ost & Skinka: 2 | Fralla/Ost: 1 | Glutenfri Frallor/Glutenfri Ost & Skinka(endast söndagsbeställning): 1 | Hönökaka/Ost & Salami: 2 | Hönökaka/Ost & Skinka: 2 | Hönökaka/Ost: 2 | Pastasallad/Bacon & Kyckling: 1 | Pastasallad/Falafel: 1 | Pastasallad/Kyckling & Salladsost: 2 | Pastasallad/Kyckling kebab: 2 | Pastasallad/Kyckling mangocurry: 4 | Pastasallad/Ost & Skinka: 1 | Pastasallad/Räkor: 1 | Sandwich/Bacon & Äggröra: 1 | Sandwich/Clubsandwich: 1 | Sandwich/Kyckling Curry: 1 | Sandwich/Kyckling Pestoröra: 1 | Sandwich/Räkor: 1 | Sandwich/Ägg & Avocadokräm: 1 | Wraps/Caesar Kyckling: 2 | Wraps/Kyckling Bacon: 1 | Wraps/Kyckling Curry: 2 | Wraps/Sweet Chili: 1 | XL Frallor/Grovfralla Kalkon & Färskost: 1 | XL Frallor/Ost & Skinka: 1 | XL Frallor/Ost: 1
Stockholm Södra,Coop Rådhuset,Tuesday,35,24~49,25,Baguette/Kyckling Curry: 1 | Baguette/Kyckling Sweet Chili: 1 | Baguette/Ost & Skinka: 1 | Baguette/Salami & Brieost: 2 | Baguette/Skagen: 1 | Fralla/Ost & Skinka: 2 | Fralla/Ost: 1 | Glutenfri Frallor/Glutenfri Pumpafralla Kalkon & Färskost(endast söndagsbeställning): 1 | Grönsallad/Kyckling: 1 | Hönökaka/Ost & Salami: 3 | Hönökaka/Ost & Skinka: 3 | Hönökaka/Ost: 3 | Pastasallad/Bacon & Kyckling: 1 | Pastasallad/Kyckling & Salladsost: 2 | Pastasallad/Kyckling kebab: 1 | Pastasallad/Kyckling mangocurry: 2 | Pastasallad/Ost & Skinka: 1 | Pastasallad/Räkor: 1 | Sandwich/Clubsandwich: 1 | Wraps/Caesar Kyckling: 1 | Wraps/Kyckling Curry: 1 | Wraps/Sweet Chili: 1 | XL Frallor/Grovfralla Kalkon & Färskost: 1 | XL Frallor/Ost & Skinka: 1 | XL Frallor/Ost: 1
Stockholm Södra,Coop Sveavägen,Tuesday,60,47~75,28,Baguette/Kyckling Curry: 1 | Baguette/Ost & Skinka: 3 | Baguette/Salami & Brieost: 4 | Baguette/Skagen: 1 | Fralla/Ost & Skinka: 4 | Fralla/Ost: 2 | Glutenfri Frallor/Glutenfri Ost(endast söndagsbeställning): 1 | Glutenfri Frallor/Glutenfri Pumpafralla Kalkon & Färskost(endast söndagsbeställning): 1 | Hönökaka/Ost & Salami: 5 | Hönökaka/Ost & Skinka: 6 | Hönökaka/Ost: 5 | Pastasallad/Falafel: 1 | Pastasallad/Kyckling & Salladsost: 2 | Pastasallad/Kyckling kebab: 2 | Pastasallad/Kyckling mangocurry: 3 | Pastasallad/Ost & Skinka: 1 | Pastasallad/Räkor: 1 | Sandwich/Bacon & Äggröra: 1 | Sandwich/Clubsandwich: 1 | Sandwich/Kyckling Curry: 1 | Sandwich/Räkor: 1 | Sandwich/Ägg & Avocadokräm: 2 | Wraps/Caesar Kyckling: 1 | Wraps/Kyckling Curry: 1 | Wraps/Sweet Chili: 1 | XL Frallor/Grovfralla Kalkon & Färskost: 3 | XL Frallor/Ost & Skinka: 3 | XL Frallor/Ost: 2
Stockholm Södra,Coop Tomtebogatan,Tuesday,25,19~34,18,Baguette/Salami & Brieost: 1 | Fralla/Ost & Skinka: 3 | Fralla/Ost: 2 | Hönökaka/Ost & Salami: 1 | Hönökaka/Ost & Skinka: 2 | Hönökaka/Ost: 1 | Pastasallad/Bacon & Kyckling: 1 | Pastasallad/Falafel: 1 | Pastasallad/Kyckling & Salladsost: 2 | Pastasallad/Kyckling kebab: 1 | Pastasallad/Kyckling mangocurry: 3 | Pastasallad/Räkor: 1 | Sandwich/Clubsandwich: 1 | Sandwich/Kyckling Curry: 1 | Wraps/Caesar Kyckling: 1 | Wraps/Kyckling Bacon: 1 | Wraps/Kyckling Curry: 1 | Wraps/Sweet Chili: 1
Stockholm Södra,Coop Zinkensdamm,Tuesday,33,22~40,21,Baguette/Kyckling Curry: 1 | Baguette/Ost & Skinka: 1 | Baguette/Salami & Brieost: 1 | Fralla/Ost & Skinka: 3 | Fralla/Ost: 2 | Glutenfri Frallor/Glutenfri Pumpafralla Kalkon & Färskost(endast söndagsbeställning): 1 | Hönökaka/Ost & Salami: 3 | Hönökaka/Ost & Skinka: 4 | Hönökaka/Ost: 4 | Pastasallad/Falafel: 1 | Pastasallad/Kyckling & Salladsost: 1 | Pastasallad/Kyckling kebab: 1 | Pastasallad/Kyckling mangocurry: 2 | Pastasallad/Räkor: 1 | Wraps/Caesar Kyckling: 1 | Wraps/Kyckling Bacon: 1 | Wraps/Kyckling Curry: 1 | Wraps/Sweet Chili: 1 | XL Frallor/Grovfralla Kalkon & Färskost: 1 | XL Frallor/Ost & Skinka: 1 | XL Frallor/Ost: 1
Stockholm Södra,Hemköp Matpressen,Tuesday,49,34~67,32,Baguette/Kyckling Curry: 1 | Baguette/Kyckling Sweet Chili: 1 | Baguette/Ost & Skinka: 1 | Baguette/Salami & Brieost: 2 | Baguette/Skagen: 1 | Fralla/Ost & Skinka: 2 | Fralla/Ost: 2 | Glutenfri Frallor/Glutenfri Pumpafralla Kalkon & Färskost(endast söndagsbeställning): 1 | Grönsallad/Kyckling: 1 | Hönökaka/Ost & Salami: 3 | Hönökaka/Ost & Skinka: 3 | Hönökaka/Ost: 3 | Pastasallad/Bacon & Kyckling: 1 | Pastasallad/Falafel: 1 | Pastasallad/Kyckling & Salladsost: 2 | Pastasallad/Kyckling kebab: 2 | Pastasallad/Kyckling mangocurry: 4 | Pastasallad/Ost & Skinka: 1 | Pastasallad/Räkor: 1 | Sandwich/Bacon & Äggröra: 1 | Sandwich/Clubsandwich: 1 | Sandwich/Kyckling Curry: 1 | Sandwich/Kyckling Pestoröra: 1 | Sandwich/Räkor: 1 | Sandwich/Ägg & Avocadokräm: 1 | Wraps/Caesar Kyckling: 1 | Wraps/Kyckling Bacon: 2 | Wraps/Kyckling Curry: 2 | Wraps/Sweet Chili: 1 | XL Frallor/Grovfralla Kalkon & Färskost: 1 | XL Frallor/Ost & Skinka: 2 | XL Frallor/Ost: 1
Stockholm Södra,ICA Birkahallen,Tuesday,16,9~20,13,Baguette/Salami & Brieost: 1 | Fralla/Ost & Skinka: 1 | Hönökaka/Ost & Skinka: 1 | Pastasallad/Bacon & Kyckling: 1 | Pastasallad/Kyckling & Salladsost: 2 | Pastasallad/Kyckling kebab: 1 | Pastasallad/Kyckling mangocurry: 3 | Pastasallad/Räkor: 1 | Wraps/Caesar Kyckling: 1 | Wraps/Kyckling Bacon: 1 | Wraps/Kyckling Curry: 1 | Wraps/Sweet Chili: 1 | XL Frallor/Ost & Skinka: 1
Stockholm Södra,ICA Fridhemsplan,Tuesday,35,25~43,25,Baguette/Salami & Brieost: 1 | Baguette/Skagen: 1 | Fralla/Ost & Skinka: 2 | Fralla/Ost: 1 | Hönökaka/Ost & Salami: 2 | Hönökaka/Ost & Skinka: 2 | Hönökaka/Ost: 2 | Pastasallad/Bacon & Kyckling: 1 | Pastasallad/Falafel: 1 | Pastasallad/Kyckling & Salladsost: 2 | Pastasallad/Kyckling kebab: 1 | Pastasallad/Kyckling mangocurry: 3 | Pastasallad/Ost & Skinka: 1 | Pastasallad/Räkor: 1 | Räkmacka Liten/Räkmacka liten: 4 | Sandwich/Bacon & Äggröra: 1 | Sandwich/Clubsandwich: 1 | Sandwich/Kyckling Curry: 1 | Wraps/Caesar Kyckling: 1 | Wraps/Kyckling Bacon: 1 | Wraps/Kyckling Curry: 1 | Wraps/Sweet Chili: 1 | XL Frallor/Grovfralla Kalkon & Färskost: 1 | XL Frallor/Ost & Skinka: 1 | XL Frallor/Ost: 1
Stockholm Södra,ICA Högalid,Tuesday,43,23~51,28,Baguette/Kyckling Sweet Chili: 1 | Baguette/Ost & Skinka: 1 | Baguette/Salami & Brieost: 1 | Fralla/Ost & Skinka: 2 | Fralla/Ost: 1 | Glutenfri Frallor/Glutenfri Ost & Skinka(endast söndagsbeställning): 1 | Hönökaka/Ost & Salami: 2 | Hönökaka/Ost & Skinka: 2 | Hönökaka/Ost: 1 | Pastasallad/Bacon & Kyckling: 1 | Pastasallad/Kyckling & Salladsost: 2 | Pastasallad/Kyckling kebab: 1 | Pastasallad/Kyckling mangocurry: 3 | Pastasallad/Ost & Skinka: 1 | Pastasallad/Räkor: 1 | Sandwich/Bacon & Äggröra: 1 | Sandwich/Clubsandwich: 1 | Sandwich/Kyckling Curry: 1 | Sandwich/Kyckling Pestoröra: 1 | Sandwich/Räkor: 1 | Sandwich/Ägg & Avocadokräm: 1 | Wraps/Caesar Kyckling: 3 | Wraps/Kyckling Bacon: 3 | Wraps/Kyckling Curry: 4 | Wraps/Sweet Chili: 3 | XL Frallor/Grovfralla Kalkon & Färskost: 1 | XL Frallor/Ost & Skinka: 1 | XL Frallor/Ost: 1
Stockholm Södra,ICA Mathörnan,Tuesday,13,7~15,13,Fralla/Ost & Skinka: 1 | Fralla/Ost: 1 | Hönökaka/Ost & Salami: 1 | Hönökaka/Ost & Skinka: 1 | Hönökaka/Ost: 1 | Pastasallad/Kyckling & Salladsost: 1 | Pastasallad/Kyckling mangocurry: 1 | Sandwich/Clubsandwich: 1 | Sandwich/Ägg & Avocadokräm: 1 | Wraps/Caesar Kyckling: 1 | Wraps/Kyckling Curry: 1 | Wraps/Sweet Chili: 1 | XL Frallor/Ost & Skinka: 1
Stockholm Södra,ICA Sergelstorg,Tuesday,117,97~140,22,Baguette/Salami & Brieost: 4 | Fralla/Ost & Skinka: 8 | Fralla/Ost: 4 | Glutenfri Frallor/Glutenfri Ost & Skinka(endast söndagsbeställning): 1 | Glutenfri Frallor/Glutenfri Pumpafralla Kalkon & Färskost(endast söndagsbeställning): 1 | Hönökaka/Ost & Salami: 13 | Hönökaka/Ost & Skinka: 19 | Hönökaka/Ost: 20 | Pastasallad/Bacon & Kyckling: 2 | Pastasallad/Falafel: 2 | Pastasallad/Kyckling & Salladsost: 3 | Pastasallad/Kyckling kebab: 2 | Pastasallad/Kyckling mangocurry: 5 | Pastasallad/Ost & Skinka: 1 | Pastasallad/Räkor: 1 | Sandwich/Clubsandwich: 2 | Sandwich/Kyckling Curry: 4 | Sandwich/Kyckling Pestoröra: 2 | Sandwich/Räkor: 3 | XL Frallor/Grovfralla Kalkon & Färskost: 7 | XL Frallor/Ost & Skinka: 8 | XL Frallor/Ost: 5
Stockholm Södra,ICA Södra Station,Tuesday,55,41~72,32,Baguette/Kyckling Curry: 1 | Baguette/Kyckling Sweet Chili: 1 | Baguette/Ost & Skinka: 1 | Baguette/Salami & Brieost: 2 | Baguette/Skagen: 1 | Fralla/Ost & Skinka: 3 | Fralla/Ost: 2 | Glutenfri Frallor/Glutenfri Ost & Skinka(endast söndagsbeställning): 1 | Glutenfri Frallor/Glutenfri Ost(endast söndagsbeställning): 1 | Grönsallad/Kyckling: 1 | Hönökaka/Ost & Salami: 2 | Hönökaka/Ost & Skinka: 3 | Hönökaka/Ost: 2 | Pastasallad/Bacon & Kyckling: 1 | Pastasallad/Falafel: 1 | Pastasallad/Kyckling & Salladsost: 2 | Pastasallad/Kyckling kebab: 2 | Pastasallad/Kyckling mangocurry: 3 | Pastasallad/Ost & Skinka: 1 | Pastasallad/Räkor: 1 | Sandwich/Bacon & Äggröra: 3 | Sandwich/Clubsandwich: 1 | Sandwich/Kyckling Curry: 1 | Sandwich/Kyckling Pestoröra: 1 | Sandwich/Räkor: 1 | Wraps/Caesar Kyckling: 3 | Wraps/Kyckling Bacon: 2 | Wraps/Kyckling Curry: 3 | Wraps/Sweet Chili: 2 | XL Frallor/Grovfralla Kalkon & Färskost: 2 | XL Frallor/Ost & Skinka: 2 | XL Frallor/Ost: 2
Stockholm Södra,Myway Södra Station,Tuesday,39,26~47,20,Baguette/Salami & Brieost: 1 | Fralla/Ost & Skinka: 3 | Fralla/Ost: 3 | Glutenfri Frallor/Glutenfri Ost & Skinka(endast söndagsbeställning): 1 | Glutenfri Frallor/Glutenfri Pumpafralla Kalkon & Färskost(endast söndagsbeställning): 1 | Hönökaka/Ost & Salami: 5 | Hönökaka/Ost & Skinka: 5 | Hönökaka/Ost: 5 | Sandwich/Bacon & Äggröra: 1 | Sandwich/Clubsandwich: 1 | Sandwich/Kyckling Curry: 2 | Sandwich/Kyckling Pestoröra: 1 | Sandwich/Räkor: 1 | Sandwich/Ägg & Avocadokräm: 1 | Wraps/Caesar Kyckling: 1 | Wraps/Kyckling Curry: 1 | Wraps/Sweet Chili: 1 | XL Frallor/Grovfralla Kalkon & Färskost: 1 | XL Frallor/Ost & Skinka: 2 | XL Frallor/Ost: 2
Stockholm Södra,Odicho Livs,Tuesday,1,0~1,1,Pastasallad/Kyckling mangocurry: 1
Stockholm Södra,Coop Centralen,Wednesday,52,46~63,9,Baguette/Ost & Skinka: 5 | Baguette/Salami & Brieost: 8 | Glutenfri Frallor/Glutenfri Ost & Skinka(endast söndagsbeställning): 1 | Glutenfri Frallor/Glutenfri Pumpafralla Kalkon & Färskost(endast söndagsbeställning): 1 | Hönökaka/Ost & Salami: 9 | Hönökaka/Ost & Skinka: 10 | Hönökaka/Ost: 6 | XL Frallor/Grovfralla Kalkon & Färskost: 5 | XL Frallor/Ost & Skinka: 7
Stockholm Södra,Coop Hagastaden,Wednesday,5,1~5,5,Fralla/Ost & Skinka: 1 | Hönökaka/Ost & Salami: 1 | Hönökaka/Ost & Skinka: 1 | Hönökaka/Ost: 1 | Wraps/Kyckling Curry: 1
Stockholm Södra,Coop HÖTORGET,Wednesday,25,18~27,18,Baguette/Salami & Brieost: 1 | Fralla/Ost & Skinka: 1 | Fralla/Ost: 1 | Hönökaka/Ost & Salami: 2 | Hönökaka/Ost & Skinka: 2 | Hönökaka/Ost: 2 | Pastasallad/Kyckling & Salladsost: 1 | Pastasallad/Kyckling kebab: 1 | Pastasallad/Kyckling mangocurry: 1 | Sandwich/Clubsandwich: 1 | Sandwich/Kyckling Curry: 1 | Sandwich/Ägg & Avocadokräm: 1 | Wraps/Caesar Kyckling: 2 | Wraps/Kyckling Bacon: 2 | Wraps/Kyckling Curry: 2 | Wraps/Sweet Chili: 2 | XL Frallor/Ost & Skinka: 1 | XL Frallor/Ost: 1
Stockholm Södra,Coop Nytorgsgatan,Wednesday,2,1~2,2,Fralla/Ost & Skinka: 1 | Pastasallad/Kyckling mangocurry: 1
Stockholm Södra,Coop Odengatan,Wednesday,11,8~13,11,Fralla/Ost & Skinka: 1 | Fralla/Ost: 1 | Hönökaka/Ost & Skinka: 1 | Hönökaka/Ost: 1 | Pastasallad/Kyckling & Salladsost: 1 | Pastasallad/Kyckling mangocurry: 1 | Wraps/Caesar Kyckling: 1 | Wraps/Kyckling Bacon: 1 | Wraps/Kyckling Curry: 1 | Wraps/Sweet Chili: 1 | XL Frallor/Ost & Skinka: 1
Stockholm Södra,Coop Odenplan,Wednesday,6,2~6,6,Fralla/Ost & Skinka: 1 | Fralla/Ost: 1 | Hönökaka/Ost & Skinka: 1 | Hönökaka/Ost: 1 | Wraps/Caesar Kyckling: 1 | Wraps/Kyckling Curry: 1
Stockholm Södra,Coop Renstierna,Wednesday,9,5~10,9,Fralla/Ost & Skinka: 1 | Hönökaka/Ost & Salami: 1 | Hönökaka/Ost & Skinka: 1 | Hönökaka/Ost: 1 | Pastasallad/Kyckling & Salladsost: 1 | Pastasallad/Kyckling kebab: 1 | Pastasallad/Kyckling mangocurry: 1 | Wraps/Caesar Kyckling: 1 | Wraps/Kyckling Curry: 1
Stockholm Södra,Coop Rådhuset,Wednesday,7,5~7,7,Baguette/Salami & Brieost: 1 | Fralla/Ost & Skinka: 1 | Hönökaka/Ost & Salami: 1 | Hönökaka/Ost & Skinka: 1 | Hönökaka/Ost: 1 | Pastasallad/Kyckling & Salladsost: 1 | Pastasallad/Kyckling mangocurry: 1
Stockholm Södra,Coop Sveavägen,Wednesday,18,14~19,14,Baguette/Ost & Skinka: 1 | Baguette/Salami & Brieost: 1 | Fralla/Ost & Skinka: 2 | Fralla/Ost: 1 | Hönökaka/Ost & Salami: 2 | Hönökaka/Ost & Skinka: 2 | Hönökaka/Ost: 2 | Pastasallad/Kyckling & Salladsost: 1 | Pastasallad/Kyckling kebab: 1 | Pastasallad/Kyckling mangocurry: 1 | Sandwich/Ägg & Avocadokräm: 1 | XL Frallor/Grovfralla Kalkon & Färskost: 1 | XL Frallor/Ost & Skinka: 1 | XL Frallor/Ost: 1
Stockholm Södra,Coop Tomtebogatan,Wednesday,5,5~5,5,Fralla/Ost & Skinka: 1 | Fralla/Ost: 1 | Hönökaka/Ost & Skinka: 1 | Pastasallad/Kyckling & Salladsost: 1 | Pastasallad/Kyckling mangocurry: 1
Stockholm Södra,Coop Zinkensdamm,Wednesday,6,6~8,6,Fralla/Ost & Skinka: 1 | Fralla/Ost: 1 | Hönökaka/Ost & Salami: 1 | Hönökaka/Ost & Skinka: 1 | Hönökaka/Ost: 1 | Pastasallad/Kyckling mangocurry: 1
Stockholm Södra,Hemköp Matpressen,Wednesday,12,7~13,12,Baguette/Salami & Brieost: 1 | Fralla/Ost & Skinka: 1 | Fralla/Ost: 1 | Hönökaka/Ost & Salami: 1 | Hönökaka/Ost & Skinka: 1 | Hönökaka/Ost: 1 | Pastasallad/Kyckling & Salladsost: 1 | Pastasallad/Kyckling kebab: 1 | Pastasallad/Kyckling mangocurry: 1 | Wraps/Kyckling Bacon: 1 | Wraps/Kyckling Curry: 1 | XL Frallor/Ost & Skinka: 1
Stockholm Södra,ICA Birkahallen,Wednesday,2,1~2,2,Pastasallad/Kyckling & Salladsost: 1 | Pastasallad/Kyckling mangocurry: 1
Stockholm Södra,ICA Fridhemsplan,Wednesday,7,4~8,7,Fralla/Ost & Skinka: 1 | Hönökaka/Ost & Salami: 1 | Hönökaka/Ost & Skinka: 1 | Hönökaka/Ost: 1 | Pastasallad/Kyckling & Salladsost: 1 | Pastasallad/Kyckling mangocurry: 1 | Räkmacka Liten/Räkmacka liten: 1
Stockholm Södra,ICA Högalid,Wednesday,9,6~10,9,Fralla/Ost & Skinka: 1 | Hönökaka/Ost & Salami: 1 | Hönökaka/Ost & Skinka: 1 | Pastasallad/Kyckling & Salladsost: 1 | Pastasallad/Kyckling mangocurry: 1 | Wraps/Caesar Kyckling: 1 | Wraps/Kyckling Bacon: 1 | Wraps/Kyckling Curry: 1 | Wraps/Sweet Chili: 1
Stockholm Södra,ICA Sergelstorg,Wednesday,42,34~49,18,Baguette/Salami & Brieost: 2 | Fralla/Ost & Skinka: 3 | Fralla/Ost: 1 | Hönökaka/Ost & Salami: 5 | Hönökaka/Ost & Skinka: 7 | Hönökaka/Ost: 7 | Pastasallad/Bacon & Kyckling: 1 | Pastasallad/Falafel: 1 | Pastasallad/Kyckling & Salladsost: 1 | Pastasallad/Kyckling kebab: 1 | Pastasallad/Kyckling mangocurry: 2 | Sandwich/Clubsandwich: 1 | Sandwich/Kyckling Curry: 1 | Sandwich/Kyckling Pestoröra: 1 | Sandwich/Räkor: 1 | XL Frallor/Grovfralla Kalkon & Färskost: 2 | XL Frallor/Ost & Skinka: 3 | XL Frallor/Ost: 2
Stockholm Södra,ICA Södra Station,Wednesday,17,13~17,17,Baguette/Salami & Brieost: 1 | Fralla/Ost & Skinka: 1 | Fralla/Ost: 1 | Hönökaka/Ost & Salami: 1 | Hönökaka/Ost & Skinka: 1 | Hönökaka/Ost: 1 | Pastasallad/Kyckling & Salladsost: 1 | Pastasallad/Kyckling kebab: 1 | Pastasallad/Kyckling mangocurry: 1 | Sandwich/Bacon & Äggröra: 1 | Wraps/Caesar Kyckling: 1 | Wraps/Kyckling Bacon: 1 | Wraps/Kyckling Curry: 1 | Wraps/Sweet Chili: 1 | XL Frallor/Grovfralla Kalkon & Färskost: 1 | XL Frallor/Ost & Skinka: 1 | XL Frallor/Ost: 1
Stockholm Södra,Myway Södra Station,Wednesday,11,7~12,8,Fralla/Ost & Skinka: 1 | Fralla/Ost: 1 | Hönökaka/Ost & Salami: 2 | Hönökaka/Ost & Skinka: 2 | Hönökaka/Ost: 2 | Sandwich/Kyckling Curry: 1 | XL Frallor/Ost & Skinka: 1 | XL Frallor/Ost: 1
Stockholm Södra,Coop Centralen,Thursday,207,175~238,10,Baguette/Ost & Skinka: 21 | Baguette/Salami & Brieost: 29 | Baguette/Skagen: 2 | Glutenfri Frallor/Glutenfri Ost & Skinka(endast söndagsbeställning): 5 | Glutenfri Frallor/Glutenfri Pumpafralla Kalkon & Färskost(endast söndagsbeställning): 4 | Hönökaka/Ost & Salami: 36 | Hönökaka/Ost & Skinka: 39 | Hönökaka/Ost: 24 | XL Frallor/Grovfralla Kalkon & Färskost: 19 | XL Frallor/Ost & Skinka: 28
Stockholm Södra,Coop Hagastaden,Thursday,22,18~36,14,Baguette/Kyckling Sweet Chili: 1 | Baguette/Salami & Brieost: 1 | Baguette/Skagen: 1 | Fralla/Ost & Skinka: 3 | Fralla/Ost: 2 | Grönsallad/Kyckling: 1 | Hönökaka/Ost & Salami: 2 | Hönökaka/Ost & Skinka: 2 | Hönökaka/Ost: 2 | Räkmacka Liten/Räkmacka liten: 2 | Wraps/Kyckling Curry: 2 | XL Frallor/Grovfralla Kalkon & Färskost: 1 | XL Frallor/Ost & Skinka: 1 | XL Frallor/Ost: 1
Stockholm Södra,Coop HÖTORGET,Thursday,106,86~130,31,Baguette/Kyckling Curry: 2 | Baguette/Ost & Skinka: 2 | Baguette/Salami & Brieost: 2 | Baguette/Skagen: 2 | Fralla/Ost & Skinka: 6 | Fralla/Ost: 5 | Glutenfri Frallor/Glutenfri Ost(endast söndagsbeställning): 1 | Glutenfri Frallor/Glutenfri Pumpafralla Kalkon & Färskost(endast söndagsbeställning): 1 | Hönökaka/Ost & Salami: 5 | Hönökaka/Ost & Skinka: 7 | Hönökaka/Ost: 7 | Pastasallad/Bacon & Kyckling: 1 | Pastasallad/Falafel: 2 | Pastasallad/Kyckling & Salladsost: 4 | Pastasallad/Kyckling kebab: 2 | Pastasallad/Kyckling mangocurry: 6 | Pastasallad/Ost & Skinka: 2 | Pastasallad/Räkor: 2 | Sandwich/Bacon & Äggröra: 2 | Sandwich/Clubsandwich: 2 | Sandwich/Kyckling Curry: 2 | Sandwich/Kyckling Pestoröra: 2 | Sandwich/Räkor: 2 | Sandwich/Ägg & Avocadokräm: 2 | Wraps/Caesar Kyckling: 6 | Wraps/Kyckling Bacon: 6 | Wraps/Kyckling Curry: 6 | Wraps/Sweet Chili: 6 | XL Frallor/Grovfralla Kalkon & Färskost: 2 | XL Frallor/Ost & Skinka: 5 | XL Frallor/Ost: 4
Stockholm Södra,Coop Medborgarplatsen,Thursday,31,25~44,24,Baguette/Kyckling Sweet Chili: 1 | Baguette/Ost & Skinka: 1 | Baguette/Salami & Brieost: 1 | Fralla/Ost & Skinka: 2 | Fralla/Ost: 2 | Hönökaka/Ost & Salami: 1 | Hönökaka/Ost & Skinka: 2 | Hönökaka/Ost: 2 | Pastasallad/Kyckling kebab: 1 | Pastasallad/Kyckling mangocurry: 2 | Sandwich/Bacon & Äggröra: 1 | Sandwich/Clubsandwich: 1 | Sandwich/Kyckling Curry: 2 | Varmrätt/Cevapcici med bulgur: 1 | Varmrätt/Falafel med bulgur: 1 | Varmrätt/Kyckling-och böngryta: 1 | Varmrätt/Kycklingpestosallad: 1 | Varmrätt/Teriyakikycklingfile med basmatiris: 1 | Wraps/Caesar Kyckling: 1 | Wraps/Kyckling Bacon: 1 | Wraps/Kyckling Curry: 2 | XL Frallor/Grovfralla Kalkon & Färskost: 1 | XL Frallor/Ost & Skinka: 1 | XL Frallor/Ost: 1
Stockholm Södra,Coop Nytorgsgatan,Thursday,31,27~42,23,Baguette/Kyckling Sweet Chili: 1 | Baguette/Salami & Brieost: 1 | Fralla/Ost & Skinka: 2 | Fralla/Ost: 2 | Hönökaka/Ost & Salami: 2 | Hönökaka/Ost & Skinka: 2 | Hönökaka/Ost: 2 | Pastasallad/Bacon & Kyckling: 1 | Pastasallad/Falafel: 1 | Pastasallad/Kyckling & Salladsost: 1 | Pastasallad/Kyckling kebab: 1 | Pastasallad/Kyckling mangocurry: 2 | Pastasallad/Räkor: 1 | Sandwich/Bacon & Äggröra: 1 | Sandwich/Clubsandwich: 1 | Sandwich/Kyckling Curry: 1 | Sandwich/Kyckling Pestoröra: 1 | Wraps/Caesar Kyckling: 1 | Wraps/Kyckling Bacon: 1 | Wraps/Kyckling Curry: 2 | XL Frallor/Grovfralla Kalkon & Färskost: 1 | XL Frallor/Ost & Skinka: 2 | XL Frallor/Ost: 1
Stockholm Södra,Coop Odengatan,Thursday,67,51~81,33,Baguette/Kyckling Curry: 1 | Baguette/Kyckling Sweet Chili: 1 | Baguette/Ost & Skinka: 2 | Baguette/Salami & Brieost: 2 | Baguette/Skagen: 2 | Fralla/Ost & Skinka: 3 | Fralla/Ost: 2 | Glutenfri Frallor/Glutenfri Ost & Skinka(endast söndagsbeställning): 1 | Glutenfri Frallor/Glutenfri Ost(endast söndagsbeställning): 1 | Glutenfri Frallor/Glutenfri Pumpafralla Kalkon & Färskost(endast söndagsbeställning): 1 | Grönsallad/Kyckling: 1 | Hönökaka/Ost & Salami: 2 | Hönökaka/Ost & Skinka: 2 | Hönökaka/Ost: 1 | Pastasallad/Bacon & Kyckling: 2 | Pastasallad/Falafel: 2 | Pastasallad/Kyckling & Salladsost: 2 | Pastasallad/Kyckling kebab: 2 | Pastasallad/Kyckling mangocurry: 3 | Pastasallad/Ost & Skinka: 2 | Pastasallad/Räkor: 2 | Sandwich/Bacon & Äggröra: 1 | Sandwich/Clubsandwich: 2 | Sandwich/Kyckling Curry: 2 | Sandwich/Kyckling Pestoröra: 1 | Sandwich/Ägg & Avocadokräm: 1 | Wraps/Caesar Kyckling: 5 | Wraps/Kyckling Bacon: 4 | Wraps/Kyckling Curry: 5 | Wraps/Sweet Chili: 4 | XL Frallor/Grovfralla Kalkon & Färskost: 2 | XL Frallor/Ost & Skinka: 1 | XL Frallor/Ost: 2
Stockholm Södra,Coop Odenplan,Thursday,35,30~53,23,Baguette/Kyckling Sweet Chili: 1 | Baguette/Ost & Skinka: 1 | Baguette/Salami & Brieost: 1 | Fralla/Ost & Skinka: 4 | Fralla/Ost: 2 | Hönökaka/Ost & Salami: 2 | Hönökaka/Ost & Skinka: 2 | Hönökaka/Ost: 2 | Sandwich/Bacon & Äggröra: 1 | Sandwich/Clubsandwich: 1 | Sandwich/Kyckling Curry: 1 | Sandwich/Räkor: 1 | Varmrätt/Cevapcici med bulgur: 1 | Varmrätt/Kyckling-och böngryta: 1 | Varmrätt/Kycklingspett med ris: 1 | Varmrätt/Pannbiff med Basmatiris: 1 | Varmrätt/Teriyakikycklingfile med basmatiris: 1 | Wraps/Caesar Kyckling: 2 | Wraps/Kyckling Bacon: 2 | Wraps/Kyckling Curry: 1 | XL Frallor/Grovfralla Kalkon & Färskost: 2 | XL Frallor/Ost & Skinka: 2 | XL Frallor/Ost: 2
Stockholm Södra,Coop Renstierna,Thursday,52,42~69,29,Baguette/Ost & Skinka: 1 | Baguette/Salami & Brieost: 2 | Fralla/Ost & Skinka: 3 | Fralla/Ost: 2 | Glutenfri Frallor/Glutenfri Ost & Skinka(endast söndagsbeställning): 1 | Glutenfri Frallor/Glutenfri Pumpafralla Kalkon & Färskost(endast söndagsbeställning): 1 | Hönökaka/Ost & Salami: 1 | Hönökaka/Ost & Skinka: 2 | Hönökaka/Ost: 1 | Pastasallad/Bacon & Kyckling: 2 | Pastasallad/Falafel: 2 | Pastasallad/Kyckling & Salladsost: 4 | Pastasallad/Kyckling kebab: 1 | Pastasallad/Kyckling mangocurry: 4 | Pastasallad/Ost & Skinka: 2 | Pastasallad/Räkor: 2 | Sandwich/Bacon & Äggröra: 1 | Sandwich/Clubsandwich: 2 | Sandwich/Kyckling Curry: 2 | Sandwich/Kyckling Pestoröra: 1 | Sandwich/Räkor: 2 | Sandwich/Ägg & Avocadokräm: 1 | Wraps/Caesar Kyckling: 1 | Wraps/Kyckling Bacon: 2 | Wraps/Kyckling Curry: 2 | Wraps/Sweet Chili: 2 | XL Frallor/Grovfralla Kalkon & Färskost: 2 | XL Frallor/Ost & Skinka: 2 | XL Frallor/Ost: 1
Stockholm Södra,Coop Rådhuset,Thursday,60,53~72,35,Baguette/Kyckling Curry: 1 | Baguette/Kyckling Sweet Chili: 2 | Baguette/Ost & Skinka: 2 | Baguette/Salami & Brieost: 2 | Baguette/Skagen: 2 | Fralla/Ost & Skinka: 2 | Fralla/Ost: 2 | Glutenfri Frallor/Glutenfri Pumpafralla Kalkon & Färskost(endast söndagsbeställning): 1 | Grönsallad/Kyckling: 1 | Hönökaka/Ost & Salami: 4 | Hönökaka/Ost & Skinka: 4 | Hönökaka/Ost: 3 | Pastasallad/Bacon & Kyckling: 2 | Pastasallad/Falafel: 1 | Pastasallad/Kyckling & Salladsost: 1 | Pastasallad/Kyckling kebab: 2 | Pastasallad/Kyckling mangocurry: 4 | Pastasallad/Ost & Skinka: 1 | Pastasallad/Räkor: 1 | Sandwich/Bacon & Äggröra: 1 | Sandwich/Clubsandwich: 1 | Sandwich/Kyckling Curry: 1 | Sandwich/Räkor: 1 | Sandwich/Ägg & Avocadokräm: 1 | Varmrätt/Cevapcici med bulgur: 1 | Varmrätt/Kyckling-och böngryta: 1 | Varmrätt/Teriyakikycklingfile med basmatiris: 1 | Wraps/Caesar Kyckling: 2 | Wraps/Kyckling Bacon: 1 | Wraps/Kyckling Curry: 2 | Wraps/Kycklingsallad Olivie: 1 | Wraps/Sweet Chili: 2 | XL Frallor/Grovfralla Kalkon & Färskost: 2 | XL Frallor/Ost & Skinka: 2 | XL Frallor/Ost: 2
Stockholm Södra,Coop Sveavägen,Thursday,85,71~105,30,Baguette/Kyckling Curry: 2 | Baguette/Ost & Skinka: 3 | Baguette/Salami & Brieost: 6 | Baguette/Skagen: 2 | Fralla/Ost & Skinka: 5 | Fralla/Ost: 3 | Glutenfri Frallor/Glutenfri Ost(endast söndagsbeställning): 2 | Glutenfri Frallor/Glutenfri Pumpafralla Kalkon & Färskost(endast söndagsbeställning): 2 | Hönökaka/Ost & Salami: 8 | Hönökaka/Ost & Skinka: 7 | Hönökaka/Ost: 7 | Pastasallad/Falafel: 2 | Pastasallad/Kyckling & Salladsost: 2 | Pastasallad/Kyckling kebab: 1 | Pastasallad/Kyckling mangocurry: 5 | Pastasallad/Ost & Skinka: 1 | Pastasallad/Räkor: 2 | Sandwich/Bacon & Äggröra: 2 | Sandwich/Clubsandwich: 2 | Sandwich/Kyckling Curry: 2 | Sandwich/Kyckling Pestoröra: 1 | Sandwich/Räkor: 2 | Sandwich/Ägg & Avocadokräm: 1 | Wraps/Caesar Kyckling: 2 | Wraps/Kyckling Bacon: 1 | Wraps/Kyckling Curry: 2 | Wraps/Sweet Chili: 1 | XL Frallor/Grovfralla Kalkon & Färskost: 3 | XL Frallor/Ost & Skinka: 4 | XL Frallor/Ost: 2
Stockholm Södra,Coop Tomtebogatan,Thursday,43,32~50,23,Baguette/Kyckling Sweet Chili: 1 | Baguette/Salami & Brieost: 2 | Fralla/Ost & Skinka: 4 | Fralla/Ost: 3 | Hönökaka/Ost & Salami: 2 | Hönökaka/Ost & Skinka: 2 | Hönökaka/Ost: 2 | Pastasallad/Bacon & Kyckling: 2 | Pastasallad/Falafel: 1 | Pastasallad/Kyckling & Salladsost: 3 | Pastasallad/Kyckling kebab: 2 | Pastasallad/Kyckling mangocurry: 4 | Pastasallad/Ost & Skinka: 1 | Pastasallad/Räkor: 1 | Sandwich/Bacon & Äggröra: 1 | Sandwich/Clubsandwich: 1 | Sandwich/Kyckling Curry: 2 | Sandwich/Kyckling Pestoröra: 1 | Sandwich/Räkor: 1 | Wraps/Caesar Kyckling: 2 | Wraps/Kyckling Bacon: 2 | Wraps/Kyckling Curry: 2 | Wraps/Sweet Chili: 1
Stockholm Södra,Coop Zinkensdamm,Thursday,50,39~64,24,Baguette/Kyckling Curry: 1 | Baguette/Ost & Skinka: 1 | Baguette/Salami & Brieost: 2 | Fralla/Ost & Skinka: 5 | Fralla/Ost: 4 | Glutenfri Frallor/Glutenfri Ost & Skinka(endast söndagsbeställning): 1 | Glutenfri Frallor/Glutenfri Pumpafralla Kalkon & Färskost(endast söndagsbeställning): 2 | Hönökaka/Ost & Salami: 5 | Hönökaka/Ost & Skinka: 4 | Hönökaka/Ost: 4 | Pastasallad/Bacon & Kyckling: 1 | Pastasallad/Falafel: 1 | Pastasallad/Kyckling & Salladsost: 2 | Pastasallad/Kyckling kebab: 1 | Pastasallad/Kyckling mangocurry: 2 | Pastasallad/Ost & Skinka: 1 | Pastasallad/Räkor: 1 | Wraps/Caesar Kyckling: 2 | Wraps/Kyckling Bacon: 1 | Wraps/Kyckling Curry: 2 | Wraps/Sweet Chili: 2 | XL Frallor/Grovfralla Kalkon & Färskost: 1 | XL Frallor/Ost & Skinka: 2 | XL Frallor/Ost: 2
Stockholm Södra,Hemköp Matpressen,Thursday,66,63~80,32,Baguette/Kyckling Curry: 2 | Baguette/Kyckling Sweet Chili: 1 | Baguette/Ost & Skinka: 2 | Baguette/Salami & Brieost: 2 | Baguette/Skagen: 1 | Fralla/Ost & Skinka: 4 | Fralla/Ost: 2 | Glutenfri Frallor/Glutenfri Pumpafralla Kalkon & Färskost(endast söndagsbeställning): 2 | Grönsallad/Kyckling: 2 | Hönökaka/Ost & Salami: 4 | Hönökaka/Ost & Skinka: 5 | Hönökaka/Ost: 4 | Pastasallad/Bacon & Kyckling: 2 | Pastasallad/Falafel: 2 | Pastasallad/Kyckling & Salladsost: 3 | Pastasallad/Kyckling kebab: 1 | Pastasallad/Kyckling mangocurry: 4 | Pastasallad/Ost & Skinka: 2 | Pastasallad/Räkor: 2 | Sandwich/Bacon & Äggröra: 1 | Sandwich/Clubsandwich: 2 | Sandwich/Kyckling Curry: 2 | Sandwich/Kyckling Pestoröra: 1 | Sandwich/Räkor: 1 | Sandwich/Ägg & Avocadokräm: 1 | Wraps/Caesar Kyckling: 2 | Wraps/Kyckling Bacon: 1 | Wraps/Kyckling Curry: 1 | Wraps/Sweet Chili: 2 | XL Frallor/Grovfralla Kalkon & Färskost: 2 | XL Frallor/Ost & Skinka: 1 | XL Frallor/Ost: 2
Stockholm Södra,ICA Birkahallen,Thursday,32,26~44,22,Baguette/Ost & Skinka: 1 | Baguette/Salami & Brieost: 2 | Fralla/Ost & Skinka: 2 | Fralla/Ost: 1 | Hönökaka/Ost & Salami: 1 | Hönökaka/Ost & Skinka: 1 | Hönökaka/Ost: 1 | Pastasallad/Bacon & Kyckling: 1 | Pastasallad/Falafel: 1 | Pastasallad/Kyckling & Salladsost: 2 | Pastasallad/Kyckling kebab: 2 | Pastasallad/Kyckling mangocurry: 4 | Pastasallad/Ost & Skinka: 1 | Pastasallad/Räkor: 1 | Sandwich/Kyckling Curry: 1 | Wraps/Caesar Kyckling: 2 | Wraps/Kyckling Bacon: 1 | Wraps/Kyckling Curry: 2 | Wraps/Sweet Chili: 2 | XL Frallor/Grovfralla Kalkon & Färskost: 1 | XL Frallor/Ost & Skinka: 1 | XL Frallor/Ost: 1
Stockholm Södra,ICA Fridhemsplan,Thursday,55,46~73,32,Baguette/Salami & Brieost: 2 | Baguette/Skagen: 2 | Fralla/Ost & Skinka: 1 | Fralla/Ost: 1 | Glutenfri Frallor/Glutenfri Ost & Skinka(endast söndagsbeställning): 1 | Hönökaka/Ost & Salami: 2 | Hönökaka/Ost & Skinka: 3 | Hönökaka/Ost: 2 | Pastasallad/Bacon & Kyckling: 2 | Pastasallad/Falafel: 1 | Pastasallad/Kyckling & Salladsost: 2 | Pastasallad/Kyckling kebab: 2 | Pastasallad/Kyckling mangocurry: 3 | Pastasallad/Ost & Skinka: 2 | Pastasallad/Räkor: 2 | Räkmacka Liten/Räkmacka liten: 4 | Sandwich/Bacon & Äggröra: 1 | Sandwich/Clubsandwich: 1 | Sandwich/Kyckling Curry: 1 | Sandwich/Räkor: 1 | Sandwich/Ägg & Avocadokräm: 1 | Varmrätt/Cevapcici med bulgur: 1 | Varmrätt/Kyckling-och böngryta: 1 | Varmrätt/Kycklingspett med ris: 1 | Varmrätt/Teriyakikycklingfile med basmatiris: 1 | Wraps/Caesar Kyckling: 2 | Wraps/Kyckling Bacon: 2 | Wraps/Kyckling Curry: 2 | Wraps/Sweet Chili: 2 | XL Frallor/Grovfralla Kalkon & Färskost: 2 | XL Frallor/Ost & Skinka: 2 | XL Frallor/Ost: 2
Stockholm Södra,ICA Högalid,Thursday,58,54~85,33,Baguette/Kyckling Curry: 1 | Baguette/Kyckling Sweet Chili: 1 | Baguette/Ost & Skinka: 2 | Baguette/Salami & Brieost: 2 | Baguette/Skagen: 1 | Fralla/Ost & Skinka: 3 | Fralla/Ost: 2 | Glutenfri Frallor/Glutenfri Ost & Skinka(endast söndagsbeställning): 1 | Glutenfri Frallor/Glutenfri Pumpafralla Kalkon & Färskost(endast söndagsbeställning): 1 | Hönökaka/Ost & Salami: 1 | Hönökaka/Ost & Skinka: 1 | Hönökaka/Ost: 2 | Pastasallad/Bacon & Kyckling: 1 | Pastasallad/Falafel: 1 | Pastasallad/Kyckling & Salladsost: 2 | Pastasallad/Kyckling kebab: 2 | Pastasallad/Kyckling mangocurry: 4 | Pastasallad/Ost & Skinka: 1 | Pastasallad/Räkor: 1 | Sandwich/Bacon & Äggröra: 1 | Sandwich/Clubsandwich: 2 | Sandwich/Kyckling Curry: 1 | Sandwich/Kyckling Pestoröra: 1 | Sandwich/Räkor: 1 | Sandwich/Ägg & Avocadokräm: 1 | Wraps/Caesar Kyckling: 5 | Wraps/Kyckling Bacon: 3 | Wraps/Kyckling Curry: 4 | Wraps/Kycklingsallad Olivie: 1 | Wraps/Sweet Chili: 4 | XL Frallor/Grovfralla Kalkon & Färskost: 1 | XL Frallor/Ost & Skinka: 2 | XL Frallor/Ost: 1
Stockholm Södra,ICA Mathörnan,Thursday,28,20~37,21,Baguette/Salami & Brieost: 1 | Fralla/Ost & Skinka: 2 | Fralla/Ost: 2 | Hönökaka/Ost & Salami: 1 | Hönökaka/Ost & Skinka: 2 | Hönökaka/Ost: 1 | Pastasallad/Kyckling & Salladsost: 1 | Pastasallad/Kyckling kebab: 1 | Pastasallad/Kyckling mangocurry: 2 | Sandwich/Bacon & Äggröra: 1 | Sandwich/Clubsandwich: 2 | Sandwich/Kyckling Curry: 1 | Sandwich/Kyckling Pestoröra: 1 | Sandwich/Räkor: 1 | Sandwich/Ägg & Avocadokräm: 1 | Wraps/Caesar Kyckling: 2 | Wraps/Kyckling Curry: 2 | Wraps/Sweet Chili: 1 | XL Frallor/Grovfralla Kalkon & Färskost: 1 | XL Frallor/Ost & Skinka: 1 | XL Frallor/Ost: 1
Stockholm Södra,ICA Sergelstorg,Thursday,157,132~192,22,Baguette/Salami & Brieost: 5 | Fralla/Ost & Skinka: 10 | Fralla/Ost: 5 | Glutenfri Frallor/Glutenfri Ost & Skinka(endast söndagsbeställning): 2 | Glutenfri Frallor/Glutenfri Pumpafralla Kalkon & Färskost(endast söndagsbeställning): 2 | Hönökaka/Ost & Salami: 17 | Hönökaka/Ost & Skinka: 27 | Hönökaka/Ost: 27 | Pastasallad/Bacon & Kyckling: 2 | Pastasallad/Falafel: 1 | Pastasallad/Kyckling & Salladsost: 3 | Pastasallad/Kyckling kebab: 3 | Pastasallad/Kyckling mangocurry: 8 | Pastasallad/Ost & Skinka: 2 | Pastasallad/Räkor: 2 | Sandwich/Clubsandwich: 2 | Sandwich/Kyckling Curry: 4 | Sandwich/Kyckling Pestoröra: 3 | Sandwich/Räkor: 5 | XL Frallor/Grovfralla Kalkon & Färskost: 9 | XL Frallor/Ost & Skinka: 11 | XL Frallor/Ost: 7
Stockholm Södra,ICA Södra Station,Thursday,77,65~101,34,Baguette/Kyckling Curry: 1 | Baguette/Kyckling Sweet Chili: 2 | Baguette/Ost & Skinka: 2 | Baguette/Salami & Brieost: 1 | Baguette/Skagen: 2 | Fralla/Ost & Skinka: 5 | Fralla/Ost: 3 | Glutenfri Frallor/Glutenfri Ost & Skinka(endast söndagsbeställning): 1 | Glutenfri Frallor/Glutenfri Ost(endast söndagsbeställning): 1 | Glutenfri Frallor/Glutenfri Pumpafralla Kalkon & Färskost(endast söndagsbeställning): 1 | Grönsallad/Kyckling: 2 | Hönökaka/Ost & Salami: 4 | Hönökaka/Ost & Skinka: 3 | Hönökaka/Ost: 4 | Pastasallad/Bacon & Kyckling: 2 | Pastasallad/Falafel: 1 | Pastasallad/Kyckling & Salladsost: 3 | Pastasallad/Kyckling kebab: 1 | Pastasallad/Kyckling mangocurry: 5 | Pastasallad/Ost & Skinka: 2 | Pastasallad/Räkor: 2 | Sandwich/Bacon & Äggröra: 4 | Sandwich/Clubsandwich: 2 | Sandwich/Kyckling Curry: 2 | Sandwich/Kyckling Pestoröra: 2 | Sandwich/Räkor: 2 | Wraps/Caesar Kyckling: 3 | Wraps/Kyckling Bacon: 2 | Wraps/Kyckling Curry: 3 | Wraps/Kycklingsallad Olivie: 1 | Wraps/Sweet Chili: 2 | XL Frallor/Grovfralla Kalkon & Färskost: 2 | XL Frallor/Ost & Skinka: 3 | XL Frallor/Ost: 1
Stockholm Södra,Myway Södra Station,Thursday,52,43~67,20,Baguette/Salami & Brieost: 2 | Fralla/Ost & Skinka: 5 | Fralla/Ost: 4 | Glutenfri Frallor/Glutenfri Ost & Skinka(endast söndagsbeställning): 1 | Glutenfri Frallor/Glutenfri Pumpafralla Kalkon & Färskost(endast söndagsbeställning): 1 | Hönökaka/Ost & Salami: 7 | Hönökaka/Ost & Skinka: 7 | Hönökaka/Ost: 6 | Sandwich/Bacon & Äggröra: 1 | Sandwich/Clubsandwich: 2 | Sandwich/Kyckling Curry: 1 | Sandwich/Kyckling Pestoröra: 1 | Sandwich/Räkor: 2 | Sandwich/Ägg & Avocadokräm: 1 | Wraps/Caesar Kyckling: 2 | Wraps/Kyckling Curry: 2 | Wraps/Sweet Chili: 1 | XL Frallor/Grovfralla Kalkon & Färskost: 2 | XL Frallor/Ost & Skinka: 2 | XL Frallor/Ost: 2
Stockholm Södra,Odicho Livs,Thursday,8,6~14,8,Fralla/Ost & Skinka: 1 | Hönökaka/Ost & Salami: 1 | Hönökaka/Ost & Skinka: 1 | Pastasallad/Kyckling & Salladsost: 1 | Pastasallad/Kyckling mangocurry: 1 | Sandwich/Räkor: 1 | Wraps/Kyckling Curry: 1 | XL Frallor/Grovfralla Kalkon & Färskost: 1
Stockholm Väst,Coop  SVANDAMMSPLAN,Sunday,34,26~53,28,Baguette/Kyckling Curry: 1 | Baguette/Kyckling Sweet Chili: 1 | Baguette/Ost & Skinka: 1 | Baguette/Salami & Brieost: 1 | Baguette/Skagen: 1 | Fralla/Ost & Skinka: 2 | Fralla/Ost: 2 | Grönsallad/Kyckling: 1 | Hönökaka/Ost & Salami: 1 | Hönökaka/Ost & Skinka: 2 | Hönökaka/Ost: 2 | Pastasallad/Bacon & Kyckling: 1 | Pastasallad/Kyckling & Salladsost: 1 | Pastasallad/Kyckling mangocurry: 1 | Pastasallad/Ost & Skinka: 1 | Pastasallad/Räkor: 1 | Räkmacka Liten/Räkmacka liten: 1 | Sandwich/Clubsandwich: 1 | Sandwich/Kyckling Curry: 1 | Sandwich/Kyckling Pestoröra: 1 | Sandwich/Räkor: 1 | Sandwich/Ägg & Avocadokräm: 1 | Wraps/Caesar Kyckling: 2 | Wraps/Kyckling Bacon: 1 | Wraps/Kyckling Curry: 2 | Wraps/Kycklingsallad Olivie: 1 | Wraps/Sweet Chili: 1 | Wraps/Wrap Curry Oumph!: 1
Stockholm Väst,Coop Folkparken,Sunday,19,16~31,16,Baguette/Ost & Skinka: 1 | Baguette/Salami & Brieost: 2 | Baguette/Skagen: 1 | Fralla/Ost & Skinka: 2 | Fralla/Ost: 1 | Hönökaka/Ost & Skinka: 1 | Hönökaka/Ost: 1 | Pastasallad/Kyckling & Salladsost: 1 | Pastasallad/Kyckling mangocurry: 2 | Pastasallad/Ost & Skinka: 1 | Pastasallad/Räkor: 1 | Sandwich/Kyckling Pestoröra: 1 | Wraps/Caesar Kyckling: 1 | Wraps/Kyckling Bacon: 1 | Wraps/Kyckling Curry: 1 | XL Frallor/Grovfralla Kalkon & Färskost: 1
Stockholm Väst,Coop Kristineberg,Sunday,39,33~57,23,Baguette/Kyckling Curry: 1 | Baguette/Ost & Skinka: 1 | Baguette/Salami & Brieost: 1 | Baguette/Skagen: 1 | Fralla/Ost & Skinka: 2 | Fralla/Ost: 2 | Hönökaka/Ost & Salami: 1 | Hönökaka/Ost & Skinka: 1 | Hönökaka/Ost: 2 | Pastasallad/Kyckling & Salladsost: 2 | Pastasallad/Kyckling mangocurry: 2 | Pastasallad/Ost & Skinka: 1 | Pastasallad/Räkor: 2 | Sandwich/Bacon & Äggröra: 1 | Sandwich/Clubsandwich: 1 | Sandwich/Kyckling Curry: 1 | Sandwich/Ägg & Avocadokräm: 1 | Wraps/Caesar Kyckling: 4 | Wraps/Kyckling Bacon: 3 | Wraps/Kyckling Curry: 4 | Wraps/Sweet Chili: 3 | XL Frallor/Ost & Skinka: 1 | XL Frallor/Ost: 1
Stockholm Väst,Coop Mälarhöjden,Sunday,14,8~22,14,Baguette/Ost & Skinka: 1 | Baguette/Salami & Brieost: 1 | Baguette/Skagen: 1 | Fralla/Ost & Skinka: 1 | Fralla/Ost: 1 | Hönökaka/Ost & Skinka: 1 | Hönökaka/Ost: 1 | Sandwich/Clubsandwich: 1 | Sandwich/Kyckling Curry: 1 | Sandwich/Räkor: 1 | Wraps/Caesar Kyckling: 1 | Wraps/Kyckling Bacon: 1 | Wraps/Kyckling Curry: 1 | XL Frallor/Ost & Skinka: 1
Stockholm Väst,Coop Storsjövägen,Sunday,15,14~26,12,Baguette/Ost & Skinka: 1 | Baguette/Salami & Brieost: 1 | Fralla/Ost & Skinka: 1 | Fralla/Ost: 1 | Hönökaka/Ost & Skinka: 1 | Hönökaka/Ost: 1 | Pastasallad/Kyckling & Salladsost: 2 | Pastasallad/Kyckling mangocurry: 2 | Wraps/Caesar Kyckling: 1 | Wraps/Kyckling Bacon: 1 | Wraps/Kyckling Curry: 2 | Wraps/Sweet Chili: 1
Stockholm Väst,Coop Södertälje,Sunday,9,0~9,9,Baguette/Salami & Brieost: 1 | Baguette/Skagen: 1 | Hönökaka/Ost & Skinka: 1 | Hönökaka/Ost: 1 | Pastasallad/Kyckling & Salladsost: 1 | Pastasallad/Kyckling mangocurry: 1 | Wraps/Caesar Kyckling: 1 | Wraps/Kyckling Bacon: 1 | Wraps/Kyckling Curry: 1
Stockholm Väst,Coop Västertorp,Sunday,33,27~45,21,Baguette/Kyckling Curry: 1 | Baguette/Ost & Skinka: 1 | Baguette/Salami & Brieost: 1 | Baguette/Skagen: 1 | Fralla/Ost & Skinka: 2 | Fralla/Ost: 2 | Grönsallad/Caesarsallad: 1 | Hönökaka/Ost: 2 | Pastasallad/Kyckling & Salladsost: 2 | Pastasallad/Kyckling mangocurry: 4 | Pastasallad/Räkor: 2 | Sandwich/Clubsandwich: 1 | Sandwich/Kyckling Curry: 1 | Sandwich/Kyckling Pestoröra: 1 | Sandwich/Räkor: 1 | Wraps/Caesar Kyckling: 2 | Wraps/Kyckling Bacon: 2 | Wraps/Kyckling Curry: 2 | Wraps/Sweet Chili: 2 | XL Frallor/Ost & Skinka: 1 | XL Frallor/Ost: 1
Stockholm Väst,Coop rönninge,Sunday,12,4~16,12,Baguette/Skagen: 1 | Grönsallad/Caesarsallad: 1 | Hönökaka/Ost: 1 | Pastasallad/Kyckling & Salladsost: 1 | Pastasallad/Kyckling mangocurry: 1 | Pastasallad/Ost & Skinka: 1 | Pastasallad/Räkor: 1 | Sandwich/Räkor: 1 | Wraps/Caesar Kyckling: 1 | Wraps/Kyckling Bacon: 1 | Wraps/Kyckling Curry: 1 | Wraps/Sweet Chili: 1
Stockholm Väst,Coop Älvsjötorg,Sunday,16,12~22,12,Baguette/Kyckling Sweet Chili: 1 | Baguette/Kycklingsallad Olivie: 1 | Baguette/Salami & Brieost: 1 | Pastasallad/Bacon & Kyckling: 1 | Pastasallad/Falafel: 1 | Pastasallad/Kyckling & Salladsost: 1 | Pastasallad/Kyckling mangocurry: 2 | Sandwich/Bacon & Äggröra: 1 | Sandwich/Ägg & Avocadokräm: 1 | Wraps/Kyckling Bacon: 2 | Wraps/Kyckling Curry: 2 | Wraps/Sweet Chili: 2
Stockholm Väst,Daniel tobak affären (enbart tisdagar),Sunday,15,13~23,9,Baguette/Kyckling Curry: 1 | Baguette/Ost & Skinka: 2 | Baguette/Salami & Brieost: 1 | Baguette/Skagen: 1 | Fralla/Ost: 2 | Sandwich/Kyckling Curry: 1 | XL Frallor/Grovfralla Kalkon & Färskost: 4 | XL Frallor/Ost & Skinka: 2 | XL Frallor/Ost: 1
Stockholm Väst,Fresha segeltorp,Sunday,5,0~5,5,Baguette/Ost & Skinka: 1 | Hönökaka/Ost: 1 | Pastasallad/Kyckling mangocurry: 1 | Wraps/Caesar Kyckling: 1 | Wraps/Kyckling Curry: 1
Stockholm Väst,ICA Essingen,Sunday,42,31~56,23,Baguette/Ost & Skinka: 2 | Baguette/Salami & Brieost: 1 | Baguette/Skagen: 2 | Fralla/Ost & Skinka: 2 | Fralla/Ost: 2 | Hönökaka/Ost & Salami: 1 | Hönökaka/Ost & Skinka: 1 | Hönökaka/Ost: 2 | Pastasallad/Kyckling & Salladsost: 2 | Pastasallad/Kyckling mangocurry: 3 | Pastasallad/Räkor: 2 | Sandwich/Bacon & Äggröra: 2 | Sandwich/Clubsandwich: 1 | Sandwich/Kyckling Curry: 1 | Sandwich/Räkor: 2 | Sandwich/Ägg & Avocadokräm: 3 | Wraps/Caesar Kyckling: 3 | Wraps/Kyckling Bacon: 2 | Wraps/Kyckling Curry: 4 | Wraps/Sweet Chili: 1 | XL Frallor/Grovfralla Kalkon & Färskost: 1 | XL Frallor/Ost & Skinka: 1 | XL Frallor/Ost: 1
Stockholm Väst,ICA Supermarket solbo,Sunday,23,10~27,17,Baguette/Ost & Skinka: 1 | Baguette/Salami & Brieost: 1 | Baguette/Skagen: 2 | Fralla/Ost & Skinka: 1 | Fralla/Ost: 1 | Hönökaka/Ost & Skinka: 1 | Hönökaka/Ost: 1 | Pastasallad/Kyckling & Salladsost: 2 | Pastasallad/Kyckling mangocurry: 2 | Pastasallad/Räkor: 1 | Sandwich/Kyckling Curry: 1 | Sandwich/Räkor: 1 | Sandwich/Ägg & Avocadokräm: 1 | Varmrätt/Cevapcici med bulgur: 1 | Wraps/Caesar Kyckling: 2 | Wraps/Kyckling Bacon: 2 | Wraps/Kyckling Curry: 2
Stockholm Väst,ICA nära Vårby gård,Sunday,31,21~40,20,Baguette/Kyckling Curry: 1 | Baguette/Ost & Skinka: 1 | Baguette/Salami & Brieost: 1 | Baguette/Skagen: 1 | Fralla/Ost & Skinka: 1 | Fralla/Ost: 1 | Grönsallad/Caesarsallad: 2 | Hönökaka/Ost & Skinka: 1 | Hönökaka/Ost: 2 | Pastasallad/Kyckling & Salladsost: 3 | Pastasallad/Kyckling kebab: 2 | Pastasallad/Kyckling mangocurry: 4 | Pastasallad/Räkor: 2 | Sandwich/Kyckling Pestoröra: 1 | Sandwich/Räkor: 1 | Sandwich/Ägg & Avocadokräm: 1 | Wraps/Caesar Kyckling: 2 | Wraps/Kyckling Bacon: 2 | Wraps/Kyckling Curry: 1 | Wraps/Sweet Chili: 1
Stockholm Väst,Prisma Skärholmen,Sunday,16,12~25,14,Baguette/Kyckling Sweet Chili: 1 | Fralla/Ost: 1 | Hönökaka/Ost: 2 | Pastasallad/Kyckling & Salladsost: 1 | Pastasallad/Kyckling kebab: 1 | Pastasallad/Kyckling mangocurry: 2 | Pastasallad/Räkor: 1 | Sandwich/Kyckling Curry: 1 | Sandwich/Kyckling Pestoröra: 1 | Sandwich/Ägg & Avocadokräm: 1 | Wraps/Caesar Kyckling: 1 | Wraps/Kyckling Curry: 1 | Wraps/Sweet Chili: 1 | XL Frallor/Grovfralla Kalkon & Färskost: 1
Stockholm Väst,Supergrossen Hallunda,Sunday,14,3~17,14,Baguette/Ost & Skinka: 1 | Baguette/Salami & Brieost: 1 | Baguette/Skagen: 1 | Fralla/Ost & Skinka: 1 | Fralla/Ost: 1 | Hönökaka/Ost: 1 | Pastasallad/Kyckling & Salladsost: 1 | Pastasallad/Kyckling mangocurry: 1 | Pastasallad/Räkor: 1 | Sandwich/Ägg & Avocadokräm: 1 | Wraps/Caesar Kyckling: 1 | Wraps/Kyckling Bacon: 1 | Wraps/Kyckling Curry: 1 | XL Frallor/Grovfralla Kalkon & Färskost: 1
Stockholm Väst,Vivo ellbe,Sunday,25,14~33,20,Baguette/Ost & Skinka: 1 | Baguette/Salami & Brieost: 1 | Baguette/Skagen: 1 | Fralla/Ost & Skinka: 1 | Fralla/Ost: 1 | Grönsallad/Caesarsallad: 1 | Hönökaka/Ost: 1 | Pastasallad/Kyckling & Salladsost: 2 | Pastasallad/Kyckling kebab: 1 | Pastasallad/Kyckling mangocurry: 2 | Pastasallad/Ost & Skinka: 2 | Pastasallad/Räkor: 2 | Räkstubbe/Räkstubbe: 2 | Sandwich/Clubsandwich: 1 | Sandwich/Kyckling Pestoröra: 1 | Sandwich/Räkor: 1 | Wraps/Kyckling Bacon: 1 | Wraps/Kyckling Curry: 1 | Wraps/Sweet Chili: 1 | XL Frallor/Grovfralla Kalkon & Färskost: 1
Stockholm Väst,X-tra Aspudden,Sunday,9,2~11,9,Baguette/Kyckling Curry: 1 | Baguette/Salami & Brieost: 1 | Fralla/Ost & Skinka: 1 | Fralla/Ost: 1 | Hönökaka/Ost & Skinka: 1 | Pastasallad/Kyckling & Salladsost: 1 | Pastasallad/Kyckling mangocurry: 1 | Wraps/Kyckling Bacon: 1 | Wraps/Kyckling Curry: 1
Stockholm Väst,Coop  SVANDAMMSPLAN,Monday,3,1~3,3,Fralla/Ost & Skinka: 1 | Fralla/Ost: 1 | Hönökaka/Ost & Skinka: 1
Stockholm Väst,Coop Folkparken,Monday,2,0~2,2,Fralla/Ost & Skinka: 1 | Pastasallad/Kyckling mangocurry: 1
Stockholm Väst,Coop Kristineberg,Monday,7,4~9,7,Fralla/Ost & Skinka: 1 | Pastasallad/Kyckling & Salladsost: 1 | Pastasallad/Kyckling mangocurry: 1 | Wraps/Caesar Kyckling: 1 | Wraps/Kyckling Bacon: 1 | Wraps/Kyckling Curry: 1 | Wraps/Sweet Chili: 1
Stockholm Väst,Coop Storsjövägen,Monday,2,0~2,2,Pastasallad/Kyckling & Salladsost: 1 | Wraps/Kyckling Curry: 1
Stockholm Väst,Coop Västertorp,Monday,9,5~10,9,Fralla/Ost & Skinka: 1 | Hönökaka/Ost: 1 | Pastasallad/Kyckling & Salladsost: 1 | Pastasallad/Kyckling mangocurry: 1 | Pastasallad/Räkor: 1 | Wraps/Caesar Kyckling: 1 | Wraps/Kyckling Bacon: 1 | Wraps/Kyckling Curry: 1 | Wraps/Sweet Chili: 1
Stockholm Väst,Coop Älvsjötorg,Monday,3,0~3,3,Pastasallad/Kyckling mangocurry: 1 | Wraps/Kyckling Curry: 1 | Wraps/Sweet Chili: 1
Stockholm Väst,Daniel tobak affären (enbart tisdagar),Monday,3,1~4,3,Fralla/Ost: 1 | XL Frallor/Grovfralla Kalkon & Färskost: 1 | XL Frallor/Ost & Skinka: 1
Stockholm Väst,ICA Essingen,Monday,7,5~8,7,Fralla/Ost & Skinka: 1 | Fralla/Ost: 1 | Pastasallad/Kyckling mangocurry: 1 | Pastasallad/Räkor: 1 | Sandwich/Ägg & Avocadokräm: 1 | Wraps/Caesar Kyckling: 1 | Wraps/Kyckling Curry: 1
Stockholm Väst,ICA nära Vårby gård,Monday,4,2~5,4,Hönökaka/Ost: 1 | Pastasallad/Kyckling & Salladsost: 1 | Pastasallad/Kyckling mangocurry: 1 | Wraps/Caesar Kyckling: 1
Stockholm Väst,Prisma Skärholmen,Monday,1,0~1,1,Pastasallad/Kyckling mangocurry: 1
Stockholm Väst,Vivo ellbe,Monday,4,1~4,4,Pastasallad/Kyckling & Salladsost: 1 | Pastasallad/Kyckling mangocurry: 1 | Pastasallad/Räkor: 1 | Räkstubbe/Räkstubbe: 1
Stockholm Väst,Coop  SVANDAMMSPLAN,Tuesday,25,15~29,23,Baguette/Kyckling Curry: 1 | Baguette/Kyckling Sweet Chili: 1 | Baguette/Salami & Brieost: 1 | Baguette/Skagen: 1 | Fralla/Ost & Skinka: 2 | Fralla/Ost: 1 | Hönökaka/Ost & Salami: 1 | Hönökaka/Ost & Skinka: 2 | Hönökaka/Ost: 1 | Pastasallad/Bacon & Kyckling: 1 | Pastasallad/Kyckling & Salladsost: 1 | Pastasallad/Kyckling mangocurry: 1 | Pastasallad/Räkor: 1 | Sandwich/Clubsandwich: 1 | Sandwich/Kyckling Curry: 1 | Sandwich/Kyckling Pestoröra: 1 | Sandwich/Räkor: 1 | Wraps/Caesar Kyckling: 1 | Wraps/Kyckling Bacon: 1 | Wraps/Kyckling Curry: 1 | Wraps/Kycklingsallad Olivie: 1 | Wraps/Sweet Chili: 1 | Wraps/Wrap Curry Oumph!: 1
Stockholm Väst,Coop Folkparken,Tuesday,15,9~17,14,Baguette/Ost & Skinka: 1 | Baguette/Salami & Brieost: 1 | Baguette/Skagen: 1 | Fralla/Ost & Skinka: 2 | Fralla/Ost: 1 | Hönökaka/Ost & Skinka: 1 | Pastasallad/Kyckling & Salladsost: 1 | Pastasallad/Kyckling mangocurry: 1 | Pastasallad/Räkor: 1 | Sandwich/Kyckling Pestoröra: 1 | Wraps/Caesar Kyckling: 1 | Wraps/Kyckling Bacon: 1 | Wraps/Kyckling Curry: 1 | XL Frallor/Grovfralla Kalkon & Färskost: 1
Stockholm Väst,Coop Kristineberg,Tuesday,30,19~38,22,Baguette/Kyckling Curry: 1 | Baguette/Ost & Skinka: 1 | Baguette/Salami & Brieost: 1 | Baguette/Skagen: 1 | Fralla/Ost & Skinka: 1 | Fralla/Ost: 1 | Hönökaka/Ost & Salami: 1 | Hönökaka/Ost & Skinka: 1 | Hönökaka/Ost: 1 | Pastasallad/Kyckling & Salladsost: 2 | Pastasallad/Kyckling mangocurry: 2 | Pastasallad/Ost & Skinka: 1 | Pastasallad/Räkor: 1 | Sandwich/Bacon & Äggröra: 1 | Sandwich/Kyckling Curry: 1 | Sandwich/Ägg & Avocadokräm: 1 | Wraps/Caesar Kyckling: 3 | Wraps/Kyckling Bacon: 2 | Wraps/Kyckling Curry: 3 | Wraps/Sweet Chili: 2 | XL Frallor/Ost & Skinka: 1 | XL Frallor/Ost: 1
Stockholm Väst,Coop Mälarhöjden,Tuesday,8,1~8,8,Baguette/Ost & Skinka: 1 | Fralla/Ost: 1 | Hönökaka/Ost & Skinka: 1 | Hönökaka/Ost: 1 | Sandwich/Räkor: 1 | Wraps/Caesar Kyckling: 1 | Wraps/Kyckling Bacon: 1 | XL Frallor/Ost & Skinka: 1
Stockholm Väst,Coop Storsjövägen,Tuesday,14,6~15,12,Baguette/Ost & Skinka: 1 | Baguette/Salami & Brieost: 1 | Fralla/Ost & Skinka: 1 | Fralla/Ost: 1 | Hönökaka/Ost & Skinka: 1 | Hönökaka/Ost: 1 | Pastasallad/Kyckling & Salladsost: 2 | Pastasallad/Kyckling mangocurry: 1 | Wraps/Caesar Kyckling: 1 | Wraps/Kyckling Bacon: 1 | Wraps/Kyckling Curry: 2 | Wraps/Sweet Chili: 1
Stockholm Väst,Coop Västertorp,Tuesday,24,13~28,17,Baguette/Kyckling Curry: 1 | Baguette/Ost & Skinka: 1 | Baguette/Salami & Brieost: 1 | Baguette/Skagen: 1 | Fralla/Ost & Skinka: 2 | Fralla/Ost: 1 | Grönsallad/Caesarsallad: 1 | Hönökaka/Ost: 2 | Pastasallad/Kyckling & Salladsost: 2 | Pastasallad/Kyckling mangocurry: 3 | Pastasallad/Räkor: 1 | Sandwich/Clubsandwich: 1 | Sandwich/Kyckling Pestoröra: 1 | Wraps/Caesar Kyckling: 1 | Wraps/Kyckling Bacon: 2 | Wraps/Kyckling Curry: 1 | Wraps/Sweet Chili: 2
Stockholm Väst,Coop rönninge,Tuesday,4,0~4,4,Pastasallad/Kyckling & Salladsost: 1 | Pastasallad/Kyckling mangocurry: 1 | Pastasallad/Ost & Skinka: 1 | Wraps/Kyckling Bacon: 1
Stockholm Väst,Coop Älvsjötorg,Tuesday,10,5~13,9,Baguette/Kycklingsallad Olivie: 1 | Baguette/Salami & Brieost: 1 | Pastasallad/Bacon & Kyckling: 1 | Pastasallad/Falafel: 1 | Pastasallad/Kyckling & Salladsost: 1 | Pastasallad/Kyckling mangocurry: 1 | Wraps/Kyckling Bacon: 1 | Wraps/Kyckling Curry: 2 | Wraps/Sweet Chili: 1
Stockholm Väst,Daniel tobak affären (enbart tisdagar),Tuesday,13,6~15,9,Baguette/Kyckling Curry: 1 | Baguette/Ost & Skinka: 1 | Baguette/Salami & Brieost: 1 | Baguette/Skagen: 1 | Fralla/Ost: 2 | Sandwich/Kyckling Curry: 1 | XL Frallor/Grovfralla Kalkon & Färskost: 3 | XL Frallor/Ost & Skinka: 2 | XL Frallor/Ost: 1
Stockholm Väst,ICA Essingen,Tuesday,30,24~41,23,Baguette/Ost & Skinka: 1 | Baguette/Salami & Brieost: 1 | Baguette/Skagen: 1 | Fralla/Ost & Skinka: 2 | Fralla/Ost: 1 | Hönökaka/Ost & Salami: 1 | Hönökaka/Ost & Skinka: 1 | Hönökaka/Ost: 1 | Pastasallad/Kyckling & Salladsost: 1 | Pastasallad/Kyckling mangocurry: 2 | Pastasallad/Räkor: 2 | Sandwich/Bacon & Äggröra: 1 | Sandwich/Clubsandwich: 1 | Sandwich/Kyckling Curry: 1 | Sandwich/Räkor: 1 | Sandwich/Ägg & Avocadokräm: 2 | Wraps/Caesar Kyckling: 2 | Wraps/Kyckling Bacon: 1 | Wraps/Kyckling Curry: 3 | Wraps/Sweet Chili: 1 | XL Frallor/Grovfralla Kalkon & Färskost: 1 | XL Frallor/Ost & Skinka: 1 | XL Frallor/Ost: 1
Stockholm Väst,ICA Supermarket solbo,Tuesday,10,7~16,10,Baguette/Skagen: 1 | Fralla/Ost & Skinka: 1 | Hönökaka/Ost & Skinka: 1 | Pastasallad/Kyckling & Salladsost: 1 | Pastasallad/Kyckling mangocurry: 1 | Pastasallad/Räkor: 1 | Sandwich/Kyckling Curry: 1 | Wraps/Caesar Kyckling: 1 | Wraps/Kyckling Bacon: 1 | Wraps/Kyckling Curry: 1
Stockholm Väst,ICA nära Vårby gård,Tuesday,18,12~26,15,Baguette/Salami & Brieost: 1 | Baguette/Skagen: 1 | Fralla/Ost & Skinka: 1 | Fralla/Ost: 1 | Grönsallad/Caesarsallad: 1 | Hönökaka/Ost: 1 | Pastasallad/Kyckling & Salladsost: 2 | Pastasallad/Kyckling kebab: 1 | Pastasallad/Kyckling mangocurry: 3 | Pastasallad/Räkor: 1 | Sandwich/Kyckling Pestoröra: 1 | Wraps/Caesar Kyckling: 1 | Wraps/Kyckling Bacon: 1 | Wraps/Kyckling Curry: 1 | Wraps/Sweet Chili: 1
Stockholm Väst,Prisma Skärholmen,Tuesday,11,6~13,11,Fralla/Ost: 1 | Hönökaka/Ost: 1 | Pastasallad/Kyckling & Salladsost: 1 | Pastasallad/Kyckling mangocurry: 1 | Pastasallad/Räkor: 1 | Sandwich/Kyckling Curry: 1 | Sandwich/Kyckling Pestoröra: 1 | Wraps/Caesar Kyckling: 1 | Wraps/Kyckling Curry: 1 | Wraps/Sweet Chili: 1 | XL Frallor/Grovfralla Kalkon & Färskost: 1
Stockholm Väst,Supergrossen Hallunda,Tuesday,3,0~3,3,Pastasallad/Kyckling & Salladsost: 1 | Sandwich/Ägg & Avocadokräm: 1 | Wraps/Kyckling Bacon: 1
Stockholm Väst,Vivo ellbe,Tuesday,13,6~15,10,Fralla/Ost & Skinka: 1 | Grönsallad/Caesarsallad: 1 | Hönökaka/Ost: 1 | Pastasallad/Kyckling & Salladsost: 2 | Pastasallad/Kyckling kebab: 1 | Pastasallad/Kyckling mangocurry: 2 | Pastasallad/Ost & Skinka: 1 | Pastasallad/Räkor: 1 | Räkstubbe/Räkstubbe: 2 | Wraps/Kyckling Bacon: 1
Stockholm Väst,X-tra Aspudden,Tuesday,2,0~2,2,Fralla/Ost & Skinka: 1 | Hönökaka/Ost & Skinka: 1
Stockholm Väst,Coop  SVANDAMMSPLAN,Wednesday,2,0~2,2,Fralla/Ost & Skinka: 1 | Hönökaka/Ost & Skinka: 1
Stockholm Väst,Coop Folkparken,Wednesday,1,0~1,1,Fralla/Ost & Skinka: 1
Stockholm Väst,Coop Kristineberg,Wednesday,6,4~6,6,Pastasallad/Kyckling & Salladsost: 1 | Pastasallad/Kyckling mangocurry: 1 | Wraps/Caesar Kyckling: 1 | Wraps/Kyckling Bacon: 1 | Wraps/Kyckling Curry: 1 | Wraps/Sweet Chili: 1
Stockholm Väst,Coop Storsjövägen,Wednesday,2,0~2,2,Pastasallad/Kyckling & Salladsost: 1 | Wraps/Kyckling Curry: 1
Stockholm Väst,Coop Västertorp,Wednesday,6,1~6,6,Fralla/Ost & Skinka: 1 | Hönökaka/Ost: 1 | Pastasallad/Kyckling & Salladsost: 1 | Pastasallad/Kyckling mangocurry: 1 | Wraps/Kyckling Bacon: 1 | Wraps/Sweet Chili: 1
Stockholm Väst,Coop Älvsjötorg,Wednesday,1,0~1,1,Wraps/Kyckling Curry: 1
Stockholm Väst,Daniel tobak affären (enbart tisdagar),Wednesday,3,1~3,3,Fralla/Ost: 1 | XL Frallor/Grovfralla Kalkon & Färskost: 1 | XL Frallor/Ost & Skinka: 1
Stockholm Väst,ICA Essingen,Wednesday,6,4~6,6,Fralla/Ost & Skinka: 1 | Pastasallad/Kyckling mangocurry: 1 | Pastasallad/Räkor: 1 | Sandwich/Ägg & Avocadokräm: 1 | Wraps/Caesar Kyckling: 1 | Wraps/Kyckling Curry: 1
Stockholm Väst,ICA nära Vårby gård,Wednesday,2,2~2,2,Pastasallad/Kyckling & Salladsost: 1 | Pastasallad/Kyckling mangocurry: 1
Stockholm Väst,Vivo ellbe,Wednesday,3,0~3,3,Pastasallad/Kyckling & Salladsost: 1 | Pastasallad/Kyckling mangocurry: 1 | Räkstubbe/Räkstubbe: 1
Stockholm Väst,Coop  SVANDAMMSPLAN,Thursday,43,34~57,29,Baguette/Kyckling Curry: 1 | Baguette/Kyckling Sweet Chili: 1 | Baguette/Ost & Skinka: 1 | Baguette/Salami & Brieost: 2 | Baguette/Skagen: 2 | Fralla/Ost & Skinka: 2 | Fralla/Ost: 2 | Grönsallad/Kyckling: 1 | Hönökaka/Ost & Salami: 1 | Hönökaka/Ost & Skinka: 1 | Hönökaka/Ost: 2 | Pastasallad/Bacon & Kyckling: 1 | Pastasallad/Kyckling & Salladsost: 1 | Pastasallad/Kyckling mangocurry: 2 | Pastasallad/Ost & Skinka: 1 | Pastasallad/Räkor: 2 | Räkmacka Liten/Räkmacka liten: 1 | Räkstubbe/Räkstubbe: 1 | Sandwich/Clubsandwich: 1 | Sandwich/Kyckling Curry: 2 | Sandwich/Kyckling Pestoröra: 2 | Sandwich/Räkor: 2 | Sandwich/Ägg & Avocadokräm: 1 | Wraps/Caesar Kyckling: 2 | Wraps/Kyckling Bacon: 2 | Wraps/Kyckling Curry: 2 | Wraps/Kycklingsallad Olivie: 1 | Wraps/Sweet Chili: 2 | Wraps/Wrap Curry Oumph!: 1
Stockholm Väst,Coop Folkparken,Thursday,25,19~33,17,Baguette/Ost & Skinka: 2 | Baguette/Salami & Brieost: 2 | Baguette/Skagen: 2 | Fralla/Ost & Skinka: 1 | Fralla/Ost: 2 | Hönökaka/Ost & Skinka: 2 | Hönökaka/Ost: 1 | Pastasallad/Kyckling & Salladsost: 2 | Pastasallad/Kyckling mangocurry: 2 | Pastasallad/Ost & Skinka: 1 | Pastasallad/Räkor: 2 | Sandwich/Kyckling Pestoröra: 1 | Sandwich/Räkor: 1 | Wraps/Caesar Kyckling: 1 | Wraps/Kyckling Bacon: 1 | Wraps/Kyckling Curry: 1 | XL Frallor/Grovfralla Kalkon & Färskost: 1
Stockholm Väst,Coop Kristineberg,Thursday,44,37~55,23,Baguette/Kyckling Curry: 2 | Baguette/Ost & Skinka: 1 | Baguette/Salami & Brieost: 1 | Baguette/Skagen: 1 | Fralla/Ost & Skinka: 2 | Fralla/Ost: 2 | Hönökaka/Ost & Salami: 1 | Hönökaka/Ost & Skinka: 1 | Hönökaka/Ost: 2 | Pastasallad/Kyckling & Salladsost: 1 | Pastasallad/Kyckling mangocurry: 1 | Pastasallad/Ost & Skinka: 1 | Pastasallad/Räkor: 2 | Sandwich/Bacon & Äggröra: 2 | Sandwich/Clubsandwich: 1 | Sandwich/Kyckling Curry: 1 | Sandwich/Ägg & Avocadokräm: 2 | Wraps/Caesar Kyckling: 4 | Wraps/Kyckling Bacon: 4 | Wraps/Kyckling Curry: 4 | Wraps/Sweet Chili: 4 | XL Frallor/Ost & Skinka: 2 | XL Frallor/Ost: 2
Stockholm Väst,Coop Mälarhöjden,Thursday,17,14~30,16,Baguette/Ost & Skinka: 1 | Baguette/Salami & Brieost: 1 | Baguette/Skagen: 1 | Fralla/Ost & Skinka: 1 | Fralla/Ost: 1 | Hönökaka/Ost & Salami: 1 | Hönökaka/Ost & Skinka: 1 | Hönökaka/Ost: 1 | Sandwich/Clubsandwich: 1 | Sandwich/Kyckling Curry: 1 | Sandwich/Räkor: 1 | Wraps/Caesar Kyckling: 1 | Wraps/Kyckling Bacon: 2 | Wraps/Kyckling Curry: 1 | XL Frallor/Grovfralla Kalkon & Färskost: 1 | XL Frallor/Ost & Skinka: 1
Stockholm Väst,Coop Storsjövägen,Thursday,19,15~28,15,Baguette/Ost & Skinka: 1 | Baguette/Salami & Brieost: 1 | Fralla/Ost & Skinka: 2 | Fralla/Ost: 1 | Hönökaka/Ost & Skinka: 1 | Hönökaka/Ost: 1 | Pastasallad/Bacon & Kyckling: 1 | Pastasallad/Kyckling & Salladsost: 1 | Pastasallad/Kyckling mangocurry: 2 | Pastasallad/Räkor: 1 | Wraps/Caesar Kyckling: 1 | Wraps/Kyckling Bacon: 2 | Wraps/Kyckling Curry: 1 | Wraps/Sweet Chili: 2 | XL Frallor/Ost & Skinka: 1
Stockholm Väst,Coop Södertälje,Thursday,10,9~19,10,Baguette/Ost & Skinka: 1 | Baguette/Salami & Brieost: 1 | Baguette/Skagen: 1 | Hönökaka/Ost & Skinka: 1 | Hönökaka/Ost: 1 | Pastasallad/Kyckling & Salladsost: 1 | Pastasallad/Kyckling mangocurry: 1 | Wraps/Caesar Kyckling: 1 | Wraps/Kyckling Bacon: 1 | Wraps/Kyckling Curry: 1
Stockholm Väst,Coop Västertorp,Thursday,34,32~54,22,Baguette/Kyckling Curry: 1 | Baguette/Ost & Skinka: 2 | Baguette/Salami & Brieost: 1 | Baguette/Skagen: 1 | Fralla/Ost & Skinka: 2 | Fralla/Ost: 2 | Grönsallad/Caesarsallad: 2 | Hönökaka/Ost: 2 | Pastasallad/Kyckling & Salladsost: 2 | Pastasallad/Kyckling mangocurry: 3 | Pastasallad/Räkor: 2 | Sandwich/Bacon & Äggröra: 1 | Sandwich/Clubsandwich: 1 | Sandwich/Kyckling Curry: 1 | Sandwich/Kyckling Pestoröra: 1 | Sandwich/Räkor: 1 | Wraps/Caesar Kyckling: 2 | Wraps/Kyckling Bacon: 2 | Wraps/Kyckling Curry: 2 | Wraps/Sweet Chili: 1 | XL Frallor/Ost & Skinka: 1 | XL Frallor/Ost: 1
Stockholm Väst,Coop rönninge,Thursday,18,12~30,18,Baguette/Salami & Brieost: 1 | Baguette/Skagen: 1 | Fralla/Ost & Skinka: 1 | Fralla/Ost: 1 | Grönsallad/Caesarsallad: 1 | Hönökaka/Ost: 1 | Pastasallad/Kyckling & Salladsost: 1 | Pastasallad/Kyckling kebab: 1 | Pastasallad/Kyckling mangocurry: 1 | Pastasallad/Ost & Skinka: 1 | Pastasallad/Räkor: 1 | Sandwich/Räkor: 1 | Sandwich/Ägg & Avocadokräm: 1 | Wraps/Caesar Kyckling: 1 | Wraps/Kyckling Bacon: 1 | Wraps/Kyckling Curry: 1 | Wraps/Sweet Chili: 1 | XL Frallor/Grovfralla Kalkon & Färskost: 1
Stockholm Väst,Coop Älvsjötorg,Thursday,16,16~24,12,Baguette/Kyckling Sweet Chili: 1 | Baguette/Kycklingsallad Olivie: 1 | Baguette/Salami & Brieost: 1 | Pastasallad/Bacon & Kyckling: 2 | Pastasallad/Falafel: 1 | Pastasallad/Kyckling & Salladsost: 1 | Pastasallad/Kyckling mangocurry: 2 | Sandwich/Bacon & Äggröra: 1 | Sandwich/Ägg & Avocadokräm: 1 | Wraps/Kyckling Bacon: 2 | Wraps/Kyckling Curry: 1 | Wraps/Sweet Chili: 2
Stockholm Väst,Daniel tobak affären (enbart tisdagar),Thursday,16,15~24,10,Baguette/Kyckling Curry: 1 | Baguette/Ost & Skinka: 2 | Baguette/Salami & Brieost: 1 | Baguette/Skagen: 1 | Fralla/Ost & Skinka: 1 | Fralla/Ost: 1 | Sandwich/Kyckling Curry: 2 | XL Frallor/Grovfralla Kalkon & Färskost: 5 | XL Frallor/Ost & Skinka: 1 | XL Frallor/Ost: 1
Stockholm Väst,Fresha segeltorp,Thursday,5,5~10,5,Baguette/Ost & Skinka: 1 | Hönökaka/Ost: 1 | Pastasallad/Kyckling mangocurry: 1 | Wraps/Caesar Kyckling: 1 | Wraps/Kyckling Curry: 1
Stockholm Väst,ICA Essingen,Thursday,45,36~50,24,Baguette/Ost & Skinka: 2 | Baguette/Salami & Brieost: 2 | Baguette/Skagen: 2 | Fralla/Ost & Skinka: 2 | Fralla/Ost: 2 | Grönsallad/Caesarsallad: 1 | Hönökaka/Ost & Salami: 2 | Hönökaka/Ost & Skinka: 2 | Hönökaka/Ost: 2 | Pastasallad/Kyckling & Salladsost: 2 | Pastasallad/Kyckling mangocurry: 2 | Pastasallad/Räkor: 1 | Sandwich/Bacon & Äggröra: 2 | Sandwich/Clubsandwich: 1 | Sandwich/Kyckling Curry: 2 | Sandwich/Räkor: 2 | Sandwich/Ägg & Avocadokräm: 2 | Wraps/Caesar Kyckling: 3 | Wraps/Kyckling Bacon: 2 | Wraps/Kyckling Curry: 3 | Wraps/Sweet Chili: 2 | XL Frallor/Grovfralla Kalkon & Färskost: 1 | XL Frallor/Ost & Skinka: 2 | XL Frallor/Ost: 1
Stockholm Väst,ICA Supermarket solbo,Thursday,24,23~28,17,Baguette/Ost & Skinka: 1 | Baguette/Salami & Brieost: 1 | Baguette/Skagen: 2 | Fralla/Ost & Skinka: 2 | Fralla/Ost: 1 | Hönökaka/Ost & Skinka: 1 | Hönökaka/Ost: 1 | Pastasallad/Kyckling & Salladsost: 2 | Pastasallad/Kyckling mangocurry: 2 | Pastasallad/Räkor: 1 | Sandwich/Kyckling Curry: 1 | Sandwich/Räkor: 1 | Sandwich/Ägg & Avocadokräm: 1 | Varmrätt/Cevapcici med bulgur: 1 | Wraps/Caesar Kyckling: 2 | Wraps/Kyckling Bacon: 2 | Wraps/Kyckling Curry: 2
Stockholm Väst,ICA nära Vårby gård,Thursday,35,30~42,21,Baguette/Kyckling Curry: 1 | Baguette/Ost & Skinka: 1 | Baguette/Salami & Brieost: 1 | Baguette/Skagen: 1 | Fralla/Ost & Skinka: 1 | Fralla/Ost: 2 | Grönsallad/Caesarsallad: 2 | Hönökaka/Ost & Skinka: 1 | Hönökaka/Ost: 2 | Pastasallad/Kyckling & Salladsost: 4 | Pastasallad/Kyckling kebab: 2 | Pastasallad/Kyckling mangocurry: 4 | Pastasallad/Räkor: 2 | Sandwich/Kyckling Pestoröra: 1 | Sandwich/Räkor: 1 | Sandwich/Ägg & Avocadokräm: 1 | Wraps/Caesar Kyckling: 2 | Wraps/Kyckling Bacon: 2 | Wraps/Kyckling Curry: 2 | Wraps/Sweet Chili: 1 | XL Frallor/Grovfralla Kalkon & Färskost: 1
Stockholm Väst,Prisma Skärholmen,Thursday,21,16~28,15,Baguette/Kyckling Curry: 1 | Baguette/Kyckling Sweet Chili: 1 | Fralla/Ost: 2 | Hönökaka/Ost: 2 | Pastasallad/Kyckling & Salladsost: 2 | Pastasallad/Kyckling kebab: 1 | Pastasallad/Kyckling mangocurry: 2 | Pastasallad/Räkor: 1 | Sandwich/Kyckling Curry: 2 | Sandwich/Kyckling Pestoröra: 1 | Sandwich/Ägg & Avocadokräm: 1 | Wraps/Caesar Kyckling: 1 | Wraps/Kyckling Curry: 2 | Wraps/Sweet Chili: 1 | XL Frallor/Grovfralla Kalkon & Färskost: 1
Stockholm Väst,Supergrossen Hallunda,Thursday,17,14~31,17,Baguette/Kyckling Curry: 1 | Baguette/Ost & Skinka: 1 | Baguette/Salami & Brieost: 1 | Baguette/Skagen: 1 | Fralla/Ost & Skinka: 1 | Fralla/Ost: 1 | Hönökaka/Ost & Salami: 1 | Hönökaka/Ost: 1 | Pastasallad/Kyckling & Salladsost: 1 | Pastasallad/Kyckling mangocurry: 1 | Pastasallad/Räkor: 1 | Sandwich/Clubsandwich: 1 | Sandwich/Ägg & Avocadokräm: 1 | Wraps/Caesar Kyckling: 1 | Wraps/Kyckling Bacon: 1 | Wraps/Kyckling Curry: 1 | XL Frallor/Grovfralla Kalkon & Färskost: 1
Stockholm Väst,Vivo ellbe,Thursday,27,25~46,23,Baguette/Kyckling Curry: 1 | Baguette/Ost & Skinka: 1 | Baguette/Salami & Brieost: 1 | Baguette/Skagen: 1 | Fralla/Ost & Skinka: 1 | Fralla/Ost: 1 | Grönsallad/Caesarsallad: 1 | Hönökaka/Ost: 1 | Pastasallad/Kyckling & Salladsost: 1 | Pastasallad/Kyckling kebab: 2 | Pastasallad/Kyckling mangocurry: 2 | Pastasallad/Ost & Skinka: 2 | Pastasallad/Räkor: 2 | Räkstubbe/Räkstubbe: 1 | Sandwich/Clubsandwich: 1 | Sandwich/Kyckling Pestoröra: 1 | Sandwich/Räkor: 1 | Sandwich/Ägg & Avocadokräm: 1 | Wraps/Caesar Kyckling: 1 | Wraps/Kyckling Bacon: 1 | Wraps/Kyckling Curry: 1 | Wraps/Sweet Chili: 1 | XL Frallor/Grovfralla Kalkon & Färskost: 1
Stockholm Väst,X-tra Aspudden,Thursday,10,9~19,10,Baguette/Kyckling Curry: 1 | Baguette/Salami & Brieost: 1 | Fralla/Ost & Skinka: 1 | Fralla/Ost: 1 | Hönökaka/Ost & Skinka: 1 | Pastasallad/Kyckling & Salladsost: 1 | Pastasallad/Kyckling kebab: 1 | Pastasallad/Kyckling mangocurry: 1 | Wraps/Kyckling Bacon: 1 | Wraps/Kyckling Curry: 1
Stockholm Xtra,Coop Erik Dahlbersgatan,Sunday,32,17~45,28,Baguette/Kyckling Curry: 1 | Baguette/Ost & Skinka: 1 | Baguette/Salami & Brieost: 1 | Baguette/Skagen: 1 | Fralla/Ost & Skinka: 2 | Fralla/Ost: 1 | Hönökaka/Ost & Salami: 1 | Hönökaka/Ost & Skinka: 1 | Hönökaka/Ost: 1 | Pastasallad/Bacon & Kyckling: 1 | Pastasallad/Kyckling & Salladsost: 2 | Pastasallad/Kyckling kebab: 1 | Pastasallad/Kyckling mangocurry: 2 | Pastasallad/Ost & Skinka: 1 | Pastasallad/Räkor: 2 | Sandwich/Clubsandwich: 1 | Sandwich/Kyckling Curry: 1 | Sandwich/Kyckling Pestoröra: 1 | Sandwich/Räkor: 1 | Sandwich/Ägg & Avocadokräm: 1 | Varmrätt/Cevapcici med bulgur: 1 | Varmrätt/Kycklingpestosallad: 1 | Varmrätt/Kycklingspett med ris: 1 | Wraps/Caesar Kyckling: 1 | Wraps/Kyckling Bacon: 1 | Wraps/Kyckling Curry: 1 | Wraps/Sweet Chili: 1 | XL Frallor/Grovfralla Kalkon & Färskost: 1
Stockholm Xtra,Coop Garnisonen,Sunday,46,41~67,24,Baguette/Kyckling Curry: 1 | Baguette/Ost & Skinka: 1 | Baguette/Salami & Brieost: 2 | Baguette/Skagen: 1 | Fralla/Ost & Skinka: 4 | Fralla/Ost: 2 | Hönökaka/Ost & Skinka: 4 | Hönökaka/Ost: 4 | Pastasallad/Bacon & Kyckling: 2 | Pastasallad/Kyckling & Salladsost: 2 | Pastasallad/Kyckling mangocurry: 2 | Pastasallad/Ost & Skinka: 1 | Pastasallad/Räkor: 2 | Sandwich/Bacon & Äggröra: 1 | Sandwich/Clubsandwich: 1 | Sandwich/Kyckling Curry: 1 | Sandwich/Räkor: 1 | Wraps/Caesar Kyckling: 2 | Wraps/Kyckling Bacon: 3 | Wraps/Kyckling Curry: 2 | Wraps/Sweet Chili: 2 | XL Frallor/Grovfralla Kalkon & Färskost: 1 | XL Frallor/Ost & Skinka: 2 | XL Frallor/Ost: 2
Stockholm Xtra,Coop STORGATAN,Sunday,46,33~60,27,Baguette/Kyckling Sweet Chili: 1 | Baguette/Ost & Skinka: 1 | Baguette/Salami & Brieost: 1 | Baguette/Skagen: 2 | Fralla/Ost & Skinka: 2 | Fralla/Ost: 1 | Grönsallad/Caesarsallad: 1 | Grönsallad/Kyckling: 1 | Hönökaka/Ost & Salami: 2 | Hönökaka/Ost & Skinka: 3 | Hönökaka/Ost: 2 | Pastasallad/Bacon & Kyckling: 2 | Pastasallad/Kyckling & Salladsost: 3 | Pastasallad/Kyckling mangocurry: 4 | Pastasallad/Ost & Skinka: 2 | Pastasallad/Räkor: 2 | Sandwich/Bacon & Äggröra: 2 | Sandwich/Clubsandwich: 1 | Sandwich/Kyckling Curry: 1 | Sandwich/Räkor: 2 | Varmrätt/Cevapcici med bulgur: 1 | Wraps/Caesar Kyckling: 2 | Wraps/Kyckling Bacon: 2 | Wraps/Kyckling Curry: 1 | Wraps/Sweet Chili: 2 | XL Frallor/Grovfralla Kalkon & Färskost: 1 | XL Frallor/Ost: 1
Stockholm Xtra,ICA Dragonen,Sunday,27,19~39,22,Baguette/Kyckling Curry: 1 | Baguette/Salami & Brieost: 1 | Baguette/Skagen: 1 | Fralla/Ost & Skinka: 1 | Fralla/Ost: 1 | Hönökaka/Ost & Skinka: 1 | Hönökaka/Ost: 1 | Pastasallad/Kyckling & Salladsost: 2 | Pastasallad/Kyckling mangocurry: 2 | Pastasallad/Räkor: 1 | Sandwich/Clubsandwich: 1 | Sandwich/Kyckling Curry: 1 | Sandwich/Kyckling Pestoröra: 1 | Sandwich/Räkor: 1 | Varmrätt/Cevapcici med bulgur: 1 | Varmrätt/Kyckling-och böngryta: 1 | Varmrätt/Pannbiff med Basmatiris: 1 | Varmrätt/Teriyakikycklingfile med basmatiris: 1 | Wraps/Caesar Kyckling: 2 | Wraps/Kyckling Bacon: 2 | Wraps/Kyckling Curry: 2 | Wraps/Sweet Chili: 1
Stockholm Xtra,ICA Glädjen,Sunday,63,52~85,27,Baguette/Kyckling Curry: 2 | Baguette/Kyckling Sweet Chili: 2 | Baguette/Ost & Skinka: 2 | Baguette/Salami & Brieost: 2 | Baguette/Skagen: 3 | Fralla/Ost & Skinka: 3 | Fralla/Ost: 1 | Grönsallad/Caesarsallad: 1 | Grönsallad/Kyckling: 1 | Hönökaka/Ost & Salami: 2 | Hönökaka/Ost & Skinka: 3 | Hönökaka/Ost: 2 | Pastasallad/Bacon & Kyckling: 2 | Pastasallad/Kyckling & Salladsost: 4 | Pastasallad/Kyckling mangocurry: 4 | Pastasallad/Ost & Skinka: 1 | Pastasallad/Räkor: 3 | Räkmacka Liten/Räkmacka liten: 1 | Sandwich/Bacon & Äggröra: 1 | Sandwich/Clubsandwich: 2 | Sandwich/Kyckling Curry: 2 | Sandwich/Kyckling Pestoröra: 1 | Sandwich/Räkor: 3 | Wraps/Caesar Kyckling: 4 | Wraps/Kyckling Bacon: 4 | Wraps/Kyckling Curry: 4 | Wraps/Sweet Chili: 3
Stockholm Xtra,ICA Gribbylund,Sunday,28,23~41,17,Baguette/Salami & Brieost: 1 | Baguette/Skagen: 1 | Fralla/Ost & Skinka: 2 | Fralla/Ost: 1 | Hönökaka/Ost & Salami: 1 | Hönökaka/Ost & Skinka: 1 | Hönökaka/Ost: 1 | Pastasallad/Kyckling & Salladsost: 2 | Pastasallad/Kyckling mangocurry: 3 | Pastasallad/Räkor: 2 | Sandwich/Bacon & Äggröra: 1 | Sandwich/Clubsandwich: 1 | Sandwich/Kyckling Curry: 1 | Sandwich/Ägg & Avocadokräm: 2 | Wraps/Caesar Kyckling: 3 | Wraps/Kyckling Curry: 4 | Wraps/Sweet Chili: 1
Stockholm Xtra,ICA Nära Gärdet,Sunday,80,57~102,35,Baguette/Kyckling Sweet Chili: 2 | Baguette/Ost & Skinka: 1 | Baguette/Salami & Brieost: 2 | Baguette/Skagen: 2 | Fralla/Ost & Skinka: 3 | Fralla/Ost: 2 | Glutenfri Frallor/Glutenfri Ost & Skinka(endast söndagsbeställning): 1 | Glutenfri Frallor/Glutenfri Pumpafralla Kalkon & Färskost(endast söndagsbeställning): 1 | Grönsallad/Caesarsallad: 2 | Grönsallad/Kyckling: 2 | Hönökaka/Ost & Salami: 3 | Hönökaka/Ost & Skinka: 4 | Hönökaka/Ost: 3 | Pastasallad/Bacon & Kyckling: 2 | Pastasallad/Kyckling & Salladsost: 4 | Pastasallad/Kyckling mangocurry: 4 | Pastasallad/Ost & Skinka: 2 | Pastasallad/Räkor: 3 | Räkmacka Liten/Räkmacka liten: 1 | Sandwich/Bacon & Äggröra: 2 | Sandwich/Clubsandwich: 1 | Sandwich/Kyckling Curry: 2 | Sandwich/Räkor: 2 | Sandwich/Ägg & Avocadokräm: 1 | Varmrätt/Kyckling-och böngryta: 1 | Varmrätt/Kycklingspett med ris: 1 | Varmrätt/Teriyakibiff med ris: 1 | Varmrätt/Teriyakikycklingfile med basmatiris: 1 | Wraps/Caesar Kyckling: 5 | Wraps/Kyckling Bacon: 5 | Wraps/Kyckling Curry: 5 | Wraps/Sweet Chili: 4 | XL Frallor/Grovfralla Kalkon & Färskost: 1 | XL Frallor/Ost & Skinka: 2 | XL Frallor/Ost: 2
Stockholm Xtra,ICA Nära Lindholmen,Sunday,28,23~42,19,Baguette/Kyckling Curry: 1 | Baguette/Ost & Skinka: 1 | Baguette/Salami & Brieost: 1 | Baguette/Skagen: 1 | Grönsallad/Caesarsallad: 2 | Hönökaka/Ost & Salami: 1 | Hönökaka/Ost & Skinka: 1 | Hönökaka/Ost: 1 | Pastasallad/Bacon & Kyckling: 2 | Pastasallad/Kyckling & Salladsost: 2 | Pastasallad/Kyckling mangocurry: 3 | Pastasallad/Räkor: 2 | Sandwich/Bacon & Äggröra: 1 | Sandwich/Clubsandwich: 1 | Sandwich/Ägg & Avocadokräm: 1 | Wraps/Caesar Kyckling: 2 | Wraps/Kyckling Bacon: 2 | Wraps/Kyckling Curry: 1 | Wraps/Sweet Chili: 2
Stockholm Xtra,ICA Rökubbsgatan,Sunday,47,38~62,27,Baguette/Kyckling Curry: 1 | Baguette/Ost & Skinka: 2 | Baguette/Salami & Brieost: 2 | Baguette/Skagen: 2 | Fralla/Ost & Skinka: 2 | Fralla/Ost: 1 | Grönsallad/Caesarsallad: 2 | Grönsallad/Kyckling: 2 | Hönökaka/Ost & Salami: 1 | Hönökaka/Ost & Skinka: 2 | Hönökaka/Ost: 1 | Pastasallad/Bacon & Kyckling: 2 | Pastasallad/Kyckling & Salladsost: 2 | Pastasallad/Kyckling mangocurry: 2 | Pastasallad/Ost & Skinka: 1 | Pastasallad/Räkor: 2 | Sandwich/Bacon & Äggröra: 2 | Sandwich/Clubsandwich: 1 | Sandwich/Kyckling Curry: 2 | Sandwich/Räkor: 1 | Wraps/Caesar Kyckling: 3 | Wraps/Kyckling Bacon: 3 | Wraps/Kyckling Curry: 2 | Wraps/Sweet Chili: 3 | XL Frallor/Grovfralla Kalkon & Färskost: 1 | XL Frallor/Ost & Skinka: 1 | XL Frallor/Ost: 1
Stockholm Xtra,ICA kvantum Danderyd,Sunday,28,21~39,21,Baguette/Ost & Skinka: 1 | Baguette/Salami & Brieost: 1 | Baguette/Skagen: 1 | Fralla/Ost & Skinka: 2 | Fralla/Ost: 2 | Grönsallad/Caesarsallad: 1 | Hönökaka/Ost & Salami: 1 | Hönökaka/Ost: 1 | Pastasallad/Kyckling & Salladsost: 1 | Pastasallad/Kyckling kebab: 1 | Pastasallad/Kyckling mangocurry: 1 | Pastasallad/Ost & Skinka: 2 | Pastasallad/Räkor: 1 | Sandwich/Clubsandwich: 1 | Sandwich/Ägg & Avocadokräm: 1 | Wraps/Caesar Kyckling: 2 | Wraps/Kyckling Bacon: 2 | Wraps/Kyckling Curry: 2 | Wraps/Sweet Chili: 2 | XL Frallor/Ost & Skinka: 1 | XL Frallor/Ost: 1
Stockholm Xtra,The Coffice KTH,Sunday,25,16~30,17,Pastasallad/Falafel: 1 | Pastasallad/Kyckling & Salladsost: 2 | Pastasallad/Kyckling kebab: 2 | Pastasallad/Kyckling mangocurry: 2 | Pastasallad/Räkor: 2 | Sandwich/Bacon & Äggröra: 1 | Sandwich/Clubsandwich: 1 | Sandwich/Räkor: 1 | Sandwich/Ägg & Avocadokräm: 1 | Varmrätt/Cevapcici med bulgur: 1 | Varmrätt/Kycklingkebab med bulgur: 1 | Varmrätt/Kycklingpestosallad: 1 | Varmrätt/Teriyakikycklingfile med basmatiris: 1 | Wraps/Caesar Kyckling: 2 | Wraps/Kyckling Bacon: 2 | Wraps/Kyckling Curry: 2 | Wraps/Sweet Chili: 2
Stockholm Xtra,Coop Erik Dahlbersgatan,Monday,1,0~1,1,Pastasallad/Kyckling mangocurry: 1
Stockholm Xtra,Coop Garnisonen,Monday,14,10~15,12,Baguette/Salami & Brieost: 1 | Fralla/Ost & Skinka: 1 | Fralla/Ost: 1 | Hönökaka/Ost & Skinka: 2 | Hönökaka/Ost: 2 | Pastasallad/Kyckling & Salladsost: 1 | Pastasallad/Kyckling mangocurry: 1 | Wraps/Caesar Kyckling: 1 | Wraps/Kyckling Bacon: 1 | Wraps/Kyckling Curry: 1 | Wraps/Sweet Chili: 1 | XL Frallor/Ost & Skinka: 1
Stockholm Xtra,Coop STORGATAN,Monday,8,5~9,8,Fralla/Ost & Skinka: 1 | Hönökaka/Ost & Salami: 1 | Hönökaka/Ost & Skinka: 1 | Hönökaka/Ost: 1 | Pastasallad/Kyckling & Salladsost: 1 | Pastasallad/Kyckling mangocurry: 1 | Pastasallad/Ost & Skinka: 1 | Pastasallad/Räkor: 1
Stockholm Xtra,ICA Dragonen,Monday,2,0~2,2,Pastasallad/Kyckling mangocurry: 1 | Wraps/Kyckling Curry: 1
Stockholm Xtra,ICA Glädjen,Monday,18,14~22,17,Baguette/Kyckling Curry: 1 | Baguette/Salami & Brieost: 1 | Baguette/Skagen: 1 | Fralla/Ost & Skinka: 1 | Hönökaka/Ost & Salami: 1 | Hönökaka/Ost & Skinka: 1 | Pastasallad/Bacon & Kyckling: 1 | Pastasallad/Kyckling & Salladsost: 1 | Pastasallad/Kyckling mangocurry: 1 | Pastasallad/Räkor: 1 | Sandwich/Clubsandwich: 1 | Sandwich/Kyckling Curry: 1 | Sandwich/Räkor: 1 | Wraps/Caesar Kyckling: 2 | Wraps/Kyckling Bacon: 1 | Wraps/Kyckling Curry: 1 | Wraps/Sweet Chili: 1
Stockholm Xtra,ICA Gribbylund,Monday,5,4~6,5,Fralla/Ost & Skinka: 1 | Pastasallad/Kyckling & Salladsost: 1 | Pastasallad/Kyckling mangocurry: 1 | Wraps/Caesar Kyckling: 1 | Wraps/Kyckling Curry: 1
Stockholm Xtra,ICA Nära Gärdet,Monday,19,13~23,16,Baguette/Kyckling Sweet Chili: 1 | Baguette/Salami & Brieost: 1 | Fralla/Ost & Skinka: 1 | Fralla/Ost: 1 | Grönsallad/Caesarsallad: 1 | Hönökaka/Ost & Salami: 1 | Hönökaka/Ost & Skinka: 1 | Hönökaka/Ost: 1 | Pastasallad/Bacon & Kyckling: 1 | Pastasallad/Kyckling & Salladsost: 1 | Pastasallad/Kyckling mangocurry: 1 | Pastasallad/Räkor: 1 | Wraps/Caesar Kyckling: 2 | Wraps/Kyckling Bacon: 2 | Wraps/Kyckling Curry: 2 | Wraps/Sweet Chili: 1
Stockholm Xtra,ICA Nära Lindholmen,Monday,5,4~5,5,Pastasallad/Kyckling & Salladsost: 1 | Pastasallad/Kyckling mangocurry: 1 | Pastasallad/Räkor: 1 | Wraps/Kyckling Bacon: 1 | Wraps/Sweet Chili: 1
Stockholm Xtra,ICA Rökubbsgatan,Monday,11,5~11,11,Grönsallad/Caesarsallad: 1 | Hönökaka/Ost & Skinka: 1 | Pastasallad/Bacon & Kyckling: 1 | Pastasallad/Kyckling mangocurry: 1 | Pastasallad/Räkor: 1 | Sandwich/Bacon & Äggröra: 1 | Sandwich/Kyckling Curry: 1 | Wraps/Caesar Kyckling: 1 | Wraps/Kyckling Bacon: 1 | Wraps/Kyckling Curry: 1 | Wraps/Sweet Chili: 1
Stockholm Xtra,ICA kvantum Danderyd,Monday,3,0~3,3,Fralla/Ost & Skinka: 1 | Wraps/Caesar Kyckling: 1 | Wraps/Kyckling Bacon: 1
Stockholm Xtra,The Coffice KTH,Monday,5,0~5,5,Pastasallad/Kyckling & Salladsost: 1 | Pastasallad/Kyckling mangocurry: 1 | Wraps/Caesar Kyckling: 1 | Wraps/Kyckling Bacon: 1 | Wraps/Kyckling Curry: 1
Stockholm Xtra,Coop Erik Dahlbersgatan,Tuesday,17,6~20,16,Baguette/Kyckling Curry: 1 | Baguette/Salami & Brieost: 1 | Baguette/Skagen: 1 | Fralla/Ost & Skinka: 1 | Fralla/Ost: 1 | Hönökaka/Ost & Salami: 1 | Hönökaka/Ost & Skinka: 1 | Hönökaka/Ost: 1 | Pastasallad/Kyckling & Salladsost: 1 | Pastasallad/Kyckling mangocurry: 2 | Pastasallad/Ost & Skinka: 1 | Pastasallad/Räkor: 1 | Wraps/Caesar Kyckling: 1 | Wraps/Kyckling Bacon: 1 | Wraps/Kyckling Curry: 1 | XL Frallor/Grovfralla Kalkon & Färskost: 1
Stockholm Xtra,Coop Garnisonen,Tuesday,38,26~45,24,Baguette/Kyckling Curry: 1 | Baguette/Ost & Skinka: 1 | Baguette/Salami & Brieost: 1 | Baguette/Skagen: 1 | Fralla/Ost & Skinka: 3 | Fralla/Ost: 2 | Hönökaka/Ost & Skinka: 3 | Hönökaka/Ost: 3 | Pastasallad/Bacon & Kyckling: 1 | Pastasallad/Kyckling & Salladsost: 2 | Pastasallad/Kyckling mangocurry: 2 | Pastasallad/Ost & Skinka: 1 | Pastasallad/Räkor: 1 | Sandwich/Bacon & Äggröra: 1 | Sandwich/Clubsandwich: 1 | Sandwich/Kyckling Curry: 1 | Sandwich/Räkor: 1 | Wraps/Caesar Kyckling: 2 | Wraps/Kyckling Bacon: 2 | Wraps/Kyckling Curry: 2 | Wraps/Sweet Chili: 2 | XL Frallor/Grovfralla Kalkon & Färskost: 1 | XL Frallor/Ost & Skinka: 2 | XL Frallor/Ost: 1
Stockholm Xtra,Coop STORGATAN,Tuesday,30,23~42,23,Baguette/Kyckling Sweet Chili: 1 | Baguette/Salami & Brieost: 1 | Baguette/Skagen: 1 | Fralla/Ost & Skinka: 2 | Fralla/Ost: 1 | Grönsallad/Kyckling: 1 | Hönökaka/Ost & Salami: 2 | Hönökaka/Ost & Skinka: 2 | Hönökaka/Ost: 1 | Pastasallad/Bacon & Kyckling: 1 | Pastasallad/Kyckling & Salladsost: 2 | Pastasallad/Kyckling mangocurry: 3 | Pastasallad/Ost & Skinka: 1 | Pastasallad/Räkor: 2 | Sandwich/Bacon & Äggröra: 1 | Sandwich/Clubsandwich: 1 | Sandwich/Kyckling Curry: 1 | Sandwich/Räkor: 1 | Wraps/Caesar Kyckling: 1 | Wraps/Kyckling Bacon: 1 | Wraps/Kyckling Curry: 1 | Wraps/Sweet Chili: 1 | XL Frallor/Ost: 1
Stockholm Xtra,ICA Dragonen,Tuesday,17,9~22,17,Baguette/Kyckling Curry: 1 | Baguette/Salami & Brieost: 1 | Baguette/Skagen: 1 | Fralla/Ost & Skinka: 1 | Fralla/Ost: 1 | Hönökaka/Ost & Skinka: 1 | Hönökaka/Ost: 1 | Pastasallad/Kyckling & Salladsost: 1 | Pastasallad/Kyckling mangocurry: 1 | Pastasallad/Räkor: 1 | Sandwich/Kyckling Curry: 1 | Sandwich/Kyckling Pestoröra: 1 | Sandwich/Räkor: 1 | Wraps/Caesar Kyckling: 1 | Wraps/Kyckling Bacon: 1 | Wraps/Kyckling Curry: 1 | Wraps/Sweet Chili: 1
Stockholm Xtra,ICA Glädjen,Tuesday,47,38~62,27,Baguette/Kyckling Curry: 2 | Baguette/Kyckling Sweet Chili: 1 | Baguette/Ost & Skinka: 1 | Baguette/Salami & Brieost: 2 | Baguette/Skagen: 2 | Fralla/Ost & Skinka: 2 | Fralla/Ost: 1 | Grönsallad/Caesarsallad: 1 | Grönsallad/Kyckling: 1 | Hönökaka/Ost & Salami: 2 | Hönökaka/Ost & Skinka: 2 | Hönökaka/Ost: 1 | Pastasallad/Bacon & Kyckling: 1 | Pastasallad/Kyckling & Salladsost: 3 | Pastasallad/Kyckling mangocurry: 3 | Pastasallad/Ost & Skinka: 1 | Pastasallad/Räkor: 2 | Räkmacka Liten/Räkmacka liten: 1 | Sandwich/Bacon & Äggröra: 1 | Sandwich/Clubsandwich: 2 | Sandwich/Kyckling Curry: 1 | Sandwich/Kyckling Pestoröra: 1 | Sandwich/Räkor: 2 | Wraps/Caesar Kyckling: 3 | Wraps/Kyckling Bacon: 3 | Wraps/Kyckling Curry: 3 | Wraps/Sweet Chili: 2
Stockholm Xtra,ICA Gribbylund,Tuesday,22,15~27,17,Baguette/Salami & Brieost: 1 | Baguette/Skagen: 1 | Fralla/Ost & Skinka: 1 | Fralla/Ost: 1 | Hönökaka/Ost & Salami: 1 | Hönökaka/Ost & Skinka: 1 | Hönökaka/Ost: 1 | Pastasallad/Kyckling & Salladsost: 2 | Pastasallad/Kyckling mangocurry: 2 | Pastasallad/Räkor: 1 | Sandwich/Bacon & Äggröra: 1 | Sandwich/Clubsandwich: 1 | Sandwich/Kyckling Curry: 1 | Sandwich/Ägg & Avocadokräm: 1 | Wraps/Caesar Kyckling: 2 | Wraps/Kyckling Curry: 3 | Wraps/Sweet Chili: 1
Stockholm Xtra,ICA Nära Gärdet,Tuesday,55,39~75,30,Baguette/Kyckling Sweet Chili: 2 | Baguette/Ost & Skinka: 1 | Baguette/Salami & Brieost: 2 | Baguette/Skagen: 1 | Fralla/Ost & Skinka: 2 | Fralla/Ost: 1 | Glutenfri Frallor/Glutenfri Ost & Skinka(endast söndagsbeställning): 1 | Glutenfri Frallor/Glutenfri Pumpafralla Kalkon & Färskost(endast söndagsbeställning): 1 | Grönsallad/Caesarsallad: 2 | Grönsallad/Kyckling: 1 | Hönökaka/Ost & Salami: 2 | Hönökaka/Ost & Skinka: 3 | Hönökaka/Ost: 2 | Pastasallad/Bacon & Kyckling: 2 | Pastasallad/Kyckling & Salladsost: 3 | Pastasallad/Kyckling mangocurry: 3 | Pastasallad/Ost & Skinka: 1 | Pastasallad/Räkor: 2 | Räkmacka Liten/Räkmacka liten: 1 | Sandwich/Bacon & Äggröra: 1 | Sandwich/Clubsandwich: 1 | Sandwich/Kyckling Curry: 1 | Sandwich/Räkor: 1 | Wraps/Caesar Kyckling: 4 | Wraps/Kyckling Bacon: 4 | Wraps/Kyckling Curry: 4 | Wraps/Sweet Chili: 3 | XL Frallor/Grovfralla Kalkon & Färskost: 1 | XL Frallor/Ost & Skinka: 1 | XL Frallor/Ost: 1
Stockholm Xtra,ICA Nära Lindholmen,Tuesday,22,13~26,17,Baguette/Kyckling Curry: 1 | Baguette/Salami & Brieost: 1 | Baguette/Skagen: 1 | Grönsallad/Caesarsallad: 1 | Hönökaka/Ost & Skinka: 1 | Hönökaka/Ost: 1 | Pastasallad/Bacon & Kyckling: 1 | Pastasallad/Kyckling & Salladsost: 2 | Pastasallad/Kyckling mangocurry: 2 | Pastasallad/Räkor: 2 | Sandwich/Bacon & Äggröra: 1 | Sandwich/Clubsandwich: 1 | Sandwich/Ägg & Avocadokräm: 1 | Wraps/Caesar Kyckling: 1 | Wraps/Kyckling Bacon: 2 | Wraps/Kyckling Curry: 1 | Wraps/Sweet Chili: 2
Stockholm Xtra,ICA Rökubbsgatan,Tuesday,32,25~46,26,Baguette/Kyckling Curry: 1 | Baguette/Ost & Skinka: 1 | Baguette/Salami & Brieost: 1 | Baguette/Skagen: 1 | Fralla/Ost & Skinka: 1 | Fralla/Ost: 1 | Grönsallad/Caesarsallad: 1 | Grönsallad/Kyckling: 1 | Hönökaka/Ost & Salami: 1 | Hönökaka/Ost & Skinka: 1 | Hönökaka/Ost: 1 | Pastasallad/Bacon & Kyckling: 1 | Pastasallad/Kyckling & Salladsost: 1 | Pastasallad/Kyckling mangocurry: 2 | Pastasallad/Ost & Skinka: 1 | Pastasallad/Räkor: 2 | Sandwich/Bacon & Äggröra: 1 | Sandwich/Kyckling Curry: 1 | Sandwich/Räkor: 1 | Wraps/Caesar Kyckling: 2 | Wraps/Kyckling Bacon: 2 | Wraps/Kyckling Curry: 2 | Wraps/Sweet Chili: 2 | XL Frallor/Grovfralla Kalkon & Färskost: 1 | XL Frallor/Ost & Skinka: 1 | XL Frallor/Ost: 1
Stockholm Xtra,ICA kvantum Danderyd,Tuesday,18,14~25,18,Baguette/Salami & Brieost: 1 | Baguette/Skagen: 1 | Fralla/Ost & Skinka: 1 | Fralla/Ost: 1 | Grönsallad/Caesarsallad: 1 | Hönökaka/Ost & Salami: 1 | Hönökaka/Ost: 1 | Pastasallad/Kyckling & Salladsost: 1 | Pastasallad/Kyckling mangocurry: 1 | Pastasallad/Ost & Skinka: 1 | Pastasallad/Räkor: 1 | Sandwich/Ägg & Avocadokräm: 1 | Wraps/Caesar Kyckling: 1 | Wraps/Kyckling Bacon: 1 | Wraps/Kyckling Curry: 1 | Wraps/Sweet Chili: 1 | XL Frallor/Ost & Skinka: 1 | XL Frallor/Ost: 1
Stockholm Xtra,The Coffice KTH,Tuesday,13,8~19,11,Pastasallad/Kyckling & Salladsost: 2 | Pastasallad/Kyckling kebab: 1 | Pastasallad/Kyckling mangocurry: 1 | Pastasallad/Räkor: 1 | Sandwich/Bacon & Äggröra: 1 | Sandwich/Clubsandwich: 1 | Sandwich/Räkor: 1 | Wraps/Caesar Kyckling: 2 | Wraps/Kyckling Bacon: 1 | Wraps/Kyckling Curry: 1 | Wraps/Sweet Chili: 1
Stockholm Xtra,Coop Erik Dahlbersgatan,Wednesday,1,0~1,1,Pastasallad/Kyckling mangocurry: 1
Stockholm Xtra,Coop Garnisonen,Wednesday,11,4~13,11,Fralla/Ost & Skinka: 1 | Fralla/Ost: 1 | Hönökaka/Ost & Skinka: 1 | Hönökaka/Ost: 1 | Pastasallad/Kyckling & Salladsost: 1 | Pastasallad/Kyckling mangocurry: 1 | Wraps/Caesar Kyckling: 1 | Wraps/Kyckling Bacon: 1 | Wraps/Kyckling Curry: 1 | Wraps/Sweet Chili: 1 | XL Frallor/Ost & Skinka: 1
Stockholm Xtra,Coop STORGATAN,Wednesday,6,3~6,6,Fralla/Ost & Skinka: 1 | Hönökaka/Ost & Salami: 1 | Hönökaka/Ost & Skinka: 1 | Pastasallad/Kyckling & Salladsost: 1 | Pastasallad/Kyckling mangocurry: 1 | Pastasallad/Räkor: 1
Stockholm Xtra,ICA Glädjen,Wednesday,15,11~16,15,Baguette/Kyckling Curry: 1 | Baguette/Salami & Brieost: 1 | Baguette/Skagen: 1 | Fralla/Ost & Skinka: 1 | Hönökaka/Ost & Salami: 1 | Hönökaka/Ost & Skinka: 1 | Pastasallad/Kyckling & Salladsost: 1 | Pastasallad/Kyckling mangocurry: 1 | Pastasallad/Räkor: 1 | Sandwich/Clubsandwich: 1 | Sandwich/Räkor: 1 | Wraps/Caesar Kyckling: 1 | Wraps/Kyckling Bacon: 1 | Wraps/Kyckling Curry: 1 | Wraps/Sweet Chili: 1
Stockholm Xtra,ICA Gribbylund,Wednesday,4,3~4,4,Pastasallad/Kyckling & Salladsost: 1 | Pastasallad/Kyckling mangocurry: 1 | Wraps/Caesar Kyckling: 1 | Wraps/Kyckling Curry: 1
Stockholm Xtra,ICA Nära Gärdet,Wednesday,15,11~18,15,Baguette/Kyckling Sweet Chili: 1 | Baguette/Salami & Brieost: 1 | Fralla/Ost & Skinka: 1 | Grönsallad/Caesarsallad: 1 | Hönökaka/Ost & Salami: 1 | Hönökaka/Ost & Skinka: 1 | Hönökaka/Ost: 1 | Pastasallad/Bacon & Kyckling: 1 | Pastasallad/Kyckling & Salladsost: 1 | Pastasallad/Kyckling mangocurry: 1 | Pastasallad/Räkor: 1 | Wraps/Caesar Kyckling: 1 | Wraps/Kyckling Bacon: 1 | Wraps/Kyckling Curry: 1 | Wraps/Sweet Chili: 1
Stockholm Xtra,ICA Nära Lindholmen,Wednesday,5,1~5,5,Pastasallad/Kyckling & Salladsost: 1 | Pastasallad/Kyckling mangocurry: 1 | Pastasallad/Räkor: 1 | Wraps/Kyckling Bacon: 1 | Wraps/Sweet Chili: 1
Stockholm Xtra,ICA Rökubbsgatan,Wednesday,6,3~6,6,Pastasallad/Kyckling mangocurry: 1 | Pastasallad/Räkor: 1 | Wraps/Caesar Kyckling: 1 | Wraps/Kyckling Bacon: 1 | Wraps/Kyckling Curry: 1 | Wraps/Sweet Chili: 1
Stockholm Xtra,The Coffice KTH,Wednesday,2,0~2,2,Pastasallad/Kyckling & Salladsost: 1 | Wraps/Caesar Kyckling: 1
Stockholm Xtra,Coop Erik Dahlbersgatan,Thursday,36,32~57,31,Baguette/Kyckling Curry: 1 | Baguette/Ost & Skinka: 1 | Baguette/Salami & Brieost: 1 | Baguette/Skagen: 1 | Fralla/Ost & Skinka: 2 | Fralla/Ost: 1 | Hönökaka/Ost & Salami: 1 | Hönökaka/Ost & Skinka: 1 | Hönökaka/Ost: 1 | Pastasallad/Bacon & Kyckling: 1 | Pastasallad/Kyckling & Salladsost: 2 | Pastasallad/Kyckling kebab: 1 | Pastasallad/Kyckling mangocurry: 1 | Pastasallad/Ost & Skinka: 1 | Pastasallad/Räkor: 2 | Sandwich/Bacon & Äggröra: 1 | Sandwich/Clubsandwich: 1 | Sandwich/Kyckling Curry: 1 | Sandwich/Kyckling Pestoröra: 1 | Sandwich/Räkor: 1 | Sandwich/Ägg & Avocadokräm: 1 | Varmrätt/Cevapcici med bulgur: 1 | Varmrätt/Kycklingpestosallad: 1 | Varmrätt/Kycklingspett med ris: 1 | Varmrätt/Teriyakibiff med ris: 1 | Varmrätt/Teriyakikycklingfile med basmatiris: 1 | Wraps/Caesar Kyckling: 2 | Wraps/Kyckling Bacon: 1 | Wraps/Kyckling Curry: 2 | Wraps/Sweet Chili: 1 | XL Frallor/Grovfralla Kalkon & Färskost: 1
Stockholm Xtra,Coop Garnisonen,Thursday,52,42~70,25,Baguette/Kyckling Curry: 1 | Baguette/Ost & Skinka: 2 | Baguette/Salami & Brieost: 2 | Baguette/Skagen: 2 | Fralla/Ost & Skinka: 3 | Fralla/Ost: 2 | Hönökaka/Ost & Skinka: 5 | Hönökaka/Ost: 5 | Pastasallad/Bacon & Kyckling: 2 | Pastasallad/Kyckling & Salladsost: 1 | Pastasallad/Kyckling mangocurry: 2 | Pastasallad/Ost & Skinka: 2 | Pastasallad/Räkor: 2 | Sandwich/Bacon & Äggröra: 1 | Sandwich/Clubsandwich: 1 | Sandwich/Kyckling Curry: 1 | Sandwich/Kyckling Pestoröra: 1 | Sandwich/Räkor: 2 | Wraps/Caesar Kyckling: 2 | Wraps/Kyckling Bacon: 3 | Wraps/Kyckling Curry: 2 | Wraps/Sweet Chili: 2 | XL Frallor/Grovfralla Kalkon & Färskost: 2 | XL Frallor/Ost & Skinka: 2 | XL Frallor/Ost: 2
Stockholm Xtra,Coop STORGATAN,Thursday,55,44~63,31,Baguette/Kyckling Sweet Chili: 1 | Baguette/Ost & Skinka: 1 | Baguette/Salami & Brieost: 1 | Baguette/Skagen: 2 | Fralla/Ost & Skinka: 2 | Fralla/Ost: 2 | Grönsallad/Caesarsallad: 1 | Grönsallad/Kyckling: 2 | Hönökaka/Ost & Salami: 1 | Hönökaka/Ost & Skinka: 3 | Hönökaka/Ost: 2 | Pastasallad/Bacon & Kyckling: 2 | Pastasallad/Kyckling & Salladsost: 4 | Pastasallad/Kyckling mangocurry: 4 | Pastasallad/Ost & Skinka: 2 | Pastasallad/Räkor: 2 | Sandwich/Bacon & Äggröra: 2 | Sandwich/Clubsandwich: 2 | Sandwich/Kyckling Curry: 2 | Sandwich/Kyckling Pestoröra: 1 | Sandwich/Räkor: 2 | Varmrätt/Cevapcici med bulgur: 1 | Varmrätt/Kycklingspett med ris: 1 | Varmrätt/Teriyakibiff med ris: 1 | Wraps/Caesar Kyckling: 2 | Wraps/Kyckling Bacon: 2 | Wraps/Kyckling Curry: 2 | Wraps/Sweet Chili: 2 | XL Frallor/Grovfralla Kalkon & Färskost: 1 | XL Frallor/Ost & Skinka: 1 | XL Frallor/Ost: 1
Stockholm Xtra,ICA Dragonen,Thursday,32,27~42,23,Baguette/Kyckling Curry: 1 | Baguette/Salami & Brieost: 2 | Baguette/Skagen: 1 | Fralla/Ost & Skinka: 2 | Fralla/Ost: 1 | Hönökaka/Ost & Salami: 1 | Hönökaka/Ost & Skinka: 1 | Hönökaka/Ost: 1 | Pastasallad/Kyckling & Salladsost: 2 | Pastasallad/Kyckling mangocurry: 2 | Pastasallad/Räkor: 2 | Sandwich/Clubsandwich: 1 | Sandwich/Kyckling Curry: 1 | Sandwich/Kyckling Pestoröra: 1 | Sandwich/Räkor: 1 | Varmrätt/Cevapcici med bulgur: 1 | Varmrätt/Kyckling-och böngryta: 1 | Varmrätt/Pannbiff med Basmatiris: 1 | Varmrätt/Teriyakikycklingfile med basmatiris: 1 | Wraps/Caesar Kyckling: 2 | Wraps/Kyckling Bacon: 2 | Wraps/Kyckling Curry: 2 | Wraps/Sweet Chili: 2
Stockholm Xtra,ICA Glädjen,Thursday,69,52~84,28,Baguette/Kyckling Curry: 1 | Baguette/Kyckling Sweet Chili: 2 | Baguette/Ost & Skinka: 2 | Baguette/Salami & Brieost: 2 | Baguette/Skagen: 4 | Fralla/Ost & Skinka: 3 | Fralla/Ost: 2 | Grönsallad/Caesarsallad: 2 | Grönsallad/Kyckling: 2 | Hönökaka/Ost & Salami: 2 | Hönökaka/Ost & Skinka: 2 | Hönökaka/Ost: 2 | Pastasallad/Bacon & Kyckling: 2 | Pastasallad/Kyckling & Salladsost: 3 | Pastasallad/Kyckling mangocurry: 4 | Pastasallad/Ost & Skinka: 2 | Pastasallad/Räkor: 2 | Räkmacka Liten/Räkmacka liten: 1 | Räkstubbe/Räkstubbe: 1 | Sandwich/Bacon & Äggröra: 2 | Sandwich/Clubsandwich: 2 | Sandwich/Kyckling Curry: 2 | Sandwich/Kyckling Pestoröra: 2 | Sandwich/Räkor: 2 | Wraps/Caesar Kyckling: 5 | Wraps/Kyckling Bacon: 5 | Wraps/Kyckling Curry: 4 | Wraps/Sweet Chili: 4
Stockholm Xtra,ICA Gribbylund,Thursday,31,23~40,18,Baguette/Salami & Brieost: 2 | Baguette/Skagen: 2 | Fralla/Ost & Skinka: 2 | Fralla/Ost: 1 | Hönökaka/Ost & Salami: 2 | Hönökaka/Ost & Skinka: 2 | Hönökaka/Ost: 2 | Pastasallad/Kyckling & Salladsost: 2 | Pastasallad/Kyckling mangocurry: 2 | Pastasallad/Räkor: 2 | Sandwich/Bacon & Äggröra: 1 | Sandwich/Clubsandwich: 1 | Sandwich/Kyckling Curry: 1 | Sandwich/Kyckling Pestoröra: 1 | Sandwich/Ägg & Avocadokräm: 2 | Wraps/Caesar Kyckling: 2 | Wraps/Kyckling Curry: 3 | Wraps/Sweet Chili: 1
Stockholm Xtra,ICA Nära Gärdet,Thursday,80,73~98,36,Baguette/Kyckling Sweet Chili: 1 | Baguette/Ost & Skinka: 1 | Baguette/Salami & Brieost: 1 | Baguette/Skagen: 2 | Fralla/Ost & Skinka: 2 | Fralla/Ost: 2 | Glutenfri Frallor/Glutenfri Ost & Skinka(endast söndagsbeställning): 1 | Glutenfri Frallor/Glutenfri Pumpafralla Kalkon & Färskost(endast söndagsbeställning): 1 | Grönsallad/Caesarsallad: 1 | Grönsallad/Kyckling: 2 | Hönökaka/Ost & Salami: 4 | Hönökaka/Ost & Skinka: 5 | Hönökaka/Ost: 2 | Pastasallad/Bacon & Kyckling: 2 | Pastasallad/Kyckling & Salladsost: 4 | Pastasallad/Kyckling mangocurry: 4 | Pastasallad/Ost & Skinka: 2 | Pastasallad/Räkor: 2 | Räkmacka Liten/Räkmacka liten: 1 | Sandwich/Bacon & Äggröra: 2 | Sandwich/Clubsandwich: 2 | Sandwich/Kyckling Curry: 2 | Sandwich/Räkor: 2 | Sandwich/Ägg & Avocadokräm: 1 | Varmrätt/Cevapcici med bulgur: 1 | Varmrätt/Kyckling-och böngryta: 1 | Varmrätt/Kycklingspett med ris: 1 | Varmrätt/Teriyakibiff med ris: 1 | Varmrätt/Teriyakikycklingfile med basmatiris: 1 | Wraps/Caesar Kyckling: 6 | Wraps/Kyckling Bacon: 5 | Wraps/Kyckling Curry: 5 | Wraps/Sweet Chili: 5 | XL Frallor/Grovfralla Kalkon & Färskost: 1 | XL Frallor/Ost & Skinka: 2 | XL Frallor/Ost: 2
Stockholm Xtra,ICA Nära Lindholmen,Thursday,35,27~48,22,Baguette/Kyckling Curry: 2 | Baguette/Ost & Skinka: 1 | Baguette/Salami & Brieost: 2 | Baguette/Skagen: 1 | Grönsallad/Caesarsallad: 2 | Hönökaka/Ost & Salami: 1 | Hönökaka/Ost & Skinka: 1 | Hönökaka/Ost: 1 | Pastasallad/Bacon & Kyckling: 2 | Pastasallad/Kyckling & Salladsost: 1 | Pastasallad/Kyckling mangocurry: 4 | Pastasallad/Ost & Skinka: 1 | Pastasallad/Räkor: 2 | Sandwich/Bacon & Äggröra: 2 | Sandwich/Clubsandwich: 1 | Sandwich/Kyckling Curry: 1 | Sandwich/Kyckling Pestoröra: 1 | Sandwich/Ägg & Avocadokräm: 1 | Wraps/Caesar Kyckling: 2 | Wraps/Kyckling Bacon: 2 | Wraps/Kyckling Curry: 2 | Wraps/Sweet Chili: 2
Stockholm Xtra,ICA Rökubbsgatan,Thursday,55,42~63,32,Baguette/Kyckling Curry: 2 | Baguette/Ost & Skinka: 2 | Baguette/Salami & Brieost: 2 | Baguette/Skagen: 2 | Fralla/Ost & Skinka: 2 | Fralla/Ost: 2 | Grönsallad/Caesarsallad: 2 | Grönsallad/Kyckling: 2 | Hönökaka/Ost & Salami: 2 | Hönökaka/Ost & Skinka: 2 | Hönökaka/Ost: 2 | Pastasallad/Bacon & Kyckling: 2 | Pastasallad/Kyckling & Salladsost: 2 | Pastasallad/Kyckling mangocurry: 2 | Pastasallad/Ost & Skinka: 1 | Pastasallad/Räkor: 2 | Sandwich/Bacon & Äggröra: 2 | Sandwich/Clubsandwich: 1 | Sandwich/Kyckling Curry: 2 | Sandwich/Kyckling Pestoröra: 1 | Sandwich/Räkor: 2 | Varmrätt/Kycklingkebab med bulgur: 1 | Varmrätt/Kycklingpestosallad: 1 | Varmrätt/Tacobolognese med fullkornspasta: 1 | Varmrätt/Teriyakibiff med ris: 1 | Wraps/Caesar Kyckling: 2 | Wraps/Kyckling Bacon: 4 | Wraps/Kyckling Curry: 1 | Wraps/Sweet Chili: 2 | XL Frallor/Grovfralla Kalkon & Färskost: 1 | XL Frallor/Ost & Skinka: 1 | XL Frallor/Ost: 1
Stockholm Xtra,ICA kvantum Danderyd,Thursday,35,28~38,21,Baguette/Ost & Skinka: 1 | Baguette/Salami & Brieost: 1 | Baguette/Skagen: 2 | Fralla/Ost & Skinka: 2 | Fralla/Ost: 2 | Grönsallad/Caesarsallad: 1 | Hönökaka/Ost & Salami: 2 | Hönökaka/Ost: 2 | Pastasallad/Kyckling & Salladsost: 2 | Pastasallad/Kyckling kebab: 1 | Pastasallad/Kyckling mangocurry: 2 | Pastasallad/Ost & Skinka: 2 | Pastasallad/Räkor: 2 | Sandwich/Clubsandwich: 1 | Sandwich/Ägg & Avocadokräm: 1 | Wraps/Caesar Kyckling: 2 | Wraps/Kyckling Bacon: 2 | Wraps/Kyckling Curry: 2 | Wraps/Sweet Chili: 2 | XL Frallor/Ost & Skinka: 2 | XL Frallor/Ost: 1
Stockholm Xtra,The Coffice KTH,Thursday,23,25~33,17,Pastasallad/Falafel: 1 | Pastasallad/Kyckling & Salladsost: 1 | Pastasallad/Kyckling kebab: 2 | Pastasallad/Kyckling mangocurry: 2 | Pastasallad/Räkor: 2 | Sandwich/Bacon & Äggröra: 1 | Sandwich/Clubsandwich: 1 | Sandwich/Räkor: 1 | Sandwich/Ägg & Avocadokräm: 1 | Varmrätt/Cevapcici med bulgur: 1 | Varmrätt/Kycklingkebab med bulgur: 1 | Varmrätt/Kycklingpestosallad: 1 | Varmrätt/Teriyakikycklingfile med basmatiris: 1 | Wraps/Caesar Kyckling: 1 | Wraps/Kyckling Bacon: 2 | Wraps/Kyckling Curry: 2 | Wraps/Sweet Chili: 2
Stockholm Östra,Coop Bagarmossen,Sunday,23,18~34,17,Baguette/Salami & Brieost: 1 | Baguette/Skagen: 1 | Fralla/Ost & Skinka: 2 | Fralla/Ost: 1 | Hönökaka/Ost & Skinka: 2 | Hönökaka/Ost: 2 | Pastasallad/Kyckling mangocurry: 1 | Pastasallad/Ost & Skinka: 1 | Pastasallad/Räkor: 1 | Sandwich/Ägg & Avocadokräm: 1 | Wraps/Caesar Kyckling: 1 | Wraps/Kyckling Bacon: 2 | Wraps/Kyckling Curry: 2 | Wraps/Sweet Chili: 2 | XL Frallor/Grovfralla Kalkon & Färskost: 1 | XL Frallor/Ost & Skinka: 1 | XL Frallor/Ost: 1
Stockholm Östra,Coop Björkhagen,Sunday,23,17~37,20,Baguette/Kycklingsallad Olivie: 1 | Fralla/Ost & Skinka: 1 | Fralla/Ost: 1 | Hönökaka/Ost & Salami: 1 | Hönökaka/Ost & Skinka: 1 | Hönökaka/Ost: 1 | Pastasallad/Bacon & Kyckling: 1 | Pastasallad/Kyckling & Salladsost: 1 | Pastasallad/Kyckling kebab: 1 | Pastasallad/Kyckling mangocurry: 1 | Pastasallad/Räkor: 1 | Sandwich/Räkor: 1 | Wraps/Caesar Kyckling: 2 | Wraps/Kyckling Bacon: 2 | Wraps/Kyckling Curry: 1 | Wraps/Kycklingsallad Olivie: 1 | Wraps/Sweet Chili: 1 | Wraps/Wrap Curry Oumph!: 2 | XL Frallor/Ost & Skinka: 1 | XL Frallor/Ost: 1
Stockholm Östra,Coop Farsta centrum,Sunday,2,2~4,2,Baguette/Salami & Brieost: 1 | Baguette/Skagen: 1
Stockholm Östra,Coop GUBBÄNGEN,Sunday,52,39~69,25,Baguette/Salami & Brieost: 2 | Fralla/Ost & Skinka: 3 | Fralla/Ost: 3 | Grönsallad/Kyckling: 1 | Hönökaka/Ost & Salami: 3 | Hönökaka/Ost & Skinka: 3 | Hönökaka/Ost: 2 | Pastasallad/Bacon & Kyckling: 3 | Pastasallad/Falafel: 1 | Pastasallad/Kyckling & Salladsost: 2 | Pastasallad/Kyckling mangocurry: 4 | Pastasallad/Ost & Skinka: 2 | Pastasallad/Räkor: 1 | Sandwich/Bacon & Äggröra: 1 | Sandwich/Kyckling Curry: 2 | Sandwich/Räkor: 1 | Sandwich/Ägg & Avocadokräm: 1 | Wraps/Caesar Kyckling: 2 | Wraps/Kyckling Bacon: 3 | Wraps/Kyckling Curry: 2 | Wraps/Sweet Chili: 3 | Wraps/Wrap Curry Oumph!: 3 | XL Frallor/Grovfralla Kalkon & Färskost: 1 | XL Frallor/Ost & Skinka: 2 | XL Frallor/Ost: 1
Stockholm Östra,Coop Hammarby Sjöstad,Sunday,47,37~63,22,Baguette/Ost & Skinka: 2 | Baguette/Salami & Brieost: 1 | Baguette/Skagen: 2 | Fralla/Ost & Skinka: 3 | Fralla/Ost: 3 | Hönökaka/Ost & Salami: 3 | Hönökaka/Ost & Skinka: 2 | Hönökaka/Ost: 2 | Pastasallad/Bacon & Kyckling: 2 | Pastasallad/Kyckling & Salladsost: 2 | Pastasallad/Kyckling mangocurry: 3 | Pastasallad/Ost & Skinka: 1 | Sandwich/Bacon & Äggröra: 2 | Sandwich/Kyckling Curry: 2 | Sandwich/Ägg & Avocadokräm: 1 | Wraps/Caesar Kyckling: 2 | Wraps/Kyckling Bacon: 3 | Wraps/Kyckling Curry: 2 | Wraps/Sweet Chili: 3 | Wraps/Wrap Curry Oumph!: 2 | XL Frallor/Ost & Skinka: 2 | XL Frallor/Ost: 2
Stockholm Östra,Coop Huddinge,Sunday,32,27~46,18,Baguette/Kyckling Sweet Chili: 1 | Baguette/Salami & Brieost: 2 | Baguette/Skagen: 2 | Fralla/Ost & Skinka: 2 | Fralla/Ost: 2 | Glutenfri Frallor/Glutenfri Ost & Skinka(endast söndagsbeställning): 1 | Glutenfri Frallor/Glutenfri Ost(endast söndagsbeställning): 1 | Glutenfri Frallor/Glutenfri Pumpafralla Kalkon & Färskost(endast söndagsbeställning): 1 | Hönökaka/Ost & Salami: 1 | Hönökaka/Ost & Skinka: 2 | Hönökaka/Ost: 3 | Pastasallad/Kyckling & Salladsost: 1 | Pastasallad/Kyckling mangocurry: 1 | Sandwich/Bacon & Äggröra: 1 | Wraps/Caesar Kyckling: 2 | Wraps/Kyckling Bacon: 3 | Wraps/Kyckling Curry: 4 | Wraps/Sweet Chili: 2
Stockholm Östra,Coop HÖGDALEN,Sunday,49,38~63,19,Baguette/Kyckling Sweet Chili: 1 | Baguette/Ost & Skinka: 1 | Fralla/Ost & Skinka: 5 | Fralla/Ost: 4 | Hönökaka/Ost & Salami: 3 | Hönökaka/Ost & Skinka: 4 | Hönökaka/Ost: 4 | Pastasallad/Falafel: 1 | Pastasallad/Kyckling & Salladsost: 3 | Pastasallad/Kyckling mangocurry: 2 | Pastasallad/Räkor: 1 | Sandwich/Kyckling Pestoröra: 1 | Wraps/Caesar Kyckling: 2 | Wraps/Kyckling Bacon: 3 | Wraps/Kyckling Curry: 1 | Wraps/Sweet Chili: 3 | Wraps/Wrap Curry Oumph!: 2 | XL Frallor/Ost & Skinka: 4 | XL Frallor/Ost: 4
Stockholm Östra,Coop Skarpnäck,Sunday,36,30~55,24,Baguette/Kyckling Curry: 1 | Baguette/Salami & Brieost: 1 | Baguette/Skagen: 1 | Fralla/Ost & Skinka: 3 | Fralla/Ost: 1 | Hönökaka/Ost & Salami: 2 | Hönökaka/Ost & Skinka: 1 | Hönökaka/Ost: 1 | Pastasallad/Bacon & Kyckling: 1 | Pastasallad/Kyckling & Salladsost: 2 | Pastasallad/Kyckling mangocurry: 3 | Pastasallad/Ost & Skinka: 2 | Pastasallad/Räkor: 1 | Sandwich/Clubsandwich: 1 | Sandwich/Räkor: 1 | Sandwich/Ägg & Avocadokräm: 1 | Wraps/Caesar Kyckling: 2 | Wraps/Kyckling Bacon: 3 | Wraps/Kyckling Curry: 1 | Wraps/Sweet Chili: 2 | Wraps/Wrap Curry Oumph!: 2 | XL Frallor/Grovfralla Kalkon & Färskost: 1 | XL Frallor/Ost & Skinka: 1 | XL Frallor/Ost: 1
Stockholm Östra,Coop Stuvsta,Sunday,16,5~21,16,Baguette/Skagen: 1 | Fralla/Ost & Skinka: 1 | Fralla/Ost: 1 | Hönökaka/Ost & Salami: 1 | Pastasallad/Kyckling & Salladsost: 1 | Pastasallad/Kyckling kebab: 1 | Pastasallad/Kyckling mangocurry: 1 | Pastasallad/Ost & Skinka: 1 | Pastasallad/Räkor: 1 | Sandwich/Kyckling Pestoröra: 1 | Varmrätt/Kycklingkebab med bulgur: 1 | Varmrätt/Teriyakikycklingfile med basmatiris: 1 | Wraps/Caesar Kyckling: 1 | Wraps/Kyckling Bacon: 1 | Wraps/Kyckling Curry: 1 | Wraps/Sweet Chili: 1
Stockholm Östra,Coop farsta strand,Sunday,29,20~42,20,Baguette/Ost & Skinka: 1 | Baguette/Salami & Brieost: 2 | Baguette/Skagen: 1 | Fralla/Ost & Skinka: 2 | Fralla/Ost: 1 | Grönsallad/Caesarsallad: 1 | Grönsallad/Kyckling: 1 | Hönökaka/Ost & Skinka: 1 | Hönökaka/Ost: 1 | Pastasallad/Kyckling & Salladsost: 1 | Pastasallad/Kyckling kebab: 1 | Pastasallad/Kyckling mangocurry: 1 | Pastasallad/Ost & Skinka: 1 | Pastasallad/Räkor: 1 | Sandwich/Bacon & Äggröra: 1 | Sandwich/Räkor: 1 | Wraps/Caesar Kyckling: 3 | Wraps/Kyckling Bacon: 2 | Wraps/Kyckling Curry: 3 | Wraps/Sweet Chili: 3
Stockholm Östra,Direkten Nacka strand,Sunday,11,0~11,11,Baguette/Salami & Brieost: 1 | Baguette/Skagen: 1 | Fralla/Ost & Skinka: 1 | Fralla/Ost: 1 | Hönökaka/Ost & Salami: 1 | Hönökaka/Ost & Skinka: 1 | Pastasallad/Kyckling & Salladsost: 1 | Wraps/Caesar Kyckling: 1 | Wraps/Kyckling Bacon: 1 | Wraps/Kyckling Curry: 1 | Wraps/Sweet Chili: 1
Stockholm Östra,ICA Hagsätra,Sunday,52,39~69,27,Baguette/Kyckling Curry: 1 | Baguette/Kycklingsallad Olivie: 2 | Baguette/Salami & Brieost: 2 | Baguette/Skagen: 2 | Fralla/Ost & Skinka: 4 | Fralla/Ost: 5 | Grönsallad/Kyckling: 1 | Hönökaka/Ost & Salami: 1 | Hönökaka/Ost & Skinka: 3 | Hönökaka/Ost: 2 | Pastasallad/Bacon & Kyckling: 2 | Pastasallad/Falafel: 1 | Pastasallad/Kyckling & Salladsost: 3 | Pastasallad/Kyckling kebab: 2 | Pastasallad/Kyckling mangocurry: 3 | Pastasallad/Ost & Skinka: 1 | Pastasallad/Räkor: 2 | Räkmacka Liten/Räkmacka liten: 1 | Sandwich/Räkor: 1 | Wraps/Caesar Kyckling: 1 | Wraps/Kyckling Bacon: 2 | Wraps/Kyckling Curry: 1 | Wraps/Kycklingsallad Olivie: 1 | Wraps/Sweet Chili: 2 | Wraps/Wrap Curry Oumph!: 2 | XL Frallor/Ost & Skinka: 2 | XL Frallor/Ost: 2
Stockholm Östra,ICA Nära Stuvsta,Sunday,6,0~6,6,Fralla/Ost & Skinka: 1 | Fralla/Ost: 1 | Räkmacka Liten/Räkmacka liten: 1 | Wraps/Kyckling Bacon: 1 | Wraps/Kyckling Curry: 1 | XL Frallor/Ost & Skinka: 1
Stockholm Östra,ICA Supermarket Högdalen,Sunday,64,53~83,26,Baguette/Kyckling Sweet Chili: 1 | Baguette/Kycklingsallad Olivie: 1 | Baguette/Ost & Skinka: 2 | Baguette/Salami & Brieost: 2 | Baguette/Skagen: 2 | Fralla/Ost & Skinka: 2 | Fralla/Ost: 4 | Pastasallad/Bacon & Kyckling: 2 | Pastasallad/Kyckling & Salladsost: 4 | Pastasallad/Kyckling kebab: 2 | Pastasallad/Kyckling mangocurry: 6 | Pastasallad/Ost & Skinka: 2 | Pastasallad/Räkor: 4 | Sandwich/Bacon & Äggröra: 3 | Sandwich/Clubsandwich: 1 | Sandwich/Kyckling Curry: 2 | Sandwich/Kyckling Pestoröra: 2 | Sandwich/Räkor: 2 | Sandwich/Ägg & Avocadokräm: 1 | Varmrätt/Falafel med bulgur: 1 | Varmrätt/Kycklingspett med ris: 1 | Varmrätt/Teriyakikycklingfile med basmatiris: 1 | Wraps/Caesar Kyckling: 4 | Wraps/Kyckling Bacon: 4 | Wraps/Kyckling Curry: 4 | Wraps/Sweet Chili: 4
Stockholm Östra,ICA kvantum Täby,Sunday,9,5~13,8,Pastasallad/Kyckling & Salladsost: 1 | Pastasallad/Kyckling mangocurry: 2 | Pastasallad/Ost & Skinka: 1 | Pastasallad/Räkor: 1 | Wraps/Caesar Kyckling: 1 | Wraps/Kyckling Bacon: 1 | Wraps/Kyckling Curry: 1 | Wraps/Sweet Chili: 1
Stockholm Östra,Mr Rabb,Sunday,56,49~68,9,Pastasallad/Falafel: 3 | Pastasallad/Kyckling & Salladsost: 8 | Pastasallad/Kyckling kebab: 6 | Pastasallad/Kyckling mangocurry: 10 | Sandwich/Kyckling Curry: 6 | Sandwich/Kyckling Pestoröra: 5 | Sandwich/Ägg & Avocadokräm: 2 | Wraps/Kyckling Curry: 8 | Wraps/Sweet Chili: 8
Stockholm Östra,Myway Gubbängen,Sunday,3,1~4,3,Baguette/Salami & Brieost: 1 | Fralla/Ost: 1 | Hönökaka/Ost: 1
Stockholm Östra,Coop Bagarmossen,Monday,3,0~3,3,Hönökaka/Ost & Skinka: 1 | Hönökaka/Ost: 1 | Wraps/Kyckling Bacon: 1
Stockholm Östra,Coop Björkhagen,Monday,1,1~1,1,Wraps/Kyckling Bacon: 1
Stockholm Östra,Coop GUBBÄNGEN,Monday,13,10~13,12,Fralla/Ost & Skinka: 1 | Fralla/Ost: 1 | Hönökaka/Ost & Salami: 1 | Hönökaka/Ost & Skinka: 1 | Pastasallad/Bacon & Kyckling: 1 | Pastasallad/Kyckling & Salladsost: 1 | Pastasallad/Kyckling mangocurry: 2 | Pastasallad/Ost & Skinka: 1 | Wraps/Kyckling Bacon: 1 | Wraps/Sweet Chili: 1 | Wraps/Wrap Curry Oumph!: 1 | XL Frallor/Ost & Skinka: 1
Stockholm Östra,Coop Hammarby Sjöstad,Monday,14,8~14,14,Baguette/Skagen: 1 | Fralla/Ost & Skinka: 1 | Fralla/Ost: 1 | Hönökaka/Ost & Salami: 1 | Pastasallad/Bacon & Kyckling: 1 | Pastasallad/Kyckling & Salladsost: 1 | Pastasallad/Kyckling mangocurry: 1 | Sandwich/Bacon & Äggröra: 1 | Sandwich/Kyckling Curry: 1 | Wraps/Caesar Kyckling: 1 | Wraps/Kyckling Bacon: 1 | Wraps/Kyckling Curry: 1 | Wraps/Sweet Chili: 1 | XL Frallor/Ost & Skinka: 1
Stockholm Östra,Coop Huddinge,Monday,8,3~9,8,Baguette/Salami & Brieost: 1 | Fralla/Ost & Skinka: 1 | Fralla/Ost: 1 | Hönökaka/Ost & Skinka: 1 | Hönökaka/Ost: 1 | Wraps/Caesar Kyckling: 1 | Wraps/Kyckling Bacon: 1 | Wraps/Kyckling Curry: 1
Stockholm Östra,Coop HÖGDALEN,Monday,14,12~18,12,Fralla/Ost & Skinka: 2 | Fralla/Ost: 1 | Hönökaka/Ost & Salami: 1 | Hönökaka/Ost & Skinka: 1 | Hönökaka/Ost: 2 | Pastasallad/Kyckling & Salladsost: 1 | Pastasallad/Kyckling mangocurry: 1 | Wraps/Caesar Kyckling: 1 | Wraps/Kyckling Bacon: 1 | Wraps/Sweet Chili: 1 | XL Frallor/Ost & Skinka: 1 | XL Frallor/Ost: 1
Stockholm Östra,Coop Skarpnäck,Monday,8,5~8,8,Fralla/Ost & Skinka: 1 | Hönökaka/Ost & Salami: 1 | Pastasallad/Kyckling & Salladsost: 1 | Pastasallad/Kyckling mangocurry: 1 | Pastasallad/Ost & Skinka: 1 | Wraps/Caesar Kyckling: 1 | Wraps/Kyckling Bacon: 1 | Wraps/Sweet Chili: 1
Stockholm Östra,Coop farsta strand,Monday,5,4~5,5,Fralla/Ost & Skinka: 1 | Wraps/Caesar Kyckling: 1 | Wraps/Kyckling Bacon: 1 | Wraps/Kyckling Curry: 1 | Wraps/Sweet Chili: 1
Stockholm Östra,ICA Hagsätra,Monday,11,6~12,10,Fralla/Ost & Skinka: 1 | Fralla/Ost: 2 | Hönökaka/Ost & Skinka: 1 | Pastasallad/Bacon & Kyckling: 1 | Pastasallad/Kyckling & Salladsost: 1 | Pastasallad/Kyckling kebab: 1 | Pastasallad/Kyckling mangocurry: 1 | Wraps/Kyckling Bacon: 1 | XL Frallor/Ost & Skinka: 1 | XL Frallor/Ost: 1
Stockholm Östra,ICA Supermarket Högdalen,Monday,18,11~24,16,Baguette/Salami & Brieost: 1 | Fralla/Ost & Skinka: 1 | Fralla/Ost: 1 | Pastasallad/Bacon & Kyckling: 1 | Pastasallad/Kyckling & Salladsost: 1 | Pastasallad/Kyckling kebab: 1 | Pastasallad/Kyckling mangocurry: 2 | Pastasallad/Ost & Skinka: 1 | Pastasallad/Räkor: 1 | Sandwich/Bacon & Äggröra: 1 | Sandwich/Kyckling Curry: 1 | Sandwich/Kyckling Pestoröra: 1 | Wraps/Caesar Kyckling: 2 | Wraps/Kyckling Bacon: 1 | Wraps/Kyckling Curry: 1 | Wraps/Sweet Chili: 1
Stockholm Östra,Mr Rabb,Monday,21,15~22,9,Pastasallad/Falafel: 1 | Pastasallad/Kyckling & Salladsost: 3 | Pastasallad/Kyckling kebab: 2 | Pastasallad/Kyckling mangocurry: 4 | Sandwich/Kyckling Curry: 2 | Sandwich/Kyckling Pestoröra: 2 | Sandwich/Ägg & Avocadokräm: 1 | Wraps/Kyckling Curry: 3 | Wraps/Sweet Chili: 3
Stockholm Östra,Coop Bagarmossen,Tuesday,17,11~21,15,Baguette/Salami & Brieost: 1 | Baguette/Skagen: 1 | Fralla/Ost & Skinka: 1 | Fralla/Ost: 1 | Hönökaka/Ost & Skinka: 1 | Hönökaka/Ost: 2 | Pastasallad/Kyckling mangocurry: 1 | Pastasallad/Ost & Skinka: 1 | Wraps/Caesar Kyckling: 1 | Wraps/Kyckling Bacon: 2 | Wraps/Kyckling Curry: 1 | Wraps/Sweet Chili: 1 | XL Frallor/Grovfralla Kalkon & Färskost: 1 | XL Frallor/Ost & Skinka: 1 | XL Frallor/Ost: 1
Stockholm Östra,Coop Björkhagen,Tuesday,17,10~19,16,Baguette/Kycklingsallad Olivie: 1 | Fralla/Ost & Skinka: 1 | Fralla/Ost: 1 | Hönökaka/Ost & Salami: 1 | Hönökaka/Ost & Skinka: 1 | Hönökaka/Ost: 1 | Pastasallad/Bacon & Kyckling: 1 | Pastasallad/Kyckling kebab: 1 | Pastasallad/Räkor: 1 | Wraps/Caesar Kyckling: 1 | Wraps/Kyckling Bacon: 2 | Wraps/Kyckling Curry: 1 | Wraps/Kycklingsallad Olivie: 1 | Wraps/Sweet Chili: 1 | Wraps/Wrap Curry Oumph!: 1 | XL Frallor/Ost & Skinka: 1
Stockholm Östra,Coop Farsta centrum,Tuesday,2,1~2,2,Baguette/Salami & Brieost: 1 | Baguette/Skagen: 1
Stockholm Östra,Coop GUBBÄNGEN,Tuesday,34,28~50,23,Baguette/Salami & Brieost: 1 | Fralla/Ost & Skinka: 2 | Fralla/Ost: 2 | Grönsallad/Kyckling: 1 | Hönökaka/Ost & Salami: 2 | Hönökaka/Ost & Skinka: 2 | Hönökaka/Ost: 1 | Pastasallad/Bacon & Kyckling: 2 | Pastasallad/Kyckling & Salladsost: 2 | Pastasallad/Kyckling mangocurry: 3 | Pastasallad/Ost & Skinka: 1 | Pastasallad/Räkor: 1 | Sandwich/Bacon & Äggröra: 1 | Sandwich/Kyckling Curry: 1 | Sandwich/Ägg & Avocadokräm: 1 | Wraps/Caesar Kyckling: 1 | Wraps/Kyckling Bacon: 2 | Wraps/Kyckling Curry: 1 | Wraps/Sweet Chili: 2 | Wraps/Wrap Curry Oumph!: 2 | XL Frallor/Grovfralla Kalkon & Färskost: 1 | XL Frallor/Ost & Skinka: 1 | XL Frallor/Ost: 1
Stockholm Östra,Coop Hammarby Sjöstad,Tuesday,35,26~47,22,Baguette/Ost & Skinka: 1 | Baguette/Salami & Brieost: 1 | Baguette/Skagen: 2 | Fralla/Ost & Skinka: 2 | Fralla/Ost: 2 | Hönökaka/Ost & Salami: 2 | Hönökaka/Ost & Skinka: 1 | Hönökaka/Ost: 1 | Pastasallad/Bacon & Kyckling: 2 | Pastasallad/Kyckling & Salladsost: 2 | Pastasallad/Kyckling mangocurry: 2 | Pastasallad/Ost & Skinka: 1 | Sandwich/Bacon & Äggröra: 1 | Sandwich/Kyckling Curry: 2 | Sandwich/Ägg & Avocadokräm: 1 | Wraps/Caesar Kyckling: 2 | Wraps/Kyckling Bacon: 2 | Wraps/Kyckling Curry: 2 | Wraps/Sweet Chili: 2 | Wraps/Wrap Curry Oumph!: 1 | XL Frallor/Ost & Skinka: 2 | XL Frallor/Ost: 1
Stockholm Östra,Coop Huddinge,Tuesday,25,14~31,17,Baguette/Kyckling Sweet Chili: 1 | Baguette/Salami & Brieost: 2 | Baguette/Skagen: 1 | Fralla/Ost & Skinka: 2 | Fralla/Ost: 1 | Glutenfri Frallor/Glutenfri Ost & Skinka(endast söndagsbeställning): 1 | Glutenfri Frallor/Glutenfri Ost(endast söndagsbeställning): 1 | Glutenfri Frallor/Glutenfri Pumpafralla Kalkon & Färskost(endast söndagsbeställning): 1 | Hönökaka/Ost & Salami: 1 | Hönökaka/Ost & Skinka: 2 | Hönökaka/Ost: 2 | Pastasallad/Kyckling mangocurry: 1 | Sandwich/Bacon & Äggröra: 1 | Wraps/Caesar Kyckling: 2 | Wraps/Kyckling Bacon: 2 | Wraps/Kyckling Curry: 3 | Wraps/Sweet Chili: 1
Stockholm Östra,Coop HÖGDALEN,Tuesday,35,26~44,16,Fralla/Ost & Skinka: 4 | Fralla/Ost: 3 | Hönökaka/Ost & Salami: 2 | Hönökaka/Ost & Skinka: 3 | Hönökaka/Ost: 3 | Pastasallad/Falafel: 1 | Pastasallad/Kyckling & Salladsost: 2 | Pastasallad/Kyckling mangocurry: 2 | Pastasallad/Räkor: 1 | Sandwich/Kyckling Pestoröra: 1 | Wraps/Caesar Kyckling: 2 | Wraps/Kyckling Bacon: 2 | Wraps/Sweet Chili: 2 | Wraps/Wrap Curry Oumph!: 1 | XL Frallor/Ost & Skinka: 3 | XL Frallor/Ost: 3
Stockholm Östra,Coop Skarpnäck,Tuesday,28,19~32,20,Baguette/Salami & Brieost: 1 | Baguette/Skagen: 1 | Fralla/Ost & Skinka: 2 | Fralla/Ost: 1 | Hönökaka/Ost & Salami: 2 | Hönökaka/Ost: 1 | Pastasallad/Bacon & Kyckling: 1 | Pastasallad/Kyckling & Salladsost: 2 | Pastasallad/Kyckling mangocurry: 2 | Pastasallad/Ost & Skinka: 2 | Pastasallad/Räkor: 1 | Sandwich/Räkor: 1 | Sandwich/Ägg & Avocadokräm: 1 | Wraps/Caesar Kyckling: 2 | Wraps/Kyckling Bacon: 2 | Wraps/Kyckling Curry: 1 | Wraps/Sweet Chili: 2 | Wraps/Wrap Curry Oumph!: 1 | XL Frallor/Grovfralla Kalkon & Färskost: 1 | XL Frallor/Ost & Skinka: 1
Stockholm Östra,Coop Stuvsta,Tuesday,5,0~5,5,Baguette/Skagen: 1 | Fralla/Ost & Skinka: 1 | Hönökaka/Ost & Salami: 1 | Pastasallad/Kyckling & Salladsost: 1 | Wraps/Kyckling Curry: 1
Stockholm Östra,Coop farsta strand,Tuesday,19,11~24,15,Baguette/Ost & Skinka: 1 | Baguette/Salami & Brieost: 1 | Baguette/Skagen: 1 | Fralla/Ost & Skinka: 1 | Fralla/Ost: 1 | Hönökaka/Ost: 1 | Pastasallad/Kyckling & Salladsost: 1 | Pastasallad/Kyckling kebab: 1 | Pastasallad/Kyckling mangocurry: 1 | Pastasallad/Ost & Skinka: 1 | Pastasallad/Räkor: 1 | Wraps/Caesar Kyckling: 2 | Wraps/Kyckling Bacon: 2 | Wraps/Kyckling Curry: 2 | Wraps/Sweet Chili: 2
Stockholm Östra,ICA Hagsätra,Tuesday,36,27~49,24,Baguette/Kycklingsallad Olivie: 1 | Baguette/Salami & Brieost: 1 | Baguette/Skagen: 1 | Fralla/Ost & Skinka: 3 | Fralla/Ost: 4 | Grönsallad/Kyckling: 1 | Hönökaka/Ost & Skinka: 2 | Hönökaka/Ost: 1 | Pastasallad/Bacon & Kyckling: 2 | Pastasallad/Falafel: 1 | Pastasallad/Kyckling & Salladsost: 2 | Pastasallad/Kyckling kebab: 2 | Pastasallad/Kyckling mangocurry: 2 | Pastasallad/Ost & Skinka: 1 | Pastasallad/Räkor: 1 | Räkmacka Liten/Räkmacka liten: 1 | Sandwich/Räkor: 1 | Wraps/Kyckling Bacon: 2 | Wraps/Kyckling Curry: 1 | Wraps/Kycklingsallad Olivie: 1 | Wraps/Sweet Chili: 1 | Wraps/Wrap Curry Oumph!: 1 | XL Frallor/Ost & Skinka: 1 | XL Frallor/Ost: 2
Stockholm Östra,ICA Supermarket Högdalen,Tuesday,49,31~60,26,Baguette/Kyckling Sweet Chili: 1 | Baguette/Kycklingsallad Olivie: 1 | Baguette/Ost & Skinka: 1 | Baguette/Salami & Brieost: 1 | Baguette/Skagen: 1 | Fralla/Ost & Skinka: 2 | Fralla/Ost: 3 | Pastasallad/Bacon & Kyckling: 1 | Pastasallad/Kyckling & Salladsost: 3 | Pastasallad/Kyckling kebab: 2 | Pastasallad/Kyckling mangocurry: 4 | Pastasallad/Ost & Skinka: 2 | Pastasallad/Räkor: 3 | Sandwich/Bacon & Äggröra: 2 | Sandwich/Clubsandwich: 1 | Sandwich/Kyckling Curry: 2 | Sandwich/Kyckling Pestoröra: 2 | Sandwich/Räkor: 1 | Sandwich/Ägg & Avocadokräm: 1 | Varmrätt/Falafel med bulgur: 1 | Varmrätt/Kycklingspett med ris: 1 | Varmrätt/Teriyakikycklingfile med basmatiris: 1 | Wraps/Caesar Kyckling: 3 | Wraps/Kyckling Bacon: 3 | Wraps/Kyckling Curry: 3 | Wraps/Sweet Chili: 3
Stockholm Östra,ICA kvantum Täby,Tuesday,5,1~6,5,Pastasallad/Kyckling & Salladsost: 1 | Pastasallad/Kyckling mangocurry: 1 | Pastasallad/Räkor: 1 | Wraps/Caesar Kyckling: 1 | Wraps/Kyckling Curry: 1
Stockholm Östra,Mr Rabb,Tuesday,43,35~50,9,Pastasallad/Falafel: 2 | Pastasallad/Kyckling & Salladsost: 6 | Pastasallad/Kyckling kebab: 5 | Pastasallad/Kyckling mangocurry: 8 | Sandwich/Kyckling Curry: 4 | Sandwich/Kyckling Pestoröra: 4 | Sandwich/Ägg & Avocadokräm: 2 | Wraps/Kyckling Curry: 6 | Wraps/Sweet Chili: 6
Stockholm Östra,Myway Gubbängen,Tuesday,1,0~1,1,Fralla/Ost: 1
Stockholm Östra,Coop Bagarmossen,Wednesday,2,0~2,2,Hönökaka/Ost: 1 | Wraps/Kyckling Bacon: 1
Stockholm Östra,Coop Björkhagen,Wednesday,1,0~1,1,Wraps/Kyckling Bacon: 1
Stockholm Östra,Coop GUBBÄNGEN,Wednesday,10,9~11,10,Fralla/Ost & Skinka: 1 | Fralla/Ost: 1 | Hönökaka/Ost & Salami: 1 | Hönökaka/Ost & Skinka: 1 | Pastasallad/Bacon & Kyckling: 1 | Pastasallad/Kyckling & Salladsost: 1 | Pastasallad/Kyckling mangocurry: 1 | Wraps/Kyckling Bacon: 1 | Wraps/Sweet Chili: 1 | Wraps/Wrap Curry Oumph!: 1
Stockholm Östra,Coop Hammarby Sjöstad,Wednesday,13,6~13,13,Baguette/Skagen: 1 | Fralla/Ost & Skinka: 1 | Fralla/Ost: 1 | Hönökaka/Ost & Salami: 1 | Pastasallad/Bacon & Kyckling: 1 | Pastasallad/Kyckling & Salladsost: 1 | Pastasallad/Kyckling mangocurry: 1 | Sandwich/Kyckling Curry: 1 | Wraps/Caesar Kyckling: 1 | Wraps/Kyckling Bacon: 1 | Wraps/Kyckling Curry: 1 | Wraps/Sweet Chili: 1 | XL Frallor/Ost & Skinka: 1
Stockholm Östra,Coop Huddinge,Wednesday,7,3~7,7,Baguette/Salami & Brieost: 1 | Fralla/Ost & Skinka: 1 | Hönökaka/Ost & Skinka: 1 | Hönökaka/Ost: 1 | Wraps/Caesar Kyckling: 1 | Wraps/Kyckling Bacon: 1 | Wraps/Kyckling Curry: 1
Stockholm Östra,Coop HÖGDALEN,Wednesday,12,10~14,12,Fralla/Ost & Skinka: 1 | Fralla/Ost: 1 | Hönökaka/Ost & Salami: 1 | Hönökaka/Ost & Skinka: 1 | Hönökaka/Ost: 1 | Pastasallad/Kyckling & Salladsost: 1 | Pastasallad/Kyckling mangocurry: 1 | Wraps/Caesar Kyckling: 1 | Wraps/Kyckling Bacon: 1 | Wraps/Sweet Chili: 1 | XL Frallor/Ost & Skinka: 1 | XL Frallor/Ost: 1
Stockholm Östra,Coop Skarpnäck,Wednesday,8,3~8,8,Fralla/Ost & Skinka: 1 | Hönökaka/Ost & Salami: 1 | Pastasallad/Kyckling & Salladsost: 1 | Pastasallad/Kyckling mangocurry: 1 | Pastasallad/Ost & Skinka: 1 | Wraps/Caesar Kyckling: 1 | Wraps/Kyckling Bacon: 1 | Wraps/Sweet Chili: 1
Stockholm Östra,Coop farsta strand,Wednesday,4,3~4,4,Wraps/Caesar Kyckling: 1 | Wraps/Kyckling Bacon: 1 | Wraps/Kyckling Curry: 1 | Wraps/Sweet Chili: 1
Stockholm Östra,ICA Hagsätra,Wednesday,9,5~10,9,Fralla/Ost & Skinka: 1 | Fralla/Ost: 1 | Hönökaka/Ost & Skinka: 1 | Pastasallad/Bacon & Kyckling: 1 | Pastasallad/Kyckling & Salladsost: 1 | Pastasallad/Kyckling kebab: 1 | Pastasallad/Kyckling mangocurry: 1 | Wraps/Kyckling Bacon: 1 | XL Frallor/Ost: 1
Stockholm Östra,ICA Supermarket Högdalen,Wednesday,15,9~16,14,Fralla/Ost & Skinka: 1 | Fralla/Ost: 1 | Pastasallad/Kyckling & Salladsost: 1 | Pastasallad/Kyckling kebab: 1 | Pastasallad/Kyckling mangocurry: 2 | Pastasallad/Ost & Skinka: 1 | Pastasallad/Räkor: 1 | Sandwich/Bacon & Äggröra: 1 | Sandwich/Kyckling Curry: 1 | Sandwich/Kyckling Pestoröra: 1 | Wraps/Caesar Kyckling: 1 | Wraps/Kyckling Bacon: 1 | Wraps/Kyckling Curry: 1 | Wraps/Sweet Chili: 1
Stockholm Östra,Mr Rabb,Wednesday,16,12~17,9,Pastasallad/Falafel: 1 | Pastasallad/Kyckling & Salladsost: 2 | Pastasallad/Kyckling kebab: 2 | Pastasallad/Kyckling mangocurry: 3 | Sandwich/Kyckling Curry: 2 | Sandwich/Kyckling Pestoröra: 1 | Sandwich/Ägg & Avocadokräm: 1 | Wraps/Kyckling Curry: 2 | Wraps/Sweet Chili: 2
Stockholm Östra,Coop Bagarmossen,Thursday,33,23~40,24,Baguette/Kyckling Curry: 1 | Baguette/Salami & Brieost: 1 | Baguette/Skagen: 1 | Fralla/Ost & Skinka: 2 | Fralla/Ost: 2 | Grönsallad/Kyckling: 1 | Hönökaka/Ost & Skinka: 2 | Hönökaka/Ost: 1 | Pastasallad/Kyckling mangocurry: 2 | Pastasallad/Ost & Skinka: 2 | Pastasallad/Räkor: 1 | Sandwich/Clubsandwich: 1 | Sandwich/Kyckling Curry: 1 | Sandwich/Ägg & Avocadokräm: 1 | Varmrätt/Cevapcici med bulgur: 1 | Varmrätt/Kycklingspett med ris: 1 | Wraps/Caesar Kyckling: 2 | Wraps/Kyckling Bacon: 1 | Wraps/Kyckling Curry: 2 | Wraps/Sweet Chili: 2 | Wraps/Wrap Curry Oumph!: 1 | XL Frallor/Grovfralla Kalkon & Färskost: 1 | XL Frallor/Ost & Skinka: 1 | XL Frallor/Ost: 2
Stockholm Östra,Coop Björkhagen,Thursday,31,23~41,21,Baguette/Kycklingsallad Olivie: 1 | Fralla/Ost & Skinka: 2 | Fralla/Ost: 2 | Hönökaka/Ost & Salami: 2 | Hönökaka/Ost & Skinka: 2 | Hönökaka/Ost: 2 | Pastasallad/Bacon & Kyckling: 2 | Pastasallad/Kyckling & Salladsost: 1 | Pastasallad/Kyckling kebab: 1 | Pastasallad/Kyckling mangocurry: 1 | Pastasallad/Räkor: 1 | Sandwich/Räkor: 1 | Sandwich/Ägg & Avocadokräm: 1 | Wraps/Caesar Kyckling: 2 | Wraps/Kyckling Bacon: 2 | Wraps/Kyckling Curry: 1 | Wraps/Kycklingsallad Olivie: 1 | Wraps/Sweet Chili: 1 | Wraps/Wrap Curry Oumph!: 2 | XL Frallor/Ost & Skinka: 2 | XL Frallor/Ost: 1
Stockholm Östra,Coop Farsta centrum,Thursday,3,2~4,2,Baguette/Salami & Brieost: 1 | Baguette/Skagen: 2
Stockholm Östra,Coop GUBBÄNGEN,Thursday,53,39~65,26,Baguette/Kyckling Sweet Chili: 1 | Baguette/Salami & Brieost: 2 | Fralla/Ost & Skinka: 4 | Fralla/Ost: 3 | Grönsallad/Kyckling: 1 | Hönökaka/Ost & Salami: 2 | Hönökaka/Ost & Skinka: 2 | Hönökaka/Ost: 2 | Pastasallad/Bacon & Kyckling: 4 | Pastasallad/Falafel: 1 | Pastasallad/Kyckling & Salladsost: 2 | Pastasallad/Kyckling mangocurry: 5 | Pastasallad/Ost & Skinka: 2 | Pastasallad/Räkor: 1 | Sandwich/Bacon & Äggröra: 1 | Sandwich/Kyckling Curry: 2 | Sandwich/Räkor: 1 | Sandwich/Ägg & Avocadokräm: 1 | Wraps/Caesar Kyckling: 2 | Wraps/Kyckling Bacon: 2 | Wraps/Kyckling Curry: 2 | Wraps/Sweet Chili: 3 | Wraps/Wrap Curry Oumph!: 2 | XL Frallor/Grovfralla Kalkon & Färskost: 1 | XL Frallor/Ost & Skinka: 2 | XL Frallor/Ost: 2
Stockholm Östra,Coop Hammarby Sjöstad,Thursday,42,39~59,22,Baguette/Ost & Skinka: 2 | Baguette/Salami & Brieost: 1 | Baguette/Skagen: 2 | Fralla/Ost & Skinka: 4 | Fralla/Ost: 3 | Hönökaka/Ost & Salami: 2 | Hönökaka/Ost & Skinka: 2 | Hönökaka/Ost: 2 | Pastasallad/Bacon & Kyckling: 1 | Pastasallad/Kyckling & Salladsost: 1 | Pastasallad/Kyckling mangocurry: 3 | Pastasallad/Ost & Skinka: 2 | Sandwich/Bacon & Äggröra: 2 | Sandwich/Kyckling Curry: 1 | Sandwich/Ägg & Avocadokräm: 1 | Wraps/Caesar Kyckling: 1 | Wraps/Kyckling Bacon: 3 | Wraps/Kyckling Curry: 2 | Wraps/Sweet Chili: 2 | Wraps/Wrap Curry Oumph!: 2 | XL Frallor/Ost & Skinka: 1 | XL Frallor/Ost: 2
Stockholm Östra,Coop Huddinge,Thursday,31,30~47,18,Baguette/Kyckling Sweet Chili: 2 | Baguette/Salami & Brieost: 1 | Baguette/Skagen: 2 | Fralla/Ost & Skinka: 1 | Fralla/Ost: 2 | Glutenfri Frallor/Glutenfri Ost & Skinka(endast söndagsbeställning): 1 | Glutenfri Frallor/Glutenfri Ost(endast söndagsbeställning): 1 | Glutenfri Frallor/Glutenfri Pumpafralla Kalkon & Färskost(endast söndagsbeställning): 1 | Hönökaka/Ost & Salami: 1 | Hönökaka/Ost & Skinka: 1 | Hönökaka/Ost: 3 | Pastasallad/Kyckling & Salladsost: 1 | Pastasallad/Kyckling mangocurry: 1 | Sandwich/Bacon & Äggröra: 1 | Wraps/Caesar Kyckling: 1 | Wraps/Kyckling Bacon: 4 | Wraps/Kyckling Curry: 5 | Wraps/Sweet Chili: 2
Stockholm Östra,Coop HÖGDALEN,Thursday,50,41~67,19,Baguette/Kyckling Sweet Chili: 1 | Baguette/Ost & Skinka: 1 | Fralla/Ost & Skinka: 5 | Fralla/Ost: 4 | Hönökaka/Ost & Salami: 4 | Hönökaka/Ost & Skinka: 4 | Hönökaka/Ost: 5 | Pastasallad/Falafel: 1 | Pastasallad/Kyckling & Salladsost: 3 | Pastasallad/Kyckling mangocurry: 2 | Pastasallad/Räkor: 2 | Sandwich/Kyckling Pestoröra: 1 | Wraps/Caesar Kyckling: 2 | Wraps/Kyckling Bacon: 2 | Wraps/Kyckling Curry: 1 | Wraps/Sweet Chili: 4 | Wraps/Wrap Curry Oumph!: 2 | XL Frallor/Ost & Skinka: 3 | XL Frallor/Ost: 3
Stockholm Östra,Coop Skarpnäck,Thursday,42,32~62,25,Baguette/Kyckling Curry: 1 | Baguette/Salami & Brieost: 1 | Baguette/Skagen: 2 | Fralla/Ost & Skinka: 2 | Fralla/Ost: 2 | Grönsallad/Caesarsallad: 1 | Hönökaka/Ost & Salami: 1 | Hönökaka/Ost & Skinka: 1 | Hönökaka/Ost: 2 | Pastasallad/Bacon & Kyckling: 1 | Pastasallad/Kyckling & Salladsost: 2 | Pastasallad/Kyckling mangocurry: 4 | Pastasallad/Ost & Skinka: 1 | Pastasallad/Räkor: 2 | Sandwich/Clubsandwich: 1 | Sandwich/Räkor: 2 | Sandwich/Ägg & Avocadokräm: 2 | Wraps/Caesar Kyckling: 2 | Wraps/Kyckling Bacon: 4 | Wraps/Kyckling Curry: 2 | Wraps/Sweet Chili: 1 | Wraps/Wrap Curry Oumph!: 2 | XL Frallor/Grovfralla Kalkon & Färskost: 1 | XL Frallor/Ost & Skinka: 1 | XL Frallor/Ost: 1
Stockholm Östra,Coop Stuvsta,Thursday,18,16~34,18,Baguette/Skagen: 1 | Fralla/Ost & Skinka: 1 | Fralla/Ost: 1 | Hönökaka/Ost & Salami: 1 | Hönökaka/Ost & Skinka: 1 | Pastasallad/Kyckling & Salladsost: 1 | Pastasallad/Kyckling kebab: 1 | Pastasallad/Kyckling mangocurry: 1 | Pastasallad/Ost & Skinka: 1 | Pastasallad/Räkor: 1 | Sandwich/Kyckling Pestoröra: 1 | Varmrätt/Kycklingkebab med bulgur: 1 | Varmrätt/Kycklingspett med ris: 1 | Varmrätt/Teriyakikycklingfile med basmatiris: 1 | Wraps/Caesar Kyckling: 1 | Wraps/Kyckling Bacon: 1 | Wraps/Kyckling Curry: 1 | Wraps/Sweet Chili: 1
Stockholm Östra,Coop farsta strand,Thursday,28,23~44,20,Baguette/Ost & Skinka: 2 | Baguette/Salami & Brieost: 2 | Baguette/Skagen: 1 | Fralla/Ost & Skinka: 2 | Fralla/Ost: 1 | Grönsallad/Caesarsallad: 1 | Grönsallad/Kyckling: 1 | Hönökaka/Ost & Skinka: 1 | Hönökaka/Ost: 1 | Pastasallad/Kyckling & Salladsost: 1 | Pastasallad/Kyckling kebab: 2 | Pastasallad/Kyckling mangocurry: 1 | Pastasallad/Ost & Skinka: 1 | Pastasallad/Räkor: 1 | Sandwich/Bacon & Äggröra: 1 | Sandwich/Räkor: 1 | Wraps/Caesar Kyckling: 2 | Wraps/Kyckling Bacon: 2 | Wraps/Kyckling Curry: 2 | Wraps/Sweet Chili: 2
Stockholm Östra,Direkten Nacka strand,Thursday,15,11~26,15,Baguette/Salami & Brieost: 1 | Baguette/Skagen: 1 | Fralla/Ost & Skinka: 1 | Fralla/Ost: 1 | Hönökaka/Ost & Salami: 1 | Hönökaka/Ost & Skinka: 1 | Pastasallad/Kyckling & Salladsost: 1 | Pastasallad/Kyckling mangocurry: 1 | Pastasallad/Räkor: 1 | Sandwich/Kyckling Curry: 1 | Sandwich/Ägg & Avocadokräm: 1 | Wraps/Caesar Kyckling: 1 | Wraps/Kyckling Bacon: 1 | Wraps/Kyckling Curry: 1 | Wraps/Sweet Chili: 1
Stockholm Östra,ICA Hagsätra,Thursday,57,49~68,28,Baguette/Kyckling Curry: 1 | Baguette/Kycklingsallad Olivie: 2 | Baguette/Ost & Skinka: 1 | Baguette/Salami & Brieost: 2 | Baguette/Skagen: 2 | Fralla/Ost & Skinka: 5 | Fralla/Ost: 6 | Grönsallad/Kyckling: 1 | Hönökaka/Ost & Salami: 1 | Hönökaka/Ost & Skinka: 3 | Hönökaka/Ost: 2 | Pastasallad/Bacon & Kyckling: 1 | Pastasallad/Falafel: 2 | Pastasallad/Kyckling & Salladsost: 4 | Pastasallad/Kyckling kebab: 1 | Pastasallad/Kyckling mangocurry: 4 | Pastasallad/Ost & Skinka: 1 | Pastasallad/Räkor: 2 | Räkmacka Liten/Räkmacka liten: 2 | Sandwich/Räkor: 1 | Wraps/Caesar Kyckling: 1 | Wraps/Kyckling Bacon: 1 | Wraps/Kyckling Curry: 2 | Wraps/Kycklingsallad Olivie: 2 | Wraps/Sweet Chili: 2 | Wraps/Wrap Curry Oumph!: 2 | XL Frallor/Ost & Skinka: 2 | XL Frallor/Ost: 1
Stockholm Östra,ICA Nära Stuvsta,Thursday,7,6~13,7,Blandstubbe/Blandstubbe: 1 | Fralla/Ost & Skinka: 1 | Fralla/Ost: 1 | Räkmacka Liten/Räkmacka liten: 1 | Wraps/Kyckling Bacon: 1 | Wraps/Kyckling Curry: 1 | XL Frallor/Ost & Skinka: 1
Stockholm Östra,ICA Supermarket Högdalen,Thursday,62,57~87,29,Baguette/Kyckling Curry: 1 | Baguette/Kyckling Sweet Chili: 1 | Baguette/Kycklingsallad Olivie: 1 | Baguette/Ost & Skinka: 2 | Baguette/Salami & Brieost: 2 | Baguette/Skagen: 2 | Fralla/Ost & Skinka: 1 | Fralla/Ost: 3 | Pastasallad/Bacon & Kyckling: 2 | Pastasallad/Kyckling & Salladsost: 5 | Pastasallad/Kyckling kebab: 1 | Pastasallad/Kyckling mangocurry: 5 | Pastasallad/Ost & Skinka: 1 | Pastasallad/Räkor: 3 | Sandwich/Bacon & Äggröra: 3 | Sandwich/Clubsandwich: 1 | Sandwich/Kyckling Curry: 1 | Sandwich/Kyckling Pestoröra: 2 | Sandwich/Räkor: 2 | Sandwich/Ägg & Avocadokräm: 1 | Varmrätt/Cevapcici med bulgur: 1 | Varmrätt/Falafel med bulgur: 1 | Varmrätt/Kycklingspett med ris: 1 | Varmrätt/Teriyakibiff med ris: 1 | Varmrätt/Teriyakikycklingfile med basmatiris: 1 | Wraps/Caesar Kyckling: 5 | Wraps/Kyckling Bacon: 3 | Wraps/Kyckling Curry: 5 | Wraps/Sweet Chili: 4
Stockholm Östra,ICA kvantum Täby,Thursday,10,9~16,9,Pastasallad/Kyckling & Salladsost: 1 | Pastasallad/Kyckling mangocurry: 2 | Pastasallad/Ost & Skinka: 1 | Pastasallad/Räkor: 1 | Wraps/Caesar Kyckling: 1 | Wraps/Kyckling Bacon: 1 | Wraps/Kyckling Curry: 1 | Wraps/Kycklingsallad Olivie: 1 | Wraps/Sweet Chili: 1
Stockholm Östra,Mr Rabb,Thursday,51,44~71,9,Pastasallad/Falafel: 4 | Pastasallad/Kyckling & Salladsost: 7 | Pastasallad/Kyckling kebab: 6 | Pastasallad/Kyckling mangocurry: 10 | Sandwich/Kyckling Curry: 5 | Sandwich/Kyckling Pestoröra: 4 | Sandwich/Ägg & Avocadokräm: 1 | Wraps/Kyckling Curry: 7 | Wraps/Sweet Chili: 7
Stockholm Östra,Myway Gubbängen,Thursday,3,3~6,3,Baguette/Salami & Brieost: 1 | Fralla/Ost: 1 | Hönökaka/Ost: 1
Uppsala Rutt,Coop Ekeby,Sunday,41,30~58,26,Baguette/Kyckling Curry: 2 | Baguette/Ost & Skinka: 1 | Baguette/Salami & Brieost: 1 | Baguette/Skagen: 2 | Fralla/Ost & Skinka: 3 | Fralla/Ost: 2 | Hönökaka/Ost & Salami: 1 | Hönökaka/Ost & Skinka: 1 | Hönökaka/Ost: 1 | Pastasallad/Bacon & Kyckling: 1 | Pastasallad/Kyckling & Salladsost: 3 | Pastasallad/Kyckling mangocurry: 3 | Pastasallad/Ost & Skinka: 1 | Pastasallad/Räkor: 3 | Sandwich/Bacon & Äggröra: 1 | Sandwich/Clubsandwich: 2 | Sandwich/Kyckling Curry: 1 | Sandwich/Kyckling Pestoröra: 1 | Sandwich/Räkor: 2 | Sandwich/Ägg & Avocadokräm: 1 | Wraps/Caesar Kyckling: 2 | Wraps/Kyckling Bacon: 1 | Wraps/Kyckling Curry: 2 | Wraps/Sweet Chili: 1 | Wraps/Wrap Curry Oumph!: 1 | XL Frallor/Ost & Skinka: 1
Uppsala Rutt,Coop Luthagen,Sunday,41,29~57,27,Baguette/Kyckling Curry: 1 | Baguette/Kyckling Sweet Chili: 1 | Baguette/Ost & Skinka: 1 | Baguette/Salami & Brieost: 2 | Baguette/Skagen: 2 | Fralla/Ost & Skinka: 3 | Fralla/Ost: 2 | Hönökaka/Ost & Skinka: 2 | Hönökaka/Ost: 2 | Pastasallad/Bacon & Kyckling: 1 | Pastasallad/Kyckling & Salladsost: 1 | Pastasallad/Kyckling mangocurry: 2 | Pastasallad/Ost & Skinka: 1 | Pastasallad/Räkor: 2 | Sandwich/Bacon & Äggröra: 1 | Sandwich/Clubsandwich: 1 | Sandwich/Kyckling Curry: 2 | Sandwich/Räkor: 1 | Sandwich/Ägg & Avocadokräm: 1 | Wraps/Caesar Kyckling: 2 | Wraps/Kyckling Bacon: 2 | Wraps/Kyckling Curry: 2 | Wraps/Sweet Chili: 2 | Wraps/Wrap Curry Oumph!: 1 | XL Frallor/Grovfralla Kalkon & Färskost: 1 | XL Frallor/Ost & Skinka: 1 | XL Frallor/Ost: 1
Uppsala Rutt,Coop Stationsgallerian,Sunday,158,129~197,32,Baguette/Kyckling Curry: 4 | Baguette/Kyckling Sweet Chili: 3 | Baguette/Ost & Skinka: 3 | Baguette/Salami & Brieost: 4 | Baguette/Skagen: 7 | Fralla/Ost & Skinka: 18 | Fralla/Ost: 12 | Hönökaka/Ost & Salami: 6 | Hönökaka/Ost & Skinka: 7 | Hönökaka/Ost: 7 | Pastasallad/Bacon & Kyckling: 4 | Pastasallad/Kyckling & Salladsost: 4 | Pastasallad/Kyckling mangocurry: 4 | Pastasallad/Ost & Skinka: 1 | Pastasallad/Räkor: 3 | Sandwich/Bacon & Äggröra: 5 | Sandwich/Clubsandwich: 4 | Sandwich/Kyckling Curry: 4 | Sandwich/Kyckling Pestoröra: 3 | Sandwich/Räkor: 4 | Sandwich/Ägg & Avocadokräm: 3 | Varmrätt/Cevapcici med bulgur: 1 | Varmrätt/Teriyakibiff med ris: 1 | Wraps/Caesar Kyckling: 6 | Wraps/Kyckling Bacon: 10 | Wraps/Kyckling Curry: 10 | Wraps/Kycklingsallad Olivie: 1 | Wraps/Sweet Chili: 6 | Wraps/Wrap Curry Oumph!: 1 | XL Frallor/Grovfralla Kalkon & Färskost: 3 | XL Frallor/Ost & Skinka: 6 | XL Frallor/Ost: 3
Uppsala Rutt,Coop Storvreta,Sunday,46,36~59,25,Baguette/Kyckling Curry: 1 | Baguette/Ost & Skinka: 2 | Baguette/Salami & Brieost: 1 | Baguette/Skagen: 2 | Fralla/Ost & Skinka: 3 | Fralla/Ost: 3 | Grönsallad/Caesarsallad: 1 | Hönökaka/Ost & Salami: 2 | Hönökaka/Ost & Skinka: 2 | Hönökaka/Ost: 1 | Pastasallad/Bacon & Kyckling: 1 | Pastasallad/Kyckling & Salladsost: 4 | Pastasallad/Kyckling mangocurry: 4 | Pastasallad/Ost & Skinka: 1 | Pastasallad/Räkor: 2 | Sandwich/Clubsandwich: 2 | Sandwich/Kyckling Curry: 1 | Sandwich/Räkor: 2 | Sandwich/Ägg & Avocadokräm: 1 | Wraps/Caesar Kyckling: 2 | Wraps/Kyckling Bacon: 2 | Wraps/Kyckling Curry: 2 | Wraps/Sweet Chili: 2 | XL Frallor/Ost & Skinka: 1 | XL Frallor/Ost: 1
Uppsala Rutt,Coop Sunnersta,Sunday,29,23~46,23,Baguette/Kyckling Curry: 1 | Baguette/Ost & Skinka: 1 | Baguette/Salami & Brieost: 1 | Baguette/Skagen: 1 | Fralla/Ost & Skinka: 2 | Fralla/Ost: 1 | Hönökaka/Ost & Skinka: 1 | Hönökaka/Ost: 1 | Pastasallad/Bacon & Kyckling: 1 | Pastasallad/Kyckling & Salladsost: 2 | Pastasallad/Kyckling mangocurry: 3 | Pastasallad/Räkor: 2 | Sandwich/Bacon & Äggröra: 1 | Sandwich/Clubsandwich: 1 | Sandwich/Kyckling Curry: 1 | Sandwich/Räkor: 1 | Sandwich/Ägg & Avocadokräm: 1 | Wraps/Caesar Kyckling: 2 | Wraps/Kyckling Bacon: 1 | Wraps/Kyckling Curry: 1 | Wraps/Sweet Chili: 1 | XL Frallor/Grovfralla Kalkon & Färskost: 1 | XL Frallor/Ost & Skinka: 1
Uppsala Rutt,Coop Västertorg,Sunday,16,11~27,16,Baguette/Kyckling Curry: 1 | Baguette/Ost & Skinka: 1 | Baguette/Salami & Brieost: 1 | Baguette/Skagen: 1 | Fralla/Ost & Skinka: 1 | Fralla/Ost: 1 | Pastasallad/Bacon & Kyckling: 1 | Pastasallad/Kyckling & Salladsost: 1 | Pastasallad/Kyckling kebab: 1 | Pastasallad/Kyckling mangocurry: 1 | Pastasallad/Räkor: 1 | Sandwich/Kyckling Curry: 1 | Sandwich/Räkor: 1 | Wraps/Caesar Kyckling: 1 | Wraps/Kyckling Bacon: 1 | Wraps/Sweet Chili: 1
Uppsala Rutt,Dressinen (Tisd & Fre),Sunday,8,8~13,5,Baguette/Kyckling Curry: 2 | Baguette/Ost & Skinka: 1 | Baguette/Skagen: 1 | Fralla/Ost & Skinka: 2 | Fralla/Ost: 2
Uppsala Rutt,Flogsta Närlivs,Sunday,11,8~19,11,Baguette/Salami & Brieost: 1 | Fralla/Ost & Skinka: 1 | Fralla/Ost: 1 | Pastasallad/Bacon & Kyckling: 1 | Pastasallad/Kyckling kebab: 1 | Pastasallad/Kyckling mangocurry: 1 | Sandwich/Clubsandwich: 1 | Sandwich/Kyckling Curry: 1 | Sandwich/Kyckling Pestoröra: 1 | Wraps/Kyckling Curry: 1 | Wraps/Sweet Chili: 1
Uppsala Rutt,Handlarn Uppsala,Sunday,13,2~15,13,Baguette/Salami & Brieost: 1 | Baguette/Skagen: 1 | Pastasallad/Bacon & Kyckling: 1 | Pastasallad/Kyckling & Salladsost: 1 | Pastasallad/Kyckling mangocurry: 1 | Pastasallad/Räkor: 1 | Sandwich/Clubsandwich: 1 | Sandwich/Kyckling Curry: 1 | Sandwich/Kyckling Pestoröra: 1 | Sandwich/Räkor: 1 | Wraps/Caesar Kyckling: 1 | Wraps/Kyckling Curry: 1 | Wraps/Sweet Chili: 1
Uppsala Rutt,ICA Brantingstorg,Sunday,3,1~4,3,Pastasallad/Kyckling mangocurry: 1 | Pastasallad/Räkor: 1 | Sandwich/Kyckling Pestoröra: 1
Uppsala Rutt,ICA Hörnan,Sunday,46,31~56,27,Baguette/Kyckling Curry: 1 | Baguette/Ost & Skinka: 1 | Baguette/Salami & Brieost: 2 | Baguette/Skagen: 2 | Fralla/Ost & Skinka: 3 | Fralla/Ost: 2 | Hönökaka/Ost & Salami: 2 | Hönökaka/Ost & Skinka: 2 | Hönökaka/Ost: 2 | Pastasallad/Bacon & Kyckling: 2 | Pastasallad/Kyckling & Salladsost: 3 | Pastasallad/Kyckling mangocurry: 2 | Pastasallad/Räkor: 2 | Sandwich/Bacon & Äggröra: 1 | Sandwich/Clubsandwich: 2 | Sandwich/Kyckling Curry: 1 | Sandwich/Kyckling Pestoröra: 1 | Sandwich/Räkor: 2 | Sandwich/Ägg & Avocadokräm: 1 | Wraps/Caesar Kyckling: 2 | Wraps/Kyckling Bacon: 2 | Wraps/Kyckling Curry: 2 | Wraps/Sweet Chili: 2 | Wraps/Wrap Curry Oumph!: 1 | XL Frallor/Grovfralla Kalkon & Färskost: 1 | XL Frallor/Ost & Skinka: 1 | XL Frallor/Ost: 1
Uppsala Rutt,ICA Luthagen,Sunday,34,29~45,11,Pastasallad/Bacon & Kyckling: 3 | Pastasallad/Kyckling & Salladsost: 4 | Pastasallad/Kyckling mangocurry: 5 | Pastasallad/Ost & Skinka: 3 | Pastasallad/Räkor: 3 | Sandwich/Bacon & Äggröra: 2 | Sandwich/Clubsandwich: 4 | Sandwich/Kyckling Curry: 2 | Sandwich/Kyckling Pestoröra: 2 | Sandwich/Räkor: 4 | Sandwich/Ägg & Avocadokräm: 2
Uppsala Rutt,ICA SAMköp,Sunday,56,43~74,27,Baguette/Kyckling Curry: 2 | Baguette/Kyckling Sweet Chili: 1 | Baguette/Ost & Skinka: 2 | Baguette/Salami & Brieost: 2 | Baguette/Skagen: 2 | Fralla/Ost & Skinka: 3 | Fralla/Ost: 3 | Hönökaka/Ost & Salami: 1 | Hönökaka/Ost & Skinka: 2 | Hönökaka/Ost: 2 | Pastasallad/Bacon & Kyckling: 3 | Pastasallad/Kyckling & Salladsost: 4 | Pastasallad/Kyckling mangocurry: 4 | Pastasallad/Ost & Skinka: 1 | Pastasallad/Räkor: 3 | Sandwich/Bacon & Äggröra: 2 | Sandwich/Clubsandwich: 2 | Sandwich/Kyckling Curry: 2 | Sandwich/Kyckling Pestoröra: 1 | Sandwich/Räkor: 2 | Sandwich/Ägg & Avocadokräm: 1 | Wraps/Caesar Kyckling: 2 | Wraps/Kyckling Bacon: 2 | Wraps/Kyckling Curry: 2 | Wraps/Sweet Chili: 2 | XL Frallor/Grovfralla Kalkon & Färskost: 1 | XL Frallor/Ost & Skinka: 2
Uppsala Rutt,ICA Storvreta,Sunday,11,3~11,9,Pastasallad/Kyckling & Salladsost: 2 | Pastasallad/Kyckling kebab: 1 | Pastasallad/Kyckling mangocurry: 2 | Sandwich/Clubsandwich: 1 | Sandwich/Ägg & Avocadokräm: 1 | Varmrätt/Falafel med bulgur: 1 | Varmrätt/Kyckling-och böngryta: 1 | Varmrätt/Kycklingpestosallad: 1 | Varmrätt/Tacobolognese med fullkornspasta: 1
Uppsala Rutt,ICA Sävja,Sunday,31,26~48,21,Baguette/Kyckling Curry: 1 | Baguette/Ost & Skinka: 2 | Baguette/Salami & Brieost: 1 | Baguette/Skagen: 1 | Fralla/Ost & Skinka: 2 | Fralla/Ost: 3 | Hönökaka/Ost & Salami: 1 | Hönökaka/Ost & Skinka: 1 | Hönökaka/Ost: 1 | Pastasallad/Bacon & Kyckling: 1 | Pastasallad/Kyckling & Salladsost: 2 | Pastasallad/Kyckling mangocurry: 4 | Pastasallad/Räkor: 2 | Sandwich/Bacon & Äggröra: 1 | Sandwich/Clubsandwich: 1 | Sandwich/Kyckling Curry: 1 | Sandwich/Räkor: 1 | Wraps/Caesar Kyckling: 1 | Wraps/Kyckling Bacon: 1 | Wraps/Kyckling Curry: 1 | Wraps/Sweet Chili: 2
Uppsala Rutt,ICA Torgkassen,Sunday,65,56~76,13,Baguette/Kyckling Curry: 4 | Baguette/Skagen: 4 | Fralla/Ost & Skinka: 8 | Fralla/Ost: 6 | Hönökaka/Ost & Salami: 8 | Hönökaka/Ost: 7 | Pastasallad/Kyckling mangocurry: 9 | Räkmacka Liten/Räkmacka liten: 4 | Sandwich/Räkor: 6 | Sandwich/Ägg & Avocadokräm: 3 | Varmrätt/Cevapcici med bulgur: 2 | Varmrätt/Teriyakibiff med ris: 2 | Varmrätt/Teriyakikycklingfile med basmatiris: 2
Uppsala Rutt,ICA Vretgränd,Sunday,82,65~103,32,Baguette/Kyckling Curry: 2 | Baguette/Kyckling Sweet Chili: 1 | Baguette/Ost & Skinka: 2 | Baguette/Salami & Brieost: 2 | Baguette/Skagen: 2 | Fralla/Ost & Skinka: 7 | Fralla/Ost: 5 | Hönökaka/Ost & Salami: 4 | Hönökaka/Ost & Skinka: 4 | Hönökaka/Ost: 3 | Pastasallad/Bacon & Kyckling: 4 | Pastasallad/Kyckling & Salladsost: 5 | Pastasallad/Kyckling mangocurry: 5 | Pastasallad/Ost & Skinka: 4 | Pastasallad/Räkor: 4 | Sandwich/Bacon & Äggröra: 1 | Sandwich/Clubsandwich: 2 | Sandwich/Kyckling Curry: 3 | Sandwich/Kyckling Pestoröra: 1 | Sandwich/Räkor: 2 | Sandwich/Ägg & Avocadokräm: 1 | Varmrätt/Cevapcici med bulgur: 1 | Varmrätt/Kyckling-och böngryta: 1 | Wraps/Caesar Kyckling: 2 | Wraps/Kyckling Bacon: 2 | Wraps/Kyckling Curry: 1 | Wraps/Kycklingsallad Olivie: 1 | Wraps/Sweet Chili: 2 | Wraps/Wrap Curry Oumph!: 1 | XL Frallor/Grovfralla Kalkon & Färskost: 2 | XL Frallor/Ost & Skinka: 3 | XL Frallor/Ost: 2
Uppsala Rutt,Myway Råbyvägen,Sunday,12,9~18,9,Baguette/Kyckling Curry: 1 | Baguette/Skagen: 2 | Fralla/Ost: 2 | Hönökaka/Ost: 2 | Sandwich/Kyckling Curry: 1 | Sandwich/Kyckling Pestoröra: 1 | Sandwich/Räkor: 1 | Wraps/Kyckling Curry: 1 | Wraps/Sweet Chili: 1
Uppsala Rutt,Nelins,Sunday,60,43~81,33,Baguette/Kyckling Curry: 1 | Baguette/Kyckling Sweet Chili: 1 | Baguette/Ost & Skinka: 1 | Baguette/Salami & Brieost: 2 | Baguette/Skagen: 3 | Fralla/Ost & Skinka: 3 | Fralla/Ost: 2 | Grönsallad/Caesarsallad: 2 | Hönökaka/Ost & Salami: 1 | Hönökaka/Ost & Skinka: 2 | Hönökaka/Ost: 2 | Pastasallad/Bacon & Kyckling: 2 | Pastasallad/Kyckling & Salladsost: 3 | Pastasallad/Kyckling mangocurry: 4 | Pastasallad/Ost & Skinka: 2 | Pastasallad/Räkor: 3 | Sandwich/Bacon & Äggröra: 2 | Sandwich/Clubsandwich: 3 | Sandwich/Kyckling Curry: 1 | Sandwich/Kyckling Pestoröra: 1 | Sandwich/Räkor: 3 | Varmrätt/Cevapcici med bulgur: 1 | Varmrätt/Kyckling-och böngryta: 1 | Varmrätt/Kycklingpestosallad: 1 | Varmrätt/Teriyakibiff med ris: 1 | Varmrätt/Teriyakikycklingfile med basmatiris: 1 | Wraps/Caesar Kyckling: 2 | Wraps/Kyckling Bacon: 2 | Wraps/Kyckling Curry: 2 | Wraps/Sweet Chili: 2 | XL Frallor/Grovfralla Kalkon & Färskost: 1 | XL Frallor/Ost & Skinka: 1 | XL Frallor/Ost: 1
Uppsala Rutt,Skafferiet L&T,Sunday,1,0~1,1,Wraps/Caesar Kyckling: 1
Uppsala Rutt,Coop Ekeby,Monday,6,5~6,6,Fralla/Ost & Skinka: 1 | Fralla/Ost: 1 | Pastasallad/Kyckling & Salladsost: 1 | Pastasallad/Kyckling mangocurry: 1 | Pastasallad/Räkor: 1 | Sandwich/Clubsandwich: 1
Uppsala Rutt,Coop Luthagen,Monday,4,3~4,4,Fralla/Ost & Skinka: 1 | Fralla/Ost: 1 | Pastasallad/Kyckling mangocurry: 1 | Wraps/Kyckling Bacon: 1
Uppsala Rutt,Coop Stationsgallerian,Monday,51,44~63,27,Baguette/Kyckling Curry: 1 | Baguette/Kyckling Sweet Chili: 1 | Baguette/Ost & Skinka: 1 | Baguette/Salami & Brieost: 1 | Baguette/Skagen: 2 | Fralla/Ost & Skinka: 6 | Fralla/Ost: 4 | Hönökaka/Ost & Salami: 2 | Hönökaka/Ost & Skinka: 2 | Hönökaka/Ost: 2 | Pastasallad/Bacon & Kyckling: 1 | Pastasallad/Kyckling & Salladsost: 1 | Pastasallad/Kyckling mangocurry: 2 | Pastasallad/Räkor: 1 | Sandwich/Bacon & Äggröra: 2 | Sandwich/Clubsandwich: 1 | Sandwich/Kyckling Curry: 2 | Sandwich/Kyckling Pestoröra: 1 | Sandwich/Räkor: 2 | Sandwich/Ägg & Avocadokräm: 1 | Wraps/Caesar Kyckling: 2 | Wraps/Kyckling Bacon: 3 | Wraps/Kyckling Curry: 4 | Wraps/Sweet Chili: 2 | XL Frallor/Grovfralla Kalkon & Färskost: 1 | XL Frallor/Ost & Skinka: 2 | XL Frallor/Ost: 1
Uppsala Rutt,Coop Storvreta,Monday,9,4~11,9,Fralla/Ost & Skinka: 1 | Fralla/Ost: 1 | Pastasallad/Kyckling & Salladsost: 1 | Pastasallad/Kyckling mangocurry: 1 | Pastasallad/Räkor: 1 | Sandwich/Räkor: 1 | Wraps/Caesar Kyckling: 1 | Wraps/Kyckling Curry: 1 | Wraps/Sweet Chili: 1
Uppsala Rutt,Coop Sunnersta,Monday,3,2~3,3,Pastasallad/Kyckling & Salladsost: 1 | Pastasallad/Kyckling mangocurry: 1 | Wraps/Caesar Kyckling: 1
Uppsala Rutt,Dressinen (Tisd & Fre),Monday,3,3~3,3,Baguette/Kyckling Curry: 1 | Fralla/Ost & Skinka: 1 | Fralla/Ost: 1
Uppsala Rutt,ICA Hörnan,Monday,7,3~7,7,Fralla/Ost & Skinka: 1 | Pastasallad/Kyckling & Salladsost: 1 | Pastasallad/Kyckling mangocurry: 1 | Sandwich/Clubsandwich: 1 | Wraps/Kyckling Bacon: 1 | Wraps/Kyckling Curry: 1 | Wraps/Sweet Chili: 1
Uppsala Rutt,ICA Luthagen,Monday,12,10~14,10,Pastasallad/Bacon & Kyckling: 1 | Pastasallad/Kyckling & Salladsost: 2 | Pastasallad/Kyckling mangocurry: 2 | Pastasallad/Ost & Skinka: 1 | Pastasallad/Räkor: 1 | Sandwich/Bacon & Äggröra: 1 | Sandwich/Clubsandwich: 1 | Sandwich/Kyckling Curry: 1 | Sandwich/Kyckling Pestoröra: 1 | Sandwich/Räkor: 1
Uppsala Rutt,ICA SAMköp,Monday,15,8~15,13,Baguette/Salami & Brieost: 1 | Baguette/Skagen: 1 | Fralla/Ost & Skinka: 1 | Fralla/Ost: 1 | Pastasallad/Bacon & Kyckling: 1 | Pastasallad/Kyckling & Salladsost: 2 | Pastasallad/Kyckling mangocurry: 2 | Pastasallad/Räkor: 1 | Sandwich/Räkor: 1 | Wraps/Caesar Kyckling: 1 | Wraps/Kyckling Bacon: 1 | Wraps/Sweet Chili: 1 | XL Frallor/Ost & Skinka: 1
Uppsala Rutt,ICA Storvreta,Monday,1,0~1,1,Pastasallad/Kyckling & Salladsost: 1
Uppsala Rutt,ICA Sävja,Monday,4,4~5,4,Fralla/Ost & Skinka: 1 | Fralla/Ost: 1 | Pastasallad/Kyckling & Salladsost: 1 | Pastasallad/Kyckling mangocurry: 1
Uppsala Rutt,ICA Torgkassen,Monday,22,16~27,13,Baguette/Kyckling Curry: 1 | Baguette/Skagen: 1 | Fralla/Ost & Skinka: 3 | Fralla/Ost: 2 | Hönökaka/Ost & Salami: 3 | Hönökaka/Ost: 2 | Pastasallad/Kyckling mangocurry: 3 | Räkmacka Liten/Räkmacka liten: 1 | Sandwich/Räkor: 2 | Sandwich/Ägg & Avocadokräm: 1 | Varmrätt/Cevapcici med bulgur: 1 | Varmrätt/Teriyakibiff med ris: 1 | Varmrätt/Teriyakikycklingfile med basmatiris: 1
Uppsala Rutt,ICA Vretgränd,Monday,24,16~29,19,Baguette/Salami & Brieost: 1 | Baguette/Skagen: 1 | Fralla/Ost & Skinka: 2 | Fralla/Ost: 2 | Hönökaka/Ost & Salami: 1 | Hönökaka/Ost & Skinka: 2 | Hönökaka/Ost: 1 | Pastasallad/Bacon & Kyckling: 1 | Pastasallad/Kyckling & Salladsost: 2 | Pastasallad/Kyckling mangocurry: 2 | Pastasallad/Ost & Skinka: 1 | Pastasallad/Räkor: 1 | Sandwich/Clubsandwich: 1 | Sandwich/Kyckling Curry: 1 | Wraps/Caesar Kyckling: 1 | Wraps/Kyckling Bacon: 1 | Wraps/Sweet Chili: 1 | XL Frallor/Ost & Skinka: 1 | XL Frallor/Ost: 1
Uppsala Rutt,Nelins,Monday,15,10~16,15,Baguette/Skagen: 1 | Fralla/Ost & Skinka: 1 | Fralla/Ost: 1 | Hönökaka/Ost & Skinka: 1 | Hönökaka/Ost: 1 | Pastasallad/Kyckling & Salladsost: 1 | Pastasallad/Kyckling mangocurry: 1 | Pastasallad/Ost & Skinka: 1 | Pastasallad/Räkor: 1 | Sandwich/Bacon & Äggröra: 1 | Sandwich/Clubsandwich: 1 | Sandwich/Räkor: 1 | Wraps/Caesar Kyckling: 1 | Wraps/Kyckling Bacon: 1 | Wraps/Kyckling Curry: 1
Uppsala Rutt,Coop Ekeby,Tuesday,28,20~38,23,Baguette/Kyckling Curry: 1 | Baguette/Ost & Skinka: 1 | Baguette/Salami & Brieost: 1 | Baguette/Skagen: 1 | Fralla/Ost & Skinka: 2 | Fralla/Ost: 2 | Hönökaka/Ost & Salami: 1 | Hönökaka/Ost & Skinka: 1 | Pastasallad/Kyckling & Salladsost: 2 | Pastasallad/Kyckling mangocurry: 2 | Pastasallad/Ost & Skinka: 1 | Pastasallad/Räkor: 2 | Sandwich/Bacon & Äggröra: 1 | Sandwich/Clubsandwich: 1 | Sandwich/Kyckling Curry: 1 | Sandwich/Räkor: 1 | Sandwich/Ägg & Avocadokräm: 1 | Wraps/Caesar Kyckling: 1 | Wraps/Kyckling Bacon: 1 | Wraps/Kyckling Curry: 1 | Wraps/Sweet Chili: 1 | Wraps/Wrap Curry Oumph!: 1 | XL Frallor/Ost & Skinka: 1
Uppsala Rutt,Coop Luthagen,Tuesday,29,20~39,25,Baguette/Kyckling Curry: 1 | Baguette/Kyckling Sweet Chili: 1 | Baguette/Ost & Skinka: 1 | Baguette/Salami & Brieost: 1 | Baguette/Skagen: 1 | Fralla/Ost & Skinka: 2 | Fralla/Ost: 2 | Hönökaka/Ost & Skinka: 1 | Hönökaka/Ost: 1 | Pastasallad/Bacon & Kyckling: 1 | Pastasallad/Kyckling & Salladsost: 1 | Pastasallad/Kyckling mangocurry: 2 | Pastasallad/Ost & Skinka: 1 | Pastasallad/Räkor: 1 | Sandwich/Bacon & Äggröra: 1 | Sandwich/Clubsandwich: 1 | Sandwich/Kyckling Curry: 1 | Sandwich/Räkor: 1 | Wraps/Caesar Kyckling: 1 | Wraps/Kyckling Bacon: 2 | Wraps/Kyckling Curry: 1 | Wraps/Sweet Chili: 1 | Wraps/Wrap Curry Oumph!: 1 | XL Frallor/Ost & Skinka: 1 | XL Frallor/Ost: 1
Uppsala Rutt,Coop Stationsgallerian,Tuesday,114,97~140,30,Baguette/Kyckling Curry: 3 | Baguette/Kyckling Sweet Chili: 2 | Baguette/Ost & Skinka: 2 | Baguette/Salami & Brieost: 3 | Baguette/Skagen: 5 | Fralla/Ost & Skinka: 13 | Fralla/Ost: 9 | Hönökaka/Ost & Salami: 4 | Hönökaka/Ost & Skinka: 5 | Hönökaka/Ost: 5 | Pastasallad/Bacon & Kyckling: 3 | Pastasallad/Kyckling & Salladsost: 3 | Pastasallad/Kyckling mangocurry: 3 | Pastasallad/Ost & Skinka: 1 | Pastasallad/Räkor: 2 | Sandwich/Bacon & Äggröra: 4 | Sandwich/Clubsandwich: 3 | Sandwich/Kyckling Curry: 3 | Sandwich/Kyckling Pestoröra: 2 | Sandwich/Räkor: 3 | Sandwich/Ägg & Avocadokräm: 2 | Wraps/Caesar Kyckling: 5 | Wraps/Kyckling Bacon: 7 | Wraps/Kyckling Curry: 8 | Wraps/Kycklingsallad Olivie: 1 | Wraps/Sweet Chili: 4 | Wraps/Wrap Curry Oumph!: 1 | XL Frallor/Grovfralla Kalkon & Färskost: 2 | XL Frallor/Ost & Skinka: 4 | XL Frallor/Ost: 2
Uppsala Rutt,Coop Storvreta,Tuesday,31,24~43,23,Baguette/Kyckling Curry: 1 | Baguette/Ost & Skinka: 1 | Baguette/Salami & Brieost: 1 | Baguette/Skagen: 1 | Fralla/Ost & Skinka: 2 | Fralla/Ost: 2 | Hönökaka/Ost & Salami: 1 | Hönökaka/Ost & Skinka: 1 | Hönökaka/Ost: 1 | Pastasallad/Kyckling & Salladsost: 3 | Pastasallad/Kyckling mangocurry: 3 | Pastasallad/Ost & Skinka: 1 | Pastasallad/Räkor: 1 | Sandwich/Clubsandwich: 1 | Sandwich/Kyckling Curry: 1 | Sandwich/Räkor: 1 | Sandwich/Ägg & Avocadokräm: 1 | Wraps/Caesar Kyckling: 2 | Wraps/Kyckling Bacon: 1 | Wraps/Kyckling Curry: 1 | Wraps/Sweet Chili: 2 | XL Frallor/Ost & Skinka: 1 | XL Frallor/Ost: 1
Uppsala Rutt,Coop Sunnersta,Tuesday,22,11~26,20,Baguette/Kyckling Curry: 1 | Baguette/Salami & Brieost: 1 | Baguette/Skagen: 1 | Fralla/Ost & Skinka: 1 | Fralla/Ost: 1 | Hönökaka/Ost & Skinka: 1 | Hönökaka/Ost: 1 | Pastasallad/Bacon & Kyckling: 1 | Pastasallad/Kyckling & Salladsost: 2 | Pastasallad/Kyckling mangocurry: 2 | Pastasallad/Räkor: 1 | Sandwich/Bacon & Äggröra: 1 | Sandwich/Kyckling Curry: 1 | Sandwich/Räkor: 1 | Sandwich/Ägg & Avocadokräm: 1 | Wraps/Caesar Kyckling: 1 | Wraps/Kyckling Bacon: 1 | Wraps/Kyckling Curry: 1 | Wraps/Sweet Chili: 1 | XL Frallor/Ost & Skinka: 1
Uppsala Rutt,Coop Västertorg,Tuesday,11,8~11,11,Baguette/Kyckling Curry: 1 | Baguette/Skagen: 1 | Fralla/Ost & Skinka: 1 | Fralla/Ost: 1 | Pastasallad/Bacon & Kyckling: 1 | Pastasallad/Kyckling & Salladsost: 1 | Pastasallad/Kyckling kebab: 1 | Pastasallad/Kyckling mangocurry: 1 | Sandwich/Kyckling Curry: 1 | Wraps/Caesar Kyckling: 1 | Wraps/Kyckling Bacon: 1
Uppsala Rutt,Dressinen (Tisd & Fre),Tuesday,8,5~8,5,Baguette/Kyckling Curry: 2 | Baguette/Ost & Skinka: 1 | Baguette/Skagen: 1 | Fralla/Ost & Skinka: 2 | Fralla/Ost: 2
Uppsala Rutt,Flogsta Närlivs,Tuesday,8,1~8,8,Fralla/Ost & Skinka: 1 | Fralla/Ost: 1 | Pastasallad/Bacon & Kyckling: 1 | Pastasallad/Kyckling kebab: 1 | Sandwich/Kyckling Curry: 1 | Sandwich/Kyckling Pestoröra: 1 | Wraps/Kyckling Curry: 1 | Wraps/Sweet Chili: 1
Uppsala Rutt,Handlarn Uppsala,Tuesday,2,0~2,2,Baguette/Salami & Brieost: 1 | Baguette/Skagen: 1
Uppsala Rutt,ICA Brantingstorg,Tuesday,1,0~1,1,Pastasallad/Kyckling mangocurry: 1
Uppsala Rutt,ICA Hörnan,Tuesday,27,22~43,24,Baguette/Kyckling Curry: 1 | Baguette/Ost & Skinka: 1 | Baguette/Salami & Brieost: 1 | Baguette/Skagen: 1 | Fralla/Ost & Skinka: 2 | Fralla/Ost: 1 | Hönökaka/Ost & Salami: 1 | Hönökaka/Ost & Skinka: 1 | Hönökaka/Ost: 1 | Pastasallad/Bacon & Kyckling: 1 | Pastasallad/Kyckling & Salladsost: 2 | Pastasallad/Kyckling mangocurry: 2 | Pastasallad/Räkor: 1 | Sandwich/Bacon & Äggröra: 1 | Sandwich/Clubsandwich: 1 | Sandwich/Kyckling Pestoröra: 1 | Sandwich/Räkor: 1 | Sandwich/Ägg & Avocadokräm: 1 | Wraps/Caesar Kyckling: 1 | Wraps/Kyckling Bacon: 1 | Wraps/Kyckling Curry: 1 | Wraps/Sweet Chili: 1 | XL Frallor/Grovfralla Kalkon & Färskost: 1 | XL Frallor/Ost & Skinka: 1
Uppsala Rutt,ICA Luthagen,Tuesday,26,20~34,11,Pastasallad/Bacon & Kyckling: 2 | Pastasallad/Kyckling & Salladsost: 3 | Pastasallad/Kyckling mangocurry: 4 | Pastasallad/Ost & Skinka: 2 | Pastasallad/Räkor: 2 | Sandwich/Bacon & Äggröra: 2 | Sandwich/Clubsandwich: 3 | Sandwich/Kyckling Curry: 2 | Sandwich/Kyckling Pestoröra: 2 | Sandwich/Räkor: 3 | Sandwich/Ägg & Avocadokräm: 1
Uppsala Rutt,ICA SAMköp,Tuesday,39,32~54,25,Baguette/Kyckling Curry: 1 | Baguette/Kyckling Sweet Chili: 1 | Baguette/Ost & Skinka: 1 | Baguette/Salami & Brieost: 2 | Baguette/Skagen: 2 | Fralla/Ost & Skinka: 2 | Fralla/Ost: 2 | Hönökaka/Ost & Skinka: 1 | Hönökaka/Ost: 1 | Pastasallad/Bacon & Kyckling: 2 | Pastasallad/Kyckling & Salladsost: 3 | Pastasallad/Kyckling mangocurry: 3 | Pastasallad/Ost & Skinka: 1 | Pastasallad/Räkor: 2 | Sandwich/Bacon & Äggröra: 1 | Sandwich/Clubsandwich: 1 | Sandwich/Kyckling Curry: 1 | Sandwich/Kyckling Pestoröra: 1 | Sandwich/Räkor: 2 | Wraps/Caesar Kyckling: 2 | Wraps/Kyckling Bacon: 1 | Wraps/Kyckling Curry: 1 | Wraps/Sweet Chili: 2 | XL Frallor/Grovfralla Kalkon & Färskost: 1 | XL Frallor/Ost & Skinka: 2
Uppsala Rutt,ICA Storvreta,Tuesday,2,2~4,2,Pastasallad/Kyckling & Salladsost: 1 | Pastasallad/Kyckling mangocurry: 1
Uppsala Rutt,ICA Sävja,Tuesday,26,14~30,21,Baguette/Kyckling Curry: 1 | Baguette/Ost & Skinka: 1 | Baguette/Salami & Brieost: 1 | Baguette/Skagen: 1 | Fralla/Ost & Skinka: 2 | Fralla/Ost: 2 | Hönökaka/Ost & Salami: 1 | Hönökaka/Ost & Skinka: 1 | Hönökaka/Ost: 1 | Pastasallad/Bacon & Kyckling: 1 | Pastasallad/Kyckling & Salladsost: 2 | Pastasallad/Kyckling mangocurry: 3 | Pastasallad/Räkor: 1 | Sandwich/Bacon & Äggröra: 1 | Sandwich/Clubsandwich: 1 | Sandwich/Kyckling Curry: 1 | Sandwich/Räkor: 1 | Wraps/Caesar Kyckling: 1 | Wraps/Kyckling Bacon: 1 | Wraps/Kyckling Curry: 1 | Wraps/Sweet Chili: 1
Uppsala Rutt,ICA Torgkassen,Tuesday,46,39~56,13,Baguette/Kyckling Curry: 3 | Baguette/Skagen: 3 | Fralla/Ost & Skinka: 6 | Fralla/Ost: 4 | Hönökaka/Ost & Salami: 6 | Hönökaka/Ost: 5 | Pastasallad/Kyckling mangocurry: 7 | Räkmacka Liten/Räkmacka liten: 3 | Sandwich/Räkor: 4 | Sandwich/Ägg & Avocadokräm: 2 | Varmrätt/Cevapcici med bulgur: 1 | Varmrätt/Teriyakibiff med ris: 1 | Varmrätt/Teriyakikycklingfile med basmatiris: 1
Uppsala Rutt,ICA Vretgränd,Tuesday,59,46~74,30,Baguette/Kyckling Curry: 1 | Baguette/Kyckling Sweet Chili: 1 | Baguette/Ost & Skinka: 1 | Baguette/Salami & Brieost: 1 | Baguette/Skagen: 2 | Fralla/Ost & Skinka: 5 | Fralla/Ost: 4 | Hönökaka/Ost & Salami: 3 | Hönökaka/Ost & Skinka: 3 | Hönökaka/Ost: 2 | Pastasallad/Bacon & Kyckling: 3 | Pastasallad/Kyckling & Salladsost: 4 | Pastasallad/Kyckling mangocurry: 4 | Pastasallad/Ost & Skinka: 3 | Pastasallad/Räkor: 3 | Sandwich/Bacon & Äggröra: 1 | Sandwich/Clubsandwich: 1 | Sandwich/Kyckling Curry: 2 | Sandwich/Kyckling Pestoröra: 1 | Sandwich/Räkor: 1 | Sandwich/Ägg & Avocadokräm: 1 | Wraps/Caesar Kyckling: 2 | Wraps/Kyckling Bacon: 2 | Wraps/Kyckling Curry: 1 | Wraps/Kycklingsallad Olivie: 1 | Wraps/Sweet Chili: 1 | Wraps/Wrap Curry Oumph!: 1 | XL Frallor/Grovfralla Kalkon & Färskost: 1 | XL Frallor/Ost & Skinka: 2 | XL Frallor/Ost: 1
Uppsala Rutt,Myway Råbyvägen,Tuesday,9,3~12,9,Baguette/Kyckling Curry: 1 | Baguette/Skagen: 1 | Fralla/Ost: 1 | Hönökaka/Ost: 1 | Sandwich/Kyckling Curry: 1 | Sandwich/Kyckling Pestoröra: 1 | Sandwich/Räkor: 1 | Wraps/Kyckling Curry: 1 | Wraps/Sweet Chili: 1
Uppsala Rutt,Nelins,Tuesday,41,30~54,27,Baguette/Kyckling Curry: 1 | Baguette/Kyckling Sweet Chili: 1 | Baguette/Ost & Skinka: 1 | Baguette/Salami & Brieost: 1 | Baguette/Skagen: 2 | Fralla/Ost & Skinka: 2 | Fralla/Ost: 2 | Grönsallad/Caesarsallad: 1 | Hönökaka/Ost & Salami: 1 | Hönökaka/Ost & Skinka: 2 | Hönökaka/Ost: 2 | Pastasallad/Bacon & Kyckling: 1 | Pastasallad/Kyckling & Salladsost: 2 | Pastasallad/Kyckling mangocurry: 3 | Pastasallad/Ost & Skinka: 1 | Pastasallad/Räkor: 2 | Sandwich/Bacon & Äggröra: 2 | Sandwich/Clubsandwich: 2 | Sandwich/Kyckling Curry: 1 | Sandwich/Kyckling Pestoröra: 1 | Sandwich/Räkor: 2 | Wraps/Caesar Kyckling: 2 | Wraps/Kyckling Bacon: 2 | Wraps/Kyckling Curry: 1 | Wraps/Sweet Chili: 1 | XL Frallor/Grovfralla Kalkon & Färskost: 1 | XL Frallor/Ost & Skinka: 1
Uppsala Rutt,Coop Ekeby,Wednesday,5,4~5,5,Fralla/Ost & Skinka: 1 | Fralla/Ost: 1 | Pastasallad/Kyckling & Salladsost: 1 | Pastasallad/Kyckling mangocurry: 1 | Pastasallad/Räkor: 1
Uppsala Rutt,Coop Luthagen,Wednesday,4,1~4,4,Fralla/Ost & Skinka: 1 | Fralla/Ost: 1 | Pastasallad/Kyckling mangocurry: 1 | Wraps/Kyckling Bacon: 1
Uppsala Rutt,Coop Stationsgallerian,Wednesday,44,35~50,27,Baguette/Kyckling Curry: 1 | Baguette/Kyckling Sweet Chili: 1 | Baguette/Ost & Skinka: 1 | Baguette/Salami & Brieost: 1 | Baguette/Skagen: 2 | Fralla/Ost & Skinka: 5 | Fralla/Ost: 3 | Hönökaka/Ost & Salami: 2 | Hönökaka/Ost & Skinka: 2 | Hönökaka/Ost: 2 | Pastasallad/Bacon & Kyckling: 1 | Pastasallad/Kyckling & Salladsost: 1 | Pastasallad/Kyckling mangocurry: 1 | Pastasallad/Räkor: 1 | Sandwich/Bacon & Äggröra: 1 | Sandwich/Clubsandwich: 1 | Sandwich/Kyckling Curry: 1 | Sandwich/Kyckling Pestoröra: 1 | Sandwich/Räkor: 1 | Sandwich/Ägg & Avocadokräm: 1 | Wraps/Caesar Kyckling: 2 | Wraps/Kyckling Bacon: 3 | Wraps/Kyckling Curry: 3 | Wraps/Sweet Chili: 2 | XL Frallor/Grovfralla Kalkon & Färskost: 1 | XL Frallor/Ost & Skinka: 2 | XL Frallor/Ost: 1
Uppsala Rutt,Coop Storvreta,Wednesday,6,4~6,6,Fralla/Ost & Skinka: 1 | Fralla/Ost: 1 | Pastasallad/Kyckling & Salladsost: 1 | Pastasallad/Kyckling mangocurry: 1 | Wraps/Caesar Kyckling: 1 | Wraps/Sweet Chili: 1
Uppsala Rutt,Coop Sunnersta,Wednesday,2,1~2,2,Pastasallad/Kyckling & Salladsost: 1 | Pastasallad/Kyckling mangocurry: 1
Uppsala Rutt,Dressinen (Tisd & Fre),Wednesday,3,0~3,3,Baguette/Kyckling Curry: 1 | Fralla/Ost & Skinka: 1 | Fralla/Ost: 1
Uppsala Rutt,ICA Hörnan,Wednesday,3,2~3,3,Fralla/Ost & Skinka: 1 | Pastasallad/Kyckling & Salladsost: 1 | Pastasallad/Kyckling mangocurry: 1
Uppsala Rutt,ICA Luthagen,Wednesday,10,7~12,10,Pastasallad/Bacon & Kyckling: 1 | Pastasallad/Kyckling & Salladsost: 1 | Pastasallad/Kyckling mangocurry: 1 | Pastasallad/Ost & Skinka: 1 | Pastasallad/Räkor: 1 | Sandwich/Bacon & Äggröra: 1 | Sandwich/Clubsandwich: 1 | Sandwich/Kyckling Curry: 1 | Sandwich/Kyckling Pestoröra: 1 | Sandwich/Räkor: 1
Uppsala Rutt,ICA SAMköp,Wednesday,12,6~14,12,Baguette/Salami & Brieost: 1 | Baguette/Skagen: 1 | Fralla/Ost & Skinka: 1 | Fralla/Ost: 1 | Pastasallad/Bacon & Kyckling: 1 | Pastasallad/Kyckling & Salladsost: 1 | Pastasallad/Kyckling mangocurry: 1 | Pastasallad/Räkor: 1 | Sandwich/Räkor: 1 | Wraps/Caesar Kyckling: 1 | Wraps/Sweet Chili: 1 | XL Frallor/Ost & Skinka: 1
Uppsala Rutt,ICA Sävja,Wednesday,4,2~4,4,Fralla/Ost & Skinka: 1 | Fralla/Ost: 1 | Pastasallad/Kyckling & Salladsost: 1 | Pastasallad/Kyckling mangocurry: 1
Uppsala Rutt,ICA Torgkassen,Wednesday,16,14~19,10,Baguette/Kyckling Curry: 1 | Baguette/Skagen: 1 | Fralla/Ost & Skinka: 2 | Fralla/Ost: 2 | Hönökaka/Ost & Salami: 2 | Hönökaka/Ost: 2 | Pastasallad/Kyckling mangocurry: 2 | Räkmacka Liten/Räkmacka liten: 1 | Sandwich/Räkor: 2 | Sandwich/Ägg & Avocadokräm: 1
Uppsala Rutt,ICA Vretgränd,Wednesday,16,12~20,15,Baguette/Skagen: 1 | Fralla/Ost & Skinka: 2 | Fralla/Ost: 1 | Hönökaka/Ost & Salami: 1 | Hönökaka/Ost & Skinka: 1 | Hönökaka/Ost: 1 | Pastasallad/Bacon & Kyckling: 1 | Pastasallad/Kyckling & Salladsost: 1 | Pastasallad/Kyckling mangocurry: 1 | Pastasallad/Ost & Skinka: 1 | Pastasallad/Räkor: 1 | Sandwich/Kyckling Curry: 1 | Wraps/Caesar Kyckling: 1 | Wraps/Kyckling Bacon: 1 | XL Frallor/Ost & Skinka: 1
Uppsala Rutt,Nelins,Wednesday,13,7~13,13,Baguette/Skagen: 1 | Fralla/Ost & Skinka: 1 | Fralla/Ost: 1 | Hönökaka/Ost & Skinka: 1 | Hönökaka/Ost: 1 | Pastasallad/Kyckling & Salladsost: 1 | Pastasallad/Kyckling mangocurry: 1 | Pastasallad/Räkor: 1 | Sandwich/Bacon & Äggröra: 1 | Sandwich/Clubsandwich: 1 | Sandwich/Räkor: 1 | Wraps/Caesar Kyckling: 1 | Wraps/Kyckling Bacon: 1
Uppsala Rutt,Coop Ekeby,Thursday,48,34~59,30,Baguette/Kyckling Curry: 2 | Baguette/Ost & Skinka: 2 | Baguette/Salami & Brieost: 2 | Baguette/Skagen: 2 | Fralla/Ost & Skinka: 2 | Fralla/Ost: 2 | Hönökaka/Ost & Salami: 1 | Hönökaka/Ost & Skinka: 1 | Hönökaka/Ost: 1 | Pastasallad/Bacon & Kyckling: 1 | Pastasallad/Kyckling & Salladsost: 2 | Pastasallad/Kyckling kebab: 1 | Pastasallad/Kyckling mangocurry: 4 | Pastasallad/Ost & Skinka: 1 | Pastasallad/Räkor: 2 | Sandwich/Bacon & Äggröra: 2 | Sandwich/Clubsandwich: 2 | Sandwich/Kyckling Curry: 2 | Sandwich/Kyckling Pestoröra: 1 | Sandwich/Räkor: 2 | Sandwich/Ägg & Avocadokräm: 1 | Varmrätt/Cevapcici med bulgur: 1 | Varmrätt/Teriyakibiff med ris: 1 | Wraps/Caesar Kyckling: 2 | Wraps/Kyckling Bacon: 2 | Wraps/Kyckling Curry: 2 | Wraps/Sweet Chili: 1 | Wraps/Wrap Curry Oumph!: 1 | XL Frallor/Grovfralla Kalkon & Färskost: 1 | XL Frallor/Ost & Skinka: 1
Uppsala Rutt,Coop Luthagen,Thursday,47,39~53,29,Baguette/Kyckling Curry: 2 | Baguette/Kyckling Sweet Chili: 1 | Baguette/Ost & Skinka: 2 | Baguette/Salami & Brieost: 2 | Baguette/Skagen: 2 | Fralla/Ost & Skinka: 2 | Fralla/Ost: 1 | Hönökaka/Ost & Skinka: 2 | Hönökaka/Ost: 2 | Pastasallad/Bacon & Kyckling: 2 | Pastasallad/Kyckling & Salladsost: 1 | Pastasallad/Kyckling mangocurry: 2 | Pastasallad/Ost & Skinka: 2 | Pastasallad/Räkor: 2 | Sandwich/Bacon & Äggröra: 1 | Sandwich/Clubsandwich: 2 | Sandwich/Kyckling Curry: 2 | Sandwich/Kyckling Pestoröra: 1 | Sandwich/Räkor: 2 | Sandwich/Ägg & Avocadokräm: 1 | Varmrätt/Pannbiff med Basmatiris: 1 | Wraps/Caesar Kyckling: 2 | Wraps/Kyckling Bacon: 2 | Wraps/Kyckling Curry: 2 | Wraps/Sweet Chili: 2 | Wraps/Wrap Curry Oumph!: 1 | XL Frallor/Grovfralla Kalkon & Färskost: 1 | XL Frallor/Ost & Skinka: 1 | XL Frallor/Ost: 1
Uppsala Rutt,Coop Stationsgallerian,Thursday,158,125~197,32,Baguette/Kyckling Curry: 4 | Baguette/Kyckling Sweet Chili: 4 | Baguette/Ost & Skinka: 3 | Baguette/Salami & Brieost: 3 | Baguette/Skagen: 6 | Fralla/Ost & Skinka: 19 | Fralla/Ost: 11 | Hönökaka/Ost & Salami: 5 | Hönökaka/Ost & Skinka: 6 | Hönökaka/Ost: 8 | Pastasallad/Bacon & Kyckling: 3 | Pastasallad/Kyckling & Salladsost: 5 | Pastasallad/Kyckling mangocurry: 5 | Pastasallad/Ost & Skinka: 2 | Pastasallad/Räkor: 2 | Sandwich/Bacon & Äggröra: 4 | Sandwich/Clubsandwich: 5 | Sandwich/Kyckling Curry: 5 | Sandwich/Kyckling Pestoröra: 4 | Sandwich/Räkor: 5 | Sandwich/Ägg & Avocadokräm: 2 | Varmrätt/Cevapcici med bulgur: 1 | Varmrätt/Teriyakibiff med ris: 1 | Wraps/Caesar Kyckling: 6 | Wraps/Kyckling Bacon: 9 | Wraps/Kyckling Curry: 10 | Wraps/Kycklingsallad Olivie: 2 | Wraps/Sweet Chili: 5 | Wraps/Wrap Curry Oumph!: 2 | XL Frallor/Grovfralla Kalkon & Färskost: 4 | XL Frallor/Ost & Skinka: 5 | XL Frallor/Ost: 2
Uppsala Rutt,Coop Storvreta,Thursday,53,43~60,28,Baguette/Kyckling Curry: 1 | Baguette/Kyckling Sweet Chili: 1 | Baguette/Ost & Skinka: 2 | Baguette/Salami & Brieost: 2 | Baguette/Skagen: 2 | Fralla/Ost & Skinka: 4 | Fralla/Ost: 4 | Grönsallad/Caesarsallad: 1 | Hönökaka/Ost & Salami: 2 | Hönökaka/Ost & Skinka: 2 | Hönökaka/Ost: 2 | Pastasallad/Bacon & Kyckling: 1 | Pastasallad/Kyckling & Salladsost: 3 | Pastasallad/Kyckling kebab: 1 | Pastasallad/Kyckling mangocurry: 4 | Pastasallad/Ost & Skinka: 2 | Pastasallad/Räkor: 2 | Sandwich/Clubsandwich: 2 | Sandwich/Kyckling Curry: 2 | Sandwich/Räkor: 2 | Sandwich/Ägg & Avocadokräm: 1 | Wraps/Caesar Kyckling: 1 | Wraps/Kyckling Bacon: 2 | Wraps/Kyckling Curry: 2 | Wraps/Sweet Chili: 1 | XL Frallor/Grovfralla Kalkon & Färskost: 1 | XL Frallor/Ost & Skinka: 2 | XL Frallor/Ost: 1
Uppsala Rutt,Coop Sunnersta,Thursday,37,27~51,27,Baguette/Kyckling Curry: 1 | Baguette/Kyckling Sweet Chili: 1 | Baguette/Ost & Skinka: 1 | Baguette/Salami & Brieost: 1 | Baguette/Skagen: 1 | Fralla/Ost & Skinka: 2 | Fralla/Ost: 1 | Hönökaka/Ost & Salami: 1 | Hönökaka/Ost & Skinka: 1 | Hönökaka/Ost: 1 | Pastasallad/Bacon & Kyckling: 2 | Pastasallad/Kyckling & Salladsost: 2 | Pastasallad/Kyckling kebab: 1 | Pastasallad/Kyckling mangocurry: 2 | Pastasallad/Räkor: 2 | Sandwich/Bacon & Äggröra: 2 | Sandwich/Clubsandwich: 1 | Sandwich/Kyckling Curry: 1 | Sandwich/Räkor: 1 | Sandwich/Ägg & Avocadokräm: 1 | Wraps/Caesar Kyckling: 2 | Wraps/Kyckling Bacon: 2 | Wraps/Kyckling Curry: 2 | Wraps/Sweet Chili: 2 | XL Frallor/Grovfralla Kalkon & Färskost: 1 | XL Frallor/Ost & Skinka: 1 | XL Frallor/Ost: 1
Uppsala Rutt,Coop Västertorg,Thursday,30,16~38,22,Baguette/Kyckling Curry: 2 | Baguette/Ost & Skinka: 1 | Baguette/Salami & Brieost: 1 | Baguette/Skagen: 2 | Fralla/Ost & Skinka: 2 | Fralla/Ost: 2 | Pastasallad/Bacon & Kyckling: 2 | Pastasallad/Kyckling & Salladsost: 2 | Pastasallad/Kyckling kebab: 1 | Pastasallad/Kyckling mangocurry: 2 | Pastasallad/Räkor: 1 | Sandwich/Clubsandwich: 1 | Sandwich/Kyckling Curry: 1 | Sandwich/Räkor: 1 | Sandwich/Ägg & Avocadokräm: 1 | Wraps/Caesar Kyckling: 1 | Wraps/Kyckling Bacon: 2 | Wraps/Sweet Chili: 1 | Wraps/Wrap Curry Oumph!: 1 | XL Frallor/Grovfralla Kalkon & Färskost: 1 | XL Frallor/Ost & Skinka: 1 | XL Frallor/Ost: 1
Uppsala Rutt,Dressinen (Tisd & Fre),Thursday,10,8~16,5,Baguette/Kyckling Curry: 2 | Baguette/Ost & Skinka: 2 | Baguette/Skagen: 2 | Fralla/Ost & Skinka: 2 | Fralla/Ost: 2
Uppsala Rutt,Flogsta Närlivs,Thursday,21,11~31,20,Baguette/Kyckling Curry: 1 | Baguette/Salami & Brieost: 1 | Baguette/Skagen: 1 | Fralla/Ost & Skinka: 1 | Fralla/Ost: 1 | Hönökaka/Ost & Skinka: 1 | Hönökaka/Ost: 1 | Pastasallad/Bacon & Kyckling: 1 | Pastasallad/Kyckling & Salladsost: 1 | Pastasallad/Kyckling kebab: 1 | Pastasallad/Kyckling mangocurry: 1 | Sandwich/Clubsandwich: 1 | Sandwich/Kyckling Curry: 1 | Sandwich/Kyckling Pestoröra: 1 | Sandwich/Räkor: 1 | Varmrätt/Teriyakibiff med ris: 1 | Wraps/Caesar Kyckling: 1 | Wraps/Kyckling Curry: 2 | Wraps/Sweet Chili: 1 | XL Frallor/Ost: 1
Uppsala Rutt,Handlarn Uppsala,Thursday,13,13~26,13,Baguette/Salami & Brieost: 1 | Baguette/Skagen: 1 | Pastasallad/Bacon & Kyckling: 1 | Pastasallad/Kyckling & Salladsost: 1 | Pastasallad/Kyckling mangocurry: 1 | Pastasallad/Räkor: 1 | Sandwich/Clubsandwich: 1 | Sandwich/Kyckling Curry: 1 | Sandwich/Kyckling Pestoröra: 1 | Sandwich/Räkor: 1 | Wraps/Caesar Kyckling: 1 | Wraps/Kyckling Curry: 1 | Wraps/Sweet Chili: 1
Uppsala Rutt,ICA Brantingstorg,Thursday,23,3~26,23,Baguette/Kyckling Curry: 1 | Baguette/Ost & Skinka: 1 | Baguette/Skagen: 1 | Fralla/Ost & Skinka: 1 | Fralla/Ost: 1 | Hönökaka/Ost & Salami: 1 | Hönökaka/Ost & Skinka: 1 | Hönökaka/Ost: 1 | Pastasallad/Bacon & Kyckling: 1 | Pastasallad/Kyckling & Salladsost: 1 | Pastasallad/Kyckling mangocurry: 1 | Pastasallad/Ost & Skinka: 1 | Pastasallad/Räkor: 1 | Sandwich/Bacon & Äggröra: 1 | Sandwich/Clubsandwich: 1 | Sandwich/Kyckling Curry: 1 | Sandwich/Kyckling Pestoröra: 1 | Sandwich/Räkor: 1 | Sandwich/Ägg & Avocadokräm: 1 | Wraps/Caesar Kyckling: 1 | Wraps/Kyckling Bacon: 1 | Wraps/Sweet Chili: 1 | Wraps/Wrap Curry Oumph!: 1
Uppsala Rutt,ICA Hörnan,Thursday,54,43~55,33,Baguette/Kyckling Curry: 2 | Baguette/Kyckling Sweet Chili: 1 | Baguette/Ost & Skinka: 2 | Baguette/Salami & Brieost: 2 | Baguette/Skagen: 2 | Fralla/Ost & Skinka: 3 | Fralla/Ost: 2 | Hönökaka/Ost & Salami: 2 | Hönökaka/Ost & Skinka: 2 | Hönökaka/Ost: 2 | Pastasallad/Bacon & Kyckling: 2 | Pastasallad/Kyckling & Salladsost: 2 | Pastasallad/Kyckling kebab: 1 | Pastasallad/Kyckling mangocurry: 2 | Pastasallad/Räkor: 2 | Sandwich/Bacon & Äggröra: 1 | Sandwich/Clubsandwich: 2 | Sandwich/Kyckling Curry: 1 | Sandwich/Kyckling Pestoröra: 1 | Sandwich/Räkor: 2 | Sandwich/Ägg & Avocadokräm: 1 | Varmrätt/Cevapcici med bulgur: 1 | Varmrätt/Kyckling-och böngryta: 1 | Varmrätt/Kycklingpestosallad: 1 | Varmrätt/Kycklingspett med ris: 1 | Wraps/Caesar Kyckling: 2 | Wraps/Kyckling Bacon: 2 | Wraps/Kyckling Curry: 2 | Wraps/Sweet Chili: 2 | Wraps/Wrap Curry Oumph!: 1 | XL Frallor/Grovfralla Kalkon & Färskost: 1 | XL Frallor/Ost & Skinka: 2 | XL Frallor/Ost: 1
Uppsala Rutt,ICA Luthagen,Thursday,37,29~47,11,Pastasallad/Bacon & Kyckling: 4 | Pastasallad/Kyckling & Salladsost: 5 | Pastasallad/Kyckling mangocurry: 5 | Pastasallad/Ost & Skinka: 4 | Pastasallad/Räkor: 2 | Sandwich/Bacon & Äggröra: 2 | Sandwich/Clubsandwich: 4 | Sandwich/Kyckling Curry: 2 | Sandwich/Kyckling Pestoröra: 2 | Sandwich/Räkor: 5 | Sandwich/Ägg & Avocadokräm: 2
Uppsala Rutt,ICA SAMköp,Thursday,57,49~68,27,Baguette/Kyckling Curry: 2 | Baguette/Kyckling Sweet Chili: 1 | Baguette/Ost & Skinka: 2 | Baguette/Salami & Brieost: 2 | Baguette/Skagen: 1 | Fralla/Ost & Skinka: 3 | Fralla/Ost: 4 | Hönökaka/Ost & Salami: 1 | Hönökaka/Ost & Skinka: 2 | Hönökaka/Ost: 2 | Pastasallad/Bacon & Kyckling: 2 | Pastasallad/Kyckling & Salladsost: 5 | Pastasallad/Kyckling mangocurry: 5 | Pastasallad/Ost & Skinka: 2 | Pastasallad/Räkor: 3 | Sandwich/Bacon & Äggröra: 2 | Sandwich/Clubsandwich: 2 | Sandwich/Kyckling Curry: 2 | Sandwich/Kyckling Pestoröra: 2 | Sandwich/Räkor: 1 | Sandwich/Ägg & Avocadokräm: 1 | Wraps/Caesar Kyckling: 2 | Wraps/Kyckling Bacon: 2 | Wraps/Kyckling Curry: 2 | Wraps/Sweet Chili: 1 | XL Frallor/Grovfralla Kalkon & Färskost: 2 | XL Frallor/Ost & Skinka: 1
Uppsala Rutt,ICA Storvreta,Thursday,11,11~17,9,Pastasallad/Kyckling & Salladsost: 2 | Pastasallad/Kyckling kebab: 1 | Pastasallad/Kyckling mangocurry: 2 | Sandwich/Clubsandwich: 1 | Sandwich/Ägg & Avocadokräm: 1 | Varmrätt/Falafel med bulgur: 1 | Varmrätt/Kyckling-och böngryta: 1 | Varmrätt/Kycklingpestosallad: 1 | Varmrätt/Tacobolognese med fullkornspasta: 1
Uppsala Rutt,ICA Sävja,Thursday,35,28~48,22,Baguette/Kyckling Curry: 1 | Baguette/Ost & Skinka: 2 | Baguette/Salami & Brieost: 2 | Baguette/Skagen: 1 | Fralla/Ost & Skinka: 2 | Fralla/Ost: 2 | Hönökaka/Ost & Salami: 1 | Hönökaka/Ost & Skinka: 2 | Hönökaka/Ost: 2 | Pastasallad/Bacon & Kyckling: 1 | Pastasallad/Kyckling & Salladsost: 2 | Pastasallad/Kyckling mangocurry: 3 | Pastasallad/Räkor: 2 | Sandwich/Bacon & Äggröra: 1 | Sandwich/Clubsandwich: 2 | Sandwich/Kyckling Curry: 1 | Sandwich/Räkor: 1 | Sandwich/Ägg & Avocadokräm: 1 | Wraps/Caesar Kyckling: 1 | Wraps/Kyckling Bacon: 1 | Wraps/Kyckling Curry: 2 | Wraps/Sweet Chili: 2
Uppsala Rutt,ICA Torgkassen,Thursday,64,52~81,13,Baguette/Kyckling Curry: 3 | Baguette/Skagen: 3 | Fralla/Ost & Skinka: 8 | Fralla/Ost: 5 | Hönökaka/Ost & Salami: 9 | Hönökaka/Ost: 8 | Pastasallad/Kyckling mangocurry: 9 | Räkmacka Liten/Räkmacka liten: 3 | Sandwich/Räkor: 6 | Sandwich/Ägg & Avocadokräm: 4 | Varmrätt/Cevapcici med bulgur: 2 | Varmrätt/Teriyakibiff med ris: 2 | Varmrätt/Teriyakikycklingfile med basmatiris: 2
Uppsala Rutt,ICA Vretgränd,Thursday,86,70~108,36,Baguette/Kyckling Curry: 2 | Baguette/Kyckling Sweet Chili: 1 | Baguette/Ost & Skinka: 2 | Baguette/Salami & Brieost: 2 | Baguette/Skagen: 2 | Fralla/Ost & Skinka: 6 | Fralla/Ost: 6 | Hönökaka/Ost & Salami: 3 | Hönökaka/Ost & Skinka: 5 | Hönökaka/Ost: 4 | Pastasallad/Bacon & Kyckling: 3 | Pastasallad/Kyckling & Salladsost: 4 | Pastasallad/Kyckling mangocurry: 4 | Pastasallad/Ost & Skinka: 3 | Pastasallad/Räkor: 5 | Sandwich/Bacon & Äggröra: 2 | Sandwich/Clubsandwich: 2 | Sandwich/Kyckling Curry: 2 | Sandwich/Kyckling Pestoröra: 2 | Sandwich/Räkor: 2 | Sandwich/Ägg & Avocadokräm: 2 | Varmrätt/Cevapcici med bulgur: 1 | Varmrätt/Kyckling-och böngryta: 1 | Varmrätt/Kycklingpestosallad: 1 | Varmrätt/Pannbiff med Basmatiris: 1 | Varmrätt/Teriyakibiff med ris: 1 | Varmrätt/Teriyakikycklingfile med basmatiris: 1 | Wraps/Caesar Kyckling: 2 | Wraps/Kyckling Bacon: 1 | Wraps/Kyckling Curry: 2 | Wraps/Kycklingsallad Olivie: 1 | Wraps/Sweet Chili: 2 | Wraps/Wrap Curry Oumph!: 2 | XL Frallor/Grovfralla Kalkon & Färskost: 2 | XL Frallor/Ost & Skinka: 2 | XL Frallor/Ost: 2
Uppsala Rutt,Myway Råbyvägen,Thursday,12,12~15,9,Baguette/Kyckling Curry: 1 | Baguette/Skagen: 2 | Fralla/Ost: 2 | Hönökaka/Ost: 2 | Sandwich/Kyckling Curry: 1 | Sandwich/Kyckling Pestoröra: 1 | Sandwich/Räkor: 1 | Wraps/Kyckling Curry: 1 | Wraps/Sweet Chili: 1
Uppsala Rutt,Nelins,Thursday,60,51~85,34,Baguette/Kyckling Curry: 2 | Baguette/Kyckling Sweet Chili: 1 | Baguette/Ost & Skinka: 2 | Baguette/Salami & Brieost: 2 | Baguette/Skagen: 2 | Fralla/Ost & Skinka: 3 | Fralla/Ost: 2 | Grönsallad/Caesarsallad: 2 | Hönökaka/Ost & Salami: 1 | Hönökaka/Ost & Skinka: 2 | Hönökaka/Ost: 1 | Pastasallad/Bacon & Kyckling: 2 | Pastasallad/Kyckling & Salladsost: 3 | Pastasallad/Kyckling mangocurry: 5 | Pastasallad/Ost & Skinka: 2 | Pastasallad/Räkor: 2 | Sandwich/Bacon & Äggröra: 1 | Sandwich/Clubsandwich: 2 | Sandwich/Kyckling Curry: 1 | Sandwich/Kyckling Pestoröra: 2 | Sandwich/Räkor: 3 | Varmrätt/Cevapcici med bulgur: 1 | Varmrätt/Kyckling-och böngryta: 1 | Varmrätt/Kycklingpestosallad: 1 | Varmrätt/Pannbiff med Basmatiris: 1 | Varmrätt/Teriyakibiff med ris: 1 | Varmrätt/Teriyakikycklingfile med basmatiris: 1 | Wraps/Caesar Kyckling: 2 | Wraps/Kyckling Bacon: 1 | Wraps/Kyckling Curry: 2 | Wraps/Sweet Chili: 2 | XL Frallor/Grovfralla Kalkon & Färskost: 1 | XL Frallor/Ost & Skinka: 2 | XL Frallor/Ost: 1
Uppsala Rutt,Skafferiet L&T,Thursday,7,1~8,7,Baguette/Kyckling Curry: 1 | Baguette/Skagen: 1 | Pastasallad/Kyckling mangocurry: 1 | Varmrätt/Kycklingspett med ris: 1 | Varmrätt/Teriyakibiff med ris: 1 | Wraps/Caesar Kyckling: 1 | Wraps/Kyckling Bacon: 1
Västerås,Coop Karlfeldtsplatsen,Sunday,30,22~46,24,Baguette/Kyckling Curry: 1 | Baguette/Ost & Skinka: 1 | Baguette/Salami & Brieost: 1 | Baguette/Skagen: 1 | Fralla/Ost & Skinka: 2 | Fralla/Ost: 2 | Hönökaka/Ost & Salami: 1 | Hönökaka/Ost & Skinka: 1 | Hönökaka/Ost: 1 | Pastasallad/Kyckling & Salladsost: 2 | Pastasallad/Kyckling mangocurry: 2 | Pastasallad/Ost & Skinka: 1 | Pastasallad/Räkor: 1 | Sandwich/Bacon & Äggröra: 1 | Sandwich/Clubsandwich: 1 | Sandwich/Kyckling Curry: 2 | Sandwich/Räkor: 2 | Wraps/Caesar Kyckling: 1 | Wraps/Kyckling Bacon: 1 | Wraps/Kyckling Curry: 1 | Wraps/Sweet Chili: 1 | XL Frallor/Grovfralla Kalkon & Färskost: 1 | XL Frallor/Ost & Skinka: 1 | XL Frallor/Ost: 1
Västerås,Coop Pilgatan,Sunday,55,45~76,28,Baguette/Kyckling Curry: 1 | Baguette/Kyckling Sweet Chili: 1 | Baguette/Ost & Skinka: 2 | Baguette/Salami & Brieost: 2 | Baguette/Skagen: 1 | Fralla/Ost & Skinka: 5 | Fralla/Ost: 4 | Grönsallad/Caesarsallad: 1 | Grönsallad/Kyckling: 1 | Hönökaka/Ost & Salami: 2 | Hönökaka/Ost & Skinka: 2 | Hönökaka/Ost: 3 | Pastasallad/Kyckling & Salladsost: 4 | Pastasallad/Kyckling mangocurry: 4 | Pastasallad/Ost & Skinka: 2 | Pastasallad/Räkor: 2 | Sandwich/Bacon & Äggröra: 1 | Sandwich/Clubsandwich: 1 | Sandwich/Kyckling Curry: 2 | Sandwich/Kyckling Pestoröra: 1 | Sandwich/Räkor: 2 | Wraps/Caesar Kyckling: 2 | Wraps/Kyckling Bacon: 2 | Wraps/Kyckling Curry: 2 | Wraps/Sweet Chili: 2 | XL Frallor/Grovfralla Kalkon & Färskost: 1 | XL Frallor/Ost & Skinka: 1 | XL Frallor/Ost: 1
Västerås,Coop Stjärnan,Sunday,40,34~58,27,Baguette/Kyckling Curry: 1 | Baguette/Ost & Skinka: 1 | Baguette/Salami & Brieost: 1 | Baguette/Skagen: 2 | Fralla/Ost & Skinka: 2 | Fralla/Ost: 2 | Grönsallad/Caesarsallad: 1 | Grönsallad/Kyckling: 1 | Hönökaka/Ost & Salami: 1 | Hönökaka/Ost & Skinka: 1 | Hönökaka/Ost: 1 | Pastasallad/Kyckling & Salladsost: 3 | Pastasallad/Kyckling mangocurry: 2 | Pastasallad/Ost & Skinka: 2 | Pastasallad/Räkor: 2 | Sandwich/Bacon & Äggröra: 1 | Sandwich/Clubsandwich: 1 | Sandwich/Kyckling Curry: 2 | Sandwich/Kyckling Pestoröra: 1 | Sandwich/Räkor: 2 | Wraps/Caesar Kyckling: 1 | Wraps/Kyckling Bacon: 2 | Wraps/Kyckling Curry: 2 | Wraps/Sweet Chili: 2 | XL Frallor/Grovfralla Kalkon & Färskost: 1 | XL Frallor/Ost & Skinka: 1 | XL Frallor/Ost: 1
Västerås,Coop Västerås City(PUNKT),Sunday,58,40~78,31,Baguette/Kyckling Curry: 1 | Baguette/Ost & Skinka: 1 | Baguette/Salami & Brieost: 2 | Baguette/Skagen: 2 | Fralla/Ost & Skinka: 4 | Fralla/Ost: 5 | Grönsallad/Caesarsallad: 2 | Grönsallad/Kyckling: 2 | Hönökaka/Ost & Salami: 2 | Hönökaka/Ost & Skinka: 3 | Hönökaka/Ost: 3 | Pastasallad/Kyckling & Salladsost: 4 | Pastasallad/Kyckling mangocurry: 4 | Pastasallad/Ost & Skinka: 3 | Pastasallad/Räkor: 2 | Sandwich/Bacon & Äggröra: 1 | Sandwich/Clubsandwich: 1 | Sandwich/Kyckling Curry: 1 | Sandwich/Kyckling Pestoröra: 1 | Sandwich/Räkor: 1 | Varmrätt/Cevapcici med bulgur: 1 | Varmrätt/Kycklingspett med ris: 1 | Varmrätt/Teriyakikycklingfile med basmatiris: 1 | Wraps/Caesar Kyckling: 1 | Wraps/Kyckling Bacon: 2 | Wraps/Kyckling Curry: 2 | Wraps/Kycklingsallad Olivie: 1 | Wraps/Sweet Chili: 1 | XL Frallor/Grovfralla Kalkon & Färskost: 1 | XL Frallor/Ost & Skinka: 1 | XL Frallor/Ost: 1
Västerås,Hemköp City Västerås,Sunday,52,37~71,28,Baguette/Kyckling Curry: 1 | Baguette/Kyckling Sweet Chili: 1 | Baguette/Ost & Skinka: 1 | Baguette/Salami & Brieost: 1 | Baguette/Skagen: 1 | Fralla/Ost & Skinka: 4 | Fralla/Ost: 4 | Glutenfri Frallor/Glutenfri Ost & Skinka(endast söndagsbeställning): 1 | Hönökaka/Ost & Salami: 3 | Hönökaka/Ost & Skinka: 3 | Hönökaka/Ost: 2 | Pastasallad/Kyckling & Salladsost: 2 | Pastasallad/Kyckling mangocurry: 2 | Pastasallad/Ost & Skinka: 1 | Pastasallad/Räkor: 1 | Sandwich/Bacon & Äggröra: 2 | Sandwich/Clubsandwich: 2 | Sandwich/Kyckling Curry: 2 | Sandwich/Kyckling Pestoröra: 1 | Sandwich/Räkor: 2 | Varmrätt/Cevapcici med bulgur: 1 | Wraps/Caesar Kyckling: 2 | Wraps/Kyckling Bacon: 3 | Wraps/Kyckling Curry: 2 | Wraps/Sweet Chili: 3 | XL Frallor/Grovfralla Kalkon & Färskost: 1 | XL Frallor/Ost & Skinka: 2 | XL Frallor/Ost: 1
Västerås,Hemköp Malmaberg,Sunday,64,51~84,30,Baguette/Kyckling Curry: 1 | Baguette/Kyckling Sweet Chili: 1 | Baguette/Ost & Skinka: 1 | Baguette/Salami & Brieost: 2 | Baguette/Skagen: 2 | Fralla/Ost & Skinka: 3 | Fralla/Ost: 3 | Grönsallad/Caesarsallad: 2 | Grönsallad/Kyckling: 2 | Hönökaka/Ost & Salami: 2 | Hönökaka/Ost & Skinka: 3 | Hönökaka/Ost: 3 | Pastasallad/Bacon & Kyckling: 2 | Pastasallad/Kyckling & Salladsost: 4 | Pastasallad/Kyckling mangocurry: 5 | Pastasallad/Ost & Skinka: 3 | Pastasallad/Räkor: 4 | Sandwich/Bacon & Äggröra: 1 | Sandwich/Clubsandwich: 2 | Sandwich/Kyckling Curry: 2 | Sandwich/Kyckling Pestoröra: 1 | Sandwich/Räkor: 2 | Varmrätt/Pannbiff med Basmatiris: 1 | Wraps/Caesar Kyckling: 1 | Wraps/Kyckling Bacon: 2 | Wraps/Kyckling Curry: 2 | Wraps/Sweet Chili: 2 | XL Frallor/Grovfralla Kalkon & Färskost: 2 | XL Frallor/Ost & Skinka: 2 | XL Frallor/Ost: 1
Västerås,ICA Ettan,Sunday,30,11~35,25,Baguette/Kyckling Curry: 1 | Baguette/Ost & Skinka: 1 | Baguette/Skagen: 1 | Fralla/Ost & Skinka: 1 | Fralla/Ost: 1 | Grönsallad/Caesarsallad: 1 | Grönsallad/Kyckling: 1 | Hönökaka/Ost & Skinka: 1 | Hönökaka/Ost: 1 | Pastasallad/Kyckling & Salladsost: 1 | Pastasallad/Kyckling mangocurry: 1 | Pastasallad/Ost & Skinka: 1 | Pastasallad/Räkor: 2 | Sandwich/Clubsandwich: 1 | Sandwich/Kyckling Curry: 1 | Sandwich/Kyckling Pestoröra: 1 | Sandwich/Räkor: 1 | Varmrätt/Cevapcici med bulgur: 1 | Varmrätt/Teriyakikycklingfile med basmatiris: 1 | Wraps/Caesar Kyckling: 2 | Wraps/Kyckling Bacon: 2 | Wraps/Kyckling Curry: 2 | Wraps/Sweet Chili: 2 | XL Frallor/Grovfralla Kalkon & Färskost: 1 | XL Frallor/Ost & Skinka: 1
Västerås,ICA Grytan,Sunday,31,26~42,9,Fralla/Ost & Skinka: 6 | Fralla/Ost: 4 | Pastasallad/Bacon & Kyckling: 3 | Pastasallad/Falafel: 1 | Pastasallad/Kyckling & Salladsost: 4 | Pastasallad/Kyckling kebab: 2 | Pastasallad/Kyckling mangocurry: 5 | Pastasallad/Ost & Skinka: 2 | Pastasallad/Räkor: 4
Västerås,ICA Hökåsen,Sunday,25,20~36,15,Baguette/Kyckling Curry: 1 | Baguette/Ost & Skinka: 1 | Baguette/Salami & Brieost: 1 | Baguette/Skagen: 1 | Pastasallad/Kyckling & Salladsost: 4 | Pastasallad/Kyckling mangocurry: 4 | Pastasallad/Räkor: 3 | Sandwich/Bacon & Äggröra: 1 | Sandwich/Clubsandwich: 1 | Sandwich/Kyckling Curry: 1 | Sandwich/Räkor: 1 | Wraps/Caesar Kyckling: 1 | Wraps/Kyckling Bacon: 2 | Wraps/Kyckling Curry: 2 | Wraps/Sweet Chili: 1
Västerås,ICA Råby,Sunday,46,32~62,28,Baguette/Kyckling Curry: 2 | Baguette/Ost & Skinka: 1 | Baguette/Salami & Brieost: 1 | Baguette/Skagen: 1 | Fralla/Ost & Skinka: 3 | Fralla/Ost: 3 | Grönsallad/Caesarsallad: 1 | Grönsallad/Kyckling: 1 | Hönökaka/Ost & Salami: 2 | Hönökaka/Ost & Skinka: 2 | Hönökaka/Ost: 2 | Pastasallad/Kyckling & Salladsost: 3 | Pastasallad/Kyckling kebab: 1 | Pastasallad/Kyckling mangocurry: 4 | Pastasallad/Ost & Skinka: 2 | Pastasallad/Räkor: 2 | Sandwich/Clubsandwich: 1 | Sandwich/Kyckling Curry: 1 | Sandwich/Räkor: 1 | Varmrätt/Cevapcici med bulgur: 1 | Varmrätt/Teriyakibiff med ris: 1 | Wraps/Caesar Kyckling: 1 | Wraps/Kyckling Bacon: 2 | Wraps/Kyckling Curry: 2 | Wraps/Sweet Chili: 2 | XL Frallor/Grovfralla Kalkon & Färskost: 1 | XL Frallor/Ost & Skinka: 1 | XL Frallor/Ost: 1
Västerås,ICA SKiljebo,Sunday,35,27~50,23,Baguette/Kyckling Curry: 1 | Baguette/Salami & Brieost: 1 | Baguette/Skagen: 1 | Fralla/Ost & Skinka: 2 | Fralla/Ost: 2 | Grönsallad/Caesarsallad: 2 | Grönsallad/Kyckling: 1 | Hönökaka/Ost & Salami: 1 | Hönökaka/Ost & Skinka: 1 | Hönökaka/Ost: 1 | Pastasallad/Kyckling & Salladsost: 3 | Pastasallad/Kyckling mangocurry: 4 | Pastasallad/Ost & Skinka: 2 | Pastasallad/Räkor: 3 | Sandwich/Clubsandwich: 1 | Sandwich/Kyckling Curry: 2 | Sandwich/Kyckling Pestoröra: 1 | Sandwich/Räkor: 1 | Wraps/Caesar Kyckling: 1 | Wraps/Kyckling Bacon: 1 | Wraps/Kyckling Curry: 1 | Wraps/Sweet Chili: 1 | XL Frallor/Ost & Skinka: 1
Västerås,ICA Sjöhagen,Sunday,1,1~2,1,Varmrätt/Kycklingkebab med bulgur: 1
Västerås,ICA Viksäng,Sunday,52,37~70,31,Baguette/Kyckling Curry: 1 | Baguette/Ost & Skinka: 1 | Baguette/Salami & Brieost: 1 | Baguette/Skagen: 1 | Fralla/Ost & Skinka: 3 | Fralla/Ost: 2 | Grönsallad/Caesarsallad: 1 | Grönsallad/Kyckling: 1 | Hönökaka/Ost & Salami: 2 | Hönökaka/Ost & Skinka: 2 | Hönökaka/Ost: 1 | Pastasallad/Bacon & Kyckling: 1 | Pastasallad/Kyckling & Salladsost: 4 | Pastasallad/Kyckling mangocurry: 4 | Pastasallad/Ost & Skinka: 3 | Pastasallad/Räkor: 3 | Sandwich/Bacon & Äggröra: 1 | Sandwich/Clubsandwich: 1 | Sandwich/Kyckling Curry: 2 | Sandwich/Kyckling Pestoröra: 1 | Sandwich/Räkor: 2 | Sandwich/Ägg & Avocadokräm: 1 | Varmrätt/Cevapcici med bulgur: 1 | Varmrätt/Pannbiff med Basmatiris: 1 | Varmrätt/Teriyakikycklingfile med basmatiris: 1 | Wraps/Caesar Kyckling: 2 | Wraps/Kyckling Bacon: 2 | Wraps/Kyckling Curry: 2 | Wraps/Sweet Chili: 2 | XL Frallor/Grovfralla Kalkon & Färskost: 1 | XL Frallor/Ost & Skinka: 1
Västerås,ICA Väst,Sunday,90,77~118,30,Baguette/Kyckling Curry: 3 | Baguette/Kyckling Sweet Chili: 3 | Baguette/Kycklingsallad Olivie: 1 | Baguette/Ost & Skinka: 2 | Baguette/Salami & Brieost: 3 | Baguette/Skagen: 4 | Fralla/Ost & Skinka: 3 | Fralla/Ost: 4 | Grönsallad/Caesarsallad: 2 | Grönsallad/Kyckling: 1 | Hönökaka/Ost & Salami: 3 | Hönökaka/Ost & Skinka: 3 | Hönökaka/Ost: 3 | Pastasallad/Kyckling & Salladsost: 8 | Pastasallad/Kyckling mangocurry: 8 | Pastasallad/Ost & Skinka: 5 | Pastasallad/Räkor: 6 | Sandwich/Bacon & Äggröra: 1 | Sandwich/Clubsandwich: 2 | Sandwich/Kyckling Curry: 2 | Sandwich/Kyckling Pestoröra: 1 | Sandwich/Räkor: 2 | Sandwich/Ägg & Avocadokräm: 1 | Wraps/Caesar Kyckling: 4 | Wraps/Kyckling Bacon: 4 | Wraps/Kyckling Curry: 4 | Wraps/Sweet Chili: 4 | XL Frallor/Grovfralla Kalkon & Färskost: 1 | XL Frallor/Ost & Skinka: 1 | XL Frallor/Ost: 1
Västerås,Spel o kiosk city,Sunday,1,0~1,1,Fralla/Ost: 1
Västerås,Stora Coop Enköping,Sunday,111,85~139,39,Baguette/Kyckling Curry: 3 | Baguette/Kyckling Sweet Chili: 2 | Baguette/Ost & Skinka: 2 | Baguette/Salami & Brieost: 3 | Baguette/Skagen: 4 | Fralla/Ost & Skinka: 6 | Fralla/Ost: 4 | Glutenfri Frallor/Glutenfri Ost & Skinka(endast söndagsbeställning): 1 | Glutenfri Frallor/Glutenfri Ost(endast söndagsbeställning): 1 | Grönsallad/Caesarsallad: 2 | Grönsallad/Kyckling: 1 | Hönökaka/Ost & Salami: 3 | Hönökaka/Ost & Skinka: 3 | Hönökaka/Ost: 4 | Pastasallad/Bacon & Kyckling: 2 | Pastasallad/Falafel: 2 | Pastasallad/Kyckling & Salladsost: 6 | Pastasallad/Kyckling kebab: 2 | Pastasallad/Kyckling mangocurry: 6 | Pastasallad/Ost & Skinka: 4 | Pastasallad/Räkor: 5 | Sandwich/Bacon & Äggröra: 3 | Sandwich/Clubsandwich: 2 | Sandwich/Kyckling Curry: 2 | Sandwich/Kyckling Pestoröra: 2 | Sandwich/Räkor: 3 | Sandwich/Ägg & Avocadokräm: 1 | Varmrätt/Cevapcici med bulgur: 1 | Varmrätt/Kycklingpestosallad: 1 | Varmrätt/Teriyakikycklingfile med basmatiris: 1 | Wraps/Caesar Kyckling: 6 | Wraps/Kyckling Bacon: 5 | Wraps/Kyckling Curry: 5 | Wraps/Kycklingsallad Olivie: 1 | Wraps/Sweet Chili: 5 | Wraps/Wrap Curry Oumph!: 2 | XL Frallor/Grovfralla Kalkon & Färskost: 2 | XL Frallor/Ost & Skinka: 2 | XL Frallor/Ost: 1
Västerås,Tempo Fjärdhundra,Sunday,16,0~16,16,Baguette/Ost & Skinka: 1 | Baguette/Salami & Brieost: 1 | Fralla/Ost & Skinka: 1 | Fralla/Ost: 1 | Pastasallad/Kyckling & Salladsost: 1 | Pastasallad/Kyckling mangocurry: 1 | Pastasallad/Ost & Skinka: 1 | Pastasallad/Räkor: 1 | Sandwich/Bacon & Äggröra: 1 | Sandwich/Clubsandwich: 1 | Sandwich/Kyckling Curry: 1 | Sandwich/Räkor: 1 | Wraps/Caesar Kyckling: 1 | Wraps/Kyckling Bacon: 1 | Wraps/Kyckling Curry: 1 | Wraps/Sweet Chili: 1
Västerås,Tempo skallberget,Sunday,2,0~2,2,Wraps/Kyckling Bacon: 1 | Wraps/Kyckling Curry: 1
Västerås,X-tra Bangatan,Sunday,25,16~37,21,Baguette/Kyckling Curry: 1 | Baguette/Salami & Brieost: 1 | Baguette/Skagen: 1 | Fralla/Ost & Skinka: 2 | Fralla/Ost: 2 | Grönsallad/Kyckling: 1 | Hönökaka/Ost & Salami: 1 | Hönökaka/Ost & Skinka: 1 | Hönökaka/Ost: 1 | Pastasallad/Kyckling & Salladsost: 2 | Pastasallad/Kyckling mangocurry: 2 | Pastasallad/Ost & Skinka: 1 | Pastasallad/Räkor: 1 | Sandwich/Bacon & Äggröra: 1 | Sandwich/Clubsandwich: 1 | Sandwich/Kyckling Curry: 1 | Sandwich/Räkor: 1 | Wraps/Kyckling Bacon: 1 | Wraps/Kyckling Curry: 1 | Wraps/Sweet Chili: 1 | XL Frallor/Ost: 1
Västerås,X-tra Stengatan,Sunday,40,28~54,26,Baguette/Kyckling Curry: 2 | Baguette/Ost & Skinka: 1 | Baguette/Salami & Brieost: 1 | Baguette/Skagen: 2 | Fralla/Ost & Skinka: 2 | Fralla/Ost: 1 | Grönsallad/Caesarsallad: 1 | Grönsallad/Kyckling: 1 | Hönökaka/Ost & Salami: 1 | Hönökaka/Ost & Skinka: 1 | Hönökaka/Ost: 1 | Pastasallad/Kyckling & Salladsost: 3 | Pastasallad/Kyckling mangocurry: 2 | Pastasallad/Ost & Skinka: 2 | Pastasallad/Räkor: 2 | Sandwich/Bacon & Äggröra: 1 | Sandwich/Clubsandwich: 1 | Sandwich/Kyckling Curry: 2 | Sandwich/Kyckling Pestoröra: 1 | Sandwich/Räkor: 2 | Varmrätt/Cevapcici med bulgur: 1 | Wraps/Caesar Kyckling: 2 | Wraps/Kyckling Bacon: 2 | Wraps/Kyckling Curry: 2 | Wraps/Sweet Chili: 2 | XL Frallor/Grovfralla Kalkon & Färskost: 1
Västerås,X-tra viksäng,Sunday,12,2~14,12,Fralla/Ost & Skinka: 1 | Pastasallad/Kyckling & Salladsost: 1 | Pastasallad/Kyckling mangocurry: 1 | Pastasallad/Ost & Skinka: 1 | Pastasallad/Räkor: 1 | Sandwich/Kyckling Curry: 1 | Varmrätt/Cevapcici med bulgur: 1 | Varmrätt/Teriyakikycklingfile med basmatiris: 1 | Wraps/Caesar Kyckling: 1 | Wraps/Kyckling Bacon: 1 | Wraps/Kyckling Curry: 1 | Wraps/Sweet Chili: 1
Västerås,Xtra Surahammar,Sunday,18,15~30,16,Baguette/Kyckling Curry: 1 | Baguette/Kyckling Sweet Chili: 1 | Baguette/Salami & Brieost: 1 | Baguette/Skagen: 1 | Fralla/Ost & Skinka: 1 | Fralla/Ost: 1 | Pastasallad/Kyckling & Salladsost: 2 | Pastasallad/Kyckling mangocurry: 2 | Pastasallad/Ost & Skinka: 1 | Pastasallad/Räkor: 1 | Varmrätt/Cevapcici med bulgur: 1 | Varmrätt/Tacobolognese med fullkornspasta: 1 | Wraps/Caesar Kyckling: 1 | Wraps/Kyckling Bacon: 1 | Wraps/Kyckling Curry: 1 | Wraps/Sweet Chili: 1
Västerås,Xtra igor,Sunday,27,16~38,21,Baguette/Ost & Skinka: 1 | Baguette/Salami & Brieost: 2 | Baguette/Skagen: 1 | Glutenfri Frallor/Glutenfri Pumpafralla Kalkon & Färskost(endast söndagsbeställning): 1 | Grönsallad/Caesarsallad: 1 | Grönsallad/Kyckling: 1 | Pastasallad/Kyckling & Salladsost: 2 | Pastasallad/Kyckling mangocurry: 3 | Pastasallad/Ost & Skinka: 1 | Pastasallad/Räkor: 1 | Sandwich/Bacon & Äggröra: 1 | Sandwich/Clubsandwich: 1 | Sandwich/Kyckling Curry: 1 | Sandwich/Räkor: 1 | Wraps/Caesar Kyckling: 2 | Wraps/Kyckling Bacon: 2 | Wraps/Kyckling Curry: 1 | Wraps/Kycklingsallad Olivie: 1 | Wraps/Sweet Chili: 1 | XL Frallor/Grovfralla Kalkon & Färskost: 1 | XL Frallor/Ost: 1
Västerås,Coop Karlfeldtsplatsen,Monday,2,1~2,2,Pastasallad/Kyckling & Salladsost: 1 | Pastasallad/Kyckling mangocurry: 1
Västerås,Coop Pilgatan,Monday,13,8~16,12,Baguette/Salami & Brieost: 1 | Fralla/Ost & Skinka: 2 | Fralla/Ost: 1 | Hönökaka/Ost & Salami: 1 | Hönökaka/Ost & Skinka: 1 | Hönökaka/Ost: 1 | Pastasallad/Kyckling & Salladsost: 1 | Pastasallad/Kyckling mangocurry: 1 | Pastasallad/Räkor: 1 | Wraps/Caesar Kyckling: 1 | Wraps/Kyckling Bacon: 1 | Wraps/Kyckling Curry: 1
Västerås,Coop Stjärnan,Monday,9,3~9,9,Fralla/Ost & Skinka: 1 | Fralla/Ost: 1 | Pastasallad/Kyckling & Salladsost: 1 | Pastasallad/Kyckling mangocurry: 1 | Pastasallad/Räkor: 1 | Sandwich/Kyckling Curry: 1 | Sandwich/Räkor: 1 | Wraps/Kyckling Curry: 1 | Wraps/Sweet Chili: 1
Västerås,Coop Västerås City(PUNKT),Monday,11,9~13,9,Fralla/Ost & Skinka: 2 | Fralla/Ost: 2 | Hönökaka/Ost & Salami: 1 | Hönökaka/Ost & Skinka: 1 | Hönökaka/Ost: 1 | Pastasallad/Kyckling & Salladsost: 1 | Pastasallad/Kyckling mangocurry: 1 | Pastasallad/Ost & Skinka: 1 | Pastasallad/Räkor: 1
Västerås,Hemköp City Västerås,Monday,11,9~13,11,Fralla/Ost & Skinka: 1 | Fralla/Ost: 1 | Hönökaka/Ost & Salami: 1 | Hönökaka/Ost & Skinka: 1 | Hönökaka/Ost: 1 | Pastasallad/Kyckling mangocurry: 1 | Sandwich/Räkor: 1 | Wraps/Kyckling Bacon: 1 | Wraps/Kyckling Curry: 1 | Wraps/Sweet Chili: 1 | XL Frallor/Ost & Skinka: 1
Västerås,Hemköp Malmaberg,Monday,18,13~19,16,Baguette/Salami & Brieost: 1 | Fralla/Ost & Skinka: 1 | Fralla/Ost: 1 | Hönökaka/Ost & Salami: 1 | Hönökaka/Ost & Skinka: 1 | Hönökaka/Ost: 1 | Pastasallad/Bacon & Kyckling: 1 | Pastasallad/Kyckling & Salladsost: 2 | Pastasallad/Kyckling mangocurry: 2 | Pastasallad/Ost & Skinka: 1 | Pastasallad/Räkor: 1 | Sandwich/Clubsandwich: 1 | Sandwich/Kyckling Curry: 1 | Sandwich/Räkor: 1 | Wraps/Kyckling Bacon: 1 | Wraps/Kyckling Curry: 1
Västerås,ICA Ettan,Monday,1,0~1,1,Wraps/Kyckling Bacon: 1
Västerås,ICA Grytan,Monday,11,8~14,8,Fralla/Ost & Skinka: 2 | Fralla/Ost: 1 | Pastasallad/Bacon & Kyckling: 1 | Pastasallad/Kyckling & Salladsost: 2 | Pastasallad/Kyckling kebab: 1 | Pastasallad/Kyckling mangocurry: 2 | Pastasallad/Ost & Skinka: 1 | Pastasallad/Räkor: 1
Västerås,ICA Hökåsen,Monday,4,3~6,4,Pastasallad/Kyckling & Salladsost: 1 | Pastasallad/Kyckling mangocurry: 1 | Pastasallad/Räkor: 1 | Wraps/Kyckling Curry: 1
Västerås,ICA Råby,Monday,8,6~9,8,Fralla/Ost & Skinka: 1 | Fralla/Ost: 1 | Hönökaka/Ost & Salami: 1 | Hönökaka/Ost: 1 | Pastasallad/Kyckling & Salladsost: 1 | Pastasallad/Kyckling mangocurry: 1 | Pastasallad/Räkor: 1 | Wraps/Kyckling Bacon: 1
Västerås,ICA SKiljebo,Monday,6,4~7,6,Fralla/Ost & Skinka: 1 | Fralla/Ost: 1 | Pastasallad/Kyckling & Salladsost: 1 | Pastasallad/Kyckling mangocurry: 1 | Pastasallad/Räkor: 1 | Sandwich/Kyckling Curry: 1
Västerås,ICA Viksäng,Monday,10,8~12,10,Fralla/Ost & Skinka: 1 | Fralla/Ost: 1 | Hönökaka/Ost & Skinka: 1 | Pastasallad/Kyckling & Salladsost: 1 | Pastasallad/Kyckling mangocurry: 1 | Pastasallad/Ost & Skinka: 1 | Pastasallad/Räkor: 1 | Sandwich/Räkor: 1 | Wraps/Caesar Kyckling: 1 | Wraps/Kyckling Curry: 1
Västerås,ICA Väst,Monday,27,20~33,20,Baguette/Kyckling Curry: 1 | Baguette/Kyckling Sweet Chili: 1 | Baguette/Ost & Skinka: 1 | Baguette/Salami & Brieost: 1 | Baguette/Skagen: 1 | Fralla/Ost & Skinka: 1 | Fralla/Ost: 1 | Grönsallad/Caesarsallad: 1 | Hönökaka/Ost & Salami: 1 | Hönökaka/Ost & Skinka: 1 | Hönökaka/Ost: 1 | Pastasallad/Kyckling & Salladsost: 2 | Pastasallad/Kyckling mangocurry: 3 | Pastasallad/Ost & Skinka: 2 | Pastasallad/Räkor: 2 | Sandwich/Kyckling Curry: 1 | Wraps/Caesar Kyckling: 1 | Wraps/Kyckling Bacon: 2 | Wraps/Kyckling Curry: 2 | Wraps/Sweet Chili: 1
Västerås,Stora Coop Enköping,Monday,34,24~37,25,Baguette/Kyckling Curry: 1 | Baguette/Ost & Skinka: 1 | Baguette/Salami & Brieost: 1 | Baguette/Skagen: 1 | Fralla/Ost & Skinka: 2 | Fralla/Ost: 2 | Grönsallad/Caesarsallad: 1 | Hönökaka/Ost & Salami: 1 | Hönökaka/Ost & Skinka: 1 | Hönökaka/Ost: 1 | Pastasallad/Kyckling & Salladsost: 2 | Pastasallad/Kyckling mangocurry: 2 | Pastasallad/Ost & Skinka: 1 | Pastasallad/Räkor: 2 | Sandwich/Bacon & Äggröra: 1 | Sandwich/Clubsandwich: 1 | Sandwich/Kyckling Curry: 1 | Sandwich/Räkor: 1 | Wraps/Caesar Kyckling: 2 | Wraps/Kyckling Bacon: 2 | Wraps/Kyckling Curry: 2 | Wraps/Sweet Chili: 2 | Wraps/Wrap Curry Oumph!: 1 | XL Frallor/Grovfralla Kalkon & Färskost: 1 | XL Frallor/Ost & Skinka: 1
Västerås,X-tra Stengatan,Monday,3,2~3,3,Pastasallad/Kyckling & Salladsost: 1 | Pastasallad/Kyckling mangocurry: 1 | Pastasallad/Räkor: 1
Västerås,Xtra Surahammar,Monday,1,0~1,1,Pastasallad/Kyckling & Salladsost: 1
Västerås,Xtra igor,Monday,2,1~2,2,Pastasallad/Kyckling & Salladsost: 1 | Pastasallad/Kyckling mangocurry: 1
Västerås,Coop Karlfeldtsplatsen,Tuesday,22,8~26,20,Baguette/Kyckling Curry: 1 | Baguette/Ost & Skinka: 1 | Baguette/Salami & Brieost: 1 | Fralla/Ost & Skinka: 1 | Fralla/Ost: 1 | Hönökaka/Ost & Salami: 1 | Hönökaka/Ost & Skinka: 1 | Pastasallad/Kyckling & Salladsost: 2 | Pastasallad/Kyckling mangocurry: 2 | Pastasallad/Ost & Skinka: 1 | Pastasallad/Räkor: 1 | Sandwich/Bacon & Äggröra: 1 | Sandwich/Clubsandwich: 1 | Sandwich/Kyckling Curry: 1 | Sandwich/Räkor: 1 | Wraps/Caesar Kyckling: 1 | Wraps/Kyckling Bacon: 1 | Wraps/Kyckling Curry: 1 | Wraps/Sweet Chili: 1 | XL Frallor/Ost: 1
Västerås,Coop Pilgatan,Tuesday,44,29~53,28,Baguette/Kyckling Curry: 1 | Baguette/Kyckling Sweet Chili: 1 | Baguette/Ost & Skinka: 1 | Baguette/Salami & Brieost: 1 | Baguette/Skagen: 1 | Fralla/Ost & Skinka: 4 | Fralla/Ost: 3 | Grönsallad/Caesarsallad: 1 | Grönsallad/Kyckling: 1 | Hönökaka/Ost & Salami: 2 | Hönökaka/Ost & Skinka: 2 | Hönökaka/Ost: 2 | Pastasallad/Kyckling & Salladsost: 3 | Pastasallad/Kyckling mangocurry: 3 | Pastasallad/Ost & Skinka: 1 | Pastasallad/Räkor: 2 | Sandwich/Bacon & Äggröra: 1 | Sandwich/Clubsandwich: 1 | Sandwich/Kyckling Curry: 1 | Sandwich/Kyckling Pestoröra: 1 | Sandwich/Räkor: 1 | Wraps/Caesar Kyckling: 2 | Wraps/Kyckling Bacon: 2 | Wraps/Kyckling Curry: 2 | Wraps/Sweet Chili: 1 | XL Frallor/Grovfralla Kalkon & Färskost: 1 | XL Frallor/Ost & Skinka: 1 | XL Frallor/Ost: 1
Västerås,Coop Stjärnan,Tuesday,30,19~38,25,Baguette/Kyckling Curry: 1 | Baguette/Ost & Skinka: 1 | Baguette/Salami & Brieost: 1 | Baguette/Skagen: 1 | Fralla/Ost & Skinka: 2 | Fralla/Ost: 1 | Grönsallad/Caesarsallad: 1 | Grönsallad/Kyckling: 1 | Hönökaka/Ost & Salami: 1 | Hönökaka/Ost & Skinka: 1 | Hönökaka/Ost: 1 | Pastasallad/Kyckling & Salladsost: 2 | Pastasallad/Kyckling mangocurry: 2 | Pastasallad/Ost & Skinka: 1 | Pastasallad/Räkor: 2 | Sandwich/Bacon & Äggröra: 1 | Sandwich/Clubsandwich: 1 | Sandwich/Kyckling Curry: 1 | Sandwich/Kyckling Pestoröra: 1 | Sandwich/Räkor: 2 | Wraps/Caesar Kyckling: 1 | Wraps/Kyckling Bacon: 1 | Wraps/Kyckling Curry: 1 | Wraps/Sweet Chili: 1 | XL Frallor/Ost & Skinka: 1
Västerås,Coop Västerås City(PUNKT),Tuesday,39,28~51,25,Baguette/Kyckling Curry: 1 | Baguette/Ost & Skinka: 1 | Baguette/Salami & Brieost: 1 | Baguette/Skagen: 1 | Fralla/Ost & Skinka: 3 | Fralla/Ost: 4 | Grönsallad/Caesarsallad: 1 | Grönsallad/Kyckling: 1 | Hönökaka/Ost & Salami: 2 | Hönökaka/Ost & Skinka: 2 | Hönökaka/Ost: 2 | Pastasallad/Kyckling & Salladsost: 3 | Pastasallad/Kyckling mangocurry: 3 | Pastasallad/Ost & Skinka: 2 | Pastasallad/Räkor: 2 | Sandwich/Bacon & Äggröra: 1 | Sandwich/Kyckling Curry: 1 | Sandwich/Kyckling Pestoröra: 1 | Wraps/Caesar Kyckling: 1 | Wraps/Kyckling Bacon: 1 | Wraps/Kyckling Curry: 1 | Wraps/Sweet Chili: 1 | XL Frallor/Grovfralla Kalkon & Färskost: 1 | XL Frallor/Ost & Skinka: 1 | XL Frallor/Ost: 1
Västerås,Hemköp City Västerås,Tuesday,37,28~48,24,Baguette/Kyckling Curry: 1 | Baguette/Ost & Skinka: 1 | Baguette/Salami & Brieost: 1 | Baguette/Skagen: 1 | Fralla/Ost & Skinka: 3 | Fralla/Ost: 3 | Hönökaka/Ost & Salami: 2 | Hönökaka/Ost & Skinka: 2 | Hönökaka/Ost: 2 | Pastasallad/Kyckling & Salladsost: 1 | Pastasallad/Kyckling mangocurry: 2 | Pastasallad/Ost & Skinka: 1 | Pastasallad/Räkor: 1 | Sandwich/Bacon & Äggröra: 1 | Sandwich/Clubsandwich: 1 | Sandwich/Kyckling Curry: 1 | Sandwich/Räkor: 2 | Wraps/Caesar Kyckling: 1 | Wraps/Kyckling Bacon: 2 | Wraps/Kyckling Curry: 2 | Wraps/Sweet Chili: 2 | XL Frallor/Grovfralla Kalkon & Färskost: 1 | XL Frallor/Ost & Skinka: 2 | XL Frallor/Ost: 1
Västerås,Hemköp Malmaberg,Tuesday,46,34~59,27,Baguette/Kyckling Curry: 1 | Baguette/Ost & Skinka: 1 | Baguette/Salami & Brieost: 2 | Baguette/Skagen: 1 | Fralla/Ost & Skinka: 2 | Fralla/Ost: 2 | Grönsallad/Caesarsallad: 1 | Grönsallad/Kyckling: 1 | Hönökaka/Ost & Salami: 2 | Hönökaka/Ost & Skinka: 2 | Hönökaka/Ost: 2 | Pastasallad/Bacon & Kyckling: 2 | Pastasallad/Kyckling & Salladsost: 3 | Pastasallad/Kyckling mangocurry: 4 | Pastasallad/Ost & Skinka: 2 | Pastasallad/Räkor: 3 | Sandwich/Clubsandwich: 1 | Sandwich/Kyckling Curry: 2 | Sandwich/Kyckling Pestoröra: 1 | Sandwich/Räkor: 2 | Wraps/Caesar Kyckling: 1 | Wraps/Kyckling Bacon: 2 | Wraps/Kyckling Curry: 2 | Wraps/Sweet Chili: 1 | XL Frallor/Grovfralla Kalkon & Färskost: 1 | XL Frallor/Ost & Skinka: 1 | XL Frallor/Ost: 1
Västerås,ICA Ettan,Tuesday,10,7~15,10,Fralla/Ost & Skinka: 1 | Pastasallad/Kyckling & Salladsost: 1 | Pastasallad/Kyckling mangocurry: 1 | Pastasallad/Räkor: 1 | Sandwich/Clubsandwich: 1 | Varmrätt/Teriyakikycklingfile med basmatiris: 1 | Wraps/Caesar Kyckling: 1 | Wraps/Kyckling Bacon: 1 | Wraps/Kyckling Curry: 1 | Wraps/Sweet Chili: 1
Västerås,ICA Grytan,Tuesday,25,19~30,9,Fralla/Ost & Skinka: 5 | Fralla/Ost: 3 | Pastasallad/Bacon & Kyckling: 2 | Pastasallad/Falafel: 1 | Pastasallad/Kyckling & Salladsost: 3 | Pastasallad/Kyckling kebab: 2 | Pastasallad/Kyckling mangocurry: 4 | Pastasallad/Ost & Skinka: 2 | Pastasallad/Räkor: 3
Västerås,ICA Hökåsen,Tuesday,20,14~22,14,Baguette/Kyckling Curry: 1 | Baguette/Salami & Brieost: 1 | Baguette/Skagen: 1 | Pastasallad/Kyckling & Salladsost: 3 | Pastasallad/Kyckling mangocurry: 3 | Pastasallad/Räkor: 2 | Sandwich/Bacon & Äggröra: 1 | Sandwich/Clubsandwich: 1 | Sandwich/Kyckling Curry: 1 | Sandwich/Räkor: 1 | Wraps/Caesar Kyckling: 1 | Wraps/Kyckling Bacon: 1 | Wraps/Kyckling Curry: 2 | Wraps/Sweet Chili: 1
Västerås,ICA Råby,Tuesday,31,23~40,23,Baguette/Kyckling Curry: 1 | Baguette/Ost & Skinka: 1 | Baguette/Salami & Brieost: 1 | Baguette/Skagen: 1 | Fralla/Ost & Skinka: 2 | Fralla/Ost: 2 | Hönökaka/Ost & Salami: 2 | Hönökaka/Ost & Skinka: 1 | Hönökaka/Ost: 2 | Pastasallad/Kyckling & Salladsost: 2 | Pastasallad/Kyckling kebab: 1 | Pastasallad/Kyckling mangocurry: 3 | Pastasallad/Ost & Skinka: 1 | Pastasallad/Räkor: 2 | Sandwich/Clubsandwich: 1 | Sandwich/Kyckling Curry: 1 | Sandwich/Räkor: 1 | Wraps/Caesar Kyckling: 1 | Wraps/Kyckling Bacon: 1 | Wraps/Kyckling Curry: 1 | Wraps/Sweet Chili: 1 | XL Frallor/Grovfralla Kalkon & Färskost: 1 | XL Frallor/Ost & Skinka: 1
Västerås,ICA SKiljebo,Tuesday,25,15~30,19,Baguette/Kyckling Curry: 1 | Baguette/Skagen: 1 | Fralla/Ost & Skinka: 1 | Fralla/Ost: 2 | Grönsallad/Caesarsallad: 1 | Grönsallad/Kyckling: 1 | Hönökaka/Ost & Skinka: 1 | Hönökaka/Ost: 1 | Pastasallad/Kyckling & Salladsost: 2 | Pastasallad/Kyckling mangocurry: 3 | Pastasallad/Ost & Skinka: 1 | Pastasallad/Räkor: 2 | Sandwich/Clubsandwich: 1 | Sandwich/Kyckling Curry: 2 | Sandwich/Kyckling Pestoröra: 1 | Sandwich/Räkor: 1 | Wraps/Kyckling Bacon: 1 | Wraps/Kyckling Curry: 1 | XL Frallor/Ost & Skinka: 1
Västerås,ICA Sjöhagen,Tuesday,1,1~1,1,Varmrätt/Kycklingkebab med bulgur: 1
Västerås,ICA Viksäng,Tuesday,34,27~45,24,Baguette/Kyckling Curry: 1 | Baguette/Salami & Brieost: 1 | Baguette/Skagen: 1 | Fralla/Ost & Skinka: 2 | Fralla/Ost: 2 | Grönsallad/Caesarsallad: 1 | Grönsallad/Kyckling: 1 | Hönökaka/Ost & Salami: 1 | Hönökaka/Ost & Skinka: 1 | Hönökaka/Ost: 1 | Pastasallad/Bacon & Kyckling: 1 | Pastasallad/Kyckling & Salladsost: 3 | Pastasallad/Kyckling mangocurry: 3 | Pastasallad/Ost & Skinka: 2 | Pastasallad/Räkor: 2 | Sandwich/Kyckling Curry: 1 | Sandwich/Kyckling Pestoröra: 1 | Sandwich/Räkor: 2 | Wraps/Caesar Kyckling: 1 | Wraps/Kyckling Bacon: 1 | Wraps/Kyckling Curry: 2 | Wraps/Sweet Chili: 1 | XL Frallor/Grovfralla Kalkon & Färskost: 1 | XL Frallor/Ost & Skinka: 1
Västerås,ICA Väst,Tuesday,66,55~86,29,Baguette/Kyckling Curry: 2 | Baguette/Kyckling Sweet Chili: 2 | Baguette/Kycklingsallad Olivie: 1 | Baguette/Ost & Skinka: 1 | Baguette/Salami & Brieost: 2 | Baguette/Skagen: 3 | Fralla/Ost & Skinka: 2 | Fralla/Ost: 3 | Grönsallad/Caesarsallad: 2 | Grönsallad/Kyckling: 1 | Hönökaka/Ost & Salami: 2 | Hönökaka/Ost & Skinka: 2 | Hönökaka/Ost: 2 | Pastasallad/Kyckling & Salladsost: 6 | Pastasallad/Kyckling mangocurry: 6 | Pastasallad/Ost & Skinka: 4 | Pastasallad/Räkor: 5 | Sandwich/Bacon & Äggröra: 1 | Sandwich/Clubsandwich: 1 | Sandwich/Kyckling Curry: 1 | Sandwich/Kyckling Pestoröra: 1 | Sandwich/Räkor: 1 | Wraps/Caesar Kyckling: 3 | Wraps/Kyckling Bacon: 3 | Wraps/Kyckling Curry: 3 | Wraps/Sweet Chili: 3 | XL Frallor/Grovfralla Kalkon & Färskost: 1 | XL Frallor/Ost & Skinka: 1 | XL Frallor/Ost: 1
Västerås,Stora Coop Enköping,Tuesday,77,64~102,35,Baguette/Kyckling Curry: 2 | Baguette/Kyckling Sweet Chili: 1 | Baguette/Ost & Skinka: 1 | Baguette/Salami & Brieost: 2 | Baguette/Skagen: 3 | Fralla/Ost & Skinka: 4 | Fralla/Ost: 3 | Glutenfri Frallor/Glutenfri Ost & Skinka(endast söndagsbeställning): 1 | Grönsallad/Caesarsallad: 1 | Grönsallad/Kyckling: 1 | Hönökaka/Ost & Salami: 2 | Hönökaka/Ost & Skinka: 2 | Hönökaka/Ost: 3 | Pastasallad/Bacon & Kyckling: 1 | Pastasallad/Falafel: 1 | Pastasallad/Kyckling & Salladsost: 4 | Pastasallad/Kyckling kebab: 1 | Pastasallad/Kyckling mangocurry: 4 | Pastasallad/Ost & Skinka: 3 | Pastasallad/Räkor: 4 | Sandwich/Bacon & Äggröra: 2 | Sandwich/Clubsandwich: 1 | Sandwich/Kyckling Curry: 2 | Sandwich/Kyckling Pestoröra: 1 | Sandwich/Räkor: 2 | Sandwich/Ägg & Avocadokräm: 1 | Wraps/Caesar Kyckling: 4 | Wraps/Kyckling Bacon: 4 | Wraps/Kyckling Curry: 4 | Wraps/Kycklingsallad Olivie: 1 | Wraps/Sweet Chili: 4 | Wraps/Wrap Curry Oumph!: 2 | XL Frallor/Grovfralla Kalkon & Färskost: 2 | XL Frallor/Ost & Skinka: 2 | XL Frallor/Ost: 1
Västerås,X-tra Bangatan,Tuesday,16,8~20,16,Baguette/Skagen: 1 | Fralla/Ost & Skinka: 1 | Fralla/Ost: 1 | Grönsallad/Kyckling: 1 | Hönökaka/Ost & Salami: 1 | Pastasallad/Kyckling & Salladsost: 1 | Pastasallad/Kyckling mangocurry: 1 | Pastasallad/Ost & Skinka: 1 | Pastasallad/Räkor: 1 | Sandwich/Bacon & Äggröra: 1 | Sandwich/Clubsandwich: 1 | Sandwich/Kyckling Curry: 1 | Sandwich/Räkor: 1 | Wraps/Kyckling Bacon: 1 | Wraps/Kyckling Curry: 1 | XL Frallor/Ost: 1
Västerås,X-tra Stengatan,Tuesday,27,17~39,25,Baguette/Kyckling Curry: 1 | Baguette/Ost & Skinka: 1 | Baguette/Salami & Brieost: 1 | Baguette/Skagen: 1 | Fralla/Ost & Skinka: 1 | Fralla/Ost: 1 | Grönsallad/Caesarsallad: 1 | Grönsallad/Kyckling: 1 | Hönökaka/Ost & Salami: 1 | Hönökaka/Ost & Skinka: 1 | Hönökaka/Ost: 1 | Pastasallad/Kyckling & Salladsost: 2 | Pastasallad/Kyckling mangocurry: 2 | Pastasallad/Ost & Skinka: 1 | Pastasallad/Räkor: 1 | Sandwich/Bacon & Äggröra: 1 | Sandwich/Clubsandwich: 1 | Sandwich/Kyckling Curry: 1 | Sandwich/Kyckling Pestoröra: 1 | Sandwich/Räkor: 1 | Wraps/Caesar Kyckling: 1 | Wraps/Kyckling Bacon: 1 | Wraps/Kyckling Curry: 1 | Wraps/Sweet Chili: 1 | XL Frallor/Grovfralla Kalkon & Färskost: 1
Västerås,X-tra viksäng,Tuesday,2,1~2,2,Pastasallad/Kyckling & Salladsost: 1 | Pastasallad/Kyckling mangocurry: 1
Västerås,Xtra Surahammar,Tuesday,14,6~16,14,Baguette/Kyckling Curry: 1 | Baguette/Kyckling Sweet Chili: 1 | Baguette/Salami & Brieost: 1 | Baguette/Skagen: 1 | Fralla/Ost & Skinka: 1 | Fralla/Ost: 1 | Pastasallad/Kyckling & Salladsost: 1 | Pastasallad/Kyckling mangocurry: 1 | Pastasallad/Ost & Skinka: 1 | Pastasallad/Räkor: 1 | Wraps/Caesar Kyckling: 1 | Wraps/Kyckling Bacon: 1 | Wraps/Kyckling Curry: 1 | Wraps/Sweet Chili: 1
Västerås,Xtra igor,Tuesday,16,10~20,14,Baguette/Ost & Skinka: 1 | Baguette/Salami & Brieost: 1 | Baguette/Skagen: 1 | Grönsallad/Caesarsallad: 1 | Grönsallad/Kyckling: 1 | Pastasallad/Kyckling & Salladsost: 2 | Pastasallad/Kyckling mangocurry: 2 | Pastasallad/Ost & Skinka: 1 | Pastasallad/Räkor: 1 | Sandwich/Bacon & Äggröra: 1 | Wraps/Caesar Kyckling: 1 | Wraps/Kyckling Bacon: 1 | Wraps/Kyckling Curry: 1 | XL Frallor/Ost: 1
Västerås,Coop Karlfeldtsplatsen,Wednesday,2,0~2,2,Pastasallad/Kyckling & Salladsost: 1 | Pastasallad/Kyckling mangocurry: 1
Västerås,Coop Pilgatan,Wednesday,11,5~12,11,Fralla/Ost & Skinka: 1 | Fralla/Ost: 1 | Hönökaka/Ost & Salami: 1 | Hönökaka/Ost & Skinka: 1 | Hönökaka/Ost: 1 | Pastasallad/Kyckling & Salladsost: 1 | Pastasallad/Kyckling mangocurry: 1 | Pastasallad/Räkor: 1 | Wraps/Caesar Kyckling: 1 | Wraps/Kyckling Bacon: 1 | Wraps/Kyckling Curry: 1
Västerås,Coop Stjärnan,Wednesday,5,1~5,5,Fralla/Ost & Skinka: 1 | Pastasallad/Kyckling & Salladsost: 1 | Pastasallad/Kyckling mangocurry: 1 | Pastasallad/Räkor: 1 | Sandwich/Räkor: 1
Västerås,Coop Västerås City(PUNKT),Wednesday,9,7~11,9,Fralla/Ost & Skinka: 1 | Fralla/Ost: 1 | Hönökaka/Ost & Salami: 1 | Hönökaka/Ost & Skinka: 1 | Hönökaka/Ost: 1 | Pastasallad/Kyckling & Salladsost: 1 | Pastasallad/Kyckling mangocurry: 1 | Pastasallad/Ost & Skinka: 1 | Pastasallad/Räkor: 1
Västerås,Hemköp City Västerås,Wednesday,11,6~11,11,Fralla/Ost & Skinka: 1 | Fralla/Ost: 1 | Hönökaka/Ost & Salami: 1 | Hönökaka/Ost & Skinka: 1 | Hönökaka/Ost: 1 | Pastasallad/Kyckling mangocurry: 1 | Sandwich/Räkor: 1 | Wraps/Kyckling Bacon: 1 | Wraps/Kyckling Curry: 1 | Wraps/Sweet Chili: 1 | XL Frallor/Ost & Skinka: 1
Västerås,Hemköp Malmaberg,Wednesday,15,8~17,15,Baguette/Salami & Brieost: 1 | Fralla/Ost & Skinka: 1 | Fralla/Ost: 1 | Hönökaka/Ost & Salami: 1 | Hönökaka/Ost & Skinka: 1 | Hönökaka/Ost: 1 | Pastasallad/Bacon & Kyckling: 1 | Pastasallad/Kyckling & Salladsost: 1 | Pastasallad/Kyckling mangocurry: 1 | Pastasallad/Ost & Skinka: 1 | Pastasallad/Räkor: 1 | Sandwich/Kyckling Curry: 1 | Sandwich/Räkor: 1 | Wraps/Kyckling Bacon: 1 | Wraps/Kyckling Curry: 1
Västerås,ICA Grytan,Wednesday,9,6~11,8,Fralla/Ost & Skinka: 2 | Fralla/Ost: 1 | Pastasallad/Bacon & Kyckling: 1 | Pastasallad/Kyckling & Salladsost: 1 | Pastasallad/Kyckling kebab: 1 | Pastasallad/Kyckling mangocurry: 1 | Pastasallad/Ost & Skinka: 1 | Pastasallad/Räkor: 1
Västerås,ICA Hökåsen,Wednesday,4,3~4,4,Pastasallad/Kyckling & Salladsost: 1 | Pastasallad/Kyckling mangocurry: 1 | Pastasallad/Räkor: 1 | Wraps/Kyckling Curry: 1
Västerås,ICA Råby,Wednesday,7,4~7,7,Fralla/Ost & Skinka: 1 | Fralla/Ost: 1 | Hönökaka/Ost & Salami: 1 | Hönökaka/Ost: 1 | Pastasallad/Kyckling & Salladsost: 1 | Pastasallad/Kyckling mangocurry: 1 | Pastasallad/Räkor: 1
Västerås,ICA SKiljebo,Wednesday,5,3~5,5,Fralla/Ost: 1 | Pastasallad/Kyckling & Salladsost: 1 | Pastasallad/Kyckling mangocurry: 1 | Pastasallad/Räkor: 1 | Sandwich/Kyckling Curry: 1
Västerås,ICA Viksäng,Wednesday,8,5~8,8,Fralla/Ost & Skinka: 1 | Fralla/Ost: 1 | Pastasallad/Kyckling & Salladsost: 1 | Pastasallad/Kyckling mangocurry: 1 | Pastasallad/Ost & Skinka: 1 | Pastasallad/Räkor: 1 | Sandwich/Räkor: 1 | Wraps/Kyckling Curry: 1
Västerås,ICA Väst,Wednesday,21,19~25,18,Baguette/Kyckling Curry: 1 | Baguette/Kyckling Sweet Chili: 1 | Baguette/Salami & Brieost: 1 | Baguette/Skagen: 1 | Fralla/Ost & Skinka: 1 | Fralla/Ost: 1 | Grönsallad/Caesarsallad: 1 | Hönökaka/Ost & Salami: 1 | Hönökaka/Ost & Skinka: 1 | Hönökaka/Ost: 1 | Pastasallad/Kyckling & Salladsost: 2 | Pastasallad/Kyckling mangocurry: 2 | Pastasallad/Ost & Skinka: 1 | Pastasallad/Räkor: 2 | Wraps/Caesar Kyckling: 1 | Wraps/Kyckling Bacon: 1 | Wraps/Kyckling Curry: 1 | Wraps/Sweet Chili: 1
Västerås,Stora Coop Enköping,Wednesday,26,18~31,22,Baguette/Kyckling Curry: 1 | Baguette/Salami & Brieost: 1 | Baguette/Skagen: 1 | Fralla/Ost & Skinka: 2 | Fralla/Ost: 1 | Hönökaka/Ost & Salami: 1 | Hönökaka/Ost & Skinka: 1 | Hönökaka/Ost: 1 | Pastasallad/Kyckling & Salladsost: 2 | Pastasallad/Kyckling mangocurry: 2 | Pastasallad/Ost & Skinka: 1 | Pastasallad/Räkor: 1 | Sandwich/Bacon & Äggröra: 1 | Sandwich/Kyckling Curry: 1 | Sandwich/Räkor: 1 | Wraps/Caesar Kyckling: 2 | Wraps/Kyckling Bacon: 1 | Wraps/Kyckling Curry: 1 | Wraps/Sweet Chili: 1 | Wraps/Wrap Curry Oumph!: 1 | XL Frallor/Grovfralla Kalkon & Färskost: 1 | XL Frallor/Ost & Skinka: 1
Västerås,X-tra Stengatan,Wednesday,2,1~2,2,Pastasallad/Kyckling & Salladsost: 1 | Pastasallad/Kyckling mangocurry: 1
Västerås,Xtra igor,Wednesday,2,1~2,2,Pastasallad/Kyckling & Salladsost: 1 | Pastasallad/Kyckling mangocurry: 1
Västerås,Coop Karlfeldtsplatsen,Thursday,32,30~48,25,Baguette/Kyckling Curry: 1 | Baguette/Ost & Skinka: 1 | Baguette/Salami & Brieost: 1 | Baguette/Skagen: 1 | Fralla/Ost & Skinka: 2 | Fralla/Ost: 2 | Hönökaka/Ost & Salami: 1 | Hönökaka/Ost & Skinka: 1 | Hönökaka/Ost: 1 | Pastasallad/Kyckling & Salladsost: 1 | Pastasallad/Kyckling mangocurry: 2 | Pastasallad/Ost & Skinka: 2 | Pastasallad/Räkor: 1 | Sandwich/Bacon & Äggröra: 1 | Sandwich/Clubsandwich: 1 | Sandwich/Kyckling Curry: 2 | Sandwich/Räkor: 2 | Sandwich/Ägg & Avocadokräm: 1 | Wraps/Caesar Kyckling: 1 | Wraps/Kyckling Bacon: 1 | Wraps/Kyckling Curry: 2 | Wraps/Sweet Chili: 1 | XL Frallor/Grovfralla Kalkon & Färskost: 1 | XL Frallor/Ost & Skinka: 1 | XL Frallor/Ost: 1
Västerås,Coop Pilgatan,Thursday,59,52~77,30,Baguette/Kyckling Curry: 2 | Baguette/Kyckling Sweet Chili: 2 | Baguette/Ost & Skinka: 2 | Baguette/Salami & Brieost: 2 | Baguette/Skagen: 2 | Fralla/Ost & Skinka: 4 | Fralla/Ost: 5 | Grönsallad/Caesarsallad: 1 | Grönsallad/Kyckling: 1 | Hönökaka/Ost & Salami: 2 | Hönökaka/Ost & Skinka: 2 | Hönökaka/Ost: 3 | Pastasallad/Bacon & Kyckling: 1 | Pastasallad/Kyckling & Salladsost: 3 | Pastasallad/Kyckling kebab: 1 | Pastasallad/Kyckling mangocurry: 4 | Pastasallad/Ost & Skinka: 2 | Pastasallad/Räkor: 2 | Sandwich/Bacon & Äggröra: 1 | Sandwich/Clubsandwich: 2 | Sandwich/Kyckling Curry: 2 | Sandwich/Kyckling Pestoröra: 1 | Sandwich/Räkor: 2 | Wraps/Caesar Kyckling: 1 | Wraps/Kyckling Bacon: 1 | Wraps/Kyckling Curry: 1 | Wraps/Sweet Chili: 2 | XL Frallor/Grovfralla Kalkon & Färskost: 1 | XL Frallor/Ost & Skinka: 2 | XL Frallor/Ost: 2
Västerås,Coop Stjärnan,Thursday,45,39~60,28,Baguette/Kyckling Curry: 2 | Baguette/Ost & Skinka: 2 | Baguette/Salami & Brieost: 2 | Baguette/Skagen: 2 | Fralla/Ost & Skinka: 2 | Fralla/Ost: 2 | Grönsallad/Caesarsallad: 1 | Grönsallad/Kyckling: 1 | Hönökaka/Ost & Salami: 1 | Hönökaka/Ost & Skinka: 2 | Hönökaka/Ost: 1 | Pastasallad/Bacon & Kyckling: 1 | Pastasallad/Kyckling & Salladsost: 3 | Pastasallad/Kyckling mangocurry: 1 | Pastasallad/Ost & Skinka: 2 | Pastasallad/Räkor: 2 | Sandwich/Bacon & Äggröra: 1 | Sandwich/Clubsandwich: 2 | Sandwich/Kyckling Curry: 2 | Sandwich/Kyckling Pestoröra: 1 | Sandwich/Räkor: 1 | Wraps/Caesar Kyckling: 2 | Wraps/Kyckling Bacon: 2 | Wraps/Kyckling Curry: 2 | Wraps/Sweet Chili: 2 | XL Frallor/Grovfralla Kalkon & Färskost: 1 | XL Frallor/Ost & Skinka: 1 | XL Frallor/Ost: 1
Västerås,Coop Västerås City(PUNKT),Thursday,61,52~76,31,Baguette/Kyckling Curry: 2 | Baguette/Ost & Skinka: 2 | Baguette/Salami & Brieost: 2 | Baguette/Skagen: 2 | Fralla/Ost & Skinka: 5 | Fralla/Ost: 4 | Grönsallad/Caesarsallad: 2 | Grönsallad/Kyckling: 2 | Hönökaka/Ost & Salami: 2 | Hönökaka/Ost & Skinka: 3 | Hönökaka/Ost: 3 | Pastasallad/Kyckling & Salladsost: 4 | Pastasallad/Kyckling mangocurry: 4 | Pastasallad/Ost & Skinka: 2 | Pastasallad/Räkor: 2 | Sandwich/Bacon & Äggröra: 1 | Sandwich/Clubsandwich: 1 | Sandwich/Kyckling Curry: 1 | Sandwich/Kyckling Pestoröra: 1 | Sandwich/Räkor: 1 | Varmrätt/Cevapcici med bulgur: 1 | Varmrätt/Kycklingspett med ris: 1 | Varmrätt/Teriyakikycklingfile med basmatiris: 1 | Wraps/Caesar Kyckling: 1 | Wraps/Kyckling Bacon: 2 | Wraps/Kyckling Curry: 2 | Wraps/Kycklingsallad Olivie: 1 | Wraps/Sweet Chili: 1 | XL Frallor/Grovfralla Kalkon & Färskost: 2 | XL Frallor/Ost & Skinka: 2 | XL Frallor/Ost: 1
Västerås,Hemköp City Västerås,Thursday,60,45~77,33,Baguette/Kyckling Curry: 1 | Baguette/Kyckling Sweet Chili: 1 | Baguette/Ost & Skinka: 1 | Baguette/Salami & Brieost: 2 | Baguette/Skagen: 2 | Fralla/Ost & Skinka: 5 | Fralla/Ost: 5 | Glutenfri Frallor/Glutenfri Ost & Skinka(endast söndagsbeställning): 1 | Glutenfri Frallor/Glutenfri Pumpafralla Kalkon & Färskost(endast söndagsbeställning): 1 | Grönsallad/Caesarsallad: 1 | Grönsallad/Kyckling: 1 | Hönökaka/Ost & Salami: 2 | Hönökaka/Ost & Skinka: 3 | Hönökaka/Ost: 1 | Pastasallad/Kyckling & Salladsost: 2 | Pastasallad/Kyckling mangocurry: 2 | Pastasallad/Ost & Skinka: 2 | Pastasallad/Räkor: 2 | Sandwich/Bacon & Äggröra: 2 | Sandwich/Clubsandwich: 2 | Sandwich/Kyckling Curry: 2 | Sandwich/Kyckling Pestoröra: 1 | Sandwich/Räkor: 1 | Sandwich/Ägg & Avocadokräm: 1 | Varmrätt/Cevapcici med bulgur: 1 | Varmrätt/Kycklingkebab med bulgur: 1 | Wraps/Caesar Kyckling: 2 | Wraps/Kyckling Bacon: 2 | Wraps/Kyckling Curry: 2 | Wraps/Sweet Chili: 2 | XL Frallor/Grovfralla Kalkon & Färskost: 2 | XL Frallor/Ost & Skinka: 2 | XL Frallor/Ost: 2
Västerås,Hemköp Malmaberg,Thursday,69,56~92,33,Baguette/Kyckling Curry: 2 | Baguette/Kyckling Sweet Chili: 1 | Baguette/Ost & Skinka: 1 | Baguette/Salami & Brieost: 1 | Baguette/Skagen: 2 | Fralla/Ost & Skinka: 4 | Fralla/Ost: 3 | Grönsallad/Caesarsallad: 2 | Grönsallad/Kyckling: 2 | Hönökaka/Ost & Salami: 2 | Hönökaka/Ost & Skinka: 4 | Hönökaka/Ost: 4 | Pastasallad/Bacon & Kyckling: 2 | Pastasallad/Kyckling & Salladsost: 5 | Pastasallad/Kyckling kebab: 1 | Pastasallad/Kyckling mangocurry: 4 | Pastasallad/Ost & Skinka: 3 | Pastasallad/Räkor: 3 | Sandwich/Bacon & Äggröra: 1 | Sandwich/Clubsandwich: 2 | Sandwich/Kyckling Curry: 2 | Sandwich/Kyckling Pestoröra: 2 | Sandwich/Räkor: 2 | Varmrätt/Cevapcici med bulgur: 1 | Varmrätt/Kycklingspett med ris: 1 | Varmrätt/Pannbiff med Basmatiris: 1 | Wraps/Caesar Kyckling: 1 | Wraps/Kyckling Bacon: 1 | Wraps/Kyckling Curry: 2 | Wraps/Sweet Chili: 2 | XL Frallor/Grovfralla Kalkon & Färskost: 2 | XL Frallor/Ost & Skinka: 2 | XL Frallor/Ost: 1
Västerås,ICA Ettan,Thursday,37,30~51,30,Baguette/Kyckling Curry: 1 | Baguette/Ost & Skinka: 1 | Baguette/Salami & Brieost: 1 | Baguette/Skagen: 1 | Fralla/Ost & Skinka: 1 | Fralla/Ost: 1 | Grönsallad/Caesarsallad: 1 | Grönsallad/Kyckling: 1 | Hönökaka/Ost & Salami: 1 | Hönökaka/Ost & Skinka: 1 | Hönökaka/Ost: 1 | Pastasallad/Kyckling & Salladsost: 2 | Pastasallad/Kyckling kebab: 1 | Pastasallad/Kyckling mangocurry: 2 | Pastasallad/Ost & Skinka: 1 | Pastasallad/Räkor: 2 | Sandwich/Bacon & Äggröra: 1 | Sandwich/Clubsandwich: 1 | Sandwich/Kyckling Curry: 1 | Sandwich/Kyckling Pestoröra: 1 | Sandwich/Räkor: 1 | Sandwich/Ägg & Avocadokräm: 1 | Varmrätt/Cevapcici med bulgur: 1 | Varmrätt/Teriyakikycklingfile med basmatiris: 1 | Wraps/Caesar Kyckling: 2 | Wraps/Kyckling Bacon: 2 | Wraps/Kyckling Curry: 2 | Wraps/Sweet Chili: 2 | XL Frallor/Grovfralla Kalkon & Färskost: 1 | XL Frallor/Ost & Skinka: 1
Västerås,ICA Grytan,Thursday,33,27~43,9,Fralla/Ost & Skinka: 6 | Fralla/Ost: 5 | Pastasallad/Bacon & Kyckling: 3 | Pastasallad/Falafel: 2 | Pastasallad/Kyckling & Salladsost: 5 | Pastasallad/Kyckling kebab: 2 | Pastasallad/Kyckling mangocurry: 4 | Pastasallad/Ost & Skinka: 1 | Pastasallad/Räkor: 5
Västerås,ICA Hökåsen,Thursday,30,21~40,18,Baguette/Kyckling Curry: 1 | Baguette/Ost & Skinka: 1 | Baguette/Salami & Brieost: 2 | Baguette/Skagen: 2 | Grönsallad/Caesarsallad: 1 | Grönsallad/Kyckling: 1 | Pastasallad/Bacon & Kyckling: 1 | Pastasallad/Kyckling & Salladsost: 3 | Pastasallad/Kyckling mangocurry: 3 | Pastasallad/Räkor: 2 | Sandwich/Bacon & Äggröra: 1 | Sandwich/Clubsandwich: 2 | Sandwich/Kyckling Curry: 2 | Sandwich/Räkor: 2 | Wraps/Caesar Kyckling: 1 | Wraps/Kyckling Bacon: 2 | Wraps/Kyckling Curry: 1 | Wraps/Sweet Chili: 2
Västerås,ICA Råby,Thursday,49,39~64,30,Baguette/Kyckling Curry: 2 | Baguette/Ost & Skinka: 1 | Baguette/Salami & Brieost: 1 | Baguette/Skagen: 2 | Fralla/Ost & Skinka: 2 | Fralla/Ost: 2 | Grönsallad/Caesarsallad: 1 | Grönsallad/Kyckling: 1 | Hönökaka/Ost & Salami: 2 | Hönökaka/Ost & Skinka: 2 | Hönökaka/Ost: 2 | Pastasallad/Kyckling & Salladsost: 2 | Pastasallad/Kyckling kebab: 1 | Pastasallad/Kyckling mangocurry: 3 | Pastasallad/Ost & Skinka: 2 | Pastasallad/Räkor: 1 | Sandwich/Clubsandwich: 2 | Sandwich/Kyckling Curry: 2 | Sandwich/Räkor: 2 | Varmrätt/Cevapcici med bulgur: 1 | Varmrätt/Kycklingspett med ris: 1 | Varmrätt/Pannbiff med Basmatiris: 1 | Varmrätt/Teriyakibiff med ris: 1 | Wraps/Caesar Kyckling: 2 | Wraps/Kyckling Bacon: 2 | Wraps/Kyckling Curry: 2 | Wraps/Sweet Chili: 2 | XL Frallor/Grovfralla Kalkon & Färskost: 2 | XL Frallor/Ost & Skinka: 1 | XL Frallor/Ost: 1
Västerås,ICA SKiljebo,Thursday,39,31~56,25,Baguette/Kyckling Curry: 1 | Baguette/Salami & Brieost: 1 | Baguette/Skagen: 1 | Fralla/Ost & Skinka: 2 | Fralla/Ost: 1 | Grönsallad/Caesarsallad: 2 | Grönsallad/Kyckling: 1 | Hönökaka/Ost & Salami: 1 | Hönökaka/Ost & Skinka: 1 | Hönökaka/Ost: 2 | Pastasallad/Kyckling & Salladsost: 4 | Pastasallad/Kyckling mangocurry: 3 | Pastasallad/Ost & Skinka: 2 | Pastasallad/Räkor: 2 | Sandwich/Bacon & Äggröra: 1 | Sandwich/Clubsandwich: 1 | Sandwich/Kyckling Curry: 2 | Sandwich/Kyckling Pestoröra: 1 | Sandwich/Räkor: 2 | Wraps/Caesar Kyckling: 1 | Wraps/Kyckling Bacon: 2 | Wraps/Kyckling Curry: 2 | Wraps/Sweet Chili: 1 | XL Frallor/Grovfralla Kalkon & Färskost: 1 | XL Frallor/Ost & Skinka: 1
Västerås,ICA Sjöhagen,Thursday,2,1~2,1,Varmrätt/Kycklingkebab med bulgur: 2
Västerås,ICA Viksäng,Thursday,62,47~77,33,Baguette/Kyckling Curry: 2 | Baguette/Ost & Skinka: 1 | Baguette/Salami & Brieost: 2 | Baguette/Skagen: 2 | Fralla/Ost & Skinka: 2 | Fralla/Ost: 2 | Grönsallad/Caesarsallad: 2 | Grönsallad/Kyckling: 2 | Hönökaka/Ost & Salami: 2 | Hönökaka/Ost & Skinka: 2 | Hönökaka/Ost: 2 | Pastasallad/Bacon & Kyckling: 1 | Pastasallad/Kyckling & Salladsost: 4 | Pastasallad/Kyckling kebab: 1 | Pastasallad/Kyckling mangocurry: 5 | Pastasallad/Ost & Skinka: 2 | Pastasallad/Räkor: 4 | Sandwich/Bacon & Äggröra: 1 | Sandwich/Clubsandwich: 1 | Sandwich/Kyckling Curry: 2 | Sandwich/Kyckling Pestoröra: 2 | Sandwich/Räkor: 2 | Sandwich/Ägg & Avocadokräm: 1 | Varmrätt/Cevapcici med bulgur: 1 | Varmrätt/Pannbiff med Basmatiris: 1 | Varmrätt/Teriyakikycklingfile med basmatiris: 1 | Wraps/Caesar Kyckling: 2 | Wraps/Kyckling Bacon: 2 | Wraps/Kyckling Curry: 2 | Wraps/Sweet Chili: 2 | XL Frallor/Grovfralla Kalkon & Färskost: 1 | XL Frallor/Ost & Skinka: 2 | XL Frallor/Ost: 1
Västerås,ICA Väst,Thursday,104,76~124,31,Baguette/Kyckling Curry: 4 | Baguette/Kyckling Sweet Chili: 4 | Baguette/Kycklingsallad Olivie: 2 | Baguette/Ost & Skinka: 2 | Baguette/Salami & Brieost: 4 | Baguette/Skagen: 5 | Fralla/Ost & Skinka: 4 | Fralla/Ost: 3 | Grönsallad/Caesarsallad: 1 | Grönsallad/Kyckling: 2 | Hönökaka/Ost & Salami: 3 | Hönökaka/Ost & Skinka: 4 | Hönökaka/Ost: 4 | Pastasallad/Kyckling & Salladsost: 7 | Pastasallad/Kyckling kebab: 1 | Pastasallad/Kyckling mangocurry: 9 | Pastasallad/Ost & Skinka: 5 | Pastasallad/Räkor: 6 | Sandwich/Bacon & Äggröra: 2 | Sandwich/Clubsandwich: 2 | Sandwich/Kyckling Curry: 2 | Sandwich/Kyckling Pestoröra: 2 | Sandwich/Räkor: 2 | Sandwich/Ägg & Avocadokräm: 1 | Wraps/Caesar Kyckling: 5 | Wraps/Kyckling Bacon: 5 | Wraps/Kyckling Curry: 5 | Wraps/Sweet Chili: 4 | XL Frallor/Grovfralla Kalkon & Färskost: 1 | XL Frallor/Ost & Skinka: 2 | XL Frallor/Ost: 1
Västerås,Spel o kiosk city,Thursday,4,1~5,4,Fralla/Ost: 1 | Hönökaka/Ost & Salami: 1 | Hönökaka/Ost & Skinka: 1 | Hönökaka/Ost: 1
Västerås,Stora Coop Enköping,Thursday,107,94~135,39,Baguette/Kyckling Curry: 2 | Baguette/Kyckling Sweet Chili: 2 | Baguette/Ost & Skinka: 2 | Baguette/Salami & Brieost: 3 | Baguette/Skagen: 4 | Fralla/Ost & Skinka: 6 | Fralla/Ost: 5 | Glutenfri Frallor/Glutenfri Ost & Skinka(endast söndagsbeställning): 1 | Glutenfri Frallor/Glutenfri Ost(endast söndagsbeställning): 1 | Grönsallad/Caesarsallad: 2 | Grönsallad/Kyckling: 2 | Hönökaka/Ost & Salami: 3 | Hönökaka/Ost & Skinka: 2 | Hönökaka/Ost: 3 | Pastasallad/Bacon & Kyckling: 2 | Pastasallad/Falafel: 2 | Pastasallad/Kyckling & Salladsost: 5 | Pastasallad/Kyckling kebab: 2 | Pastasallad/Kyckling mangocurry: 6 | Pastasallad/Ost & Skinka: 4 | Pastasallad/Räkor: 5 | Sandwich/Bacon & Äggröra: 2 | Sandwich/Clubsandwich: 2 | Sandwich/Kyckling Curry: 1 | Sandwich/Kyckling Pestoröra: 2 | Sandwich/Räkor: 3 | Sandwich/Ägg & Avocadokräm: 1 | Varmrätt/Cevapcici med bulgur: 1 | Varmrätt/Kycklingpestosallad: 1 | Varmrätt/Teriyakikycklingfile med basmatiris: 1 | Wraps/Caesar Kyckling: 5 | Wraps/Kyckling Bacon: 5 | Wraps/Kyckling Curry: 6 | Wraps/Kycklingsallad Olivie: 2 | Wraps/Sweet Chili: 5 | Wraps/Wrap Curry Oumph!: 1 | XL Frallor/Grovfralla Kalkon & Färskost: 1 | XL Frallor/Ost & Skinka: 2 | XL Frallor/Ost: 2
Västerås,Tempo Fjärdhundra,Thursday,21,16~37,21,Baguette/Kyckling Curry: 1 | Baguette/Ost & Skinka: 1 | Baguette/Salami & Brieost: 1 | Baguette/Skagen: 1 | Fralla/Ost & Skinka: 1 | Fralla/Ost: 1 | Pastasallad/Kyckling & Salladsost: 1 | Pastasallad/Kyckling mangocurry: 1 | Pastasallad/Ost & Skinka: 1 | Pastasallad/Räkor: 1 | Sandwich/Bacon & Äggröra: 1 | Sandwich/Clubsandwich: 1 | Sandwich/Kyckling Curry: 1 | Sandwich/Räkor: 1 | Wraps/Caesar Kyckling: 1 | Wraps/Kyckling Bacon: 1 | Wraps/Kyckling Curry: 1 | Wraps/Sweet Chili: 1 | XL Frallor/Grovfralla Kalkon & Färskost: 1 | XL Frallor/Ost & Skinka: 1 | XL Frallor/Ost: 1
Västerås,Tempo skallberget,Thursday,4,2~6,4,Wraps/Caesar Kyckling: 1 | Wraps/Kyckling Bacon: 1 | Wraps/Kyckling Curry: 1 | Wraps/Sweet Chili: 1
Västerås,X-tra Bangatan,Thursday,32,25~41,24,Baguette/Kyckling Curry: 1 | Baguette/Salami & Brieost: 1 | Baguette/Skagen: 1 | Fralla/Ost & Skinka: 2 | Fralla/Ost: 2 | Grönsallad/Caesarsallad: 1 | Grönsallad/Kyckling: 1 | Hönökaka/Ost & Salami: 1 | Hönökaka/Ost & Skinka: 1 | Hönökaka/Ost: 1 | Pastasallad/Kyckling & Salladsost: 2 | Pastasallad/Kyckling mangocurry: 2 | Pastasallad/Ost & Skinka: 2 | Pastasallad/Räkor: 2 | Sandwich/Bacon & Äggröra: 1 | Sandwich/Clubsandwich: 1 | Sandwich/Kyckling Curry: 2 | Sandwich/Räkor: 2 | Wraps/Caesar Kyckling: 1 | Wraps/Kyckling Bacon: 1 | Wraps/Kyckling Curry: 1 | Wraps/Sweet Chili: 1 | XL Frallor/Ost & Skinka: 1 | XL Frallor/Ost: 1
Västerås,X-tra Stengatan,Thursday,42,38~45,26,Baguette/Kyckling Curry: 2 | Baguette/Ost & Skinka: 1 | Baguette/Salami & Brieost: 1 | Baguette/Skagen: 2 | Fralla/Ost & Skinka: 2 | Fralla/Ost: 2 | Grönsallad/Caesarsallad: 1 | Grönsallad/Kyckling: 1 | Hönökaka/Ost & Salami: 1 | Hönökaka/Ost & Skinka: 2 | Hönökaka/Ost: 1 | Pastasallad/Kyckling & Salladsost: 2 | Pastasallad/Kyckling mangocurry: 2 | Pastasallad/Ost & Skinka: 2 | Pastasallad/Räkor: 2 | Sandwich/Bacon & Äggröra: 1 | Sandwich/Clubsandwich: 2 | Sandwich/Kyckling Curry: 2 | Sandwich/Kyckling Pestoröra: 1 | Sandwich/Räkor: 2 | Varmrätt/Cevapcici med bulgur: 1 | Wraps/Caesar Kyckling: 2 | Wraps/Kyckling Bacon: 2 | Wraps/Kyckling Curry: 2 | Wraps/Sweet Chili: 2 | XL Frallor/Grovfralla Kalkon & Färskost: 1
Västerås,X-tra viksäng,Thursday,20,12~31,19,Baguette/Kyckling Sweet Chili: 1 | Baguette/Skagen: 1 | Fralla/Ost & Skinka: 1 | Pastasallad/Kyckling & Salladsost: 1 | Pastasallad/Kyckling kebab: 1 | Pastasallad/Kyckling mangocurry: 2 | Pastasallad/Ost & Skinka: 1 | Pastasallad/Räkor: 1 | Sandwich/Bacon & Äggröra: 1 | Sandwich/Kyckling Curry: 1 | Sandwich/Räkor: 1 | Varmrätt/Cevapcici med bulgur: 1 | Varmrätt/Kycklingspett med ris: 1 | Varmrätt/Teriyakikycklingfile med basmatiris: 1 | Wraps/Caesar Kyckling: 1 | Wraps/Kyckling Bacon: 1 | Wraps/Kyckling Curry: 1 | Wraps/Sweet Chili: 1 | XL Frallor/Ost & Skinka: 1
Västerås,Xtra Surahammar,Thursday,25,18~34,19,Baguette/Kyckling Curry: 1 | Baguette/Kyckling Sweet Chili: 1 | Baguette/Ost & Skinka: 1 | Baguette/Salami & Brieost: 1 | Baguette/Skagen: 1 | Fralla/Ost & Skinka: 2 | Fralla/Ost: 1 | Pastasallad/Bacon & Kyckling: 1 | Pastasallad/Kyckling & Salladsost: 2 | Pastasallad/Kyckling mangocurry: 2 | Pastasallad/Ost & Skinka: 1 | Pastasallad/Räkor: 2 | Varmrätt/Cevapcici med bulgur: 1 | Varmrätt/Pannbiff med Basmatiris: 1 | Varmrätt/Tacobolognese med fullkornspasta: 1 | Wraps/Caesar Kyckling: 1 | Wraps/Kyckling Bacon: 2 | Wraps/Kyckling Curry: 1 | Wraps/Sweet Chili: 2
Västerås,Xtra igor,Thursday,34,25~46,26,Baguette/Kyckling Sweet Chili: 1 | Baguette/Ost & Skinka: 2 | Baguette/Salami & Brieost: 2 | Baguette/Skagen: 2 | Glutenfri Frallor/Glutenfri Ost & Skinka(endast söndagsbeställning): 1 | Glutenfri Frallor/Glutenfri Ost(endast söndagsbeställning): 1 | Glutenfri Frallor/Glutenfri Pumpafralla Kalkon & Färskost(endast söndagsbeställning): 1 | Grönsallad/Caesarsallad: 1 | Grönsallad/Kyckling: 1 | Pastasallad/Kyckling & Salladsost: 1 | Pastasallad/Kyckling mangocurry: 2 | Pastasallad/Ost & Skinka: 2 | Pastasallad/Räkor: 2 | Sandwich/Bacon & Äggröra: 1 | Sandwich/Clubsandwich: 1 | Sandwich/Kyckling Curry: 1 | Sandwich/Räkor: 1 | Sandwich/Ägg & Avocadokräm: 1 | Wraps/Caesar Kyckling: 2 | Wraps/Kyckling Bacon: 2 | Wraps/Kyckling Curry: 1 | Wraps/Kycklingsallad Olivie: 1 | Wraps/Sweet Chili: 1 | XL Frallor/Grovfralla Kalkon & Färskost: 1 | XL Frallor/Ost & Skinka: 1 | XL Frallor/Ost: 1
