Route,Store,Day,Total_Qty,Range,N_Products,Products
Gävle,Coop Karlholm,Sunday,41,28~60,18,Baguette/Kyckling Curry: 2 | Baguette/Ost & Skinka: 2 | Baguette/Salami & Brieost: 2 | Baguette/Skagen: 3 | Fralla/Ost & Skinka: 2 | Fralla/Ost: 2 | Hönökaka/Ost & Skinka: 2 | Pastasallad/Kyckling & Salladsost: 4 | Pastasallad/Kyckling mangocurry: 4 | Pastasallad/Räkor: 2 | Sandwich/Bacon & Äggröra: 2 | Sandwich/Clubsandwich: 2 | Sandwich/Kyckling Curry: 2 | Sandwich/Räkor: 2 | Wraps/Caesar Kyckling: 2 | Wraps/Kyckling Bacon: 2 | Wraps/Kyckling Curry: 2 | Wraps/Sweet Chili: 2
Gävle,Coop Krysset,Sunday,28,25~46,16,Baguette/Ost & Skinka: 1 | Baguette/Salami & Brieost: 2 | Baguette/Skagen: 2 | Fralla/Ost & Skinka: 2 | Fralla/Ost: 1 | Hönökaka/Ost & Skinka: 1 | Hönökaka/Ost: 1 | Pastasallad/Bacon & Kyckling: 1 | Pastasallad/Kyckling & Salladsost: 3 | Pastasallad/Kyckling mangocurry: 3 | Pastasallad/Räkor: 2 | Sandwich/Kyckling Curry: 1 | Wraps/Caesar Kyckling: 2 | Wraps/Kyckling Bacon: 2 | Wraps/Kyckling Curry: 2 | Wraps/Sweet Chili: 2
Gävle,Coop Skutskär,Sunday,38,27~57,18,Baguette/Ost & Skinka: 1 | Baguette/Salami & Brieost: 1 | Baguette/Skagen: 2 | Fralla/Ost & Skinka: 1 | Fralla/Ost: 1 | Hönökaka/Ost & Skinka: 1 | Hönökaka/Ost: 1 | Pastasallad/Kyckling & Salladsost: 4 | Pastasallad/Kyckling mangocurry: 4 | Pastasallad/Räkor: 4 | Räkmacka Liten/Räkmacka liten: 4 | Sandwich/Clubsandwich: 2 | Sandwich/Kyckling Curry: 1 | Sandwich/Räkor: 2 | Wraps/Caesar Kyckling: 3 | Wraps/Kyckling Bacon: 2 | Wraps/Kyckling Curry: 2 | Wraps/Sweet Chili: 2
Gävle,Coop Tierp,Sunday,39,28~55,23,Baguette/Kyckling Curry: 2 | Baguette/Ost & Skinka: 2 | Baguette/Salami & Brieost: 2 | Baguette/Skagen: 2 | Blandstubbe/Blandstubbe: 1 | Fralla/Ost & Skinka: 3 | Fralla/Ost: 3 | Hönökaka/Ost & Skinka: 1 | Hönökaka/Ost: 1 | Pastasallad/Kyckling & Salladsost: 2 | Pastasallad/Kyckling mangocurry: 1 | Pastasallad/Räkor: 2 | Räkmacka Liten/Räkmacka liten: 2 | Räkstubbe/Räkstubbe: 1 | Sandwich/Bacon & Äggröra: 1 | Sandwich/Clubsandwich: 1 | Sandwich/Räkor: 2 | Wraps/Caesar Kyckling: 2 | Wraps/Kyckling Bacon: 2 | Wraps/Kyckling Curry: 2 | Wraps/Sweet Chili: 1 | XL Frallor/Grovfralla Kalkon & Färskost: 1 | XL Frallor/Ost & Skinka: 2
Gävle,Coop Triangeln,Sunday,32,24~44,16,Baguette/Kyckling Curry: 2 | Baguette/Ost & Skinka: 2 | Baguette/Salami & Brieost: 3 | Baguette/Skagen: 2 | Fralla/Ost & Skinka: 4 | Fralla/Ost: 3 | Pastasallad/Kyckling & Salladsost: 2 | Pastasallad/Kyckling mangocurry: 2 | Pastasallad/Räkor: 1 | Sandwich/Clubsandwich: 1 | Wraps/Caesar Kyckling: 2 | Wraps/Kyckling Bacon: 2 | Wraps/Kyckling Curry: 2 | Wraps/Sweet Chili: 2 | XL Frallor/Ost & Skinka: 1 | XL Frallor/Ost: 1
Gävle,Coop Älvkarleby,Sunday,43,33~64,21,Baguette/Kyckling Curry: 2 | Baguette/Ost & Skinka: 2 | Baguette/Salami & Brieost: 3 | Baguette/Skagen: 4 | Fralla/Ost & Skinka: 3 | Fralla/Ost: 1 | Hönökaka/Ost & Skinka: 3 | Hönökaka/Ost: 1 | Pastasallad/Bacon & Kyckling: 2 | Pastasallad/Kyckling & Salladsost: 2 | Pastasallad/Kyckling mangocurry: 3 | Pastasallad/Ost & Skinka: 1 | Pastasallad/Räkor: 2 | Sandwich/Clubsandwich: 1 | Sandwich/Kyckling Curry: 1 | Sandwich/Kyckling Pestoröra: 2 | Sandwich/Räkor: 2 | Wraps/Caesar Kyckling: 2 | Wraps/Kyckling Bacon: 2 | Wraps/Kyckling Curry: 2 | Wraps/Sweet Chili: 2
Gävle,Coop Österbybruk,Sunday,26,18~44,18,Baguette/Kyckling Curry: 1 | Baguette/Ost & Skinka: 1 | Baguette/Salami & Brieost: 1 | Baguette/Skagen: 2 | Fralla/Ost & Skinka: 1 | Fralla/Ost: 1 | Hönökaka/Ost & Skinka: 1 | Hönökaka/Ost: 1 | Pastasallad/Bacon & Kyckling: 1 | Pastasallad/Kyckling & Salladsost: 2 | Pastasallad/Kyckling mangocurry: 2 | Pastasallad/Räkor: 2 | Sandwich/Clubsandwich: 2 | Sandwich/Räkor: 1 | Wraps/Caesar Kyckling: 1 | Wraps/Kyckling Bacon: 2 | Wraps/Kyckling Curry: 2 | Wraps/Sweet Chili: 2
Gävle,Drottningskiosken,Sunday,123,101~156,21,Baguette/Kyckling Curry: 12 | Baguette/Ost & Skinka: 6 | Baguette/Salami & Brieost: 6 | Baguette/Skagen: 11 | Fralla/Ost & Skinka: 25 | Fralla/Ost: 20 | Pastasallad/Kyckling & Salladsost: 2 | Pastasallad/Kyckling kebab: 2 | Pastasallad/Kyckling mangocurry: 1 | Pastasallad/Ost & Skinka: 2 | Pastasallad/Räkor: 2 | Sandwich/Bacon & Äggröra: 4 | Sandwich/Clubsandwich: 4 | Sandwich/Kyckling Curry: 3 | Sandwich/Kyckling Pestoröra: 2 | Sandwich/Räkor: 4 | Sandwich/Ägg & Avocadokräm: 1 | Wraps/Caesar Kyckling: 4 | Wraps/Kyckling Bacon: 4 | Wraps/Kyckling Curry: 4 | Wraps/Sweet Chili: 4
Gävle,ICA Ahlgrens Torg,Sunday,1,0~2,1,Wraps/Caesar Kyckling: 1
Gävle,ICA Spegeln,Sunday,128,103~162,27,Baguette/Kyckling Curry: 2 | Baguette/Ost & Skinka: 3 | Baguette/Salami & Brieost: 4 | Baguette/Skagen: 3 | Fralla/Ost & Skinka: 15 | Fralla/Ost: 14 | Grönsallad/Caesarsallad: 2 | Hönökaka/Ost & Salami: 11 | Hönökaka/Ost & Skinka: 12 | Hönökaka/Ost: 8 | Pastasallad/Bacon & Kyckling: 1 | Pastasallad/Kyckling & Salladsost: 7 | Pastasallad/Kyckling mangocurry: 6 | Pastasallad/Ost & Skinka: 3 | Pastasallad/Räkor: 3 | Sandwich/Clubsandwich: 2 | Sandwich/Kyckling Curry: 2 | Sandwich/Kyckling Pestoröra: 1 | Sandwich/Räkor: 2 | Varmrätt/Kycklingspett med ris: 1 | Wraps/Caesar Kyckling: 2 | Wraps/Kyckling Bacon: 2 | Wraps/Kyckling Curry: 2 | Wraps/Sweet Chili: 2 | XL Frallor/Grovfralla Kalkon & Färskost: 6 | XL Frallor/Ost & Skinka: 6 | XL Frallor/Ost: 6
Gävle,ICA Stortorget,Sunday,68,54~86,16,Grönsallad/Caesarsallad: 2 | Grönsallad/Kyckling: 1 | Pastasallad/Bacon & Kyckling: 3 | Pastasallad/Kyckling & Salladsost: 7 | Pastasallad/Kyckling mangocurry: 7 | Pastasallad/Ost & Skinka: 4 | Pastasallad/Räkor: 3 | Sandwich/Bacon & Äggröra: 4 | Sandwich/Clubsandwich: 2 | Sandwich/Kyckling Curry: 2 | Sandwich/Kyckling Pestoröra: 3 | Sandwich/Räkor: 4 | Wraps/Caesar Kyckling: 6 | Wraps/Kyckling Bacon: 6 | Wraps/Kyckling Curry: 8 | Wraps/Sweet Chili: 6
Gävle,ICA Söder,Sunday,43,33~64,20,Baguette/Kyckling Curry: 1 | Baguette/Ost & Skinka: 2 | Baguette/Salami & Brieost: 3 | Baguette/Skagen: 2 | Fralla/Ost & Skinka: 2 | Fralla/Ost: 1 | Grönsallad/Caesarsallad: 2 | Hönökaka/Ost & Skinka: 1 | Hönökaka/Ost: 1 | Pastasallad/Kyckling & Salladsost: 3 | Pastasallad/Kyckling mangocurry: 4 | Pastasallad/Räkor: 2 | Sandwich/Bacon & Äggröra: 2 | Sandwich/Clubsandwich: 2 | Sandwich/Kyckling Curry: 2 | Sandwich/Ägg & Avocadokräm: 1 | Wraps/Caesar Kyckling: 3 | Wraps/Kyckling Bacon: 3 | Wraps/Kyckling Curry: 3 | Wraps/Sweet Chili: 3
Gävle,ICA Örbyhus,Sunday,86,74~122,27,Baguette/Kyckling Curry: 2 | Baguette/Kyckling Sweet Chili: 1 | Baguette/Ost & Skinka: 2 | Baguette/Salami & Brieost: 3 | Baguette/Skagen: 3 | Fralla/Ost & Skinka: 5 | Fralla/Ost: 3 | Grönsallad/Caesarsallad: 2 | Hönökaka/Ost & Skinka: 3 | Hönökaka/Ost: 2 | Pastasallad/Bacon & Kyckling: 2 | Pastasallad/Kyckling & Salladsost: 5 | Pastasallad/Kyckling mangocurry: 6 | Pastasallad/Ost & Skinka: 4 | Pastasallad/Räkor: 4 | Räkmacka Liten/Räkmacka liten: 1 | Sandwich/Bacon & Äggröra: 5 | Sandwich/Clubsandwich: 5 | Sandwich/Kyckling Curry: 5 | Sandwich/Räkor: 5 | Sandwich/Ägg & Avocadokräm: 2 | Wraps/Caesar Kyckling: 3 | Wraps/Kyckling Bacon: 3 | Wraps/Kyckling Curry: 3 | Wraps/Sweet Chili: 3 | XL Frallor/Ost & Skinka: 2 | XL Frallor/Ost: 2
Gävle,Myway Torget,Sunday,29,20~47,9,Baguette/Salami & Brieost: 2 | Baguette/Skagen: 2 | Pastasallad/Kyckling & Salladsost: 4 | Pastasallad/Kyckling mangocurry: 4 | Sandwich/Clubsandwich: 3 | Sandwich/Kyckling Curry: 3 | Wraps/Kyckling Bacon: 4 | Wraps/Kyckling Curry: 3 | Wraps/Sweet Chili: 4
Gävle,Tempo Brynäs,Sunday,50,38~67,24,Baguette/Kyckling Curry: 3 | Baguette/Ost & Skinka: 2 | Baguette/Salami & Brieost: 2 | Baguette/Skagen: 3 | Fralla/Ost & Skinka: 2 | Fralla/Ost: 2 | Hönökaka/Ost & Salami: 1 | Hönökaka/Ost & Skinka: 2 | Hönökaka/Ost: 2 | Pastasallad/Bacon & Kyckling: 2 | Pastasallad/Kyckling & Salladsost: 4 | Pastasallad/Kyckling mangocurry: 4 | Pastasallad/Ost & Skinka: 2 | Pastasallad/Räkor: 2 | Sandwich/Bacon & Äggröra: 1 | Sandwich/Clubsandwich: 2 | Sandwich/Kyckling Curry: 2 | Sandwich/Räkor: 2 | Varmrätt/Kycklingspett med ris: 1 | Varmrätt/Teriyakikycklingfile med basmatiris: 1 | Wraps/Caesar Kyckling: 2 | Wraps/Kyckling Bacon: 2 | Wraps/Kyckling Curry: 2 | Wraps/Sweet Chili: 2
Gävle,Coop Karlholm,Tuesday,3,2~3,3,Baguette/Skagen: 1 | Pastasallad/Kyckling & Salladsost: 1 | Pastasallad/Kyckling mangocurry: 1
Gävle,Coop Krysset,Tuesday,17,10~25,15,Baguette/Ost & Skinka: 1 | Baguette/Salami & Brieost: 1 | Baguette/Skagen: 1 | Fralla/Ost & Skinka: 1 | Fralla/Ost: 1 | Hönökaka/Ost & Skinka: 1 | Hönökaka/Ost: 1 | Pastasallad/Kyckling & Salladsost: 2 | Pastasallad/Kyckling mangocurry: 2 | Pastasallad/Räkor: 1 | Sandwich/Kyckling Curry: 1 | Wraps/Caesar Kyckling: 1 | Wraps/Kyckling Bacon: 1 | Wraps/Kyckling Curry: 1 | Wraps/Sweet Chili: 1
Gävle,Coop Skutskär,Tuesday,23,21~34,18,Baguette/Ost & Skinka: 1 | Baguette/Salami & Brieost: 1 | Baguette/Skagen: 1 | Fralla/Ost & Skinka: 1 | Fralla/Ost: 1 | Hönökaka/Ost & Skinka: 1 | Hönökaka/Ost: 1 | Pastasallad/Kyckling & Salladsost: 2 | Pastasallad/Kyckling mangocurry: 2 | Pastasallad/Räkor: 2 | Räkmacka Liten/Räkmacka liten: 2 | Sandwich/Clubsandwich: 1 | Sandwich/Kyckling Curry: 1 | Sandwich/Räkor: 1 | Wraps/Caesar Kyckling: 2 | Wraps/Kyckling Bacon: 1 | Wraps/Kyckling Curry: 1 | Wraps/Sweet Chili: 1
Gävle,Coop Tierp,Tuesday,26,21~39,23,Baguette/Kyckling Curry: 1 | Baguette/Ost & Skinka: 1 | Baguette/Salami & Brieost: 1 | Baguette/Skagen: 2 | Blandstubbe/Blandstubbe: 1 | Fralla/Ost & Skinka: 2 | Fralla/Ost: 2 | Hönökaka/Ost & Skinka: 1 | Hönökaka/Ost: 1 | Pastasallad/Kyckling & Salladsost: 1 | Pastasallad/Kyckling mangocurry: 1 | Pastasallad/Räkor: 1 | Räkmacka Liten/Räkmacka liten: 1 | Räkstubbe/Räkstubbe: 1 | Sandwich/Bacon & Äggröra: 1 | Sandwich/Clubsandwich: 1 | Sandwich/Räkor: 1 | Wraps/Caesar Kyckling: 1 | Wraps/Kyckling Bacon: 1 | Wraps/Kyckling Curry: 1 | Wraps/Sweet Chili: 1 | XL Frallor/Grovfralla Kalkon & Färskost: 1 | XL Frallor/Ost & Skinka: 1
Gävle,Coop Triangeln,Tuesday,28,20~43,16,Baguette/Kyckling Curry: 1 | Baguette/Ost & Skinka: 2 | Baguette/Salami & Brieost: 3 | Baguette/Skagen: 2 | Fralla/Ost & Skinka: 4 | Fralla/Ost: 3 | Pastasallad/Kyckling & Salladsost: 1 | Pastasallad/Kyckling mangocurry: 1 | Pastasallad/Räkor: 1 | Sandwich/Clubsandwich: 1 | Wraps/Caesar Kyckling: 2 | Wraps/Kyckling Bacon: 1 | Wraps/Kyckling Curry: 2 | Wraps/Sweet Chili: 2 | XL Frallor/Ost & Skinka: 1 | XL Frallor/Ost: 1
Gävle,Coop Älvkarleby,Tuesday,17,12~21,16,Baguette/Kyckling Curry: 1 | Baguette/Ost & Skinka: 1 | Baguette/Salami & Brieost: 1 | Baguette/Skagen: 2 | Fralla/Ost & Skinka: 1 | Hönökaka/Ost & Skinka: 1 | Pastasallad/Bacon & Kyckling: 1 | Pastasallad/Kyckling & Salladsost: 1 | Pastasallad/Kyckling mangocurry: 1 | Pastasallad/Räkor: 1 | Sandwich/Kyckling Pestoröra: 1 | Sandwich/Räkor: 1 | Wraps/Caesar Kyckling: 1 | Wraps/Kyckling Bacon: 1 | Wraps/Kyckling Curry: 1 | Wraps/Sweet Chili: 1
Gävle,Coop Österbybruk,Tuesday,14,8~14,14,Baguette/Ost & Skinka: 1 | Baguette/Skagen: 1 | Hönökaka/Ost & Skinka: 1 | Hönökaka/Ost: 1 | Pastasallad/Bacon & Kyckling: 1 | Pastasallad/Kyckling & Salladsost: 1 | Pastasallad/Kyckling mangocurry: 1 | Pastasallad/Räkor: 1 | Sandwich/Clubsandwich: 1 | Sandwich/Räkor: 1 | Wraps/Caesar Kyckling: 1 | Wraps/Kyckling Bacon: 1 | Wraps/Kyckling Curry: 1 | Wraps/Sweet Chili: 1
Gävle,Drottningskiosken,Tuesday,28,23~33,18,Baguette/Kyckling Curry: 3 | Baguette/Ost & Skinka: 1 | Baguette/Salami & Brieost: 1 | Baguette/Skagen: 2 | Fralla/Ost & Skinka: 5 | Fralla/Ost: 4 | Pastasallad/Kyckling & Salladsost: 1 | Pastasallad/Kyckling kebab: 1 | Pastasallad/Räkor: 1 | Sandwich/Bacon & Äggröra: 1 | Sandwich/Clubsandwich: 1 | Sandwich/Kyckling Curry: 1 | Sandwich/Kyckling Pestoröra: 1 | Sandwich/Räkor: 1 | Wraps/Caesar Kyckling: 1 | Wraps/Kyckling Bacon: 1 | Wraps/Kyckling Curry: 1 | Wraps/Sweet Chili: 1
Gävle,ICA Spegeln,Tuesday,85,70~111,27,Baguette/Kyckling Curry: 1 | Baguette/Ost & Skinka: 2 | Baguette/Salami & Brieost: 3 | Baguette/Skagen: 2 | Fralla/Ost & Skinka: 10 | Fralla/Ost: 9 | Grönsallad/Caesarsallad: 1 | Hönökaka/Ost & Salami: 7 | Hönökaka/Ost & Skinka: 8 | Hönökaka/Ost: 6 | Pastasallad/Bacon & Kyckling: 1 | Pastasallad/Kyckling & Salladsost: 5 | Pastasallad/Kyckling mangocurry: 4 | Pastasallad/Ost & Skinka: 2 | Pastasallad/Räkor: 2 | Sandwich/Clubsandwich: 1 | Sandwich/Kyckling Curry: 1 | Sandwich/Kyckling Pestoröra: 1 | Sandwich/Räkor: 1 | Varmrätt/Kycklingspett med ris: 1 | Wraps/Caesar Kyckling: 1 | Wraps/Kyckling Bacon: 1 | Wraps/Kyckling Curry: 2 | Wraps/Sweet Chili: 1 | XL Frallor/Grovfralla Kalkon & Färskost: 4 | XL Frallor/Ost & Skinka: 4 | XL Frallor/Ost: 4
Gävle,ICA Stortorget,Tuesday,41,31~52,16,Grönsallad/Caesarsallad: 1 | Grönsallad/Kyckling: 1 | Pastasallad/Bacon & Kyckling: 2 | Pastasallad/Kyckling & Salladsost: 4 | Pastasallad/Kyckling mangocurry: 4 | Pastasallad/Ost & Skinka: 3 | Pastasallad/Räkor: 2 | Sandwich/Bacon & Äggröra: 2 | Sandwich/Clubsandwich: 1 | Sandwich/Kyckling Curry: 1 | Sandwich/Kyckling Pestoröra: 2 | Sandwich/Räkor: 2 | Wraps/Caesar Kyckling: 4 | Wraps/Kyckling Bacon: 4 | Wraps/Kyckling Curry: 5 | Wraps/Sweet Chili: 3
Gävle,ICA Söder,Tuesday,28,23~41,20,Baguette/Kyckling Curry: 1 | Baguette/Ost & Skinka: 1 | Baguette/Salami & Brieost: 2 | Baguette/Skagen: 1 | Fralla/Ost & Skinka: 1 | Fralla/Ost: 1 | Grönsallad/Caesarsallad: 1 | Hönökaka/Ost & Skinka: 1 | Hönökaka/Ost: 1 | Pastasallad/Kyckling & Salladsost: 2 | Pastasallad/Kyckling mangocurry: 3 | Pastasallad/Räkor: 1 | Sandwich/Bacon & Äggröra: 1 | Sandwich/Clubsandwich: 1 | Sandwich/Kyckling Curry: 1 | Sandwich/Ägg & Avocadokräm: 1 | Wraps/Caesar Kyckling: 2 | Wraps/Kyckling Bacon: 2 | Wraps/Kyckling Curry: 2 | Wraps/Sweet Chili: 2
Gävle,ICA Örbyhus,Tuesday,47,35~60,27,Baguette/Kyckling Curry: 1 | Baguette/Kyckling Sweet Chili: 1 | Baguette/Ost & Skinka: 1 | Baguette/Salami & Brieost: 1 | Baguette/Skagen: 2 | Fralla/Ost & Skinka: 2 | Fralla/Ost: 2 | Grönsallad/Caesarsallad: 1 | Hönökaka/Ost & Skinka: 2 | Hönökaka/Ost: 1 | Pastasallad/Bacon & Kyckling: 1 | Pastasallad/Kyckling & Salladsost: 3 | Pastasallad/Kyckling mangocurry: 3 | Pastasallad/Ost & Skinka: 2 | Pastasallad/Räkor: 2 | Räkmacka Liten/Räkmacka liten: 1 | Sandwich/Bacon & Äggröra: 2 | Sandwich/Clubsandwich: 3 | Sandwich/Kyckling Curry: 3 | Sandwich/Räkor: 2 | Sandwich/Ägg & Avocadokräm: 1 | Wraps/Caesar Kyckling: 2 | Wraps/Kyckling Bacon: 2 | Wraps/Kyckling Curry: 2 | Wraps/Sweet Chili: 2 | XL Frallor/Ost & Skinka: 1 | XL Frallor/Ost: 1
Gävle,Tempo Brynäs,Tuesday,31,26~49,24,Baguette/Kyckling Curry: 2 | Baguette/Ost & Skinka: 1 | Baguette/Salami & Brieost: 2 | Baguette/Skagen: 2 | Fralla/Ost & Skinka: 1 | Fralla/Ost: 1 | Hönökaka/Ost & Salami: 1 | Hönökaka/Ost & Skinka: 1 | Hönökaka/Ost: 1 | Pastasallad/Bacon & Kyckling: 1 | Pastasallad/Kyckling & Salladsost: 3 | Pastasallad/Kyckling mangocurry: 2 | Pastasallad/Ost & Skinka: 1 | Pastasallad/Räkor: 1 | Sandwich/Bacon & Äggröra: 1 | Sandwich/Clubsandwich: 1 | Sandwich/Kyckling Curry: 1 | Sandwich/Räkor: 1 | Varmrätt/Kycklingspett med ris: 1 | Varmrätt/Teriyakikycklingfile med basmatiris: 1 | Wraps/Caesar Kyckling: 1 | Wraps/Kyckling Bacon: 2 | Wraps/Kyckling Curry: 1 | Wraps/Sweet Chili: 1
Gävle,Coop Karlholm,Thursday,26,20~30,18,Baguette/Kyckling Curry: 1 | Baguette/Ost & Skinka: 1 | Baguette/Salami & Brieost: 1 | Baguette/Skagen: 1 | Fralla/Ost & Skinka: 2 | Fralla/Ost: 1 | Hönökaka/Ost & Skinka: 1 | Pastasallad/Kyckling & Salladsost: 3 | Pastasallad/Kyckling mangocurry: 2 | Pastasallad/Räkor: 2 | Sandwich/Bacon & Äggröra: 1 | Sandwich/Clubsandwich: 1 | Sandwich/Kyckling Curry: 1 | Sandwich/Räkor: 2 | Wraps/Caesar Kyckling: 1 | Wraps/Kyckling Bacon: 2 | Wraps/Kyckling Curry: 2 | Wraps/Sweet Chili: 1
Gävle,Coop Krysset,Thursday,27,18~34,17,Baguette/Ost & Skinka: 1 | Baguette/Salami & Brieost: 2 | Baguette/Skagen: 1 | Fralla/Ost & Skinka: 2 | Fralla/Ost: 1 | Hönökaka/Ost & Skinka: 1 | Hönökaka/Ost: 1 | Pastasallad/Bacon & Kyckling: 1 | Pastasallad/Kyckling & Salladsost: 3 | Pastasallad/Kyckling mangocurry: 3 | Pastasallad/Räkor: 2 | Sandwich/Kyckling Curry: 1 | Sandwich/Räkor: 1 | Wraps/Caesar Kyckling: 2 | Wraps/Kyckling Bacon: 2 | Wraps/Kyckling Curry: 1 | Wraps/Sweet Chili: 2
Gävle,Coop Skutskär,Thursday,24,13~34,17,Baguette/Salami & Brieost: 1 | Baguette/Skagen: 1 | Fralla/Ost & Skinka: 1 | Fralla/Ost: 1 | Hönökaka/Ost & Skinka: 1 | Hönökaka/Ost: 1 | Pastasallad/Kyckling & Salladsost: 2 | Pastasallad/Kyckling mangocurry: 2 | Pastasallad/Räkor: 2 | Räkmacka Liten/Räkmacka liten: 3 | Sandwich/Clubsandwich: 1 | Sandwich/Kyckling Curry: 1 | Sandwich/Räkor: 1 | Wraps/Caesar Kyckling: 2 | Wraps/Kyckling Bacon: 1 | Wraps/Kyckling Curry: 2 | Wraps/Sweet Chili: 1
Gävle,Coop Tierp,Thursday,29,17~46,22,Baguette/Kyckling Curry: 2 | Baguette/Ost & Skinka: 1 | Baguette/Salami & Brieost: 1 | Baguette/Skagen: 2 | Fralla/Ost & Skinka: 2 | Fralla/Ost: 2 | Hönökaka/Ost & Skinka: 1 | Hönökaka/Ost: 1 | Pastasallad/Kyckling & Salladsost: 1 | Pastasallad/Kyckling mangocurry: 1 | Pastasallad/Räkor: 2 | Räkmacka Liten/Räkmacka liten: 2 | Sandwich/Bacon & Äggröra: 1 | Sandwich/Clubsandwich: 1 | Sandwich/Räkor: 2 | Wraps/Caesar Kyckling: 1 | Wraps/Kyckling Bacon: 1 | Wraps/Kyckling Curry: 1 | Wraps/Sweet Chili: 1 | XL Frallor/Grovfralla Kalkon & Färskost: 1 | XL Frallor/Ost & Skinka: 1 | XL Frallor/Ost: 1
Gävle,Coop Triangeln,Thursday,20,14~27,17,Baguette/Kyckling Curry: 1 | Baguette/Ost & Skinka: 1 | Baguette/Salami & Brieost: 1 | Baguette/Skagen: 2 | Fralla/Ost & Skinka: 2 | Fralla/Ost: 2 | Pastasallad/Kyckling & Salladsost: 1 | Pastasallad/Kyckling mangocurry: 1 | Pastasallad/Räkor: 1 | Sandwich/Bacon & Äggröra: 1 | Sandwich/Clubsandwich: 1 | Sandwich/Kyckling Curry: 1 | Wraps/Caesar Kyckling: 1 | Wraps/Kyckling Bacon: 1 | Wraps/Kyckling Curry: 1 | Wraps/Sweet Chili: 1 | XL Frallor/Ost & Skinka: 1
Gävle,Coop Älvkarleby,Thursday,16,5~25,16,Baguette/Ost & Skinka: 1 | Baguette/Salami & Brieost: 1 | Baguette/Skagen: 1 | Fralla/Ost & Skinka: 1 | Fralla/Ost: 1 | Hönökaka/Ost & Skinka: 1 | Hönökaka/Ost: 1 | Pastasallad/Kyckling & Salladsost: 1 | Pastasallad/Kyckling mangocurry: 1 | Pastasallad/Räkor: 1 | Sandwich/Clubsandwich: 1 | Sandwich/Kyckling Curry: 1 | Wraps/Caesar Kyckling: 1 | Wraps/Kyckling Bacon: 1 | Wraps/Kyckling Curry: 1 | Wraps/Sweet Chili: 1
Gävle,Coop Österbybruk,Thursday,22,18~36,18,Baguette/Kyckling Curry: 1 | Baguette/Ost & Skinka: 1 | Baguette/Salami & Brieost: 1 | Baguette/Skagen: 1 | Fralla/Ost & Skinka: 1 | Fralla/Ost: 1 | Hönökaka/Ost & Skinka: 1 | Hönökaka/Ost: 1 | Pastasallad/Bacon & Kyckling: 1 | Pastasallad/Kyckling & Salladsost: 1 | Pastasallad/Kyckling mangocurry: 2 | Pastasallad/Räkor: 2 | Sandwich/Clubsandwich: 1 | Sandwich/Räkor: 1 | Wraps/Caesar Kyckling: 1 | Wraps/Kyckling Bacon: 2 | Wraps/Kyckling Curry: 1 | Wraps/Sweet Chili: 2
Gävle,Drottningskiosken,Thursday,107,86~135,21,Baguette/Kyckling Curry: 10 | Baguette/Ost & Skinka: 5 | Baguette/Salami & Brieost: 6 | Baguette/Skagen: 10 | Fralla/Ost & Skinka: 21 | Fralla/Ost: 16 | Pastasallad/Kyckling & Salladsost: 2 | Pastasallad/Kyckling kebab: 2 | Pastasallad/Kyckling mangocurry: 2 | Pastasallad/Ost & Skinka: 2 | Pastasallad/Räkor: 2 | Sandwich/Bacon & Äggröra: 3 | Sandwich/Clubsandwich: 4 | Sandwich/Kyckling Curry: 2 | Sandwich/Kyckling Pestoröra: 2 | Sandwich/Räkor: 4 | Sandwich/Ägg & Avocadokräm: 2 | Wraps/Caesar Kyckling: 3 | Wraps/Kyckling Bacon: 3 | Wraps/Kyckling Curry: 3 | Wraps/Sweet Chili: 3
Gävle,ICA Spegeln,Thursday,110,85~139,27,Baguette/Kyckling Curry: 2 | Baguette/Ost & Skinka: 2 | Baguette/Salami & Brieost: 3 | Baguette/Skagen: 3 | Fralla/Ost & Skinka: 13 | Fralla/Ost: 11 | Grönsallad/Caesarsallad: 1 | Hönökaka/Ost & Salami: 9 | Hönökaka/Ost & Skinka: 11 | Hönökaka/Ost: 7 | Pastasallad/Bacon & Kyckling: 1 | Pastasallad/Kyckling & Salladsost: 5 | Pastasallad/Kyckling mangocurry: 6 | Pastasallad/Ost & Skinka: 3 | Pastasallad/Räkor: 3 | Sandwich/Clubsandwich: 1 | Sandwich/Kyckling Curry: 1 | Sandwich/Kyckling Pestoröra: 1 | Sandwich/Räkor: 1 | Varmrätt/Teriyakikycklingfile med basmatiris: 1 | Wraps/Caesar Kyckling: 2 | Wraps/Kyckling Bacon: 2 | Wraps/Kyckling Curry: 2 | Wraps/Sweet Chili: 2 | XL Frallor/Grovfralla Kalkon & Färskost: 5 | XL Frallor/Ost & Skinka: 6 | XL Frallor/Ost: 6
Gävle,ICA Stortorget,Thursday,58,48~79,16,Grönsallad/Caesarsallad: 1 | Grönsallad/Kyckling: 1 | Pastasallad/Bacon & Kyckling: 2 | Pastasallad/Kyckling & Salladsost: 6 | Pastasallad/Kyckling mangocurry: 6 | Pastasallad/Ost & Skinka: 4 | Pastasallad/Räkor: 3 | Sandwich/Bacon & Äggröra: 3 | Sandwich/Clubsandwich: 2 | Sandwich/Kyckling Curry: 3 | Sandwich/Kyckling Pestoröra: 2 | Sandwich/Räkor: 4 | Wraps/Caesar Kyckling: 5 | Wraps/Kyckling Bacon: 5 | Wraps/Kyckling Curry: 6 | Wraps/Sweet Chili: 5
Gävle,ICA Söder,Thursday,31,21~42,20,Baguette/Kyckling Curry: 1 | Baguette/Ost & Skinka: 1 | Baguette/Salami & Brieost: 2 | Baguette/Skagen: 2 | Fralla/Ost & Skinka: 1 | Fralla/Ost: 1 | Grönsallad/Caesarsallad: 1 | Hönökaka/Ost & Skinka: 1 | Hönökaka/Ost: 1 | Pastasallad/Kyckling & Salladsost: 1 | Pastasallad/Kyckling mangocurry: 3 | Pastasallad/Räkor: 2 | Sandwich/Bacon & Äggröra: 2 | Sandwich/Clubsandwich: 1 | Sandwich/Kyckling Curry: 1 | Sandwich/Ägg & Avocadokräm: 1 | Wraps/Caesar Kyckling: 1 | Wraps/Kyckling Bacon: 3 | Wraps/Kyckling Curry: 3 | Wraps/Sweet Chili: 2
Gävle,ICA Örbyhus,Thursday,77,57~99,27,Baguette/Kyckling Curry: 1 | Baguette/Kyckling Sweet Chili: 1 | Baguette/Ost & Skinka: 1 | Baguette/Salami & Brieost: 2 | Baguette/Skagen: 3 | Fralla/Ost & Skinka: 4 | Fralla/Ost: 3 | Grönsallad/Caesarsallad: 2 | Hönökaka/Ost & Skinka: 3 | Hönökaka/Ost: 2 | Pastasallad/Bacon & Kyckling: 2 | Pastasallad/Kyckling & Salladsost: 5 | Pastasallad/Kyckling mangocurry: 6 | Pastasallad/Ost & Skinka: 4 | Pastasallad/Räkor: 4 | Räkmacka Liten/Räkmacka liten: 1 | Sandwich/Bacon & Äggröra: 4 | Sandwich/Clubsandwich: 5 | Sandwich/Kyckling Curry: 4 | Sandwich/Räkor: 4 | Sandwich/Ägg & Avocadokräm: 2 | Wraps/Caesar Kyckling: 3 | Wraps/Kyckling Bacon: 3 | Wraps/Kyckling Curry: 3 | Wraps/Sweet Chili: 3 | XL Frallor/Ost & Skinka: 1 | XL Frallor/Ost: 1
Gävle,Tempo Brynäs,Thursday,40,27~56,24,Baguette/Kyckling Curry: 2 | Baguette/Ost & Skinka: 2 | Baguette/Salami & Brieost: 2 | Baguette/Skagen: 3 | Fralla/Ost & Skinka: 2 | Fralla/Ost: 1 | Hönökaka/Ost & Salami: 1 | Hönökaka/Ost & Skinka: 1 | Hönökaka/Ost: 1 | Pastasallad/Bacon & Kyckling: 1 | Pastasallad/Kyckling & Salladsost: 4 | Pastasallad/Kyckling mangocurry: 3 | Pastasallad/Ost & Skinka: 2 | Pastasallad/Räkor: 1 | Sandwich/Bacon & Äggröra: 1 | Sandwich/Clubsandwich: 2 | Sandwich/Kyckling Curry: 1 | Sandwich/Räkor: 2 | Varmrätt/Teriyakibiff med ris: 1 | Varmrätt/Teriyakikycklingfile med basmatiris: 1 | Wraps/Caesar Kyckling: 1 | Wraps/Kyckling Bacon: 2 | Wraps/Kyckling Curry: 2 | Wraps/Sweet Chili: 1
Stockholm Mellan,Coop Bredden,Sunday,31,28~46,22,Baguette/Kyckling Sweet Chili: 1 | Baguette/Ost & Skinka: 1 | Baguette/Salami & Brieost: 1 | Baguette/Skagen: 1 | Fralla/Ost & Skinka: 4 | Fralla/Ost: 2 | Grönsallad/Caesarsallad: 1 | Hönökaka/Ost & Skinka: 3 | Hönökaka/Ost: 2 | Pastasallad/Bacon & Kyckling: 1 | Pastasallad/Kyckling & Salladsost: 2 | Pastasallad/Kyckling mangocurry: 2 | Pastasallad/Ost & Skinka: 1 | Pastasallad/Räkor: 1 | Sandwich/Clubsandwich: 1 | Sandwich/Kyckling Curry: 1 | Sandwich/Räkor: 1 | Sandwich/Ägg & Avocadokräm: 1 | Wraps/Caesar Kyckling: 1 | Wraps/Kyckling Bacon: 1 | Wraps/Kyckling Curry: 1 | Wraps/Sweet Chili: 1
Stockholm Mellan,Coop Bromma,Sunday,12,9~16,12,Baguette/Kyckling Curry: 1 | Baguette/Kyckling Sweet Chili: 1 | Baguette/Ost & Skinka: 1 | Hönökaka/Ost & Salami: 1 | Hönökaka/Ost & Skinka: 1 | Pastasallad/Bacon & Kyckling: 1 | Pastasallad/Kyckling & Salladsost: 1 | Pastasallad/Kyckling mangocurry: 1 | Pastasallad/Räkor: 1 | Wraps/Caesar Kyckling: 1 | Wraps/Kyckling Bacon: 1 | Wraps/Sweet Chili: 1
Stockholm Mellan,Coop Häggvik,Sunday,14,8~14,11,Fralla/Ost & Skinka: 1 | Pastasallad/Kyckling & Salladsost: 2 | Pastasallad/Kyckling kebab: 1 | Pastasallad/Kyckling mangocurry: 2 | Pastasallad/Räkor: 2 | Wraps/Caesar Kyckling: 1 | Wraps/Kyckling Curry: 1 | Wraps/Sweet Chili: 1 | XL Frallor/Grovfralla Kalkon & Färskost: 1 | XL Frallor/Ost & Skinka: 1 | XL Frallor/Ost: 1
Stockholm Mellan,Coop Korpkulla,Sunday,82,63~104,25,Baguette/Kyckling Curry: 2 | Baguette/Ost & Skinka: 3 | Baguette/Salami & Brieost: 4 | Baguette/Skagen: 2 | Fralla/Ost & Skinka: 7 | Fralla/Ost: 6 | Hönökaka/Ost & Salami: 2 | Hönökaka/Ost & Skinka: 7 | Hönökaka/Ost: 5 | Pastasallad/Bacon & Kyckling: 3 | Pastasallad/Kyckling & Salladsost: 5 | Pastasallad/Kyckling mangocurry: 6 | Pastasallad/Ost & Skinka: 3 | Pastasallad/Räkor: 2 | Sandwich/Bacon & Äggröra: 1 | Sandwich/Clubsandwich: 3 | Sandwich/Kyckling Curry: 2 | Sandwich/Räkor: 2 | Sandwich/Ägg & Avocadokräm: 2 | Wraps/Caesar Kyckling: 3 | Wraps/Kyckling Bacon: 3 | Wraps/Kyckling Curry: 2 | Wraps/Sweet Chili: 2 | XL Frallor/Ost & Skinka: 3 | XL Frallor/Ost: 2
Stockholm Mellan,Coop Märsta,Sunday,154,121~194,35,Baguette/Kyckling Curry: 3 | Baguette/Kyckling Sweet Chili: 2 | Baguette/Kycklingsallad Olivie: 1 | Baguette/Ost & Skinka: 3 | Baguette/Salami & Brieost: 3 | Baguette/Skagen: 5 | Fralla/Ost & Skinka: 8 | Fralla/Ost: 8 | Grönsallad/Caesarsallad: 5 | Grönsallad/Kyckling: 4 | Hönökaka/Ost & Salami: 4 | Hönökaka/Ost & Skinka: 5 | Hönökaka/Ost: 4 | Pastasallad/Bacon & Kyckling: 4 | Pastasallad/Falafel: 1 | Pastasallad/Kyckling & Salladsost: 8 | Pastasallad/Kyckling kebab: 2 | Pastasallad/Kyckling mangocurry: 9 | Pastasallad/Ost & Skinka: 4 | Pastasallad/Räkor: 7 | Sandwich/Bacon & Äggröra: 3 | Sandwich/Clubsandwich: 3 | Sandwich/Kyckling Curry: 2 | Sandwich/Kyckling Pestoröra: 2 | Sandwich/Räkor: 2 | Sandwich/Ägg & Avocadokräm: 2 | Varmrätt/Teriyakibiff med ris: 1 | Varmrätt/Teriyakikycklingfile med basmatiris: 1 | Wraps/Caesar Kyckling: 11 | Wraps/Kyckling Bacon: 9 | Wraps/Kyckling Curry: 10 | Wraps/Sweet Chili: 6 | XL Frallor/Grovfralla Kalkon & Färskost: 4 | XL Frallor/Ost & Skinka: 4 | XL Frallor/Ost: 4
Stockholm Mellan,Coop Norrtull,Sunday,70,53~98,24,Baguette/Kyckling Curry: 2 | Baguette/Ost & Skinka: 1 | Fralla/Ost & Skinka: 6 | Fralla/Ost: 5 | Grönsallad/Caesarsallad: 2 | Grönsallad/Kyckling: 2 | Hönökaka/Ost & Salami: 2 | Hönökaka/Ost & Skinka: 7 | Hönökaka/Ost: 5 | Pastasallad/Bacon & Kyckling: 2 | Pastasallad/Kyckling & Salladsost: 3 | Pastasallad/Kyckling mangocurry: 4 | Pastasallad/Ost & Skinka: 3 | Pastasallad/Räkor: 2 | Sandwich/Clubsandwich: 2 | Sandwich/Kyckling Curry: 2 | Sandwich/Kyckling Pestoröra: 1 | Sandwich/Räkor: 2 | Wraps/Caesar Kyckling: 2 | Wraps/Kyckling Bacon: 4 | Wraps/Kyckling Curry: 3 | Wraps/Sweet Chili: 3 | XL Frallor/Ost & Skinka: 3 | XL Frallor/Ost: 2
Stockholm Mellan,Coop Rotebro,Sunday,35,29~58,23,Baguette/Ost & Skinka: 1 | Baguette/Salami & Brieost: 1 | Baguette/Skagen: 1 | Fralla/Ost & Skinka: 2 | Fralla/Ost: 1 | Grönsallad/Caesarsallad: 1 | Grönsallad/Kyckling: 1 | Hönökaka/Ost & Salami: 1 | Hönökaka/Ost & Skinka: 2 | Hönökaka/Ost: 2 | Pastasallad/Kyckling & Salladsost: 2 | Pastasallad/Kyckling kebab: 2 | Pastasallad/Kyckling mangocurry: 3 | Pastasallad/Räkor: 3 | Sandwich/Bacon & Äggröra: 1 | Sandwich/Kyckling Pestoröra: 1 | Sandwich/Räkor: 1 | Wraps/Caesar Kyckling: 2 | Wraps/Kyckling Bacon: 1 | Wraps/Kyckling Curry: 2 | Wraps/Sweet Chili: 2 | XL Frallor/Grovfralla Kalkon & Färskost: 1 | XL Frallor/Ost & Skinka: 1
Stockholm Mellan,Hemköp Scandinavia,Sunday,16,12~20,9,Baguette/Kyckling Curry: 1 | Baguette/Salami & Brieost: 1 | Baguette/Skagen: 1 | Pastasallad/Kyckling & Salladsost: 3 | Pastasallad/Kyckling mangocurry: 4 | Pastasallad/Räkor: 3 | Varmrätt/Kyckling-och böngryta: 1 | Varmrätt/Teriyakibiff med ris: 1 | Varmrätt/Teriyakikycklingfile med basmatiris: 1
Stockholm Mellan,Hemköp Ulriksdal,Sunday,74,59~115,25,Baguette/Kyckling Curry: 2 | Baguette/Ost & Skinka: 2 | Baguette/Salami & Brieost: 2 | Baguette/Skagen: 2 | Fralla/Ost & Skinka: 5 | Fralla/Ost: 4 | Hönökaka/Ost & Salami: 1 | Hönökaka/Ost & Skinka: 3 | Hönökaka/Ost: 4 | Pastasallad/Bacon & Kyckling: 2 | Pastasallad/Kyckling & Salladsost: 3 | Pastasallad/Kyckling mangocurry: 4 | Pastasallad/Räkor: 2 | Sandwich/Clubsandwich: 2 | Sandwich/Kyckling Curry: 2 | Sandwich/Kyckling Pestoröra: 2 | Sandwich/Räkor: 3 | Sandwich/Ägg & Avocadokräm: 2 | Wraps/Caesar Kyckling: 5 | Wraps/Kyckling Bacon: 6 | Wraps/Kyckling Curry: 5 | Wraps/Sweet Chili: 4 | XL Frallor/Grovfralla Kalkon & Färskost: 2 | XL Frallor/Ost & Skinka: 3 | XL Frallor/Ost: 2
Stockholm Mellan,ICA Dalastan,Sunday,80,53~114,28,Baguette/Kyckling Curry: 2 | Baguette/Kyckling Sweet Chili: 1 | Baguette/Ost & Skinka: 2 | Baguette/Salami & Brieost: 2 | Baguette/Skagen: 3 | Fralla/Ost & Skinka: 5 | Fralla/Ost: 3 | Grönsallad/Caesarsallad: 3 | Grönsallad/Kyckling: 2 | Hönökaka/Ost & Skinka: 6 | Hönökaka/Ost: 6 | Pastasallad/Bacon & Kyckling: 3 | Pastasallad/Kyckling & Salladsost: 3 | Pastasallad/Kyckling mangocurry: 3 | Pastasallad/Ost & Skinka: 2 | Pastasallad/Räkor: 3 | Sandwich/Clubsandwich: 2 | Sandwich/Kyckling Pestoröra: 2 | Sandwich/Räkor: 1 | Varmrätt/Teriyakibiff med ris: 2 | Varmrätt/Teriyakikycklingfile med basmatiris: 2 | Wraps/Caesar Kyckling: 4 | Wraps/Kyckling Bacon: 4 | Wraps/Kyckling Curry: 3 | Wraps/Sweet Chili: 4 | XL Frallor/Grovfralla Kalkon & Färskost: 3 | XL Frallor/Ost & Skinka: 2 | XL Frallor/Ost: 2
Stockholm Mellan,ICA Kista,Sunday,140,109~175,33,Baguette/Kyckling Curry: 1 | Baguette/Kyckling Sweet Chili: 2 | Baguette/Ost & Skinka: 2 | Baguette/Salami & Brieost: 2 | Baguette/Skagen: 2 | Fralla/Ost & Skinka: 12 | Fralla/Ost: 8 | Glutenfri Frallor/Glutenfri Ost & Skinka(endast söndagsbeställning): 1 | Grönsallad/Caesarsallad: 2 | Grönsallad/Kyckling: 2 | Hönökaka/Ost & Salami: 6 | Hönökaka/Ost & Skinka: 12 | Hönökaka/Ost: 11 | Pastasallad/Bacon & Kyckling: 3 | Pastasallad/Falafel: 1 | Pastasallad/Kyckling & Salladsost: 3 | Pastasallad/Kyckling mangocurry: 4 | Pastasallad/Ost & Skinka: 1 | Pastasallad/Räkor: 3 | Sandwich/Bacon & Äggröra: 4 | Sandwich/Clubsandwich: 4 | Sandwich/Kyckling Curry: 4 | Sandwich/Kyckling Pestoröra: 4 | Sandwich/Räkor: 5 | Sandwich/Ägg & Avocadokräm: 5 | Wraps/Caesar Kyckling: 6 | Wraps/Kyckling Bacon: 7 | Wraps/Kyckling Curry: 6 | Wraps/Kycklingsallad Olivie: 3 | Wraps/Sweet Chili: 5 | XL Frallor/Grovfralla Kalkon & Färskost: 2 | XL Frallor/Ost & Skinka: 3 | XL Frallor/Ost: 4
Stockholm Mellan,ICA Lunden,Sunday,54,44~79,30,Baguette/Kyckling Curry: 1 | Baguette/Ost & Skinka: 1 | Baguette/Salami & Brieost: 1 | Baguette/Skagen: 1 | Fralla/Ost & Skinka: 3 | Fralla/Ost: 3 | Grönsallad/Caesarsallad: 1 | Grönsallad/Kyckling: 1 | Hönökaka/Ost & Salami: 1 | Hönökaka/Ost & Skinka: 2 | Hönökaka/Ost: 3 | Pastasallad/Bacon & Kyckling: 2 | Pastasallad/Falafel: 1 | Pastasallad/Kyckling & Salladsost: 3 | Pastasallad/Kyckling mangocurry: 3 | Pastasallad/Ost & Skinka: 2 | Pastasallad/Räkor: 1 | Sandwich/Bacon & Äggröra: 1 | Sandwich/Kyckling Curry: 2 | Sandwich/Kyckling Pestoröra: 1 | Sandwich/Räkor: 1 | Sandwich/Ägg & Avocadokräm: 1 | Varmrätt/Teriyakibiff med ris: 1 | Varmrätt/Teriyakikycklingfile med basmatiris: 1 | Wraps/Caesar Kyckling: 3 | Wraps/Kyckling Bacon: 3 | Wraps/Kyckling Curry: 4 | Wraps/Sweet Chili: 3 | XL Frallor/Ost & Skinka: 2 | XL Frallor/Ost: 1
Stockholm Mellan,ICA Norrviken,Sunday,43,37~65,27,Baguette/Kyckling Curry: 1 | Baguette/Salami & Brieost: 1 | Fralla/Ost & Skinka: 3 | Fralla/Ost: 2 | Grönsallad/Caesarsallad: 1 | Grönsallad/Kyckling: 1 | Hönökaka/Ost & Salami: 2 | Hönökaka/Ost & Skinka: 3 | Hönökaka/Ost: 2 | Pastasallad/Bacon & Kyckling: 2 | Pastasallad/Kyckling & Salladsost: 3 | Pastasallad/Kyckling kebab: 1 | Pastasallad/Kyckling mangocurry: 2 | Pastasallad/Ost & Skinka: 2 | Pastasallad/Räkor: 2 | Sandwich/Bacon & Äggröra: 1 | Sandwich/Clubsandwich: 1 | Sandwich/Kyckling Curry: 1 | Sandwich/Kyckling Pestoröra: 1 | Sandwich/Räkor: 1 | Wraps/Caesar Kyckling: 1 | Wraps/Kyckling Bacon: 2 | Wraps/Kyckling Curry: 2 | Wraps/Sweet Chili: 2 | XL Frallor/Grovfralla Kalkon & Färskost: 1 | XL Frallor/Ost & Skinka: 1 | XL Frallor/Ost: 1
Stockholm Mellan,ICA Nära Roslagstull,Sunday,49,35~67,16,Baguette/Kyckling Curry: 2 | Baguette/Ost & Skinka: 1 | Baguette/Salami & Brieost: 2 | Baguette/Skagen: 2 | Pastasallad/Bacon & Kyckling: 3 | Pastasallad/Kyckling & Salladsost: 4 | Pastasallad/Kyckling mangocurry: 5 | Pastasallad/Ost & Skinka: 4 | Pastasallad/Räkor: 2 | Sandwich/Clubsandwich: 2 | Sandwich/Kyckling Curry: 1 | Sandwich/Kyckling Pestoröra: 1 | Wraps/Caesar Kyckling: 4 | Wraps/Kyckling Bacon: 7 | Wraps/Kyckling Curry: 5 | Wraps/Sweet Chili: 4
Stockholm Mellan,ICA RAPID,Sunday,89,68~122,31,Baguette/Kyckling Curry: 2 | Baguette/Kyckling Sweet Chili: 2 | Baguette/Ost & Skinka: 1 | Baguette/Salami & Brieost: 2 | Baguette/Skagen: 2 | Fralla/Ost & Skinka: 3 | Fralla/Ost: 2 | Grönsallad/Caesarsallad: 2 | Grönsallad/Kyckling: 1 | Hönökaka/Ost & Salami: 4 | Hönökaka/Ost & Skinka: 4 | Hönökaka/Ost: 2 | Pastasallad/Bacon & Kyckling: 5 | Pastasallad/Kyckling & Salladsost: 7 | Pastasallad/Kyckling mangocurry: 7 | Pastasallad/Räkor: 4 | Sandwich/Bacon & Äggröra: 3 | Sandwich/Clubsandwich: 2 | Sandwich/Kyckling Curry: 2 | Sandwich/Räkor: 2 | Sandwich/Ägg & Avocadokräm: 2 | Varmrätt/Kycklingspett med ris: 1 | Varmrätt/Teriyakibiff med ris: 1 | Varmrätt/Teriyakikycklingfile med basmatiris: 1 | Wraps/Caesar Kyckling: 4 | Wraps/Kyckling Bacon: 5 | Wraps/Kyckling Curry: 5 | Wraps/Sweet Chili: 6 | XL Frallor/Grovfralla Kalkon & Färskost: 2 | XL Frallor/Ost & Skinka: 1 | XL Frallor/Ost: 2
Stockholm Mellan,ICA Sigma,Sunday,52,40~81,31,Baguette/Kyckling Curry: 1 | Baguette/Kyckling Sweet Chili: 1 | Baguette/Ost & Skinka: 1 | Baguette/Salami & Brieost: 1 | Fralla/Ost & Skinka: 3 | Fralla/Ost: 1 | Grönsallad/Caesarsallad: 1 | Grönsallad/Kyckling: 1 | Hönökaka/Ost & Salami: 2 | Hönökaka/Ost & Skinka: 2 | Hönökaka/Ost: 1 | Pastasallad/Bacon & Kyckling: 1 | Pastasallad/Kyckling & Salladsost: 2 | Pastasallad/Kyckling mangocurry: 3 | Pastasallad/Ost & Skinka: 3 | Pastasallad/Räkor: 2 | Sandwich/Bacon & Äggröra: 1 | Sandwich/Clubsandwich: 2 | Sandwich/Kyckling Curry: 2 | Sandwich/Kyckling Pestoröra: 1 | Sandwich/Räkor: 2 | Sandwich/Ägg & Avocadokräm: 1 | Varmrätt/Kycklingspett med ris: 1 | Varmrätt/Teriyakikycklingfile med basmatiris: 1 | Wraps/Caesar Kyckling: 3 | Wraps/Kyckling Bacon: 4 | Wraps/Kyckling Curry: 2 | Wraps/Sweet Chili: 3 | XL Frallor/Grovfralla Kalkon & Färskost: 1 | XL Frallor/Ost & Skinka: 1 | XL Frallor/Ost: 1
Stockholm Mellan,ICA Supermarket Solna Centrum,Sunday,134,106~174,29,Baguette/Kyckling Curry: 2 | Baguette/Kycklingsallad Olivie: 1 | Baguette/Ost & Skinka: 3 | Baguette/Salami & Brieost: 5 | Baguette/Skagen: 5 | Fralla/Ost & Skinka: 5 | Fralla/Ost: 4 | Hönökaka/Ost & Salami: 5 | Hönökaka/Ost & Skinka: 5 | Hönökaka/Ost: 3 | Pastasallad/Bacon & Kyckling: 3 | Pastasallad/Kyckling & Salladsost: 5 | Pastasallad/Kyckling kebab: 1 | Pastasallad/Kyckling mangocurry: 6 | Pastasallad/Ost & Skinka: 1 | Pastasallad/Räkor: 5 | Sandwich/Bacon & Äggröra: 4 | Sandwich/Clubsandwich: 4 | Sandwich/Kyckling Curry: 4 | Sandwich/Kyckling Pestoröra: 3 | Sandwich/Räkor: 3 | Sandwich/Ägg & Avocadokräm: 3 | Wraps/Caesar Kyckling: 11 | Wraps/Kyckling Bacon: 12 | Wraps/Kyckling Curry: 13 | Wraps/Sweet Chili: 8 | XL Frallor/Grovfralla Kalkon & Färskost: 4 | XL Frallor/Ost & Skinka: 4 | XL Frallor/Ost: 2
Stockholm Mellan,ICA Sätuna,Sunday,38,32~52,19,Baguette/Kyckling Curry: 1 | Baguette/Salami & Brieost: 2 | Baguette/Skagen: 2 | Grönsallad/Caesarsallad: 1 | Hönökaka/Ost & Salami: 1 | Hönökaka/Ost & Skinka: 2 | Hönökaka/Ost: 2 | Pastasallad/Kyckling & Salladsost: 2 | Pastasallad/Kyckling mangocurry: 3 | Pastasallad/Räkor: 3 | Sandwich/Bacon & Äggröra: 1 | Sandwich/Clubsandwich: 1 | Sandwich/Kyckling Curry: 2 | Sandwich/Kyckling Pestoröra: 1 | Sandwich/Ägg & Avocadokräm: 2 | Wraps/Caesar Kyckling: 3 | Wraps/Kyckling Bacon: 2 | Wraps/Kyckling Curry: 5 | Wraps/Sweet Chili: 2
Stockholm Mellan,Myway Danderyd,Sunday,55,47~81,24,Baguette/Kyckling Curry: 1 | Baguette/Ost & Skinka: 1 | Baguette/Salami & Brieost: 2 | Baguette/Skagen: 1 | Fralla/Ost & Skinka: 12 | Fralla/Ost: 7 | Hönökaka/Ost & Salami: 1 | Hönökaka/Ost & Skinka: 3 | Hönökaka/Ost: 3 | Pastasallad/Bacon & Kyckling: 1 | Pastasallad/Kyckling mangocurry: 1 | Sandwich/Bacon & Äggröra: 1 | Sandwich/Clubsandwich: 2 | Sandwich/Kyckling Curry: 2 | Sandwich/Kyckling Pestoröra: 1 | Sandwich/Räkor: 1 | Sandwich/Ägg & Avocadokräm: 1 | Wraps/Caesar Kyckling: 1 | Wraps/Kyckling Bacon: 2 | Wraps/Kyckling Curry: 2 | Wraps/Sweet Chili: 2 | XL Frallor/Grovfralla Kalkon & Färskost: 3 | XL Frallor/Ost & Skinka: 2 | XL Frallor/Ost: 2
Stockholm Mellan,Quickstar SOLNA,Sunday,44,37~62,15,Fralla/Ost & Skinka: 4 | Fralla/Ost: 4 | Hönökaka/Ost & Skinka: 8 | Hönökaka/Ost: 7 | Pastasallad/Kyckling & Salladsost: 2 | Pastasallad/Kyckling mangocurry: 2 | Pastasallad/Ost & Skinka: 1 | Pastasallad/Räkor: 1 | Sandwich/Clubsandwich: 2 | Sandwich/Kyckling Curry: 2 | Sandwich/Räkor: 2 | Wraps/Caesar Kyckling: 2 | Wraps/Kyckling Bacon: 3 | Wraps/Kyckling Curry: 2 | Wraps/Sweet Chili: 2
Stockholm Mellan,Coop Bredden,Monday,31,28~46,22,Baguette/Kyckling Sweet Chili: 1 | Baguette/Ost & Skinka: 1 | Baguette/Salami & Brieost: 1 | Baguette/Skagen: 1 | Fralla/Ost & Skinka: 4 | Fralla/Ost: 2 | Grönsallad/Caesarsallad: 1 | Hönökaka/Ost & Skinka: 3 | Hönökaka/Ost: 2 | Pastasallad/Bacon & Kyckling: 1 | Pastasallad/Kyckling & Salladsost: 2 | Pastasallad/Kyckling mangocurry: 2 | Pastasallad/Ost & Skinka: 1 | Pastasallad/Räkor: 1 | Sandwich/Clubsandwich: 1 | Sandwich/Kyckling Curry: 1 | Sandwich/Räkor: 1 | Sandwich/Ägg & Avocadokräm: 1 | Wraps/Caesar Kyckling: 1 | Wraps/Kyckling Bacon: 1 | Wraps/Kyckling Curry: 1 | Wraps/Sweet Chili: 1
Stockholm Mellan,Coop Häggvik,Monday,11,8~14,11,Fralla/Ost & Skinka: 1 | Pastasallad/Kyckling & Salladsost: 1 | Pastasallad/Kyckling kebab: 1 | Pastasallad/Kyckling mangocurry: 1 | Pastasallad/Räkor: 1 | Wraps/Caesar Kyckling: 1 | Wraps/Kyckling Curry: 1 | Wraps/Sweet Chili: 1 | XL Frallor/Grovfralla Kalkon & Färskost: 1 | XL Frallor/Ost & Skinka: 1 | XL Frallor/Ost: 1
Stockholm Mellan,Coop Korpkulla,Monday,25,16~27,21,Baguette/Kyckling Curry: 1 | Baguette/Ost & Skinka: 1 | Baguette/Salami & Brieost: 1 | Baguette/Skagen: 1 | Fralla/Ost & Skinka: 2 | Fralla/Ost: 2 | Hönökaka/Ost & Skinka: 2 | Hönökaka/Ost: 1 | Pastasallad/Bacon & Kyckling: 1 | Pastasallad/Kyckling & Salladsost: 1 | Pastasallad/Kyckling mangocurry: 2 | Pastasallad/Ost & Skinka: 1 | Sandwich/Clubsandwich: 1 | Sandwich/Kyckling Curry: 1 | Sandwich/Räkor: 1 | Wraps/Caesar Kyckling: 1 | Wraps/Kyckling Bacon: 1 | Wraps/Kyckling Curry: 1 | Wraps/Sweet Chili: 1 | XL Frallor/Ost & Skinka: 1 | XL Frallor/Ost: 1
Stockholm Mellan,ICA Kista,Monday,66,53~80,31,Baguette/Kyckling Curry: 1 | Baguette/Kyckling Sweet Chili: 1 | Baguette/Ost & Skinka: 1 | Baguette/Salami & Brieost: 1 | Baguette/Skagen: 1 | Fralla/Ost & Skinka: 5 | Fralla/Ost: 4 | Grönsallad/Caesarsallad: 1 | Grönsallad/Kyckling: 1 | Hönökaka/Ost & Salami: 3 | Hönökaka/Ost & Skinka: 6 | Hönökaka/Ost: 5 | Pastasallad/Bacon & Kyckling: 1 | Pastasallad/Kyckling & Salladsost: 1 | Pastasallad/Kyckling mangocurry: 2 | Pastasallad/Ost & Skinka: 1 | Pastasallad/Räkor: 1 | Sandwich/Bacon & Äggröra: 2 | Sandwich/Clubsandwich: 2 | Sandwich/Kyckling Curry: 2 | Sandwich/Kyckling Pestoröra: 2 | Sandwich/Räkor: 2 | Sandwich/Ägg & Avocadokräm: 2 | Wraps/Caesar Kyckling: 3 | Wraps/Kyckling Bacon: 3 | Wraps/Kyckling Curry: 3 | Wraps/Kycklingsallad Olivie: 1 | Wraps/Sweet Chili: 3 | XL Frallor/Grovfralla Kalkon & Färskost: 1 | XL Frallor/Ost & Skinka: 2 | XL Frallor/Ost: 2
Stockholm Mellan,ICA Lunden,Monday,14,11~18,14,Fralla/Ost & Skinka: 1 | Fralla/Ost: 1 | Hönökaka/Ost & Skinka: 1 | Hönökaka/Ost: 1 | Pastasallad/Bacon & Kyckling: 1 | Pastasallad/Kyckling & Salladsost: 1 | Pastasallad/Kyckling mangocurry: 1 | Pastasallad/Ost & Skinka: 1 | Sandwich/Kyckling Curry: 1 | Wraps/Caesar Kyckling: 1 | Wraps/Kyckling Bacon: 1 | Wraps/Kyckling Curry: 1 | Wraps/Sweet Chili: 1 | XL Frallor/Ost & Skinka: 1
Stockholm Mellan,ICA Norrviken,Monday,22,13~25,22,Fralla/Ost & Skinka: 1 | Fralla/Ost: 1 | Grönsallad/Caesarsallad: 1 | Grönsallad/Kyckling: 1 | Hönökaka/Ost & Salami: 1 | Hönökaka/Ost & Skinka: 1 | Hönökaka/Ost: 1 | Pastasallad/Bacon & Kyckling: 1 | Pastasallad/Kyckling & Salladsost: 1 | Pastasallad/Kyckling mangocurry: 1 | Pastasallad/Ost & Skinka: 1 | Pastasallad/Räkor: 1 | Sandwich/Bacon & Äggröra: 1 | Sandwich/Clubsandwich: 1 | Sandwich/Kyckling Pestoröra: 1 | Sandwich/Räkor: 1 | Wraps/Caesar Kyckling: 1 | Wraps/Kyckling Bacon: 1 | Wraps/Kyckling Curry: 1 | Wraps/Sweet Chili: 1 | XL Frallor/Ost & Skinka: 1 | XL Frallor/Ost: 1
Stockholm Mellan,ICA Sigma,Monday,6,3~6,6,Fralla/Ost & Skinka: 1 | Pastasallad/Kyckling mangocurry: 1 | Pastasallad/Ost & Skinka: 1 | Wraps/Caesar Kyckling: 1 | Wraps/Kyckling Bacon: 1 | Wraps/Sweet Chili: 1
Stockholm Mellan,Coop Bredden,Tuesday,17,9~18,16,Baguette/Salami & Brieost: 1 | Baguette/Skagen: 1 | Fralla/Ost & Skinka: 2 | Fralla/Ost: 1 | Hönökaka/Ost & Skinka: 1 | Hönökaka/Ost: 1 | Pastasallad/Bacon & Kyckling: 1 | Pastasallad/Kyckling & Salladsost: 1 | Pastasallad/Kyckling mangocurry: 1 | Pastasallad/Räkor: 1 | Sandwich/Clubsandwich: 1 | Sandwich/Kyckling Curry: 1 | Wraps/Caesar Kyckling: 1 | Wraps/Kyckling Bacon: 1 | Wraps/Kyckling Curry: 1 | Wraps/Sweet Chili: 1
Stockholm Mellan,Coop Bromma,Tuesday,21,16~33,12,Baguette/Kyckling Curry: 1 | Baguette/Kyckling Sweet Chili: 1 | Baguette/Ost & Skinka: 1 | Hönökaka/Ost & Salami: 2 | Hönökaka/Ost & Skinka: 2 | Pastasallad/Bacon & Kyckling: 2 | Pastasallad/Kyckling & Salladsost: 2 | Pastasallad/Kyckling mangocurry: 2 | Pastasallad/Räkor: 2 | Wraps/Caesar Kyckling: 2 | Wraps/Kyckling Bacon: 2 | Wraps/Sweet Chili: 2
Stockholm Mellan,Coop Häggvik,Tuesday,21,13~29,18,Baguette/Kyckling Curry: 1 | Baguette/Ost & Skinka: 1 | Baguette/Skagen: 1 | Fralla/Ost & Skinka: 1 | Hönökaka/Ost & Salami: 1 | Hönökaka/Ost & Skinka: 1 | Hönökaka/Ost: 1 | Pastasallad/Kyckling & Salladsost: 2 | Pastasallad/Kyckling kebab: 1 | Pastasallad/Kyckling mangocurry: 2 | Pastasallad/Räkor: 2 | Wraps/Caesar Kyckling: 1 | Wraps/Kyckling Bacon: 1 | Wraps/Kyckling Curry: 1 | Wraps/Sweet Chili: 1 | XL Frallor/Grovfralla Kalkon & Färskost: 1 | XL Frallor/Ost & Skinka: 1 | XL Frallor/Ost: 1
Stockholm Mellan,Coop Korpkulla,Tuesday,30,25~33,24,Baguette/Kyckling Curry: 1 | Baguette/Ost & Skinka: 1 | Baguette/Salami & Brieost: 1 | Baguette/Skagen: 1 | Fralla/Ost & Skinka: 2 | Fralla/Ost: 2 | Hönökaka/Ost & Salami: 1 | Hönökaka/Ost & Skinka: 2 | Hönökaka/Ost: 2 | Pastasallad/Bacon & Kyckling: 1 | Pastasallad/Kyckling & Salladsost: 2 | Pastasallad/Kyckling mangocurry: 2 | Pastasallad/Ost & Skinka: 1 | Pastasallad/Räkor: 1 | Sandwich/Clubsandwich: 1 | Sandwich/Kyckling Curry: 1 | Sandwich/Räkor: 1 | Sandwich/Ägg & Avocadokräm: 1 | Wraps/Caesar Kyckling: 1 | Wraps/Kyckling Bacon: 1 | Wraps/Kyckling Curry: 1 | Wraps/Sweet Chili: 1 | XL Frallor/Ost & Skinka: 1 | XL Frallor/Ost: 1
Stockholm Mellan,Coop Märsta,Tuesday,115,94~148,35,Baguette/Kyckling Curry: 2 | Baguette/Kyckling Sweet Chili: 2 | Baguette/Kycklingsallad Olivie: 1 | Baguette/Ost & Skinka: 2 | Baguette/Salami & Brieost: 2 | Baguette/Skagen: 4 | Fralla/Ost & Skinka: 6 | Fralla/Ost: 6 | Grönsallad/Caesarsallad: 4 | Grönsallad/Kyckling: 3 | Hönökaka/Ost & Salami: 3 | Hönökaka/Ost & Skinka: 4 | Hönökaka/Ost: 3 | Pastasallad/Bacon & Kyckling: 3 | Pastasallad/Falafel: 1 | Pastasallad/Kyckling & Salladsost: 6 | Pastasallad/Kyckling kebab: 1 | Pastasallad/Kyckling mangocurry: 7 | Pastasallad/Ost & Skinka: 3 | Pastasallad/Räkor: 5 | Sandwich/Bacon & Äggröra: 2 | Sandwich/Clubsandwich: 2 | Sandwich/Kyckling Curry: 1 | Sandwich/Kyckling Pestoröra: 1 | Sandwich/Räkor: 2 | Sandwich/Ägg & Avocadokräm: 1 | Varmrätt/Teriyakibiff med ris: 1 | Varmrätt/Teriyakikycklingfile med basmatiris: 1 | Wraps/Caesar Kyckling: 8 | Wraps/Kyckling Bacon: 7 | Wraps/Kyckling Curry: 7 | Wraps/Sweet Chili: 5 | XL Frallor/Grovfralla Kalkon & Färskost: 3 | XL Frallor/Ost & Skinka: 3 | XL Frallor/Ost: 3
Stockholm Mellan,Coop Norrtull,Tuesday,26,17~30,22,Baguette/Kyckling Curry: 1 | Fralla/Ost & Skinka: 2 | Fralla/Ost: 2 | Grönsallad/Caesarsallad: 1 | Grönsallad/Kyckling: 1 | Hönökaka/Ost & Salami: 1 | Hönökaka/Ost & Skinka: 2 | Hönökaka/Ost: 2 | Pastasallad/Bacon & Kyckling: 1 | Pastasallad/Kyckling & Salladsost: 1 | Pastasallad/Kyckling mangocurry: 1 | Pastasallad/Ost & Skinka: 1 | Pastasallad/Räkor: 1 | Sandwich/Clubsandwich: 1 | Sandwich/Kyckling Curry: 1 | Sandwich/Räkor: 1 | Wraps/Caesar Kyckling: 1 | Wraps/Kyckling Bacon: 1 | Wraps/Kyckling Curry: 1 | Wraps/Sweet Chili: 1 | XL Frallor/Ost & Skinka: 1 | XL Frallor/Ost: 1
Stockholm Mellan,Coop Rotebro,Tuesday,29,25~42,23,Baguette/Ost & Skinka: 1 | Baguette/Salami & Brieost: 1 | Baguette/Skagen: 1 | Fralla/Ost & Skinka: 1 | Fralla/Ost: 1 | Grönsallad/Caesarsallad: 1 | Grönsallad/Kyckling: 1 | Hönökaka/Ost & Salami: 1 | Hönökaka/Ost & Skinka: 2 | Hönökaka/Ost: 2 | Pastasallad/Kyckling & Salladsost: 2 | Pastasallad/Kyckling kebab: 1 | Pastasallad/Kyckling mangocurry: 2 | Pastasallad/Räkor: 2 | Sandwich/Bacon & Äggröra: 1 | Sandwich/Kyckling Pestoröra: 1 | Sandwich/Räkor: 1 | Wraps/Caesar Kyckling: 1 | Wraps/Kyckling Bacon: 1 | Wraps/Kyckling Curry: 2 | Wraps/Sweet Chili: 1 | XL Frallor/Grovfralla Kalkon & Färskost: 1 | XL Frallor/Ost & Skinka: 1
Stockholm Mellan,Hemköp Scandinavia,Tuesday,19,15~28,9,Baguette/Kyckling Curry: 1 | Baguette/Salami & Brieost: 2 | Baguette/Skagen: 1 | Pastasallad/Kyckling & Salladsost: 3 | Pastasallad/Kyckling mangocurry: 5 | Pastasallad/Räkor: 4 | Varmrätt/Kyckling-och böngryta: 1 | Varmrätt/Teriyakibiff med ris: 1 | Varmrätt/Teriyakikycklingfile med basmatiris: 1
Stockholm Mellan,Hemköp Ulriksdal,Tuesday,53,37~67,24,Baguette/Kyckling Curry: 1 | Baguette/Ost & Skinka: 2 | Baguette/Salami & Brieost: 2 | Baguette/Skagen: 2 | Fralla/Ost & Skinka: 3 | Fralla/Ost: 2 | Hönökaka/Ost & Skinka: 2 | Hönökaka/Ost: 3 | Pastasallad/Bacon & Kyckling: 2 | Pastasallad/Kyckling & Salladsost: 2 | Pastasallad/Kyckling mangocurry: 2 | Pastasallad/Räkor: 2 | Sandwich/Clubsandwich: 2 | Sandwich/Kyckling Curry: 2 | Sandwich/Kyckling Pestoröra: 1 | Sandwich/Räkor: 2 | Sandwich/Ägg & Avocadokräm: 2 | Wraps/Caesar Kyckling: 3 | Wraps/Kyckling Bacon: 4 | Wraps/Kyckling Curry: 3 | Wraps/Sweet Chili: 3 | XL Frallor/Grovfralla Kalkon & Färskost: 2 | XL Frallor/Ost & Skinka: 2 | XL Frallor/Ost: 2
Stockholm Mellan,ICA Dalastan,Tuesday,34,29~47,27,Baguette/Kyckling Curry: 1 | Baguette/Kyckling Sweet Chili: 1 | Baguette/Ost & Skinka: 1 | Baguette/Salami & Brieost: 1 | Baguette/Skagen: 1 | Fralla/Ost & Skinka: 2 | Fralla/Ost: 1 | Grönsallad/Caesarsallad: 1 | Grönsallad/Kyckling: 1 | Hönökaka/Ost & Skinka: 3 | Hönökaka/Ost: 2 | Pastasallad/Bacon & Kyckling: 1 | Pastasallad/Kyckling & Salladsost: 1 | Pastasallad/Kyckling mangocurry: 1 | Pastasallad/Ost & Skinka: 1 | Pastasallad/Räkor: 1 | Sandwich/Clubsandwich: 1 | Sandwich/Kyckling Pestoröra: 1 | Varmrätt/Teriyakibiff med ris: 1 | Varmrätt/Teriyakikycklingfile med basmatiris: 1 | Wraps/Caesar Kyckling: 2 | Wraps/Kyckling Bacon: 2 | Wraps/Kyckling Curry: 1 | Wraps/Sweet Chili: 2 | XL Frallor/Grovfralla Kalkon & Färskost: 1 | XL Frallor/Ost & Skinka: 1 | XL Frallor/Ost: 1
Stockholm Mellan,ICA Kista,Tuesday,47,38~58,29,Baguette/Kyckling Sweet Chili: 1 | Baguette/Ost & Skinka: 1 | Baguette/Salami & Brieost: 1 | Baguette/Skagen: 1 | Fralla/Ost & Skinka: 4 | Fralla/Ost: 3 | Grönsallad/Caesarsallad: 1 | Grönsallad/Kyckling: 1 | Hönökaka/Ost & Salami: 2 | Hönökaka/Ost & Skinka: 4 | Hönökaka/Ost: 4 | Pastasallad/Bacon & Kyckling: 1 | Pastasallad/Kyckling & Salladsost: 1 | Pastasallad/Kyckling mangocurry: 1 | Pastasallad/Räkor: 1 | Sandwich/Bacon & Äggröra: 1 | Sandwich/Clubsandwich: 1 | Sandwich/Kyckling Curry: 1 | Sandwich/Kyckling Pestoröra: 1 | Sandwich/Räkor: 2 | Sandwich/Ägg & Avocadokräm: 2 | Wraps/Caesar Kyckling: 2 | Wraps/Kyckling Bacon: 2 | Wraps/Kyckling Curry: 2 | Wraps/Kycklingsallad Olivie: 1 | Wraps/Sweet Chili: 2 | XL Frallor/Grovfralla Kalkon & Färskost: 1 | XL Frallor/Ost & Skinka: 1 | XL Frallor/Ost: 1
Stockholm Mellan,ICA Lunden,Tuesday,37,24~40,29,Baguette/Kyckling Curry: 1 | Baguette/Ost & Skinka: 1 | Baguette/Salami & Brieost: 1 | Baguette/Skagen: 1 | Fralla/Ost & Skinka: 2 | Fralla/Ost: 2 | Grönsallad/Caesarsallad: 1 | Grönsallad/Kyckling: 1 | Hönökaka/Ost & Salami: 1 | Hönökaka/Ost & Skinka: 1 | Hönökaka/Ost: 2 | Pastasallad/Bacon & Kyckling: 1 | Pastasallad/Kyckling & Salladsost: 2 | Pastasallad/Kyckling mangocurry: 2 | Pastasallad/Ost & Skinka: 1 | Pastasallad/Räkor: 1 | Sandwich/Bacon & Äggröra: 1 | Sandwich/Kyckling Curry: 1 | Sandwich/Kyckling Pestoröra: 1 | Sandwich/Räkor: 1 | Sandwich/Ägg & Avocadokräm: 1 | Varmrätt/Teriyakibiff med ris: 1 | Varmrätt/Teriyakikycklingfile med basmatiris: 1 | Wraps/Caesar Kyckling: 2 | Wraps/Kyckling Bacon: 2 | Wraps/Kyckling Curry: 2 | Wraps/Sweet Chili: 1 | XL Frallor/Ost & Skinka: 1 | XL Frallor/Ost: 1
Stockholm Mellan,ICA Norrviken,Tuesday,13,9~14,13,Fralla/Ost & Skinka: 1 | Fralla/Ost: 1 | Hönökaka/Ost & Salami: 1 | Hönökaka/Ost & Skinka: 1 | Hönökaka/Ost: 1 | Pastasallad/Bacon & Kyckling: 1 | Pastasallad/Kyckling & Salladsost: 1 | Pastasallad/Kyckling mangocurry: 1 | Pastasallad/Ost & Skinka: 1 | Pastasallad/Räkor: 1 | Wraps/Kyckling Bacon: 1 | Wraps/Kyckling Curry: 1 | Wraps/Sweet Chili: 1
Stockholm Mellan,ICA Nära Roslagstull,Tuesday,24,17~27,15,Baguette/Kyckling Curry: 1 | Baguette/Ost & Skinka: 1 | Baguette/Salami & Brieost: 1 | Baguette/Skagen: 1 | Pastasallad/Bacon & Kyckling: 1 | Pastasallad/Kyckling & Salladsost: 2 | Pastasallad/Kyckling mangocurry: 3 | Pastasallad/Ost & Skinka: 2 | Pastasallad/Räkor: 1 | Sandwich/Clubsandwich: 1 | Sandwich/Kyckling Curry: 1 | Wraps/Caesar Kyckling: 2 | Wraps/Kyckling Bacon: 3 | Wraps/Kyckling Curry: 2 | Wraps/Sweet Chili: 2
Stockholm Mellan,ICA RAPID,Tuesday,49,37~64,30,Baguette/Kyckling Curry: 1 | Baguette/Kyckling Sweet Chili: 1 | Baguette/Ost & Skinka: 1 | Baguette/Salami & Brieost: 1 | Baguette/Skagen: 1 | Fralla/Ost & Skinka: 2 | Fralla/Ost: 1 | Grönsallad/Caesarsallad: 1 | Grönsallad/Kyckling: 1 | Hönökaka/Ost & Salami: 2 | Hönökaka/Ost & Skinka: 2 | Hönökaka/Ost: 1 | Pastasallad/Bacon & Kyckling: 3 | Pastasallad/Kyckling & Salladsost: 4 | Pastasallad/Kyckling mangocurry: 4 | Pastasallad/Räkor: 2 | Sandwich/Bacon & Äggröra: 1 | Sandwich/Clubsandwich: 1 | Sandwich/Kyckling Curry: 1 | Sandwich/Räkor: 1 | Sandwich/Ägg & Avocadokräm: 1 | Varmrätt/Teriyakibiff med ris: 1 | Varmrätt/Teriyakikycklingfile med basmatiris: 1 | Wraps/Caesar Kyckling: 2 | Wraps/Kyckling Bacon: 3 | Wraps/Kyckling Curry: 3 | Wraps/Sweet Chili: 3 | XL Frallor/Grovfralla Kalkon & Färskost: 1 | XL Frallor/Ost & Skinka: 1 | XL Frallor/Ost: 1
Stockholm Mellan,ICA Sigma,Tuesday,39,34~60,31,Baguette/Kyckling Curry: 1 | Baguette/Kyckling Sweet Chili: 1 | Baguette/Ost & Skinka: 1 | Baguette/Salami & Brieost: 1 | Fralla/Ost & Skinka: 2 | Fralla/Ost: 1 | Grönsallad/Caesarsallad: 1 | Grönsallad/Kyckling: 1 | Hönökaka/Ost & Salami: 1 | Hönökaka/Ost & Skinka: 1 | Hönökaka/Ost: 1 | Pastasallad/Bacon & Kyckling: 1 | Pastasallad/Kyckling & Salladsost: 2 | Pastasallad/Kyckling mangocurry: 2 | Pastasallad/Ost & Skinka: 2 | Pastasallad/Räkor: 1 | Sandwich/Bacon & Äggröra: 1 | Sandwich/Clubsandwich: 1 | Sandwich/Kyckling Curry: 1 | Sandwich/Kyckling Pestoröra: 1 | Sandwich/Räkor: 1 | Sandwich/Ägg & Avocadokräm: 1 | Varmrätt/Kycklingspett med ris: 1 | Varmrätt/Teriyakikycklingfile med basmatiris: 1 | Wraps/Caesar Kyckling: 2 | Wraps/Kyckling Bacon: 3 | Wraps/Kyckling Curry: 1 | Wraps/Sweet Chili: 2 | XL Frallor/Grovfralla Kalkon & Färskost: 1 | XL Frallor/Ost & Skinka: 1 | XL Frallor/Ost: 1
Stockholm Mellan,ICA Supermarket Solna Centrum,Tuesday,95,72~117,29,Baguette/Kyckling Curry: 2 | Baguette/Kycklingsallad Olivie: 1 | Baguette/Ost & Skinka: 2 | Baguette/Salami & Brieost: 4 | Baguette/Skagen: 4 | Fralla/Ost & Skinka: 4 | Fralla/Ost: 3 | Hönökaka/Ost & Salami: 3 | Hönökaka/Ost & Skinka: 3 | Hönökaka/Ost: 2 | Pastasallad/Bacon & Kyckling: 2 | Pastasallad/Kyckling & Salladsost: 4 | Pastasallad/Kyckling kebab: 1 | Pastasallad/Kyckling mangocurry: 4 | Pastasallad/Ost & Skinka: 1 | Pastasallad/Räkor: 3 | Sandwich/Bacon & Äggröra: 3 | Sandwich/Clubsandwich: 3 | Sandwich/Kyckling Curry: 3 | Sandwich/Kyckling Pestoröra: 2 | Sandwich/Räkor: 2 | Sandwich/Ägg & Avocadokräm: 2 | Wraps/Caesar Kyckling: 7 | Wraps/Kyckling Bacon: 8 | Wraps/Kyckling Curry: 9 | Wraps/Sweet Chili: 5 | XL Frallor/Grovfralla Kalkon & Färskost: 3 | XL Frallor/Ost & Skinka: 3 | XL Frallor/Ost: 2
Stockholm Mellan,ICA Sätuna,Tuesday,34,28~51,19,Baguette/Kyckling Curry: 1 | Baguette/Salami & Brieost: 1 | Baguette/Skagen: 1 | Grönsallad/Caesarsallad: 1 | Hönökaka/Ost & Salami: 1 | Hönökaka/Ost & Skinka: 2 | Hönökaka/Ost: 2 | Pastasallad/Kyckling & Salladsost: 2 | Pastasallad/Kyckling mangocurry: 3 | Pastasallad/Räkor: 3 | Sandwich/Bacon & Äggröra: 1 | Sandwich/Clubsandwich: 1 | Sandwich/Kyckling Curry: 2 | Sandwich/Kyckling Pestoröra: 1 | Sandwich/Ägg & Avocadokräm: 1 | Wraps/Caesar Kyckling: 3 | Wraps/Kyckling Bacon: 2 | Wraps/Kyckling Curry: 4 | Wraps/Sweet Chili: 2
Stockholm Mellan,Quickstar SOLNA,Tuesday,23,18~33,14,Fralla/Ost & Skinka: 2 | Fralla/Ost: 2 | Hönökaka/Ost & Skinka: 4 | Hönökaka/Ost: 4 | Pastasallad/Kyckling & Salladsost: 1 | Pastasallad/Kyckling mangocurry: 1 | Pastasallad/Räkor: 1 | Sandwich/Clubsandwich: 1 | Sandwich/Kyckling Curry: 1 | Sandwich/Räkor: 1 | Wraps/Caesar Kyckling: 1 | Wraps/Kyckling Bacon: 2 | Wraps/Kyckling Curry: 1 | Wraps/Sweet Chili: 1
Stockholm Mellan,Coop Bredden,Wednesday,24,17~29,22,Baguette/Kyckling Sweet Chili: 1 | Baguette/Ost & Skinka: 1 | Baguette/Salami & Brieost: 1 | Baguette/Skagen: 1 | Fralla/Ost & Skinka: 2 | Fralla/Ost: 1 | Grönsallad/Caesarsallad: 1 | Hönökaka/Ost & Skinka: 2 | Hönökaka/Ost: 1 | Pastasallad/Bacon & Kyckling: 1 | Pastasallad/Kyckling & Salladsost: 1 | Pastasallad/Kyckling mangocurry: 1 | Pastasallad/Ost & Skinka: 1 | Pastasallad/Räkor: 1 | Sandwich/Clubsandwich: 1 | Sandwich/Kyckling Curry: 1 | Sandwich/Räkor: 1 | Sandwich/Ägg & Avocadokräm: 1 | Wraps/Caesar Kyckling: 1 | Wraps/Kyckling Bacon: 1 | Wraps/Kyckling Curry: 1 | Wraps/Sweet Chili: 1
Stockholm Mellan,Coop Häggvik,Wednesday,3,3~3,3,Pastasallad/Kyckling & Salladsost: 1 | Pastasallad/Kyckling mangocurry: 1 | Pastasallad/Räkor: 1
Stockholm Mellan,Coop Korpkulla,Wednesday,30,25~33,24,Baguette/Kyckling Curry: 1 | Baguette/Ost & Skinka: 1 | Baguette/Salami & Brieost: 1 | Baguette/Skagen: 1 | Fralla/Ost & Skinka: 2 | Fralla/Ost: 2 | Hönökaka/Ost & Salami: 1 | Hönökaka/Ost & Skinka: 2 | Hönökaka/Ost: 2 | Pastasallad/Bacon & Kyckling: 1 | Pastasallad/Kyckling & Salladsost: 2 | Pastasallad/Kyckling mangocurry: 2 | Pastasallad/Ost & Skinka: 1 | Pastasallad/Räkor: 1 | Sandwich/Clubsandwich: 1 | Sandwich/Kyckling Curry: 1 | Sandwich/Räkor: 1 | Sandwich/Ägg & Avocadokräm: 1 | Wraps/Caesar Kyckling: 1 | Wraps/Kyckling Bacon: 1 | Wraps/Kyckling Curry: 1 | Wraps/Sweet Chili: 1 | XL Frallor/Ost & Skinka: 1 | XL Frallor/Ost: 1
Stockholm Mellan,ICA Kista,Wednesday,66,54~80,31,Baguette/Kyckling Curry: 1 | Baguette/Kyckling Sweet Chili: 1 | Baguette/Ost & Skinka: 1 | Baguette/Salami & Brieost: 1 | Baguette/Skagen: 1 | Fralla/Ost & Skinka: 5 | Fralla/Ost: 4 | Grönsallad/Caesarsallad: 1 | Grönsallad/Kyckling: 1 | Hönökaka/Ost & Salami: 3 | Hönökaka/Ost & Skinka: 6 | Hönökaka/Ost: 5 | Pastasallad/Bacon & Kyckling: 1 | Pastasallad/Kyckling & Salladsost: 1 | Pastasallad/Kyckling mangocurry: 2 | Pastasallad/Ost & Skinka: 1 | Pastasallad/Räkor: 1 | Sandwich/Bacon & Äggröra: 2 | Sandwich/Clubsandwich: 2 | Sandwich/Kyckling Curry: 2 | Sandwich/Kyckling Pestoröra: 2 | Sandwich/Räkor: 2 | Sandwich/Ägg & Avocadokräm: 2 | Wraps/Caesar Kyckling: 3 | Wraps/Kyckling Bacon: 3 | Wraps/Kyckling Curry: 3 | Wraps/Kycklingsallad Olivie: 1 | Wraps/Sweet Chili: 3 | XL Frallor/Grovfralla Kalkon & Färskost: 1 | XL Frallor/Ost & Skinka: 2 | XL Frallor/Ost: 2
Stockholm Mellan,ICA Lunden,Wednesday,38,27~44,29,Baguette/Kyckling Curry: 1 | Baguette/Ost & Skinka: 1 | Baguette/Salami & Brieost: 1 | Baguette/Skagen: 1 | Fralla/Ost & Skinka: 2 | Fralla/Ost: 2 | Grönsallad/Caesarsallad: 1 | Grönsallad/Kyckling: 1 | Hönökaka/Ost & Salami: 1 | Hönökaka/Ost & Skinka: 1 | Hönökaka/Ost: 2 | Pastasallad/Bacon & Kyckling: 1 | Pastasallad/Kyckling & Salladsost: 2 | Pastasallad/Kyckling mangocurry: 2 | Pastasallad/Ost & Skinka: 1 | Pastasallad/Räkor: 1 | Sandwich/Bacon & Äggröra: 1 | Sandwich/Kyckling Curry: 1 | Sandwich/Kyckling Pestoröra: 1 | Sandwich/Räkor: 1 | Sandwich/Ägg & Avocadokräm: 1 | Varmrätt/Teriyakibiff med ris: 1 | Varmrätt/Teriyakikycklingfile med basmatiris: 1 | Wraps/Caesar Kyckling: 2 | Wraps/Kyckling Bacon: 2 | Wraps/Kyckling Curry: 2 | Wraps/Sweet Chili: 2 | XL Frallor/Ost & Skinka: 1 | XL Frallor/Ost: 1
Stockholm Mellan,ICA Norrviken,Wednesday,35,25~43,27,Baguette/Kyckling Curry: 1 | Baguette/Salami & Brieost: 1 | Fralla/Ost & Skinka: 2 | Fralla/Ost: 2 | Grönsallad/Caesarsallad: 1 | Grönsallad/Kyckling: 1 | Hönökaka/Ost & Salami: 2 | Hönökaka/Ost & Skinka: 2 | Hönökaka/Ost: 1 | Pastasallad/Bacon & Kyckling: 1 | Pastasallad/Kyckling & Salladsost: 2 | Pastasallad/Kyckling kebab: 1 | Pastasallad/Kyckling mangocurry: 2 | Pastasallad/Ost & Skinka: 1 | Pastasallad/Räkor: 1 | Sandwich/Bacon & Äggröra: 1 | Sandwich/Clubsandwich: 1 | Sandwich/Kyckling Curry: 1 | Sandwich/Kyckling Pestoröra: 1 | Sandwich/Räkor: 1 | Wraps/Caesar Kyckling: 1 | Wraps/Kyckling Bacon: 2 | Wraps/Kyckling Curry: 2 | Wraps/Sweet Chili: 1 | XL Frallor/Grovfralla Kalkon & Färskost: 1 | XL Frallor/Ost & Skinka: 1 | XL Frallor/Ost: 1
Stockholm Mellan,ICA Sigma,Wednesday,4,1~4,4,Fralla/Ost & Skinka: 1 | Pastasallad/Kyckling mangocurry: 1 | Wraps/Caesar Kyckling: 1 | Wraps/Kyckling Bacon: 1
Stockholm Mellan,Myway Danderyd,Wednesday,79,55~109,25,Baguette/Kyckling Curry: 2 | Baguette/Kyckling Sweet Chili: 1 | Baguette/Ost & Skinka: 2 | Baguette/Salami & Brieost: 2 | Baguette/Skagen: 2 | Fralla/Ost & Skinka: 14 | Fralla/Ost: 9 | Hönökaka/Ost & Salami: 2 | Hönökaka/Ost & Skinka: 4 | Hönökaka/Ost: 3 | Pastasallad/Bacon & Kyckling: 2 | Pastasallad/Kyckling mangocurry: 2 | Sandwich/Bacon & Äggröra: 2 | Sandwich/Clubsandwich: 3 | Sandwich/Kyckling Curry: 2 | Sandwich/Kyckling Pestoröra: 2 | Sandwich/Räkor: 2 | Sandwich/Ägg & Avocadokräm: 2 | Wraps/Caesar Kyckling: 2 | Wraps/Kyckling Bacon: 3 | Wraps/Kyckling Curry: 3 | Wraps/Sweet Chili: 3 | XL Frallor/Grovfralla Kalkon & Färskost: 4 | XL Frallor/Ost & Skinka: 3 | XL Frallor/Ost: 3
Stockholm Mellan,Coop Bredden,Thursday,13,5~16,9,Baguette/Skagen: 1 | Fralla/Ost & Skinka: 2 | Fralla/Ost: 2 | Hönökaka/Ost & Skinka: 1 | Hönökaka/Ost: 1 | Pastasallad/Kyckling & Salladsost: 2 | Pastasallad/Kyckling mangocurry: 2 | Wraps/Kyckling Bacon: 1 | Wraps/Kyckling Curry: 1
Stockholm Mellan,Coop Bromma,Thursday,4,0~4,4,Hönökaka/Ost & Skinka: 1 | Pastasallad/Kyckling & Salladsost: 1 | Wraps/Caesar Kyckling: 1 | Wraps/Kyckling Bacon: 1
Stockholm Mellan,Coop Häggvik,Thursday,17,10~20,15,Baguette/Kyckling Curry: 1 | Baguette/Ost & Skinka: 1 | Baguette/Skagen: 1 | Hönökaka/Ost & Salami: 1 | Hönökaka/Ost & Skinka: 1 | Hönökaka/Ost: 1 | Pastasallad/Kyckling & Salladsost: 1 | Pastasallad/Kyckling kebab: 1 | Pastasallad/Kyckling mangocurry: 2 | Pastasallad/Räkor: 2 | Wraps/Caesar Kyckling: 1 | Wraps/Kyckling Bacon: 1 | Wraps/Kyckling Curry: 1 | XL Frallor/Ost & Skinka: 1 | XL Frallor/Ost: 1
Stockholm Mellan,Coop Korpkulla,Thursday,36,25~60,17,Baguette/Ost & Skinka: 1 | Baguette/Salami & Brieost: 2 | Fralla/Ost & Skinka: 4 | Fralla/Ost: 3 | Hönökaka/Ost & Skinka: 4 | Hönökaka/Ost: 2 | Pastasallad/Bacon & Kyckling: 2 | Pastasallad/Kyckling & Salladsost: 3 | Pastasallad/Kyckling mangocurry: 3 | Pastasallad/Ost & Skinka: 2 | Sandwich/Bacon & Äggröra: 2 | Sandwich/Clubsandwich: 2 | Wraps/Caesar Kyckling: 1 | Wraps/Kyckling Bacon: 1 | Wraps/Kyckling Curry: 1 | XL Frallor/Ost & Skinka: 2 | XL Frallor/Ost: 1
Stockholm Mellan,Coop Märsta,Thursday,110,87~144,34,Baguette/Kyckling Curry: 2 | Baguette/Kyckling Sweet Chili: 1 | Baguette/Ost & Skinka: 2 | Baguette/Salami & Brieost: 2 | Baguette/Skagen: 4 | Fralla/Ost & Skinka: 6 | Fralla/Ost: 5 | Grönsallad/Caesarsallad: 3 | Grönsallad/Kyckling: 2 | Hönökaka/Ost & Salami: 4 | Hönökaka/Ost & Skinka: 3 | Hönökaka/Ost: 3 | Pastasallad/Bacon & Kyckling: 4 | Pastasallad/Falafel: 1 | Pastasallad/Kyckling & Salladsost: 5 | Pastasallad/Kyckling kebab: 1 | Pastasallad/Kyckling mangocurry: 7 | Pastasallad/Ost & Skinka: 3 | Pastasallad/Räkor: 5 | Sandwich/Bacon & Äggröra: 2 | Sandwich/Clubsandwich: 2 | Sandwich/Kyckling Curry: 1 | Sandwich/Kyckling Pestoröra: 1 | Sandwich/Räkor: 2 | Sandwich/Ägg & Avocadokräm: 1 | Varmrätt/Kycklingspett med ris: 1 | Varmrätt/Teriyakikycklingfile med basmatiris: 1 | Wraps/Caesar Kyckling: 8 | Wraps/Kyckling Bacon: 6 | Wraps/Kyckling Curry: 7 | Wraps/Sweet Chili: 5 | XL Frallor/Grovfralla Kalkon & Färskost: 3 | XL Frallor/Ost & Skinka: 4 | XL Frallor/Ost: 3
Stockholm Mellan,Coop Norrtull,Thursday,31,20~44,16,Fralla/Ost & Skinka: 4 | Fralla/Ost: 2 | Hönökaka/Ost & Salami: 1 | Hönökaka/Ost & Skinka: 4 | Hönökaka/Ost: 3 | Pastasallad/Kyckling & Salladsost: 2 | Pastasallad/Kyckling mangocurry: 3 | Pastasallad/Ost & Skinka: 1 | Sandwich/Clubsandwich: 1 | Sandwich/Kyckling Pestoröra: 1 | Wraps/Caesar Kyckling: 1 | Wraps/Kyckling Bacon: 3 | Wraps/Kyckling Curry: 1 | Wraps/Sweet Chili: 2 | XL Frallor/Ost & Skinka: 1 | XL Frallor/Ost: 1
Stockholm Mellan,Coop Rotebro,Thursday,42,27~54,23,Baguette/Ost & Skinka: 2 | Baguette/Salami & Brieost: 1 | Baguette/Skagen: 1 | Fralla/Ost & Skinka: 2 | Fralla/Ost: 2 | Grönsallad/Caesarsallad: 2 | Grönsallad/Kyckling: 1 | Hönökaka/Ost & Salami: 1 | Hönökaka/Ost & Skinka: 2 | Hönökaka/Ost: 2 | Pastasallad/Kyckling & Salladsost: 2 | Pastasallad/Kyckling kebab: 2 | Pastasallad/Kyckling mangocurry: 3 | Pastasallad/Räkor: 3 | Sandwich/Bacon & Äggröra: 1 | Sandwich/Kyckling Pestoröra: 1 | Sandwich/Räkor: 2 | Wraps/Caesar Kyckling: 2 | Wraps/Kyckling Bacon: 2 | Wraps/Kyckling Curry: 2 | Wraps/Sweet Chili: 2 | XL Frallor/Grovfralla Kalkon & Färskost: 2 | XL Frallor/Ost & Skinka: 2
Stockholm Mellan,Hemköp Scandinavia,Thursday,15,10~22,8,Baguette/Kyckling Curry: 1 | Baguette/Salami & Brieost: 1 | Baguette/Skagen: 1 | Pastasallad/Kyckling & Salladsost: 3 | Pastasallad/Kyckling mangocurry: 4 | Pastasallad/Räkor: 3 | Varmrätt/Kyckling-och böngryta: 1 | Varmrätt/Teriyakikycklingfile med basmatiris: 1
Stockholm Mellan,ICA Dalastan,Thursday,6,4~7,6,Fralla/Ost & Skinka: 1 | Hönökaka/Ost & Skinka: 1 | Hönökaka/Ost: 1 | Wraps/Caesar Kyckling: 1 | Wraps/Kyckling Bacon: 1 | Wraps/Kyckling Curry: 1
Stockholm Mellan,ICA Kista,Thursday,88,72~109,29,Baguette/Kyckling Curry: 1 | Baguette/Skagen: 1 | Fralla/Ost & Skinka: 8 | Fralla/Ost: 3 | Glutenfri Frallor/Glutenfri Ost & Skinka(endast söndagsbeställning): 1 | Grönsallad/Caesarsallad: 2 | Hönökaka/Ost & Salami: 3 | Hönökaka/Ost & Skinka: 8 | Hönökaka/Ost: 6 | Pastasallad/Bacon & Kyckling: 3 | Pastasallad/Falafel: 2 | Pastasallad/Kyckling & Salladsost: 2 | Pastasallad/Kyckling mangocurry: 3 | Pastasallad/Ost & Skinka: 1 | Pastasallad/Räkor: 3 | Sandwich/Bacon & Äggröra: 3 | Sandwich/Clubsandwich: 3 | Sandwich/Kyckling Curry: 3 | Sandwich/Kyckling Pestoröra: 2 | Sandwich/Räkor: 3 | Sandwich/Ägg & Avocadokräm: 4 | Wraps/Caesar Kyckling: 3 | Wraps/Kyckling Bacon: 4 | Wraps/Kyckling Curry: 4 | Wraps/Kycklingsallad Olivie: 3 | Wraps/Sweet Chili: 3 | XL Frallor/Grovfralla Kalkon & Färskost: 2 | XL Frallor/Ost & Skinka: 2 | XL Frallor/Ost: 2
Stockholm Mellan,ICA Lunden,Thursday,27,15~36,21,Baguette/Ost & Skinka: 1 | Baguette/Salami & Brieost: 1 | Baguette/Skagen: 1 | Fralla/Ost & Skinka: 1 | Fralla/Ost: 2 | Hönökaka/Ost & Salami: 1 | Hönökaka/Ost & Skinka: 1 | Hönökaka/Ost: 2 | Pastasallad/Bacon & Kyckling: 2 | Pastasallad/Falafel: 1 | Pastasallad/Kyckling & Salladsost: 1 | Pastasallad/Kyckling mangocurry: 2 | Pastasallad/Räkor: 1 | Sandwich/Kyckling Pestoröra: 1 | Varmrätt/Teriyakibiff med ris: 1 | Varmrätt/Teriyakikycklingfile med basmatiris: 1 | Wraps/Caesar Kyckling: 1 | Wraps/Kyckling Bacon: 1 | Wraps/Kyckling Curry: 3 | Wraps/Sweet Chili: 1 | XL Frallor/Ost: 1
Stockholm Mellan,ICA Norrviken,Thursday,30,20~35,23,Baguette/Kyckling Curry: 1 | Baguette/Salami & Brieost: 1 | Fralla/Ost & Skinka: 2 | Fralla/Ost: 2 | Grönsallad/Caesarsallad: 1 | Grönsallad/Kyckling: 1 | Hönökaka/Ost & Salami: 2 | Hönökaka/Ost & Skinka: 4 | Hönökaka/Ost: 1 | Pastasallad/Kyckling & Salladsost: 2 | Pastasallad/Kyckling kebab: 1 | Pastasallad/Kyckling mangocurry: 1 | Sandwich/Bacon & Äggröra: 1 | Sandwich/Clubsandwich: 1 | Sandwich/Kyckling Curry: 1 | Sandwich/Kyckling Pestoröra: 1 | Sandwich/Räkor: 1 | Wraps/Caesar Kyckling: 1 | Wraps/Kyckling Bacon: 1 | Wraps/Kyckling Curry: 1 | XL Frallor/Grovfralla Kalkon & Färskost: 1 | XL Frallor/Ost & Skinka: 1 | XL Frallor/Ost: 1
Stockholm Mellan,ICA Nära Roslagstull,Thursday,32,28~50,17,Baguette/Kyckling Curry: 1 | Baguette/Ost & Skinka: 1 | Baguette/Salami & Brieost: 1 | Baguette/Skagen: 1 | Pastasallad/Bacon & Kyckling: 2 | Pastasallad/Kyckling & Salladsost: 2 | Pastasallad/Kyckling mangocurry: 4 | Pastasallad/Ost & Skinka: 2 | Pastasallad/Räkor: 1 | Sandwich/Clubsandwich: 1 | Sandwich/Kyckling Curry: 1 | Sandwich/Kyckling Pestoröra: 1 | Sandwich/Ägg & Avocadokräm: 1 | Wraps/Caesar Kyckling: 2 | Wraps/Kyckling Bacon: 5 | Wraps/Kyckling Curry: 4 | Wraps/Sweet Chili: 2
Stockholm Mellan,ICA RAPID,Thursday,64,52~90,32,Baguette/Kyckling Curry: 1 | Baguette/Kyckling Sweet Chili: 1 | Baguette/Ost & Skinka: 1 | Baguette/Salami & Brieost: 1 | Baguette/Skagen: 2 | Fralla/Ost & Skinka: 2 | Fralla/Ost: 1 | Grönsallad/Caesarsallad: 1 | Grönsallad/Kyckling: 1 | Hönökaka/Ost & Salami: 2 | Hönökaka/Ost & Skinka: 3 | Hönökaka/Ost: 2 | Pastasallad/Bacon & Kyckling: 3 | Pastasallad/Kyckling & Salladsost: 4 | Pastasallad/Kyckling kebab: 1 | Pastasallad/Kyckling mangocurry: 5 | Pastasallad/Räkor: 3 | Sandwich/Bacon & Äggröra: 2 | Sandwich/Clubsandwich: 2 | Sandwich/Kyckling Curry: 2 | Sandwich/Räkor: 1 | Sandwich/Ägg & Avocadokräm: 1 | Varmrätt/Kycklingspett med ris: 1 | Varmrätt/Teriyakibiff med ris: 1 | Varmrätt/Teriyakikycklingfile med basmatiris: 1 | Wraps/Caesar Kyckling: 3 | Wraps/Kyckling Bacon: 4 | Wraps/Kyckling Curry: 3 | Wraps/Sweet Chili: 4 | XL Frallor/Grovfralla Kalkon & Färskost: 2 | XL Frallor/Ost & Skinka: 1 | XL Frallor/Ost: 2
Stockholm Mellan,ICA Sigma,Thursday,50,33~53,30,Baguette/Kyckling Curry: 1 | Baguette/Kyckling Sweet Chili: 1 | Baguette/Ost & Skinka: 2 | Baguette/Salami & Brieost: 2 | Fralla/Ost & Skinka: 2 | Fralla/Ost: 2 | Grönsallad/Caesarsallad: 2 | Grönsallad/Kyckling: 2 | Hönökaka/Ost & Salami: 2 | Hönökaka/Ost & Skinka: 2 | Hönökaka/Ost: 2 | Pastasallad/Bacon & Kyckling: 2 | Pastasallad/Kyckling & Salladsost: 2 | Pastasallad/Kyckling mangocurry: 2 | Pastasallad/Ost & Skinka: 1 | Pastasallad/Räkor: 2 | Sandwich/Bacon & Äggröra: 1 | Sandwich/Clubsandwich: 2 | Sandwich/Kyckling Curry: 2 | Sandwich/Kyckling Pestoröra: 1 | Sandwich/Räkor: 2 | Sandwich/Ägg & Avocadokräm: 2 | Varmrätt/Teriyakikycklingfile med basmatiris: 1 | Wraps/Caesar Kyckling: 1 | Wraps/Kyckling Bacon: 3 | Wraps/Kyckling Curry: 2 | Wraps/Sweet Chili: 1 | Wraps/Wrap Curry Oumph!: 1 | XL Frallor/Grovfralla Kalkon & Färskost: 1 | XL Frallor/Ost: 1
Stockholm Mellan,ICA Supermarket Solna Centrum,Thursday,123,104~158,28,Baguette/Kyckling Curry: 2 | Baguette/Kycklingsallad Olivie: 1 | Baguette/Ost & Skinka: 2 | Baguette/Salami & Brieost: 5 | Baguette/Skagen: 5 | Fralla/Ost & Skinka: 5 | Fralla/Ost: 3 | Hönökaka/Ost & Salami: 5 | Hönökaka/Ost & Skinka: 5 | Hönökaka/Ost: 4 | Pastasallad/Bacon & Kyckling: 2 | Pastasallad/Kyckling & Salladsost: 5 | Pastasallad/Kyckling kebab: 1 | Pastasallad/Kyckling mangocurry: 6 | Pastasallad/Räkor: 5 | Sandwich/Bacon & Äggröra: 3 | Sandwich/Clubsandwich: 3 | Sandwich/Kyckling Curry: 3 | Sandwich/Kyckling Pestoröra: 2 | Sandwich/Räkor: 3 | Sandwich/Ägg & Avocadokräm: 2 | Wraps/Caesar Kyckling: 10 | Wraps/Kyckling Bacon: 12 | Wraps/Kyckling Curry: 12 | Wraps/Sweet Chili: 7 | XL Frallor/Grovfralla Kalkon & Färskost: 4 | XL Frallor/Ost & Skinka: 4 | XL Frallor/Ost: 2
Stockholm Mellan,ICA Sätuna,Thursday,53,37~69,19,Baguette/Kyckling Curry: 2 | Baguette/Salami & Brieost: 2 | Baguette/Skagen: 2 | Grönsallad/Caesarsallad: 2 | Hönökaka/Ost & Salami: 2 | Hönökaka/Ost & Skinka: 4 | Hönökaka/Ost: 2 | Pastasallad/Kyckling & Salladsost: 3 | Pastasallad/Kyckling mangocurry: 4 | Pastasallad/Räkor: 3 | Sandwich/Bacon & Äggröra: 1 | Sandwich/Clubsandwich: 2 | Sandwich/Kyckling Curry: 2 | Sandwich/Kyckling Pestoröra: 2 | Sandwich/Ägg & Avocadokräm: 2 | Wraps/Caesar Kyckling: 5 | Wraps/Kyckling Bacon: 4 | Wraps/Kyckling Curry: 6 | Wraps/Sweet Chili: 3
Stockholm Mellan,Quickstar SOLNA,Thursday,17,8~21,11,Fralla/Ost & Skinka: 2 | Fralla/Ost: 1 | Hönökaka/Ost & Skinka: 4 | Hönökaka/Ost: 3 | Pastasallad/Kyckling & Salladsost: 1 | Pastasallad/Kyckling mangocurry: 1 | Sandwich/Räkor: 1 | Wraps/Caesar Kyckling: 1 | Wraps/Kyckling Bacon: 1 | Wraps/Kyckling Curry: 1 | Wraps/Sweet Chili: 1
Stockholm N,Coop Barkarby,Sunday,50,37~75,26,Baguette/Kyckling Curry: 1 | Baguette/Kyckling Sweet Chili: 1 | Baguette/Ost & Skinka: 1 | Baguette/Salami & Brieost: 1 | Baguette/Skagen: 2 | Fralla/Ost & Skinka: 3 | Fralla/Ost: 1 | Grönsallad/Caesarsallad: 2 | Hönökaka/Ost & Salami: 2 | Hönökaka/Ost & Skinka: 1 | Hönökaka/Ost: 1 | Pastasallad/Bacon & Kyckling: 2 | Pastasallad/Falafel: 1 | Pastasallad/Kyckling & Salladsost: 3 | Pastasallad/Kyckling mangocurry: 4 | Pastasallad/Ost & Skinka: 1 | Pastasallad/Räkor: 4 | Sandwich/Clubsandwich: 1 | Sandwich/Kyckling Curry: 2 | Sandwich/Räkor: 2 | Wraps/Caesar Kyckling: 2 | Wraps/Kyckling Bacon: 3 | Wraps/Kyckling Curry: 3 | Wraps/Sweet Chili: 3 | XL Frallor/Grovfralla Kalkon & Färskost: 2 | XL Frallor/Ost & Skinka: 1
Stockholm N,Coop Brommaplan,Sunday,91,71~121,24,Baguette/Kyckling Curry: 3 | Baguette/Ost & Skinka: 3 | Baguette/Salami & Brieost: 3 | Baguette/Skagen: 3 | Fralla/Ost & Skinka: 3 | Fralla/Ost: 3 | Hönökaka/Ost & Salami: 3 | Hönökaka/Ost & Skinka: 3 | Hönökaka/Ost: 3 | Pastasallad/Bacon & Kyckling: 2 | Pastasallad/Kyckling & Salladsost: 6 | Pastasallad/Kyckling mangocurry: 6 | Pastasallad/Räkor: 4 | Sandwich/Bacon & Äggröra: 2 | Sandwich/Clubsandwich: 4 | Sandwich/Kyckling Curry: 3 | Sandwich/Räkor: 4 | Wraps/Caesar Kyckling: 6 | Wraps/Kyckling Bacon: 6 | Wraps/Kyckling Curry: 7 | Wraps/Sweet Chili: 6 | XL Frallor/Grovfralla Kalkon & Färskost: 3 | XL Frallor/Ost & Skinka: 3 | XL Frallor/Ost: 2
Stockholm N,Coop Bromsten,Sunday,68,53~99,26,Baguette/Kyckling Curry: 1 | Baguette/Kyckling Sweet Chili: 1 | Baguette/Ost & Skinka: 1 | Baguette/Salami & Brieost: 2 | Baguette/Skagen: 2 | Fralla/Ost & Skinka: 2 | Fralla/Ost: 2 | Grönsallad/Caesarsallad: 2 | Grönsallad/Kyckling: 1 | Hönökaka/Ost & Salami: 1 | Hönökaka/Ost & Skinka: 3 | Hönökaka/Ost: 2 | Pastasallad/Bacon & Kyckling: 1 | Pastasallad/Kyckling & Salladsost: 4 | Pastasallad/Kyckling mangocurry: 5 | Pastasallad/Ost & Skinka: 1 | Pastasallad/Räkor: 4 | Sandwich/Bacon & Äggröra: 4 | Sandwich/Clubsandwich: 4 | Sandwich/Kyckling Curry: 4 | Sandwich/Räkor: 3 | Sandwich/Ägg & Avocadokräm: 2 | Wraps/Caesar Kyckling: 4 | Wraps/Kyckling Bacon: 4 | Wraps/Kyckling Curry: 4 | Wraps/Sweet Chili: 4
Stockholm N,Coop Kungsängen,Sunday,98,82~128,29,Baguette/Kyckling Curry: 3 | Baguette/Kyckling Sweet Chili: 1 | Baguette/Ost & Skinka: 2 | Baguette/Salami & Brieost: 2 | Baguette/Skagen: 5 | Fralla/Ost & Skinka: 8 | Fralla/Ost: 7 | Grönsallad/Caesarsallad: 2 | Hönökaka/Ost & Salami: 3 | Hönökaka/Ost & Skinka: 3 | Hönökaka/Ost: 2 | Pastasallad/Bacon & Kyckling: 1 | Pastasallad/Kyckling & Salladsost: 5 | Pastasallad/Kyckling kebab: 1 | Pastasallad/Kyckling mangocurry: 6 | Pastasallad/Ost & Skinka: 1 | Pastasallad/Räkor: 5 | Sandwich/Clubsandwich: 2 | Sandwich/Kyckling Curry: 3 | Sandwich/Kyckling Pestoröra: 3 | Sandwich/Räkor: 4 | Sandwich/Ägg & Avocadokräm: 1 | Wraps/Caesar Kyckling: 4 | Wraps/Kyckling Bacon: 2 | Wraps/Kyckling Curry: 6 | Wraps/Sweet Chili: 4 | XL Frallor/Grovfralla Kalkon & Färskost: 5 | XL Frallor/Ost & Skinka: 4 | XL Frallor/Ost: 3
Stockholm N,Coop Spånga-torg,Sunday,55,41~78,19,Baguette/Kyckling Curry: 1 | Baguette/Ost & Skinka: 1 | Baguette/Salami & Brieost: 2 | Baguette/Skagen: 2 | Fralla/Ost & Skinka: 3 | Fralla/Ost: 3 | Hönökaka/Ost & Skinka: 3 | Hönökaka/Ost: 3 | Räkmacka Liten/Räkmacka liten: 2 | Sandwich/Bacon & Äggröra: 3 | Sandwich/Clubsandwich: 4 | Sandwich/Kyckling Curry: 3 | Sandwich/Kyckling Pestoröra: 2 | Sandwich/Räkor: 3 | Wraps/Caesar Kyckling: 5 | Wraps/Kyckling Bacon: 5 | Wraps/Kyckling Curry: 5 | Wraps/Sweet Chili: 3 | XL Frallor/Ost & Skinka: 2
Stockholm N,Coop Spångavägen,Sunday,26,17~41,14,Baguette/Ost & Skinka: 1 | Baguette/Salami & Brieost: 2 | Baguette/Skagen: 2 | Fralla/Ost & Skinka: 1 | Hönökaka/Ost & Skinka: 1 | Hönökaka/Ost: 1 | Pastasallad/Kyckling & Salladsost: 3 | Pastasallad/Kyckling mangocurry: 4 | Pastasallad/Räkor: 2 | Sandwich/Kyckling Curry: 1 | Sandwich/Ägg & Avocadokräm: 2 | Wraps/Caesar Kyckling: 2 | Wraps/Kyckling Bacon: 2 | Wraps/Kyckling Curry: 2
Stockholm N,Coop Sundby Park,Sunday,71,58~94,30,Baguette/Kyckling Curry: 2 | Baguette/Kyckling Sweet Chili: 2 | Baguette/Ost & Skinka: 2 | Baguette/Salami & Brieost: 2 | Baguette/Skagen: 3 | Fralla/Ost & Skinka: 3 | Fralla/Ost: 2 | Grönsallad/Caesarsallad: 2 | Grönsallad/Kyckling: 1 | Hönökaka/Ost & Salami: 1 | Hönökaka/Ost & Skinka: 3 | Hönökaka/Ost: 2 | Pastasallad/Bacon & Kyckling: 2 | Pastasallad/Kyckling & Salladsost: 4 | Pastasallad/Kyckling kebab: 1 | Pastasallad/Kyckling mangocurry: 5 | Pastasallad/Ost & Skinka: 2 | Pastasallad/Räkor: 3 | Sandwich/Bacon & Äggröra: 1 | Sandwich/Clubsandwich: 2 | Sandwich/Kyckling Curry: 2 | Sandwich/Kyckling Pestoröra: 1 | Sandwich/Räkor: 2 | Sandwich/Ägg & Avocadokräm: 1 | Varmrätt/Cevapcici med bulgur: 1 | Varmrätt/Teriyakikycklingfile med basmatiris: 1 | Wraps/Caesar Kyckling: 5 | Wraps/Kyckling Bacon: 4 | Wraps/Kyckling Curry: 5 | Wraps/Sweet Chili: 4
Stockholm N,Coop Tibble,Sunday,24,19~34,11,Baguette/Kyckling Curry: 1 | Baguette/Kyckling Sweet Chili: 1 | Baguette/Skagen: 1 | Grönsallad/Caesarsallad: 2 | Pastasallad/Kyckling & Salladsost: 5 | Pastasallad/Kyckling mangocurry: 5 | Pastasallad/Räkor: 2 | Sandwich/Räkor: 1 | Wraps/Kyckling Bacon: 2 | Wraps/Kyckling Curry: 2 | Wraps/Sweet Chili: 2
Stockholm N,Coop Veckovägen,Sunday,20,14~28,15,Baguette/Ost & Skinka: 1 | Baguette/Salami & Brieost: 1 | Baguette/Skagen: 2 | Fralla/Ost & Skinka: 1 | Fralla/Ost: 1 | Hönökaka/Ost & Skinka: 2 | Hönökaka/Ost: 1 | Pastasallad/Kyckling & Salladsost: 1 | Pastasallad/Kyckling mangocurry: 2 | Pastasallad/Räkor: 1 | Sandwich/Kyckling Curry: 1 | Sandwich/Ägg & Avocadokräm: 1 | Wraps/Caesar Kyckling: 2 | Wraps/Kyckling Bacon: 2 | Wraps/Kyckling Curry: 1
Stockholm N,Coop björnboda,Sunday,31,23~50,19,Baguette/Kyckling Curry: 1 | Baguette/Ost & Skinka: 1 | Baguette/Salami & Brieost: 1 | Baguette/Skagen: 2 | Fralla/Ost & Skinka: 2 | Fralla/Ost: 2 | Hönökaka/Ost & Salami: 1 | Hönökaka/Ost & Skinka: 1 | Pastasallad/Kyckling & Salladsost: 2 | Pastasallad/Kyckling kebab: 2 | Pastasallad/Kyckling mangocurry: 2 | Pastasallad/Ost & Skinka: 2 | Pastasallad/Räkor: 2 | Sandwich/Kyckling Curry: 1 | Wraps/Caesar Kyckling: 2 | Wraps/Kyckling Bacon: 2 | Wraps/Kyckling Curry: 2 | Wraps/Sweet Chili: 2 | XL Frallor/Grovfralla Kalkon & Färskost: 1
Stockholm N,Hemköp blackeberg,Sunday,59,41~87,28,Baguette/Kyckling Curry: 1 | Baguette/Ost & Skinka: 1 | Baguette/Salami & Brieost: 1 | Baguette/Skagen: 1 | Fralla/Ost & Skinka: 4 | Fralla/Ost: 3 | Grönsallad/Caesarsallad: 1 | Hönökaka/Ost & Salami: 2 | Hönökaka/Ost & Skinka: 3 | Hönökaka/Ost: 2 | Pastasallad/Bacon & Kyckling: 2 | Pastasallad/Kyckling & Salladsost: 2 | Pastasallad/Kyckling mangocurry: 2 | Pastasallad/Ost & Skinka: 2 | Pastasallad/Räkor: 3 | Sandwich/Clubsandwich: 2 | Sandwich/Kyckling Curry: 1 | Sandwich/Räkor: 2 | Sandwich/Ägg & Avocadokräm: 1 | Varmrätt/Kycklingpestosallad: 1 | Varmrätt/Tacobolognese med fullkornspasta: 1 | Wraps/Caesar Kyckling: 4 | Wraps/Kyckling Bacon: 4 | Wraps/Kyckling Curry: 4 | Wraps/Sweet Chili: 4 | XL Frallor/Grovfralla Kalkon & Färskost: 1 | XL Frallor/Ost & Skinka: 2 | XL Frallor/Ost: 2
Stockholm N,ICA Bromma,Sunday,71,55~97,28,Baguette/Kyckling Curry: 2 | Baguette/Ost & Skinka: 2 | Baguette/Salami & Brieost: 1 | Baguette/Skagen: 2 | Fralla/Ost & Skinka: 3 | Fralla/Ost: 2 | Grönsallad/Caesarsallad: 4 | Grönsallad/Kyckling: 2 | Hönökaka/Ost & Skinka: 3 | Hönökaka/Ost: 1 | Pastasallad/Bacon & Kyckling: 3 | Pastasallad/Kyckling & Salladsost: 5 | Pastasallad/Kyckling mangocurry: 6 | Pastasallad/Ost & Skinka: 3 | Pastasallad/Räkor: 3 | Räkstubbe/Räkstubbe: 1 | Sandwich/Bacon & Äggröra: 1 | Sandwich/Clubsandwich: 2 | Sandwich/Kyckling Curry: 2 | Sandwich/Kyckling Pestoröra: 1 | Sandwich/Räkor: 2 | Sandwich/Ägg & Avocadokräm: 1 | Wraps/Caesar Kyckling: 4 | Wraps/Kyckling Bacon: 4 | Wraps/Kyckling Curry: 4 | Wraps/Sweet Chili: 4 | XL Frallor/Grovfralla Kalkon & Färskost: 2 | XL Frallor/Ost: 1
Stockholm N,ICA Nära Söderhöjden,Sunday,17,17~32,16,Baguette/Ost & Skinka: 1 | Baguette/Salami & Brieost: 1 | Baguette/Skagen: 1 | Fralla/Ost & Skinka: 1 | Hönökaka/Ost & Salami: 1 | Hönökaka/Ost & Skinka: 1 | Pastasallad/Kyckling & Salladsost: 1 | Pastasallad/Kyckling kebab: 1 | Pastasallad/Kyckling mangocurry: 2 | Pastasallad/Ost & Skinka: 1 | Pastasallad/Räkor: 1 | Sandwich/Clubsandwich: 1 | Sandwich/Kyckling Curry: 1 | Wraps/Caesar Kyckling: 1 | Wraps/Kyckling Bacon: 1 | Wraps/Kyckling Curry: 1
Stockholm N,ICA Spånga,Sunday,94,76~126,30,Baguette/Kyckling Curry: 2 | Baguette/Kyckling Sweet Chili: 1 | Baguette/Ost & Skinka: 2 | Baguette/Salami & Brieost: 2 | Baguette/Skagen: 3 | Fralla/Ost & Skinka: 6 | Fralla/Ost: 4 | Grönsallad/Caesarsallad: 5 | Hönökaka/Ost & Salami: 2 | Hönökaka/Ost & Skinka: 5 | Hönökaka/Ost: 3 | Pastasallad/Bacon & Kyckling: 2 | Pastasallad/Kyckling & Salladsost: 5 | Pastasallad/Kyckling mangocurry: 6 | Pastasallad/Ost & Skinka: 3 | Pastasallad/Räkor: 4 | Räkmacka Liten/Räkmacka liten: 1 | Sandwich/Bacon & Äggröra: 1 | Sandwich/Clubsandwich: 2 | Sandwich/Kyckling Curry: 3 | Sandwich/Kyckling Pestoröra: 1 | Sandwich/Räkor: 2 | Sandwich/Ägg & Avocadokräm: 2 | Wraps/Caesar Kyckling: 6 | Wraps/Kyckling Bacon: 4 | Wraps/Kyckling Curry: 6 | Wraps/Sweet Chili: 5 | XL Frallor/Grovfralla Kalkon & Färskost: 2 | XL Frallor/Ost & Skinka: 2 | XL Frallor/Ost: 2
Stockholm N,ICA Supermarket Husby,Sunday,19,11~30,11,Baguette/Kycklingsallad Olivie: 2 | Baguette/Ost & Skinka: 1 | Baguette/Salami & Brieost: 2 | Pastasallad/Falafel: 2 | Pastasallad/Kyckling & Salladsost: 2 | Pastasallad/Kyckling kebab: 1 | Pastasallad/Kyckling mangocurry: 2 | Sandwich/Bacon & Äggröra: 2 | Sandwich/Kyckling Curry: 1 | Sandwich/Ägg & Avocadokräm: 2 | Wraps/Sweet Chili: 2
Stockholm N,Stora Coop Spånga,Sunday,23,12~25,19,Pastasallad/Kyckling & Salladsost: 1 | Pastasallad/Kyckling kebab: 1 | Pastasallad/Kyckling mangocurry: 2 | Pastasallad/Ost & Skinka: 1 | Pastasallad/Räkor: 2 | Sandwich/Bacon & Äggröra: 1 | Sandwich/Clubsandwich: 1 | Sandwich/Kyckling Curry: 1 | Sandwich/Räkor: 1 | Sandwich/Ägg & Avocadokräm: 1 | Varmrätt/Cevapcici med bulgur: 1 | Varmrätt/Kycklingkebab med bulgur: 1 | Varmrätt/Kycklingpestosallad: 1 | Varmrätt/Kycklingspett med ris: 1 | Varmrätt/Teriyakikycklingfile med basmatiris: 1 | Wraps/Caesar Kyckling: 2 | Wraps/Kyckling Bacon: 2 | Wraps/Kyckling Curry: 1 | Wraps/Sweet Chili: 1
Stockholm N,Coop Sundby Park,Monday,17,10~20,17,Baguette/Kyckling Curry: 1 | Baguette/Kyckling Sweet Chili: 1 | Baguette/Ost & Skinka: 1 | Baguette/Salami & Brieost: 1 | Baguette/Skagen: 1 | Fralla/Ost & Skinka: 1 | Fralla/Ost: 1 | Hönökaka/Ost & Skinka: 1 | Hönökaka/Ost: 1 | Pastasallad/Bacon & Kyckling: 1 | Pastasallad/Kyckling & Salladsost: 1 | Pastasallad/Kyckling mangocurry: 1 | Pastasallad/Räkor: 1 | Wraps/Caesar Kyckling: 1 | Wraps/Kyckling Bacon: 1 | Wraps/Kyckling Curry: 1 | Wraps/Sweet Chili: 1
Stockholm N,ICA Bromma,Monday,12,8~13,12,Fralla/Ost & Skinka: 1 | Grönsallad/Caesarsallad: 1 | Hönökaka/Ost & Skinka: 1 | Pastasallad/Bacon & Kyckling: 1 | Pastasallad/Kyckling & Salladsost: 1 | Pastasallad/Kyckling mangocurry: 1 | Pastasallad/Ost & Skinka: 1 | Pastasallad/Räkor: 1 | Wraps/Caesar Kyckling: 1 | Wraps/Kyckling Bacon: 1 | Wraps/Kyckling Curry: 1 | Wraps/Sweet Chili: 1
Stockholm N,ICA Spånga,Monday,17,14~23,17,Baguette/Skagen: 1 | Fralla/Ost & Skinka: 1 | Fralla/Ost: 1 | Grönsallad/Caesarsallad: 1 | Hönökaka/Ost & Skinka: 1 | Hönökaka/Ost: 1 | Pastasallad/Bacon & Kyckling: 1 | Pastasallad/Kyckling & Salladsost: 1 | Pastasallad/Kyckling mangocurry: 1 | Pastasallad/Ost & Skinka: 1 | Pastasallad/Räkor: 1 | Sandwich/Clubsandwich: 1 | Sandwich/Kyckling Curry: 1 | Wraps/Caesar Kyckling: 1 | Wraps/Kyckling Bacon: 1 | Wraps/Kyckling Curry: 1 | Wraps/Sweet Chili: 1
Stockholm N,Coop Barkarby,Tuesday,38,33~59,26,Baguette/Kyckling Curry: 1 | Baguette/Kyckling Sweet Chili: 1 | Baguette/Ost & Skinka: 1 | Baguette/Salami & Brieost: 1 | Baguette/Skagen: 1 | Fralla/Ost & Skinka: 3 | Fralla/Ost: 1 | Grönsallad/Caesarsallad: 1 | Hönökaka/Ost & Salami: 1 | Hönökaka/Ost & Skinka: 1 | Hönökaka/Ost: 1 | Pastasallad/Bacon & Kyckling: 1 | Pastasallad/Falafel: 1 | Pastasallad/Kyckling & Salladsost: 3 | Pastasallad/Kyckling mangocurry: 3 | Pastasallad/Ost & Skinka: 1 | Pastasallad/Räkor: 3 | Sandwich/Clubsandwich: 1 | Sandwich/Kyckling Curry: 1 | Sandwich/Räkor: 1 | Wraps/Caesar Kyckling: 1 | Wraps/Kyckling Bacon: 2 | Wraps/Kyckling Curry: 3 | Wraps/Sweet Chili: 2 | XL Frallor/Grovfralla Kalkon & Färskost: 1 | XL Frallor/Ost & Skinka: 1
Stockholm N,Coop Brommaplan,Tuesday,49,39~73,24,Baguette/Kyckling Curry: 1 | Baguette/Ost & Skinka: 2 | Baguette/Salami & Brieost: 2 | Baguette/Skagen: 2 | Fralla/Ost & Skinka: 2 | Fralla/Ost: 2 | Hönökaka/Ost & Salami: 1 | Hönökaka/Ost & Skinka: 1 | Hönökaka/Ost: 1 | Pastasallad/Bacon & Kyckling: 1 | Pastasallad/Kyckling & Salladsost: 3 | Pastasallad/Kyckling mangocurry: 4 | Pastasallad/Räkor: 2 | Sandwich/Bacon & Äggröra: 1 | Sandwich/Clubsandwich: 2 | Sandwich/Kyckling Curry: 2 | Sandwich/Räkor: 2 | Wraps/Caesar Kyckling: 4 | Wraps/Kyckling Bacon: 4 | Wraps/Kyckling Curry: 4 | Wraps/Sweet Chili: 3 | XL Frallor/Grovfralla Kalkon & Färskost: 1 | XL Frallor/Ost & Skinka: 1 | XL Frallor/Ost: 1
Stockholm N,Coop Bromsten,Tuesday,36,23~46,25,Baguette/Kyckling Curry: 1 | Baguette/Kyckling Sweet Chili: 1 | Baguette/Ost & Skinka: 1 | Baguette/Salami & Brieost: 1 | Baguette/Skagen: 1 | Fralla/Ost & Skinka: 1 | Fralla/Ost: 1 | Grönsallad/Caesarsallad: 1 | Hönökaka/Ost & Salami: 1 | Hönökaka/Ost & Skinka: 2 | Hönökaka/Ost: 1 | Pastasallad/Bacon & Kyckling: 1 | Pastasallad/Kyckling & Salladsost: 2 | Pastasallad/Kyckling mangocurry: 2 | Pastasallad/Ost & Skinka: 1 | Pastasallad/Räkor: 2 | Sandwich/Bacon & Äggröra: 2 | Sandwich/Clubsandwich: 2 | Sandwich/Kyckling Curry: 2 | Sandwich/Räkor: 1 | Sandwich/Ägg & Avocadokräm: 1 | Wraps/Caesar Kyckling: 2 | Wraps/Kyckling Bacon: 2 | Wraps/Kyckling Curry: 2 | Wraps/Sweet Chili: 2
Stockholm N,Coop Kungsängen,Tuesday,81,61~99,29,Baguette/Kyckling Curry: 2 | Baguette/Kyckling Sweet Chili: 1 | Baguette/Ost & Skinka: 2 | Baguette/Salami & Brieost: 2 | Baguette/Skagen: 4 | Fralla/Ost & Skinka: 6 | Fralla/Ost: 6 | Grönsallad/Caesarsallad: 2 | Hönökaka/Ost & Salami: 3 | Hönökaka/Ost & Skinka: 3 | Hönökaka/Ost: 2 | Pastasallad/Bacon & Kyckling: 1 | Pastasallad/Kyckling & Salladsost: 4 | Pastasallad/Kyckling kebab: 1 | Pastasallad/Kyckling mangocurry: 5 | Pastasallad/Ost & Skinka: 1 | Pastasallad/Räkor: 4 | Sandwich/Clubsandwich: 1 | Sandwich/Kyckling Curry: 2 | Sandwich/Kyckling Pestoröra: 2 | Sandwich/Räkor: 3 | Sandwich/Ägg & Avocadokräm: 1 | Wraps/Caesar Kyckling: 3 | Wraps/Kyckling Bacon: 2 | Wraps/Kyckling Curry: 5 | Wraps/Sweet Chili: 3 | XL Frallor/Grovfralla Kalkon & Färskost: 4 | XL Frallor/Ost & Skinka: 3 | XL Frallor/Ost: 3
Stockholm N,Coop Spånga-torg,Tuesday,21,16~27,17,Baguette/Salami & Brieost: 1 | Baguette/Skagen: 1 | Fralla/Ost & Skinka: 1 | Fralla/Ost: 1 | Hönökaka/Ost & Skinka: 1 | Hönökaka/Ost: 1 | Räkmacka Liten/Räkmacka liten: 1 | Sandwich/Bacon & Äggröra: 1 | Sandwich/Clubsandwich: 2 | Sandwich/Kyckling Curry: 1 | Sandwich/Kyckling Pestoröra: 1 | Sandwich/Räkor: 1 | Wraps/Caesar Kyckling: 2 | Wraps/Kyckling Bacon: 2 | Wraps/Kyckling Curry: 2 | Wraps/Sweet Chili: 1 | XL Frallor/Ost & Skinka: 1
Stockholm N,Coop Spångavägen,Tuesday,16,9~16,14,Baguette/Ost & Skinka: 1 | Baguette/Salami & Brieost: 1 | Baguette/Skagen: 1 | Fralla/Ost & Skinka: 1 | Hönökaka/Ost & Skinka: 1 | Hönökaka/Ost: 1 | Pastasallad/Kyckling & Salladsost: 2 | Pastasallad/Kyckling mangocurry: 2 | Pastasallad/Räkor: 1 | Sandwich/Kyckling Curry: 1 | Sandwich/Ägg & Avocadokräm: 1 | Wraps/Caesar Kyckling: 1 | Wraps/Kyckling Bacon: 1 | Wraps/Kyckling Curry: 1
Stockholm N,Coop Sundby Park,Tuesday,52,38~65,28,Baguette/Kyckling Curry: 2 | Baguette/Kyckling Sweet Chili: 2 | Baguette/Ost & Skinka: 2 | Baguette/Salami & Brieost: 2 | Baguette/Skagen: 2 | Fralla/Ost & Skinka: 2 | Fralla/Ost: 2 | Grönsallad/Caesarsallad: 1 | Grönsallad/Kyckling: 1 | Hönökaka/Ost & Salami: 1 | Hönökaka/Ost & Skinka: 2 | Hönökaka/Ost: 2 | Pastasallad/Bacon & Kyckling: 2 | Pastasallad/Kyckling & Salladsost: 3 | Pastasallad/Kyckling kebab: 1 | Pastasallad/Kyckling mangocurry: 3 | Pastasallad/Ost & Skinka: 1 | Pastasallad/Räkor: 2 | Sandwich/Bacon & Äggröra: 1 | Sandwich/Clubsandwich: 1 | Sandwich/Kyckling Curry: 1 | Sandwich/Kyckling Pestoröra: 1 | Sandwich/Räkor: 1 | Sandwich/Ägg & Avocadokräm: 1 | Wraps/Caesar Kyckling: 3 | Wraps/Kyckling Bacon: 3 | Wraps/Kyckling Curry: 4 | Wraps/Sweet Chili: 3
Stockholm N,Coop Tibble,Tuesday,21,13~26,11,Baguette/Kyckling Curry: 1 | Baguette/Kyckling Sweet Chili: 1 | Baguette/Skagen: 1 | Grönsallad/Caesarsallad: 1 | Pastasallad/Kyckling & Salladsost: 4 | Pastasallad/Kyckling mangocurry: 4 | Pastasallad/Räkor: 2 | Sandwich/Räkor: 1 | Wraps/Kyckling Bacon: 2 | Wraps/Kyckling Curry: 2 | Wraps/Sweet Chili: 2
Stockholm N,Coop Veckovägen,Tuesday,33,19~43,15,Baguette/Ost & Skinka: 2 | Baguette/Salami & Brieost: 2 | Baguette/Skagen: 3 | Fralla/Ost & Skinka: 2 | Fralla/Ost: 1 | Hönökaka/Ost & Skinka: 3 | Hönökaka/Ost: 2 | Pastasallad/Kyckling & Salladsost: 2 | Pastasallad/Kyckling mangocurry: 3 | Pastasallad/Räkor: 2 | Sandwich/Kyckling Curry: 1 | Sandwich/Ägg & Avocadokräm: 2 | Wraps/Caesar Kyckling: 3 | Wraps/Kyckling Bacon: 3 | Wraps/Kyckling Curry: 2
Stockholm N,Hemköp blackeberg,Tuesday,41,32~53,28,Baguette/Kyckling Curry: 1 | Baguette/Ost & Skinka: 1 | Baguette/Salami & Brieost: 1 | Baguette/Skagen: 1 | Fralla/Ost & Skinka: 3 | Fralla/Ost: 2 | Grönsallad/Caesarsallad: 1 | Hönökaka/Ost & Salami: 1 | Hönökaka/Ost & Skinka: 2 | Hönökaka/Ost: 1 | Pastasallad/Bacon & Kyckling: 1 | Pastasallad/Kyckling & Salladsost: 1 | Pastasallad/Kyckling mangocurry: 1 | Pastasallad/Ost & Skinka: 1 | Pastasallad/Räkor: 2 | Sandwich/Clubsandwich: 1 | Sandwich/Kyckling Curry: 1 | Sandwich/Räkor: 1 | Sandwich/Ägg & Avocadokräm: 1 | Varmrätt/Kycklingpestosallad: 1 | Varmrätt/Tacobolognese med fullkornspasta: 1 | Wraps/Caesar Kyckling: 3 | Wraps/Kyckling Bacon: 3 | Wraps/Kyckling Curry: 3 | Wraps/Sweet Chili: 3 | XL Frallor/Grovfralla Kalkon & Färskost: 1 | XL Frallor/Ost & Skinka: 1 | XL Frallor/Ost: 1
Stockholm N,ICA Bromma,Tuesday,29,18~35,21,Baguette/Kyckling Curry: 1 | Baguette/Ost & Skinka: 1 | Baguette/Skagen: 1 | Fralla/Ost & Skinka: 1 | Fralla/Ost: 1 | Grönsallad/Caesarsallad: 2 | Grönsallad/Kyckling: 1 | Hönökaka/Ost & Skinka: 1 | Pastasallad/Bacon & Kyckling: 1 | Pastasallad/Kyckling & Salladsost: 2 | Pastasallad/Kyckling mangocurry: 3 | Pastasallad/Ost & Skinka: 1 | Pastasallad/Räkor: 1 | Sandwich/Clubsandwich: 1 | Sandwich/Kyckling Curry: 1 | Sandwich/Räkor: 1 | Wraps/Caesar Kyckling: 2 | Wraps/Kyckling Bacon: 2 | Wraps/Kyckling Curry: 2 | Wraps/Sweet Chili: 2 | XL Frallor/Grovfralla Kalkon & Färskost: 1
Stockholm N,ICA Nära Söderhöjden,Tuesday,17,17~33,16,Baguette/Ost & Skinka: 1 | Baguette/Salami & Brieost: 1 | Baguette/Skagen: 1 | Fralla/Ost & Skinka: 1 | Hönökaka/Ost & Salami: 1 | Hönökaka/Ost & Skinka: 1 | Pastasallad/Kyckling & Salladsost: 1 | Pastasallad/Kyckling kebab: 1 | Pastasallad/Kyckling mangocurry: 2 | Pastasallad/Ost & Skinka: 1 | Pastasallad/Räkor: 1 | Sandwich/Clubsandwich: 1 | Sandwich/Kyckling Curry: 1 | Wraps/Caesar Kyckling: 1 | Wraps/Kyckling Bacon: 1 | Wraps/Kyckling Curry: 1
Stockholm N,ICA Spånga,Tuesday,49,39~63,29,Baguette/Kyckling Curry: 1 | Baguette/Kyckling Sweet Chili: 1 | Baguette/Ost & Skinka: 1 | Baguette/Salami & Brieost: 1 | Baguette/Skagen: 1 | Fralla/Ost & Skinka: 3 | Fralla/Ost: 2 | Grönsallad/Caesarsallad: 2 | Hönökaka/Ost & Salami: 1 | Hönökaka/Ost & Skinka: 2 | Hönökaka/Ost: 2 | Pastasallad/Bacon & Kyckling: 1 | Pastasallad/Kyckling & Salladsost: 3 | Pastasallad/Kyckling mangocurry: 3 | Pastasallad/Ost & Skinka: 2 | Pastasallad/Räkor: 2 | Räkmacka Liten/Räkmacka liten: 1 | Sandwich/Clubsandwich: 1 | Sandwich/Kyckling Curry: 2 | Sandwich/Kyckling Pestoröra: 1 | Sandwich/Räkor: 1 | Sandwich/Ägg & Avocadokräm: 1 | Wraps/Caesar Kyckling: 3 | Wraps/Kyckling Bacon: 2 | Wraps/Kyckling Curry: 3 | Wraps/Sweet Chili: 3 | XL Frallor/Grovfralla Kalkon & Färskost: 1 | XL Frallor/Ost & Skinka: 1 | XL Frallor/Ost: 1
Stockholm N,ICA Supermarket Husby,Tuesday,11,8~11,11,Baguette/Kycklingsallad Olivie: 1 | Baguette/Ost & Skinka: 1 | Baguette/Salami & Brieost: 1 | Pastasallad/Falafel: 1 | Pastasallad/Kyckling & Salladsost: 1 | Pastasallad/Kyckling kebab: 1 | Pastasallad/Kyckling mangocurry: 1 | Sandwich/Bacon & Äggröra: 1 | Sandwich/Kyckling Curry: 1 | Sandwich/Ägg & Avocadokräm: 1 | Wraps/Sweet Chili: 1
Stockholm N,Stora Coop Spånga,Tuesday,48,35~72,20,Pastasallad/Bacon & Kyckling: 1 | Pastasallad/Kyckling & Salladsost: 2 | Pastasallad/Kyckling kebab: 2 | Pastasallad/Kyckling mangocurry: 4 | Pastasallad/Ost & Skinka: 2 | Pastasallad/Räkor: 4 | Sandwich/Bacon & Äggröra: 2 | Sandwich/Clubsandwich: 2 | Sandwich/Kyckling Curry: 2 | Sandwich/Räkor: 2 | Sandwich/Ägg & Avocadokräm: 2 | Varmrätt/Cevapcici med bulgur: 2 | Varmrätt/Kycklingkebab med bulgur: 2 | Varmrätt/Kycklingpestosallad: 2 | Varmrätt/Kycklingspett med ris: 2 | Varmrätt/Teriyakikycklingfile med basmatiris: 2 | Wraps/Caesar Kyckling: 5 | Wraps/Kyckling Bacon: 4 | Wraps/Kyckling Curry: 2 | Wraps/Sweet Chili: 2
Stockholm N,Coop Sundby Park,Wednesday,26,20~30,22,Baguette/Kyckling Curry: 1 | Baguette/Kyckling Sweet Chili: 1 | Baguette/Ost & Skinka: 1 | Baguette/Salami & Brieost: 1 | Baguette/Skagen: 1 | Fralla/Ost & Skinka: 1 | Fralla/Ost: 1 | Grönsallad/Caesarsallad: 1 | Hönökaka/Ost & Skinka: 1 | Hönökaka/Ost: 1 | Pastasallad/Bacon & Kyckling: 1 | Pastasallad/Kyckling & Salladsost: 1 | Pastasallad/Kyckling mangocurry: 2 | Pastasallad/Ost & Skinka: 1 | Pastasallad/Räkor: 1 | Sandwich/Clubsandwich: 1 | Sandwich/Kyckling Curry: 1 | Sandwich/Räkor: 1 | Wraps/Caesar Kyckling: 2 | Wraps/Kyckling Bacon: 2 | Wraps/Kyckling Curry: 2 | Wraps/Sweet Chili: 1
Stockholm N,ICA Bromma,Wednesday,18,14~20,16,Fralla/Ost & Skinka: 1 | Fralla/Ost: 1 | Grönsallad/Caesarsallad: 1 | Hönökaka/Ost & Skinka: 1 | Pastasallad/Bacon & Kyckling: 1 | Pastasallad/Kyckling & Salladsost: 2 | Pastasallad/Kyckling mangocurry: 2 | Pastasallad/Ost & Skinka: 1 | Pastasallad/Räkor: 1 | Sandwich/Clubsandwich: 1 | Sandwich/Kyckling Curry: 1 | Sandwich/Räkor: 1 | Wraps/Caesar Kyckling: 1 | Wraps/Kyckling Bacon: 1 | Wraps/Kyckling Curry: 1 | Wraps/Sweet Chili: 1
Stockholm N,ICA Spånga,Wednesday,27,17~31,23,Baguette/Kyckling Curry: 1 | Baguette/Ost & Skinka: 1 | Baguette/Salami & Brieost: 1 | Baguette/Skagen: 1 | Fralla/Ost & Skinka: 2 | Fralla/Ost: 1 | Grönsallad/Caesarsallad: 1 | Hönökaka/Ost & Skinka: 1 | Hönökaka/Ost: 1 | Pastasallad/Bacon & Kyckling: 1 | Pastasallad/Kyckling & Salladsost: 1 | Pastasallad/Kyckling mangocurry: 2 | Pastasallad/Ost & Skinka: 1 | Pastasallad/Räkor: 1 | Sandwich/Clubsandwich: 1 | Sandwich/Kyckling Curry: 1 | Sandwich/Räkor: 1 | Wraps/Caesar Kyckling: 2 | Wraps/Kyckling Bacon: 1 | Wraps/Kyckling Curry: 2 | Wraps/Sweet Chili: 1 | XL Frallor/Grovfralla Kalkon & Färskost: 1 | XL Frallor/Ost & Skinka: 1
Stockholm N,Coop Barkarby,Thursday,62,38~73,33,Baguette/Kyckling Curry: 2 | Baguette/Kyckling Sweet Chili: 2 | Baguette/Ost & Skinka: 1 | Baguette/Salami & Brieost: 2 | Baguette/Skagen: 2 | Fralla/Ost & Skinka: 3 | Fralla/Ost: 2 | Grönsallad/Caesarsallad: 2 | Hönökaka/Ost & Salami: 2 | Hönökaka/Ost & Skinka: 2 | Pastasallad/Bacon & Kyckling: 2 | Pastasallad/Falafel: 1 | Pastasallad/Kyckling & Salladsost: 3 | Pastasallad/Kyckling kebab: 1 | Pastasallad/Kyckling mangocurry: 4 | Pastasallad/Ost & Skinka: 1 | Pastasallad/Räkor: 4 | Sandwich/Clubsandwich: 1 | Sandwich/Kyckling Curry: 2 | Sandwich/Räkor: 2 | Varmrätt/Cevapcici med bulgur: 1 | Varmrätt/Falafel med bulgur: 1 | Varmrätt/Kyckling-och böngryta: 1 | Varmrätt/Kycklingpestosallad: 1 | Varmrätt/Pannbiff med Basmatiris: 1 | Varmrätt/Tacobolognese med fullkornspasta: 1 | Varmrätt/Teriyakikycklingfile med basmatiris: 1 | Wraps/Caesar Kyckling: 2 | Wraps/Kyckling Bacon: 3 | Wraps/Kyckling Curry: 3 | Wraps/Sweet Chili: 2 | XL Frallor/Grovfralla Kalkon & Färskost: 2 | XL Frallor/Ost & Skinka: 2
Stockholm N,Coop Bromsten,Thursday,49,39~70,27,Baguette/Kyckling Curry: 1 | Baguette/Kyckling Sweet Chili: 1 | Baguette/Kycklingsallad Olivie: 1 | Baguette/Ost & Skinka: 1 | Baguette/Salami & Brieost: 2 | Baguette/Skagen: 2 | Fralla/Ost & Skinka: 1 | Fralla/Ost: 1 | Grönsallad/Caesarsallad: 2 | Grönsallad/Kyckling: 1 | Hönökaka/Ost & Salami: 1 | Hönökaka/Ost & Skinka: 2 | Hönökaka/Ost: 2 | Pastasallad/Bacon & Kyckling: 1 | Pastasallad/Kyckling & Salladsost: 3 | Pastasallad/Kyckling mangocurry: 4 | Pastasallad/Ost & Skinka: 1 | Pastasallad/Räkor: 2 | Sandwich/Bacon & Äggröra: 2 | Sandwich/Clubsandwich: 3 | Sandwich/Kyckling Curry: 2 | Sandwich/Räkor: 2 | Sandwich/Ägg & Avocadokräm: 2 | Wraps/Caesar Kyckling: 2 | Wraps/Kyckling Bacon: 2 | Wraps/Kyckling Curry: 3 | Wraps/Sweet Chili: 2
Stockholm N,Coop Kungsängen,Thursday,101,74~133,37,Baguette/Kyckling Curry: 3 | Baguette/Kyckling Sweet Chili: 1 | Baguette/Ost & Skinka: 2 | Baguette/Salami & Brieost: 2 | Baguette/Skagen: 4 | Fralla/Ost & Skinka: 8 | Fralla/Ost: 6 | Grönsallad/Caesarsallad: 2 | Hönökaka/Ost & Salami: 3 | Hönökaka/Ost & Skinka: 3 | Hönökaka/Ost: 2 | Pastasallad/Bacon & Kyckling: 2 | Pastasallad/Kyckling & Salladsost: 4 | Pastasallad/Kyckling kebab: 1 | Pastasallad/Kyckling mangocurry: 5 | Pastasallad/Ost & Skinka: 1 | Pastasallad/Räkor: 4 | Sandwich/Bacon & Äggröra: 1 | Sandwich/Clubsandwich: 2 | Sandwich/Kyckling Curry: 2 | Sandwich/Kyckling Pestoröra: 2 | Sandwich/Räkor: 3 | Varmrätt/Cevapcici med bulgur: 1 | Varmrätt/Falafel med bulgur: 1 | Varmrätt/Kyckling-och böngryta: 1 | Varmrätt/Kycklingpestosallad: 1 | Varmrätt/Kycklingspett med ris: 1 | Varmrätt/Pannbiff med Basmatiris: 1 | Varmrätt/Tacobolognese med fullkornspasta: 1 | Varmrätt/Teriyakikycklingfile med basmatiris: 1 | Wraps/Caesar Kyckling: 5 | Wraps/Kyckling Bacon: 2 | Wraps/Kyckling Curry: 6 | Wraps/Sweet Chili: 4 | XL Frallor/Grovfralla Kalkon & Färskost: 5 | XL Frallor/Ost & Skinka: 5 | XL Frallor/Ost: 3
Stockholm N,Coop Spånga-torg,Thursday,24,16~31,14,Baguette/Ost & Skinka: 1 | Fralla/Ost & Skinka: 1 | Fralla/Ost: 1 | Hönökaka/Ost & Skinka: 2 | Hönökaka/Ost: 1 | Sandwich/Bacon & Äggröra: 1 | Sandwich/Clubsandwich: 2 | Sandwich/Kyckling Curry: 1 | Sandwich/Räkor: 2 | Wraps/Caesar Kyckling: 3 | Wraps/Kyckling Bacon: 3 | Wraps/Kyckling Curry: 3 | Wraps/Sweet Chili: 2 | XL Frallor/Ost & Skinka: 1
Stockholm N,Coop Spångavägen,Thursday,16,16~31,14,Baguette/Ost & Skinka: 1 | Baguette/Salami & Brieost: 1 | Baguette/Skagen: 1 | Fralla/Ost & Skinka: 1 | Hönökaka/Ost & Skinka: 1 | Hönökaka/Ost: 1 | Pastasallad/Kyckling & Salladsost: 2 | Pastasallad/Kyckling mangocurry: 2 | Pastasallad/Räkor: 1 | Sandwich/Kyckling Curry: 1 | Sandwich/Ägg & Avocadokräm: 1 | Wraps/Caesar Kyckling: 1 | Wraps/Kyckling Bacon: 1 | Wraps/Kyckling Curry: 1
Stockholm N,Coop Sundby Park,Thursday,69,58~94,30,Baguette/Kyckling Curry: 1 | Baguette/Kyckling Sweet Chili: 2 | Baguette/Ost & Skinka: 2 | Baguette/Salami & Brieost: 2 | Baguette/Skagen: 3 | Fralla/Ost & Skinka: 2 | Fralla/Ost: 2 | Grönsallad/Caesarsallad: 2 | Grönsallad/Kyckling: 1 | Hönökaka/Ost & Salami: 2 | Hönökaka/Ost & Skinka: 4 | Hönökaka/Ost: 2 | Pastasallad/Bacon & Kyckling: 2 | Pastasallad/Kyckling & Salladsost: 4 | Pastasallad/Kyckling kebab: 1 | Pastasallad/Kyckling mangocurry: 4 | Pastasallad/Ost & Skinka: 2 | Pastasallad/Räkor: 4 | Sandwich/Bacon & Äggröra: 2 | Sandwich/Clubsandwich: 1 | Sandwich/Kyckling Curry: 1 | Sandwich/Kyckling Pestoröra: 1 | Sandwich/Räkor: 1 | Sandwich/Ägg & Avocadokräm: 2 | Varmrätt/Cevapcici med bulgur: 1 | Varmrätt/Teriyakikycklingfile med basmatiris: 1 | Wraps/Caesar Kyckling: 4 | Wraps/Kyckling Bacon: 4 | Wraps/Kyckling Curry: 5 | Wraps/Sweet Chili: 4
Stockholm N,Coop Tibble,Thursday,20,11~27,16,Baguette/Kyckling Curry: 1 | Baguette/Kyckling Sweet Chili: 1 | Baguette/Salami & Brieost: 1 | Grönsallad/Caesarsallad: 1 | Pastasallad/Kyckling & Salladsost: 3 | Pastasallad/Kyckling mangocurry: 3 | Pastasallad/Räkor: 1 | Sandwich/Clubsandwich: 1 | Sandwich/Kyckling Pestoröra: 1 | Varmrätt/Cevapcici med bulgur: 1 | Varmrätt/Kyckling-och böngryta: 1 | Varmrätt/Pannbiff med Basmatiris: 1 | Varmrätt/Teriyakikycklingfile med basmatiris: 1 | Wraps/Kyckling Bacon: 1 | Wraps/Kyckling Curry: 1 | Wraps/Sweet Chili: 1
Stockholm N,Coop Veckovägen,Thursday,14,18~25,14,Baguette/Ost & Skinka: 1 | Baguette/Salami & Brieost: 1 | Baguette/Skagen: 1 | Fralla/Ost & Skinka: 1 | Fralla/Ost: 1 | Hönökaka/Ost & Skinka: 1 | Hönökaka/Ost: 1 | Pastasallad/Kyckling & Salladsost: 1 | Pastasallad/Kyckling mangocurry: 1 | Pastasallad/Räkor: 1 | Sandwich/Ägg & Avocadokräm: 1 | Wraps/Caesar Kyckling: 1 | Wraps/Kyckling Bacon: 1 | Wraps/Kyckling Curry: 1
Stockholm N,Coop björnboda,Thursday,23,12~41,18,Baguette/Kyckling Curry: 1 | Baguette/Ost & Skinka: 1 | Baguette/Salami & Brieost: 1 | Baguette/Skagen: 1 | Fralla/Ost & Skinka: 1 | Fralla/Ost: 1 | Hönökaka/Ost & Salami: 1 | Hönökaka/Ost & Skinka: 1 | Pastasallad/Kyckling & Salladsost: 2 | Pastasallad/Kyckling kebab: 1 | Pastasallad/Kyckling mangocurry: 2 | Pastasallad/Ost & Skinka: 2 | Pastasallad/Räkor: 1 | Wraps/Caesar Kyckling: 1 | Wraps/Kyckling Bacon: 2 | Wraps/Kyckling Curry: 2 | Wraps/Sweet Chili: 1 | XL Frallor/Grovfralla Kalkon & Färskost: 1
Stockholm N,Hemköp blackeberg,Thursday,38,25~59,29,Baguette/Kyckling Curry: 1 | Baguette/Ost & Skinka: 1 | Baguette/Salami & Brieost: 1 | Baguette/Skagen: 1 | Fralla/Ost & Skinka: 2 | Fralla/Ost: 3 | Grönsallad/Caesarsallad: 1 | Hönökaka/Ost & Salami: 1 | Hönökaka/Ost & Skinka: 2 | Hönökaka/Ost: 1 | Pastasallad/Bacon & Kyckling: 1 | Pastasallad/Falafel: 1 | Pastasallad/Kyckling & Salladsost: 1 | Pastasallad/Kyckling kebab: 1 | Pastasallad/Kyckling mangocurry: 2 | Pastasallad/Ost & Skinka: 1 | Pastasallad/Räkor: 1 | Sandwich/Clubsandwich: 1 | Sandwich/Kyckling Curry: 1 | Sandwich/Kyckling Pestoröra: 1 | Sandwich/Räkor: 1 | Sandwich/Ägg & Avocadokräm: 1 | Wraps/Caesar Kyckling: 2 | Wraps/Kyckling Bacon: 2 | Wraps/Kyckling Curry: 2 | Wraps/Sweet Chili: 2 | XL Frallor/Grovfralla Kalkon & Färskost: 1 | XL Frallor/Ost & Skinka: 1 | XL Frallor/Ost: 1
Stockholm N,ICA Bromma,Thursday,55,47~68,29,Baguette/Kyckling Curry: 1 | Baguette/Ost & Skinka: 1 | Baguette/Salami & Brieost: 2 | Baguette/Skagen: 1 | Fralla/Ost & Skinka: 2 | Fralla/Ost: 1 | Grönsallad/Caesarsallad: 2 | Grönsallad/Kyckling: 1 | Hönökaka/Ost & Skinka: 2 | Hönökaka/Ost: 2 | Pastasallad/Bacon & Kyckling: 1 | Pastasallad/Kyckling & Salladsost: 4 | Pastasallad/Kyckling mangocurry: 5 | Pastasallad/Ost & Skinka: 1 | Pastasallad/Räkor: 3 | Räkstubbe/Räkstubbe: 2 | Sandwich/Bacon & Äggröra: 2 | Sandwich/Clubsandwich: 1 | Sandwich/Kyckling Curry: 2 | Sandwich/Kyckling Pestoröra: 2 | Sandwich/Räkor: 1 | Sandwich/Ägg & Avocadokräm: 2 | Wraps/Caesar Kyckling: 3 | Wraps/Kyckling Bacon: 2 | Wraps/Kyckling Curry: 3 | Wraps/Sweet Chili: 2 | XL Frallor/Grovfralla Kalkon & Färskost: 1 | XL Frallor/Ost & Skinka: 1 | XL Frallor/Ost: 2
Stockholm N,ICA Nära Söderhöjden,Thursday,27,11~28,16,Baguette/Ost & Skinka: 2 | Baguette/Salami & Brieost: 2 | Baguette/Skagen: 2 | Fralla/Ost & Skinka: 2 | Hönökaka/Ost & Salami: 1 | Hönökaka/Ost & Skinka: 1 | Pastasallad/Kyckling & Salladsost: 2 | Pastasallad/Kyckling kebab: 2 | Pastasallad/Kyckling mangocurry: 2 | Pastasallad/Ost & Skinka: 1 | Pastasallad/Räkor: 2 | Sandwich/Clubsandwich: 2 | Sandwich/Kyckling Curry: 1 | Wraps/Caesar Kyckling: 2 | Wraps/Kyckling Bacon: 2 | Wraps/Kyckling Curry: 1
Stockholm N,ICA Spånga,Thursday,65,46~74,39,Baguette/Kyckling Curry: 1 | Baguette/Kyckling Sweet Chili: 1 | Baguette/Kycklingsallad Olivie: 1 | Baguette/Ost & Skinka: 1 | Baguette/Salami & Brieost: 1 | Baguette/Skagen: 1 | Blandstubbe/Blandstubbe: 1 | Fralla/Ost & Skinka: 4 | Fralla/Ost: 3 | Grönsallad/Caesarsallad: 3 | Grönsallad/Kyckling: 1 | Hönökaka/Ost & Salami: 1 | Hönökaka/Ost & Skinka: 3 | Hönökaka/Ost: 2 | Pastasallad/Bacon & Kyckling: 1 | Pastasallad/Kyckling & Salladsost: 4 | Pastasallad/Kyckling kebab: 1 | Pastasallad/Kyckling mangocurry: 4 | Pastasallad/Ost & Skinka: 1 | Pastasallad/Räkor: 2 | Räkmacka Liten/Räkmacka liten: 1 | Räkstubbe/Räkstubbe: 1 | Sandwich/Bacon & Äggröra: 1 | Sandwich/Clubsandwich: 1 | Sandwich/Kyckling Curry: 1 | Sandwich/Kyckling Pestoröra: 1 | Sandwich/Räkor: 1 | Sandwich/Ägg & Avocadokräm: 1 | Varmrätt/Kyckling-och böngryta: 1 | Varmrätt/Kycklingspett med ris: 1 | Varmrätt/Teriyakibiff med ris: 1 | Varmrätt/Teriyakikycklingfile med basmatiris: 1 | Wraps/Caesar Kyckling: 3 | Wraps/Kyckling Bacon: 3 | Wraps/Kyckling Curry: 3 | Wraps/Sweet Chili: 4 | XL Frallor/Grovfralla Kalkon & Färskost: 1 | XL Frallor/Ost & Skinka: 1 | XL Frallor/Ost: 1
Stockholm N,ICA Supermarket Husby,Thursday,11,11~22,11,Baguette/Kycklingsallad Olivie: 1 | Baguette/Ost & Skinka: 1 | Baguette/Salami & Brieost: 1 | Pastasallad/Falafel: 1 | Pastasallad/Kyckling & Salladsost: 1 | Pastasallad/Kyckling kebab: 1 | Pastasallad/Kyckling mangocurry: 1 | Sandwich/Bacon & Äggröra: 1 | Sandwich/Kyckling Curry: 1 | Sandwich/Ägg & Avocadokräm: 1 | Wraps/Sweet Chili: 1
Stockholm N,Stora Coop Spånga,Thursday,13,5~22,11,Pastasallad/Kyckling & Salladsost: 1 | Pastasallad/Kyckling kebab: 1 | Pastasallad/Kyckling mangocurry: 2 | Pastasallad/Räkor: 1 | Varmrätt/Cevapcici med bulgur: 1 | Varmrätt/Kycklingspett med ris: 1 | Varmrätt/Teriyakikycklingfile med basmatiris: 1 | Wraps/Caesar Kyckling: 2 | Wraps/Kyckling Bacon: 1 | Wraps/Kyckling Curry: 1 | Wraps/Sweet Chili: 1
Stockholm Södra,Coop Centralen,Sunday,240,202~279,9,Baguette/Ost & Skinka: 25 | Baguette/Salami & Brieost: 31 | Glutenfri Frallor/Glutenfri Ost & Skinka(endast söndagsbeställning): 8 | Glutenfri Frallor/Glutenfri Pumpafralla Kalkon & Färskost(endast söndagsbeställning): 6 | Hönökaka/Ost & Salami: 40 | Hönökaka/Ost & Skinka: 43 | Hönökaka/Ost: 29 | XL Frallor/Grovfralla Kalkon & Färskost: 25 | XL Frallor/Ost & Skinka: 33
Stockholm Södra,Coop HÖTORGET,Sunday,123,97~154,31,Baguette/Kyckling Curry: 1 | Baguette/Ost & Skinka: 1 | Baguette/Salami & Brieost: 2 | Baguette/Skagen: 1 | Fralla/Ost & Skinka: 5 | Fralla/Ost: 4 | Glutenfri Frallor/Glutenfri Ost(endast söndagsbeställning): 2 | Glutenfri Frallor/Glutenfri Pumpafralla Kalkon & Färskost(endast söndagsbeställning): 1 | Hönökaka/Ost & Salami: 6 | Hönökaka/Ost & Skinka: 8 | Hönökaka/Ost: 8 | Pastasallad/Bacon & Kyckling: 2 | Pastasallad/Falafel: 3 | Pastasallad/Kyckling & Salladsost: 5 | Pastasallad/Kyckling kebab: 4 | Pastasallad/Kyckling mangocurry: 7 | Pastasallad/Ost & Skinka: 3 | Pastasallad/Räkor: 3 | Sandwich/Bacon & Äggröra: 2 | Sandwich/Clubsandwich: 3 | Sandwich/Kyckling Curry: 3 | Sandwich/Kyckling Pestoröra: 2 | Sandwich/Räkor: 3 | Sandwich/Ägg & Avocadokräm: 3 | Wraps/Caesar Kyckling: 8 | Wraps/Kyckling Bacon: 7 | Wraps/Kyckling Curry: 8 | Wraps/Sweet Chili: 7 | XL Frallor/Grovfralla Kalkon & Färskost: 2 | XL Frallor/Ost & Skinka: 5 | XL Frallor/Ost: 4
Stockholm Södra,Coop Odengatan,Sunday,113,88~153,33,Baguette/Kyckling Curry: 2 | Baguette/Ost & Skinka: 2 | Baguette/Salami & Brieost: 4 | Baguette/Skagen: 2 | Fralla/Ost & Skinka: 5 | Fralla/Ost: 4 | Glutenfri Frallor/Glutenfri Ost & Skinka(endast söndagsbeställning): 1 | Glutenfri Frallor/Glutenfri Ost(endast söndagsbeställning): 1 | Glutenfri Frallor/Glutenfri Pumpafralla Kalkon & Färskost(endast söndagsbeställning): 1 | Grönsallad/Kyckling: 3 | Hönökaka/Ost & Salami: 4 | Hönökaka/Ost & Skinka: 5 | Hönökaka/Ost: 4 | Pastasallad/Bacon & Kyckling: 4 | Pastasallad/Falafel: 2 | Pastasallad/Kyckling & Salladsost: 6 | Pastasallad/Kyckling kebab: 5 | Pastasallad/Kyckling mangocurry: 7 | Pastasallad/Ost & Skinka: 3 | Pastasallad/Räkor: 4 | Sandwich/Bacon & Äggröra: 1 | Sandwich/Clubsandwich: 2 | Sandwich/Kyckling Curry: 2 | Sandwich/Kyckling Pestoröra: 1 | Sandwich/Räkor: 2 | Sandwich/Ägg & Avocadokräm: 1 | Wraps/Caesar Kyckling: 7 | Wraps/Kyckling Bacon: 6 | Wraps/Kyckling Curry: 7 | Wraps/Sweet Chili: 6 | XL Frallor/Grovfralla Kalkon & Färskost: 3 | XL Frallor/Ost & Skinka: 4 | XL Frallor/Ost: 2
Stockholm Södra,Coop Odenplan,Sunday,48,36~70,23,Baguette/Ost & Skinka: 1 | Baguette/Salami & Brieost: 1 | Fralla/Ost & Skinka: 5 | Fralla/Ost: 4 | Glutenfri Frallor/Glutenfri Ost(endast söndagsbeställning): 1 | Glutenfri Frallor/Glutenfri Pumpafralla Kalkon & Färskost(endast söndagsbeställning): 1 | Hönökaka/Ost & Salami: 2 | Hönökaka/Ost & Skinka: 3 | Hönökaka/Ost: 2 | Sandwich/Bacon & Äggröra: 1 | Sandwich/Clubsandwich: 2 | Sandwich/Kyckling Curry: 1 | Varmrätt/Cevapcici med bulgur: 1 | Varmrätt/Kyckling-och böngryta: 1 | Varmrätt/Kycklingspett med ris: 1 | Varmrätt/Pannbiff med Basmatiris: 1 | Varmrätt/Teriyakikycklingfile med basmatiris: 1 | Wraps/Caesar Kyckling: 4 | Wraps/Kyckling Bacon: 3 | Wraps/Kyckling Curry: 4 | XL Frallor/Grovfralla Kalkon & Färskost: 2 | XL Frallor/Ost & Skinka: 4 | XL Frallor/Ost: 2
Stockholm Södra,Coop Renstierna,Sunday,72,54~104,29,Baguette/Ost & Skinka: 1 | Baguette/Salami & Brieost: 2 | Fralla/Ost & Skinka: 4 | Fralla/Ost: 2 | Glutenfri Frallor/Glutenfri Ost & Skinka(endast söndagsbeställning): 1 | Glutenfri Frallor/Glutenfri Pumpafralla Kalkon & Färskost(endast söndagsbeställning): 1 | Hönökaka/Ost & Salami: 2 | Hönökaka/Ost & Skinka: 4 | Hönökaka/Ost: 2 | Pastasallad/Bacon & Kyckling: 3 | Pastasallad/Falafel: 2 | Pastasallad/Kyckling & Salladsost: 5 | Pastasallad/Kyckling kebab: 4 | Pastasallad/Kyckling mangocurry: 7 | Pastasallad/Ost & Skinka: 2 | Pastasallad/Räkor: 3 | Sandwich/Bacon & Äggröra: 1 | Sandwich/Clubsandwich: 2 | Sandwich/Kyckling Curry: 2 | Sandwich/Kyckling Pestoröra: 2 | Sandwich/Räkor: 2 | Sandwich/Ägg & Avocadokräm: 1 | Wraps/Caesar Kyckling: 3 | Wraps/Kyckling Bacon: 2 | Wraps/Kyckling Curry: 4 | Wraps/Sweet Chili: 2 | XL Frallor/Grovfralla Kalkon & Färskost: 2 | XL Frallor/Ost & Skinka: 2 | XL Frallor/Ost: 2
Stockholm Södra,Coop Rådhuset,Sunday,84,62~114,33,Baguette/Kyckling Curry: 2 | Baguette/Kyckling Sweet Chili: 2 | Baguette/Ost & Skinka: 3 | Baguette/Salami & Brieost: 4 | Baguette/Skagen: 2 | Fralla/Ost & Skinka: 5 | Fralla/Ost: 3 | Glutenfri Frallor/Glutenfri Pumpafralla Kalkon & Färskost(endast söndagsbeställning): 1 | Grönsallad/Kyckling: 2 | Hönökaka/Ost & Salami: 5 | Hönökaka/Ost & Skinka: 5 | Hönökaka/Ost: 5 | Pastasallad/Bacon & Kyckling: 2 | Pastasallad/Falafel: 1 | Pastasallad/Kyckling & Salladsost: 3 | Pastasallad/Kyckling kebab: 3 | Pastasallad/Kyckling mangocurry: 5 | Pastasallad/Ost & Skinka: 1 | Pastasallad/Räkor: 1 | Sandwich/Clubsandwich: 2 | Sandwich/Kyckling Curry: 1 | Sandwich/Ägg & Avocadokräm: 1 | Varmrätt/Cevapcici med bulgur: 2 | Varmrätt/Kyckling-och böngryta: 2 | Varmrätt/Kycklingspett med ris: 1 | Varmrätt/Teriyakikycklingfile med basmatiris: 2 | Wraps/Caesar Kyckling: 3 | Wraps/Kyckling Bacon: 2 | Wraps/Kyckling Curry: 3 | Wraps/Sweet Chili: 3 | XL Frallor/Grovfralla Kalkon & Färskost: 2 | XL Frallor/Ost & Skinka: 3 | XL Frallor/Ost: 2
Stockholm Södra,Coop Sveavägen,Sunday,117,92~153,31,Baguette/Kyckling Curry: 2 | Baguette/Ost & Skinka: 5 | Baguette/Salami & Brieost: 7 | Baguette/Skagen: 2 | Fralla/Ost & Skinka: 9 | Fralla/Ost: 6 | Glutenfri Frallor/Glutenfri Ost(endast söndagsbeställning): 1 | Glutenfri Frallor/Glutenfri Pumpafralla Kalkon & Färskost(endast söndagsbeställning): 1 | Hönökaka/Ost & Salami: 10 | Hönökaka/Ost & Skinka: 10 | Hönökaka/Ost: 9 | Pastasallad/Bacon & Kyckling: 1 | Pastasallad/Falafel: 2 | Pastasallad/Kyckling & Salladsost: 3 | Pastasallad/Kyckling kebab: 3 | Pastasallad/Kyckling mangocurry: 7 | Pastasallad/Ost & Skinka: 1 | Pastasallad/Räkor: 3 | Sandwich/Bacon & Äggröra: 1 | Sandwich/Clubsandwich: 2 | Sandwich/Kyckling Curry: 2 | Sandwich/Kyckling Pestoröra: 1 | Sandwich/Räkor: 1 | Sandwich/Ägg & Avocadokräm: 2 | Wraps/Caesar Kyckling: 3 | Wraps/Kyckling Bacon: 1 | Wraps/Kyckling Curry: 4 | Wraps/Sweet Chili: 1 | XL Frallor/Grovfralla Kalkon & Färskost: 6 | XL Frallor/Ost & Skinka: 6 | XL Frallor/Ost: 5
Stockholm Södra,Coop Tomtebogatan,Sunday,38,31~53,20,Baguette/Salami & Brieost: 2 | Fralla/Ost & Skinka: 4 | Fralla/Ost: 2 | Hönökaka/Ost & Salami: 2 | Hönökaka/Ost & Skinka: 3 | Hönökaka/Ost: 2 | Pastasallad/Bacon & Kyckling: 1 | Pastasallad/Falafel: 1 | Pastasallad/Kyckling & Salladsost: 3 | Pastasallad/Kyckling kebab: 2 | Pastasallad/Kyckling mangocurry: 4 | Pastasallad/Ost & Skinka: 1 | Pastasallad/Räkor: 2 | Sandwich/Bacon & Äggröra: 1 | Sandwich/Clubsandwich: 1 | Sandwich/Kyckling Curry: 1 | Wraps/Caesar Kyckling: 2 | Wraps/Kyckling Bacon: 1 | Wraps/Kyckling Curry: 2 | Wraps/Sweet Chili: 1
Stockholm Södra,Coop Zinkensdamm,Sunday,65,48~88,25,Baguette/Ost & Skinka: 2 | Baguette/Salami & Brieost: 3 | Fralla/Ost & Skinka: 6 | Fralla/Ost: 4 | Glutenfri Frallor/Glutenfri Ost & Skinka(endast söndagsbeställning): 2 | Glutenfri Frallor/Glutenfri Pumpafralla Kalkon & Färskost(endast söndagsbeställning): 2 | Hönökaka/Ost & Salami: 6 | Hönökaka/Ost & Skinka: 6 | Hönökaka/Ost: 6 | Pastasallad/Bacon & Kyckling: 1 | Pastasallad/Falafel: 1 | Pastasallad/Kyckling & Salladsost: 2 | Pastasallad/Kyckling kebab: 2 | Pastasallad/Kyckling mangocurry: 4 | Pastasallad/Ost & Skinka: 1 | Pastasallad/Räkor: 1 | Sandwich/Clubsandwich: 1 | Sandwich/Kyckling Curry: 1 | Wraps/Caesar Kyckling: 2 | Wraps/Kyckling Bacon: 1 | Wraps/Kyckling Curry: 2 | Wraps/Sweet Chili: 2 | XL Frallor/Grovfralla Kalkon & Färskost: 2 | XL Frallor/Ost & Skinka: 3 | XL Frallor/Ost: 2
Stockholm Södra,Hemköp Matpressen,Sunday,109,86~147,31,Baguette/Kyckling Curry: 2 | Baguette/Kyckling Sweet Chili: 2 | Baguette/Ost & Skinka: 2 | Baguette/Salami & Brieost: 5 | Baguette/Skagen: 2 | Fralla/Ost & Skinka: 6 | Fralla/Ost: 5 | Glutenfri Frallor/Glutenfri Pumpafralla Kalkon & Färskost(endast söndagsbeställning): 2 | Grönsallad/Kyckling: 3 | Hönökaka/Ost & Salami: 7 | Hönökaka/Ost & Skinka: 6 | Hönökaka/Ost: 6 | Pastasallad/Bacon & Kyckling: 2 | Pastasallad/Falafel: 3 | Pastasallad/Kyckling & Salladsost: 5 | Pastasallad/Kyckling kebab: 4 | Pastasallad/Kyckling mangocurry: 7 | Pastasallad/Ost & Skinka: 2 | Pastasallad/Räkor: 3 | Sandwich/Bacon & Äggröra: 2 | Sandwich/Clubsandwich: 2 | Sandwich/Kyckling Curry: 3 | Sandwich/Räkor: 2 | Sandwich/Ägg & Avocadokräm: 2 | Wraps/Caesar Kyckling: 4 | Wraps/Kyckling Bacon: 3 | Wraps/Kyckling Curry: 4 | Wraps/Sweet Chili: 3 | XL Frallor/Grovfralla Kalkon & Färskost: 4 | XL Frallor/Ost & Skinka: 4 | XL Frallor/Ost: 2
Stockholm Södra,ICA Birkahallen,Sunday,32,24~51,21,Baguette/Salami & Brieost: 1 | Fralla/Ost & Skinka: 1 | Fralla/Ost: 1 | Hönökaka/Ost & Salami: 1 | Hönökaka/Ost & Skinka: 2 | Hönökaka/Ost: 1 | Pastasallad/Bacon & Kyckling: 1 | Pastasallad/Falafel: 1 | Pastasallad/Kyckling & Salladsost: 4 | Pastasallad/Kyckling kebab: 2 | Pastasallad/Kyckling mangocurry: 5 | Pastasallad/Ost & Skinka: 1 | Pastasallad/Räkor: 1 | Sandwich/Kyckling Curry: 1 | Sandwich/Ägg & Avocadokräm: 1 | Wraps/Caesar Kyckling: 2 | Wraps/Kyckling Bacon: 1 | Wraps/Kyckling Curry: 2 | Wraps/Sweet Chili: 1 | XL Frallor/Grovfralla Kalkon & Färskost: 1 | XL Frallor/Ost & Skinka: 1
Stockholm Södra,ICA Fridhemsplan,Sunday,76,53~102,32,Baguette/Salami & Brieost: 2 | Baguette/Skagen: 2 | Fralla/Ost & Skinka: 4 | Fralla/Ost: 3 | Glutenfri Frallor/Glutenfri Ost & Skinka(endast söndagsbeställning): 1 | Glutenfri Frallor/Glutenfri Pumpafralla Kalkon & Färskost(endast söndagsbeställning): 1 | Hönökaka/Ost & Salami: 4 | Hönökaka/Ost & Skinka: 4 | Hönökaka/Ost: 3 | Pastasallad/Bacon & Kyckling: 2 | Pastasallad/Falafel: 1 | Pastasallad/Kyckling & Salladsost: 4 | Pastasallad/Kyckling kebab: 2 | Pastasallad/Kyckling mangocurry: 5 | Pastasallad/Ost & Skinka: 2 | Pastasallad/Räkor: 2 | Räkmacka Liten/Räkmacka liten: 6 | Sandwich/Bacon & Äggröra: 1 | Sandwich/Clubsandwich: 1 | Sandwich/Kyckling Curry: 2 | Sandwich/Ägg & Avocadokräm: 1 | Varmrätt/Cevapcici med bulgur: 1 | Varmrätt/Kyckling-och böngryta: 1 | Varmrätt/Kycklingspett med ris: 1 | Varmrätt/Teriyakikycklingfile med basmatiris: 1 | Wraps/Caesar Kyckling: 2 | Wraps/Kyckling Bacon: 2 | Wraps/Kyckling Curry: 2 | Wraps/Sweet Chili: 2 | XL Frallor/Grovfralla Kalkon & Färskost: 4 | XL Frallor/Ost & Skinka: 4 | XL Frallor/Ost: 3
Stockholm Södra,ICA Högalid,Sunday,60,49~84,30,Baguette/Kyckling Curry: 1 | Baguette/Kyckling Sweet Chili: 1 | Baguette/Ost & Skinka: 2 | Baguette/Salami & Brieost: 2 | Baguette/Skagen: 1 | Fralla/Ost & Skinka: 3 | Fralla/Ost: 2 | Glutenfri Frallor/Glutenfri Ost & Skinka(endast söndagsbeställning): 1 | Hönökaka/Ost & Salami: 2 | Hönökaka/Ost & Skinka: 2 | Hönökaka/Ost: 2 | Pastasallad/Bacon & Kyckling: 1 | Pastasallad/Falafel: 1 | Pastasallad/Kyckling & Salladsost: 3 | Pastasallad/Kyckling kebab: 1 | Pastasallad/Kyckling mangocurry: 4 | Pastasallad/Räkor: 2 | Sandwich/Bacon & Äggröra: 1 | Sandwich/Clubsandwich: 1 | Sandwich/Kyckling Curry: 2 | Sandwich/Kyckling Pestoröra: 1 | Sandwich/Räkor: 1 | Sandwich/Ägg & Avocadokräm: 1 | Wraps/Caesar Kyckling: 5 | Wraps/Kyckling Bacon: 4 | Wraps/Kyckling Curry: 5 | Wraps/Sweet Chili: 4 | XL Frallor/Grovfralla Kalkon & Färskost: 1 | XL Frallor/Ost & Skinka: 2 | XL Frallor/Ost: 1
Stockholm Södra,ICA Mathörnan,Sunday,44,29~68,23,Baguette/Salami & Brieost: 2 | Fralla/Ost & Skinka: 3 | Fralla/Ost: 2 | Hönökaka/Ost & Salami: 2 | Hönökaka/Ost & Skinka: 3 | Hönökaka/Ost: 2 | Pastasallad/Kyckling & Salladsost: 2 | Pastasallad/Kyckling kebab: 1 | Pastasallad/Kyckling mangocurry: 4 | Pastasallad/Räkor: 1 | Sandwich/Bacon & Äggröra: 1 | Sandwich/Clubsandwich: 2 | Sandwich/Kyckling Curry: 2 | Sandwich/Kyckling Pestoröra: 1 | Sandwich/Räkor: 1 | Sandwich/Ägg & Avocadokräm: 2 | Wraps/Caesar Kyckling: 2 | Wraps/Kyckling Bacon: 1 | Wraps/Kyckling Curry: 2 | Wraps/Sweet Chili: 2 | XL Frallor/Grovfralla Kalkon & Färskost: 2 | XL Frallor/Ost & Skinka: 2 | XL Frallor/Ost: 2
Stockholm Södra,ICA Sergelstorg,Sunday,159,134~194,22,Baguette/Salami & Brieost: 5 | Fralla/Ost & Skinka: 11 | Fralla/Ost: 6 | Glutenfri Frallor/Glutenfri Ost & Skinka(endast söndagsbeställning): 1 | Glutenfri Frallor/Glutenfri Pumpafralla Kalkon & Färskost(endast söndagsbeställning): 1 | Hönökaka/Ost & Salami: 18 | Hönökaka/Ost & Skinka: 26 | Hönökaka/Ost: 25 | Pastasallad/Bacon & Kyckling: 2 | Pastasallad/Falafel: 2 | Pastasallad/Kyckling & Salladsost: 4 | Pastasallad/Kyckling kebab: 3 | Pastasallad/Kyckling mangocurry: 7 | Pastasallad/Ost & Skinka: 2 | Pastasallad/Räkor: 2 | Sandwich/Clubsandwich: 2 | Sandwich/Kyckling Curry: 6 | Sandwich/Kyckling Pestoröra: 3 | Sandwich/Räkor: 4 | XL Frallor/Grovfralla Kalkon & Färskost: 10 | XL Frallor/Ost & Skinka: 11 | XL Frallor/Ost: 8
Stockholm Södra,ICA Södra Station,Sunday,103,81~135,33,Baguette/Kyckling Curry: 1 | Baguette/Kyckling Sweet Chili: 2 | Baguette/Ost & Skinka: 2 | Baguette/Salami & Brieost: 2 | Baguette/Skagen: 2 | Fralla/Ost & Skinka: 6 | Fralla/Ost: 4 | Glutenfri Frallor/Glutenfri Ost & Skinka(endast söndagsbeställning): 2 | Glutenfri Frallor/Glutenfri Ost(endast söndagsbeställning): 1 | Glutenfri Frallor/Glutenfri Pumpafralla Kalkon & Färskost(endast söndagsbeställning): 1 | Grönsallad/Kyckling: 2 | Hönökaka/Ost & Salami: 4 | Hönökaka/Ost & Skinka: 5 | Hönökaka/Ost: 5 | Pastasallad/Bacon & Kyckling: 2 | Pastasallad/Falafel: 2 | Pastasallad/Kyckling & Salladsost: 4 | Pastasallad/Kyckling kebab: 2 | Pastasallad/Kyckling mangocurry: 6 | Pastasallad/Ost & Skinka: 2 | Pastasallad/Räkor: 2 | Sandwich/Bacon & Äggröra: 6 | Sandwich/Clubsandwich: 2 | Sandwich/Kyckling Curry: 3 | Sandwich/Kyckling Pestoröra: 2 | Sandwich/Räkor: 2 | Wraps/Caesar Kyckling: 4 | Wraps/Kyckling Bacon: 4 | Wraps/Kyckling Curry: 6 | Wraps/Sweet Chili: 4 | XL Frallor/Grovfralla Kalkon & Färskost: 4 | XL Frallor/Ost & Skinka: 4 | XL Frallor/Ost: 3
Stockholm Södra,Myway Södra Station,Sunday,83,64~110,23,Baguette/Kyckling Sweet Chili: 1 | Baguette/Ost & Skinka: 2 | Baguette/Salami & Brieost: 3 | Fralla/Ost & Skinka: 7 | Fralla/Ost: 6 | Glutenfri Frallor/Glutenfri Ost & Skinka(endast söndagsbeställning): 2 | Glutenfri Frallor/Glutenfri Pumpafralla Kalkon & Färskost(endast söndagsbeställning): 1 | Hönökaka/Ost & Salami: 10 | Hönökaka/Ost & Skinka: 9 | Hönökaka/Ost: 9 | Sandwich/Bacon & Äggröra: 2 | Sandwich/Clubsandwich: 2 | Sandwich/Kyckling Curry: 3 | Sandwich/Kyckling Pestoröra: 2 | Sandwich/Räkor: 2 | Sandwich/Ägg & Avocadokräm: 2 | Wraps/Caesar Kyckling: 3 | Wraps/Kyckling Bacon: 2 | Wraps/Kyckling Curry: 3 | Wraps/Sweet Chili: 2 | XL Frallor/Grovfralla Kalkon & Färskost: 3 | XL Frallor/Ost & Skinka: 4 | XL Frallor/Ost: 3
Stockholm Södra,Coop Hagastaden,Monday,49,34~69,13,Baguette/Kyckling Sweet Chili: 1 | Baguette/Salami & Brieost: 2 | Fralla/Ost & Skinka: 6 | Fralla/Ost: 5 | Grönsallad/Kyckling: 2 | Hönökaka/Ost & Salami: 6 | Hönökaka/Ost & Skinka: 6 | Hönökaka/Ost: 6 | Räkmacka Liten/Räkmacka liten: 3 | Wraps/Kyckling Curry: 6 | XL Frallor/Grovfralla Kalkon & Färskost: 2 | XL Frallor/Ost & Skinka: 2 | XL Frallor/Ost: 2
Stockholm Södra,Coop HÖTORGET,Monday,80,65~102,31,Baguette/Kyckling Curry: 1 | Baguette/Ost & Skinka: 1 | Baguette/Salami & Brieost: 1 | Baguette/Skagen: 1 | Fralla/Ost & Skinka: 4 | Fralla/Ost: 2 | Glutenfri Frallor/Glutenfri Ost(endast söndagsbeställning): 1 | Glutenfri Frallor/Glutenfri Pumpafralla Kalkon & Färskost(endast söndagsbeställning): 1 | Hönökaka/Ost & Salami: 4 | Hönökaka/Ost & Skinka: 6 | Hönökaka/Ost: 6 | Pastasallad/Bacon & Kyckling: 1 | Pastasallad/Falafel: 2 | Pastasallad/Kyckling & Salladsost: 3 | Pastasallad/Kyckling kebab: 2 | Pastasallad/Kyckling mangocurry: 5 | Pastasallad/Ost & Skinka: 2 | Pastasallad/Räkor: 2 | Sandwich/Bacon & Äggröra: 1 | Sandwich/Clubsandwich: 2 | Sandwich/Kyckling Curry: 2 | Sandwich/Kyckling Pestoröra: 1 | Sandwich/Räkor: 2 | Sandwich/Ägg & Avocadokräm: 2 | Wraps/Caesar Kyckling: 5 | Wraps/Kyckling Bacon: 5 | Wraps/Kyckling Curry: 5 | Wraps/Sweet Chili: 4 | XL Frallor/Grovfralla Kalkon & Färskost: 1 | XL Frallor/Ost & Skinka: 3 | XL Frallor/Ost: 2
Stockholm Södra,Coop Medborgarplatsen,Monday,27,22~47,20,Baguette/Ost & Skinka: 1 | Baguette/Salami & Brieost: 1 | Fralla/Ost & Skinka: 3 | Fralla/Ost: 2 | Hönökaka/Ost & Salami: 1 | Hönökaka/Ost & Skinka: 2 | Hönökaka/Ost: 2 | Pastasallad/Kyckling mangocurry: 2 | Sandwich/Clubsandwich: 1 | Sandwich/Kyckling Curry: 1 | Varmrätt/Cevapcici med bulgur: 1 | Varmrätt/Falafel med bulgur: 1 | Varmrätt/Kyckling-och böngryta: 1 | Varmrätt/Kycklingpestosallad: 1 | Varmrätt/Teriyakikycklingfile med basmatiris: 1 | Wraps/Caesar Kyckling: 1 | Wraps/Kyckling Curry: 2 | XL Frallor/Grovfralla Kalkon & Färskost: 1 | XL Frallor/Ost & Skinka: 1 | XL Frallor/Ost: 1
Stockholm Södra,Coop Nytorgsgatan,Monday,51,35~76,24,Baguette/Kyckling Sweet Chili: 2 | Baguette/Salami & Brieost: 2 | Fralla/Ost & Skinka: 4 | Fralla/Ost: 2 | Hönökaka/Ost & Salami: 2 | Hönökaka/Ost & Skinka: 2 | Hönökaka/Ost: 2 | Pastasallad/Bacon & Kyckling: 1 | Pastasallad/Falafel: 2 | Pastasallad/Kyckling & Salladsost: 2 | Pastasallad/Kyckling kebab: 2 | Pastasallad/Kyckling mangocurry: 4 | Pastasallad/Räkor: 2 | Sandwich/Clubsandwich: 2 | Sandwich/Kyckling Curry: 2 | Sandwich/Kyckling Pestoröra: 2 | Sandwich/Räkor: 2 | Wraps/Caesar Kyckling: 2 | Wraps/Kyckling Bacon: 2 | Wraps/Kyckling Curry: 2 | Wraps/Sweet Chili: 2 | XL Frallor/Grovfralla Kalkon & Färskost: 2 | XL Frallor/Ost & Skinka: 2 | XL Frallor/Ost: 2
Stockholm Södra,Coop Sveavägen,Monday,56,46~69,29,Baguette/Kyckling Curry: 1 | Baguette/Ost & Skinka: 2 | Baguette/Salami & Brieost: 3 | Baguette/Skagen: 1 | Fralla/Ost & Skinka: 4 | Fralla/Ost: 3 | Glutenfri Frallor/Glutenfri Ost(endast söndagsbeställning): 1 | Glutenfri Frallor/Glutenfri Pumpafralla Kalkon & Färskost(endast söndagsbeställning): 1 | Hönökaka/Ost & Salami: 4 | Hönökaka/Ost & Skinka: 5 | Hönökaka/Ost: 4 | Pastasallad/Falafel: 1 | Pastasallad/Kyckling & Salladsost: 2 | Pastasallad/Kyckling kebab: 1 | Pastasallad/Kyckling mangocurry: 3 | Pastasallad/Ost & Skinka: 1 | Pastasallad/Räkor: 1 | Sandwich/Bacon & Äggröra: 1 | Sandwich/Clubsandwich: 1 | Sandwich/Kyckling Curry: 1 | Sandwich/Räkor: 1 | Sandwich/Ägg & Avocadokräm: 1 | Wraps/Caesar Kyckling: 1 | Wraps/Kyckling Bacon: 1 | Wraps/Kyckling Curry: 2 | Wraps/Sweet Chili: 1 | XL Frallor/Grovfralla Kalkon & Färskost: 3 | XL Frallor/Ost & Skinka: 3 | XL Frallor/Ost: 2
Stockholm Södra,Coop grindsgatan,Monday,12,9~23,11,Baguette/Salami & Brieost: 1 | Fralla/Ost & Skinka: 1 | Fralla/Ost: 1 | Hönökaka/Ost & Salami: 1 | Hönökaka/Ost & Skinka: 1 | Hönökaka/Ost: 1 | Pastasallad/Kyckling & Salladsost: 1 | Pastasallad/Kyckling kebab: 1 | Pastasallad/Kyckling mangocurry: 2 | Sandwich/Clubsandwich: 1 | Sandwich/Kyckling Curry: 1
Stockholm Södra,ICA Högalid,Monday,41,26~49,29,Baguette/Kyckling Sweet Chili: 1 | Baguette/Ost & Skinka: 1 | Baguette/Salami & Brieost: 1 | Baguette/Skagen: 1 | Fralla/Ost & Skinka: 2 | Fralla/Ost: 2 | Glutenfri Frallor/Glutenfri Ost & Skinka(endast söndagsbeställning): 1 | Hönökaka/Ost & Salami: 1 | Hönökaka/Ost & Skinka: 1 | Hönökaka/Ost: 1 | Pastasallad/Bacon & Kyckling: 1 | Pastasallad/Falafel: 1 | Pastasallad/Kyckling & Salladsost: 2 | Pastasallad/Kyckling kebab: 1 | Pastasallad/Kyckling mangocurry: 2 | Pastasallad/Räkor: 1 | Sandwich/Bacon & Äggröra: 1 | Sandwich/Clubsandwich: 1 | Sandwich/Kyckling Curry: 1 | Sandwich/Kyckling Pestoröra: 1 | Sandwich/Räkor: 1 | Sandwich/Ägg & Avocadokräm: 1 | Wraps/Caesar Kyckling: 3 | Wraps/Kyckling Bacon: 2 | Wraps/Kyckling Curry: 3 | Wraps/Sweet Chili: 3 | XL Frallor/Grovfralla Kalkon & Färskost: 1 | XL Frallor/Ost & Skinka: 2 | XL Frallor/Ost: 1
Stockholm Södra,ICA Sergelstorg,Monday,133,108~160,22,Baguette/Salami & Brieost: 4 | Fralla/Ost & Skinka: 9 | Fralla/Ost: 5 | Glutenfri Frallor/Glutenfri Ost & Skinka(endast söndagsbeställning): 1 | Glutenfri Frallor/Glutenfri Pumpafralla Kalkon & Färskost(endast söndagsbeställning): 1 | Hönökaka/Ost & Salami: 15 | Hönökaka/Ost & Skinka: 21 | Hönökaka/Ost: 21 | Pastasallad/Bacon & Kyckling: 2 | Pastasallad/Falafel: 1 | Pastasallad/Kyckling & Salladsost: 4 | Pastasallad/Kyckling kebab: 3 | Pastasallad/Kyckling mangocurry: 6 | Pastasallad/Ost & Skinka: 2 | Pastasallad/Räkor: 2 | Sandwich/Clubsandwich: 2 | Sandwich/Kyckling Curry: 5 | Sandwich/Kyckling Pestoröra: 2 | Sandwich/Räkor: 3 | XL Frallor/Grovfralla Kalkon & Färskost: 8 | XL Frallor/Ost & Skinka: 9 | XL Frallor/Ost: 7
Stockholm Södra,Odicho Livs,Monday,12,5~26,7,Fralla/Ost & Skinka: 2 | Hönökaka/Ost & Salami: 1 | Hönökaka/Ost & Skinka: 1 | Pastasallad/Kyckling & Salladsost: 1 | Pastasallad/Kyckling mangocurry: 3 | Wraps/Kyckling Curry: 2 | XL Frallor/Grovfralla Kalkon & Färskost: 2
Stockholm Södra,Coop Centralen,Tuesday,211,179~245,9,Baguette/Ost & Skinka: 22 | Baguette/Salami & Brieost: 27 | Glutenfri Frallor/Glutenfri Ost & Skinka(endast söndagsbeställning): 7 | Glutenfri Frallor/Glutenfri Pumpafralla Kalkon & Färskost(endast söndagsbeställning): 5 | Hönökaka/Ost & Salami: 35 | Hönökaka/Ost & Skinka: 38 | Hönökaka/Ost: 26 | XL Frallor/Grovfralla Kalkon & Färskost: 22 | XL Frallor/Ost & Skinka: 29
Stockholm Södra,Coop HÖTORGET,Tuesday,68,55~84,31,Baguette/Kyckling Curry: 1 | Baguette/Ost & Skinka: 1 | Baguette/Salami & Brieost: 1 | Baguette/Skagen: 1 | Fralla/Ost & Skinka: 3 | Fralla/Ost: 2 | Glutenfri Frallor/Glutenfri Ost(endast söndagsbeställning): 1 | Glutenfri Frallor/Glutenfri Pumpafralla Kalkon & Färskost(endast söndagsbeställning): 1 | Hönökaka/Ost & Salami: 3 | Hönökaka/Ost & Skinka: 5 | Hönökaka/Ost: 5 | Pastasallad/Bacon & Kyckling: 1 | Pastasallad/Falafel: 1 | Pastasallad/Kyckling & Salladsost: 3 | Pastasallad/Kyckling kebab: 2 | Pastasallad/Kyckling mangocurry: 4 | Pastasallad/Ost & Skinka: 1 | Pastasallad/Räkor: 2 | Sandwich/Bacon & Äggröra: 1 | Sandwich/Clubsandwich: 2 | Sandwich/Kyckling Curry: 2 | Sandwich/Kyckling Pestoröra: 1 | Sandwich/Räkor: 1 | Sandwich/Ägg & Avocadokräm: 1 | Wraps/Caesar Kyckling: 4 | Wraps/Kyckling Bacon: 4 | Wraps/Kyckling Curry: 4 | Wraps/Sweet Chili: 4 | XL Frallor/Grovfralla Kalkon & Färskost: 1 | XL Frallor/Ost & Skinka: 3 | XL Frallor/Ost: 2
Stockholm Södra,Coop Medborgarplatsen,Tuesday,20,6~22,19,Baguette/Salami & Brieost: 1 | Fralla/Ost & Skinka: 2 | Fralla/Ost: 1 | Hönökaka/Ost & Salami: 1 | Hönökaka/Ost & Skinka: 1 | Hönökaka/Ost: 1 | Pastasallad/Kyckling mangocurry: 1 | Sandwich/Clubsandwich: 1 | Sandwich/Kyckling Curry: 1 | Varmrätt/Cevapcici med bulgur: 1 | Varmrätt/Falafel med bulgur: 1 | Varmrätt/Kyckling-och böngryta: 1 | Varmrätt/Kycklingpestosallad: 1 | Varmrätt/Teriyakikycklingfile med basmatiris: 1 | Wraps/Caesar Kyckling: 1 | Wraps/Kyckling Curry: 1 | XL Frallor/Grovfralla Kalkon & Färskost: 1 | XL Frallor/Ost & Skinka: 1 | XL Frallor/Ost: 1
Stockholm Södra,Coop Odengatan,Tuesday,76,60~102,33,Baguette/Kyckling Curry: 1 | Baguette/Ost & Skinka: 2 | Baguette/Salami & Brieost: 2 | Baguette/Skagen: 2 | Fralla/Ost & Skinka: 3 | Fralla/Ost: 3 | Glutenfri Frallor/Glutenfri Ost & Skinka(endast söndagsbeställning): 1 | Glutenfri Frallor/Glutenfri Ost(endast söndagsbeställning): 1 | Glutenfri Frallor/Glutenfri Pumpafralla Kalkon & Färskost(endast söndagsbeställning): 1 | Grönsallad/Kyckling: 2 | Hönökaka/Ost & Salami: 2 | Hönökaka/Ost & Skinka: 3 | Hönökaka/Ost: 2 | Pastasallad/Bacon & Kyckling: 3 | Pastasallad/Falafel: 2 | Pastasallad/Kyckling & Salladsost: 4 | Pastasallad/Kyckling kebab: 3 | Pastasallad/Kyckling mangocurry: 5 | Pastasallad/Ost & Skinka: 2 | Pastasallad/Räkor: 2 | Sandwich/Bacon & Äggröra: 1 | Sandwich/Clubsandwich: 1 | Sandwich/Kyckling Curry: 1 | Sandwich/Kyckling Pestoröra: 1 | Sandwich/Räkor: 1 | Sandwich/Ägg & Avocadokräm: 1 | Wraps/Caesar Kyckling: 5 | Wraps/Kyckling Bacon: 4 | Wraps/Kyckling Curry: 5 | Wraps/Sweet Chili: 4 | XL Frallor/Grovfralla Kalkon & Färskost: 2 | XL Frallor/Ost & Skinka: 2 | XL Frallor/Ost: 2
Stockholm Södra,Coop Odenplan,Tuesday,43,34~63,23,Baguette/Ost & Skinka: 1 | Baguette/Salami & Brieost: 1 | Fralla/Ost & Skinka: 4 | Fralla/Ost: 4 | Glutenfri Frallor/Glutenfri Ost(endast söndagsbeställning): 1 | Glutenfri Frallor/Glutenfri Pumpafralla Kalkon & Färskost(endast söndagsbeställning): 1 | Hönökaka/Ost & Salami: 2 | Hönökaka/Ost & Skinka: 3 | Hönökaka/Ost: 2 | Sandwich/Bacon & Äggröra: 1 | Sandwich/Clubsandwich: 1 | Sandwich/Kyckling Curry: 1 | Varmrätt/Cevapcici med bulgur: 1 | Varmrätt/Kyckling-och böngryta: 1 | Varmrätt/Kycklingspett med ris: 1 | Varmrätt/Pannbiff med Basmatiris: 1 | Varmrätt/Teriyakikycklingfile med basmatiris: 1 | Wraps/Caesar Kyckling: 3 | Wraps/Kyckling Bacon: 3 | Wraps/Kyckling Curry: 3 | XL Frallor/Grovfralla Kalkon & Färskost: 2 | XL Frallor/Ost & Skinka: 3 | XL Frallor/Ost: 2
Stockholm Södra,Coop Renstierna,Tuesday,45,36~66,29,Baguette/Ost & Skinka: 1 | Baguette/Salami & Brieost: 1 | Fralla/Ost & Skinka: 3 | Fralla/Ost: 1 | Glutenfri Frallor/Glutenfri Ost & Skinka(endast söndagsbeställning): 1 | Glutenfri Frallor/Glutenfri Pumpafralla Kalkon & Färskost(endast söndagsbeställning): 1 | Hönökaka/Ost & Salami: 1 | Hönökaka/Ost & Skinka: 2 | Hönökaka/Ost: 1 | Pastasallad/Bacon & Kyckling: 2 | Pastasallad/Falafel: 1 | Pastasallad/Kyckling & Salladsost: 4 | Pastasallad/Kyckling kebab: 2 | Pastasallad/Kyckling mangocurry: 5 | Pastasallad/Ost & Skinka: 1 | Pastasallad/Räkor: 2 | Sandwich/Bacon & Äggröra: 1 | Sandwich/Clubsandwich: 1 | Sandwich/Kyckling Curry: 1 | Sandwich/Kyckling Pestoröra: 1 | Sandwich/Räkor: 1 | Sandwich/Ägg & Avocadokräm: 1 | Wraps/Caesar Kyckling: 2 | Wraps/Kyckling Bacon: 1 | Wraps/Kyckling Curry: 3 | Wraps/Sweet Chili: 1 | XL Frallor/Grovfralla Kalkon & Färskost: 1 | XL Frallor/Ost & Skinka: 1 | XL Frallor/Ost: 1
Stockholm Södra,Coop Rådhuset,Tuesday,72,54~104,33,Baguette/Kyckling Curry: 1 | Baguette/Kyckling Sweet Chili: 1 | Baguette/Ost & Skinka: 3 | Baguette/Salami & Brieost: 4 | Baguette/Skagen: 2 | Fralla/Ost & Skinka: 4 | Fralla/Ost: 3 | Glutenfri Frallor/Glutenfri Pumpafralla Kalkon & Färskost(endast söndagsbeställning): 1 | Grönsallad/Kyckling: 1 | Hönökaka/Ost & Salami: 5 | Hönökaka/Ost & Skinka: 5 | Hönökaka/Ost: 4 | Pastasallad/Bacon & Kyckling: 1 | Pastasallad/Falafel: 1 | Pastasallad/Kyckling & Salladsost: 3 | Pastasallad/Kyckling kebab: 3 | Pastasallad/Kyckling mangocurry: 4 | Pastasallad/Ost & Skinka: 1 | Pastasallad/Räkor: 1 | Sandwich/Clubsandwich: 1 | Sandwich/Kyckling Curry: 1 | Sandwich/Ägg & Avocadokräm: 1 | Varmrätt/Cevapcici med bulgur: 1 | Varmrätt/Kyckling-och böngryta: 1 | Varmrätt/Kycklingspett med ris: 1 | Varmrätt/Teriyakikycklingfile med basmatiris: 1 | Wraps/Caesar Kyckling: 3 | Wraps/Kyckling Bacon: 1 | Wraps/Kyckling Curry: 3 | Wraps/Sweet Chili: 3 | XL Frallor/Grovfralla Kalkon & Färskost: 2 | XL Frallor/Ost & Skinka: 3 | XL Frallor/Ost: 2
Stockholm Södra,Coop Sveavägen,Tuesday,50,37~60,26,Baguette/Kyckling Curry: 1 | Baguette/Ost & Skinka: 2 | Baguette/Salami & Brieost: 3 | Baguette/Skagen: 1 | Fralla/Ost & Skinka: 4 | Fralla/Ost: 3 | Glutenfri Frallor/Glutenfri Ost(endast söndagsbeställning): 1 | Hönökaka/Ost & Salami: 4 | Hönökaka/Ost & Skinka: 4 | Hönökaka/Ost: 4 | Pastasallad/Falafel: 1 | Pastasallad/Kyckling & Salladsost: 1 | Pastasallad/Kyckling kebab: 1 | Pastasallad/Kyckling mangocurry: 3 | Pastasallad/Räkor: 1 | Sandwich/Bacon & Äggröra: 1 | Sandwich/Clubsandwich: 1 | Sandwich/Kyckling Curry: 1 | Sandwich/Räkor: 1 | Sandwich/Ägg & Avocadokräm: 1 | Wraps/Caesar Kyckling: 1 | Wraps/Kyckling Bacon: 1 | Wraps/Kyckling Curry: 2 | XL Frallor/Grovfralla Kalkon & Färskost: 2 | XL Frallor/Ost & Skinka: 3 | XL Frallor/Ost: 2
Stockholm Södra,Coop Tomtebogatan,Tuesday,40,32~56,20,Baguette/Salami & Brieost: 2 | Fralla/Ost & Skinka: 4 | Fralla/Ost: 2 | Hönökaka/Ost & Salami: 2 | Hönökaka/Ost & Skinka: 3 | Hönökaka/Ost: 2 | Pastasallad/Bacon & Kyckling: 1 | Pastasallad/Falafel: 1 | Pastasallad/Kyckling & Salladsost: 4 | Pastasallad/Kyckling kebab: 2 | Pastasallad/Kyckling mangocurry: 5 | Pastasallad/Ost & Skinka: 1 | Pastasallad/Räkor: 2 | Sandwich/Bacon & Äggröra: 1 | Sandwich/Clubsandwich: 1 | Sandwich/Kyckling Curry: 1 | Wraps/Caesar Kyckling: 2 | Wraps/Kyckling Bacon: 1 | Wraps/Kyckling Curry: 2 | Wraps/Sweet Chili: 1
Stockholm Södra,Coop Zinkensdamm,Tuesday,49,38~69,25,Baguette/Ost & Skinka: 2 | Baguette/Salami & Brieost: 2 | Fralla/Ost & Skinka: 4 | Fralla/Ost: 3 | Glutenfri Frallor/Glutenfri Ost & Skinka(endast söndagsbeställning): 1 | Glutenfri Frallor/Glutenfri Pumpafralla Kalkon & Färskost(endast söndagsbeställning): 1 | Hönökaka/Ost & Salami: 4 | Hönökaka/Ost & Skinka: 5 | Hönökaka/Ost: 5 | Pastasallad/Bacon & Kyckling: 1 | Pastasallad/Falafel: 1 | Pastasallad/Kyckling & Salladsost: 2 | Pastasallad/Kyckling kebab: 1 | Pastasallad/Kyckling mangocurry: 3 | Pastasallad/Ost & Skinka: 1 | Pastasallad/Räkor: 1 | Sandwich/Clubsandwich: 1 | Sandwich/Kyckling Curry: 1 | Wraps/Caesar Kyckling: 1 | Wraps/Kyckling Bacon: 1 | Wraps/Kyckling Curry: 1 | Wraps/Sweet Chili: 1 | XL Frallor/Grovfralla Kalkon & Färskost: 2 | XL Frallor/Ost & Skinka: 2 | XL Frallor/Ost: 2
Stockholm Södra,Coop grindsgatan,Tuesday,1,0~1,1,Pastasallad/Kyckling mangocurry: 1
Stockholm Södra,Hemköp Matpressen,Tuesday,55,47~76,31,Baguette/Kyckling Curry: 1 | Baguette/Kyckling Sweet Chili: 1 | Baguette/Ost & Skinka: 1 | Baguette/Salami & Brieost: 3 | Baguette/Skagen: 1 | Fralla/Ost & Skinka: 3 | Fralla/Ost: 3 | Glutenfri Frallor/Glutenfri Pumpafralla Kalkon & Färskost(endast söndagsbeställning): 1 | Grönsallad/Kyckling: 1 | Hönökaka/Ost & Salami: 4 | Hönökaka/Ost & Skinka: 3 | Hönökaka/Ost: 3 | Pastasallad/Bacon & Kyckling: 1 | Pastasallad/Falafel: 1 | Pastasallad/Kyckling & Salladsost: 3 | Pastasallad/Kyckling kebab: 2 | Pastasallad/Kyckling mangocurry: 4 | Pastasallad/Ost & Skinka: 1 | Pastasallad/Räkor: 1 | Sandwich/Bacon & Äggröra: 1 | Sandwich/Clubsandwich: 1 | Sandwich/Kyckling Curry: 1 | Sandwich/Räkor: 1 | Sandwich/Ägg & Avocadokräm: 1 | Wraps/Caesar Kyckling: 2 | Wraps/Kyckling Bacon: 1 | Wraps/Kyckling Curry: 2 | Wraps/Sweet Chili: 2 | XL Frallor/Grovfralla Kalkon & Färskost: 2 | XL Frallor/Ost & Skinka: 2 | XL Frallor/Ost: 1
Stockholm Södra,ICA Birkahallen,Tuesday,32,24~50,21,Baguette/Salami & Brieost: 1 | Fralla/Ost & Skinka: 1 | Fralla/Ost: 1 | Hönökaka/Ost & Salami: 1 | Hönökaka/Ost & Skinka: 2 | Hönökaka/Ost: 1 | Pastasallad/Bacon & Kyckling: 1 | Pastasallad/Falafel: 1 | Pastasallad/Kyckling & Salladsost: 4 | Pastasallad/Kyckling kebab: 2 | Pastasallad/Kyckling mangocurry: 5 | Pastasallad/Ost & Skinka: 1 | Pastasallad/Räkor: 1 | Sandwich/Kyckling Curry: 1 | Sandwich/Ägg & Avocadokräm: 1 | Wraps/Caesar Kyckling: 2 | Wraps/Kyckling Bacon: 1 | Wraps/Kyckling Curry: 2 | Wraps/Sweet Chili: 1 | XL Frallor/Grovfralla Kalkon & Färskost: 1 | XL Frallor/Ost & Skinka: 1
Stockholm Södra,ICA Fridhemsplan,Tuesday,60,45~85,32,Baguette/Salami & Brieost: 1 | Baguette/Skagen: 1 | Fralla/Ost & Skinka: 3 | Fralla/Ost: 2 | Glutenfri Frallor/Glutenfri Ost & Skinka(endast söndagsbeställning): 1 | Glutenfri Frallor/Glutenfri Pumpafralla Kalkon & Färskost(endast söndagsbeställning): 1 | Hönökaka/Ost & Salami: 3 | Hönökaka/Ost & Skinka: 3 | Hönökaka/Ost: 3 | Pastasallad/Bacon & Kyckling: 1 | Pastasallad/Falafel: 1 | Pastasallad/Kyckling & Salladsost: 3 | Pastasallad/Kyckling kebab: 1 | Pastasallad/Kyckling mangocurry: 4 | Pastasallad/Ost & Skinka: 1 | Pastasallad/Räkor: 1 | Räkmacka Liten/Räkmacka liten: 5 | Sandwich/Bacon & Äggröra: 1 | Sandwich/Clubsandwich: 1 | Sandwich/Kyckling Curry: 1 | Sandwich/Ägg & Avocadokräm: 1 | Varmrätt/Cevapcici med bulgur: 1 | Varmrätt/Kyckling-och böngryta: 1 | Varmrätt/Kycklingspett med ris: 1 | Varmrätt/Teriyakikycklingfile med basmatiris: 1 | Wraps/Caesar Kyckling: 2 | Wraps/Kyckling Bacon: 2 | Wraps/Kyckling Curry: 2 | Wraps/Sweet Chili: 2 | XL Frallor/Grovfralla Kalkon & Färskost: 3 | XL Frallor/Ost & Skinka: 3 | XL Frallor/Ost: 3
Stockholm Södra,ICA Högalid,Tuesday,43,28~51,29,Baguette/Kyckling Sweet Chili: 1 | Baguette/Ost & Skinka: 1 | Baguette/Salami & Brieost: 1 | Baguette/Skagen: 1 | Fralla/Ost & Skinka: 2 | Fralla/Ost: 2 | Glutenfri Frallor/Glutenfri Ost & Skinka(endast söndagsbeställning): 1 | Hönökaka/Ost & Salami: 1 | Hönökaka/Ost & Skinka: 1 | Hönökaka/Ost: 1 | Pastasallad/Bacon & Kyckling: 1 | Pastasallad/Falafel: 1 | Pastasallad/Kyckling & Salladsost: 2 | Pastasallad/Kyckling kebab: 1 | Pastasallad/Kyckling mangocurry: 3 | Pastasallad/Räkor: 1 | Sandwich/Bacon & Äggröra: 1 | Sandwich/Clubsandwich: 1 | Sandwich/Kyckling Curry: 1 | Sandwich/Kyckling Pestoröra: 1 | Sandwich/Räkor: 1 | Sandwich/Ägg & Avocadokräm: 1 | Wraps/Caesar Kyckling: 3 | Wraps/Kyckling Bacon: 3 | Wraps/Kyckling Curry: 3 | Wraps/Sweet Chili: 3 | XL Frallor/Grovfralla Kalkon & Färskost: 1 | XL Frallor/Ost & Skinka: 2 | XL Frallor/Ost: 1
Stockholm Södra,ICA Mathörnan,Tuesday,30,21~49,19,Baguette/Salami & Brieost: 1 | Fralla/Ost & Skinka: 3 | Fralla/Ost: 2 | Hönökaka/Ost & Salami: 1 | Hönökaka/Ost & Skinka: 2 | Hönökaka/Ost: 1 | Pastasallad/Kyckling & Salladsost: 1 | Pastasallad/Kyckling mangocurry: 4 | Sandwich/Clubsandwich: 2 | Sandwich/Kyckling Curry: 1 | Sandwich/Kyckling Pestoröra: 1 | Sandwich/Ägg & Avocadokräm: 1 | Wraps/Caesar Kyckling: 2 | Wraps/Kyckling Bacon: 1 | Wraps/Kyckling Curry: 2 | Wraps/Sweet Chili: 2 | XL Frallor/Grovfralla Kalkon & Färskost: 1 | XL Frallor/Ost & Skinka: 1 | XL Frallor/Ost: 1
Stockholm Södra,ICA Sergelstorg,Tuesday,95,80~115,22,Baguette/Salami & Brieost: 3 | Fralla/Ost & Skinka: 6 | Fralla/Ost: 4 | Glutenfri Frallor/Glutenfri Ost & Skinka(endast söndagsbeställning): 1 | Glutenfri Frallor/Glutenfri Pumpafralla Kalkon & Färskost(endast söndagsbeställning): 1 | Hönökaka/Ost & Salami: 11 | Hönökaka/Ost & Skinka: 15 | Hönökaka/Ost: 15 | Pastasallad/Bacon & Kyckling: 1 | Pastasallad/Falafel: 1 | Pastasallad/Kyckling & Salladsost: 3 | Pastasallad/Kyckling kebab: 2 | Pastasallad/Kyckling mangocurry: 4 | Pastasallad/Ost & Skinka: 1 | Pastasallad/Räkor: 1 | Sandwich/Clubsandwich: 1 | Sandwich/Kyckling Curry: 3 | Sandwich/Kyckling Pestoröra: 2 | Sandwich/Räkor: 2 | XL Frallor/Grovfralla Kalkon & Färskost: 6 | XL Frallor/Ost & Skinka: 7 | XL Frallor/Ost: 5
Stockholm Södra,ICA Södra Station,Tuesday,85,65~111,33,Baguette/Kyckling Curry: 1 | Baguette/Kyckling Sweet Chili: 2 | Baguette/Ost & Skinka: 1 | Baguette/Salami & Brieost: 2 | Baguette/Skagen: 1 | Fralla/Ost & Skinka: 5 | Fralla/Ost: 4 | Glutenfri Frallor/Glutenfri Ost & Skinka(endast söndagsbeställning): 1 | Glutenfri Frallor/Glutenfri Ost(endast söndagsbeställning): 1 | Glutenfri Frallor/Glutenfri Pumpafralla Kalkon & Färskost(endast söndagsbeställning): 1 | Grönsallad/Kyckling: 2 | Hönökaka/Ost & Salami: 4 | Hönökaka/Ost & Skinka: 4 | Hönökaka/Ost: 4 | Pastasallad/Bacon & Kyckling: 1 | Pastasallad/Falafel: 1 | Pastasallad/Kyckling & Salladsost: 3 | Pastasallad/Kyckling kebab: 2 | Pastasallad/Kyckling mangocurry: 5 | Pastasallad/Ost & Skinka: 1 | Pastasallad/Räkor: 1 | Sandwich/Bacon & Äggröra: 5 | Sandwich/Clubsandwich: 2 | Sandwich/Kyckling Curry: 3 | Sandwich/Kyckling Pestoröra: 2 | Sandwich/Räkor: 2 | Wraps/Caesar Kyckling: 4 | Wraps/Kyckling Bacon: 3 | Wraps/Kyckling Curry: 5 | Wraps/Sweet Chili: 3 | XL Frallor/Grovfralla Kalkon & Färskost: 3 | XL Frallor/Ost & Skinka: 3 | XL Frallor/Ost: 3
Stockholm Södra,Myway Södra Station,Tuesday,46,40~62,21,Baguette/Ost & Skinka: 1 | Baguette/Salami & Brieost: 2 | Fralla/Ost & Skinka: 4 | Fralla/Ost: 3 | Glutenfri Frallor/Glutenfri Ost & Skinka(endast söndagsbeställning): 1 | Hönökaka/Ost & Salami: 6 | Hönökaka/Ost & Skinka: 5 | Hönökaka/Ost: 5 | Sandwich/Bacon & Äggröra: 1 | Sandwich/Clubsandwich: 1 | Sandwich/Kyckling Curry: 2 | Sandwich/Kyckling Pestoröra: 1 | Sandwich/Räkor: 1 | Sandwich/Ägg & Avocadokräm: 1 | Wraps/Caesar Kyckling: 2 | Wraps/Kyckling Bacon: 1 | Wraps/Kyckling Curry: 2 | Wraps/Sweet Chili: 1 | XL Frallor/Grovfralla Kalkon & Färskost: 2 | XL Frallor/Ost & Skinka: 2 | XL Frallor/Ost: 2
Stockholm Södra,Coop Hagastaden,Wednesday,27,23~39,13,Baguette/Kyckling Sweet Chili: 1 | Baguette/Salami & Brieost: 1 | Fralla/Ost & Skinka: 4 | Fralla/Ost: 3 | Grönsallad/Kyckling: 1 | Hönökaka/Ost & Salami: 3 | Hönökaka/Ost & Skinka: 3 | Hönökaka/Ost: 3 | Räkmacka Liten/Räkmacka liten: 2 | Wraps/Kyckling Curry: 3 | XL Frallor/Grovfralla Kalkon & Färskost: 1 | XL Frallor/Ost & Skinka: 1 | XL Frallor/Ost: 1
Stockholm Södra,Coop HÖTORGET,Wednesday,58,45~70,29,Baguette/Ost & Skinka: 1 | Baguette/Salami & Brieost: 1 | Baguette/Skagen: 1 | Fralla/Ost & Skinka: 3 | Fralla/Ost: 2 | Glutenfri Frallor/Glutenfri Ost(endast söndagsbeställning): 1 | Hönökaka/Ost & Salami: 3 | Hönökaka/Ost & Skinka: 4 | Hönökaka/Ost: 4 | Pastasallad/Bacon & Kyckling: 1 | Pastasallad/Falafel: 1 | Pastasallad/Kyckling & Salladsost: 2 | Pastasallad/Kyckling kebab: 2 | Pastasallad/Kyckling mangocurry: 3 | Pastasallad/Ost & Skinka: 1 | Pastasallad/Räkor: 2 | Sandwich/Bacon & Äggröra: 1 | Sandwich/Clubsandwich: 1 | Sandwich/Kyckling Curry: 2 | Sandwich/Kyckling Pestoröra: 1 | Sandwich/Räkor: 1 | Sandwich/Ägg & Avocadokräm: 1 | Wraps/Caesar Kyckling: 4 | Wraps/Kyckling Bacon: 3 | Wraps/Kyckling Curry: 4 | Wraps/Sweet Chili: 3 | XL Frallor/Grovfralla Kalkon & Färskost: 1 | XL Frallor/Ost & Skinka: 2 | XL Frallor/Ost: 2
Stockholm Södra,Coop Medborgarplatsen,Wednesday,26,21~44,23,Baguette/Kyckling Sweet Chili: 1 | Baguette/Ost & Skinka: 1 | Baguette/Salami & Brieost: 1 | Fralla/Ost & Skinka: 2 | Fralla/Ost: 2 | Hönökaka/Ost & Salami: 1 | Hönökaka/Ost & Skinka: 1 | Hönökaka/Ost: 1 | Pastasallad/Kyckling & Salladsost: 1 | Pastasallad/Kyckling mangocurry: 2 | Sandwich/Bacon & Äggröra: 1 | Sandwich/Clubsandwich: 1 | Sandwich/Kyckling Curry: 1 | Varmrätt/Cevapcici med bulgur: 1 | Varmrätt/Falafel med bulgur: 1 | Varmrätt/Kyckling-och böngryta: 1 | Varmrätt/Kycklingpestosallad: 1 | Varmrätt/Teriyakikycklingfile med basmatiris: 1 | Wraps/Caesar Kyckling: 1 | Wraps/Kyckling Curry: 1 | XL Frallor/Grovfralla Kalkon & Färskost: 1 | XL Frallor/Ost & Skinka: 1 | XL Frallor/Ost: 1
Stockholm Södra,Coop Nytorgsgatan,Wednesday,36,26~60,23,Baguette/Kyckling Sweet Chili: 1 | Baguette/Salami & Brieost: 1 | Fralla/Ost & Skinka: 4 | Fralla/Ost: 2 | Hönökaka/Ost & Salami: 2 | Hönökaka/Ost & Skinka: 2 | Hönökaka/Ost: 2 | Pastasallad/Falafel: 1 | Pastasallad/Kyckling & Salladsost: 2 | Pastasallad/Kyckling kebab: 1 | Pastasallad/Kyckling mangocurry: 3 | Pastasallad/Räkor: 1 | Sandwich/Clubsandwich: 1 | Sandwich/Kyckling Curry: 1 | Sandwich/Kyckling Pestoröra: 1 | Sandwich/Räkor: 1 | Wraps/Caesar Kyckling: 2 | Wraps/Kyckling Bacon: 1 | Wraps/Kyckling Curry: 2 | Wraps/Sweet Chili: 1 | XL Frallor/Grovfralla Kalkon & Färskost: 1 | XL Frallor/Ost & Skinka: 2 | XL Frallor/Ost: 1
Stockholm Södra,Coop Sveavägen,Wednesday,37,29~46,22,Baguette/Kyckling Curry: 1 | Baguette/Ost & Skinka: 2 | Baguette/Salami & Brieost: 2 | Baguette/Skagen: 1 | Fralla/Ost & Skinka: 3 | Fralla/Ost: 2 | Hönökaka/Ost & Salami: 3 | Hönökaka/Ost & Skinka: 3 | Hönökaka/Ost: 3 | Pastasallad/Falafel: 1 | Pastasallad/Kyckling & Salladsost: 1 | Pastasallad/Kyckling kebab: 1 | Pastasallad/Kyckling mangocurry: 2 | Pastasallad/Räkor: 1 | Sandwich/Clubsandwich: 1 | Sandwich/Kyckling Curry: 1 | Sandwich/Ägg & Avocadokräm: 1 | Wraps/Caesar Kyckling: 1 | Wraps/Kyckling Curry: 1 | XL Frallor/Grovfralla Kalkon & Färskost: 2 | XL Frallor/Ost & Skinka: 2 | XL Frallor/Ost: 2
Stockholm Södra,Coop grindsgatan,Wednesday,19,12~20,11,Baguette/Salami & Brieost: 2 | Fralla/Ost & Skinka: 2 | Fralla/Ost: 2 | Hönökaka/Ost & Salami: 2 | Hönökaka/Ost & Skinka: 2 | Hönökaka/Ost: 2 | Pastasallad/Kyckling & Salladsost: 2 | Pastasallad/Kyckling kebab: 2 | Pastasallad/Kyckling mangocurry: 1 | Sandwich/Clubsandwich: 1 | Sandwich/Kyckling Curry: 1
Stockholm Södra,Hemköp Matpressen,Wednesday,38,25~49,26,Baguette/Kyckling Curry: 1 | Baguette/Ost & Skinka: 1 | Baguette/Salami & Brieost: 1 | Fralla/Ost & Skinka: 3 | Fralla/Ost: 2 | Grönsallad/Kyckling: 1 | Hönökaka/Ost & Salami: 2 | Hönökaka/Ost & Skinka: 3 | Hönökaka/Ost: 3 | Pastasallad/Bacon & Kyckling: 1 | Pastasallad/Falafel: 1 | Pastasallad/Kyckling & Salladsost: 1 | Pastasallad/Kyckling kebab: 2 | Pastasallad/Kyckling mangocurry: 2 | Pastasallad/Ost & Skinka: 1 | Pastasallad/Räkor: 1 | Sandwich/Clubsandwich: 1 | Sandwich/Kyckling Curry: 1 | Sandwich/Ägg & Avocadokräm: 1 | Wraps/Caesar Kyckling: 2 | Wraps/Kyckling Bacon: 1 | Wraps/Kyckling Curry: 1 | Wraps/Sweet Chili: 1 | XL Frallor/Grovfralla Kalkon & Färskost: 1 | XL Frallor/Ost & Skinka: 2 | XL Frallor/Ost: 1
Stockholm Södra,ICA Högalid,Wednesday,42,28~50,29,Baguette/Kyckling Sweet Chili: 1 | Baguette/Ost & Skinka: 1 | Baguette/Salami & Brieost: 1 | Baguette/Skagen: 1 | Fralla/Ost & Skinka: 2 | Fralla/Ost: 2 | Glutenfri Frallor/Glutenfri Ost & Skinka(endast söndagsbeställning): 1 | Hönökaka/Ost & Salami: 1 | Hönökaka/Ost & Skinka: 1 | Hönökaka/Ost: 1 | Pastasallad/Bacon & Kyckling: 1 | Pastasallad/Falafel: 1 | Pastasallad/Kyckling & Salladsost: 2 | Pastasallad/Kyckling kebab: 1 | Pastasallad/Kyckling mangocurry: 3 | Pastasallad/Räkor: 1 | Sandwich/Bacon & Äggröra: 1 | Sandwich/Clubsandwich: 1 | Sandwich/Kyckling Curry: 1 | Sandwich/Kyckling Pestoröra: 1 | Sandwich/Räkor: 1 | Sandwich/Ägg & Avocadokräm: 1 | Wraps/Caesar Kyckling: 3 | Wraps/Kyckling Bacon: 2 | Wraps/Kyckling Curry: 3 | Wraps/Sweet Chili: 3 | XL Frallor/Grovfralla Kalkon & Färskost: 1 | XL Frallor/Ost & Skinka: 2 | XL Frallor/Ost: 1
Stockholm Södra,ICA Sergelstorg,Wednesday,56,47~63,20,Baguette/Salami & Brieost: 2 | Fralla/Ost & Skinka: 4 | Fralla/Ost: 2 | Hönökaka/Ost & Salami: 6 | Hönökaka/Ost & Skinka: 9 | Hönökaka/Ost: 8 | Pastasallad/Bacon & Kyckling: 1 | Pastasallad/Falafel: 1 | Pastasallad/Kyckling & Salladsost: 2 | Pastasallad/Kyckling kebab: 1 | Pastasallad/Kyckling mangocurry: 3 | Pastasallad/Ost & Skinka: 1 | Pastasallad/Räkor: 1 | Sandwich/Clubsandwich: 1 | Sandwich/Kyckling Curry: 2 | Sandwich/Kyckling Pestoröra: 1 | Sandwich/Räkor: 1 | XL Frallor/Grovfralla Kalkon & Färskost: 3 | XL Frallor/Ost & Skinka: 4 | XL Frallor/Ost: 3
Stockholm Södra,Coop Centralen,Thursday,258,217~305,9,Baguette/Ost & Skinka: 28 | Baguette/Salami & Brieost: 33 | Glutenfri Frallor/Glutenfri Ost & Skinka(endast söndagsbeställning): 8 | Glutenfri Frallor/Glutenfri Pumpafralla Kalkon & Färskost(endast söndagsbeställning): 6 | Hönökaka/Ost & Salami: 43 | Hönökaka/Ost & Skinka: 46 | Hönökaka/Ost: 32 | XL Frallor/Grovfralla Kalkon & Färskost: 26 | XL Frallor/Ost & Skinka: 36
Stockholm Södra,Coop HÖTORGET,Thursday,33,29~43,22,Fralla/Ost & Skinka: 1 | Fralla/Ost: 1 | Hönökaka/Ost & Salami: 1 | Hönökaka/Ost & Skinka: 3 | Hönökaka/Ost: 2 | Pastasallad/Falafel: 1 | Pastasallad/Kyckling & Salladsost: 2 | Pastasallad/Kyckling kebab: 1 | Pastasallad/Kyckling mangocurry: 3 | Pastasallad/Ost & Skinka: 1 | Pastasallad/Räkor: 1 | Sandwich/Clubsandwich: 1 | Sandwich/Kyckling Curry: 1 | Sandwich/Räkor: 1 | Sandwich/Ägg & Avocadokräm: 1 | Wraps/Caesar Kyckling: 2 | Wraps/Kyckling Bacon: 3 | Wraps/Kyckling Curry: 2 | Wraps/Sweet Chili: 2 | XL Frallor/Grovfralla Kalkon & Färskost: 1 | XL Frallor/Ost & Skinka: 1 | XL Frallor/Ost: 1
Stockholm Södra,Coop Odengatan,Thursday,55,40~74,31,Baguette/Kyckling Curry: 1 | Baguette/Ost & Skinka: 1 | Baguette/Salami & Brieost: 2 | Baguette/Skagen: 1 | Fralla/Ost & Skinka: 3 | Fralla/Ost: 2 | Glutenfri Frallor/Glutenfri Pumpafralla Kalkon & Färskost(endast söndagsbeställning): 1 | Grönsallad/Kyckling: 1 | Hönökaka/Ost & Salami: 2 | Hönökaka/Ost & Skinka: 2 | Hönökaka/Ost: 2 | Pastasallad/Bacon & Kyckling: 2 | Pastasallad/Falafel: 1 | Pastasallad/Kyckling & Salladsost: 3 | Pastasallad/Kyckling kebab: 2 | Pastasallad/Kyckling mangocurry: 4 | Pastasallad/Ost & Skinka: 2 | Pastasallad/Räkor: 2 | Sandwich/Bacon & Äggröra: 1 | Sandwich/Clubsandwich: 1 | Sandwich/Kyckling Curry: 1 | Sandwich/Kyckling Pestoröra: 1 | Sandwich/Räkor: 1 | Sandwich/Ägg & Avocadokräm: 1 | Wraps/Caesar Kyckling: 3 | Wraps/Kyckling Bacon: 2 | Wraps/Kyckling Curry: 3 | Wraps/Sweet Chili: 2 | XL Frallor/Grovfralla Kalkon & Färskost: 2 | XL Frallor/Ost & Skinka: 2 | XL Frallor/Ost: 1
Stockholm Södra,Coop Odenplan,Thursday,29,16~36,19,Baguette/Salami & Brieost: 1 | Fralla/Ost & Skinka: 3 | Fralla/Ost: 2 | Glutenfri Frallor/Glutenfri Pumpafralla Kalkon & Färskost(endast söndagsbeställning): 1 | Hönökaka/Ost & Salami: 1 | Hönökaka/Ost & Skinka: 2 | Hönökaka/Ost: 2 | Sandwich/Clubsandwich: 1 | Sandwich/Kyckling Curry: 1 | Varmrätt/Kyckling-och böngryta: 1 | Varmrätt/Kycklingspett med ris: 1 | Varmrätt/Pannbiff med Basmatiris: 1 | Varmrätt/Teriyakikycklingfile med basmatiris: 1 | Wraps/Caesar Kyckling: 2 | Wraps/Kyckling Bacon: 2 | Wraps/Kyckling Curry: 2 | XL Frallor/Grovfralla Kalkon & Färskost: 2 | XL Frallor/Ost & Skinka: 2 | XL Frallor/Ost: 1
Stockholm Södra,Coop Renstierna,Thursday,46,33~57,28,Baguette/Kyckling Curry: 1 | Baguette/Salami & Brieost: 1 | Fralla/Ost & Skinka: 3 | Fralla/Ost: 2 | Glutenfri Frallor/Glutenfri Ost & Skinka(endast söndagsbeställning): 1 | Glutenfri Frallor/Glutenfri Pumpafralla Kalkon & Färskost(endast söndagsbeställning): 1 | Hönökaka/Ost & Salami: 2 | Hönökaka/Ost & Skinka: 2 | Hönökaka/Ost: 2 | Pastasallad/Bacon & Kyckling: 2 | Pastasallad/Falafel: 1 | Pastasallad/Kyckling & Salladsost: 3 | Pastasallad/Kyckling kebab: 2 | Pastasallad/Kyckling mangocurry: 4 | Pastasallad/Ost & Skinka: 2 | Pastasallad/Räkor: 1 | Sandwich/Clubsandwich: 1 | Sandwich/Kyckling Curry: 1 | Sandwich/Kyckling Pestoröra: 1 | Sandwich/Räkor: 1 | Sandwich/Ägg & Avocadokräm: 1 | Wraps/Caesar Kyckling: 1 | Wraps/Kyckling Bacon: 2 | Wraps/Kyckling Curry: 2 | Wraps/Sweet Chili: 2 | XL Frallor/Grovfralla Kalkon & Färskost: 1 | XL Frallor/Ost & Skinka: 2 | XL Frallor/Ost: 1
Stockholm Södra,Coop Rådhuset,Thursday,46,36~63,34,Baguette/Kyckling Curry: 1 | Baguette/Kyckling Sweet Chili: 1 | Baguette/Ost & Skinka: 2 | Baguette/Salami & Brieost: 2 | Baguette/Skagen: 1 | Fralla/Ost & Skinka: 2 | Fralla/Ost: 2 | Glutenfri Frallor/Glutenfri Pumpafralla Kalkon & Färskost(endast söndagsbeställning): 1 | Grönsallad/Kyckling: 1 | Hönökaka/Ost & Salami: 3 | Hönökaka/Ost & Skinka: 3 | Hönökaka/Ost: 2 | Pastasallad/Bacon & Kyckling: 1 | Pastasallad/Falafel: 1 | Pastasallad/Kyckling & Salladsost: 2 | Pastasallad/Kyckling kebab: 2 | Pastasallad/Kyckling mangocurry: 2 | Pastasallad/Ost & Skinka: 1 | Pastasallad/Räkor: 1 | Sandwich/Bacon & Äggröra: 1 | Sandwich/Clubsandwich: 1 | Sandwich/Kyckling Curry: 1 | Sandwich/Räkor: 1 | Varmrätt/Cevapcici med bulgur: 1 | Varmrätt/Kyckling-och böngryta: 1 | Varmrätt/Kycklingspett med ris: 1 | Varmrätt/Teriyakikycklingfile med basmatiris: 1 | Wraps/Caesar Kyckling: 1 | Wraps/Kyckling Bacon: 1 | Wraps/Kyckling Curry: 1 | Wraps/Sweet Chili: 1 | XL Frallor/Grovfralla Kalkon & Färskost: 1 | XL Frallor/Ost & Skinka: 1 | XL Frallor/Ost: 1
Stockholm Södra,Coop Sveavägen,Thursday,58,49~64,27,Baguette/Kyckling Curry: 1 | Baguette/Ost & Skinka: 2 | Baguette/Salami & Brieost: 4 | Baguette/Skagen: 1 | Fralla/Ost & Skinka: 4 | Fralla/Ost: 3 | Glutenfri Frallor/Glutenfri Ost(endast söndagsbeställning): 1 | Glutenfri Frallor/Glutenfri Pumpafralla Kalkon & Färskost(endast söndagsbeställning): 1 | Hönökaka/Ost & Salami: 5 | Hönökaka/Ost & Skinka: 5 | Hönökaka/Ost: 4 | Pastasallad/Bacon & Kyckling: 1 | Pastasallad/Kyckling & Salladsost: 2 | Pastasallad/Kyckling kebab: 2 | Pastasallad/Kyckling mangocurry: 3 | Pastasallad/Ost & Skinka: 1 | Pastasallad/Räkor: 1 | Sandwich/Bacon & Äggröra: 1 | Sandwich/Kyckling Pestoröra: 1 | Sandwich/Räkor: 1 | Wraps/Caesar Kyckling: 2 | Wraps/Kyckling Bacon: 1 | Wraps/Kyckling Curry: 2 | Wraps/Sweet Chili: 1 | XL Frallor/Grovfralla Kalkon & Färskost: 3 | XL Frallor/Ost & Skinka: 3 | XL Frallor/Ost: 2
Stockholm Södra,Coop Tomtebogatan,Thursday,41,28~53,21,Baguette/Ost & Skinka: 1 | Baguette/Salami & Brieost: 1 | Fralla/Ost & Skinka: 4 | Fralla/Ost: 3 | Hönökaka/Ost & Salami: 2 | Hönökaka/Ost & Skinka: 3 | Hönökaka/Ost: 2 | Pastasallad/Bacon & Kyckling: 2 | Pastasallad/Falafel: 2 | Pastasallad/Kyckling & Salladsost: 3 | Pastasallad/Kyckling kebab: 1 | Pastasallad/Kyckling mangocurry: 4 | Pastasallad/Räkor: 1 | Sandwich/Bacon & Äggröra: 1 | Sandwich/Clubsandwich: 2 | Sandwich/Kyckling Curry: 2 | Sandwich/Räkor: 1 | Wraps/Caesar Kyckling: 1 | Wraps/Kyckling Bacon: 2 | Wraps/Kyckling Curry: 2 | Wraps/Sweet Chili: 1
Stockholm Södra,Coop Zinkensdamm,Thursday,42,30~58,22,Baguette/Ost & Skinka: 1 | Baguette/Salami & Brieost: 2 | Fralla/Ost & Skinka: 4 | Fralla/Ost: 4 | Glutenfri Frallor/Glutenfri Ost & Skinka(endast söndagsbeställning): 1 | Glutenfri Frallor/Glutenfri Pumpafralla Kalkon & Färskost(endast söndagsbeställning): 1 | Hönökaka/Ost & Salami: 4 | Hönökaka/Ost & Skinka: 4 | Hönökaka/Ost: 4 | Pastasallad/Falafel: 1 | Pastasallad/Kyckling & Salladsost: 1 | Pastasallad/Kyckling kebab: 1 | Pastasallad/Kyckling mangocurry: 4 | Pastasallad/Ost & Skinka: 1 | Pastasallad/Räkor: 1 | Wraps/Caesar Kyckling: 1 | Wraps/Kyckling Bacon: 1 | Wraps/Kyckling Curry: 1 | Wraps/Sweet Chili: 1 | XL Frallor/Grovfralla Kalkon & Färskost: 1 | XL Frallor/Ost & Skinka: 2 | XL Frallor/Ost: 1
Stockholm Södra,ICA Birkahallen,Thursday,31,19~33,19,Baguette/Ost & Skinka: 1 | Baguette/Salami & Brieost: 2 | Fralla/Ost & Skinka: 2 | Fralla/Ost: 1 | Hönökaka/Ost & Salami: 1 | Hönökaka/Ost & Skinka: 1 | Pastasallad/Bacon & Kyckling: 2 | Pastasallad/Falafel: 2 | Pastasallad/Kyckling & Salladsost: 2 | Pastasallad/Kyckling kebab: 1 | Pastasallad/Kyckling mangocurry: 4 | Pastasallad/Ost & Skinka: 1 | Pastasallad/Räkor: 2 | Wraps/Caesar Kyckling: 1 | Wraps/Kyckling Bacon: 2 | Wraps/Kyckling Curry: 2 | Wraps/Sweet Chili: 2 | XL Frallor/Grovfralla Kalkon & Färskost: 1 | XL Frallor/Ost & Skinka: 1
Stockholm Södra,ICA Fridhemsplan,Thursday,47,35~67,28,Baguette/Salami & Brieost: 1 | Baguette/Skagen: 1 | Fralla/Ost & Skinka: 3 | Fralla/Ost: 2 | Glutenfri Frallor/Glutenfri Ost & Skinka(endast söndagsbeställning): 1 | Hönökaka/Ost & Salami: 2 | Hönökaka/Ost & Skinka: 2 | Hönökaka/Ost: 2 | Pastasallad/Bacon & Kyckling: 1 | Pastasallad/Falafel: 1 | Pastasallad/Kyckling & Salladsost: 3 | Pastasallad/Kyckling kebab: 1 | Pastasallad/Kyckling mangocurry: 4 | Pastasallad/Ost & Skinka: 1 | Pastasallad/Räkor: 1 | Räkmacka Liten/Räkmacka liten: 5 | Sandwich/Bacon & Äggröra: 1 | Sandwich/Clubsandwich: 1 | Sandwich/Kyckling Curry: 1 | Sandwich/Kyckling Pestoröra: 1 | Varmrätt/Kycklingspett med ris: 1 | Wraps/Caesar Kyckling: 1 | Wraps/Kyckling Bacon: 1 | Wraps/Kyckling Curry: 2 | Wraps/Sweet Chili: 1 | XL Frallor/Grovfralla Kalkon & Färskost: 2 | XL Frallor/Ost & Skinka: 2 | XL Frallor/Ost: 2
Stockholm Södra,ICA Högalid,Thursday,14,8~10,10,Baguette/Kyckling Curry: 1 | Baguette/Salami & Brieost: 2 | Fralla/Ost & Skinka: 2 | Hönökaka/Ost & Skinka: 1 | Hönökaka/Ost: 1 | Pastasallad/Kyckling mangocurry: 1 | Wraps/Caesar Kyckling: 2 | Wraps/Kyckling Bacon: 1 | Wraps/Kyckling Curry: 2 | Wraps/Sweet Chili: 1
Stockholm Södra,ICA Sergelstorg,Thursday,98,78~121,21,Baguette/Salami & Brieost: 4 | Fralla/Ost & Skinka: 6 | Fralla/Ost: 3 | Glutenfri Frallor/Glutenfri Ost & Skinka(endast söndagsbeställning): 1 | Hönökaka/Ost & Salami: 12 | Hönökaka/Ost & Skinka: 16 | Hönökaka/Ost: 15 | Pastasallad/Bacon & Kyckling: 2 | Pastasallad/Falafel: 1 | Pastasallad/Kyckling & Salladsost: 2 | Pastasallad/Kyckling kebab: 2 | Pastasallad/Kyckling mangocurry: 5 | Pastasallad/Ost & Skinka: 1 | Pastasallad/Räkor: 2 | Sandwich/Clubsandwich: 2 | Sandwich/Kyckling Curry: 3 | Sandwich/Kyckling Pestoröra: 1 | Sandwich/Räkor: 4 | XL Frallor/Grovfralla Kalkon & Färskost: 5 | XL Frallor/Ost & Skinka: 7 | XL Frallor/Ost: 4
Stockholm Södra,ICA Södra Station,Thursday,64,52~91,32,Baguette/Kyckling Curry: 1 | Baguette/Kyckling Sweet Chili: 1 | Baguette/Ost & Skinka: 1 | Baguette/Salami & Brieost: 1 | Baguette/Skagen: 1 | Fralla/Ost & Skinka: 4 | Fralla/Ost: 3 | Glutenfri Frallor/Glutenfri Ost & Skinka(endast söndagsbeställning): 1 | Glutenfri Frallor/Glutenfri Ost(endast söndagsbeställning): 1 | Grönsallad/Kyckling: 2 | Hönökaka/Ost & Salami: 3 | Hönökaka/Ost & Skinka: 3 | Hönökaka/Ost: 3 | Pastasallad/Bacon & Kyckling: 1 | Pastasallad/Falafel: 1 | Pastasallad/Kyckling & Salladsost: 2 | Pastasallad/Kyckling kebab: 1 | Pastasallad/Kyckling mangocurry: 4 | Pastasallad/Ost & Skinka: 1 | Pastasallad/Räkor: 1 | Sandwich/Bacon & Äggröra: 4 | Sandwich/Clubsandwich: 1 | Sandwich/Kyckling Curry: 2 | Sandwich/Kyckling Pestoröra: 1 | Sandwich/Räkor: 1 | Wraps/Caesar Kyckling: 3 | Wraps/Kyckling Bacon: 3 | Wraps/Kyckling Curry: 3 | Wraps/Sweet Chili: 3 | XL Frallor/Grovfralla Kalkon & Färskost: 2 | XL Frallor/Ost & Skinka: 3 | XL Frallor/Ost: 2
Stockholm Södra,Myway Södra Station,Thursday,22,11~30,11,Fralla/Ost & Skinka: 3 | Fralla/Ost: 2 | Glutenfri Frallor/Glutenfri Ost & Skinka(endast söndagsbeställning): 1 | Hönökaka/Ost & Salami: 4 | Hönökaka/Ost & Skinka: 4 | Hönökaka/Ost: 3 | Sandwich/Kyckling Curry: 1 | Wraps/Sweet Chili: 1 | XL Frallor/Grovfralla Kalkon & Färskost: 1 | XL Frallor/Ost & Skinka: 1 | XL Frallor/Ost: 1
Stockholm Väst,Coop  SVANDAMMSPLAN,Sunday,35,28~58,28,Baguette/Kyckling Curry: 1 | Baguette/Kyckling Sweet Chili: 1 | Baguette/Ost & Skinka: 1 | Baguette/Salami & Brieost: 1 | Baguette/Skagen: 1 | Fralla/Ost & Skinka: 2 | Fralla/Ost: 3 | Grönsallad/Kyckling: 1 | Hönökaka/Ost & Salami: 1 | Hönökaka/Ost & Skinka: 2 | Hönökaka/Ost: 1 | Pastasallad/Bacon & Kyckling: 1 | Pastasallad/Kyckling & Salladsost: 2 | Pastasallad/Kyckling mangocurry: 2 | Pastasallad/Ost & Skinka: 1 | Pastasallad/Räkor: 1 | Räkmacka Liten/Räkmacka liten: 1 | Sandwich/Clubsandwich: 1 | Sandwich/Kyckling Curry: 1 | Sandwich/Kyckling Pestoröra: 1 | Sandwich/Räkor: 1 | Sandwich/Ägg & Avocadokräm: 1 | Wraps/Caesar Kyckling: 1 | Wraps/Kyckling Bacon: 1 | Wraps/Kyckling Curry: 2 | Wraps/Kycklingsallad Olivie: 1 | Wraps/Sweet Chili: 1 | Wraps/Wrap Curry Oumph!: 1
Stockholm Väst,Coop Folkparken,Sunday,26,22~38,16,Baguette/Ost & Skinka: 2 | Baguette/Salami & Brieost: 2 | Baguette/Skagen: 2 | Fralla/Ost & Skinka: 2 | Fralla/Ost: 2 | Hönökaka/Ost & Skinka: 2 | Pastasallad/Kyckling & Salladsost: 2 | Pastasallad/Kyckling mangocurry: 2 | Pastasallad/Ost & Skinka: 1 | Pastasallad/Räkor: 2 | Sandwich/Kyckling Curry: 1 | Sandwich/Kyckling Pestoröra: 1 | Wraps/Caesar Kyckling: 1 | Wraps/Kyckling Bacon: 1 | Wraps/Kyckling Curry: 1 | XL Frallor/Grovfralla Kalkon & Färskost: 2
Stockholm Väst,Coop Kristineberg,Sunday,43,35~63,23,Baguette/Kyckling Curry: 1 | Baguette/Ost & Skinka: 1 | Baguette/Salami & Brieost: 1 | Baguette/Skagen: 1 | Fralla/Ost & Skinka: 2 | Fralla/Ost: 1 | Hönökaka/Ost & Salami: 1 | Hönökaka/Ost & Skinka: 1 | Hönökaka/Ost: 2 | Pastasallad/Kyckling & Salladsost: 2 | Pastasallad/Kyckling mangocurry: 3 | Pastasallad/Ost & Skinka: 1 | Pastasallad/Räkor: 2 | Sandwich/Bacon & Äggröra: 1 | Sandwich/Clubsandwich: 1 | Sandwich/Kyckling Curry: 1 | Sandwich/Ägg & Avocadokräm: 1 | Wraps/Caesar Kyckling: 5 | Wraps/Kyckling Bacon: 4 | Wraps/Kyckling Curry: 5 | Wraps/Sweet Chili: 4 | XL Frallor/Ost & Skinka: 1 | XL Frallor/Ost: 1
Stockholm Väst,Coop Mälarhöjden,Sunday,8,3~16,5,Fralla/Ost & Skinka: 2 | Fralla/Ost: 2 | Hönökaka/Ost: 1 | Wraps/Caesar Kyckling: 1 | Wraps/Kyckling Bacon: 2
Stockholm Väst,Coop Storsjövägen,Sunday,24,20~40,13,Baguette/Ost & Skinka: 1 | Baguette/Salami & Brieost: 1 | Fralla/Ost & Skinka: 1 | Fralla/Ost: 2 | Hönökaka/Ost & Skinka: 1 | Hönökaka/Ost: 2 | Pastasallad/Kyckling & Salladsost: 3 | Pastasallad/Kyckling mangocurry: 3 | Pastasallad/Räkor: 2 | Wraps/Caesar Kyckling: 1 | Wraps/Kyckling Bacon: 2 | Wraps/Kyckling Curry: 3 | Wraps/Sweet Chili: 2
Stockholm Väst,Coop Södertälje,Sunday,5,0~5,5,Baguette/Salami & Brieost: 1 | Grönsallad/Caesarsallad: 1 | Hönökaka/Ost & Skinka: 1 | Pastasallad/Kyckling & Salladsost: 1 | Pastasallad/Kyckling mangocurry: 1
Stockholm Väst,Coop Västertorp,Sunday,39,29~54,20,Baguette/Kyckling Curry: 1 | Baguette/Ost & Skinka: 1 | Baguette/Salami & Brieost: 1 | Baguette/Skagen: 1 | Fralla/Ost & Skinka: 2 | Fralla/Ost: 1 | Grönsallad/Caesarsallad: 2 | Hönökaka/Ost: 2 | Pastasallad/Falafel: 2 | Pastasallad/Kyckling & Salladsost: 4 | Pastasallad/Kyckling mangocurry: 4 | Pastasallad/Räkor: 3 | Sandwich/Clubsandwich: 2 | Sandwich/Kyckling Pestoröra: 1 | Sandwich/Räkor: 1 | Sandwich/Ägg & Avocadokräm: 1 | Wraps/Caesar Kyckling: 3 | Wraps/Kyckling Bacon: 3 | Wraps/Kyckling Curry: 2 | Wraps/Sweet Chili: 2
Stockholm Väst,Coop rönninge,Sunday,20,17~36,18,Baguette/Ost & Skinka: 1 | Baguette/Salami & Brieost: 1 | Baguette/Skagen: 1 | Fralla/Ost: 1 | Grönsallad/Caesarsallad: 1 | Hönökaka/Ost & Skinka: 1 | Hönökaka/Ost: 1 | Pastasallad/Kyckling & Salladsost: 2 | Pastasallad/Kyckling mangocurry: 2 | Pastasallad/Ost & Skinka: 1 | Pastasallad/Räkor: 1 | Sandwich/Clubsandwich: 1 | Sandwich/Kyckling Curry: 1 | Sandwich/Räkor: 1 | Wraps/Caesar Kyckling: 1 | Wraps/Kyckling Bacon: 1 | Wraps/Kyckling Curry: 1 | Wraps/Sweet Chili: 1
Stockholm Väst,Coop Älvsjötorg,Sunday,13,12~21,13,Baguette/Kyckling Sweet Chili: 1 | Baguette/Kycklingsallad Olivie: 1 | Baguette/Ost & Skinka: 1 | Baguette/Salami & Brieost: 1 | Pastasallad/Bacon & Kyckling: 1 | Pastasallad/Falafel: 1 | Pastasallad/Kyckling & Salladsost: 1 | Pastasallad/Kyckling mangocurry: 1 | Pastasallad/Räkor: 1 | Sandwich/Bacon & Äggröra: 1 | Wraps/Kyckling Bacon: 1 | Wraps/Kyckling Curry: 1 | Wraps/Sweet Chili: 1
Stockholm Väst,Daniel tobak affären (enbart tisdagar),Sunday,15,12~22,8,Baguette/Kyckling Curry: 1 | Baguette/Ost & Skinka: 2 | Baguette/Salami & Brieost: 1 | Baguette/Skagen: 1 | Fralla/Ost & Skinka: 3 | Fralla/Ost: 2 | Sandwich/Kyckling Curry: 1 | XL Frallor/Grovfralla Kalkon & Färskost: 4
Stockholm Väst,ICA Essingen,Sunday,64,50~85,24,Baguette/Ost & Skinka: 2 | Baguette/Salami & Brieost: 2 | Baguette/Skagen: 2 | Fralla/Ost & Skinka: 4 | Fralla/Ost: 3 | Grönsallad/Caesarsallad: 2 | Hönökaka/Ost & Salami: 2 | Hönökaka/Ost & Skinka: 2 | Hönökaka/Ost: 3 | Pastasallad/Kyckling & Salladsost: 4 | Pastasallad/Kyckling mangocurry: 5 | Pastasallad/Räkor: 4 | Sandwich/Bacon & Äggröra: 2 | Sandwich/Clubsandwich: 1 | Sandwich/Kyckling Curry: 2 | Sandwich/Räkor: 2 | Sandwich/Ägg & Avocadokräm: 3 | Wraps/Caesar Kyckling: 5 | Wraps/Kyckling Bacon: 3 | Wraps/Kyckling Curry: 5 | Wraps/Sweet Chili: 2 | XL Frallor/Grovfralla Kalkon & Färskost: 2 | XL Frallor/Ost & Skinka: 1 | XL Frallor/Ost: 1
Stockholm Väst,ICA Supermarket solbo,Sunday,31,21~41,17,Baguette/Ost & Skinka: 1 | Baguette/Salami & Brieost: 1 | Baguette/Skagen: 2 | Fralla/Ost & Skinka: 1 | Fralla/Ost: 1 | Grönsallad/Caesarsallad: 2 | Hönökaka/Ost & Skinka: 1 | Pastasallad/Kyckling & Salladsost: 4 | Pastasallad/Kyckling mangocurry: 4 | Pastasallad/Ost & Skinka: 2 | Pastasallad/Räkor: 3 | Sandwich/Kyckling Curry: 1 | Sandwich/Räkor: 1 | Sandwich/Ägg & Avocadokräm: 1 | Wraps/Caesar Kyckling: 2 | Wraps/Kyckling Bacon: 2 | Wraps/Kyckling Curry: 2
Stockholm Väst,ICA nära Vårby gård,Sunday,35,27~49,19,Baguette/Salami & Brieost: 1 | Baguette/Skagen: 2 | Fralla/Ost & Skinka: 1 | Fralla/Ost: 1 | Grönsallad/Caesarsallad: 2 | Hönökaka/Ost & Skinka: 1 | Hönökaka/Ost: 2 | Pastasallad/Kyckling & Salladsost: 5 | Pastasallad/Kyckling kebab: 2 | Pastasallad/Kyckling mangocurry: 4 | Pastasallad/Räkor: 2 | Sandwich/Kyckling Pestoröra: 1 | Sandwich/Räkor: 1 | Sandwich/Ägg & Avocadokräm: 2 | Wraps/Caesar Kyckling: 2 | Wraps/Kyckling Bacon: 2 | Wraps/Kyckling Curry: 2 | Wraps/Sweet Chili: 1 | XL Frallor/Grovfralla Kalkon & Färskost: 1
Stockholm Väst,Prisma Skärholmen,Sunday,25,18~37,12,Baguette/Kyckling Sweet Chili: 1 | Fralla/Ost: 2 | Hönökaka/Ost: 2 | Pastasallad/Kyckling & Salladsost: 3 | Pastasallad/Kyckling mangocurry: 3 | Pastasallad/Räkor: 2 | Sandwich/Kyckling Pestoröra: 1 | Sandwich/Ägg & Avocadokräm: 2 | Wraps/Caesar Kyckling: 2 | Wraps/Kyckling Curry: 2 | Wraps/Sweet Chili: 3 | XL Frallor/Grovfralla Kalkon & Färskost: 2
Stockholm Väst,Supergrossen Hallunda,Sunday,23,10~34,17,Baguette/Kyckling Curry: 1 | Baguette/Ost & Skinka: 1 | Baguette/Salami & Brieost: 1 | Baguette/Skagen: 1 | Fralla/Ost & Skinka: 1 | Fralla/Ost: 1 | Hönökaka/Ost & Salami: 1 | Pastasallad/Kyckling & Salladsost: 2 | Pastasallad/Kyckling kebab: 1 | Pastasallad/Kyckling mangocurry: 2 | Pastasallad/Räkor: 2 | Sandwich/Ägg & Avocadokräm: 1 | Wraps/Caesar Kyckling: 2 | Wraps/Kyckling Bacon: 2 | Wraps/Kyckling Curry: 2 | Wraps/Sweet Chili: 1 | XL Frallor/Grovfralla Kalkon & Färskost: 1
Stockholm Väst,Vivo ellbe,Sunday,31,26~50,19,Baguette/Ost & Skinka: 1 | Baguette/Salami & Brieost: 1 | Baguette/Skagen: 1 | Fralla/Ost & Skinka: 1 | Fralla/Ost: 1 | Grönsallad/Caesarsallad: 1 | Hönökaka/Ost: 1 | Pastasallad/Kyckling & Salladsost: 4 | Pastasallad/Kyckling kebab: 2 | Pastasallad/Kyckling mangocurry: 4 | Pastasallad/Ost & Skinka: 3 | Pastasallad/Räkor: 3 | Sandwich/Clubsandwich: 1 | Sandwich/Kyckling Pestoröra: 1 | Sandwich/Räkor: 1 | Wraps/Caesar Kyckling: 1 | Wraps/Kyckling Bacon: 2 | Wraps/Kyckling Curry: 1 | Wraps/Sweet Chili: 1
Stockholm Väst,X-tra Aspudden,Sunday,13,9~21,12,Baguette/Kyckling Curry: 1 | Baguette/Salami & Brieost: 1 | Fralla/Ost & Skinka: 1 | Fralla/Ost: 2 | Hönökaka/Ost & Salami: 1 | Hönökaka/Ost & Skinka: 1 | Hönökaka/Ost: 1 | Pastasallad/Kyckling & Salladsost: 1 | Pastasallad/Kyckling mangocurry: 1 | Wraps/Caesar Kyckling: 1 | Wraps/Kyckling Bacon: 1 | Wraps/Kyckling Curry: 1
Stockholm Väst,Daniel tobak affären (enbart tisdagar),Monday,24,17~35,8,Baguette/Kyckling Curry: 2 | Baguette/Ost & Skinka: 2 | Baguette/Salami & Brieost: 2 | Baguette/Skagen: 2 | Fralla/Ost & Skinka: 4 | Fralla/Ost: 4 | Sandwich/Kyckling Curry: 2 | XL Frallor/Grovfralla Kalkon & Färskost: 6
Stockholm Väst,Coop  SVANDAMMSPLAN,Tuesday,34,28~55,28,Baguette/Kyckling Curry: 1 | Baguette/Kyckling Sweet Chili: 1 | Baguette/Ost & Skinka: 1 | Baguette/Salami & Brieost: 1 | Baguette/Skagen: 1 | Fralla/Ost & Skinka: 2 | Fralla/Ost: 2 | Grönsallad/Kyckling: 1 | Hönökaka/Ost & Salami: 1 | Hönökaka/Ost & Skinka: 2 | Hönökaka/Ost: 1 | Pastasallad/Bacon & Kyckling: 1 | Pastasallad/Kyckling & Salladsost: 2 | Pastasallad/Kyckling mangocurry: 2 | Pastasallad/Ost & Skinka: 1 | Pastasallad/Räkor: 1 | Räkmacka Liten/Räkmacka liten: 1 | Sandwich/Clubsandwich: 1 | Sandwich/Kyckling Curry: 1 | Sandwich/Kyckling Pestoröra: 1 | Sandwich/Räkor: 1 | Sandwich/Ägg & Avocadokräm: 1 | Wraps/Caesar Kyckling: 1 | Wraps/Kyckling Bacon: 1 | Wraps/Kyckling Curry: 2 | Wraps/Kycklingsallad Olivie: 1 | Wraps/Sweet Chili: 1 | Wraps/Wrap Curry Oumph!: 1
Stockholm Väst,Coop Folkparken,Tuesday,22,17~33,16,Baguette/Ost & Skinka: 2 | Baguette/Salami & Brieost: 2 | Baguette/Skagen: 1 | Fralla/Ost & Skinka: 2 | Fralla/Ost: 2 | Hönökaka/Ost & Skinka: 1 | Pastasallad/Kyckling & Salladsost: 2 | Pastasallad/Kyckling mangocurry: 2 | Pastasallad/Ost & Skinka: 1 | Pastasallad/Räkor: 1 | Sandwich/Kyckling Curry: 1 | Sandwich/Kyckling Pestoröra: 1 | Wraps/Caesar Kyckling: 1 | Wraps/Kyckling Bacon: 1 | Wraps/Kyckling Curry: 1 | XL Frallor/Grovfralla Kalkon & Färskost: 1
Stockholm Väst,Coop Kristineberg,Tuesday,43,35~63,23,Baguette/Kyckling Curry: 1 | Baguette/Ost & Skinka: 1 | Baguette/Salami & Brieost: 1 | Baguette/Skagen: 1 | Fralla/Ost & Skinka: 2 | Fralla/Ost: 1 | Hönökaka/Ost & Salami: 1 | Hönökaka/Ost & Skinka: 1 | Hönökaka/Ost: 2 | Pastasallad/Kyckling & Salladsost: 2 | Pastasallad/Kyckling mangocurry: 3 | Pastasallad/Ost & Skinka: 1 | Pastasallad/Räkor: 2 | Sandwich/Bacon & Äggröra: 1 | Sandwich/Clubsandwich: 1 | Sandwich/Kyckling Curry: 1 | Sandwich/Ägg & Avocadokräm: 1 | Wraps/Caesar Kyckling: 5 | Wraps/Kyckling Bacon: 4 | Wraps/Kyckling Curry: 5 | Wraps/Sweet Chili: 4 | XL Frallor/Ost & Skinka: 1 | XL Frallor/Ost: 1
Stockholm Väst,Coop Mälarhöjden,Tuesday,3,3~3,3,Fralla/Ost & Skinka: 1 | Fralla/Ost: 1 | Wraps/Kyckling Bacon: 1
Stockholm Väst,Coop Storsjövägen,Tuesday,17,16~29,13,Baguette/Ost & Skinka: 1 | Baguette/Salami & Brieost: 1 | Fralla/Ost & Skinka: 1 | Fralla/Ost: 1 | Hönökaka/Ost & Skinka: 1 | Hönökaka/Ost: 1 | Pastasallad/Kyckling & Salladsost: 2 | Pastasallad/Kyckling mangocurry: 2 | Pastasallad/Räkor: 2 | Wraps/Caesar Kyckling: 1 | Wraps/Kyckling Bacon: 1 | Wraps/Kyckling Curry: 2 | Wraps/Sweet Chili: 1
Stockholm Väst,Coop Södertälje,Tuesday,12,5~17,12,Baguette/Ost & Skinka: 1 | Baguette/Salami & Brieost: 1 | Baguette/Skagen: 1 | Grönsallad/Caesarsallad: 1 | Hönökaka/Ost & Skinka: 1 | Hönökaka/Ost: 1 | Pastasallad/Kyckling & Salladsost: 1 | Pastasallad/Kyckling mangocurry: 1 | Pastasallad/Räkor: 1 | Wraps/Caesar Kyckling: 1 | Wraps/Kyckling Bacon: 1 | Wraps/Kyckling Curry: 1
Stockholm Väst,Coop Västertorp,Tuesday,39,29~54,20,Baguette/Kyckling Curry: 1 | Baguette/Ost & Skinka: 1 | Baguette/Salami & Brieost: 1 | Baguette/Skagen: 1 | Fralla/Ost & Skinka: 2 | Fralla/Ost: 1 | Grönsallad/Caesarsallad: 2 | Hönökaka/Ost: 2 | Pastasallad/Falafel: 2 | Pastasallad/Kyckling & Salladsost: 4 | Pastasallad/Kyckling mangocurry: 4 | Pastasallad/Räkor: 3 | Sandwich/Clubsandwich: 2 | Sandwich/Kyckling Pestoröra: 1 | Sandwich/Räkor: 1 | Sandwich/Ägg & Avocadokräm: 1 | Wraps/Caesar Kyckling: 3 | Wraps/Kyckling Bacon: 3 | Wraps/Kyckling Curry: 2 | Wraps/Sweet Chili: 2
Stockholm Väst,Coop rönninge,Tuesday,20,15~28,18,Baguette/Ost & Skinka: 1 | Baguette/Salami & Brieost: 1 | Baguette/Skagen: 1 | Fralla/Ost: 1 | Grönsallad/Caesarsallad: 1 | Hönökaka/Ost & Skinka: 1 | Hönökaka/Ost: 1 | Pastasallad/Kyckling & Salladsost: 2 | Pastasallad/Kyckling mangocurry: 2 | Pastasallad/Ost & Skinka: 1 | Pastasallad/Räkor: 1 | Sandwich/Clubsandwich: 1 | Sandwich/Kyckling Curry: 1 | Sandwich/Räkor: 1 | Wraps/Caesar Kyckling: 1 | Wraps/Kyckling Bacon: 1 | Wraps/Kyckling Curry: 1 | Wraps/Sweet Chili: 1
Stockholm Väst,Coop Älvsjötorg,Tuesday,12,8~12,12,Baguette/Kyckling Sweet Chili: 1 | Baguette/Kycklingsallad Olivie: 1 | Baguette/Ost & Skinka: 1 | Baguette/Salami & Brieost: 1 | Pastasallad/Bacon & Kyckling: 1 | Pastasallad/Falafel: 1 | Pastasallad/Kyckling & Salladsost: 1 | Pastasallad/Kyckling mangocurry: 1 | Pastasallad/Räkor: 1 | Wraps/Kyckling Bacon: 1 | Wraps/Kyckling Curry: 1 | Wraps/Sweet Chili: 1
Stockholm Väst,ICA Essingen,Tuesday,55,43~74,24,Baguette/Ost & Skinka: 1 | Baguette/Salami & Brieost: 1 | Baguette/Skagen: 2 | Fralla/Ost & Skinka: 4 | Fralla/Ost: 3 | Grönsallad/Caesarsallad: 1 | Hönökaka/Ost & Salami: 2 | Hönökaka/Ost & Skinka: 2 | Hönökaka/Ost: 2 | Pastasallad/Kyckling & Salladsost: 4 | Pastasallad/Kyckling mangocurry: 4 | Pastasallad/Räkor: 3 | Sandwich/Bacon & Äggröra: 2 | Sandwich/Clubsandwich: 1 | Sandwich/Kyckling Curry: 2 | Sandwich/Räkor: 2 | Sandwich/Ägg & Avocadokräm: 3 | Wraps/Caesar Kyckling: 4 | Wraps/Kyckling Bacon: 3 | Wraps/Kyckling Curry: 5 | Wraps/Sweet Chili: 1 | XL Frallor/Grovfralla Kalkon & Färskost: 1 | XL Frallor/Ost & Skinka: 1 | XL Frallor/Ost: 1
Stockholm Väst,ICA Supermarket solbo,Tuesday,31,23~47,17,Baguette/Ost & Skinka: 1 | Baguette/Salami & Brieost: 1 | Baguette/Skagen: 2 | Fralla/Ost & Skinka: 1 | Fralla/Ost: 1 | Grönsallad/Caesarsallad: 2 | Hönökaka/Ost & Skinka: 1 | Pastasallad/Kyckling & Salladsost: 4 | Pastasallad/Kyckling mangocurry: 4 | Pastasallad/Ost & Skinka: 2 | Pastasallad/Räkor: 3 | Sandwich/Kyckling Curry: 1 | Sandwich/Räkor: 1 | Sandwich/Ägg & Avocadokräm: 1 | Wraps/Caesar Kyckling: 2 | Wraps/Kyckling Bacon: 2 | Wraps/Kyckling Curry: 2
Stockholm Väst,ICA nära Vårby gård,Tuesday,26,21~33,19,Baguette/Salami & Brieost: 1 | Baguette/Skagen: 1 | Fralla/Ost & Skinka: 1 | Fralla/Ost: 1 | Grönsallad/Caesarsallad: 1 | Hönökaka/Ost & Skinka: 1 | Hönökaka/Ost: 2 | Pastasallad/Kyckling & Salladsost: 3 | Pastasallad/Kyckling kebab: 1 | Pastasallad/Kyckling mangocurry: 3 | Pastasallad/Räkor: 2 | Sandwich/Kyckling Pestoröra: 1 | Sandwich/Räkor: 1 | Sandwich/Ägg & Avocadokräm: 1 | Wraps/Caesar Kyckling: 2 | Wraps/Kyckling Bacon: 1 | Wraps/Kyckling Curry: 1 | Wraps/Sweet Chili: 1 | XL Frallor/Grovfralla Kalkon & Färskost: 1
Stockholm Väst,Prisma Skärholmen,Tuesday,10,7~13,10,Fralla/Ost: 1 | Hönökaka/Ost: 1 | Pastasallad/Kyckling & Salladsost: 1 | Pastasallad/Kyckling mangocurry: 1 | Pastasallad/Räkor: 1 | Sandwich/Ägg & Avocadokräm: 1 | Wraps/Caesar Kyckling: 1 | Wraps/Kyckling Curry: 1 | Wraps/Sweet Chili: 1 | XL Frallor/Grovfralla Kalkon & Färskost: 1
Stockholm Väst,Supergrossen Hallunda,Tuesday,17,10~27,17,Baguette/Kyckling Curry: 1 | Baguette/Ost & Skinka: 1 | Baguette/Salami & Brieost: 1 | Baguette/Skagen: 1 | Fralla/Ost & Skinka: 1 | Fralla/Ost: 1 | Hönökaka/Ost & Salami: 1 | Pastasallad/Kyckling & Salladsost: 1 | Pastasallad/Kyckling kebab: 1 | Pastasallad/Kyckling mangocurry: 1 | Pastasallad/Räkor: 1 | Sandwich/Ägg & Avocadokräm: 1 | Wraps/Caesar Kyckling: 1 | Wraps/Kyckling Bacon: 1 | Wraps/Kyckling Curry: 1 | Wraps/Sweet Chili: 1 | XL Frallor/Grovfralla Kalkon & Färskost: 1
Stockholm Väst,Vivo ellbe,Tuesday,28,25~45,19,Baguette/Ost & Skinka: 1 | Baguette/Salami & Brieost: 1 | Baguette/Skagen: 1 | Fralla/Ost & Skinka: 1 | Fralla/Ost: 1 | Grönsallad/Caesarsallad: 1 | Hönökaka/Ost: 1 | Pastasallad/Kyckling & Salladsost: 3 | Pastasallad/Kyckling kebab: 2 | Pastasallad/Kyckling mangocurry: 4 | Pastasallad/Ost & Skinka: 2 | Pastasallad/Räkor: 3 | Sandwich/Clubsandwich: 1 | Sandwich/Kyckling Pestoröra: 1 | Sandwich/Räkor: 1 | Wraps/Caesar Kyckling: 1 | Wraps/Kyckling Bacon: 1 | Wraps/Kyckling Curry: 1 | Wraps/Sweet Chili: 1
Stockholm Väst,X-tra Aspudden,Tuesday,16,9~27,12,Baguette/Kyckling Curry: 1 | Baguette/Salami & Brieost: 1 | Fralla/Ost & Skinka: 1 | Fralla/Ost: 3 | Hönökaka/Ost & Salami: 1 | Hönökaka/Ost & Skinka: 2 | Hönökaka/Ost: 2 | Pastasallad/Kyckling & Salladsost: 1 | Pastasallad/Kyckling mangocurry: 1 | Wraps/Caesar Kyckling: 1 | Wraps/Kyckling Bacon: 1 | Wraps/Kyckling Curry: 1
Stockholm Väst,Coop  SVANDAMMSPLAN,Thursday,41,21~49,25,Baguette/Kyckling Curry: 1 | Baguette/Ost & Skinka: 2 | Baguette/Salami & Brieost: 2 | Baguette/Skagen: 1 | Fralla/Ost & Skinka: 2 | Fralla/Ost: 3 | Hönökaka/Ost & Salami: 1 | Hönökaka/Ost & Skinka: 3 | Hönökaka/Ost: 2 | Pastasallad/Bacon & Kyckling: 1 | Pastasallad/Kyckling & Salladsost: 1 | Pastasallad/Kyckling mangocurry: 1 | Pastasallad/Räkor: 2 | Räkmacka Liten/Räkmacka liten: 2 | Sandwich/Clubsandwich: 1 | Sandwich/Kyckling Curry: 2 | Sandwich/Kyckling Pestoröra: 2 | Sandwich/Räkor: 1 | Sandwich/Ägg & Avocadokräm: 1 | Wraps/Caesar Kyckling: 2 | Wraps/Kyckling Bacon: 2 | Wraps/Kyckling Curry: 1 | Wraps/Kycklingsallad Olivie: 2 | Wraps/Sweet Chili: 2 | Wraps/Wrap Curry Oumph!: 1
Stockholm Väst,Coop Folkparken,Thursday,18,10~27,17,Baguette/Ost & Skinka: 1 | Baguette/Salami & Brieost: 1 | Baguette/Skagen: 1 | Fralla/Ost & Skinka: 1 | Fralla/Ost: 1 | Hönökaka/Ost & Skinka: 1 | Pastasallad/Kyckling & Salladsost: 1 | Pastasallad/Kyckling mangocurry: 2 | Pastasallad/Ost & Skinka: 1 | Pastasallad/Räkor: 1 | Sandwich/Kyckling Curry: 1 | Sandwich/Kyckling Pestoröra: 1 | Sandwich/Ägg & Avocadokräm: 1 | Wraps/Caesar Kyckling: 1 | Wraps/Kyckling Bacon: 1 | Wraps/Kyckling Curry: 1 | XL Frallor/Grovfralla Kalkon & Färskost: 1
Stockholm Väst,Coop Kristineberg,Thursday,45,28~58,22,Baguette/Kyckling Curry: 1 | Baguette/Ost & Skinka: 1 | Baguette/Salami & Brieost: 1 | Baguette/Skagen: 1 | Fralla/Ost & Skinka: 3 | Fralla/Ost: 2 | Hönökaka/Ost & Salami: 2 | Hönökaka/Ost & Skinka: 2 | Hönökaka/Ost: 1 | Pastasallad/Kyckling & Salladsost: 3 | Pastasallad/Kyckling mangocurry: 3 | Pastasallad/Ost & Skinka: 1 | Pastasallad/Räkor: 1 | Sandwich/Bacon & Äggröra: 1 | Sandwich/Kyckling Curry: 1 | Sandwich/Ägg & Avocadokräm: 2 | Wraps/Caesar Kyckling: 4 | Wraps/Kyckling Bacon: 4 | Wraps/Kyckling Curry: 4 | Wraps/Sweet Chili: 3 | XL Frallor/Ost & Skinka: 2 | XL Frallor/Ost: 2
Stockholm Väst,Coop Storsjövägen,Thursday,19,8~20,13,Baguette/Ost & Skinka: 1 | Baguette/Salami & Brieost: 1 | Fralla/Ost & Skinka: 1 | Fralla/Ost: 1 | Hönökaka/Ost & Skinka: 1 | Hönökaka/Ost: 1 | Pastasallad/Kyckling & Salladsost: 3 | Pastasallad/Kyckling mangocurry: 3 | Pastasallad/Räkor: 1 | Wraps/Caesar Kyckling: 1 | Wraps/Kyckling Bacon: 1 | Wraps/Kyckling Curry: 3 | Wraps/Sweet Chili: 1
Stockholm Väst,Coop Södertälje,Thursday,13,12~25,13,Baguette/Ost & Skinka: 1 | Baguette/Salami & Brieost: 1 | Baguette/Skagen: 1 | Grönsallad/Caesarsallad: 1 | Hönökaka/Ost & Skinka: 1 | Hönökaka/Ost: 1 | Pastasallad/Kyckling & Salladsost: 1 | Pastasallad/Kyckling mangocurry: 1 | Pastasallad/Räkor: 1 | Wraps/Caesar Kyckling: 1 | Wraps/Kyckling Bacon: 1 | Wraps/Kyckling Curry: 1 | XL Frallor/Grovfralla Kalkon & Färskost: 1
Stockholm Väst,Coop Västertorp,Thursday,40,27~53,22,Baguette/Kyckling Curry: 2 | Baguette/Ost & Skinka: 1 | Baguette/Salami & Brieost: 1 | Baguette/Skagen: 1 | Fralla/Ost & Skinka: 2 | Fralla/Ost: 2 | Grönsallad/Caesarsallad: 1 | Hönökaka/Ost: 3 | Pastasallad/Falafel: 1 | Pastasallad/Kyckling & Salladsost: 3 | Pastasallad/Kyckling mangocurry: 4 | Pastasallad/Räkor: 3 | Sandwich/Bacon & Äggröra: 1 | Sandwich/Clubsandwich: 1 | Sandwich/Kyckling Curry: 1 | Sandwich/Kyckling Pestoröra: 2 | Wraps/Caesar Kyckling: 2 | Wraps/Kyckling Bacon: 2 | Wraps/Kyckling Curry: 3 | Wraps/Sweet Chili: 2 | XL Frallor/Ost & Skinka: 1 | XL Frallor/Ost: 1
Stockholm Väst,Coop rönninge,Thursday,28,11~35,18,Baguette/Kyckling Curry: 1 | Baguette/Ost & Skinka: 1 | Baguette/Skagen: 1 | Fralla/Ost & Skinka: 1 | Grönsallad/Caesarsallad: 2 | Hönökaka/Ost & Skinka: 1 | Hönökaka/Ost: 1 | Pastasallad/Kyckling & Salladsost: 3 | Pastasallad/Kyckling mangocurry: 2 | Pastasallad/Ost & Skinka: 2 | Pastasallad/Räkor: 2 | Sandwich/Clubsandwich: 1 | Sandwich/Räkor: 1 | Wraps/Caesar Kyckling: 2 | Wraps/Kyckling Bacon: 2 | Wraps/Kyckling Curry: 2 | Wraps/Sweet Chili: 2 | XL Frallor/Grovfralla Kalkon & Färskost: 1
Stockholm Väst,Coop Älvsjötorg,Thursday,21,13~38,13,Baguette/Kyckling Sweet Chili: 1 | Baguette/Kycklingsallad Olivie: 1 | Baguette/Ost & Skinka: 2 | Baguette/Salami & Brieost: 1 | Pastasallad/Bacon & Kyckling: 1 | Pastasallad/Falafel: 2 | Pastasallad/Kyckling & Salladsost: 2 | Pastasallad/Kyckling mangocurry: 2 | Pastasallad/Räkor: 2 | Sandwich/Bacon & Äggröra: 1 | Wraps/Kyckling Bacon: 2 | Wraps/Kyckling Curry: 2 | Wraps/Sweet Chili: 2
Stockholm Väst,ICA Essingen,Thursday,44,35~63,24,Baguette/Ost & Skinka: 1 | Baguette/Salami & Brieost: 1 | Baguette/Skagen: 1 | Fralla/Ost & Skinka: 3 | Fralla/Ost: 3 | Grönsallad/Caesarsallad: 1 | Hönökaka/Ost & Salami: 1 | Hönökaka/Ost & Skinka: 2 | Hönökaka/Ost: 2 | Pastasallad/Kyckling & Salladsost: 3 | Pastasallad/Kyckling mangocurry: 4 | Pastasallad/Räkor: 3 | Sandwich/Bacon & Äggröra: 1 | Sandwich/Clubsandwich: 1 | Sandwich/Kyckling Curry: 1 | Sandwich/Räkor: 1 | Sandwich/Ägg & Avocadokräm: 2 | Wraps/Caesar Kyckling: 3 | Wraps/Kyckling Bacon: 2 | Wraps/Kyckling Curry: 4 | Wraps/Sweet Chili: 1 | XL Frallor/Grovfralla Kalkon & Färskost: 1 | XL Frallor/Ost & Skinka: 1 | XL Frallor/Ost: 1
Stockholm Väst,ICA Supermarket solbo,Thursday,24,20~33,17,Baguette/Ost & Skinka: 1 | Baguette/Salami & Brieost: 1 | Baguette/Skagen: 1 | Fralla/Ost & Skinka: 1 | Fralla/Ost: 1 | Grönsallad/Caesarsallad: 1 | Hönökaka/Ost & Salami: 1 | Hönökaka/Ost & Skinka: 1 | Pastasallad/Kyckling & Salladsost: 4 | Pastasallad/Kyckling mangocurry: 4 | Pastasallad/Ost & Skinka: 1 | Pastasallad/Räkor: 2 | Sandwich/Kyckling Curry: 1 | Sandwich/Ägg & Avocadokräm: 1 | Wraps/Caesar Kyckling: 1 | Wraps/Kyckling Bacon: 1 | Wraps/Kyckling Curry: 1
Stockholm Väst,ICA nära Vårby gård,Thursday,27,18~45,18,Baguette/Salami & Brieost: 1 | Baguette/Skagen: 1 | Fralla/Ost & Skinka: 1 | Fralla/Ost: 1 | Grönsallad/Caesarsallad: 1 | Hönökaka/Ost & Skinka: 1 | Hönökaka/Ost: 2 | Pastasallad/Kyckling & Salladsost: 4 | Pastasallad/Kyckling kebab: 2 | Pastasallad/Kyckling mangocurry: 3 | Pastasallad/Räkor: 2 | Sandwich/Kyckling Pestoröra: 1 | Sandwich/Ägg & Avocadokräm: 1 | Wraps/Caesar Kyckling: 2 | Wraps/Kyckling Bacon: 1 | Wraps/Kyckling Curry: 1 | Wraps/Sweet Chili: 1 | XL Frallor/Grovfralla Kalkon & Färskost: 1
Stockholm Väst,Prisma Skärholmen,Thursday,8,3~12,8,Fralla/Ost: 1 | Hönökaka/Ost: 1 | Pastasallad/Kyckling & Salladsost: 1 | Pastasallad/Kyckling mangocurry: 1 | Sandwich/Kyckling Pestoröra: 1 | Wraps/Kyckling Curry: 1 | Wraps/Sweet Chili: 1 | XL Frallor/Grovfralla Kalkon & Färskost: 1
Stockholm Väst,Supergrossen Hallunda,Thursday,12,6~18,12,Baguette/Ost & Skinka: 1 | Baguette/Salami & Brieost: 1 | Fralla/Ost & Skinka: 1 | Hönökaka/Ost: 1 | Pastasallad/Kyckling & Salladsost: 1 | Pastasallad/Kyckling mangocurry: 1 | Pastasallad/Räkor: 1 | Sandwich/Clubsandwich: 1 | Sandwich/Ägg & Avocadokräm: 1 | Wraps/Caesar Kyckling: 1 | Wraps/Kyckling Bacon: 1 | Wraps/Kyckling Curry: 1
Stockholm Väst,Vivo ellbe,Thursday,30,10~35,22,Baguette/Ost & Skinka: 1 | Baguette/Salami & Brieost: 1 | Baguette/Skagen: 1 | Fralla/Ost & Skinka: 1 | Fralla/Ost: 1 | Grönsallad/Caesarsallad: 1 | Hönökaka/Ost & Salami: 1 | Hönökaka/Ost: 1 | Pastasallad/Kyckling & Salladsost: 3 | Pastasallad/Kyckling kebab: 2 | Pastasallad/Kyckling mangocurry: 3 | Pastasallad/Ost & Skinka: 2 | Pastasallad/Räkor: 3 | Sandwich/Clubsandwich: 1 | Sandwich/Kyckling Curry: 1 | Sandwich/Kyckling Pestoröra: 1 | Sandwich/Räkor: 1 | Sandwich/Ägg & Avocadokräm: 1 | Wraps/Caesar Kyckling: 1 | Wraps/Kyckling Bacon: 1 | Wraps/Kyckling Curry: 1 | XL Frallor/Grovfralla Kalkon & Färskost: 1
Stockholm Väst,X-tra Aspudden,Thursday,11,3~12,11,Baguette/Ost & Skinka: 1 | Baguette/Skagen: 1 | Fralla/Ost & Skinka: 1 | Fralla/Ost: 1 | Hönökaka/Ost & Salami: 1 | Hönökaka/Ost & Skinka: 1 | Hönökaka/Ost: 1 | Pastasallad/Kyckling & Salladsost: 1 | Pastasallad/Räkor: 1 | Wraps/Kyckling Bacon: 1 | Wraps/Kyckling Curry: 1
Stockholm Xtra,Coop Bergshamra,Sunday,28,18~35,17,Baguette/Kyckling Curry: 1 | Baguette/Ost & Skinka: 1 | Baguette/Salami & Brieost: 1 | Baguette/Skagen: 1 | Fralla/Ost & Skinka: 2 | Fralla/Ost: 2 | Hönökaka/Ost & Skinka: 2 | Hönökaka/Ost: 2 | Pastasallad/Kyckling & Salladsost: 2 | Pastasallad/Kyckling kebab: 1 | Pastasallad/Kyckling mangocurry: 2 | Pastasallad/Räkor: 1 | Sandwich/Clubsandwich: 2 | Sandwich/Kyckling Curry: 2 | Wraps/Caesar Kyckling: 2 | Wraps/Kyckling Bacon: 2 | Wraps/Kyckling Curry: 2
Stockholm Xtra,Coop Erik Dahlbersgatan,Sunday,58,36~87,30,Baguette/Kyckling Curry: 1 | Baguette/Ost & Skinka: 1 | Baguette/Salami & Brieost: 2 | Baguette/Skagen: 2 | Fralla/Ost & Skinka: 3 | Fralla/Ost: 2 | Grönsallad/Caesarsallad: 1 | Hönökaka/Ost & Salami: 2 | Hönökaka/Ost & Skinka: 3 | Hönökaka/Ost: 1 | Pastasallad/Bacon & Kyckling: 2 | Pastasallad/Kyckling & Salladsost: 3 | Pastasallad/Kyckling kebab: 1 | Pastasallad/Kyckling mangocurry: 4 | Pastasallad/Ost & Skinka: 2 | Pastasallad/Räkor: 3 | Sandwich/Clubsandwich: 1 | Sandwich/Kyckling Curry: 2 | Sandwich/Kyckling Pestoröra: 1 | Sandwich/Räkor: 2 | Sandwich/Ägg & Avocadokräm: 1 | Varmrätt/Cevapcici med bulgur: 1 | Varmrätt/Kycklingpestosallad: 1 | Varmrätt/Kycklingspett med ris: 1 | Varmrätt/Teriyakikycklingfile med basmatiris: 1 | Wraps/Caesar Kyckling: 3 | Wraps/Kyckling Bacon: 3 | Wraps/Kyckling Curry: 3 | Wraps/Sweet Chili: 3 | XL Frallor/Grovfralla Kalkon & Färskost: 2
Stockholm Xtra,Coop Garnisonen,Sunday,83,66~115,26,Baguette/Kyckling Curry: 2 | Baguette/Ost & Skinka: 1 | Baguette/Salami & Brieost: 2 | Baguette/Skagen: 2 | Fralla/Ost & Skinka: 6 | Fralla/Ost: 5 | Hönökaka/Ost & Salami: 3 | Hönökaka/Ost & Skinka: 7 | Hönökaka/Ost: 7 | Pastasallad/Bacon & Kyckling: 2 | Pastasallad/Kyckling & Salladsost: 3 | Pastasallad/Kyckling mangocurry: 4 | Pastasallad/Ost & Skinka: 1 | Pastasallad/Räkor: 3 | Sandwich/Bacon & Äggröra: 2 | Sandwich/Clubsandwich: 2 | Sandwich/Kyckling Curry: 2 | Sandwich/Kyckling Pestoröra: 1 | Sandwich/Räkor: 1 | Wraps/Caesar Kyckling: 4 | Wraps/Kyckling Bacon: 5 | Wraps/Kyckling Curry: 4 | Wraps/Sweet Chili: 5 | XL Frallor/Grovfralla Kalkon & Färskost: 2 | XL Frallor/Ost & Skinka: 4 | XL Frallor/Ost: 3
Stockholm Xtra,Coop STORGATAN,Sunday,79,63~112,28,Baguette/Kyckling Sweet Chili: 1 | Baguette/Ost & Skinka: 1 | Baguette/Salami & Brieost: 1 | Baguette/Skagen: 2 | Fralla/Ost & Skinka: 5 | Fralla/Ost: 2 | Grönsallad/Caesarsallad: 2 | Grönsallad/Kyckling: 1 | Hönökaka/Ost & Salami: 4 | Hönökaka/Ost & Skinka: 5 | Hönökaka/Ost: 3 | Pastasallad/Bacon & Kyckling: 4 | Pastasallad/Kyckling & Salladsost: 5 | Pastasallad/Kyckling mangocurry: 6 | Pastasallad/Ost & Skinka: 4 | Pastasallad/Räkor: 5 | Sandwich/Bacon & Äggröra: 2 | Sandwich/Clubsandwich: 2 | Sandwich/Kyckling Curry: 2 | Sandwich/Räkor: 4 | Varmrätt/Cevapcici med bulgur: 1 | Varmrätt/Pannbiff med Basmatiris: 1 | Wraps/Caesar Kyckling: 4 | Wraps/Kyckling Bacon: 4 | Wraps/Kyckling Curry: 3 | Wraps/Sweet Chili: 3 | XL Frallor/Grovfralla Kalkon & Färskost: 1 | XL Frallor/Ost: 1
Stockholm Xtra,ICA Dragonen,Sunday,31,21~46,24,Baguette/Kyckling Curry: 1 | Baguette/Salami & Brieost: 1 | Baguette/Skagen: 1 | Fralla/Ost & Skinka: 1 | Fralla/Ost: 2 | Hönökaka/Ost & Salami: 1 | Hönökaka/Ost & Skinka: 1 | Hönökaka/Ost: 1 | Pastasallad/Bacon & Kyckling: 1 | Pastasallad/Kyckling & Salladsost: 2 | Pastasallad/Kyckling mangocurry: 3 | Pastasallad/Räkor: 1 | Sandwich/Clubsandwich: 1 | Sandwich/Kyckling Curry: 1 | Sandwich/Kyckling Pestoröra: 1 | Sandwich/Räkor: 1 | Varmrätt/Cevapcici med bulgur: 1 | Varmrätt/Kyckling-och böngryta: 1 | Varmrätt/Pannbiff med Basmatiris: 1 | Varmrätt/Teriyakikycklingfile med basmatiris: 1 | Wraps/Caesar Kyckling: 2 | Wraps/Kyckling Bacon: 2 | Wraps/Kyckling Curry: 2 | Wraps/Sweet Chili: 1
Stockholm Xtra,ICA Glädjen,Sunday,86,67~108,27,Baguette/Kyckling Curry: 2 | Baguette/Kyckling Sweet Chili: 2 | Baguette/Ost & Skinka: 2 | Baguette/Salami & Brieost: 2 | Baguette/Skagen: 4 | Fralla/Ost & Skinka: 4 | Fralla/Ost: 2 | Grönsallad/Caesarsallad: 2 | Grönsallad/Kyckling: 2 | Hönökaka/Ost & Salami: 4 | Hönökaka/Ost & Skinka: 4 | Hönökaka/Ost: 3 | Pastasallad/Bacon & Kyckling: 3 | Pastasallad/Kyckling & Salladsost: 4 | Pastasallad/Kyckling mangocurry: 6 | Pastasallad/Ost & Skinka: 2 | Pastasallad/Räkor: 4 | Räkmacka Liten/Räkmacka liten: 1 | Sandwich/Bacon & Äggröra: 2 | Sandwich/Clubsandwich: 3 | Sandwich/Kyckling Curry: 2 | Sandwich/Kyckling Pestoröra: 2 | Sandwich/Räkor: 3 | Wraps/Caesar Kyckling: 6 | Wraps/Kyckling Bacon: 5 | Wraps/Kyckling Curry: 5 | Wraps/Sweet Chili: 5
Stockholm Xtra,ICA Gribbylund,Sunday,38,31~57,17,Baguette/Salami & Brieost: 1 | Baguette/Skagen: 2 | Fralla/Ost & Skinka: 2 | Fralla/Ost: 2 | Hönökaka/Ost & Salami: 1 | Hönökaka/Ost & Skinka: 1 | Hönökaka/Ost: 1 | Pastasallad/Kyckling & Salladsost: 4 | Pastasallad/Kyckling mangocurry: 5 | Pastasallad/Räkor: 3 | Sandwich/Bacon & Äggröra: 2 | Sandwich/Clubsandwich: 1 | Sandwich/Kyckling Curry: 1 | Sandwich/Ägg & Avocadokräm: 3 | Wraps/Caesar Kyckling: 3 | Wraps/Kyckling Curry: 5 | Wraps/Sweet Chili: 1
Stockholm Xtra,ICA Nära Gärdet,Sunday,118,88~160,35,Baguette/Kyckling Sweet Chili: 3 | Baguette/Ost & Skinka: 1 | Baguette/Salami & Brieost: 4 | Baguette/Skagen: 2 | Fralla/Ost & Skinka: 5 | Fralla/Ost: 3 | Glutenfri Frallor/Glutenfri Ost & Skinka(endast söndagsbeställning): 1 | Glutenfri Frallor/Glutenfri Pumpafralla Kalkon & Färskost(endast söndagsbeställning): 1 | Grönsallad/Caesarsallad: 4 | Grönsallad/Kyckling: 3 | Hönökaka/Ost & Salami: 5 | Hönökaka/Ost & Skinka: 6 | Hönökaka/Ost: 4 | Pastasallad/Bacon & Kyckling: 4 | Pastasallad/Kyckling & Salladsost: 6 | Pastasallad/Kyckling mangocurry: 6 | Pastasallad/Ost & Skinka: 2 | Pastasallad/Räkor: 5 | Räkmacka Liten/Räkmacka liten: 1 | Sandwich/Bacon & Äggröra: 2 | Sandwich/Clubsandwich: 2 | Sandwich/Kyckling Curry: 2 | Sandwich/Räkor: 2 | Sandwich/Ägg & Avocadokräm: 1 | Varmrätt/Kyckling-och böngryta: 1 | Varmrätt/Kycklingspett med ris: 1 | Varmrätt/Teriyakibiff med ris: 1 | Varmrätt/Teriyakikycklingfile med basmatiris: 1 | Wraps/Caesar Kyckling: 9 | Wraps/Kyckling Bacon: 9 | Wraps/Kyckling Curry: 9 | Wraps/Sweet Chili: 7 | XL Frallor/Grovfralla Kalkon & Färskost: 1 | XL Frallor/Ost & Skinka: 2 | XL Frallor/Ost: 2
Stockholm Xtra,ICA Nära Lindholmen,Sunday,31,25~48,19,Baguette/Kyckling Curry: 1 | Baguette/Ost & Skinka: 1 | Baguette/Salami & Brieost: 1 | Baguette/Skagen: 1 | Grönsallad/Caesarsallad: 2 | Hönökaka/Ost & Salami: 1 | Hönökaka/Ost & Skinka: 1 | Hönökaka/Ost: 1 | Pastasallad/Bacon & Kyckling: 1 | Pastasallad/Kyckling & Salladsost: 3 | Pastasallad/Kyckling mangocurry: 4 | Pastasallad/Räkor: 2 | Sandwich/Bacon & Äggröra: 1 | Sandwich/Clubsandwich: 1 | Sandwich/Ägg & Avocadokräm: 1 | Wraps/Caesar Kyckling: 2 | Wraps/Kyckling Bacon: 3 | Wraps/Kyckling Curry: 1 | Wraps/Sweet Chili: 3
Stockholm Xtra,ICA Rökubbsgatan,Sunday,77,59~111,29,Baguette/Kyckling Curry: 2 | Baguette/Ost & Skinka: 2 | Baguette/Salami & Brieost: 2 | Baguette/Skagen: 2 | Fralla/Ost & Skinka: 2 | Fralla/Ost: 1 | Grönsallad/Caesarsallad: 2 | Grönsallad/Kyckling: 2 | Hönökaka/Ost & Salami: 2 | Hönökaka/Ost & Skinka: 3 | Hönökaka/Ost: 2 | Pastasallad/Bacon & Kyckling: 4 | Pastasallad/Kyckling & Salladsost: 4 | Pastasallad/Kyckling mangocurry: 5 | Pastasallad/Ost & Skinka: 2 | Pastasallad/Räkor: 4 | Sandwich/Bacon & Äggröra: 2 | Sandwich/Clubsandwich: 1 | Sandwich/Kyckling Curry: 3 | Sandwich/Kyckling Pestoröra: 1 | Sandwich/Räkor: 2 | Varmrätt/Teriyakibiff med ris: 1 | Wraps/Caesar Kyckling: 6 | Wraps/Kyckling Bacon: 6 | Wraps/Kyckling Curry: 5 | Wraps/Sweet Chili: 6 | XL Frallor/Grovfralla Kalkon & Färskost: 1 | XL Frallor/Ost & Skinka: 1 | XL Frallor/Ost: 1
Stockholm Xtra,ICA kvantum Danderyd,Sunday,62,46~80,22,Baguette/Ost & Skinka: 2 | Baguette/Salami & Brieost: 2 | Baguette/Skagen: 2 | Fralla/Ost & Skinka: 4 | Fralla/Ost: 4 | Grönsallad/Caesarsallad: 3 | Hönökaka/Ost & Salami: 3 | Hönökaka/Ost: 3 | Pastasallad/Kyckling & Salladsost: 4 | Pastasallad/Kyckling kebab: 2 | Pastasallad/Kyckling mangocurry: 4 | Pastasallad/Ost & Skinka: 3 | Pastasallad/Räkor: 3 | Sandwich/Clubsandwich: 2 | Sandwich/Ägg & Avocadokräm: 2 | Wraps/Caesar Kyckling: 4 | Wraps/Kyckling Bacon: 4 | Wraps/Kyckling Curry: 3 | Wraps/Sweet Chili: 2 | XL Frallor/Grovfralla Kalkon & Färskost: 2 | XL Frallor/Ost & Skinka: 2 | XL Frallor/Ost: 2
Stockholm Xtra,Tempo Baggeby,Sunday,26,19~45,19,Baguette/Skagen: 1 | Fralla/Ost & Skinka: 2 | Fralla/Ost: 2 | Hönökaka/Ost & Salami: 1 | Hönökaka/Ost & Skinka: 1 | Hönökaka/Ost: 1 | Pastasallad/Kyckling & Salladsost: 2 | Pastasallad/Kyckling kebab: 2 | Pastasallad/Kyckling mangocurry: 2 | Pastasallad/Ost & Skinka: 1 | Pastasallad/Räkor: 2 | Sandwich/Clubsandwich: 1 | Sandwich/Kyckling Curry: 1 | Sandwich/Ägg & Avocadokräm: 1 | Wraps/Caesar Kyckling: 1 | Wraps/Kyckling Bacon: 1 | Wraps/Kyckling Curry: 1 | Wraps/Sweet Chili: 1 | XL Frallor/Grovfralla Kalkon & Färskost: 2
Stockholm Xtra,The Coffice KTH,Sunday,44,31~64,19,Pastasallad/Falafel: 2 | Pastasallad/Kyckling & Salladsost: 4 | Pastasallad/Kyckling kebab: 3 | Pastasallad/Kyckling mangocurry: 4 | Pastasallad/Räkor: 3 | Sandwich/Bacon & Äggröra: 1 | Sandwich/Clubsandwich: 2 | Sandwich/Kyckling Curry: 1 | Sandwich/Kyckling Pestoröra: 1 | Sandwich/Räkor: 2 | Sandwich/Ägg & Avocadokräm: 1 | Varmrätt/Cevapcici med bulgur: 1 | Varmrätt/Kycklingkebab med bulgur: 1 | Varmrätt/Kycklingpestosallad: 1 | Varmrätt/Teriyakikycklingfile med basmatiris: 1 | Wraps/Caesar Kyckling: 4 | Wraps/Kyckling Bacon: 4 | Wraps/Kyckling Curry: 4 | Wraps/Sweet Chili: 4
Stockholm Xtra,ICA Glädjen,Monday,15,11~15,15,Baguette/Skagen: 1 | Fralla/Ost & Skinka: 1 | Hönökaka/Ost & Salami: 1 | Hönökaka/Ost & Skinka: 1 | Hönökaka/Ost: 1 | Pastasallad/Bacon & Kyckling: 1 | Pastasallad/Kyckling & Salladsost: 1 | Pastasallad/Kyckling mangocurry: 1 | Pastasallad/Räkor: 1 | Sandwich/Clubsandwich: 1 | Sandwich/Räkor: 1 | Wraps/Caesar Kyckling: 1 | Wraps/Kyckling Bacon: 1 | Wraps/Kyckling Curry: 1 | Wraps/Sweet Chili: 1
Stockholm Xtra,Coop Bergshamra,Tuesday,18,17~28,17,Baguette/Kyckling Curry: 1 | Baguette/Ost & Skinka: 1 | Baguette/Salami & Brieost: 1 | Baguette/Skagen: 1 | Fralla/Ost & Skinka: 1 | Fralla/Ost: 1 | Hönökaka/Ost & Skinka: 1 | Hönökaka/Ost: 1 | Pastasallad/Kyckling & Salladsost: 1 | Pastasallad/Kyckling kebab: 1 | Pastasallad/Kyckling mangocurry: 1 | Pastasallad/Räkor: 1 | Sandwich/Clubsandwich: 1 | Sandwich/Kyckling Curry: 1 | Wraps/Caesar Kyckling: 1 | Wraps/Kyckling Bacon: 2 | Wraps/Kyckling Curry: 1
Stockholm Xtra,Coop Erik Dahlbersgatan,Tuesday,40,27~54,30,Baguette/Kyckling Curry: 1 | Baguette/Ost & Skinka: 1 | Baguette/Salami & Brieost: 1 | Baguette/Skagen: 1 | Fralla/Ost & Skinka: 2 | Fralla/Ost: 1 | Grönsallad/Caesarsallad: 1 | Hönökaka/Ost & Salami: 1 | Hönökaka/Ost & Skinka: 2 | Hönökaka/Ost: 1 | Pastasallad/Bacon & Kyckling: 1 | Pastasallad/Kyckling & Salladsost: 2 | Pastasallad/Kyckling kebab: 1 | Pastasallad/Kyckling mangocurry: 3 | Pastasallad/Ost & Skinka: 1 | Pastasallad/Räkor: 2 | Sandwich/Clubsandwich: 1 | Sandwich/Kyckling Curry: 1 | Sandwich/Kyckling Pestoröra: 1 | Sandwich/Räkor: 1 | Sandwich/Ägg & Avocadokräm: 1 | Varmrätt/Cevapcici med bulgur: 1 | Varmrätt/Kycklingpestosallad: 1 | Varmrätt/Kycklingspett med ris: 1 | Varmrätt/Teriyakikycklingfile med basmatiris: 1 | Wraps/Caesar Kyckling: 2 | Wraps/Kyckling Bacon: 2 | Wraps/Kyckling Curry: 2 | Wraps/Sweet Chili: 2 | XL Frallor/Grovfralla Kalkon & Färskost: 1
Stockholm Xtra,Coop Garnisonen,Tuesday,41,31~54,26,Baguette/Kyckling Curry: 1 | Baguette/Ost & Skinka: 1 | Baguette/Salami & Brieost: 1 | Baguette/Skagen: 1 | Fralla/Ost & Skinka: 3 | Fralla/Ost: 2 | Hönökaka/Ost & Salami: 2 | Hönökaka/Ost & Skinka: 3 | Hönökaka/Ost: 3 | Pastasallad/Bacon & Kyckling: 1 | Pastasallad/Kyckling & Salladsost: 2 | Pastasallad/Kyckling mangocurry: 2 | Pastasallad/Ost & Skinka: 1 | Pastasallad/Räkor: 1 | Sandwich/Bacon & Äggröra: 1 | Sandwich/Clubsandwich: 1 | Sandwich/Kyckling Curry: 1 | Sandwich/Kyckling Pestoröra: 1 | Sandwich/Räkor: 1 | Wraps/Caesar Kyckling: 2 | Wraps/Kyckling Bacon: 2 | Wraps/Kyckling Curry: 2 | Wraps/Sweet Chili: 2 | XL Frallor/Grovfralla Kalkon & Färskost: 1 | XL Frallor/Ost & Skinka: 2 | XL Frallor/Ost: 1
Stockholm Xtra,Coop STORGATAN,Tuesday,48,39~67,28,Baguette/Kyckling Sweet Chili: 1 | Baguette/Ost & Skinka: 1 | Baguette/Salami & Brieost: 1 | Baguette/Skagen: 1 | Fralla/Ost & Skinka: 3 | Fralla/Ost: 1 | Grönsallad/Caesarsallad: 1 | Grönsallad/Kyckling: 1 | Hönökaka/Ost & Salami: 2 | Hönökaka/Ost & Skinka: 3 | Hönökaka/Ost: 2 | Pastasallad/Bacon & Kyckling: 2 | Pastasallad/Kyckling & Salladsost: 3 | Pastasallad/Kyckling mangocurry: 4 | Pastasallad/Ost & Skinka: 2 | Pastasallad/Räkor: 3 | Sandwich/Bacon & Äggröra: 1 | Sandwich/Clubsandwich: 1 | Sandwich/Kyckling Curry: 1 | Sandwich/Räkor: 2 | Varmrätt/Cevapcici med bulgur: 1 | Varmrätt/Pannbiff med Basmatiris: 1 | Wraps/Caesar Kyckling: 2 | Wraps/Kyckling Bacon: 2 | Wraps/Kyckling Curry: 2 | Wraps/Sweet Chili: 2 | XL Frallor/Grovfralla Kalkon & Färskost: 1 | XL Frallor/Ost: 1
Stockholm Xtra,ICA Dragonen,Tuesday,31,21~51,24,Baguette/Kyckling Curry: 1 | Baguette/Salami & Brieost: 1 | Baguette/Skagen: 1 | Fralla/Ost & Skinka: 1 | Fralla/Ost: 2 | Hönökaka/Ost & Salami: 1 | Hönökaka/Ost & Skinka: 1 | Hönökaka/Ost: 1 | Pastasallad/Bacon & Kyckling: 1 | Pastasallad/Kyckling & Salladsost: 2 | Pastasallad/Kyckling mangocurry: 3 | Pastasallad/Räkor: 1 | Sandwich/Clubsandwich: 1 | Sandwich/Kyckling Curry: 1 | Sandwich/Kyckling Pestoröra: 1 | Sandwich/Räkor: 1 | Varmrätt/Cevapcici med bulgur: 1 | Varmrätt/Kyckling-och böngryta: 1 | Varmrätt/Pannbiff med Basmatiris: 1 | Varmrätt/Teriyakikycklingfile med basmatiris: 1 | Wraps/Caesar Kyckling: 2 | Wraps/Kyckling Bacon: 2 | Wraps/Kyckling Curry: 2 | Wraps/Sweet Chili: 1
Stockholm Xtra,ICA Glädjen,Tuesday,34,25~44,26,Baguette/Kyckling Curry: 1 | Baguette/Kyckling Sweet Chili: 1 | Baguette/Ost & Skinka: 1 | Baguette/Salami & Brieost: 1 | Baguette/Skagen: 2 | Fralla/Ost & Skinka: 2 | Fralla/Ost: 1 | Grönsallad/Caesarsallad: 1 | Grönsallad/Kyckling: 1 | Hönökaka/Ost & Salami: 1 | Hönökaka/Ost & Skinka: 1 | Hönökaka/Ost: 1 | Pastasallad/Bacon & Kyckling: 1 | Pastasallad/Kyckling & Salladsost: 2 | Pastasallad/Kyckling mangocurry: 2 | Pastasallad/Ost & Skinka: 1 | Pastasallad/Räkor: 1 | Sandwich/Bacon & Äggröra: 1 | Sandwich/Clubsandwich: 1 | Sandwich/Kyckling Curry: 1 | Sandwich/Kyckling Pestoröra: 1 | Sandwich/Räkor: 1 | Wraps/Caesar Kyckling: 2 | Wraps/Kyckling Bacon: 2 | Wraps/Kyckling Curry: 2 | Wraps/Sweet Chili: 2
Stockholm Xtra,ICA Gribbylund,Tuesday,20,12~25,17,Baguette/Salami & Brieost: 1 | Baguette/Skagen: 1 | Fralla/Ost & Skinka: 1 | Fralla/Ost: 1 | Hönökaka/Ost & Salami: 1 | Hönökaka/Ost & Skinka: 1 | Hönökaka/Ost: 1 | Pastasallad/Kyckling & Salladsost: 2 | Pastasallad/Kyckling mangocurry: 2 | Pastasallad/Räkor: 1 | Sandwich/Bacon & Äggröra: 1 | Sandwich/Clubsandwich: 1 | Sandwich/Kyckling Curry: 1 | Sandwich/Ägg & Avocadokräm: 1 | Wraps/Caesar Kyckling: 1 | Wraps/Kyckling Curry: 2 | Wraps/Sweet Chili: 1
Stockholm Xtra,ICA Nära Gärdet,Tuesday,60,46~78,30,Baguette/Kyckling Sweet Chili: 2 | Baguette/Ost & Skinka: 1 | Baguette/Salami & Brieost: 2 | Baguette/Skagen: 1 | Fralla/Ost & Skinka: 2 | Fralla/Ost: 1 | Glutenfri Frallor/Glutenfri Ost & Skinka(endast söndagsbeställning): 1 | Glutenfri Frallor/Glutenfri Pumpafralla Kalkon & Färskost(endast söndagsbeställning): 1 | Grönsallad/Caesarsallad: 2 | Grönsallad/Kyckling: 1 | Hönökaka/Ost & Salami: 3 | Hönökaka/Ost & Skinka: 3 | Hönökaka/Ost: 2 | Pastasallad/Bacon & Kyckling: 2 | Pastasallad/Kyckling & Salladsost: 3 | Pastasallad/Kyckling mangocurry: 3 | Pastasallad/Ost & Skinka: 1 | Pastasallad/Räkor: 2 | Räkmacka Liten/Räkmacka liten: 1 | Sandwich/Bacon & Äggröra: 1 | Sandwich/Clubsandwich: 1 | Sandwich/Kyckling Curry: 1 | Sandwich/Räkor: 1 | Wraps/Caesar Kyckling: 5 | Wraps/Kyckling Bacon: 5 | Wraps/Kyckling Curry: 5 | Wraps/Sweet Chili: 4 | XL Frallor/Grovfralla Kalkon & Färskost: 1 | XL Frallor/Ost & Skinka: 1 | XL Frallor/Ost: 1
Stockholm Xtra,ICA Nära Lindholmen,Tuesday,26,22~40,19,Baguette/Kyckling Curry: 1 | Baguette/Ost & Skinka: 1 | Baguette/Salami & Brieost: 1 | Baguette/Skagen: 1 | Grönsallad/Caesarsallad: 1 | Hönökaka/Ost & Salami: 1 | Hönökaka/Ost & Skinka: 1 | Hönökaka/Ost: 1 | Pastasallad/Bacon & Kyckling: 1 | Pastasallad/Kyckling & Salladsost: 2 | Pastasallad/Kyckling mangocurry: 3 | Pastasallad/Räkor: 2 | Sandwich/Bacon & Äggröra: 1 | Sandwich/Clubsandwich: 1 | Sandwich/Ägg & Avocadokräm: 1 | Wraps/Caesar Kyckling: 2 | Wraps/Kyckling Bacon: 2 | Wraps/Kyckling Curry: 1 | Wraps/Sweet Chili: 2
Stockholm Xtra,ICA Rökubbsgatan,Tuesday,37,29~50,25,Baguette/Kyckling Curry: 1 | Baguette/Ost & Skinka: 1 | Baguette/Salami & Brieost: 1 | Baguette/Skagen: 1 | Fralla/Ost & Skinka: 1 | Fralla/Ost: 1 | Grönsallad/Caesarsallad: 1 | Grönsallad/Kyckling: 1 | Hönökaka/Ost & Salami: 1 | Hönökaka/Ost & Skinka: 1 | Hönökaka/Ost: 1 | Pastasallad/Bacon & Kyckling: 2 | Pastasallad/Kyckling & Salladsost: 2 | Pastasallad/Kyckling mangocurry: 2 | Pastasallad/Ost & Skinka: 1 | Pastasallad/Räkor: 2 | Sandwich/Bacon & Äggröra: 1 | Sandwich/Kyckling Curry: 2 | Sandwich/Räkor: 1 | Wraps/Caesar Kyckling: 3 | Wraps/Kyckling Bacon: 3 | Wraps/Kyckling Curry: 2 | Wraps/Sweet Chili: 3 | XL Frallor/Ost & Skinka: 1 | XL Frallor/Ost: 1
Stockholm Xtra,ICA kvantum Danderyd,Tuesday,44,32~58,22,Baguette/Ost & Skinka: 1 | Baguette/Salami & Brieost: 1 | Baguette/Skagen: 2 | Fralla/Ost & Skinka: 3 | Fralla/Ost: 3 | Grönsallad/Caesarsallad: 2 | Hönökaka/Ost & Salami: 2 | Hönökaka/Ost: 2 | Pastasallad/Kyckling & Salladsost: 3 | Pastasallad/Kyckling kebab: 1 | Pastasallad/Kyckling mangocurry: 3 | Pastasallad/Ost & Skinka: 2 | Pastasallad/Räkor: 2 | Sandwich/Clubsandwich: 1 | Sandwich/Ägg & Avocadokräm: 1 | Wraps/Caesar Kyckling: 3 | Wraps/Kyckling Bacon: 3 | Wraps/Kyckling Curry: 2 | Wraps/Sweet Chili: 2 | XL Frallor/Grovfralla Kalkon & Färskost: 1 | XL Frallor/Ost & Skinka: 2 | XL Frallor/Ost: 2
Stockholm Xtra,Tempo Baggeby,Tuesday,19,7~19,19,Baguette/Skagen: 1 | Fralla/Ost & Skinka: 1 | Fralla/Ost: 1 | Hönökaka/Ost & Salami: 1 | Hönökaka/Ost & Skinka: 1 | Hönökaka/Ost: 1 | Pastasallad/Kyckling & Salladsost: 1 | Pastasallad/Kyckling kebab: 1 | Pastasallad/Kyckling mangocurry: 1 | Pastasallad/Ost & Skinka: 1 | Pastasallad/Räkor: 1 | Sandwich/Clubsandwich: 1 | Sandwich/Kyckling Curry: 1 | Sandwich/Ägg & Avocadokräm: 1 | Wraps/Caesar Kyckling: 1 | Wraps/Kyckling Bacon: 1 | Wraps/Kyckling Curry: 1 | Wraps/Sweet Chili: 1 | XL Frallor/Grovfralla Kalkon & Färskost: 1
Stockholm Xtra,The Coffice KTH,Tuesday,33,25~50,19,Pastasallad/Falafel: 1 | Pastasallad/Kyckling & Salladsost: 3 | Pastasallad/Kyckling kebab: 2 | Pastasallad/Kyckling mangocurry: 3 | Pastasallad/Räkor: 2 | Sandwich/Bacon & Äggröra: 1 | Sandwich/Clubsandwich: 1 | Sandwich/Kyckling Curry: 1 | Sandwich/Kyckling Pestoröra: 1 | Sandwich/Räkor: 1 | Sandwich/Ägg & Avocadokräm: 1 | Varmrätt/Cevapcici med bulgur: 1 | Varmrätt/Kycklingkebab med bulgur: 1 | Varmrätt/Kycklingpestosallad: 1 | Varmrätt/Teriyakikycklingfile med basmatiris: 1 | Wraps/Caesar Kyckling: 3 | Wraps/Kyckling Bacon: 3 | Wraps/Kyckling Curry: 3 | Wraps/Sweet Chili: 3
Stockholm Xtra,ICA Glädjen,Wednesday,18,14~21,18,Baguette/Kyckling Curry: 1 | Baguette/Salami & Brieost: 1 | Baguette/Skagen: 1 | Fralla/Ost & Skinka: 1 | Hönökaka/Ost & Salami: 1 | Hönökaka/Ost & Skinka: 1 | Hönökaka/Ost: 1 | Pastasallad/Bacon & Kyckling: 1 | Pastasallad/Kyckling & Salladsost: 1 | Pastasallad/Kyckling mangocurry: 1 | Pastasallad/Räkor: 1 | Sandwich/Clubsandwich: 1 | Sandwich/Kyckling Curry: 1 | Sandwich/Räkor: 1 | Wraps/Caesar Kyckling: 1 | Wraps/Kyckling Bacon: 1 | Wraps/Kyckling Curry: 1 | Wraps/Sweet Chili: 1
Stockholm Xtra,Coop Bergshamra,Thursday,18,12~35,17,Baguette/Kyckling Curry: 1 | Baguette/Ost & Skinka: 1 | Baguette/Salami & Brieost: 1 | Baguette/Skagen: 1 | Fralla/Ost & Skinka: 1 | Fralla/Ost: 1 | Hönökaka/Ost & Skinka: 1 | Hönökaka/Ost: 1 | Pastasallad/Kyckling & Salladsost: 1 | Pastasallad/Kyckling kebab: 1 | Pastasallad/Kyckling mangocurry: 1 | Pastasallad/Räkor: 1 | Sandwich/Clubsandwich: 1 | Sandwich/Kyckling Curry: 1 | Wraps/Caesar Kyckling: 1 | Wraps/Kyckling Bacon: 2 | Wraps/Kyckling Curry: 1
Stockholm Xtra,Coop Erik Dahlbersgatan,Thursday,34,26~50,26,Baguette/Kyckling Curry: 1 | Baguette/Salami & Brieost: 1 | Baguette/Skagen: 1 | Fralla/Ost & Skinka: 1 | Fralla/Ost: 1 | Grönsallad/Caesarsallad: 1 | Hönökaka/Ost & Salami: 1 | Hönökaka/Ost & Skinka: 1 | Hönökaka/Ost: 1 | Pastasallad/Bacon & Kyckling: 1 | Pastasallad/Kyckling & Salladsost: 3 | Pastasallad/Kyckling kebab: 1 | Pastasallad/Kyckling mangocurry: 3 | Pastasallad/Ost & Skinka: 1 | Pastasallad/Räkor: 1 | Sandwich/Bacon & Äggröra: 1 | Sandwich/Clubsandwich: 1 | Sandwich/Kyckling Curry: 1 | Sandwich/Kyckling Pestoröra: 1 | Sandwich/Räkor: 1 | Varmrätt/Teriyakibiff med ris: 1 | Wraps/Caesar Kyckling: 3 | Wraps/Kyckling Bacon: 2 | Wraps/Kyckling Curry: 2 | Wraps/Sweet Chili: 1 | XL Frallor/Grovfralla Kalkon & Färskost: 1
Stockholm Xtra,Coop Garnisonen,Thursday,59,44~80,28,Baguette/Kyckling Curry: 1 | Baguette/Ost & Skinka: 1 | Baguette/Salami & Brieost: 2 | Baguette/Skagen: 2 | Fralla/Ost & Skinka: 3 | Fralla/Ost: 3 | Glutenfri Frallor/Glutenfri Ost(endast söndagsbeställning): 1 | Glutenfri Frallor/Glutenfri Pumpafralla Kalkon & Färskost(endast söndagsbeställning): 1 | Hönökaka/Ost & Salami: 2 | Hönökaka/Ost & Skinka: 5 | Hönökaka/Ost: 5 | Pastasallad/Bacon & Kyckling: 2 | Pastasallad/Kyckling & Salladsost: 2 | Pastasallad/Kyckling mangocurry: 2 | Pastasallad/Ost & Skinka: 1 | Pastasallad/Räkor: 2 | Sandwich/Bacon & Äggröra: 1 | Sandwich/Clubsandwich: 2 | Sandwich/Kyckling Curry: 1 | Sandwich/Kyckling Pestoröra: 1 | Sandwich/Räkor: 1 | Wraps/Caesar Kyckling: 3 | Wraps/Kyckling Bacon: 4 | Wraps/Kyckling Curry: 2 | Wraps/Sweet Chili: 3 | XL Frallor/Grovfralla Kalkon & Färskost: 2 | XL Frallor/Ost & Skinka: 2 | XL Frallor/Ost: 2
Stockholm Xtra,Coop STORGATAN,Thursday,53,32~70,27,Baguette/Ost & Skinka: 1 | Baguette/Salami & Brieost: 1 | Baguette/Skagen: 2 | Fralla/Ost & Skinka: 2 | Fralla/Ost: 2 | Grönsallad/Caesarsallad: 1 | Grönsallad/Kyckling: 1 | Hönökaka/Ost & Salami: 2 | Hönökaka/Ost & Skinka: 3 | Hönökaka/Ost: 2 | Pastasallad/Bacon & Kyckling: 3 | Pastasallad/Kyckling & Salladsost: 4 | Pastasallad/Kyckling mangocurry: 4 | Pastasallad/Ost & Skinka: 2 | Pastasallad/Räkor: 3 | Sandwich/Bacon & Äggröra: 2 | Sandwich/Clubsandwich: 2 | Sandwich/Kyckling Curry: 2 | Sandwich/Räkor: 2 | Varmrätt/Pannbiff med Basmatiris: 1 | Wraps/Caesar Kyckling: 2 | Wraps/Kyckling Bacon: 2 | Wraps/Kyckling Curry: 2 | Wraps/Sweet Chili: 2 | XL Frallor/Grovfralla Kalkon & Färskost: 1 | XL Frallor/Ost & Skinka: 1 | XL Frallor/Ost: 1
Stockholm Xtra,ICA Dragonen,Thursday,33,24~39,20,Baguette/Kyckling Curry: 2 | Baguette/Salami & Brieost: 2 | Baguette/Skagen: 1 | Fralla/Ost & Skinka: 2 | Fralla/Ost: 1 | Hönökaka/Ost & Salami: 2 | Hönökaka/Ost & Skinka: 2 | Hönökaka/Ost: 2 | Pastasallad/Bacon & Kyckling: 1 | Pastasallad/Kyckling & Salladsost: 1 | Pastasallad/Kyckling mangocurry: 2 | Pastasallad/Räkor: 2 | Sandwich/Clubsandwich: 2 | Sandwich/Kyckling Curry: 2 | Sandwich/Kyckling Pestoröra: 2 | Sandwich/Räkor: 2 | Wraps/Caesar Kyckling: 1 | Wraps/Kyckling Bacon: 1 | Wraps/Kyckling Curry: 1 | Wraps/Sweet Chili: 2
Stockholm Xtra,ICA Glädjen,Thursday,61,51~85,28,Baguette/Kyckling Curry: 2 | Baguette/Kyckling Sweet Chili: 1 | Baguette/Ost & Skinka: 2 | Baguette/Salami & Brieost: 2 | Baguette/Skagen: 3 | Fralla/Ost & Skinka: 2 | Fralla/Ost: 1 | Grönsallad/Caesarsallad: 2 | Grönsallad/Kyckling: 1 | Hönökaka/Ost & Salami: 2 | Hönökaka/Ost & Skinka: 2 | Hönökaka/Ost: 2 | Pastasallad/Bacon & Kyckling: 1 | Pastasallad/Kyckling & Salladsost: 3 | Pastasallad/Kyckling mangocurry: 5 | Pastasallad/Ost & Skinka: 1 | Pastasallad/Räkor: 2 | Räkmacka Liten/Räkmacka liten: 2 | Räkstubbe/Räkstubbe: 1 | Sandwich/Bacon & Äggröra: 1 | Sandwich/Clubsandwich: 2 | Sandwich/Kyckling Curry: 2 | Sandwich/Kyckling Pestoröra: 1 | Sandwich/Räkor: 2 | Wraps/Caesar Kyckling: 5 | Wraps/Kyckling Bacon: 5 | Wraps/Kyckling Curry: 3 | Wraps/Sweet Chili: 3
Stockholm Xtra,ICA Gribbylund,Thursday,36,27~52,18,Baguette/Salami & Brieost: 1 | Baguette/Skagen: 1 | Fralla/Ost & Skinka: 2 | Fralla/Ost: 1 | Hönökaka/Ost & Salami: 1 | Hönökaka/Ost & Skinka: 1 | Hönökaka/Ost: 1 | Pastasallad/Kyckling & Salladsost: 4 | Pastasallad/Kyckling mangocurry: 4 | Pastasallad/Räkor: 4 | Sandwich/Bacon & Äggröra: 1 | Sandwich/Clubsandwich: 1 | Sandwich/Kyckling Curry: 1 | Sandwich/Kyckling Pestoröra: 1 | Sandwich/Ägg & Avocadokräm: 3 | Wraps/Caesar Kyckling: 4 | Wraps/Kyckling Curry: 4 | Wraps/Sweet Chili: 1
Stockholm Xtra,ICA Nära Gärdet,Thursday,78,66~103,36,Baguette/Kyckling Sweet Chili: 2 | Baguette/Ost & Skinka: 1 | Baguette/Salami & Brieost: 3 | Baguette/Skagen: 2 | Fralla/Ost & Skinka: 3 | Fralla/Ost: 2 | Glutenfri Frallor/Glutenfri Ost & Skinka(endast söndagsbeställning): 1 | Glutenfri Frallor/Glutenfri Pumpafralla Kalkon & Färskost(endast söndagsbeställning): 1 | Grönsallad/Caesarsallad: 2 | Grönsallad/Kyckling: 2 | Hönökaka/Ost & Salami: 3 | Hönökaka/Ost & Skinka: 5 | Hönökaka/Ost: 2 | Pastasallad/Bacon & Kyckling: 2 | Pastasallad/Kyckling & Salladsost: 4 | Pastasallad/Kyckling mangocurry: 4 | Pastasallad/Ost & Skinka: 1 | Pastasallad/Räkor: 3 | Räkmacka Liten/Räkmacka liten: 1 | Sandwich/Bacon & Äggröra: 1 | Sandwich/Clubsandwich: 1 | Sandwich/Kyckling Curry: 1 | Sandwich/Räkor: 2 | Sandwich/Ägg & Avocadokräm: 1 | Varmrätt/Cevapcici med bulgur: 1 | Varmrätt/Kyckling-och böngryta: 1 | Varmrätt/Kycklingspett med ris: 1 | Varmrätt/Teriyakibiff med ris: 1 | Varmrätt/Teriyakikycklingfile med basmatiris: 1 | Wraps/Caesar Kyckling: 5 | Wraps/Kyckling Bacon: 5 | Wraps/Kyckling Curry: 5 | Wraps/Sweet Chili: 4 | XL Frallor/Grovfralla Kalkon & Färskost: 1 | XL Frallor/Ost & Skinka: 2 | XL Frallor/Ost: 1
Stockholm Xtra,ICA Nära Lindholmen,Thursday,41,24~52,19,Baguette/Kyckling Curry: 1 | Baguette/Ost & Skinka: 1 | Baguette/Salami & Brieost: 2 | Baguette/Skagen: 2 | Grönsallad/Caesarsallad: 2 | Hönökaka/Ost & Skinka: 2 | Hönökaka/Ost: 2 | Pastasallad/Bacon & Kyckling: 2 | Pastasallad/Kyckling & Salladsost: 3 | Pastasallad/Kyckling mangocurry: 4 | Pastasallad/Räkor: 3 | Sandwich/Bacon & Äggröra: 2 | Sandwich/Clubsandwich: 1 | Sandwich/Kyckling Curry: 1 | Sandwich/Ägg & Avocadokräm: 1 | Wraps/Caesar Kyckling: 3 | Wraps/Kyckling Bacon: 4 | Wraps/Kyckling Curry: 2 | Wraps/Sweet Chili: 3
Stockholm Xtra,ICA Rökubbsgatan,Thursday,60,44~76,33,Baguette/Kyckling Curry: 1 | Baguette/Ost & Skinka: 2 | Baguette/Salami & Brieost: 2 | Baguette/Skagen: 2 | Fralla/Ost & Skinka: 2 | Fralla/Ost: 1 | Grönsallad/Caesarsallad: 2 | Grönsallad/Kyckling: 1 | Hönökaka/Ost & Salami: 1 | Hönökaka/Ost & Skinka: 2 | Hönökaka/Ost: 2 | Pastasallad/Bacon & Kyckling: 2 | Pastasallad/Kyckling & Salladsost: 3 | Pastasallad/Kyckling mangocurry: 4 | Pastasallad/Ost & Skinka: 1 | Pastasallad/Räkor: 3 | Sandwich/Bacon & Äggröra: 2 | Sandwich/Clubsandwich: 1 | Sandwich/Kyckling Curry: 2 | Sandwich/Kyckling Pestoröra: 1 | Sandwich/Räkor: 2 | Varmrätt/Kycklingkebab med bulgur: 1 | Varmrätt/Kycklingpestosallad: 1 | Varmrätt/Kycklingspett med ris: 1 | Varmrätt/Tacobolognese med fullkornspasta: 1 | Varmrätt/Teriyakibiff med ris: 1 | Wraps/Caesar Kyckling: 3 | Wraps/Kyckling Bacon: 3 | Wraps/Kyckling Curry: 4 | Wraps/Sweet Chili: 3 | XL Frallor/Grovfralla Kalkon & Färskost: 1 | XL Frallor/Ost & Skinka: 1 | XL Frallor/Ost: 1
Stockholm Xtra,ICA kvantum Danderyd,Thursday,50,44~74,22,Baguette/Ost & Skinka: 1 | Baguette/Salami & Brieost: 1 | Baguette/Skagen: 2 | Fralla/Ost & Skinka: 3 | Fralla/Ost: 3 | Grönsallad/Caesarsallad: 3 | Hönökaka/Ost & Salami: 2 | Hönökaka/Ost: 2 | Pastasallad/Kyckling & Salladsost: 4 | Pastasallad/Kyckling kebab: 1 | Pastasallad/Kyckling mangocurry: 3 | Pastasallad/Ost & Skinka: 3 | Pastasallad/Räkor: 3 | Sandwich/Clubsandwich: 1 | Sandwich/Ägg & Avocadokräm: 1 | Wraps/Caesar Kyckling: 3 | Wraps/Kyckling Bacon: 4 | Wraps/Kyckling Curry: 3 | Wraps/Sweet Chili: 2 | XL Frallor/Grovfralla Kalkon & Färskost: 1 | XL Frallor/Ost & Skinka: 2 | XL Frallor/Ost: 2
Stockholm Xtra,Tempo Baggeby,Thursday,19,19~38,19,Baguette/Skagen: 1 | Fralla/Ost & Skinka: 1 | Fralla/Ost: 1 | Hönökaka/Ost & Salami: 1 | Hönökaka/Ost & Skinka: 1 | Hönökaka/Ost: 1 | Pastasallad/Kyckling & Salladsost: 1 | Pastasallad/Kyckling kebab: 1 | Pastasallad/Kyckling mangocurry: 1 | Pastasallad/Ost & Skinka: 1 | Pastasallad/Räkor: 1 | Sandwich/Clubsandwich: 1 | Sandwich/Kyckling Curry: 1 | Sandwich/Ägg & Avocadokräm: 1 | Wraps/Caesar Kyckling: 1 | Wraps/Kyckling Bacon: 1 | Wraps/Kyckling Curry: 1 | Wraps/Sweet Chili: 1 | XL Frallor/Grovfralla Kalkon & Färskost: 1
Stockholm Xtra,The Coffice KTH,Thursday,18,12~23,17,Pastasallad/Falafel: 1 | Pastasallad/Kyckling & Salladsost: 1 | Pastasallad/Kyckling kebab: 1 | Pastasallad/Kyckling mangocurry: 1 | Pastasallad/Räkor: 1 | Sandwich/Bacon & Äggröra: 1 | Sandwich/Clubsandwich: 1 | Sandwich/Kyckling Curry: 1 | Sandwich/Kyckling Pestoröra: 1 | Sandwich/Räkor: 1 | Sandwich/Ägg & Avocadokräm: 1 | Varmrätt/Cevapcici med bulgur: 1 | Varmrätt/Teriyakikycklingfile med basmatiris: 1 | Wraps/Caesar Kyckling: 1 | Wraps/Kyckling Bacon: 2 | Wraps/Kyckling Curry: 1 | Wraps/Sweet Chili: 1
Stockholm Östra,Coop Bagarmossen,Sunday,31,25~49,19,Baguette/Salami & Brieost: 1 | Baguette/Skagen: 1 | Fralla/Ost & Skinka: 3 | Fralla/Ost: 1 | Hönökaka/Ost & Skinka: 3 | Hönökaka/Ost: 3 | Pastasallad/Kyckling mangocurry: 1 | Pastasallad/Ost & Skinka: 1 | Pastasallad/Räkor: 1 | Räkmacka Liten/Räkmacka liten: 1 | Sandwich/Räkor: 1 | Sandwich/Ägg & Avocadokräm: 1 | Wraps/Caesar Kyckling: 2 | Wraps/Kyckling Bacon: 3 | Wraps/Kyckling Curry: 2 | Wraps/Sweet Chili: 3 | XL Frallor/Grovfralla Kalkon & Färskost: 1 | XL Frallor/Ost & Skinka: 1 | XL Frallor/Ost: 1
Stockholm Östra,Coop Björkhagen,Sunday,39,29~56,24,Baguette/Kyckling Sweet Chili: 1 | Baguette/Kycklingsallad Olivie: 1 | Baguette/Skagen: 1 | Fralla/Ost & Skinka: 2 | Fralla/Ost: 3 | Hönökaka/Ost & Salami: 2 | Hönökaka/Ost & Skinka: 2 | Hönökaka/Ost: 1 | Pastasallad/Bacon & Kyckling: 1 | Pastasallad/Falafel: 1 | Pastasallad/Kyckling kebab: 1 | Pastasallad/Kyckling mangocurry: 1 | Pastasallad/Räkor: 2 | Sandwich/Bacon & Äggröra: 1 | Sandwich/Räkor: 1 | Sandwich/Ägg & Avocadokräm: 1 | Wraps/Caesar Kyckling: 2 | Wraps/Kyckling Bacon: 4 | Wraps/Kyckling Curry: 2 | Wraps/Sweet Chili: 3 | Wraps/Wrap Curry Oumph!: 2 | XL Frallor/Grovfralla Kalkon & Färskost: 1 | XL Frallor/Ost & Skinka: 2 | XL Frallor/Ost: 1
Stockholm Östra,Coop Farsta centrum,Sunday,4,4~7,3,Baguette/Salami & Brieost: 1 | Baguette/Skagen: 2 | Pastasallad/Kyckling mangocurry: 1
Stockholm Östra,Coop GUBBÄNGEN,Sunday,61,48~88,27,Baguette/Kycklingsallad Olivie: 1 | Baguette/Salami & Brieost: 1 | Fralla/Ost & Skinka: 4 | Fralla/Ost: 4 | Grönsallad/Kyckling: 1 | Hönökaka/Ost & Salami: 3 | Hönökaka/Ost & Skinka: 4 | Hönökaka/Ost: 2 | Pastasallad/Bacon & Kyckling: 4 | Pastasallad/Falafel: 1 | Pastasallad/Kyckling & Salladsost: 3 | Pastasallad/Kyckling mangocurry: 6 | Pastasallad/Ost & Skinka: 3 | Pastasallad/Räkor: 2 | Sandwich/Bacon & Äggröra: 1 | Sandwich/Kyckling Curry: 2 | Sandwich/Kyckling Pestoröra: 1 | Sandwich/Ägg & Avocadokräm: 1 | Wraps/Caesar Kyckling: 1 | Wraps/Kyckling Bacon: 3 | Wraps/Kyckling Curry: 1 | Wraps/Kycklingsallad Olivie: 1 | Wraps/Sweet Chili: 4 | Wraps/Wrap Curry Oumph!: 3 | XL Frallor/Grovfralla Kalkon & Färskost: 1 | XL Frallor/Ost & Skinka: 2 | XL Frallor/Ost: 1
Stockholm Östra,Coop Hammarby Sjöstad,Sunday,74,57~102,22,Baguette/Kycklingsallad Olivie: 2 | Baguette/Salami & Brieost: 1 | Baguette/Skagen: 4 | Fralla/Ost & Skinka: 7 | Fralla/Ost: 5 | Hönökaka/Ost & Salami: 4 | Hönökaka/Ost & Skinka: 2 | Hönökaka/Ost: 2 | Pastasallad/Bacon & Kyckling: 4 | Pastasallad/Kyckling & Salladsost: 2 | Pastasallad/Kyckling mangocurry: 5 | Pastasallad/Ost & Skinka: 2 | Sandwich/Bacon & Äggröra: 2 | Sandwich/Kyckling Curry: 2 | Sandwich/Ägg & Avocadokräm: 1 | Wraps/Caesar Kyckling: 4 | Wraps/Kyckling Bacon: 6 | Wraps/Kyckling Curry: 5 | Wraps/Sweet Chili: 6 | Wraps/Wrap Curry Oumph!: 3 | XL Frallor/Ost & Skinka: 3 | XL Frallor/Ost: 2
Stockholm Östra,Coop Huddinge,Sunday,54,44~78,21,Baguette/Kyckling Sweet Chili: 2 | Baguette/Salami & Brieost: 3 | Baguette/Skagen: 2 | Fralla/Ost & Skinka: 3 | Fralla/Ost: 2 | Glutenfri Frallor/Glutenfri Ost & Skinka(endast söndagsbeställning): 2 | Glutenfri Frallor/Glutenfri Ost(endast söndagsbeställning): 2 | Glutenfri Frallor/Glutenfri Pumpafralla Kalkon & Färskost(endast söndagsbeställning): 2 | Hönökaka/Ost & Salami: 1 | Hönökaka/Ost & Skinka: 3 | Hönökaka/Ost: 5 | Pastasallad/Bacon & Kyckling: 2 | Pastasallad/Kyckling & Salladsost: 1 | Pastasallad/Kyckling mangocurry: 2 | Sandwich/Bacon & Äggröra: 1 | Sandwich/Kyckling Pestoröra: 2 | Varmrätt/Kycklingspett med ris: 1 | Wraps/Caesar Kyckling: 5 | Wraps/Kyckling Bacon: 5 | Wraps/Kyckling Curry: 6 | Wraps/Sweet Chili: 2
Stockholm Östra,Coop HÖGDALEN,Sunday,63,50~85,18,Baguette/Kycklingsallad Olivie: 1 | Baguette/Ost & Skinka: 1 | Fralla/Ost & Skinka: 6 | Fralla/Ost: 5 | Hönökaka/Ost & Salami: 6 | Hönökaka/Ost & Skinka: 4 | Hönökaka/Ost: 6 | Pastasallad/Falafel: 1 | Pastasallad/Kyckling & Salladsost: 5 | Pastasallad/Kyckling mangocurry: 5 | Pastasallad/Räkor: 2 | Wraps/Caesar Kyckling: 3 | Wraps/Kyckling Bacon: 4 | Wraps/Kyckling Curry: 2 | Wraps/Sweet Chili: 2 | Wraps/Wrap Curry Oumph!: 2 | XL Frallor/Ost & Skinka: 4 | XL Frallor/Ost: 4
Stockholm Östra,Coop Skarpnäck,Sunday,62,49~84,25,Baguette/Salami & Brieost: 1 | Baguette/Skagen: 2 | Fralla/Ost & Skinka: 4 | Fralla/Ost: 3 | Hönökaka/Ost & Salami: 2 | Hönökaka/Ost: 2 | Pastasallad/Bacon & Kyckling: 2 | Pastasallad/Falafel: 1 | Pastasallad/Kyckling & Salladsost: 4 | Pastasallad/Kyckling kebab: 1 | Pastasallad/Kyckling mangocurry: 5 | Pastasallad/Ost & Skinka: 3 | Pastasallad/Räkor: 3 | Sandwich/Clubsandwich: 1 | Sandwich/Kyckling Curry: 1 | Sandwich/Räkor: 2 | Sandwich/Ägg & Avocadokräm: 2 | Wraps/Caesar Kyckling: 4 | Wraps/Kyckling Bacon: 6 | Wraps/Kyckling Curry: 2 | Wraps/Sweet Chili: 3 | Wraps/Wrap Curry Oumph!: 3 | XL Frallor/Grovfralla Kalkon & Färskost: 1 | XL Frallor/Ost & Skinka: 2 | XL Frallor/Ost: 2
Stockholm Östra,Coop Sockenplan,Sunday,20,19~34,15,Baguette/Kyckling Curry: 1 | Baguette/Ost & Skinka: 1 | Fralla/Ost & Skinka: 2 | Fralla/Ost: 2 | Hönökaka/Ost & Salami: 1 | Hönökaka/Ost & Skinka: 1 | Hönökaka/Ost: 1 | Pastasallad/Kyckling & Salladsost: 1 | Pastasallad/Kyckling kebab: 1 | Pastasallad/Räkor: 1 | Sandwich/Ägg & Avocadokräm: 1 | Wraps/Caesar Kyckling: 2 | Wraps/Kyckling Bacon: 2 | Wraps/Kyckling Curry: 2 | XL Frallor/Grovfralla Kalkon & Färskost: 1
Stockholm Östra,Coop Stuvsta,Sunday,15,6~16,14,Baguette/Skagen: 1 | Fralla/Ost & Skinka: 1 | Fralla/Ost: 1 | Hönökaka/Ost & Salami: 1 | Pastasallad/Kyckling & Salladsost: 1 | Pastasallad/Kyckling mangocurry: 1 | Pastasallad/Räkor: 1 | Sandwich/Bacon & Äggröra: 1 | Sandwich/Kyckling Pestoröra: 1 | Varmrätt/Kycklingkebab med bulgur: 1 | Varmrätt/Teriyakikycklingfile med basmatiris: 1 | Wraps/Caesar Kyckling: 1 | Wraps/Kyckling Bacon: 1 | Wraps/Kyckling Curry: 2
Stockholm Östra,Coop farsta strand,Sunday,49,39~70,20,Baguette/Ost & Skinka: 2 | Baguette/Salami & Brieost: 3 | Baguette/Skagen: 1 | Fralla/Ost & Skinka: 3 | Fralla/Ost: 2 | Grönsallad/Caesarsallad: 1 | Grönsallad/Kyckling: 1 | Hönökaka/Ost & Skinka: 1 | Hönökaka/Ost: 1 | Pastasallad/Kyckling & Salladsost: 2 | Pastasallad/Kyckling kebab: 3 | Pastasallad/Kyckling mangocurry: 2 | Pastasallad/Ost & Skinka: 1 | Pastasallad/Räkor: 3 | Sandwich/Bacon & Äggröra: 1 | Sandwich/Räkor: 1 | Wraps/Caesar Kyckling: 6 | Wraps/Kyckling Bacon: 5 | Wraps/Kyckling Curry: 5 | Wraps/Sweet Chili: 5
Stockholm Östra,ICA Hagsätra,Sunday,62,46~83,25,Baguette/Kyckling Curry: 1 | Baguette/Kycklingsallad Olivie: 2 | Baguette/Salami & Brieost: 2 | Baguette/Skagen: 1 | Fralla/Ost & Skinka: 5 | Fralla/Ost: 5 | Grönsallad/Kyckling: 1 | Hönökaka/Ost & Skinka: 4 | Hönökaka/Ost: 2 | Pastasallad/Bacon & Kyckling: 4 | Pastasallad/Kyckling & Salladsost: 5 | Pastasallad/Kyckling kebab: 3 | Pastasallad/Kyckling mangocurry: 4 | Pastasallad/Ost & Skinka: 2 | Pastasallad/Räkor: 2 | Räkmacka Liten/Räkmacka liten: 1 | Sandwich/Räkor: 1 | Wraps/Caesar Kyckling: 1 | Wraps/Kyckling Bacon: 2 | Wraps/Kyckling Curry: 2 | Wraps/Kycklingsallad Olivie: 2 | Wraps/Sweet Chili: 2 | Wraps/Wrap Curry Oumph!: 2 | XL Frallor/Ost & Skinka: 3 | XL Frallor/Ost: 3
Stockholm Östra,ICA Nära Stuvsta,Sunday,21,18~32,15,Baguette/Salami & Brieost: 1 | Baguette/Skagen: 2 | Fralla/Ost & Skinka: 1 | Fralla/Ost: 1 | Pastasallad/Kyckling & Salladsost: 2 | Pastasallad/Kyckling mangocurry: 2 | Räkmacka Liten/Räkmacka liten: 1 | Sandwich/Clubsandwich: 1 | Sandwich/Kyckling Curry: 1 | Sandwich/Kyckling Pestoröra: 1 | Wraps/Kyckling Bacon: 2 | Wraps/Kyckling Curry: 2 | Wraps/Sweet Chili: 2 | XL Frallor/Grovfralla Kalkon & Färskost: 1 | XL Frallor/Ost & Skinka: 1
Stockholm Östra,ICA Supermarket Högdalen,Sunday,69,57~94,26,Baguette/Kyckling Curry: 1 | Baguette/Kycklingsallad Olivie: 1 | Baguette/Ost & Skinka: 2 | Baguette/Salami & Brieost: 3 | Baguette/Skagen: 1 | Fralla/Ost & Skinka: 3 | Fralla/Ost: 4 | Pastasallad/Bacon & Kyckling: 3 | Pastasallad/Kyckling & Salladsost: 5 | Pastasallad/Kyckling kebab: 2 | Pastasallad/Kyckling mangocurry: 7 | Pastasallad/Ost & Skinka: 3 | Pastasallad/Räkor: 4 | Sandwich/Bacon & Äggröra: 3 | Sandwich/Clubsandwich: 1 | Sandwich/Kyckling Curry: 2 | Sandwich/Kyckling Pestoröra: 3 | Sandwich/Räkor: 1 | Sandwich/Ägg & Avocadokräm: 1 | Varmrätt/Falafel med bulgur: 1 | Varmrätt/Kycklingspett med ris: 1 | Varmrätt/Teriyakikycklingfile med basmatiris: 1 | Wraps/Caesar Kyckling: 4 | Wraps/Kyckling Bacon: 3 | Wraps/Kyckling Curry: 5 | Wraps/Sweet Chili: 4
Stockholm Östra,Mr Rabb,Sunday,61,50~73,9,Pastasallad/Falafel: 4 | Pastasallad/Kyckling & Salladsost: 9 | Pastasallad/Kyckling kebab: 7 | Pastasallad/Kyckling mangocurry: 9 | Sandwich/Kyckling Curry: 7 | Sandwich/Kyckling Pestoröra: 6 | Sandwich/Ägg & Avocadokräm: 3 | Wraps/Kyckling Curry: 8 | Wraps/Sweet Chili: 8
Stockholm Östra,Tempo finntorp,Sunday,17,13~30,13,Baguette/Skagen: 1 | Fralla/Ost & Skinka: 2 | Fralla/Ost: 2 | Hönökaka/Ost & Salami: 2 | Hönökaka/Ost & Skinka: 1 | Pastasallad/Kyckling & Salladsost: 2 | Pastasallad/Kyckling kebab: 1 | Pastasallad/Kyckling mangocurry: 1 | Wraps/Caesar Kyckling: 1 | Wraps/Kyckling Bacon: 1 | Wraps/Kyckling Curry: 1 | Wraps/Sweet Chili: 1 | XL Frallor/Grovfralla Kalkon & Färskost: 1
Stockholm Östra,Coop Bagarmossen,Monday,25,24~38,19,Baguette/Salami & Brieost: 1 | Baguette/Skagen: 1 | Fralla/Ost & Skinka: 2 | Fralla/Ost: 1 | Hönökaka/Ost & Skinka: 2 | Hönökaka/Ost: 2 | Pastasallad/Kyckling mangocurry: 1 | Pastasallad/Ost & Skinka: 1 | Pastasallad/Räkor: 1 | Räkmacka Liten/Räkmacka liten: 1 | Sandwich/Räkor: 1 | Sandwich/Ägg & Avocadokräm: 1 | Wraps/Caesar Kyckling: 1 | Wraps/Kyckling Bacon: 2 | Wraps/Kyckling Curry: 2 | Wraps/Sweet Chili: 2 | XL Frallor/Grovfralla Kalkon & Färskost: 1 | XL Frallor/Ost & Skinka: 1 | XL Frallor/Ost: 1
Stockholm Östra,Coop Björkhagen,Monday,23,15~28,22,Baguette/Kycklingsallad Olivie: 1 | Fralla/Ost & Skinka: 1 | Fralla/Ost: 1 | Hönökaka/Ost & Salami: 1 | Hönökaka/Ost & Skinka: 1 | Hönökaka/Ost: 1 | Pastasallad/Bacon & Kyckling: 1 | Pastasallad/Falafel: 1 | Pastasallad/Kyckling kebab: 1 | Pastasallad/Kyckling mangocurry: 1 | Pastasallad/Räkor: 1 | Sandwich/Bacon & Äggröra: 1 | Sandwich/Räkor: 1 | Sandwich/Ägg & Avocadokräm: 1 | Wraps/Caesar Kyckling: 1 | Wraps/Kyckling Bacon: 2 | Wraps/Kyckling Curry: 1 | Wraps/Sweet Chili: 1 | Wraps/Wrap Curry Oumph!: 1 | XL Frallor/Grovfralla Kalkon & Färskost: 1 | XL Frallor/Ost & Skinka: 1 | XL Frallor/Ost: 1
Stockholm Östra,Coop GUBBÄNGEN,Monday,16,11~20,15,Fralla/Ost & Skinka: 1 | Fralla/Ost: 1 | Hönökaka/Ost & Salami: 1 | Hönökaka/Ost & Skinka: 1 | Hönökaka/Ost: 1 | Pastasallad/Bacon & Kyckling: 1 | Pastasallad/Kyckling & Salladsost: 1 | Pastasallad/Kyckling mangocurry: 2 | Pastasallad/Ost & Skinka: 1 | Pastasallad/Räkor: 1 | Sandwich/Kyckling Curry: 1 | Wraps/Kyckling Bacon: 1 | Wraps/Sweet Chili: 1 | Wraps/Wrap Curry Oumph!: 1 | XL Frallor/Ost & Skinka: 1
Stockholm Östra,Coop Skarpnäck,Monday,10,8~11,10,Fralla/Ost & Skinka: 1 | Fralla/Ost: 1 | Pastasallad/Kyckling & Salladsost: 1 | Pastasallad/Kyckling mangocurry: 1 | Pastasallad/Ost & Skinka: 1 | Pastasallad/Räkor: 1 | Wraps/Caesar Kyckling: 1 | Wraps/Kyckling Bacon: 1 | Wraps/Sweet Chili: 1 | Wraps/Wrap Curry Oumph!: 1
Stockholm Östra,Direkten Nacka strand,Monday,35,23~61,19,Baguette/Kyckling Curry: 1 | Baguette/Skagen: 2 | Fralla/Ost & Skinka: 3 | Fralla/Ost: 3 | Hönökaka/Ost & Salami: 2 | Hönökaka/Ost & Skinka: 3 | Hönökaka/Ost: 3 | Pastasallad/Kyckling & Salladsost: 1 | Pastasallad/Kyckling kebab: 1 | Pastasallad/Räkor: 1 | Sandwich/Kyckling Curry: 1 | Sandwich/Kyckling Pestoröra: 1 | Sandwich/Räkor: 1 | Sandwich/Ägg & Avocadokräm: 1 | Wraps/Caesar Kyckling: 2 | Wraps/Kyckling Bacon: 2 | Wraps/Kyckling Curry: 3 | Wraps/Sweet Chili: 2 | XL Frallor/Grovfralla Kalkon & Färskost: 2
Stockholm Östra,ICA Hagsätra,Monday,20,12~23,19,Baguette/Kycklingsallad Olivie: 1 | Baguette/Salami & Brieost: 1 | Fralla/Ost & Skinka: 1 | Fralla/Ost: 2 | Hönökaka/Ost & Skinka: 1 | Hönökaka/Ost: 1 | Pastasallad/Bacon & Kyckling: 1 | Pastasallad/Kyckling & Salladsost: 1 | Pastasallad/Kyckling kebab: 1 | Pastasallad/Kyckling mangocurry: 1 | Pastasallad/Ost & Skinka: 1 | Pastasallad/Räkor: 1 | Wraps/Kyckling Bacon: 1 | Wraps/Kyckling Curry: 1 | Wraps/Kycklingsallad Olivie: 1 | Wraps/Sweet Chili: 1 | Wraps/Wrap Curry Oumph!: 1 | XL Frallor/Ost & Skinka: 1 | XL Frallor/Ost: 1
Stockholm Östra,Myway Gubbängen,Monday,6,4~8,2,Fralla/Ost: 3 | Hönökaka/Ost: 3
Stockholm Östra,Coop Bagarmossen,Tuesday,14,7~19,14,Baguette/Skagen: 1 | Fralla/Ost & Skinka: 1 | Fralla/Ost: 1 | Hönökaka/Ost & Skinka: 1 | Hönökaka/Ost: 1 | Pastasallad/Kyckling mangocurry: 1 | Pastasallad/Ost & Skinka: 1 | Räkmacka Liten/Räkmacka liten: 1 | Wraps/Caesar Kyckling: 1 | Wraps/Kyckling Bacon: 1 | Wraps/Kyckling Curry: 1 | Wraps/Sweet Chili: 1 | XL Frallor/Grovfralla Kalkon & Färskost: 1 | XL Frallor/Ost: 1
Stockholm Östra,Coop Björkhagen,Tuesday,15,11~17,14,Fralla/Ost & Skinka: 1 | Fralla/Ost: 1 | Hönökaka/Ost & Salami: 1 | Hönökaka/Ost & Skinka: 1 | Hönökaka/Ost: 1 | Pastasallad/Bacon & Kyckling: 1 | Pastasallad/Falafel: 1 | Pastasallad/Räkor: 1 | Wraps/Caesar Kyckling: 1 | Wraps/Kyckling Bacon: 2 | Wraps/Kyckling Curry: 1 | Wraps/Sweet Chili: 1 | Wraps/Wrap Curry Oumph!: 1 | XL Frallor/Ost & Skinka: 1
Stockholm Östra,Coop Farsta centrum,Tuesday,6,4~10,3,Baguette/Salami & Brieost: 2 | Baguette/Skagen: 3 | Pastasallad/Kyckling mangocurry: 1
Stockholm Östra,Coop GUBBÄNGEN,Tuesday,39,29~51,26,Baguette/Kycklingsallad Olivie: 1 | Baguette/Salami & Brieost: 1 | Fralla/Ost & Skinka: 2 | Fralla/Ost: 2 | Grönsallad/Kyckling: 1 | Hönökaka/Ost & Salami: 2 | Hönökaka/Ost & Skinka: 2 | Hönökaka/Ost: 1 | Pastasallad/Bacon & Kyckling: 3 | Pastasallad/Kyckling & Salladsost: 2 | Pastasallad/Kyckling mangocurry: 3 | Pastasallad/Ost & Skinka: 2 | Pastasallad/Räkor: 1 | Sandwich/Bacon & Äggröra: 1 | Sandwich/Kyckling Curry: 1 | Sandwich/Kyckling Pestoröra: 1 | Sandwich/Ägg & Avocadokräm: 1 | Wraps/Caesar Kyckling: 1 | Wraps/Kyckling Bacon: 2 | Wraps/Kyckling Curry: 1 | Wraps/Kycklingsallad Olivie: 1 | Wraps/Sweet Chili: 2 | Wraps/Wrap Curry Oumph!: 2 | XL Frallor/Grovfralla Kalkon & Färskost: 1 | XL Frallor/Ost & Skinka: 1 | XL Frallor/Ost: 1
Stockholm Östra,Coop Hammarby Sjöstad,Tuesday,37,30~51,22,Baguette/Kycklingsallad Olivie: 1 | Baguette/Salami & Brieost: 1 | Baguette/Skagen: 2 | Fralla/Ost & Skinka: 3 | Fralla/Ost: 2 | Hönökaka/Ost & Salami: 2 | Hönökaka/Ost & Skinka: 1 | Hönökaka/Ost: 1 | Pastasallad/Bacon & Kyckling: 2 | Pastasallad/Kyckling & Salladsost: 1 | Pastasallad/Kyckling mangocurry: 2 | Pastasallad/Ost & Skinka: 1 | Sandwich/Bacon & Äggröra: 1 | Sandwich/Kyckling Curry: 1 | Sandwich/Ägg & Avocadokräm: 1 | Wraps/Caesar Kyckling: 2 | Wraps/Kyckling Bacon: 3 | Wraps/Kyckling Curry: 2 | Wraps/Sweet Chili: 3 | Wraps/Wrap Curry Oumph!: 2 | XL Frallor/Ost & Skinka: 2 | XL Frallor/Ost: 1
Stockholm Östra,Coop Huddinge,Tuesday,35,32~51,21,Baguette/Kyckling Sweet Chili: 1 | Baguette/Salami & Brieost: 2 | Baguette/Skagen: 1 | Fralla/Ost & Skinka: 2 | Fralla/Ost: 1 | Glutenfri Frallor/Glutenfri Ost & Skinka(endast söndagsbeställning): 1 | Glutenfri Frallor/Glutenfri Ost(endast söndagsbeställning): 1 | Glutenfri Frallor/Glutenfri Pumpafralla Kalkon & Färskost(endast söndagsbeställning): 1 | Hönökaka/Ost & Salami: 1 | Hönökaka/Ost & Skinka: 2 | Hönökaka/Ost: 4 | Pastasallad/Bacon & Kyckling: 1 | Pastasallad/Kyckling & Salladsost: 1 | Pastasallad/Kyckling mangocurry: 1 | Sandwich/Bacon & Äggröra: 1 | Sandwich/Kyckling Pestoröra: 1 | Varmrätt/Kycklingspett med ris: 1 | Wraps/Caesar Kyckling: 3 | Wraps/Kyckling Bacon: 4 | Wraps/Kyckling Curry: 4 | Wraps/Sweet Chili: 1
Stockholm Östra,Coop HÖGDALEN,Tuesday,40,30~54,18,Baguette/Kycklingsallad Olivie: 1 | Baguette/Ost & Skinka: 1 | Fralla/Ost & Skinka: 4 | Fralla/Ost: 3 | Hönökaka/Ost & Salami: 4 | Hönökaka/Ost & Skinka: 3 | Hönökaka/Ost: 4 | Pastasallad/Falafel: 1 | Pastasallad/Kyckling & Salladsost: 3 | Pastasallad/Kyckling mangocurry: 3 | Pastasallad/Räkor: 1 | Wraps/Caesar Kyckling: 2 | Wraps/Kyckling Bacon: 2 | Wraps/Kyckling Curry: 1 | Wraps/Sweet Chili: 1 | Wraps/Wrap Curry Oumph!: 1 | XL Frallor/Ost & Skinka: 2 | XL Frallor/Ost: 3
Stockholm Östra,Coop Skarpnäck,Tuesday,32,24~37,25,Baguette/Salami & Brieost: 1 | Baguette/Skagen: 1 | Fralla/Ost & Skinka: 2 | Fralla/Ost: 1 | Hönökaka/Ost & Salami: 1 | Hönökaka/Ost: 1 | Pastasallad/Bacon & Kyckling: 1 | Pastasallad/Falafel: 1 | Pastasallad/Kyckling & Salladsost: 2 | Pastasallad/Kyckling kebab: 1 | Pastasallad/Kyckling mangocurry: 2 | Pastasallad/Ost & Skinka: 2 | Pastasallad/Räkor: 1 | Sandwich/Clubsandwich: 1 | Sandwich/Kyckling Curry: 1 | Sandwich/Räkor: 1 | Sandwich/Ägg & Avocadokräm: 1 | Wraps/Caesar Kyckling: 2 | Wraps/Kyckling Bacon: 3 | Wraps/Kyckling Curry: 1 | Wraps/Sweet Chili: 1 | Wraps/Wrap Curry Oumph!: 1 | XL Frallor/Grovfralla Kalkon & Färskost: 1 | XL Frallor/Ost & Skinka: 1 | XL Frallor/Ost: 1
Stockholm Östra,Coop Sockenplan,Tuesday,27,19~35,15,Baguette/Kyckling Curry: 1 | Baguette/Ost & Skinka: 2 | Fralla/Ost & Skinka: 2 | Fralla/Ost: 2 | Hönökaka/Ost & Salami: 2 | Hönökaka/Ost & Skinka: 2 | Hönökaka/Ost: 2 | Pastasallad/Kyckling & Salladsost: 2 | Pastasallad/Kyckling kebab: 2 | Pastasallad/Räkor: 2 | Sandwich/Ägg & Avocadokräm: 1 | Wraps/Caesar Kyckling: 2 | Wraps/Kyckling Bacon: 2 | Wraps/Kyckling Curry: 2 | XL Frallor/Grovfralla Kalkon & Färskost: 1
Stockholm Östra,Coop Stuvsta,Tuesday,21,16~35,18,Baguette/Skagen: 2 | Fralla/Ost & Skinka: 1 | Fralla/Ost: 1 | Hönökaka/Ost & Salami: 1 | Pastasallad/Kyckling & Salladsost: 1 | Pastasallad/Kyckling mangocurry: 1 | Pastasallad/Ost & Skinka: 1 | Pastasallad/Räkor: 1 | Sandwich/Bacon & Äggröra: 1 | Sandwich/Kyckling Pestoröra: 1 | Sandwich/Räkor: 1 | Varmrätt/Kycklingkebab med bulgur: 1 | Varmrätt/Kycklingspett med ris: 1 | Varmrätt/Teriyakikycklingfile med basmatiris: 1 | Wraps/Caesar Kyckling: 1 | Wraps/Kyckling Bacon: 1 | Wraps/Kyckling Curry: 3 | Wraps/Sweet Chili: 1
Stockholm Östra,Coop farsta strand,Tuesday,41,36~56,20,Baguette/Ost & Skinka: 2 | Baguette/Salami & Brieost: 2 | Baguette/Skagen: 1 | Fralla/Ost & Skinka: 2 | Fralla/Ost: 2 | Grönsallad/Caesarsallad: 1 | Grönsallad/Kyckling: 1 | Hönökaka/Ost & Skinka: 1 | Hönökaka/Ost: 1 | Pastasallad/Kyckling & Salladsost: 2 | Pastasallad/Kyckling kebab: 2 | Pastasallad/Kyckling mangocurry: 2 | Pastasallad/Ost & Skinka: 1 | Pastasallad/Räkor: 2 | Sandwich/Bacon & Äggröra: 1 | Sandwich/Räkor: 1 | Wraps/Caesar Kyckling: 5 | Wraps/Kyckling Bacon: 4 | Wraps/Kyckling Curry: 4 | Wraps/Sweet Chili: 4
Stockholm Östra,ICA Hagsätra,Tuesday,33,26~40,24,Baguette/Kyckling Curry: 1 | Baguette/Kycklingsallad Olivie: 1 | Baguette/Salami & Brieost: 1 | Baguette/Skagen: 1 | Fralla/Ost & Skinka: 2 | Fralla/Ost: 3 | Grönsallad/Kyckling: 1 | Hönökaka/Ost & Skinka: 2 | Hönökaka/Ost: 1 | Pastasallad/Bacon & Kyckling: 2 | Pastasallad/Kyckling & Salladsost: 2 | Pastasallad/Kyckling kebab: 2 | Pastasallad/Kyckling mangocurry: 2 | Pastasallad/Ost & Skinka: 1 | Pastasallad/Räkor: 1 | Räkmacka Liten/Räkmacka liten: 1 | Sandwich/Räkor: 1 | Wraps/Kyckling Bacon: 1 | Wraps/Kyckling Curry: 1 | Wraps/Kycklingsallad Olivie: 1 | Wraps/Sweet Chili: 1 | Wraps/Wrap Curry Oumph!: 1 | XL Frallor/Ost & Skinka: 1 | XL Frallor/Ost: 2
Stockholm Östra,ICA Nära Stuvsta,Tuesday,34,27~51,15,Baguette/Salami & Brieost: 2 | Baguette/Skagen: 3 | Fralla/Ost & Skinka: 2 | Fralla/Ost: 2 | Pastasallad/Kyckling & Salladsost: 3 | Pastasallad/Kyckling mangocurry: 3 | Räkmacka Liten/Räkmacka liten: 1 | Sandwich/Clubsandwich: 2 | Sandwich/Kyckling Curry: 2 | Sandwich/Kyckling Pestoröra: 2 | Wraps/Kyckling Bacon: 3 | Wraps/Kyckling Curry: 3 | Wraps/Sweet Chili: 3 | XL Frallor/Grovfralla Kalkon & Färskost: 2 | XL Frallor/Ost & Skinka: 1
Stockholm Östra,ICA Supermarket Högdalen,Tuesday,69,57~94,26,Baguette/Kyckling Curry: 1 | Baguette/Kycklingsallad Olivie: 1 | Baguette/Ost & Skinka: 2 | Baguette/Salami & Brieost: 3 | Baguette/Skagen: 1 | Fralla/Ost & Skinka: 3 | Fralla/Ost: 4 | Pastasallad/Bacon & Kyckling: 3 | Pastasallad/Kyckling & Salladsost: 5 | Pastasallad/Kyckling kebab: 2 | Pastasallad/Kyckling mangocurry: 7 | Pastasallad/Ost & Skinka: 3 | Pastasallad/Räkor: 4 | Sandwich/Bacon & Äggröra: 3 | Sandwich/Clubsandwich: 1 | Sandwich/Kyckling Curry: 2 | Sandwich/Kyckling Pestoröra: 3 | Sandwich/Räkor: 1 | Sandwich/Ägg & Avocadokräm: 1 | Varmrätt/Falafel med bulgur: 1 | Varmrätt/Kycklingspett med ris: 1 | Varmrätt/Teriyakikycklingfile med basmatiris: 1 | Wraps/Caesar Kyckling: 4 | Wraps/Kyckling Bacon: 3 | Wraps/Kyckling Curry: 5 | Wraps/Sweet Chili: 4
Stockholm Östra,Mr Rabb,Tuesday,27,21~30,9,Pastasallad/Falafel: 2 | Pastasallad/Kyckling & Salladsost: 4 | Pastasallad/Kyckling kebab: 3 | Pastasallad/Kyckling mangocurry: 4 | Sandwich/Kyckling Curry: 3 | Sandwich/Kyckling Pestoröra: 2 | Sandwich/Ägg & Avocadokräm: 1 | Wraps/Kyckling Curry: 4 | Wraps/Sweet Chili: 4
Stockholm Östra,Tempo finntorp,Tuesday,13,4~13,13,Baguette/Skagen: 1 | Fralla/Ost & Skinka: 1 | Fralla/Ost: 1 | Hönökaka/Ost & Salami: 1 | Hönökaka/Ost & Skinka: 1 | Pastasallad/Kyckling & Salladsost: 1 | Pastasallad/Kyckling kebab: 1 | Pastasallad/Kyckling mangocurry: 1 | Wraps/Caesar Kyckling: 1 | Wraps/Kyckling Bacon: 1 | Wraps/Kyckling Curry: 1 | Wraps/Sweet Chili: 1 | XL Frallor/Grovfralla Kalkon & Färskost: 1
Stockholm Östra,Coop Bagarmossen,Wednesday,14,7~19,14,Baguette/Skagen: 1 | Fralla/Ost & Skinka: 1 | Fralla/Ost: 1 | Hönökaka/Ost & Skinka: 1 | Hönökaka/Ost: 1 | Pastasallad/Kyckling mangocurry: 1 | Pastasallad/Ost & Skinka: 1 | Räkmacka Liten/Räkmacka liten: 1 | Wraps/Caesar Kyckling: 1 | Wraps/Kyckling Bacon: 1 | Wraps/Kyckling Curry: 1 | Wraps/Sweet Chili: 1 | XL Frallor/Grovfralla Kalkon & Färskost: 1 | XL Frallor/Ost: 1
Stockholm Östra,Coop Björkhagen,Wednesday,28,15~34,22,Baguette/Kycklingsallad Olivie: 1 | Fralla/Ost & Skinka: 1 | Fralla/Ost: 2 | Hönökaka/Ost & Salami: 2 | Hönökaka/Ost & Skinka: 1 | Hönökaka/Ost: 1 | Pastasallad/Bacon & Kyckling: 1 | Pastasallad/Falafel: 1 | Pastasallad/Kyckling kebab: 1 | Pastasallad/Kyckling mangocurry: 1 | Pastasallad/Räkor: 1 | Sandwich/Bacon & Äggröra: 1 | Sandwich/Räkor: 1 | Sandwich/Ägg & Avocadokräm: 1 | Wraps/Caesar Kyckling: 1 | Wraps/Kyckling Bacon: 3 | Wraps/Kyckling Curry: 1 | Wraps/Sweet Chili: 2 | Wraps/Wrap Curry Oumph!: 2 | XL Frallor/Grovfralla Kalkon & Färskost: 1 | XL Frallor/Ost & Skinka: 1 | XL Frallor/Ost: 1
Stockholm Östra,Coop GUBBÄNGEN,Wednesday,21,16~28,19,Baguette/Salami & Brieost: 1 | Fralla/Ost & Skinka: 1 | Fralla/Ost: 1 | Hönökaka/Ost & Salami: 1 | Hönökaka/Ost & Skinka: 1 | Hönökaka/Ost: 1 | Pastasallad/Bacon & Kyckling: 2 | Pastasallad/Kyckling & Salladsost: 1 | Pastasallad/Kyckling mangocurry: 2 | Pastasallad/Ost & Skinka: 1 | Pastasallad/Räkor: 1 | Sandwich/Kyckling Curry: 1 | Wraps/Caesar Kyckling: 1 | Wraps/Kyckling Bacon: 1 | Wraps/Kyckling Curry: 1 | Wraps/Sweet Chili: 1 | Wraps/Wrap Curry Oumph!: 1 | XL Frallor/Ost & Skinka: 1 | XL Frallor/Ost: 1
Stockholm Östra,Coop Skarpnäck,Wednesday,32,24~41,25,Baguette/Salami & Brieost: 1 | Baguette/Skagen: 1 | Fralla/Ost & Skinka: 2 | Fralla/Ost: 1 | Hönökaka/Ost & Salami: 1 | Hönökaka/Ost: 1 | Pastasallad/Bacon & Kyckling: 1 | Pastasallad/Falafel: 1 | Pastasallad/Kyckling & Salladsost: 2 | Pastasallad/Kyckling kebab: 1 | Pastasallad/Kyckling mangocurry: 2 | Pastasallad/Ost & Skinka: 2 | Pastasallad/Räkor: 1 | Sandwich/Clubsandwich: 1 | Sandwich/Kyckling Curry: 1 | Sandwich/Räkor: 1 | Sandwich/Ägg & Avocadokräm: 1 | Wraps/Caesar Kyckling: 2 | Wraps/Kyckling Bacon: 3 | Wraps/Kyckling Curry: 1 | Wraps/Sweet Chili: 1 | Wraps/Wrap Curry Oumph!: 1 | XL Frallor/Grovfralla Kalkon & Färskost: 1 | XL Frallor/Ost & Skinka: 1 | XL Frallor/Ost: 1
Stockholm Östra,Direkten Nacka strand,Wednesday,18,11~28,17,Baguette/Kyckling Curry: 1 | Baguette/Skagen: 1 | Fralla/Ost & Skinka: 2 | Fralla/Ost: 1 | Hönökaka/Ost & Salami: 1 | Hönökaka/Ost & Skinka: 1 | Hönökaka/Ost: 1 | Pastasallad/Kyckling & Salladsost: 1 | Sandwich/Kyckling Curry: 1 | Sandwich/Kyckling Pestoröra: 1 | Sandwich/Räkor: 1 | Sandwich/Ägg & Avocadokräm: 1 | Wraps/Caesar Kyckling: 1 | Wraps/Kyckling Bacon: 1 | Wraps/Kyckling Curry: 1 | Wraps/Sweet Chili: 1 | XL Frallor/Grovfralla Kalkon & Färskost: 1
Stockholm Östra,ICA Hagsätra,Wednesday,34,26~42,24,Baguette/Kyckling Curry: 1 | Baguette/Kycklingsallad Olivie: 1 | Baguette/Salami & Brieost: 1 | Baguette/Skagen: 1 | Fralla/Ost & Skinka: 3 | Fralla/Ost: 3 | Grönsallad/Kyckling: 1 | Hönökaka/Ost & Skinka: 2 | Hönökaka/Ost: 1 | Pastasallad/Bacon & Kyckling: 2 | Pastasallad/Kyckling & Salladsost: 2 | Pastasallad/Kyckling kebab: 2 | Pastasallad/Kyckling mangocurry: 2 | Pastasallad/Ost & Skinka: 1 | Pastasallad/Räkor: 1 | Räkmacka Liten/Räkmacka liten: 1 | Sandwich/Räkor: 1 | Wraps/Kyckling Bacon: 1 | Wraps/Kyckling Curry: 1 | Wraps/Kycklingsallad Olivie: 1 | Wraps/Sweet Chili: 1 | Wraps/Wrap Curry Oumph!: 1 | XL Frallor/Ost & Skinka: 1 | XL Frallor/Ost: 2
Stockholm Östra,Myway Gubbängen,Wednesday,2,2~4,2,Fralla/Ost: 1 | Hönökaka/Ost: 1
Stockholm Östra,Coop Bagarmossen,Thursday,17,2~7,15,Baguette/Salami & Brieost: 1 | Fralla/Ost & Skinka: 1 | Grönsallad/Kyckling: 1 | Hönökaka/Ost & Skinka: 2 | Hönökaka/Ost: 2 | Pastasallad/Räkor: 1 | Sandwich/Clubsandwich: 1 | Sandwich/Räkor: 1 | Sandwich/Ägg & Avocadokräm: 1 | Varmrätt/Cevapcici med bulgur: 1 | Varmrätt/Kycklingspett med ris: 1 | Varmrätt/Teriyakikycklingfile med basmatiris: 1 | Wraps/Kyckling Bacon: 1 | Wraps/Sweet Chili: 1 | XL Frallor/Ost & Skinka: 1
Stockholm Östra,Coop Björkhagen,Thursday,9,6~9,9,Baguette/Kyckling Sweet Chili: 1 | Baguette/Skagen: 1 | Fralla/Ost: 1 | Hönökaka/Ost & Salami: 1 | Pastasallad/Kyckling & Salladsost: 1 | Wraps/Kyckling Bacon: 1 | Wraps/Sweet Chili: 1 | Wraps/Wrap Curry Oumph!: 1 | XL Frallor/Ost & Skinka: 1
Stockholm Östra,Coop Farsta centrum,Thursday,4,2~4,3,Baguette/Salami & Brieost: 1 | Baguette/Skagen: 2 | Pastasallad/Kyckling mangocurry: 1
Stockholm Östra,Coop GUBBÄNGEN,Thursday,37,25~33,25,Baguette/Kycklingsallad Olivie: 1 | Baguette/Salami & Brieost: 1 | Fralla/Ost & Skinka: 3 | Fralla/Ost: 3 | Grönsallad/Caesarsallad: 1 | Grönsallad/Kyckling: 1 | Hönökaka/Ost & Salami: 2 | Hönökaka/Ost & Skinka: 3 | Pastasallad/Bacon & Kyckling: 2 | Pastasallad/Falafel: 1 | Pastasallad/Kyckling & Salladsost: 2 | Pastasallad/Kyckling mangocurry: 2 | Pastasallad/Ost & Skinka: 1 | Sandwich/Bacon & Äggröra: 1 | Sandwich/Kyckling Pestoröra: 1 | Sandwich/Räkor: 1 | Sandwich/Ägg & Avocadokräm: 1 | Wraps/Caesar Kyckling: 1 | Wraps/Kyckling Bacon: 1 | Wraps/Kyckling Curry: 1 | Wraps/Kycklingsallad Olivie: 1 | Wraps/Sweet Chili: 2 | Wraps/Wrap Curry Oumph!: 2 | XL Frallor/Grovfralla Kalkon & Färskost: 1 | XL Frallor/Ost: 1
Stockholm Östra,Coop Hammarby Sjöstad,Thursday,49,37~64,23,Baguette/Kycklingsallad Olivie: 1 | Baguette/Ost & Skinka: 1 | Baguette/Salami & Brieost: 1 | Baguette/Skagen: 2 | Fralla/Ost & Skinka: 4 | Fralla/Ost: 3 | Hönökaka/Ost & Salami: 2 | Hönökaka/Ost & Skinka: 1 | Hönökaka/Ost: 2 | Pastasallad/Bacon & Kyckling: 3 | Pastasallad/Kyckling & Salladsost: 1 | Pastasallad/Kyckling mangocurry: 3 | Pastasallad/Ost & Skinka: 1 | Sandwich/Bacon & Äggröra: 2 | Sandwich/Kyckling Curry: 2 | Sandwich/Ägg & Avocadokräm: 1 | Wraps/Caesar Kyckling: 3 | Wraps/Kyckling Bacon: 4 | Wraps/Kyckling Curry: 3 | Wraps/Sweet Chili: 3 | Wraps/Wrap Curry Oumph!: 2 | XL Frallor/Ost & Skinka: 2 | XL Frallor/Ost: 2
Stockholm Östra,Coop Huddinge,Thursday,40,25~49,21,Baguette/Kyckling Sweet Chili: 1 | Baguette/Salami & Brieost: 1 | Baguette/Skagen: 1 | Fralla/Ost & Skinka: 3 | Fralla/Ost: 2 | Glutenfri Frallor/Glutenfri Ost & Skinka(endast söndagsbeställning): 1 | Glutenfri Frallor/Glutenfri Ost(endast söndagsbeställning): 2 | Glutenfri Frallor/Glutenfri Pumpafralla Kalkon & Färskost(endast söndagsbeställning): 2 | Hönökaka/Ost & Salami: 1 | Hönökaka/Ost & Skinka: 3 | Hönökaka/Ost: 3 | Pastasallad/Bacon & Kyckling: 1 | Pastasallad/Kyckling & Salladsost: 1 | Pastasallad/Kyckling mangocurry: 1 | Sandwich/Bacon & Äggröra: 1 | Sandwich/Kyckling Pestoröra: 2 | Varmrätt/Kycklingspett med ris: 1 | Wraps/Caesar Kyckling: 3 | Wraps/Kyckling Bacon: 4 | Wraps/Kyckling Curry: 5 | Wraps/Sweet Chili: 1
Stockholm Östra,Coop HÖGDALEN,Thursday,45,35~57,18,Baguette/Kyckling Sweet Chili: 1 | Baguette/Kycklingsallad Olivie: 1 | Fralla/Ost & Skinka: 5 | Fralla/Ost: 3 | Hönökaka/Ost & Salami: 3 | Hönökaka/Ost & Skinka: 3 | Hönökaka/Ost: 4 | Pastasallad/Falafel: 1 | Pastasallad/Kyckling & Salladsost: 3 | Pastasallad/Kyckling mangocurry: 3 | Pastasallad/Räkor: 2 | Wraps/Caesar Kyckling: 2 | Wraps/Kyckling Bacon: 3 | Wraps/Kyckling Curry: 1 | Wraps/Sweet Chili: 2 | Wraps/Wrap Curry Oumph!: 2 | XL Frallor/Ost & Skinka: 3 | XL Frallor/Ost: 3
Stockholm Östra,Coop Skarpnäck,Thursday,23,11~27,16,Baguette/Skagen: 1 | Fralla/Ost & Skinka: 2 | Fralla/Ost: 1 | Hönökaka/Ost & Skinka: 1 | Pastasallad/Bacon & Kyckling: 1 | Pastasallad/Kyckling & Salladsost: 2 | Pastasallad/Kyckling mangocurry: 2 | Pastasallad/Ost & Skinka: 1 | Pastasallad/Räkor: 2 | Sandwich/Räkor: 1 | Wraps/Caesar Kyckling: 2 | Wraps/Kyckling Bacon: 2 | Wraps/Sweet Chili: 1 | Wraps/Wrap Curry Oumph!: 2 | XL Frallor/Ost & Skinka: 1 | XL Frallor/Ost: 1
Stockholm Östra,Coop Sockenplan,Thursday,19,12~26,14,Baguette/Ost & Skinka: 1 | Fralla/Ost & Skinka: 2 | Fralla/Ost: 2 | Hönökaka/Ost & Salami: 1 | Hönökaka/Ost & Skinka: 1 | Hönökaka/Ost: 1 | Pastasallad/Kyckling & Salladsost: 1 | Pastasallad/Kyckling kebab: 1 | Pastasallad/Räkor: 1 | Sandwich/Ägg & Avocadokräm: 1 | Wraps/Caesar Kyckling: 2 | Wraps/Kyckling Bacon: 2 | Wraps/Kyckling Curry: 2 | XL Frallor/Grovfralla Kalkon & Färskost: 1
Stockholm Östra,Coop Stuvsta,Thursday,26,20~44,19,Baguette/Skagen: 3 | Fralla/Ost & Skinka: 1 | Fralla/Ost: 2 | Hönökaka/Ost & Salami: 2 | Hönökaka/Ost & Skinka: 1 | Pastasallad/Kyckling & Salladsost: 2 | Pastasallad/Kyckling mangocurry: 1 | Pastasallad/Ost & Skinka: 1 | Pastasallad/Räkor: 1 | Sandwich/Bacon & Äggröra: 1 | Sandwich/Kyckling Pestoröra: 1 | Sandwich/Räkor: 1 | Varmrätt/Kycklingkebab med bulgur: 1 | Varmrätt/Kycklingspett med ris: 1 | Varmrätt/Teriyakikycklingfile med basmatiris: 1 | Wraps/Caesar Kyckling: 2 | Wraps/Kyckling Bacon: 1 | Wraps/Kyckling Curry: 2 | Wraps/Sweet Chili: 1
Stockholm Östra,Coop farsta strand,Thursday,46,29~59,19,Baguette/Ost & Skinka: 2 | Baguette/Salami & Brieost: 2 | Baguette/Skagen: 2 | Fralla/Ost & Skinka: 2 | Fralla/Ost: 2 | Grönsallad/Caesarsallad: 1 | Hönökaka/Ost & Skinka: 2 | Hönökaka/Ost: 2 | Pastasallad/Kyckling & Salladsost: 2 | Pastasallad/Kyckling kebab: 3 | Pastasallad/Kyckling mangocurry: 2 | Pastasallad/Ost & Skinka: 1 | Pastasallad/Räkor: 3 | Sandwich/Bacon & Äggröra: 1 | Sandwich/Räkor: 1 | Wraps/Caesar Kyckling: 4 | Wraps/Kyckling Bacon: 5 | Wraps/Kyckling Curry: 4 | Wraps/Sweet Chili: 5
Stockholm Östra,ICA Hagsätra,Thursday,28,17~31,16,Baguette/Kycklingsallad Olivie: 2 | Baguette/Skagen: 1 | Fralla/Ost & Skinka: 3 | Fralla/Ost: 2 | Hönökaka/Ost & Skinka: 3 | Hönökaka/Ost: 2 | Pastasallad/Bacon & Kyckling: 1 | Pastasallad/Falafel: 1 | Pastasallad/Kyckling & Salladsost: 3 | Pastasallad/Kyckling kebab: 1 | Pastasallad/Kyckling mangocurry: 2 | Räkmacka Liten/Räkmacka liten: 1 | Wraps/Caesar Kyckling: 1 | Wraps/Kyckling Bacon: 2 | XL Frallor/Ost & Skinka: 2 | XL Frallor/Ost: 1
Stockholm Östra,ICA Nära Stuvsta,Thursday,28,15~33,17,Baguette/Salami & Brieost: 1 | Baguette/Skagen: 1 | Blandstubbe/Blandstubbe: 1 | Fralla/Ost & Skinka: 2 | Fralla/Ost: 1 | Pastasallad/Kyckling & Salladsost: 3 | Pastasallad/Kyckling mangocurry: 3 | Räkstubbe/Räkstubbe: 1 | Sandwich/Clubsandwich: 2 | Sandwich/Kyckling Curry: 2 | Sandwich/Kyckling Pestoröra: 1 | Stubbe/Ost & Skinkstubbe: 1 | Wraps/Kyckling Bacon: 3 | Wraps/Kyckling Curry: 3 | Wraps/Sweet Chili: 1 | XL Frallor/Grovfralla Kalkon & Färskost: 1 | XL Frallor/Ost & Skinka: 1
Stockholm Östra,ICA Supermarket Högdalen,Thursday,68,48~88,26,Baguette/Kyckling Curry: 1 | Baguette/Kycklingsallad Olivie: 1 | Baguette/Ost & Skinka: 3 | Baguette/Salami & Brieost: 2 | Baguette/Skagen: 2 | Fralla/Ost & Skinka: 3 | Fralla/Ost: 3 | Pastasallad/Bacon & Kyckling: 3 | Pastasallad/Kyckling & Salladsost: 4 | Pastasallad/Kyckling kebab: 1 | Pastasallad/Kyckling mangocurry: 6 | Pastasallad/Ost & Skinka: 2 | Pastasallad/Räkor: 5 | Sandwich/Bacon & Äggröra: 4 | Sandwich/Clubsandwich: 1 | Sandwich/Kyckling Curry: 2 | Sandwich/Kyckling Pestoröra: 3 | Sandwich/Räkor: 2 | Sandwich/Ägg & Avocadokräm: 1 | Varmrätt/Falafel med bulgur: 1 | Varmrätt/Kycklingspett med ris: 1 | Varmrätt/Teriyakikycklingfile med basmatiris: 2 | Wraps/Caesar Kyckling: 4 | Wraps/Kyckling Bacon: 4 | Wraps/Kyckling Curry: 4 | Wraps/Sweet Chili: 3
Stockholm Östra,Mr Rabb,Thursday,51,45~68,9,Pastasallad/Falafel: 3 | Pastasallad/Kyckling & Salladsost: 7 | Pastasallad/Kyckling kebab: 7 | Pastasallad/Kyckling mangocurry: 7 | Sandwich/Kyckling Curry: 6 | Sandwich/Kyckling Pestoröra: 5 | Sandwich/Ägg & Avocadokräm: 2 | Wraps/Kyckling Curry: 7 | Wraps/Sweet Chili: 7
Stockholm Östra,Tempo finntorp,Thursday,13,13~26,13,Baguette/Skagen: 1 | Fralla/Ost & Skinka: 1 | Fralla/Ost: 1 | Hönökaka/Ost & Salami: 1 | Hönökaka/Ost & Skinka: 1 | Pastasallad/Kyckling & Salladsost: 1 | Pastasallad/Kyckling kebab: 1 | Pastasallad/Kyckling mangocurry: 1 | Wraps/Caesar Kyckling: 1 | Wraps/Kyckling Bacon: 1 | Wraps/Kyckling Curry: 1 | Wraps/Sweet Chili: 1 | XL Frallor/Grovfralla Kalkon & Färskost: 1
Uppsala Rutt,Coop Ekeby,Sunday,80,64~112,29,Baguette/Kyckling Curry: 2 | Baguette/Ost & Skinka: 2 | Baguette/Salami & Brieost: 2 | Baguette/Skagen: 4 | Fralla/Ost & Skinka: 6 | Fralla/Ost: 5 | Hönökaka/Ost & Salami: 3 | Hönökaka/Ost & Skinka: 2 | Hönökaka/Ost: 2 | Pastasallad/Bacon & Kyckling: 2 | Pastasallad/Falafel: 2 | Pastasallad/Kyckling & Salladsost: 4 | Pastasallad/Kyckling kebab: 1 | Pastasallad/Kyckling mangocurry: 5 | Pastasallad/Ost & Skinka: 2 | Pastasallad/Räkor: 4 | Sandwich/Bacon & Äggröra: 2 | Sandwich/Clubsandwich: 4 | Sandwich/Kyckling Curry: 2 | Sandwich/Räkor: 4 | Sandwich/Ägg & Avocadokräm: 2 | Wraps/Caesar Kyckling: 3 | Wraps/Kyckling Bacon: 3 | Wraps/Kyckling Curry: 4 | Wraps/Sweet Chili: 2 | Wraps/Wrap Curry Oumph!: 2 | XL Frallor/Grovfralla Kalkon & Färskost: 1 | XL Frallor/Ost & Skinka: 2 | XL Frallor/Ost: 1
Uppsala Rutt,Coop Luthagen,Sunday,60,46~92,30,Baguette/Kyckling Curry: 2 | Baguette/Kyckling Sweet Chili: 1 | Baguette/Ost & Skinka: 2 | Baguette/Salami & Brieost: 2 | Baguette/Skagen: 2 | Fralla/Ost & Skinka: 4 | Fralla/Ost: 3 | Hönökaka/Ost & Salami: 1 | Hönökaka/Ost & Skinka: 2 | Hönökaka/Ost: 2 | Pastasallad/Bacon & Kyckling: 2 | Pastasallad/Kyckling & Salladsost: 3 | Pastasallad/Kyckling mangocurry: 4 | Pastasallad/Ost & Skinka: 2 | Pastasallad/Räkor: 3 | Sandwich/Bacon & Äggröra: 1 | Sandwich/Clubsandwich: 1 | Sandwich/Kyckling Curry: 2 | Sandwich/Kyckling Pestoröra: 1 | Sandwich/Räkor: 2 | Sandwich/Ägg & Avocadokräm: 1 | Varmrätt/Teriyakibiff med ris: 1 | Wraps/Caesar Kyckling: 3 | Wraps/Kyckling Bacon: 4 | Wraps/Kyckling Curry: 2 | Wraps/Sweet Chili: 2 | Wraps/Wrap Curry Oumph!: 2 | XL Frallor/Grovfralla Kalkon & Färskost: 1 | XL Frallor/Ost & Skinka: 1 | XL Frallor/Ost: 1
Uppsala Rutt,Coop Stationsgallerian,Sunday,177,147~219,32,Baguette/Kyckling Curry: 3 | Baguette/Kyckling Sweet Chili: 4 | Baguette/Ost & Skinka: 2 | Baguette/Salami & Brieost: 4 | Baguette/Skagen: 7 | Fralla/Ost & Skinka: 20 | Fralla/Ost: 14 | Hönökaka/Ost & Salami: 6 | Hönökaka/Ost & Skinka: 8 | Hönökaka/Ost: 8 | Pastasallad/Bacon & Kyckling: 4 | Pastasallad/Kyckling & Salladsost: 5 | Pastasallad/Kyckling mangocurry: 5 | Pastasallad/Ost & Skinka: 2 | Pastasallad/Räkor: 3 | Sandwich/Bacon & Äggröra: 6 | Sandwich/Clubsandwich: 6 | Sandwich/Kyckling Curry: 5 | Sandwich/Kyckling Pestoröra: 4 | Sandwich/Räkor: 5 | Sandwich/Ägg & Avocadokräm: 3 | Varmrätt/Cevapcici med bulgur: 1 | Varmrätt/Teriyakibiff med ris: 1 | Wraps/Caesar Kyckling: 7 | Wraps/Kyckling Bacon: 11 | Wraps/Kyckling Curry: 15 | Wraps/Kycklingsallad Olivie: 1 | Wraps/Sweet Chili: 6 | Wraps/Wrap Curry Oumph!: 1 | XL Frallor/Grovfralla Kalkon & Färskost: 3 | XL Frallor/Ost & Skinka: 5 | XL Frallor/Ost: 2
Uppsala Rutt,Coop Storvreta,Sunday,66,50~85,26,Baguette/Kyckling Curry: 2 | Baguette/Ost & Skinka: 2 | Baguette/Salami & Brieost: 2 | Baguette/Skagen: 2 | Fralla/Ost & Skinka: 6 | Fralla/Ost: 5 | Grönsallad/Caesarsallad: 1 | Hönökaka/Ost & Salami: 2 | Hönökaka/Ost & Skinka: 2 | Hönökaka/Ost: 2 | Pastasallad/Bacon & Kyckling: 2 | Pastasallad/Kyckling & Salladsost: 5 | Pastasallad/Kyckling mangocurry: 5 | Pastasallad/Ost & Skinka: 2 | Pastasallad/Räkor: 3 | Sandwich/Bacon & Äggröra: 2 | Sandwich/Clubsandwich: 2 | Sandwich/Kyckling Curry: 2 | Sandwich/Räkor: 2 | Sandwich/Ägg & Avocadokräm: 1 | Wraps/Caesar Kyckling: 3 | Wraps/Kyckling Bacon: 3 | Wraps/Kyckling Curry: 3 | Wraps/Sweet Chili: 3 | XL Frallor/Ost & Skinka: 1 | XL Frallor/Ost: 1
Uppsala Rutt,Dressinen (Tisd & Fre),Sunday,23,18~33,5,Baguette/Kyckling Curry: 5 | Baguette/Ost & Skinka: 3 | Baguette/Skagen: 3 | Fralla/Ost & Skinka: 6 | Fralla/Ost: 6
Uppsala Rutt,Flogsta Närlivs,Sunday,30,12~63,21,Baguette/Salami & Brieost: 1 | Baguette/Skagen: 1 | Fralla/Ost & Skinka: 2 | Fralla/Ost: 2 | Hönökaka/Ost & Skinka: 1 | Hönökaka/Ost: 1 | Pastasallad/Bacon & Kyckling: 1 | Pastasallad/Kyckling & Salladsost: 1 | Pastasallad/Kyckling kebab: 2 | Pastasallad/Kyckling mangocurry: 1 | Sandwich/Clubsandwich: 1 | Sandwich/Kyckling Curry: 2 | Sandwich/Kyckling Pestoröra: 2 | Sandwich/Räkor: 1 | Varmrätt/Pannbiff med Basmatiris: 1 | Varmrätt/Teriyakibiff med ris: 1 | Wraps/Caesar Kyckling: 2 | Wraps/Kyckling Bacon: 2 | Wraps/Kyckling Curry: 2 | Wraps/Sweet Chili: 2 | XL Frallor/Ost: 1
Uppsala Rutt,Handlarn Uppsala,Sunday,13,0~39,13,Baguette/Salami & Brieost: 1 | Baguette/Skagen: 1 | Pastasallad/Bacon & Kyckling: 1 | Pastasallad/Kyckling & Salladsost: 1 | Pastasallad/Kyckling mangocurry: 1 | Pastasallad/Räkor: 1 | Sandwich/Clubsandwich: 1 | Sandwich/Kyckling Curry: 1 | Sandwich/Kyckling Pestoröra: 1 | Sandwich/Räkor: 1 | Wraps/Caesar Kyckling: 1 | Wraps/Kyckling Curry: 1 | Wraps/Sweet Chili: 1
Uppsala Rutt,ICA Hörnan,Sunday,83,63~121,28,Baguette/Kyckling Curry: 2 | Baguette/Ost & Skinka: 2 | Baguette/Salami & Brieost: 2 | Baguette/Skagen: 3 | Fralla/Ost & Skinka: 6 | Fralla/Ost: 3 | Hönökaka/Ost & Salami: 2 | Hönökaka/Ost & Skinka: 4 | Hönökaka/Ost: 3 | Pastasallad/Bacon & Kyckling: 3 | Pastasallad/Kyckling & Salladsost: 5 | Pastasallad/Kyckling kebab: 1 | Pastasallad/Kyckling mangocurry: 6 | Pastasallad/Räkor: 3 | Sandwich/Bacon & Äggröra: 3 | Sandwich/Clubsandwich: 3 | Sandwich/Kyckling Curry: 1 | Sandwich/Kyckling Pestoröra: 1 | Sandwich/Räkor: 2 | Sandwich/Ägg & Avocadokräm: 2 | Wraps/Caesar Kyckling: 4 | Wraps/Kyckling Bacon: 5 | Wraps/Kyckling Curry: 4 | Wraps/Sweet Chili: 5 | Wraps/Wrap Curry Oumph!: 4 | XL Frallor/Grovfralla Kalkon & Färskost: 1 | XL Frallor/Ost & Skinka: 2 | XL Frallor/Ost: 1
Uppsala Rutt,ICA Luthagen,Sunday,61,47~78,11,Pastasallad/Bacon & Kyckling: 5 | Pastasallad/Kyckling & Salladsost: 8 | Pastasallad/Kyckling mangocurry: 8 | Pastasallad/Ost & Skinka: 6 | Pastasallad/Räkor: 5 | Sandwich/Bacon & Äggröra: 6 | Sandwich/Clubsandwich: 7 | Sandwich/Kyckling Curry: 4 | Sandwich/Kyckling Pestoröra: 3 | Sandwich/Räkor: 7 | Sandwich/Ägg & Avocadokräm: 2
Uppsala Rutt,ICA SAMköp,Sunday,93,73~127,27,Baguette/Kyckling Curry: 3 | Baguette/Kyckling Sweet Chili: 2 | Baguette/Ost & Skinka: 3 | Baguette/Salami & Brieost: 2 | Baguette/Skagen: 4 | Fralla/Ost & Skinka: 5 | Fralla/Ost: 5 | Hönökaka/Ost & Salami: 2 | Hönökaka/Ost & Skinka: 4 | Hönökaka/Ost: 4 | Pastasallad/Bacon & Kyckling: 4 | Pastasallad/Kyckling & Salladsost: 6 | Pastasallad/Kyckling mangocurry: 7 | Pastasallad/Ost & Skinka: 2 | Pastasallad/Räkor: 4 | Sandwich/Bacon & Äggröra: 3 | Sandwich/Clubsandwich: 3 | Sandwich/Kyckling Curry: 3 | Sandwich/Kyckling Pestoröra: 2 | Sandwich/Räkor: 3 | Sandwich/Ägg & Avocadokräm: 2 | Wraps/Caesar Kyckling: 5 | Wraps/Kyckling Bacon: 3 | Wraps/Kyckling Curry: 4 | Wraps/Sweet Chili: 4 | XL Frallor/Grovfralla Kalkon & Färskost: 2 | XL Frallor/Ost & Skinka: 2
Uppsala Rutt,ICA Storvreta,Sunday,13,8~15,11,Pastasallad/Kyckling & Salladsost: 2 | Pastasallad/Kyckling kebab: 1 | Pastasallad/Kyckling mangocurry: 2 | Pastasallad/Räkor: 1 | Sandwich/Clubsandwich: 1 | Sandwich/Kyckling Pestoröra: 1 | Sandwich/Ägg & Avocadokräm: 1 | Varmrätt/Falafel med bulgur: 1 | Varmrätt/Kyckling-och böngryta: 1 | Varmrätt/Kycklingpestosallad: 1 | Varmrätt/Tacobolognese med fullkornspasta: 1
Uppsala Rutt,ICA Torgkassen,Sunday,93,76~116,13,Baguette/Kyckling Curry: 3 | Baguette/Skagen: 6 | Fralla/Ost & Skinka: 11 | Fralla/Ost: 9 | Hönökaka/Ost & Salami: 12 | Hönökaka/Ost: 11 | Pastasallad/Kyckling mangocurry: 15 | Räkmacka Liten/Räkmacka liten: 5 | Sandwich/Räkor: 11 | Sandwich/Ägg & Avocadokräm: 3 | Varmrätt/Cevapcici med bulgur: 2 | Varmrätt/Teriyakibiff med ris: 3 | Varmrätt/Teriyakikycklingfile med basmatiris: 2
Uppsala Rutt,ICA Vretgränd,Sunday,151,119~195,33,Baguette/Kyckling Curry: 4 | Baguette/Kyckling Sweet Chili: 2 | Baguette/Ost & Skinka: 4 | Baguette/Salami & Brieost: 4 | Baguette/Skagen: 5 | Fralla/Ost & Skinka: 13 | Fralla/Ost: 11 | Hönökaka/Ost & Salami: 6 | Hönökaka/Ost & Skinka: 9 | Hönökaka/Ost: 6 | Pastasallad/Bacon & Kyckling: 6 | Pastasallad/Kyckling & Salladsost: 8 | Pastasallad/Kyckling mangocurry: 8 | Pastasallad/Ost & Skinka: 6 | Pastasallad/Räkor: 6 | Sandwich/Bacon & Äggröra: 3 | Sandwich/Clubsandwich: 4 | Sandwich/Kyckling Curry: 4 | Sandwich/Kyckling Pestoröra: 2 | Sandwich/Räkor: 3 | Sandwich/Ägg & Avocadokräm: 2 | Varmrätt/Cevapcici med bulgur: 1 | Varmrätt/Kyckling-och böngryta: 1 | Varmrätt/Teriyakikycklingfile med basmatiris: 1 | Wraps/Caesar Kyckling: 5 | Wraps/Kyckling Bacon: 5 | Wraps/Kyckling Curry: 4 | Wraps/Kycklingsallad Olivie: 1 | Wraps/Sweet Chili: 2 | Wraps/Wrap Curry Oumph!: 2 | XL Frallor/Grovfralla Kalkon & Färskost: 4 | XL Frallor/Ost & Skinka: 5 | XL Frallor/Ost: 4
Uppsala Rutt,Myway Råbyvägen,Sunday,18,9~36,9,Baguette/Kyckling Curry: 1 | Baguette/Skagen: 4 | Fralla/Ost: 4 | Hönökaka/Ost: 4 | Sandwich/Kyckling Curry: 1 | Sandwich/Kyckling Pestoröra: 1 | Sandwich/Räkor: 1 | Wraps/Kyckling Curry: 1 | Wraps/Sweet Chili: 1
Uppsala Rutt,Nelins,Sunday,91,68~118,32,Baguette/Kyckling Curry: 2 | Baguette/Kyckling Sweet Chili: 1 | Baguette/Ost & Skinka: 1 | Baguette/Salami & Brieost: 1 | Baguette/Skagen: 3 | Fralla/Ost & Skinka: 5 | Fralla/Ost: 5 | Grönsallad/Caesarsallad: 2 | Hönökaka/Ost & Salami: 3 | Hönökaka/Ost & Skinka: 3 | Hönökaka/Ost: 2 | Pastasallad/Bacon & Kyckling: 2 | Pastasallad/Kyckling & Salladsost: 4 | Pastasallad/Kyckling mangocurry: 5 | Pastasallad/Ost & Skinka: 2 | Pastasallad/Räkor: 3 | Sandwich/Bacon & Äggröra: 4 | Sandwich/Clubsandwich: 4 | Sandwich/Kyckling Curry: 3 | Sandwich/Kyckling Pestoröra: 3 | Sandwich/Räkor: 5 | Sandwich/Ägg & Avocadokräm: 3 | Varmrätt/Kycklingpestosallad: 1 | Varmrätt/Teriyakibiff med ris: 1 | Varmrätt/Teriyakikycklingfile med basmatiris: 1 | Wraps/Caesar Kyckling: 4 | Wraps/Kyckling Bacon: 4 | Wraps/Kyckling Curry: 4 | Wraps/Sweet Chili: 3 | XL Frallor/Grovfralla Kalkon & Färskost: 2 | XL Frallor/Ost & Skinka: 3 | XL Frallor/Ost: 2
Uppsala Rutt,Coop Stationsgallerian,Monday,74,62~93,29,Baguette/Kyckling Curry: 1 | Baguette/Kyckling Sweet Chili: 2 | Baguette/Ost & Skinka: 1 | Baguette/Salami & Brieost: 2 | Baguette/Skagen: 3 | Fralla/Ost & Skinka: 8 | Fralla/Ost: 6 | Hönökaka/Ost & Salami: 3 | Hönökaka/Ost & Skinka: 3 | Hönökaka/Ost: 3 | Pastasallad/Bacon & Kyckling: 2 | Pastasallad/Kyckling & Salladsost: 2 | Pastasallad/Kyckling mangocurry: 2 | Pastasallad/Ost & Skinka: 1 | Pastasallad/Räkor: 1 | Sandwich/Bacon & Äggröra: 3 | Sandwich/Clubsandwich: 2 | Sandwich/Kyckling Curry: 2 | Sandwich/Kyckling Pestoröra: 2 | Sandwich/Räkor: 2 | Sandwich/Ägg & Avocadokräm: 1 | Wraps/Caesar Kyckling: 3 | Wraps/Kyckling Bacon: 5 | Wraps/Kyckling Curry: 6 | Wraps/Sweet Chili: 3 | Wraps/Wrap Curry Oumph!: 1 | XL Frallor/Grovfralla Kalkon & Färskost: 1 | XL Frallor/Ost & Skinka: 2 | XL Frallor/Ost: 1
Uppsala Rutt,Coop Sunnersta,Monday,66,42~105,25,Baguette/Kyckling Curry: 2 | Baguette/Ost & Skinka: 2 | Baguette/Salami & Brieost: 2 | Baguette/Skagen: 2 | Fralla/Ost & Skinka: 3 | Fralla/Ost: 2 | Hönökaka/Ost & Salami: 1 | Hönökaka/Ost & Skinka: 2 | Hönökaka/Ost: 2 | Pastasallad/Bacon & Kyckling: 3 | Pastasallad/Kyckling & Salladsost: 4 | Pastasallad/Kyckling kebab: 2 | Pastasallad/Kyckling mangocurry: 5 | Pastasallad/Ost & Skinka: 2 | Pastasallad/Räkor: 3 | Sandwich/Bacon & Äggröra: 4 | Sandwich/Clubsandwich: 1 | Sandwich/Kyckling Curry: 3 | Sandwich/Räkor: 2 | Sandwich/Ägg & Avocadokräm: 2 | Wraps/Caesar Kyckling: 4 | Wraps/Kyckling Bacon: 4 | Wraps/Kyckling Curry: 3 | Wraps/Sweet Chili: 4 | XL Frallor/Ost & Skinka: 2
Uppsala Rutt,Coop Västertorg,Monday,75,54~107,26,Baguette/Kyckling Curry: 3 | Baguette/Ost & Skinka: 3 | Baguette/Salami & Brieost: 3 | Baguette/Skagen: 3 | Fralla/Ost & Skinka: 4 | Fralla/Ost: 4 | Hönökaka/Ost & Salami: 3 | Hönökaka/Ost & Skinka: 3 | Hönökaka/Ost: 3 | Pastasallad/Bacon & Kyckling: 3 | Pastasallad/Falafel: 1 | Pastasallad/Kyckling & Salladsost: 3 | Pastasallad/Kyckling kebab: 2 | Pastasallad/Kyckling mangocurry: 3 | Pastasallad/Ost & Skinka: 2 | Pastasallad/Räkor: 2 | Sandwich/Clubsandwich: 3 | Sandwich/Kyckling Curry: 3 | Sandwich/Räkor: 3 | Sandwich/Ägg & Avocadokräm: 2 | Wraps/Caesar Kyckling: 4 | Wraps/Kyckling Bacon: 4 | Wraps/Sweet Chili: 4 | Wraps/Wrap Curry Oumph!: 4 | XL Frallor/Grovfralla Kalkon & Färskost: 2 | XL Frallor/Ost: 1
Uppsala Rutt,ICA Sävja,Monday,70,52~98,24,Baguette/Kyckling Curry: 2 | Baguette/Ost & Skinka: 2 | Baguette/Salami & Brieost: 2 | Baguette/Skagen: 2 | Fralla/Ost & Skinka: 4 | Fralla/Ost: 5 | Hönökaka/Ost & Salami: 3 | Hönökaka/Ost & Skinka: 3 | Hönökaka/Ost: 2 | Pastasallad/Bacon & Kyckling: 3 | Pastasallad/Kyckling & Salladsost: 5 | Pastasallad/Kyckling kebab: 2 | Pastasallad/Kyckling mangocurry: 6 | Pastasallad/Ost & Skinka: 2 | Pastasallad/Räkor: 4 | Sandwich/Bacon & Äggröra: 3 | Sandwich/Clubsandwich: 2 | Sandwich/Kyckling Curry: 2 | Sandwich/Räkor: 3 | Sandwich/Ägg & Avocadokräm: 2 | Wraps/Caesar Kyckling: 3 | Wraps/Kyckling Bacon: 3 | Wraps/Kyckling Curry: 3 | Wraps/Sweet Chili: 2
Uppsala Rutt,Coop Ekeby,Tuesday,44,38~69,29,Baguette/Kyckling Curry: 1 | Baguette/Ost & Skinka: 1 | Baguette/Salami & Brieost: 1 | Baguette/Skagen: 2 | Fralla/Ost & Skinka: 3 | Fralla/Ost: 3 | Hönökaka/Ost & Salami: 2 | Hönökaka/Ost & Skinka: 1 | Hönökaka/Ost: 1 | Pastasallad/Bacon & Kyckling: 1 | Pastasallad/Falafel: 1 | Pastasallad/Kyckling & Salladsost: 2 | Pastasallad/Kyckling kebab: 1 | Pastasallad/Kyckling mangocurry: 3 | Pastasallad/Ost & Skinka: 1 | Pastasallad/Räkor: 2 | Sandwich/Bacon & Äggröra: 1 | Sandwich/Clubsandwich: 2 | Sandwich/Kyckling Curry: 1 | Sandwich/Räkor: 2 | Sandwich/Ägg & Avocadokräm: 1 | Wraps/Caesar Kyckling: 2 | Wraps/Kyckling Bacon: 2 | Wraps/Kyckling Curry: 2 | Wraps/Sweet Chili: 1 | Wraps/Wrap Curry Oumph!: 1 | XL Frallor/Grovfralla Kalkon & Färskost: 1 | XL Frallor/Ost & Skinka: 1 | XL Frallor/Ost: 1
Uppsala Rutt,Coop Luthagen,Tuesday,40,32~59,30,Baguette/Kyckling Curry: 1 | Baguette/Kyckling Sweet Chili: 1 | Baguette/Ost & Skinka: 1 | Baguette/Salami & Brieost: 1 | Baguette/Skagen: 1 | Fralla/Ost & Skinka: 3 | Fralla/Ost: 2 | Hönökaka/Ost & Salami: 1 | Hönökaka/Ost & Skinka: 1 | Hönökaka/Ost: 1 | Pastasallad/Bacon & Kyckling: 1 | Pastasallad/Kyckling & Salladsost: 2 | Pastasallad/Kyckling mangocurry: 3 | Pastasallad/Ost & Skinka: 1 | Pastasallad/Räkor: 2 | Sandwich/Bacon & Äggröra: 1 | Sandwich/Clubsandwich: 1 | Sandwich/Kyckling Curry: 1 | Sandwich/Kyckling Pestoröra: 1 | Sandwich/Räkor: 1 | Sandwich/Ägg & Avocadokräm: 1 | Varmrätt/Teriyakibiff med ris: 1 | Wraps/Caesar Kyckling: 2 | Wraps/Kyckling Bacon: 3 | Wraps/Kyckling Curry: 1 | Wraps/Sweet Chili: 1 | Wraps/Wrap Curry Oumph!: 1 | XL Frallor/Grovfralla Kalkon & Färskost: 1 | XL Frallor/Ost & Skinka: 1 | XL Frallor/Ost: 1
Uppsala Rutt,Coop Stationsgallerian,Tuesday,81,66~99,29,Baguette/Kyckling Curry: 2 | Baguette/Kyckling Sweet Chili: 2 | Baguette/Ost & Skinka: 1 | Baguette/Salami & Brieost: 2 | Baguette/Skagen: 3 | Fralla/Ost & Skinka: 9 | Fralla/Ost: 6 | Hönökaka/Ost & Salami: 3 | Hönökaka/Ost & Skinka: 4 | Hönökaka/Ost: 4 | Pastasallad/Bacon & Kyckling: 2 | Pastasallad/Kyckling & Salladsost: 2 | Pastasallad/Kyckling mangocurry: 2 | Pastasallad/Ost & Skinka: 1 | Pastasallad/Räkor: 1 | Sandwich/Bacon & Äggröra: 3 | Sandwich/Clubsandwich: 3 | Sandwich/Kyckling Curry: 2 | Sandwich/Kyckling Pestoröra: 2 | Sandwich/Räkor: 2 | Sandwich/Ägg & Avocadokräm: 2 | Wraps/Caesar Kyckling: 3 | Wraps/Kyckling Bacon: 5 | Wraps/Kyckling Curry: 7 | Wraps/Sweet Chili: 3 | Wraps/Wrap Curry Oumph!: 1 | XL Frallor/Grovfralla Kalkon & Färskost: 1 | XL Frallor/Ost & Skinka: 2 | XL Frallor/Ost: 1
Uppsala Rutt,Coop Storvreta,Tuesday,41,37~62,26,Baguette/Kyckling Curry: 1 | Baguette/Ost & Skinka: 1 | Baguette/Salami & Brieost: 1 | Baguette/Skagen: 1 | Fralla/Ost & Skinka: 4 | Fralla/Ost: 3 | Grönsallad/Caesarsallad: 1 | Hönökaka/Ost & Salami: 1 | Hönökaka/Ost & Skinka: 1 | Hönökaka/Ost: 1 | Pastasallad/Bacon & Kyckling: 1 | Pastasallad/Kyckling & Salladsost: 3 | Pastasallad/Kyckling mangocurry: 3 | Pastasallad/Ost & Skinka: 1 | Pastasallad/Räkor: 2 | Sandwich/Bacon & Äggröra: 1 | Sandwich/Clubsandwich: 1 | Sandwich/Kyckling Curry: 1 | Sandwich/Räkor: 2 | Sandwich/Ägg & Avocadokräm: 1 | Wraps/Caesar Kyckling: 2 | Wraps/Kyckling Bacon: 2 | Wraps/Kyckling Curry: 2 | Wraps/Sweet Chili: 2 | XL Frallor/Ost & Skinka: 1 | XL Frallor/Ost: 1
Uppsala Rutt,ICA Hörnan,Tuesday,49,38~72,28,Baguette/Kyckling Curry: 1 | Baguette/Ost & Skinka: 1 | Baguette/Salami & Brieost: 1 | Baguette/Skagen: 2 | Fralla/Ost & Skinka: 3 | Fralla/Ost: 2 | Hönökaka/Ost & Salami: 1 | Hönökaka/Ost & Skinka: 2 | Hönökaka/Ost: 2 | Pastasallad/Bacon & Kyckling: 2 | Pastasallad/Kyckling & Salladsost: 3 | Pastasallad/Kyckling kebab: 1 | Pastasallad/Kyckling mangocurry: 3 | Pastasallad/Räkor: 2 | Sandwich/Bacon & Äggröra: 2 | Sandwich/Clubsandwich: 2 | Sandwich/Kyckling Curry: 1 | Sandwich/Kyckling Pestoröra: 1 | Sandwich/Räkor: 1 | Sandwich/Ägg & Avocadokräm: 1 | Wraps/Caesar Kyckling: 2 | Wraps/Kyckling Bacon: 3 | Wraps/Kyckling Curry: 2 | Wraps/Sweet Chili: 3 | Wraps/Wrap Curry Oumph!: 2 | XL Frallor/Grovfralla Kalkon & Färskost: 1 | XL Frallor/Ost & Skinka: 1 | XL Frallor/Ost: 1
Uppsala Rutt,ICA Luthagen,Tuesday,30,23~38,11,Pastasallad/Bacon & Kyckling: 3 | Pastasallad/Kyckling & Salladsost: 4 | Pastasallad/Kyckling mangocurry: 4 | Pastasallad/Ost & Skinka: 3 | Pastasallad/Räkor: 3 | Sandwich/Bacon & Äggröra: 3 | Sandwich/Clubsandwich: 3 | Sandwich/Kyckling Curry: 2 | Sandwich/Kyckling Pestoröra: 1 | Sandwich/Räkor: 3 | Sandwich/Ägg & Avocadokräm: 1
Uppsala Rutt,ICA SAMköp,Tuesday,51,41~69,27,Baguette/Kyckling Curry: 1 | Baguette/Kyckling Sweet Chili: 1 | Baguette/Ost & Skinka: 2 | Baguette/Salami & Brieost: 1 | Baguette/Skagen: 2 | Fralla/Ost & Skinka: 3 | Fralla/Ost: 3 | Hönökaka/Ost & Salami: 1 | Hönökaka/Ost & Skinka: 2 | Hönökaka/Ost: 2 | Pastasallad/Bacon & Kyckling: 2 | Pastasallad/Kyckling & Salladsost: 3 | Pastasallad/Kyckling mangocurry: 4 | Pastasallad/Ost & Skinka: 1 | Pastasallad/Räkor: 2 | Sandwich/Bacon & Äggröra: 2 | Sandwich/Clubsandwich: 2 | Sandwich/Kyckling Curry: 2 | Sandwich/Kyckling Pestoröra: 1 | Sandwich/Räkor: 2 | Sandwich/Ägg & Avocadokräm: 1 | Wraps/Caesar Kyckling: 3 | Wraps/Kyckling Bacon: 2 | Wraps/Kyckling Curry: 2 | Wraps/Sweet Chili: 2 | XL Frallor/Grovfralla Kalkon & Färskost: 1 | XL Frallor/Ost & Skinka: 1
Uppsala Rutt,ICA Storvreta,Tuesday,22,16~33,11,Pastasallad/Kyckling & Salladsost: 4 | Pastasallad/Kyckling kebab: 2 | Pastasallad/Kyckling mangocurry: 3 | Pastasallad/Räkor: 2 | Sandwich/Clubsandwich: 2 | Sandwich/Kyckling Pestoröra: 1 | Sandwich/Ägg & Avocadokräm: 1 | Varmrätt/Falafel med bulgur: 2 | Varmrätt/Kyckling-och böngryta: 1 | Varmrätt/Kycklingpestosallad: 2 | Varmrätt/Tacobolognese med fullkornspasta: 2
Uppsala Rutt,ICA Torgkassen,Tuesday,87,69~105,13,Baguette/Kyckling Curry: 3 | Baguette/Skagen: 6 | Fralla/Ost & Skinka: 10 | Fralla/Ost: 8 | Hönökaka/Ost & Salami: 11 | Hönökaka/Ost: 10 | Pastasallad/Kyckling mangocurry: 14 | Räkmacka Liten/Räkmacka liten: 5 | Sandwich/Räkor: 10 | Sandwich/Ägg & Avocadokräm: 3 | Varmrätt/Cevapcici med bulgur: 2 | Varmrätt/Teriyakibiff med ris: 3 | Varmrätt/Teriyakikycklingfile med basmatiris: 2
Uppsala Rutt,ICA Vretgränd,Tuesday,87,72~114,33,Baguette/Kyckling Curry: 2 | Baguette/Kyckling Sweet Chili: 1 | Baguette/Ost & Skinka: 2 | Baguette/Salami & Brieost: 2 | Baguette/Skagen: 3 | Fralla/Ost & Skinka: 7 | Fralla/Ost: 6 | Hönökaka/Ost & Salami: 4 | Hönökaka/Ost & Skinka: 5 | Hönökaka/Ost: 4 | Pastasallad/Bacon & Kyckling: 3 | Pastasallad/Kyckling & Salladsost: 5 | Pastasallad/Kyckling mangocurry: 5 | Pastasallad/Ost & Skinka: 3 | Pastasallad/Räkor: 4 | Sandwich/Bacon & Äggröra: 2 | Sandwich/Clubsandwich: 2 | Sandwich/Kyckling Curry: 2 | Sandwich/Kyckling Pestoröra: 1 | Sandwich/Räkor: 2 | Sandwich/Ägg & Avocadokräm: 1 | Varmrätt/Cevapcici med bulgur: 1 | Varmrätt/Kyckling-och böngryta: 1 | Varmrätt/Teriyakikycklingfile med basmatiris: 1 | Wraps/Caesar Kyckling: 3 | Wraps/Kyckling Bacon: 3 | Wraps/Kyckling Curry: 2 | Wraps/Kycklingsallad Olivie: 1 | Wraps/Sweet Chili: 1 | Wraps/Wrap Curry Oumph!: 1 | XL Frallor/Grovfralla Kalkon & Färskost: 2 | XL Frallor/Ost & Skinka: 3 | XL Frallor/Ost: 2
Uppsala Rutt,Nelins,Tuesday,105,79~141,32,Baguette/Kyckling Curry: 2 | Baguette/Kyckling Sweet Chili: 1 | Baguette/Ost & Skinka: 2 | Baguette/Salami & Brieost: 2 | Baguette/Skagen: 4 | Fralla/Ost & Skinka: 6 | Fralla/Ost: 6 | Grönsallad/Caesarsallad: 2 | Hönökaka/Ost & Salami: 3 | Hönökaka/Ost & Skinka: 3 | Hönökaka/Ost: 3 | Pastasallad/Bacon & Kyckling: 3 | Pastasallad/Kyckling & Salladsost: 5 | Pastasallad/Kyckling mangocurry: 6 | Pastasallad/Ost & Skinka: 3 | Pastasallad/Räkor: 4 | Sandwich/Bacon & Äggröra: 4 | Sandwich/Clubsandwich: 5 | Sandwich/Kyckling Curry: 3 | Sandwich/Kyckling Pestoröra: 3 | Sandwich/Räkor: 5 | Sandwich/Ägg & Avocadokräm: 3 | Varmrätt/Kycklingpestosallad: 1 | Varmrätt/Teriyakibiff med ris: 1 | Varmrätt/Teriyakikycklingfile med basmatiris: 1 | Wraps/Caesar Kyckling: 4 | Wraps/Kyckling Bacon: 4 | Wraps/Kyckling Curry: 4 | Wraps/Sweet Chili: 3 | XL Frallor/Grovfralla Kalkon & Färskost: 3 | XL Frallor/Ost & Skinka: 3 | XL Frallor/Ost: 3
Uppsala Rutt,Coop Stationsgallerian,Wednesday,102,83~124,30,Baguette/Kyckling Curry: 2 | Baguette/Kyckling Sweet Chili: 2 | Baguette/Ost & Skinka: 1 | Baguette/Salami & Brieost: 2 | Baguette/Skagen: 4 | Fralla/Ost & Skinka: 11 | Fralla/Ost: 8 | Hönökaka/Ost & Salami: 3 | Hönökaka/Ost & Skinka: 5 | Hönökaka/Ost: 5 | Pastasallad/Bacon & Kyckling: 2 | Pastasallad/Kyckling & Salladsost: 3 | Pastasallad/Kyckling mangocurry: 3 | Pastasallad/Ost & Skinka: 1 | Pastasallad/Räkor: 2 | Sandwich/Bacon & Äggröra: 4 | Sandwich/Clubsandwich: 3 | Sandwich/Kyckling Curry: 3 | Sandwich/Kyckling Pestoröra: 2 | Sandwich/Räkor: 3 | Sandwich/Ägg & Avocadokräm: 2 | Wraps/Caesar Kyckling: 4 | Wraps/Kyckling Bacon: 6 | Wraps/Kyckling Curry: 9 | Wraps/Kycklingsallad Olivie: 1 | Wraps/Sweet Chili: 4 | Wraps/Wrap Curry Oumph!: 1 | XL Frallor/Grovfralla Kalkon & Färskost: 2 | XL Frallor/Ost & Skinka: 3 | XL Frallor/Ost: 1
Uppsala Rutt,Coop Sunnersta,Wednesday,25,23~36,24,Baguette/Kyckling Curry: 1 | Baguette/Ost & Skinka: 1 | Baguette/Salami & Brieost: 1 | Baguette/Skagen: 1 | Fralla/Ost & Skinka: 1 | Fralla/Ost: 1 | Hönökaka/Ost & Skinka: 1 | Hönökaka/Ost: 1 | Pastasallad/Bacon & Kyckling: 1 | Pastasallad/Kyckling & Salladsost: 1 | Pastasallad/Kyckling kebab: 1 | Pastasallad/Kyckling mangocurry: 2 | Pastasallad/Ost & Skinka: 1 | Pastasallad/Räkor: 1 | Sandwich/Bacon & Äggröra: 1 | Sandwich/Clubsandwich: 1 | Sandwich/Kyckling Curry: 1 | Sandwich/Räkor: 1 | Sandwich/Ägg & Avocadokräm: 1 | Wraps/Caesar Kyckling: 1 | Wraps/Kyckling Bacon: 1 | Wraps/Kyckling Curry: 1 | Wraps/Sweet Chili: 1 | XL Frallor/Ost & Skinka: 1
Uppsala Rutt,Coop Västertorg,Wednesday,55,44~80,25,Baguette/Kyckling Curry: 2 | Baguette/Ost & Skinka: 2 | Baguette/Salami & Brieost: 2 | Baguette/Skagen: 2 | Fralla/Ost & Skinka: 3 | Fralla/Ost: 3 | Hönökaka/Ost & Salami: 2 | Hönökaka/Ost & Skinka: 2 | Hönökaka/Ost: 2 | Pastasallad/Bacon & Kyckling: 2 | Pastasallad/Falafel: 1 | Pastasallad/Kyckling & Salladsost: 3 | Pastasallad/Kyckling kebab: 2 | Pastasallad/Kyckling mangocurry: 2 | Pastasallad/Ost & Skinka: 2 | Pastasallad/Räkor: 1 | Sandwich/Clubsandwich: 2 | Sandwich/Kyckling Curry: 2 | Sandwich/Räkor: 2 | Sandwich/Ägg & Avocadokräm: 2 | Wraps/Caesar Kyckling: 3 | Wraps/Kyckling Bacon: 4 | Wraps/Sweet Chili: 3 | Wraps/Wrap Curry Oumph!: 3 | XL Frallor/Grovfralla Kalkon & Färskost: 1
Uppsala Rutt,ICA Sävja,Wednesday,56,45~81,24,Baguette/Kyckling Curry: 1 | Baguette/Ost & Skinka: 2 | Baguette/Salami & Brieost: 2 | Baguette/Skagen: 1 | Fralla/Ost & Skinka: 4 | Fralla/Ost: 5 | Hönökaka/Ost & Salami: 2 | Hönökaka/Ost & Skinka: 2 | Hönökaka/Ost: 1 | Pastasallad/Bacon & Kyckling: 2 | Pastasallad/Kyckling & Salladsost: 4 | Pastasallad/Kyckling kebab: 2 | Pastasallad/Kyckling mangocurry: 6 | Pastasallad/Ost & Skinka: 2 | Pastasallad/Räkor: 4 | Sandwich/Bacon & Äggröra: 2 | Sandwich/Clubsandwich: 2 | Sandwich/Kyckling Curry: 1 | Sandwich/Räkor: 2 | Sandwich/Ägg & Avocadokräm: 1 | Wraps/Caesar Kyckling: 2 | Wraps/Kyckling Bacon: 2 | Wraps/Kyckling Curry: 2 | Wraps/Sweet Chili: 2
Uppsala Rutt,Coop Ekeby,Thursday,60,36~72,32,Baguette/Kyckling Curry: 2 | Baguette/Ost & Skinka: 2 | Baguette/Salami & Brieost: 2 | Baguette/Skagen: 2 | Fralla/Ost & Skinka: 4 | Fralla/Ost: 3 | Hönökaka/Ost & Salami: 2 | Hönökaka/Ost & Skinka: 2 | Hönökaka/Ost: 2 | Pastasallad/Bacon & Kyckling: 1 | Pastasallad/Falafel: 2 | Pastasallad/Kyckling & Salladsost: 3 | Pastasallad/Kyckling kebab: 1 | Pastasallad/Kyckling mangocurry: 2 | Pastasallad/Ost & Skinka: 2 | Pastasallad/Räkor: 2 | Sandwich/Bacon & Äggröra: 2 | Sandwich/Clubsandwich: 3 | Sandwich/Kyckling Curry: 2 | Sandwich/Kyckling Pestoröra: 1 | Sandwich/Räkor: 2 | Sandwich/Ägg & Avocadokräm: 1 | Varmrätt/Cevapcici med bulgur: 1 | Varmrätt/Pannbiff med Basmatiris: 1 | Varmrätt/Teriyakibiff med ris: 1 | Wraps/Caesar Kyckling: 2 | Wraps/Kyckling Bacon: 2 | Wraps/Kyckling Curry: 2 | Wraps/Sweet Chili: 2 | Wraps/Wrap Curry Oumph!: 1 | XL Frallor/Grovfralla Kalkon & Färskost: 1 | XL Frallor/Ost & Skinka: 2
Uppsala Rutt,Coop Luthagen,Thursday,47,26~59,31,Baguette/Kyckling Curry: 1 | Baguette/Ost & Skinka: 1 | Baguette/Salami & Brieost: 2 | Baguette/Skagen: 2 | Fralla/Ost & Skinka: 2 | Fralla/Ost: 3 | Hönökaka/Ost & Skinka: 2 | Hönökaka/Ost: 2 | Pastasallad/Bacon & Kyckling: 1 | Pastasallad/Falafel: 1 | Pastasallad/Kyckling & Salladsost: 2 | Pastasallad/Kyckling kebab: 1 | Pastasallad/Kyckling mangocurry: 3 | Pastasallad/Ost & Skinka: 2 | Pastasallad/Räkor: 1 | Sandwich/Bacon & Äggröra: 1 | Sandwich/Clubsandwich: 1 | Sandwich/Kyckling Curry: 1 | Sandwich/Kyckling Pestoröra: 1 | Sandwich/Räkor: 2 | Sandwich/Ägg & Avocadokräm: 1 | Varmrätt/Cevapcici med bulgur: 1 | Varmrätt/Kyckling-och böngryta: 1 | Wraps/Caesar Kyckling: 3 | Wraps/Kyckling Bacon: 2 | Wraps/Kyckling Curry: 2 | Wraps/Sweet Chili: 1 | Wraps/Wrap Curry Oumph!: 1 | XL Frallor/Grovfralla Kalkon & Färskost: 1 | XL Frallor/Ost & Skinka: 1 | XL Frallor/Ost: 1
Uppsala Rutt,Coop Stationsgallerian,Thursday,154,125~180,31,Baguette/Kyckling Curry: 3 | Baguette/Kyckling Sweet Chili: 2 | Baguette/Ost & Skinka: 3 | Baguette/Salami & Brieost: 3 | Baguette/Skagen: 7 | Fralla/Ost & Skinka: 16 | Fralla/Ost: 12 | Hönökaka/Ost & Salami: 5 | Hönökaka/Ost & Skinka: 6 | Hönökaka/Ost: 7 | Pastasallad/Bacon & Kyckling: 3 | Pastasallad/Kyckling & Salladsost: 4 | Pastasallad/Kyckling mangocurry: 4 | Pastasallad/Ost & Skinka: 2 | Pastasallad/Räkor: 2 | Sandwich/Bacon & Äggröra: 5 | Sandwich/Clubsandwich: 5 | Sandwich/Kyckling Curry: 6 | Sandwich/Kyckling Pestoröra: 4 | Sandwich/Räkor: 4 | Sandwich/Ägg & Avocadokräm: 3 | Varmrätt/Cevapcici med bulgur: 1 | Varmrätt/Teriyakibiff med ris: 1 | Wraps/Caesar Kyckling: 7 | Wraps/Kyckling Bacon: 9 | Wraps/Kyckling Curry: 13 | Wraps/Kycklingsallad Olivie: 1 | Wraps/Sweet Chili: 5 | XL Frallor/Grovfralla Kalkon & Färskost: 3 | XL Frallor/Ost & Skinka: 5 | XL Frallor/Ost: 3
Uppsala Rutt,Coop Storvreta,Thursday,57,39~79,28,Baguette/Kyckling Curry: 1 | Baguette/Kyckling Sweet Chili: 1 | Baguette/Ost & Skinka: 2 | Baguette/Salami & Brieost: 2 | Baguette/Skagen: 2 | Fralla/Ost & Skinka: 5 | Fralla/Ost: 5 | Grönsallad/Caesarsallad: 1 | Hönökaka/Ost & Salami: 1 | Hönökaka/Ost & Skinka: 2 | Hönökaka/Ost: 1 | Pastasallad/Bacon & Kyckling: 1 | Pastasallad/Kyckling & Salladsost: 4 | Pastasallad/Kyckling mangocurry: 5 | Pastasallad/Ost & Skinka: 1 | Pastasallad/Räkor: 2 | Sandwich/Bacon & Äggröra: 2 | Sandwich/Clubsandwich: 1 | Sandwich/Kyckling Curry: 1 | Sandwich/Räkor: 2 | Sandwich/Ägg & Avocadokräm: 1 | Wraps/Caesar Kyckling: 2 | Wraps/Kyckling Bacon: 3 | Wraps/Kyckling Curry: 3 | Wraps/Sweet Chili: 3 | XL Frallor/Grovfralla Kalkon & Färskost: 1 | XL Frallor/Ost & Skinka: 1 | XL Frallor/Ost: 1
Uppsala Rutt,Flogsta Närlivs,Thursday,12,9~0,12,Fralla/Ost & Skinka: 1 | Fralla/Ost: 1 | Pastasallad/Bacon & Kyckling: 1 | Pastasallad/Kyckling kebab: 1 | Pastasallad/Kyckling mangocurry: 1 | Sandwich/Clubsandwich: 1 | Sandwich/Kyckling Curry: 1 | Sandwich/Kyckling Pestoröra: 1 | Wraps/Caesar Kyckling: 1 | Wraps/Kyckling Bacon: 1 | Wraps/Kyckling Curry: 1 | Wraps/Sweet Chili: 1
Uppsala Rutt,ICA Hörnan,Thursday,56,38~66,31,Baguette/Kyckling Curry: 2 | Baguette/Ost & Skinka: 1 | Baguette/Salami & Brieost: 1 | Baguette/Skagen: 2 | Fralla/Ost & Skinka: 3 | Fralla/Ost: 2 | Hönökaka/Ost & Salami: 2 | Hönökaka/Ost & Skinka: 3 | Hönökaka/Ost: 2 | Pastasallad/Bacon & Kyckling: 2 | Pastasallad/Kyckling & Salladsost: 3 | Pastasallad/Kyckling kebab: 1 | Pastasallad/Kyckling mangocurry: 3 | Pastasallad/Räkor: 2 | Sandwich/Bacon & Äggröra: 2 | Sandwich/Clubsandwich: 2 | Sandwich/Kyckling Curry: 1 | Sandwich/Kyckling Pestoröra: 1 | Sandwich/Räkor: 2 | Sandwich/Ägg & Avocadokräm: 2 | Varmrätt/Cevapcici med bulgur: 1 | Varmrätt/Kyckling-och böngryta: 1 | Varmrätt/Kycklingkebab med bulgur: 1 | Varmrätt/Kycklingspett med ris: 1 | Wraps/Caesar Kyckling: 3 | Wraps/Kyckling Bacon: 2 | Wraps/Kyckling Curry: 2 | Wraps/Sweet Chili: 2 | Wraps/Wrap Curry Oumph!: 2 | XL Frallor/Grovfralla Kalkon & Färskost: 1 | XL Frallor/Ost & Skinka: 1
Uppsala Rutt,ICA Luthagen,Thursday,34,31~44,11,Pastasallad/Bacon & Kyckling: 3 | Pastasallad/Kyckling & Salladsost: 4 | Pastasallad/Kyckling mangocurry: 5 | Pastasallad/Ost & Skinka: 3 | Pastasallad/Räkor: 3 | Sandwich/Bacon & Äggröra: 3 | Sandwich/Clubsandwich: 4 | Sandwich/Kyckling Curry: 2 | Sandwich/Kyckling Pestoröra: 2 | Sandwich/Räkor: 4 | Sandwich/Ägg & Avocadokräm: 1
Uppsala Rutt,ICA SAMköp,Thursday,72,55~94,27,Baguette/Kyckling Curry: 2 | Baguette/Kyckling Sweet Chili: 2 | Baguette/Ost & Skinka: 3 | Baguette/Salami & Brieost: 2 | Baguette/Skagen: 3 | Fralla/Ost & Skinka: 3 | Fralla/Ost: 3 | Hönökaka/Ost & Salami: 2 | Hönökaka/Ost & Skinka: 3 | Hönökaka/Ost: 3 | Pastasallad/Bacon & Kyckling: 3 | Pastasallad/Kyckling & Salladsost: 5 | Pastasallad/Kyckling mangocurry: 4 | Pastasallad/Ost & Skinka: 1 | Pastasallad/Räkor: 4 | Sandwich/Bacon & Äggröra: 2 | Sandwich/Clubsandwich: 3 | Sandwich/Kyckling Curry: 2 | Sandwich/Kyckling Pestoröra: 2 | Sandwich/Räkor: 3 | Sandwich/Ägg & Avocadokräm: 1 | Wraps/Caesar Kyckling: 3 | Wraps/Kyckling Bacon: 3 | Wraps/Kyckling Curry: 4 | Wraps/Sweet Chili: 4 | XL Frallor/Grovfralla Kalkon & Färskost: 1 | XL Frallor/Ost & Skinka: 1
Uppsala Rutt,ICA Storvreta,Thursday,3,2~5,3,Pastasallad/Kyckling & Salladsost: 1 | Pastasallad/Kyckling mangocurry: 1 | Pastasallad/Räkor: 1
Uppsala Rutt,ICA Torgkassen,Thursday,51,44~65,13,Baguette/Kyckling Curry: 2 | Baguette/Skagen: 3 | Fralla/Ost & Skinka: 6 | Fralla/Ost: 5 | Hönökaka/Ost & Salami: 7 | Hönökaka/Ost: 5 | Pastasallad/Kyckling mangocurry: 8 | Räkmacka Liten/Räkmacka liten: 3 | Sandwich/Räkor: 6 | Sandwich/Ägg & Avocadokräm: 1 | Varmrätt/Cevapcici med bulgur: 2 | Varmrätt/Teriyakibiff med ris: 1 | Varmrätt/Teriyakikycklingfile med basmatiris: 2
Uppsala Rutt,ICA Vretgränd,Thursday,90,67~117,35,Baguette/Kyckling Curry: 2 | Baguette/Kyckling Sweet Chili: 1 | Baguette/Ost & Skinka: 2 | Baguette/Salami & Brieost: 3 | Baguette/Skagen: 2 | Fralla/Ost & Skinka: 8 | Fralla/Ost: 7 | Hönökaka/Ost & Salami: 4 | Hönökaka/Ost & Skinka: 5 | Hönökaka/Ost: 4 | Pastasallad/Bacon & Kyckling: 3 | Pastasallad/Kyckling & Salladsost: 5 | Pastasallad/Kyckling mangocurry: 5 | Pastasallad/Ost & Skinka: 3 | Pastasallad/Räkor: 4 | Sandwich/Bacon & Äggröra: 1 | Sandwich/Clubsandwich: 2 | Sandwich/Kyckling Curry: 3 | Sandwich/Kyckling Pestoröra: 1 | Sandwich/Räkor: 1 | Sandwich/Ägg & Avocadokräm: 1 | Varmrätt/Cevapcici med bulgur: 1 | Varmrätt/Kyckling-och böngryta: 1 | Varmrätt/Kycklingpestosallad: 1 | Varmrätt/Pannbiff med Basmatiris: 1 | Varmrätt/Teriyakibiff med ris: 1 | Wraps/Caesar Kyckling: 3 | Wraps/Kyckling Bacon: 2 | Wraps/Kyckling Curry: 2 | Wraps/Kycklingsallad Olivie: 1 | Wraps/Sweet Chili: 2 | Wraps/Wrap Curry Oumph!: 1 | XL Frallor/Grovfralla Kalkon & Färskost: 2 | XL Frallor/Ost & Skinka: 3 | XL Frallor/Ost: 2
Uppsala Rutt,Nelins,Thursday,78,58~103,33,Baguette/Kyckling Curry: 1 | Baguette/Ost & Skinka: 1 | Baguette/Salami & Brieost: 1 | Baguette/Skagen: 3 | Fralla/Ost & Skinka: 5 | Fralla/Ost: 4 | Grönsallad/Caesarsallad: 1 | Hönökaka/Ost & Salami: 2 | Hönökaka/Ost & Skinka: 3 | Hönökaka/Ost: 2 | Pastasallad/Bacon & Kyckling: 2 | Pastasallad/Falafel: 1 | Pastasallad/Kyckling & Salladsost: 3 | Pastasallad/Kyckling kebab: 1 | Pastasallad/Kyckling mangocurry: 4 | Pastasallad/Ost & Skinka: 2 | Pastasallad/Räkor: 3 | Sandwich/Bacon & Äggröra: 3 | Sandwich/Clubsandwich: 3 | Sandwich/Kyckling Curry: 2 | Sandwich/Kyckling Pestoröra: 2 | Sandwich/Räkor: 4 | Sandwich/Ägg & Avocadokräm: 3 | Varmrätt/Cevapcici med bulgur: 1 | Varmrätt/Kyckling-och böngryta: 1 | Varmrätt/Pannbiff med Basmatiris: 1 | Wraps/Caesar Kyckling: 3 | Wraps/Kyckling Bacon: 3 | Wraps/Kyckling Curry: 3 | Wraps/Sweet Chili: 3 | XL Frallor/Grovfralla Kalkon & Färskost: 2 | XL Frallor/Ost & Skinka: 3 | XL Frallor/Ost: 2
Västerås,Coop Karlfeldtsplatsen,Sunday,34,23~51,23,Baguette/Kyckling Curry: 1 | Baguette/Ost & Skinka: 1 | Baguette/Salami & Brieost: 1 | Baguette/Skagen: 1 | Fralla/Ost & Skinka: 2 | Fralla/Ost: 2 | Hönökaka/Ost & Salami: 1 | Hönökaka/Ost & Skinka: 1 | Hönökaka/Ost: 1 | Pastasallad/Kyckling & Salladsost: 2 | Pastasallad/Kyckling mangocurry: 3 | Pastasallad/Ost & Skinka: 2 | Pastasallad/Räkor: 1 | Sandwich/Bacon & Äggröra: 1 | Sandwich/Clubsandwich: 2 | Sandwich/Kyckling Curry: 2 | Sandwich/Räkor: 1 | Wraps/Caesar Kyckling: 2 | Wraps/Kyckling Bacon: 1 | Wraps/Kyckling Curry: 2 | Wraps/Sweet Chili: 2 | XL Frallor/Grovfralla Kalkon & Färskost: 1 | XL Frallor/Ost: 1
Västerås,Coop Pilgatan,Sunday,56,46~78,28,Baguette/Kyckling Curry: 1 | Baguette/Kyckling Sweet Chili: 1 | Baguette/Ost & Skinka: 2 | Baguette/Salami & Brieost: 2 | Baguette/Skagen: 1 | Fralla/Ost & Skinka: 5 | Fralla/Ost: 4 | Grönsallad/Caesarsallad: 1 | Grönsallad/Kyckling: 1 | Hönökaka/Ost & Salami: 3 | Hönökaka/Ost & Skinka: 2 | Hönökaka/Ost: 3 | Pastasallad/Kyckling & Salladsost: 3 | Pastasallad/Kyckling mangocurry: 4 | Pastasallad/Ost & Skinka: 1 | Pastasallad/Räkor: 2 | Sandwich/Bacon & Äggröra: 1 | Sandwich/Clubsandwich: 1 | Sandwich/Kyckling Curry: 1 | Sandwich/Kyckling Pestoröra: 1 | Sandwich/Räkor: 2 | Wraps/Caesar Kyckling: 3 | Wraps/Kyckling Bacon: 3 | Wraps/Kyckling Curry: 2 | Wraps/Sweet Chili: 3 | XL Frallor/Grovfralla Kalkon & Färskost: 1 | XL Frallor/Ost & Skinka: 1 | XL Frallor/Ost: 1
Västerås,Coop Stjärnan,Sunday,51,41~73,26,Baguette/Kyckling Curry: 2 | Baguette/Ost & Skinka: 2 | Baguette/Salami & Brieost: 2 | Baguette/Skagen: 2 | Fralla/Ost & Skinka: 3 | Fralla/Ost: 3 | Grönsallad/Caesarsallad: 1 | Grönsallad/Kyckling: 1 | Hönökaka/Ost & Salami: 2 | Hönökaka/Ost & Skinka: 2 | Hönökaka/Ost: 1 | Pastasallad/Kyckling & Salladsost: 4 | Pastasallad/Kyckling mangocurry: 3 | Pastasallad/Ost & Skinka: 2 | Pastasallad/Räkor: 3 | Sandwich/Bacon & Äggröra: 1 | Sandwich/Clubsandwich: 2 | Sandwich/Kyckling Curry: 2 | Sandwich/Kyckling Pestoröra: 1 | Sandwich/Räkor: 3 | Wraps/Caesar Kyckling: 1 | Wraps/Kyckling Bacon: 2 | Wraps/Kyckling Curry: 2 | Wraps/Sweet Chili: 2 | XL Frallor/Grovfralla Kalkon & Färskost: 1 | XL Frallor/Ost & Skinka: 1
Västerås,Coop Västerås City(PUNKT),Sunday,63,50~90,32,Baguette/Kyckling Curry: 2 | Baguette/Ost & Skinka: 1 | Baguette/Salami & Brieost: 2 | Baguette/Skagen: 2 | Fralla/Ost & Skinka: 5 | Fralla/Ost: 5 | Grönsallad/Caesarsallad: 2 | Grönsallad/Kyckling: 2 | Hönökaka/Ost & Salami: 3 | Hönökaka/Ost & Skinka: 3 | Hönökaka/Ost: 4 | Pastasallad/Kyckling & Salladsost: 4 | Pastasallad/Kyckling mangocurry: 4 | Pastasallad/Ost & Skinka: 3 | Pastasallad/Räkor: 3 | Sandwich/Bacon & Äggröra: 1 | Sandwich/Clubsandwich: 1 | Sandwich/Kyckling Curry: 1 | Sandwich/Kyckling Pestoröra: 1 | Sandwich/Räkor: 1 | Varmrätt/Cevapcici med bulgur: 1 | Varmrätt/Kycklingspett med ris: 1 | Varmrätt/Pannbiff med Basmatiris: 1 | Varmrätt/Teriyakikycklingfile med basmatiris: 1 | Wraps/Caesar Kyckling: 1 | Wraps/Kyckling Bacon: 1 | Wraps/Kyckling Curry: 2 | Wraps/Kycklingsallad Olivie: 1 | Wraps/Sweet Chili: 1 | XL Frallor/Grovfralla Kalkon & Färskost: 1 | XL Frallor/Ost & Skinka: 1 | XL Frallor/Ost: 1
Västerås,Hemköp City Västerås,Sunday,58,42~79,28,Baguette/Kyckling Curry: 1 | Baguette/Kyckling Sweet Chili: 1 | Baguette/Ost & Skinka: 2 | Baguette/Salami & Brieost: 1 | Baguette/Skagen: 1 | Fralla/Ost & Skinka: 5 | Fralla/Ost: 5 | Grönsallad/Caesarsallad: 1 | Hönökaka/Ost & Salami: 3 | Hönökaka/Ost & Skinka: 4 | Hönökaka/Ost: 2 | Pastasallad/Kyckling & Salladsost: 1 | Pastasallad/Kyckling mangocurry: 3 | Pastasallad/Ost & Skinka: 2 | Pastasallad/Räkor: 1 | Sandwich/Bacon & Äggröra: 2 | Sandwich/Clubsandwich: 1 | Sandwich/Kyckling Curry: 2 | Sandwich/Räkor: 2 | Varmrätt/Cevapcici med bulgur: 1 | Varmrätt/Kycklingkebab med bulgur: 1 | Wraps/Caesar Kyckling: 2 | Wraps/Kyckling Bacon: 3 | Wraps/Kyckling Curry: 3 | Wraps/Sweet Chili: 3 | XL Frallor/Grovfralla Kalkon & Färskost: 1 | XL Frallor/Ost & Skinka: 3 | XL Frallor/Ost: 1
Västerås,Hemköp Malmaberg,Sunday,57,48~79,29,Baguette/Kyckling Curry: 1 | Baguette/Kyckling Sweet Chili: 1 | Baguette/Ost & Skinka: 1 | Baguette/Salami & Brieost: 1 | Baguette/Skagen: 1 | Fralla/Ost & Skinka: 3 | Fralla/Ost: 3 | Grönsallad/Caesarsallad: 1 | Grönsallad/Kyckling: 1 | Hönökaka/Ost & Salami: 2 | Hönökaka/Ost & Skinka: 3 | Hönökaka/Ost: 3 | Pastasallad/Bacon & Kyckling: 3 | Pastasallad/Kyckling & Salladsost: 5 | Pastasallad/Kyckling mangocurry: 5 | Pastasallad/Ost & Skinka: 3 | Pastasallad/Räkor: 3 | Sandwich/Clubsandwich: 2 | Sandwich/Kyckling Curry: 2 | Sandwich/Kyckling Pestoröra: 1 | Sandwich/Räkor: 2 | Sandwich/Ägg & Avocadokräm: 1 | Wraps/Caesar Kyckling: 1 | Wraps/Kyckling Bacon: 2 | Wraps/Kyckling Curry: 2 | Wraps/Sweet Chili: 1 | XL Frallor/Grovfralla Kalkon & Färskost: 1 | XL Frallor/Ost & Skinka: 1 | XL Frallor/Ost: 1
Västerås,ICA Ettan,Sunday,35,24~40,27,Baguette/Kyckling Curry: 1 | Baguette/Ost & Skinka: 1 | Baguette/Salami & Brieost: 1 | Baguette/Skagen: 1 | Fralla/Ost & Skinka: 1 | Grönsallad/Caesarsallad: 1 | Grönsallad/Kyckling: 1 | Hönökaka/Ost & Salami: 1 | Hönökaka/Ost & Skinka: 1 | Hönökaka/Ost: 1 | Pastasallad/Kyckling & Salladsost: 2 | Pastasallad/Kyckling mangocurry: 2 | Pastasallad/Ost & Skinka: 1 | Pastasallad/Räkor: 2 | Sandwich/Bacon & Äggröra: 1 | Sandwich/Clubsandwich: 1 | Sandwich/Kyckling Curry: 1 | Sandwich/Kyckling Pestoröra: 1 | Sandwich/Räkor: 1 | Varmrätt/Cevapcici med bulgur: 1 | Varmrätt/Teriyakikycklingfile med basmatiris: 1 | Wraps/Caesar Kyckling: 3 | Wraps/Kyckling Bacon: 3 | Wraps/Kyckling Curry: 2 | Wraps/Sweet Chili: 1 | XL Frallor/Grovfralla Kalkon & Färskost: 1 | XL Frallor/Ost & Skinka: 1
Västerås,ICA Grytan,Sunday,56,44~72,14,Fralla/Ost & Skinka: 8 | Fralla/Ost: 5 | Grönsallad/Caesarsallad: 3 | Hönökaka/Ost & Salami: 3 | Hönökaka/Ost & Skinka: 4 | Hönökaka/Ost: 3 | Pastasallad/Bacon & Kyckling: 4 | Pastasallad/Falafel: 1 | Pastasallad/Kyckling & Salladsost: 6 | Pastasallad/Kyckling kebab: 3 | Pastasallad/Kyckling mangocurry: 6 | Pastasallad/Ost & Skinka: 4 | Pastasallad/Räkor: 5 | XL Frallor/Grovfralla Kalkon & Färskost: 1
Västerås,ICA Hökåsen,Sunday,21,19~31,15,Baguette/Kyckling Curry: 1 | Baguette/Ost & Skinka: 1 | Baguette/Salami & Brieost: 1 | Baguette/Skagen: 1 | Pastasallad/Kyckling & Salladsost: 3 | Pastasallad/Kyckling mangocurry: 3 | Pastasallad/Räkor: 3 | Sandwich/Bacon & Äggröra: 1 | Sandwich/Clubsandwich: 1 | Sandwich/Kyckling Curry: 1 | Sandwich/Räkor: 1 | Wraps/Caesar Kyckling: 1 | Wraps/Kyckling Bacon: 1 | Wraps/Kyckling Curry: 1 | Wraps/Sweet Chili: 1
Västerås,ICA Råby,Sunday,53,37~74,30,Baguette/Kyckling Curry: 1 | Baguette/Ost & Skinka: 1 | Baguette/Salami & Brieost: 1 | Baguette/Skagen: 1 | Fralla/Ost & Skinka: 4 | Fralla/Ost: 4 | Grönsallad/Caesarsallad: 1 | Grönsallad/Kyckling: 1 | Hönökaka/Ost & Salami: 3 | Hönökaka/Ost & Skinka: 2 | Hönökaka/Ost: 3 | Pastasallad/Kyckling & Salladsost: 3 | Pastasallad/Kyckling kebab: 1 | Pastasallad/Kyckling mangocurry: 5 | Pastasallad/Ost & Skinka: 1 | Pastasallad/Räkor: 3 | Sandwich/Clubsandwich: 1 | Sandwich/Kyckling Curry: 1 | Sandwich/Kyckling Pestoröra: 1 | Sandwich/Räkor: 1 | Varmrätt/Cevapcici med bulgur: 1 | Varmrätt/Kycklingspett med ris: 1 | Varmrätt/Pannbiff med Basmatiris: 1 | Wraps/Caesar Kyckling: 2 | Wraps/Kyckling Bacon: 2 | Wraps/Kyckling Curry: 2 | Wraps/Sweet Chili: 2 | XL Frallor/Grovfralla Kalkon & Färskost: 1 | XL Frallor/Ost & Skinka: 1 | XL Frallor/Ost: 1
Västerås,ICA SKiljebo,Sunday,39,30~61,23,Baguette/Kyckling Curry: 1 | Baguette/Salami & Brieost: 1 | Baguette/Skagen: 1 | Fralla/Ost & Skinka: 2 | Fralla/Ost: 3 | Grönsallad/Caesarsallad: 2 | Grönsallad/Kyckling: 1 | Hönökaka/Ost & Skinka: 1 | Hönökaka/Ost: 1 | Pastasallad/Kyckling & Salladsost: 4 | Pastasallad/Kyckling mangocurry: 4 | Pastasallad/Ost & Skinka: 2 | Pastasallad/Räkor: 4 | Sandwich/Clubsandwich: 1 | Sandwich/Kyckling Curry: 3 | Sandwich/Kyckling Pestoröra: 1 | Sandwich/Räkor: 1 | Wraps/Caesar Kyckling: 1 | Wraps/Kyckling Bacon: 1 | Wraps/Kyckling Curry: 1 | Wraps/Sweet Chili: 1 | XL Frallor/Grovfralla Kalkon & Färskost: 1 | XL Frallor/Ost & Skinka: 1
Västerås,ICA Viksäng,Sunday,55,43~78,29,Baguette/Kyckling Curry: 1 | Baguette/Ost & Skinka: 1 | Baguette/Salami & Brieost: 1 | Baguette/Skagen: 1 | Fralla/Ost & Skinka: 3 | Fralla/Ost: 2 | Grönsallad/Caesarsallad: 2 | Hönökaka/Ost & Salami: 2 | Hönökaka/Ost & Skinka: 2 | Hönökaka/Ost: 1 | Pastasallad/Bacon & Kyckling: 1 | Pastasallad/Kyckling & Salladsost: 5 | Pastasallad/Kyckling mangocurry: 6 | Pastasallad/Ost & Skinka: 3 | Pastasallad/Räkor: 4 | Sandwich/Bacon & Äggröra: 1 | Sandwich/Clubsandwich: 1 | Sandwich/Kyckling Curry: 2 | Sandwich/Kyckling Pestoröra: 1 | Sandwich/Räkor: 2 | Varmrätt/Cevapcici med bulgur: 1 | Varmrätt/Pannbiff med Basmatiris: 1 | Varmrätt/Teriyakikycklingfile med basmatiris: 1 | Wraps/Caesar Kyckling: 2 | Wraps/Kyckling Bacon: 2 | Wraps/Kyckling Curry: 2 | Wraps/Sweet Chili: 2 | XL Frallor/Grovfralla Kalkon & Färskost: 1 | XL Frallor/Ost & Skinka: 1
Västerås,ICA Väst,Sunday,95,77~122,28,Baguette/Kyckling Curry: 4 | Baguette/Kyckling Sweet Chili: 2 | Baguette/Ost & Skinka: 2 | Baguette/Salami & Brieost: 4 | Baguette/Skagen: 4 | Fralla/Ost & Skinka: 4 | Fralla/Ost: 4 | Grönsallad/Caesarsallad: 3 | Grönsallad/Kyckling: 1 | Hönökaka/Ost & Salami: 3 | Hönökaka/Ost & Skinka: 3 | Hönökaka/Ost: 3 | Pastasallad/Kyckling & Salladsost: 8 | Pastasallad/Kyckling mangocurry: 10 | Pastasallad/Ost & Skinka: 6 | Pastasallad/Räkor: 6 | Sandwich/Bacon & Äggröra: 1 | Sandwich/Clubsandwich: 1 | Sandwich/Kyckling Curry: 2 | Sandwich/Kyckling Pestoröra: 1 | Sandwich/Räkor: 1 | Wraps/Caesar Kyckling: 5 | Wraps/Kyckling Bacon: 5 | Wraps/Kyckling Curry: 5 | Wraps/Sweet Chili: 4 | XL Frallor/Grovfralla Kalkon & Färskost: 1 | XL Frallor/Ost & Skinka: 1 | XL Frallor/Ost: 1
Västerås,Stora Coop Enköping,Sunday,104,86~130,38,Baguette/Kyckling Curry: 3 | Baguette/Kyckling Sweet Chili: 1 | Baguette/Ost & Skinka: 3 | Baguette/Salami & Brieost: 3 | Baguette/Skagen: 3 | Fralla/Ost & Skinka: 6 | Fralla/Ost: 4 | Glutenfri Frallor/Glutenfri Ost & Skinka(endast söndagsbeställning): 1 | Glutenfri Frallor/Glutenfri Ost(endast söndagsbeställning): 1 | Grönsallad/Caesarsallad: 2 | Grönsallad/Kyckling: 1 | Hönökaka/Ost & Salami: 3 | Hönökaka/Ost & Skinka: 3 | Hönökaka/Ost: 3 | Pastasallad/Bacon & Kyckling: 2 | Pastasallad/Falafel: 2 | Pastasallad/Kyckling & Salladsost: 6 | Pastasallad/Kyckling kebab: 1 | Pastasallad/Kyckling mangocurry: 6 | Pastasallad/Ost & Skinka: 4 | Pastasallad/Räkor: 4 | Sandwich/Bacon & Äggröra: 3 | Sandwich/Clubsandwich: 2 | Sandwich/Kyckling Curry: 2 | Sandwich/Kyckling Pestoröra: 1 | Sandwich/Räkor: 3 | Sandwich/Ägg & Avocadokräm: 1 | Varmrätt/Cevapcici med bulgur: 1 | Varmrätt/Teriyakikycklingfile med basmatiris: 1 | Wraps/Caesar Kyckling: 5 | Wraps/Kyckling Bacon: 5 | Wraps/Kyckling Curry: 5 | Wraps/Kycklingsallad Olivie: 1 | Wraps/Sweet Chili: 5 | Wraps/Wrap Curry Oumph!: 2 | XL Frallor/Grovfralla Kalkon & Färskost: 2 | XL Frallor/Ost & Skinka: 2 | XL Frallor/Ost: 1
Västerås,X-tra Bangatan,Sunday,26,17~46,20,Baguette/Kyckling Curry: 1 | Baguette/Salami & Brieost: 1 | Baguette/Skagen: 1 | Fralla/Ost & Skinka: 1 | Fralla/Ost: 2 | Grönsallad/Kyckling: 1 | Hönökaka/Ost & Salami: 1 | Hönökaka/Ost & Skinka: 1 | Pastasallad/Kyckling & Salladsost: 2 | Pastasallad/Kyckling mangocurry: 2 | Pastasallad/Ost & Skinka: 1 | Pastasallad/Räkor: 2 | Sandwich/Bacon & Äggröra: 1 | Sandwich/Clubsandwich: 1 | Sandwich/Kyckling Curry: 2 | Sandwich/Räkor: 2 | Wraps/Kyckling Bacon: 1 | Wraps/Kyckling Curry: 1 | Wraps/Sweet Chili: 1 | XL Frallor/Ost: 1
Västerås,X-tra Stengatan,Sunday,35,28~54,25,Baguette/Kyckling Curry: 1 | Baguette/Ost & Skinka: 1 | Baguette/Salami & Brieost: 1 | Baguette/Skagen: 1 | Fralla/Ost & Skinka: 1 | Fralla/Ost: 1 | Grönsallad/Caesarsallad: 1 | Grönsallad/Kyckling: 1 | Hönökaka/Ost & Salami: 1 | Hönökaka/Ost & Skinka: 1 | Hönökaka/Ost: 1 | Pastasallad/Kyckling & Salladsost: 3 | Pastasallad/Kyckling mangocurry: 3 | Pastasallad/Ost & Skinka: 2 | Pastasallad/Räkor: 2 | Sandwich/Bacon & Äggröra: 1 | Sandwich/Clubsandwich: 1 | Sandwich/Kyckling Curry: 1 | Sandwich/Kyckling Pestoröra: 1 | Sandwich/Räkor: 1 | Wraps/Caesar Kyckling: 2 | Wraps/Kyckling Bacon: 2 | Wraps/Kyckling Curry: 2 | Wraps/Sweet Chili: 2 | XL Frallor/Grovfralla Kalkon & Färskost: 1
Västerås,X-tra viksäng,Sunday,20,10~22,20,Baguette/Kyckling Sweet Chili: 1 | Baguette/Ost & Skinka: 1 | Baguette/Salami & Brieost: 1 | Fralla/Ost & Skinka: 1 | Hönökaka/Ost & Salami: 1 | Hönökaka/Ost: 1 | Pastasallad/Kyckling & Salladsost: 1 | Pastasallad/Kyckling mangocurry: 1 | Pastasallad/Ost & Skinka: 1 | Pastasallad/Räkor: 1 | Sandwich/Clubsandwich: 1 | Sandwich/Kyckling Curry: 1 | Sandwich/Räkor: 1 | Varmrätt/Cevapcici med bulgur: 1 | Varmrätt/Kycklingspett med ris: 1 | Varmrätt/Teriyakikycklingfile med basmatiris: 1 | Wraps/Caesar Kyckling: 1 | Wraps/Kyckling Bacon: 1 | Wraps/Kyckling Curry: 1 | Wraps/Sweet Chili: 1
Västerås,Xtra Surahammar,Sunday,28,20~38,17,Baguette/Kyckling Curry: 1 | Baguette/Kyckling Sweet Chili: 1 | Baguette/Salami & Brieost: 1 | Baguette/Skagen: 2 | Fralla/Ost & Skinka: 2 | Fralla/Ost: 2 | Pastasallad/Kyckling & Salladsost: 2 | Pastasallad/Kyckling mangocurry: 2 | Pastasallad/Ost & Skinka: 2 | Pastasallad/Räkor: 2 | Varmrätt/Cevapcici med bulgur: 1 | Varmrätt/Pannbiff med Basmatiris: 1 | Varmrätt/Tacobolognese med fullkornspasta: 1 | Wraps/Caesar Kyckling: 2 | Wraps/Kyckling Bacon: 2 | Wraps/Kyckling Curry: 2 | Wraps/Sweet Chili: 2
Västerås,Xtra igor,Sunday,23,18~36,18,Baguette/Ost & Skinka: 1 | Baguette/Salami & Brieost: 1 | Baguette/Skagen: 1 | Grönsallad/Caesarsallad: 1 | Grönsallad/Kyckling: 1 | Pastasallad/Kyckling & Salladsost: 2 | Pastasallad/Kyckling mangocurry: 3 | Pastasallad/Ost & Skinka: 1 | Pastasallad/Räkor: 1 | Sandwich/Bacon & Äggröra: 1 | Sandwich/Clubsandwich: 1 | Sandwich/Kyckling Curry: 1 | Wraps/Caesar Kyckling: 2 | Wraps/Kyckling Bacon: 2 | Wraps/Kyckling Curry: 1 | Wraps/Sweet Chili: 1 | XL Frallor/Grovfralla Kalkon & Färskost: 1 | XL Frallor/Ost: 1
Västerås,Coop Pilgatan,Monday,23,16~24,20,Baguette/Ost & Skinka: 1 | Baguette/Salami & Brieost: 1 | Baguette/Skagen: 1 | Fralla/Ost & Skinka: 2 | Fralla/Ost: 2 | Grönsallad/Caesarsallad: 1 | Hönökaka/Ost & Salami: 1 | Hönökaka/Ost & Skinka: 1 | Hönökaka/Ost: 1 | Pastasallad/Kyckling & Salladsost: 1 | Pastasallad/Kyckling mangocurry: 2 | Pastasallad/Räkor: 1 | Sandwich/Clubsandwich: 1 | Sandwich/Kyckling Curry: 1 | Sandwich/Räkor: 1 | Wraps/Caesar Kyckling: 1 | Wraps/Kyckling Bacon: 1 | Wraps/Kyckling Curry: 1 | Wraps/Sweet Chili: 1 | XL Frallor/Ost: 1
Västerås,Coop Stjärnan,Monday,19,12~24,18,Baguette/Kyckling Curry: 1 | Baguette/Ost & Skinka: 1 | Baguette/Salami & Brieost: 1 | Baguette/Skagen: 1 | Fralla/Ost & Skinka: 1 | Fralla/Ost: 1 | Hönökaka/Ost & Salami: 1 | Hönökaka/Ost & Skinka: 1 | Pastasallad/Kyckling & Salladsost: 2 | Pastasallad/Kyckling mangocurry: 1 | Pastasallad/Ost & Skinka: 1 | Pastasallad/Räkor: 1 | Sandwich/Clubsandwich: 1 | Sandwich/Kyckling Curry: 1 | Sandwich/Räkor: 1 | Wraps/Kyckling Bacon: 1 | Wraps/Kyckling Curry: 1 | Wraps/Sweet Chili: 1
Västerås,Hemköp City Västerås,Monday,11,9~13,11,Fralla/Ost & Skinka: 1 | Fralla/Ost: 1 | Hönökaka/Ost & Salami: 1 | Hönökaka/Ost & Skinka: 1 | Hönökaka/Ost: 1 | Pastasallad/Kyckling mangocurry: 1 | Wraps/Caesar Kyckling: 1 | Wraps/Kyckling Bacon: 1 | Wraps/Kyckling Curry: 1 | Wraps/Sweet Chili: 1 | XL Frallor/Ost & Skinka: 1
Västerås,Hemköp Malmaberg,Monday,15,11~17,15,Fralla/Ost & Skinka: 1 | Fralla/Ost: 1 | Hönökaka/Ost & Salami: 1 | Hönökaka/Ost & Skinka: 1 | Hönökaka/Ost: 1 | Pastasallad/Bacon & Kyckling: 1 | Pastasallad/Kyckling & Salladsost: 1 | Pastasallad/Kyckling mangocurry: 1 | Pastasallad/Ost & Skinka: 1 | Pastasallad/Räkor: 1 | Sandwich/Clubsandwich: 1 | Sandwich/Kyckling Curry: 1 | Sandwich/Räkor: 1 | Wraps/Kyckling Bacon: 1 | Wraps/Kyckling Curry: 1
Västerås,ICA Grytan,Monday,25,18~31,14,Fralla/Ost & Skinka: 3 | Fralla/Ost: 2 | Grönsallad/Caesarsallad: 1 | Hönökaka/Ost & Salami: 1 | Hönökaka/Ost & Skinka: 2 | Hönökaka/Ost: 1 | Pastasallad/Bacon & Kyckling: 2 | Pastasallad/Falafel: 1 | Pastasallad/Kyckling & Salladsost: 3 | Pastasallad/Kyckling kebab: 1 | Pastasallad/Kyckling mangocurry: 3 | Pastasallad/Ost & Skinka: 2 | Pastasallad/Räkor: 2 | XL Frallor/Grovfralla Kalkon & Färskost: 1
Västerås,ICA Hökåsen,Monday,11,3~13,10,Baguette/Kyckling Curry: 1 | Baguette/Salami & Brieost: 1 | Baguette/Skagen: 1 | Pastasallad/Kyckling & Salladsost: 2 | Pastasallad/Kyckling mangocurry: 1 | Pastasallad/Räkor: 1 | Sandwich/Clubsandwich: 1 | Sandwich/Räkor: 1 | Wraps/Kyckling Bacon: 1 | Wraps/Kyckling Curry: 1
Västerås,ICA SKiljebo,Monday,24,15~28,21,Baguette/Kyckling Curry: 1 | Baguette/Skagen: 1 | Fralla/Ost & Skinka: 1 | Fralla/Ost: 1 | Grönsallad/Caesarsallad: 1 | Grönsallad/Kyckling: 1 | Hönökaka/Ost & Skinka: 1 | Hönökaka/Ost: 1 | Pastasallad/Kyckling & Salladsost: 2 | Pastasallad/Kyckling mangocurry: 2 | Pastasallad/Ost & Skinka: 1 | Pastasallad/Räkor: 2 | Sandwich/Clubsandwich: 1 | Sandwich/Kyckling Curry: 1 | Sandwich/Kyckling Pestoröra: 1 | Sandwich/Räkor: 1 | Wraps/Kyckling Bacon: 1 | Wraps/Kyckling Curry: 1 | Wraps/Sweet Chili: 1 | XL Frallor/Grovfralla Kalkon & Färskost: 1 | XL Frallor/Ost & Skinka: 1
Västerås,Spel o kiosk city,Monday,1,0~1,1,Fralla/Ost: 1
Västerås,Stora Coop Enköping,Monday,40,34~45,30,Baguette/Kyckling Curry: 1 | Baguette/Ost & Skinka: 1 | Baguette/Salami & Brieost: 1 | Baguette/Skagen: 1 | Fralla/Ost & Skinka: 2 | Fralla/Ost: 2 | Grönsallad/Caesarsallad: 1 | Grönsallad/Kyckling: 1 | Hönökaka/Ost & Salami: 1 | Hönökaka/Ost & Skinka: 1 | Hönökaka/Ost: 1 | Pastasallad/Bacon & Kyckling: 1 | Pastasallad/Falafel: 1 | Pastasallad/Kyckling & Salladsost: 2 | Pastasallad/Kyckling mangocurry: 2 | Pastasallad/Ost & Skinka: 2 | Pastasallad/Räkor: 2 | Sandwich/Bacon & Äggröra: 1 | Sandwich/Clubsandwich: 1 | Sandwich/Kyckling Curry: 1 | Sandwich/Kyckling Pestoröra: 1 | Sandwich/Räkor: 1 | Wraps/Caesar Kyckling: 2 | Wraps/Kyckling Bacon: 2 | Wraps/Kyckling Curry: 2 | Wraps/Sweet Chili: 2 | Wraps/Wrap Curry Oumph!: 1 | XL Frallor/Grovfralla Kalkon & Färskost: 1 | XL Frallor/Ost & Skinka: 1 | XL Frallor/Ost: 1
Västerås,Tempo Fjärdhundra,Monday,43,27~73,23,Baguette/Kyckling Curry: 1 | Baguette/Ost & Skinka: 1 | Baguette/Salami & Brieost: 1 | Baguette/Skagen: 1 | Fralla/Ost & Skinka: 3 | Fralla/Ost: 3 | Hönökaka/Ost & Salami: 2 | Hönökaka/Ost & Skinka: 2 | Hönökaka/Ost: 2 | Pastasallad/Kyckling & Salladsost: 2 | Pastasallad/Kyckling mangocurry: 3 | Pastasallad/Ost & Skinka: 1 | Pastasallad/Räkor: 1 | Sandwich/Bacon & Äggröra: 2 | Sandwich/Clubsandwich: 3 | Sandwich/Kyckling Curry: 3 | Sandwich/Räkor: 3 | Wraps/Caesar Kyckling: 1 | Wraps/Kyckling Bacon: 3 | Wraps/Sweet Chili: 2 | XL Frallor/Grovfralla Kalkon & Färskost: 1 | XL Frallor/Ost & Skinka: 1 | XL Frallor/Ost: 1
Västerås,Xtra igor,Monday,4,1~5,4,Pastasallad/Kyckling & Salladsost: 1 | Pastasallad/Kyckling mangocurry: 1 | Wraps/Caesar Kyckling: 1 | Wraps/Kyckling Bacon: 1
Västerås,Coop Karlfeldtsplatsen,Tuesday,25,20~34,23,Baguette/Kyckling Curry: 1 | Baguette/Ost & Skinka: 1 | Baguette/Salami & Brieost: 1 | Baguette/Skagen: 1 | Fralla/Ost & Skinka: 1 | Fralla/Ost: 1 | Hönökaka/Ost & Salami: 1 | Hönökaka/Ost & Skinka: 1 | Hönökaka/Ost: 1 | Pastasallad/Kyckling & Salladsost: 2 | Pastasallad/Kyckling mangocurry: 2 | Pastasallad/Ost & Skinka: 1 | Pastasallad/Räkor: 1 | Sandwich/Bacon & Äggröra: 1 | Sandwich/Clubsandwich: 1 | Sandwich/Kyckling Curry: 1 | Sandwich/Räkor: 1 | Wraps/Caesar Kyckling: 1 | Wraps/Kyckling Bacon: 1 | Wraps/Kyckling Curry: 1 | Wraps/Sweet Chili: 1 | XL Frallor/Grovfralla Kalkon & Färskost: 1 | XL Frallor/Ost: 1
Västerås,Coop Pilgatan,Tuesday,29,23~37,25,Baguette/Kyckling Curry: 1 | Baguette/Ost & Skinka: 1 | Baguette/Salami & Brieost: 1 | Baguette/Skagen: 1 | Fralla/Ost & Skinka: 2 | Fralla/Ost: 2 | Grönsallad/Caesarsallad: 1 | Grönsallad/Kyckling: 1 | Hönökaka/Ost & Salami: 1 | Hönökaka/Ost & Skinka: 1 | Hönökaka/Ost: 1 | Pastasallad/Kyckling & Salladsost: 2 | Pastasallad/Kyckling mangocurry: 2 | Pastasallad/Ost & Skinka: 1 | Pastasallad/Räkor: 1 | Sandwich/Bacon & Äggröra: 1 | Sandwich/Clubsandwich: 1 | Sandwich/Kyckling Curry: 1 | Sandwich/Räkor: 1 | Wraps/Caesar Kyckling: 1 | Wraps/Kyckling Bacon: 1 | Wraps/Kyckling Curry: 1 | Wraps/Sweet Chili: 1 | XL Frallor/Ost & Skinka: 1 | XL Frallor/Ost: 1
Västerås,Coop Stjärnan,Tuesday,6,3~6,6,Fralla/Ost & Skinka: 1 | Fralla/Ost: 1 | Pastasallad/Kyckling & Salladsost: 1 | Pastasallad/Kyckling mangocurry: 1 | Pastasallad/Räkor: 1 | Sandwich/Räkor: 1
Västerås,Coop Västerås City(PUNKT),Tuesday,62,49~86,32,Baguette/Kyckling Curry: 2 | Baguette/Ost & Skinka: 1 | Baguette/Salami & Brieost: 2 | Baguette/Skagen: 2 | Fralla/Ost & Skinka: 5 | Fralla/Ost: 5 | Grönsallad/Caesarsallad: 2 | Grönsallad/Kyckling: 2 | Hönökaka/Ost & Salami: 3 | Hönökaka/Ost & Skinka: 3 | Hönökaka/Ost: 3 | Pastasallad/Kyckling & Salladsost: 4 | Pastasallad/Kyckling mangocurry: 4 | Pastasallad/Ost & Skinka: 3 | Pastasallad/Räkor: 3 | Sandwich/Bacon & Äggröra: 1 | Sandwich/Clubsandwich: 1 | Sandwich/Kyckling Curry: 1 | Sandwich/Kyckling Pestoröra: 1 | Sandwich/Räkor: 1 | Varmrätt/Cevapcici med bulgur: 1 | Varmrätt/Kycklingspett med ris: 1 | Varmrätt/Pannbiff med Basmatiris: 1 | Varmrätt/Teriyakikycklingfile med basmatiris: 1 | Wraps/Caesar Kyckling: 1 | Wraps/Kyckling Bacon: 1 | Wraps/Kyckling Curry: 2 | Wraps/Kycklingsallad Olivie: 1 | Wraps/Sweet Chili: 1 | XL Frallor/Grovfralla Kalkon & Färskost: 1 | XL Frallor/Ost & Skinka: 1 | XL Frallor/Ost: 1
Västerås,Hemköp City Västerås,Tuesday,44,37~67,28,Baguette/Kyckling Curry: 1 | Baguette/Kyckling Sweet Chili: 1 | Baguette/Ost & Skinka: 1 | Baguette/Salami & Brieost: 1 | Baguette/Skagen: 1 | Fralla/Ost & Skinka: 4 | Fralla/Ost: 4 | Grönsallad/Caesarsallad: 1 | Hönökaka/Ost & Salami: 2 | Hönökaka/Ost & Skinka: 3 | Hönökaka/Ost: 2 | Pastasallad/Kyckling & Salladsost: 1 | Pastasallad/Kyckling mangocurry: 2 | Pastasallad/Ost & Skinka: 1 | Pastasallad/Räkor: 1 | Sandwich/Bacon & Äggröra: 1 | Sandwich/Clubsandwich: 1 | Sandwich/Kyckling Curry: 1 | Sandwich/Räkor: 1 | Varmrätt/Cevapcici med bulgur: 1 | Varmrätt/Kycklingkebab med bulgur: 1 | Wraps/Caesar Kyckling: 2 | Wraps/Kyckling Bacon: 2 | Wraps/Kyckling Curry: 2 | Wraps/Sweet Chili: 2 | XL Frallor/Grovfralla Kalkon & Färskost: 1 | XL Frallor/Ost & Skinka: 2 | XL Frallor/Ost: 1
Västerås,Hemköp Malmaberg,Tuesday,54,45~76,29,Baguette/Kyckling Curry: 1 | Baguette/Kyckling Sweet Chili: 1 | Baguette/Ost & Skinka: 1 | Baguette/Salami & Brieost: 1 | Baguette/Skagen: 1 | Fralla/Ost & Skinka: 3 | Fralla/Ost: 3 | Grönsallad/Caesarsallad: 1 | Grönsallad/Kyckling: 1 | Hönökaka/Ost & Salami: 2 | Hönökaka/Ost & Skinka: 3 | Hönökaka/Ost: 3 | Pastasallad/Bacon & Kyckling: 3 | Pastasallad/Kyckling & Salladsost: 4 | Pastasallad/Kyckling mangocurry: 4 | Pastasallad/Ost & Skinka: 2 | Pastasallad/Räkor: 3 | Sandwich/Clubsandwich: 2 | Sandwich/Kyckling Curry: 2 | Sandwich/Kyckling Pestoröra: 1 | Sandwich/Räkor: 2 | Sandwich/Ägg & Avocadokräm: 1 | Wraps/Caesar Kyckling: 1 | Wraps/Kyckling Bacon: 2 | Wraps/Kyckling Curry: 2 | Wraps/Sweet Chili: 1 | XL Frallor/Grovfralla Kalkon & Färskost: 1 | XL Frallor/Ost & Skinka: 1 | XL Frallor/Ost: 1
Västerås,ICA Ettan,Tuesday,41,30~65,27,Baguette/Kyckling Curry: 2 | Baguette/Ost & Skinka: 1 | Baguette/Salami & Brieost: 1 | Baguette/Skagen: 1 | Fralla/Ost & Skinka: 1 | Grönsallad/Caesarsallad: 1 | Grönsallad/Kyckling: 1 | Hönökaka/Ost & Salami: 1 | Hönökaka/Ost & Skinka: 1 | Hönökaka/Ost: 1 | Pastasallad/Kyckling & Salladsost: 2 | Pastasallad/Kyckling mangocurry: 3 | Pastasallad/Ost & Skinka: 2 | Pastasallad/Räkor: 2 | Sandwich/Bacon & Äggröra: 1 | Sandwich/Clubsandwich: 1 | Sandwich/Kyckling Curry: 1 | Sandwich/Kyckling Pestoröra: 1 | Sandwich/Räkor: 1 | Varmrätt/Cevapcici med bulgur: 2 | Varmrätt/Teriyakikycklingfile med basmatiris: 1 | Wraps/Caesar Kyckling: 4 | Wraps/Kyckling Bacon: 4 | Wraps/Kyckling Curry: 2 | Wraps/Sweet Chili: 1 | XL Frallor/Grovfralla Kalkon & Färskost: 1 | XL Frallor/Ost & Skinka: 1
Västerås,ICA Grytan,Tuesday,16,15~19,12,Fralla/Ost & Skinka: 2 | Fralla/Ost: 2 | Grönsallad/Caesarsallad: 1 | Hönökaka/Ost & Salami: 1 | Hönökaka/Ost & Skinka: 1 | Hönökaka/Ost: 1 | Pastasallad/Bacon & Kyckling: 1 | Pastasallad/Kyckling & Salladsost: 2 | Pastasallad/Kyckling kebab: 1 | Pastasallad/Kyckling mangocurry: 2 | Pastasallad/Ost & Skinka: 1 | Pastasallad/Räkor: 1
Västerås,ICA Hökåsen,Tuesday,3,3~3,3,Pastasallad/Kyckling & Salladsost: 1 | Pastasallad/Kyckling mangocurry: 1 | Pastasallad/Räkor: 1
Västerås,ICA Råby,Tuesday,53,37~74,30,Baguette/Kyckling Curry: 1 | Baguette/Ost & Skinka: 1 | Baguette/Salami & Brieost: 1 | Baguette/Skagen: 1 | Fralla/Ost & Skinka: 4 | Fralla/Ost: 4 | Grönsallad/Caesarsallad: 1 | Grönsallad/Kyckling: 1 | Hönökaka/Ost & Salami: 3 | Hönökaka/Ost & Skinka: 2 | Hönökaka/Ost: 3 | Pastasallad/Kyckling & Salladsost: 3 | Pastasallad/Kyckling kebab: 1 | Pastasallad/Kyckling mangocurry: 5 | Pastasallad/Ost & Skinka: 1 | Pastasallad/Räkor: 3 | Sandwich/Clubsandwich: 1 | Sandwich/Kyckling Curry: 1 | Sandwich/Kyckling Pestoröra: 1 | Sandwich/Räkor: 1 | Varmrätt/Cevapcici med bulgur: 1 | Varmrätt/Kycklingspett med ris: 1 | Varmrätt/Pannbiff med Basmatiris: 1 | Wraps/Caesar Kyckling: 2 | Wraps/Kyckling Bacon: 2 | Wraps/Kyckling Curry: 2 | Wraps/Sweet Chili: 2 | XL Frallor/Grovfralla Kalkon & Färskost: 1 | XL Frallor/Ost & Skinka: 1 | XL Frallor/Ost: 1
Västerås,ICA SKiljebo,Tuesday,8,5~9,8,Fralla/Ost & Skinka: 1 | Fralla/Ost: 1 | Grönsallad/Caesarsallad: 1 | Pastasallad/Kyckling & Salladsost: 1 | Pastasallad/Kyckling mangocurry: 1 | Pastasallad/Ost & Skinka: 1 | Pastasallad/Räkor: 1 | Sandwich/Kyckling Curry: 1
Västerås,ICA Sjöhagen,Tuesday,8,6~11,1,Varmrätt/Kycklingkebab med bulgur: 8
Västerås,ICA Viksäng,Tuesday,54,43~76,29,Baguette/Kyckling Curry: 1 | Baguette/Ost & Skinka: 1 | Baguette/Salami & Brieost: 1 | Baguette/Skagen: 1 | Fralla/Ost & Skinka: 3 | Fralla/Ost: 2 | Grönsallad/Caesarsallad: 2 | Hönökaka/Ost & Salami: 2 | Hönökaka/Ost & Skinka: 2 | Hönökaka/Ost: 1 | Pastasallad/Bacon & Kyckling: 1 | Pastasallad/Kyckling & Salladsost: 5 | Pastasallad/Kyckling mangocurry: 5 | Pastasallad/Ost & Skinka: 3 | Pastasallad/Räkor: 4 | Sandwich/Bacon & Äggröra: 1 | Sandwich/Clubsandwich: 1 | Sandwich/Kyckling Curry: 2 | Sandwich/Kyckling Pestoröra: 1 | Sandwich/Räkor: 2 | Varmrätt/Cevapcici med bulgur: 1 | Varmrätt/Pannbiff med Basmatiris: 1 | Varmrätt/Teriyakikycklingfile med basmatiris: 1 | Wraps/Caesar Kyckling: 2 | Wraps/Kyckling Bacon: 2 | Wraps/Kyckling Curry: 2 | Wraps/Sweet Chili: 2 | XL Frallor/Grovfralla Kalkon & Färskost: 1 | XL Frallor/Ost & Skinka: 1
Västerås,ICA Väst,Tuesday,82,69~109,28,Baguette/Kyckling Curry: 3 | Baguette/Kyckling Sweet Chili: 2 | Baguette/Ost & Skinka: 2 | Baguette/Salami & Brieost: 3 | Baguette/Skagen: 3 | Fralla/Ost & Skinka: 3 | Fralla/Ost: 3 | Grönsallad/Caesarsallad: 2 | Grönsallad/Kyckling: 1 | Hönökaka/Ost & Salami: 3 | Hönökaka/Ost & Skinka: 3 | Hönökaka/Ost: 3 | Pastasallad/Kyckling & Salladsost: 7 | Pastasallad/Kyckling mangocurry: 9 | Pastasallad/Ost & Skinka: 5 | Pastasallad/Räkor: 6 | Sandwich/Bacon & Äggröra: 1 | Sandwich/Clubsandwich: 1 | Sandwich/Kyckling Curry: 2 | Sandwich/Kyckling Pestoröra: 1 | Sandwich/Räkor: 1 | Wraps/Caesar Kyckling: 4 | Wraps/Kyckling Bacon: 4 | Wraps/Kyckling Curry: 4 | Wraps/Sweet Chili: 3 | XL Frallor/Grovfralla Kalkon & Färskost: 1 | XL Frallor/Ost & Skinka: 1 | XL Frallor/Ost: 1
Västerås,Stora Coop Enköping,Tuesday,116,94~145,38,Baguette/Kyckling Curry: 3 | Baguette/Kyckling Sweet Chili: 1 | Baguette/Ost & Skinka: 3 | Baguette/Salami & Brieost: 3 | Baguette/Skagen: 4 | Fralla/Ost & Skinka: 7 | Fralla/Ost: 5 | Glutenfri Frallor/Glutenfri Ost & Skinka(endast söndagsbeställning): 1 | Glutenfri Frallor/Glutenfri Ost(endast söndagsbeställning): 1 | Grönsallad/Caesarsallad: 2 | Grönsallad/Kyckling: 1 | Hönökaka/Ost & Salami: 3 | Hönökaka/Ost & Skinka: 3 | Hönökaka/Ost: 4 | Pastasallad/Bacon & Kyckling: 3 | Pastasallad/Falafel: 2 | Pastasallad/Kyckling & Salladsost: 6 | Pastasallad/Kyckling kebab: 1 | Pastasallad/Kyckling mangocurry: 6 | Pastasallad/Ost & Skinka: 4 | Pastasallad/Räkor: 5 | Sandwich/Bacon & Äggröra: 3 | Sandwich/Clubsandwich: 2 | Sandwich/Kyckling Curry: 3 | Sandwich/Kyckling Pestoröra: 1 | Sandwich/Räkor: 3 | Sandwich/Ägg & Avocadokräm: 1 | Varmrätt/Cevapcici med bulgur: 1 | Varmrätt/Teriyakikycklingfile med basmatiris: 1 | Wraps/Caesar Kyckling: 6 | Wraps/Kyckling Bacon: 6 | Wraps/Kyckling Curry: 6 | Wraps/Kycklingsallad Olivie: 1 | Wraps/Sweet Chili: 6 | Wraps/Wrap Curry Oumph!: 2 | XL Frallor/Grovfralla Kalkon & Färskost: 2 | XL Frallor/Ost & Skinka: 3 | XL Frallor/Ost: 1
Västerås,X-tra Bangatan,Tuesday,6,1~6,6,Fralla/Ost: 1 | Pastasallad/Kyckling & Salladsost: 1 | Pastasallad/Kyckling mangocurry: 1 | Pastasallad/Räkor: 1 | Sandwich/Kyckling Curry: 1 | Sandwich/Räkor: 1
Västerås,X-tra Stengatan,Tuesday,35,28~55,25,Baguette/Kyckling Curry: 1 | Baguette/Ost & Skinka: 1 | Baguette/Salami & Brieost: 1 | Baguette/Skagen: 1 | Fralla/Ost & Skinka: 1 | Fralla/Ost: 1 | Grönsallad/Caesarsallad: 1 | Grönsallad/Kyckling: 1 | Hönökaka/Ost & Salami: 1 | Hönökaka/Ost & Skinka: 1 | Hönökaka/Ost: 1 | Pastasallad/Kyckling & Salladsost: 3 | Pastasallad/Kyckling mangocurry: 3 | Pastasallad/Ost & Skinka: 2 | Pastasallad/Räkor: 2 | Sandwich/Bacon & Äggröra: 1 | Sandwich/Clubsandwich: 1 | Sandwich/Kyckling Curry: 1 | Sandwich/Kyckling Pestoröra: 1 | Sandwich/Räkor: 1 | Wraps/Caesar Kyckling: 2 | Wraps/Kyckling Bacon: 2 | Wraps/Kyckling Curry: 2 | Wraps/Sweet Chili: 2 | XL Frallor/Grovfralla Kalkon & Färskost: 1
Västerås,X-tra viksäng,Tuesday,22,10~40,20,Baguette/Kyckling Sweet Chili: 1 | Baguette/Ost & Skinka: 1 | Baguette/Salami & Brieost: 1 | Fralla/Ost & Skinka: 1 | Hönökaka/Ost & Salami: 1 | Hönökaka/Ost: 1 | Pastasallad/Kyckling & Salladsost: 2 | Pastasallad/Kyckling mangocurry: 2 | Pastasallad/Ost & Skinka: 1 | Pastasallad/Räkor: 1 | Sandwich/Clubsandwich: 1 | Sandwich/Kyckling Curry: 1 | Sandwich/Räkor: 1 | Varmrätt/Cevapcici med bulgur: 1 | Varmrätt/Kycklingspett med ris: 1 | Varmrätt/Teriyakikycklingfile med basmatiris: 1 | Wraps/Caesar Kyckling: 1 | Wraps/Kyckling Bacon: 1 | Wraps/Kyckling Curry: 1 | Wraps/Sweet Chili: 1
Västerås,Xtra Surahammar,Tuesday,17,16~28,17,Baguette/Kyckling Curry: 1 | Baguette/Kyckling Sweet Chili: 1 | Baguette/Salami & Brieost: 1 | Baguette/Skagen: 1 | Fralla/Ost & Skinka: 1 | Fralla/Ost: 1 | Pastasallad/Kyckling & Salladsost: 1 | Pastasallad/Kyckling mangocurry: 1 | Pastasallad/Ost & Skinka: 1 | Pastasallad/Räkor: 1 | Varmrätt/Cevapcici med bulgur: 1 | Varmrätt/Pannbiff med Basmatiris: 1 | Varmrätt/Tacobolognese med fullkornspasta: 1 | Wraps/Caesar Kyckling: 1 | Wraps/Kyckling Bacon: 1 | Wraps/Kyckling Curry: 1 | Wraps/Sweet Chili: 1
Västerås,Xtra igor,Tuesday,11,4~12,11,Baguette/Ost & Skinka: 1 | Baguette/Salami & Brieost: 1 | Baguette/Skagen: 1 | Grönsallad/Caesarsallad: 1 | Pastasallad/Kyckling & Salladsost: 1 | Pastasallad/Kyckling mangocurry: 1 | Pastasallad/Ost & Skinka: 1 | Pastasallad/Räkor: 1 | Wraps/Caesar Kyckling: 1 | Wraps/Kyckling Bacon: 1 | Wraps/Kyckling Curry: 1
Västerås,Coop Pilgatan,Wednesday,29,23~37,25,Baguette/Kyckling Curry: 1 | Baguette/Ost & Skinka: 1 | Baguette/Salami & Brieost: 1 | Baguette/Skagen: 1 | Fralla/Ost & Skinka: 2 | Fralla/Ost: 2 | Grönsallad/Caesarsallad: 1 | Grönsallad/Kyckling: 1 | Hönökaka/Ost & Salami: 1 | Hönökaka/Ost & Skinka: 1 | Hönökaka/Ost: 1 | Pastasallad/Kyckling & Salladsost: 2 | Pastasallad/Kyckling mangocurry: 2 | Pastasallad/Ost & Skinka: 1 | Pastasallad/Räkor: 1 | Sandwich/Bacon & Äggröra: 1 | Sandwich/Clubsandwich: 1 | Sandwich/Kyckling Curry: 1 | Sandwich/Räkor: 1 | Wraps/Caesar Kyckling: 1 | Wraps/Kyckling Bacon: 1 | Wraps/Kyckling Curry: 1 | Wraps/Sweet Chili: 1 | XL Frallor/Ost & Skinka: 1 | XL Frallor/Ost: 1
Västerås,Coop Stjärnan,Wednesday,32,21~41,26,Baguette/Kyckling Curry: 1 | Baguette/Ost & Skinka: 1 | Baguette/Salami & Brieost: 1 | Baguette/Skagen: 1 | Fralla/Ost & Skinka: 2 | Fralla/Ost: 2 | Grönsallad/Caesarsallad: 1 | Grönsallad/Kyckling: 1 | Hönökaka/Ost & Salami: 1 | Hönökaka/Ost & Skinka: 1 | Hönökaka/Ost: 1 | Pastasallad/Kyckling & Salladsost: 2 | Pastasallad/Kyckling mangocurry: 2 | Pastasallad/Ost & Skinka: 1 | Pastasallad/Räkor: 2 | Sandwich/Bacon & Äggröra: 1 | Sandwich/Clubsandwich: 1 | Sandwich/Kyckling Curry: 1 | Sandwich/Kyckling Pestoröra: 1 | Sandwich/Räkor: 2 | Wraps/Caesar Kyckling: 1 | Wraps/Kyckling Bacon: 1 | Wraps/Kyckling Curry: 1 | Wraps/Sweet Chili: 1 | XL Frallor/Grovfralla Kalkon & Färskost: 1 | XL Frallor/Ost & Skinka: 1
Västerås,Hemköp City Västerås,Wednesday,34,26~39,26,Baguette/Kyckling Curry: 1 | Baguette/Ost & Skinka: 1 | Baguette/Salami & Brieost: 1 | Baguette/Skagen: 1 | Fralla/Ost & Skinka: 3 | Fralla/Ost: 3 | Hönökaka/Ost & Salami: 2 | Hönökaka/Ost & Skinka: 2 | Hönökaka/Ost: 1 | Pastasallad/Kyckling & Salladsost: 1 | Pastasallad/Kyckling mangocurry: 1 | Pastasallad/Ost & Skinka: 1 | Pastasallad/Räkor: 1 | Sandwich/Bacon & Äggröra: 1 | Sandwich/Clubsandwich: 1 | Sandwich/Kyckling Curry: 1 | Sandwich/Räkor: 1 | Varmrätt/Cevapcici med bulgur: 1 | Varmrätt/Kycklingkebab med bulgur: 1 | Wraps/Caesar Kyckling: 1 | Wraps/Kyckling Bacon: 2 | Wraps/Kyckling Curry: 1 | Wraps/Sweet Chili: 2 | XL Frallor/Grovfralla Kalkon & Färskost: 1 | XL Frallor/Ost & Skinka: 1 | XL Frallor/Ost: 1
Västerås,Hemköp Malmaberg,Wednesday,21,17~27,19,Baguette/Salami & Brieost: 1 | Fralla/Ost & Skinka: 1 | Fralla/Ost: 1 | Grönsallad/Caesarsallad: 1 | Hönökaka/Ost & Salami: 1 | Hönökaka/Ost & Skinka: 1 | Hönökaka/Ost: 1 | Pastasallad/Bacon & Kyckling: 1 | Pastasallad/Kyckling & Salladsost: 2 | Pastasallad/Kyckling mangocurry: 2 | Pastasallad/Ost & Skinka: 1 | Pastasallad/Räkor: 1 | Sandwich/Clubsandwich: 1 | Sandwich/Kyckling Curry: 1 | Sandwich/Räkor: 1 | Wraps/Kyckling Bacon: 1 | Wraps/Kyckling Curry: 1 | XL Frallor/Grovfralla Kalkon & Färskost: 1 | XL Frallor/Ost & Skinka: 1
Västerås,ICA Grytan,Wednesday,21,16~28,14,Fralla/Ost & Skinka: 3 | Fralla/Ost: 2 | Grönsallad/Caesarsallad: 1 | Hönökaka/Ost & Salami: 1 | Hönökaka/Ost & Skinka: 1 | Hönökaka/Ost: 1 | Pastasallad/Bacon & Kyckling: 1 | Pastasallad/Falafel: 1 | Pastasallad/Kyckling & Salladsost: 2 | Pastasallad/Kyckling kebab: 1 | Pastasallad/Kyckling mangocurry: 2 | Pastasallad/Ost & Skinka: 2 | Pastasallad/Räkor: 2 | XL Frallor/Grovfralla Kalkon & Färskost: 1
Västerås,ICA Hökåsen,Wednesday,13,4~13,10,Baguette/Kyckling Curry: 1 | Baguette/Salami & Brieost: 1 | Baguette/Skagen: 1 | Pastasallad/Kyckling & Salladsost: 2 | Pastasallad/Kyckling mangocurry: 2 | Pastasallad/Räkor: 2 | Sandwich/Clubsandwich: 1 | Sandwich/Räkor: 1 | Wraps/Kyckling Bacon: 1 | Wraps/Kyckling Curry: 1
Västerås,ICA SKiljebo,Wednesday,27,16~29,21,Baguette/Kyckling Curry: 1 | Baguette/Skagen: 1 | Fralla/Ost & Skinka: 1 | Fralla/Ost: 2 | Grönsallad/Caesarsallad: 1 | Grönsallad/Kyckling: 1 | Hönökaka/Ost & Skinka: 1 | Hönökaka/Ost: 1 | Pastasallad/Kyckling & Salladsost: 2 | Pastasallad/Kyckling mangocurry: 3 | Pastasallad/Ost & Skinka: 1 | Pastasallad/Räkor: 2 | Sandwich/Clubsandwich: 1 | Sandwich/Kyckling Curry: 2 | Sandwich/Kyckling Pestoröra: 1 | Sandwich/Räkor: 1 | Wraps/Kyckling Bacon: 1 | Wraps/Kyckling Curry: 1 | Wraps/Sweet Chili: 1 | XL Frallor/Grovfralla Kalkon & Färskost: 1 | XL Frallor/Ost & Skinka: 1
Västerås,ICA Väst,Wednesday,29,23~35,20,Baguette/Kyckling Curry: 1 | Baguette/Kyckling Sweet Chili: 1 | Baguette/Ost & Skinka: 1 | Baguette/Salami & Brieost: 1 | Baguette/Skagen: 1 | Fralla/Ost & Skinka: 1 | Fralla/Ost: 1 | Grönsallad/Caesarsallad: 1 | Hönökaka/Ost & Salami: 1 | Hönökaka/Ost & Skinka: 1 | Hönökaka/Ost: 1 | Pastasallad/Kyckling & Salladsost: 3 | Pastasallad/Kyckling mangocurry: 3 | Pastasallad/Ost & Skinka: 2 | Pastasallad/Räkor: 2 | Sandwich/Kyckling Curry: 1 | Wraps/Caesar Kyckling: 2 | Wraps/Kyckling Bacon: 2 | Wraps/Kyckling Curry: 2 | Wraps/Sweet Chili: 1
Västerås,Spel o kiosk city,Wednesday,5,1~11,5,Fralla/Ost & Skinka: 1 | Fralla/Ost: 1 | Hönökaka/Ost & Salami: 1 | Hönökaka/Ost & Skinka: 1 | Hönökaka/Ost: 1
Västerås,Stora Coop Enköping,Wednesday,54,45~70,31,Baguette/Kyckling Curry: 2 | Baguette/Kyckling Sweet Chili: 1 | Baguette/Ost & Skinka: 1 | Baguette/Salami & Brieost: 2 | Baguette/Skagen: 2 | Fralla/Ost & Skinka: 4 | Fralla/Ost: 2 | Grönsallad/Caesarsallad: 1 | Grönsallad/Kyckling: 1 | Hönökaka/Ost & Salami: 2 | Hönökaka/Ost & Skinka: 1 | Hönökaka/Ost: 2 | Pastasallad/Bacon & Kyckling: 1 | Pastasallad/Falafel: 1 | Pastasallad/Kyckling & Salladsost: 3 | Pastasallad/Kyckling mangocurry: 3 | Pastasallad/Ost & Skinka: 2 | Pastasallad/Räkor: 2 | Sandwich/Bacon & Äggröra: 1 | Sandwich/Clubsandwich: 1 | Sandwich/Kyckling Curry: 1 | Sandwich/Kyckling Pestoröra: 1 | Sandwich/Räkor: 1 | Wraps/Caesar Kyckling: 3 | Wraps/Kyckling Bacon: 3 | Wraps/Kyckling Curry: 3 | Wraps/Sweet Chili: 3 | Wraps/Wrap Curry Oumph!: 1 | XL Frallor/Grovfralla Kalkon & Färskost: 1 | XL Frallor/Ost & Skinka: 1 | XL Frallor/Ost: 1
Västerås,Tempo Fjärdhundra,Wednesday,20,13~33,20,Baguette/Kyckling Curry: 1 | Baguette/Ost & Skinka: 1 | Baguette/Salami & Brieost: 1 | Baguette/Skagen: 1 | Fralla/Ost & Skinka: 1 | Fralla/Ost: 1 | Hönökaka/Ost & Salami: 1 | Hönökaka/Ost & Skinka: 1 | Hönökaka/Ost: 1 | Pastasallad/Kyckling & Salladsost: 1 | Pastasallad/Kyckling mangocurry: 1 | Pastasallad/Ost & Skinka: 1 | Pastasallad/Räkor: 1 | Sandwich/Bacon & Äggröra: 1 | Sandwich/Clubsandwich: 1 | Sandwich/Kyckling Curry: 1 | Sandwich/Räkor: 1 | Wraps/Caesar Kyckling: 1 | Wraps/Kyckling Bacon: 1 | Wraps/Sweet Chili: 1
Västerås,Xtra igor,Wednesday,17,12~17,16,Baguette/Ost & Skinka: 1 | Baguette/Salami & Brieost: 1 | Baguette/Skagen: 1 | Grönsallad/Caesarsallad: 1 | Grönsallad/Kyckling: 1 | Pastasallad/Kyckling & Salladsost: 1 | Pastasallad/Kyckling mangocurry: 2 | Pastasallad/Ost & Skinka: 1 | Pastasallad/Räkor: 1 | Sandwich/Bacon & Äggröra: 1 | Sandwich/Clubsandwich: 1 | Wraps/Caesar Kyckling: 1 | Wraps/Kyckling Bacon: 1 | Wraps/Kyckling Curry: 1 | Wraps/Sweet Chili: 1 | XL Frallor/Ost: 1
Västerås,Coop Karlfeldtsplatsen,Thursday,25,12~42,20,Baguette/Kyckling Curry: 1 | Baguette/Salami & Brieost: 1 | Baguette/Skagen: 1 | Fralla/Ost & Skinka: 1 | Fralla/Ost: 2 | Hönökaka/Ost & Salami: 1 | Hönökaka/Ost & Skinka: 1 | Pastasallad/Kyckling & Salladsost: 2 | Pastasallad/Kyckling mangocurry: 3 | Pastasallad/Ost & Skinka: 2 | Pastasallad/Räkor: 1 | Sandwich/Bacon & Äggröra: 1 | Sandwich/Clubsandwich: 1 | Sandwich/Kyckling Curry: 1 | Sandwich/Räkor: 1 | Wraps/Caesar Kyckling: 1 | Wraps/Kyckling Bacon: 1 | Wraps/Kyckling Curry: 1 | Wraps/Sweet Chili: 1 | XL Frallor/Ost & Skinka: 1
Västerås,Coop Pilgatan,Thursday,69,52~91,28,Baguette/Kyckling Curry: 1 | Baguette/Kyckling Sweet Chili: 2 | Baguette/Ost & Skinka: 3 | Baguette/Salami & Brieost: 3 | Baguette/Skagen: 1 | Fralla/Ost & Skinka: 6 | Fralla/Ost: 5 | Grönsallad/Caesarsallad: 1 | Grönsallad/Kyckling: 1 | Hönökaka/Ost & Salami: 3 | Hönökaka/Ost & Skinka: 3 | Hönökaka/Ost: 4 | Pastasallad/Kyckling & Salladsost: 4 | Pastasallad/Kyckling mangocurry: 5 | Pastasallad/Ost & Skinka: 1 | Pastasallad/Räkor: 3 | Sandwich/Bacon & Äggröra: 1 | Sandwich/Clubsandwich: 1 | Sandwich/Kyckling Curry: 1 | Sandwich/Kyckling Pestoröra: 1 | Sandwich/Räkor: 2 | Wraps/Caesar Kyckling: 3 | Wraps/Kyckling Bacon: 4 | Wraps/Kyckling Curry: 3 | Wraps/Sweet Chili: 3 | XL Frallor/Grovfralla Kalkon & Färskost: 2 | XL Frallor/Ost & Skinka: 1 | XL Frallor/Ost: 1
Västerås,Coop Stjärnan,Thursday,25,15~20,21,Baguette/Skagen: 1 | Fralla/Ost & Skinka: 2 | Fralla/Ost: 1 | Grönsallad/Caesarsallad: 1 | Grönsallad/Kyckling: 1 | Hönökaka/Ost: 1 | Pastasallad/Kyckling & Salladsost: 1 | Pastasallad/Kyckling kebab: 1 | Pastasallad/Kyckling mangocurry: 2 | Pastasallad/Ost & Skinka: 2 | Pastasallad/Räkor: 1 | Sandwich/Bacon & Äggröra: 1 | Sandwich/Kyckling Curry: 2 | Sandwich/Kyckling Pestoröra: 1 | Wraps/Caesar Kyckling: 1 | Wraps/Kyckling Bacon: 1 | Wraps/Kyckling Curry: 1 | Wraps/Sweet Chili: 1 | XL Frallor/Grovfralla Kalkon & Färskost: 1 | XL Frallor/Ost & Skinka: 1 | XL Frallor/Ost: 1
Västerås,Coop Västerås City(PUNKT),Thursday,66,47~86,30,Baguette/Kyckling Curry: 1 | Baguette/Ost & Skinka: 2 | Baguette/Salami & Brieost: 1 | Baguette/Skagen: 2 | Fralla/Ost & Skinka: 6 | Fralla/Ost: 6 | Grönsallad/Caesarsallad: 1 | Grönsallad/Kyckling: 1 | Hönökaka/Ost & Salami: 3 | Hönökaka/Ost & Skinka: 4 | Hönökaka/Ost: 4 | Pastasallad/Kyckling & Salladsost: 5 | Pastasallad/Kyckling mangocurry: 4 | Pastasallad/Ost & Skinka: 2 | Pastasallad/Räkor: 4 | Sandwich/Bacon & Äggröra: 1 | Sandwich/Clubsandwich: 1 | Sandwich/Kyckling Curry: 1 | Sandwich/Kyckling Pestoröra: 1 | Varmrätt/Cevapcici med bulgur: 1 | Varmrätt/Kycklingspett med ris: 1 | Varmrätt/Pannbiff med Basmatiris: 1 | Wraps/Caesar Kyckling: 2 | Wraps/Kyckling Bacon: 2 | Wraps/Kyckling Curry: 1 | Wraps/Kycklingsallad Olivie: 1 | Wraps/Sweet Chili: 2 | XL Frallor/Grovfralla Kalkon & Färskost: 2 | XL Frallor/Ost & Skinka: 2 | XL Frallor/Ost: 1
Västerås,Hemköp City Västerås,Thursday,27,15~24,25,Baguette/Kyckling Curry: 1 | Baguette/Ost & Skinka: 1 | Baguette/Skagen: 1 | Fralla/Ost & Skinka: 2 | Fralla/Ost: 2 | Glutenfri Frallor/Glutenfri Pumpafralla Kalkon & Färskost(endast söndagsbeställning): 1 | Hönökaka/Ost & Salami: 1 | Hönökaka/Ost & Skinka: 1 | Hönökaka/Ost: 1 | Pastasallad/Kyckling & Salladsost: 1 | Pastasallad/Kyckling mangocurry: 1 | Pastasallad/Ost & Skinka: 1 | Sandwich/Bacon & Äggröra: 1 | Sandwich/Clubsandwich: 1 | Sandwich/Kyckling Curry: 1 | Sandwich/Kyckling Pestoröra: 1 | Sandwich/Räkor: 1 | Varmrätt/Cevapcici med bulgur: 1 | Wraps/Caesar Kyckling: 1 | Wraps/Kyckling Bacon: 1 | Wraps/Kyckling Curry: 1 | Wraps/Sweet Chili: 1 | XL Frallor/Grovfralla Kalkon & Färskost: 1 | XL Frallor/Ost & Skinka: 1 | XL Frallor/Ost: 1
Västerås,Hemköp Malmaberg,Thursday,63,37~59,29,Baguette/Kyckling Curry: 2 | Baguette/Kyckling Sweet Chili: 1 | Baguette/Ost & Skinka: 1 | Baguette/Salami & Brieost: 2 | Baguette/Skagen: 2 | Fralla/Ost & Skinka: 4 | Fralla/Ost: 3 | Glutenfri Frallor/Glutenfri Ost & Skinka(endast söndagsbeställning): 1 | Grönsallad/Caesarsallad: 2 | Grönsallad/Kyckling: 2 | Hönökaka/Ost & Salami: 2 | Hönökaka/Ost & Skinka: 4 | Hönökaka/Ost: 4 | Pastasallad/Bacon & Kyckling: 2 | Pastasallad/Kyckling & Salladsost: 4 | Pastasallad/Kyckling kebab: 1 | Pastasallad/Kyckling mangocurry: 4 | Pastasallad/Ost & Skinka: 2 | Pastasallad/Räkor: 4 | Sandwich/Bacon & Äggröra: 1 | Sandwich/Clubsandwich: 2 | Sandwich/Kyckling Curry: 1 | Sandwich/Kyckling Pestoröra: 2 | Sandwich/Räkor: 1 | Wraps/Caesar Kyckling: 2 | Wraps/Sweet Chili: 2 | XL Frallor/Grovfralla Kalkon & Färskost: 2 | XL Frallor/Ost & Skinka: 2 | XL Frallor/Ost: 1
Västerås,ICA Ettan,Thursday,31,16~54,24,Baguette/Kyckling Curry: 1 | Baguette/Ost & Skinka: 1 | Baguette/Salami & Brieost: 1 | Baguette/Skagen: 1 | Fralla/Ost & Skinka: 1 | Grönsallad/Caesarsallad: 1 | Hönökaka/Ost & Skinka: 1 | Hönökaka/Ost: 1 | Pastasallad/Kyckling & Salladsost: 2 | Pastasallad/Kyckling kebab: 1 | Pastasallad/Kyckling mangocurry: 2 | Pastasallad/Ost & Skinka: 1 | Pastasallad/Räkor: 2 | Sandwich/Clubsandwich: 1 | Sandwich/Kyckling Curry: 1 | Sandwich/Kyckling Pestoröra: 1 | Sandwich/Räkor: 1 | Varmrätt/Cevapcici med bulgur: 1 | Varmrätt/Teriyakikycklingfile med basmatiris: 1 | Wraps/Caesar Kyckling: 2 | Wraps/Kyckling Bacon: 3 | Wraps/Kyckling Curry: 2 | Wraps/Sweet Chili: 1 | XL Frallor/Ost: 1
Västerås,ICA Grytan,Thursday,49,42~61,14,Fralla/Ost & Skinka: 7 | Fralla/Ost: 4 | Grönsallad/Caesarsallad: 3 | Hönökaka/Ost & Salami: 2 | Hönökaka/Ost & Skinka: 3 | Hönökaka/Ost: 2 | Pastasallad/Bacon & Kyckling: 3 | Pastasallad/Falafel: 1 | Pastasallad/Kyckling & Salladsost: 6 | Pastasallad/Kyckling kebab: 4 | Pastasallad/Kyckling mangocurry: 6 | Pastasallad/Ost & Skinka: 3 | Pastasallad/Räkor: 4 | XL Frallor/Grovfralla Kalkon & Färskost: 1
Västerås,ICA Hökåsen,Thursday,27,28~31,15,Baguette/Kyckling Curry: 1 | Baguette/Ost & Skinka: 2 | Baguette/Salami & Brieost: 1 | Baguette/Skagen: 1 | Pastasallad/Kyckling & Salladsost: 4 | Pastasallad/Kyckling mangocurry: 3 | Pastasallad/Räkor: 3 | Sandwich/Bacon & Äggröra: 2 | Sandwich/Clubsandwich: 1 | Sandwich/Kyckling Curry: 2 | Sandwich/Räkor: 1 | Wraps/Caesar Kyckling: 2 | Wraps/Kyckling Bacon: 1 | Wraps/Kyckling Curry: 1 | Wraps/Sweet Chili: 2
Västerås,ICA Råby,Thursday,40,31~57,26,Baguette/Kyckling Curry: 2 | Baguette/Ost & Skinka: 1 | Baguette/Salami & Brieost: 1 | Baguette/Skagen: 2 | Fralla/Ost & Skinka: 2 | Fralla/Ost: 3 | Grönsallad/Caesarsallad: 1 | Hönökaka/Ost & Salami: 3 | Hönökaka/Ost & Skinka: 1 | Hönökaka/Ost: 2 | Pastasallad/Kyckling & Salladsost: 2 | Pastasallad/Kyckling kebab: 1 | Pastasallad/Kyckling mangocurry: 3 | Pastasallad/Ost & Skinka: 2 | Pastasallad/Räkor: 2 | Sandwich/Clubsandwich: 1 | Sandwich/Kyckling Curry: 2 | Sandwich/Kyckling Pestoröra: 1 | Sandwich/Räkor: 1 | Varmrätt/Pannbiff med Basmatiris: 1 | Wraps/Caesar Kyckling: 1 | Wraps/Kyckling Bacon: 1 | Wraps/Kyckling Curry: 1 | Wraps/Sweet Chili: 1 | XL Frallor/Grovfralla Kalkon & Färskost: 1 | XL Frallor/Ost & Skinka: 1
Västerås,ICA SKiljebo,Thursday,16,7~16,14,Baguette/Kyckling Sweet Chili: 1 | Baguette/Salami & Brieost: 1 | Fralla/Ost: 1 | Hönökaka/Ost & Skinka: 1 | Pastasallad/Kyckling & Salladsost: 2 | Pastasallad/Kyckling mangocurry: 2 | Pastasallad/Räkor: 1 | Sandwich/Bacon & Äggröra: 1 | Sandwich/Clubsandwich: 1 | Sandwich/Kyckling Curry: 1 | Sandwich/Räkor: 1 | Wraps/Caesar Kyckling: 1 | Wraps/Kyckling Curry: 1 | XL Frallor/Grovfralla Kalkon & Färskost: 1
Västerås,ICA Viksäng,Thursday,59,40~80,30,Baguette/Kyckling Curry: 2 | Baguette/Kyckling Sweet Chili: 1 | Baguette/Ost & Skinka: 1 | Baguette/Salami & Brieost: 2 | Baguette/Skagen: 2 | Fralla/Ost & Skinka: 2 | Fralla/Ost: 3 | Grönsallad/Caesarsallad: 3 | Grönsallad/Kyckling: 1 | Hönökaka/Ost & Salami: 1 | Hönökaka/Ost & Skinka: 2 | Hönökaka/Ost: 2 | Pastasallad/Bacon & Kyckling: 1 | Pastasallad/Kyckling & Salladsost: 5 | Pastasallad/Kyckling mangocurry: 5 | Pastasallad/Ost & Skinka: 4 | Pastasallad/Räkor: 4 | Sandwich/Bacon & Äggröra: 1 | Sandwich/Clubsandwich: 2 | Sandwich/Kyckling Curry: 1 | Sandwich/Kyckling Pestoröra: 2 | Sandwich/Räkor: 1 | Varmrätt/Cevapcici med bulgur: 1 | Varmrätt/Teriyakikycklingfile med basmatiris: 1 | Wraps/Caesar Kyckling: 1 | Wraps/Kyckling Bacon: 1 | Wraps/Kyckling Curry: 3 | Wraps/Sweet Chili: 1 | XL Frallor/Grovfralla Kalkon & Färskost: 1 | XL Frallor/Ost & Skinka: 2
Västerås,ICA Väst,Thursday,119,94~140,30,Baguette/Kyckling Curry: 5 | Baguette/Kyckling Sweet Chili: 3 | Baguette/Kycklingsallad Olivie: 1 | Baguette/Ost & Skinka: 2 | Baguette/Salami & Brieost: 5 | Baguette/Skagen: 5 | Fralla/Ost & Skinka: 4 | Fralla/Ost: 4 | Grönsallad/Caesarsallad: 3 | Grönsallad/Kyckling: 2 | Hönökaka/Ost & Salami: 4 | Hönökaka/Ost & Skinka: 3 | Hönökaka/Ost: 4 | Pastasallad/Kyckling & Salladsost: 10 | Pastasallad/Kyckling mangocurry: 12 | Pastasallad/Ost & Skinka: 6 | Pastasallad/Räkor: 8 | Sandwich/Bacon & Äggröra: 3 | Sandwich/Clubsandwich: 3 | Sandwich/Kyckling Curry: 1 | Sandwich/Kyckling Pestoröra: 2 | Sandwich/Räkor: 3 | Sandwich/Ägg & Avocadokräm: 1 | Wraps/Caesar Kyckling: 5 | Wraps/Kyckling Bacon: 5 | Wraps/Kyckling Curry: 5 | Wraps/Sweet Chili: 5 | XL Frallor/Grovfralla Kalkon & Färskost: 1 | XL Frallor/Ost & Skinka: 2 | XL Frallor/Ost: 2
Västerås,Stora Coop Enköping,Thursday,82,59~101,36,Baguette/Kyckling Curry: 2 | Baguette/Kyckling Sweet Chili: 1 | Baguette/Ost & Skinka: 2 | Baguette/Salami & Brieost: 2 | Baguette/Skagen: 3 | Fralla/Ost & Skinka: 5 | Fralla/Ost: 4 | Glutenfri Frallor/Glutenfri Ost & Skinka(endast söndagsbeställning): 1 | Glutenfri Frallor/Glutenfri Ost(endast söndagsbeställning): 1 | Grönsallad/Caesarsallad: 2 | Grönsallad/Kyckling: 1 | Hönökaka/Ost & Salami: 2 | Hönökaka/Ost & Skinka: 2 | Hönökaka/Ost: 3 | Pastasallad/Bacon & Kyckling: 2 | Pastasallad/Kyckling & Salladsost: 5 | Pastasallad/Kyckling kebab: 1 | Pastasallad/Kyckling mangocurry: 5 | Pastasallad/Ost & Skinka: 3 | Pastasallad/Räkor: 4 | Sandwich/Bacon & Äggröra: 2 | Sandwich/Clubsandwich: 2 | Sandwich/Kyckling Curry: 2 | Sandwich/Kyckling Pestoröra: 1 | Sandwich/Räkor: 2 | Sandwich/Ägg & Avocadokräm: 1 | Varmrätt/Cevapcici med bulgur: 1 | Varmrätt/Teriyakikycklingfile med basmatiris: 1 | Wraps/Caesar Kyckling: 4 | Wraps/Kyckling Bacon: 3 | Wraps/Kyckling Curry: 4 | Wraps/Kycklingsallad Olivie: 1 | Wraps/Sweet Chili: 3 | Wraps/Wrap Curry Oumph!: 1 | XL Frallor/Ost & Skinka: 2 | XL Frallor/Ost: 1
Västerås,X-tra Bangatan,Thursday,35,25~45,24,Baguette/Kyckling Curry: 1 | Baguette/Salami & Brieost: 2 | Baguette/Skagen: 2 | Fralla/Ost & Skinka: 2 | Fralla/Ost: 1 | Grönsallad/Caesarsallad: 1 | Grönsallad/Kyckling: 2 | Hönökaka/Ost & Salami: 1 | Hönökaka/Ost & Skinka: 1 | Hönökaka/Ost: 1 | Pastasallad/Kyckling & Salladsost: 1 | Pastasallad/Kyckling mangocurry: 1 | Pastasallad/Ost & Skinka: 2 | Pastasallad/Räkor: 1 | Sandwich/Bacon & Äggröra: 2 | Sandwich/Clubsandwich: 2 | Sandwich/Kyckling Curry: 2 | Sandwich/Räkor: 1 | Wraps/Caesar Kyckling: 1 | Wraps/Kyckling Bacon: 2 | Wraps/Kyckling Curry: 2 | Wraps/Sweet Chili: 2 | XL Frallor/Ost & Skinka: 1 | XL Frallor/Ost: 1
Västerås,X-tra Stengatan,Thursday,38,22~50,25,Baguette/Kyckling Curry: 2 | Baguette/Ost & Skinka: 1 | Baguette/Salami & Brieost: 1 | Baguette/Skagen: 2 | Fralla/Ost & Skinka: 2 | Fralla/Ost: 2 | Grönsallad/Caesarsallad: 1 | Grönsallad/Kyckling: 1 | Hönökaka/Ost & Salami: 1 | Hönökaka/Ost & Skinka: 1 | Hönökaka/Ost: 2 | Pastasallad/Kyckling & Salladsost: 3 | Pastasallad/Kyckling mangocurry: 3 | Pastasallad/Ost & Skinka: 1 | Pastasallad/Räkor: 3 | Sandwich/Bacon & Äggröra: 1 | Sandwich/Clubsandwich: 1 | Sandwich/Kyckling Curry: 1 | Sandwich/Kyckling Pestoröra: 1 | Sandwich/Räkor: 2 | Wraps/Caesar Kyckling: 1 | Wraps/Kyckling Bacon: 2 | Wraps/Kyckling Curry: 1 | Wraps/Sweet Chili: 1 | XL Frallor/Ost: 1
Västerås,X-tra viksäng,Thursday,13,2~23,13,Fralla/Ost & Skinka: 1 | Fralla/Ost: 1 | Hönökaka/Ost & Skinka: 1 | Pastasallad/Kyckling & Salladsost: 1 | Pastasallad/Kyckling mangocurry: 1 | Pastasallad/Ost & Skinka: 1 | Pastasallad/Räkor: 1 | Sandwich/Bacon & Äggröra: 1 | Sandwich/Kyckling Curry: 1 | Wraps/Caesar Kyckling: 1 | Wraps/Kyckling Bacon: 1 | Wraps/Kyckling Curry: 1 | Wraps/Sweet Chili: 1
Västerås,Xtra Surahammar,Thursday,22,11~34,18,Baguette/Kyckling Curry: 1 | Baguette/Kyckling Sweet Chili: 1 | Baguette/Ost & Skinka: 1 | Baguette/Salami & Brieost: 1 | Baguette/Skagen: 1 | Fralla/Ost & Skinka: 2 | Fralla/Ost: 2 | Pastasallad/Bacon & Kyckling: 1 | Pastasallad/Kyckling & Salladsost: 2 | Pastasallad/Kyckling mangocurry: 2 | Pastasallad/Ost & Skinka: 1 | Pastasallad/Räkor: 1 | Varmrätt/Cevapcici med bulgur: 1 | Varmrätt/Pannbiff med Basmatiris: 1 | Wraps/Caesar Kyckling: 1 | Wraps/Kyckling Bacon: 1 | Wraps/Kyckling Curry: 1 | Wraps/Sweet Chili: 1
Västerås,Xtra igor,Thursday,23,16~18,20,Baguette/Ost & Skinka: 1 | Baguette/Salami & Brieost: 1 | Baguette/Skagen: 1 | Glutenfri Frallor/Glutenfri Ost & Skinka(endast söndagsbeställning): 1 | Glutenfri Frallor/Glutenfri Ost(endast söndagsbeställning): 1 | Glutenfri Frallor/Glutenfri Pumpafralla Kalkon & Färskost(endast söndagsbeställning): 1 | Grönsallad/Caesarsallad: 1 | Grönsallad/Kyckling: 1 | Pastasallad/Kyckling mangocurry: 4 | Pastasallad/Ost & Skinka: 1 | Pastasallad/Räkor: 1 | Sandwich/Bacon & Äggröra: 1 | Sandwich/Clubsandwich: 1 | Sandwich/Kyckling Curry: 1 | Wraps/Kyckling Curry: 1 | Wraps/Kycklingsallad Olivie: 1 | Wraps/Sweet Chili: 1 | XL Frallor/Grovfralla Kalkon & Färskost: 1 | XL Frallor/Ost & Skinka: 1 | XL Frallor/Ost: 1
