Route,Store,Day,Total_Qty,Range,N_Products,Products
Gävle,Coop Karlholm,Sunday,14.0,13~26,13,Baguette/Kyckling Curry: 1 | Baguette/Ost & Skinka: 1 | Baguette/Skagen: 2 | Fralla/Ost & Skinka: 1 | Pastasallad/Bacon & Kyckling: 1 | Pastasallad/Kyckling & Salladsost: 1 | Pastasallad/Kyckling mangocurry: 1 | Sandwich/Bacon & Äggröra: 1 | Sandwich/Clubsandwich: 1 | Sandwich/Räkor: 1 | Wraps/Caesar Kyckling: 1 | Wraps/Kyckling Bacon: 1 | Wraps/Kyckling Curry: 1
Gävle,Coop Skutskär,Sunday,22.0,19~37,18,Baguette/Kyckling Sweet Chili: 1 | Baguette/Ost & Skinka: 1 | Baguette/Skagen: 2 | Fralla/Ost & Skinka: 2 | Fralla/Ost: 1 | Hönökaka/Ost & Skinka: 1 | Hönökaka/Ost: 1 | Pastasallad/Kyckling & Salladsost: 1 | Pastasallad/Kyckling mangocurry: 1 | Räkmacka Liten/Räkmacka liten: 1 | Sandwich/Clubsandwich: 1 | Sandwich/Räkor: 1 | Varmrätt/Teriyakibiff med ris: 1 | Wraps/Caesar Kyckling: 1 | Wraps/Kyckling Bacon: 2 | Wraps/Kyckling Curry: 2 | Wraps/Sweet Chili: 1 | XL Frallor/Ost & Skinka: 1
Gävle,Coop Tierp,Sunday,19.0,17~34,17,Baguette/Ost & Skinka: 1 | Baguette/Salami & Brieost: 1 | Baguette/Skagen: 2 | Fralla/Ost & Skinka: 2 | Fralla/Ost: 1 | Hönökaka/Ost & Skinka: 1 | Hönökaka/Ost: 1 | Pastasallad/Kyckling & Salladsost: 1 | Pastasallad/Kyckling mangocurry: 1 | Räkmacka Liten/Räkmacka liten: 1 | Sandwich/Bacon & Äggröra: 1 | Sandwich/Clubsandwich: 1 | Sandwich/Räkor: 1 | Wraps/Caesar Kyckling: 1 | Wraps/Kyckling Bacon: 1 | XL Frallor/Grovfralla Kalkon & Färskost: 1 | XL Frallor/Ost & Skinka: 1
Gävle,Coop Triangeln,Sunday,17.0,14~26,12,Baguette/Kyckling Curry: 1 | Baguette/Ost & Skinka: 1 | Baguette/Salami & Brieost: 1 | Baguette/Skagen: 1 | Fralla/Ost & Skinka: 3 | Fralla/Ost: 2 | Pastasallad/Kyckling & Salladsost: 1 | Pastasallad/Kyckling mangocurry: 1 | Wraps/Caesar Kyckling: 1 | Wraps/Kyckling Bacon: 1 | Wraps/Kyckling Curry: 2 | Wraps/Sweet Chili: 2
Gävle,Coop Älvkarleby,Sunday,16.0,15~30,15,Baguette/Ost & Skinka: 1 | Baguette/Salami & Brieost: 1 | Baguette/Skagen: 2 | Fralla/Ost & Skinka: 1 | Hönökaka/Ost: 1 | Pastasallad/Bacon & Kyckling: 1 | Pastasallad/Kyckling & Salladsost: 1 | Pastasallad/Kyckling mangocurry: 1 | Sandwich/Clubsandwich: 1 | Sandwich/Kyckling Curry: 1 | Sandwich/Räkor: 1 | Wraps/Caesar Kyckling: 1 | Wraps/Kyckling Bacon: 1 | Wraps/Kyckling Curry: 1 | Wraps/Sweet Chili: 1
Gävle,Coop Österbybruk,Sunday,14.0,13~25,12,Baguette/Salami & Brieost: 1 | Baguette/Skagen: 1 | Fralla/Ost & Skinka: 1 | Hönökaka/Ost & Skinka: 1 | Pastasallad/Kyckling & Salladsost: 2 | Pastasallad/Kyckling mangocurry: 2 | Pastasallad/Räkor: 1 | Sandwich/Bacon & Äggröra: 1 | Sandwich/Clubsandwich: 1 | Sandwich/Kyckling Pestoröra: 1 | Wraps/Caesar Kyckling: 1 | Wraps/Kyckling Curry: 1
Gävle,Drottningskiosken,Sunday,81.0,63~97,20,Baguette/Kyckling Curry: 9 | Baguette/Ost & Skinka: 3 | Baguette/Salami & Brieost: 3 | Baguette/Skagen: 7 | Fralla/Ost & Skinka: 16 | Fralla/Ost: 17 | Pastasallad/Kyckling & Salladsost: 1 | Pastasallad/Kyckling kebab: 1 | Pastasallad/Kyckling mangocurry: 2 | Pastasallad/Räkor: 1 | Sandwich/Bacon & Äggröra: 3 | Sandwich/Clubsandwich: 3 | Sandwich/Kyckling Curry: 2 | Sandwich/Kyckling Pestoröra: 1 | Sandwich/Räkor: 2 | Sandwich/Ägg & Avocadokräm: 1 | Wraps/Caesar Kyckling: 2 | Wraps/Kyckling Bacon: 2 | Wraps/Kyckling Curry: 3 | Wraps/Sweet Chili: 2
Gävle,ICA Ahlgrens Torg,Sunday,10.0,10~20,10,Pastasallad/Kyckling & Salladsost: 1 | Pastasallad/Kyckling mangocurry: 1 | Pastasallad/Räkor: 1 | Sandwich/Clubsandwich: 1 | Sandwich/Kyckling Pestoröra: 1 | Sandwich/Räkor: 1 | Wraps/Caesar Kyckling: 1 | Wraps/Kyckling Bacon: 1 | Wraps/Kyckling Curry: 1 | Wraps/Sweet Chili: 1
Gävle,ICA Alunda,Sunday,9.0,8~12,3,Blandstubbe/Blandstubbe: 3 | Räkstubbe/Räkstubbe: 4 | Stubbe/Ost & Skinkstubbe: 2
Gävle,ICA Spegeln,Sunday,100.0,80~128,29,Baguette/Kyckling Curry: 1 | Baguette/Ost & Skinka: 2 | Baguette/Salami & Brieost: 3 | Baguette/Skagen: 3 | Fralla/Ost & Skinka: 13 | Fralla/Ost: 10 | Grönsallad/Kyckling: 1 | Hönökaka/Ost & Salami: 8 | Hönökaka/Ost & Skinka: 10 | Hönökaka/Ost: 8 | Pastasallad/Bacon & Kyckling: 1 | Pastasallad/Kyckling & Salladsost: 4 | Pastasallad/Kyckling kebab: 1 | Pastasallad/Kyckling mangocurry: 5 | Pastasallad/Ost & Skinka: 2 | Pastasallad/Räkor: 2 | Sandwich/Clubsandwich: 1 | Sandwich/Kyckling Pestoröra: 1 | Sandwich/Räkor: 1 | Varmrätt/Cevapcici med bulgur: 1 | Varmrätt/Kycklingspett med ris: 1 | Varmrätt/Teriyakikycklingfile med basmatiris: 1 | Wraps/Caesar Kyckling: 2 | Wraps/Kyckling Bacon: 1 | Wraps/Kyckling Curry: 1 | Wraps/Sweet Chili: 1 | XL Frallor/Grovfralla Kalkon & Färskost: 3 | XL Frallor/Ost & Skinka: 7 | XL Frallor/Ost: 5
Gävle,ICA Stortorget,Sunday,39.0,30~50,14,Grönsallad/Caesarsallad: 1 | Pastasallad/Bacon & Kyckling: 3 | Pastasallad/Kyckling & Salladsost: 4 | Pastasallad/Kyckling mangocurry: 5 | Pastasallad/Ost & Skinka: 2 | Pastasallad/Räkor: 2 | Sandwich/Bacon & Äggröra: 3 | Sandwich/Clubsandwich: 2 | Sandwich/Kyckling Curry: 2 | Sandwich/Räkor: 3 | Wraps/Caesar Kyckling: 4 | Wraps/Kyckling Bacon: 3 | Wraps/Kyckling Curry: 3 | Wraps/Sweet Chili: 2
Gävle,ICA Söder,Sunday,27.0,23~43,19,Baguette/Kyckling Sweet Chili: 1 | Baguette/Ost & Skinka: 1 | Baguette/Salami & Brieost: 1 | Baguette/Skagen: 1 | Fralla/Ost & Skinka: 1 | Fralla/Ost: 1 | Grönsallad/Caesarsallad: 1 | Hönökaka/Ost & Skinka: 1 | Hönökaka/Ost: 1 | Pastasallad/Kyckling & Salladsost: 3 | Pastasallad/Kyckling mangocurry: 3 | Pastasallad/Räkor: 2 | Sandwich/Kyckling Curry: 1 | Sandwich/Räkor: 1 | Wraps/Caesar Kyckling: 2 | Wraps/Kyckling Bacon: 2 | Wraps/Kyckling Curry: 2 | Wraps/Sweet Chili: 1 | XL Frallor/Ost: 1
Gävle,ICA Örbyhus,Sunday,60.0,48~77,26,Baguette/Kyckling Curry: 2 | Baguette/Kyckling Sweet Chili: 3 | Baguette/Salami & Brieost: 3 | Baguette/Skagen: 3 | Fralla/Ost & Skinka: 3 | Fralla/Ost: 3 | Grönsallad/Caesarsallad: 1 | Hönökaka/Ost & Skinka: 3 | Hönökaka/Ost: 2 | Pastasallad/Bacon & Kyckling: 1 | Pastasallad/Kyckling & Salladsost: 3 | Pastasallad/Kyckling mangocurry: 5 | Pastasallad/Ost & Skinka: 1 | Pastasallad/Räkor: 1 | Räkmacka Liten/Räkmacka liten: 1 | Sandwich/Bacon & Äggröra: 2 | Sandwich/Clubsandwich: 3 | Sandwich/Kyckling Curry: 3 | Sandwich/Räkor: 3 | Sandwich/Ägg & Avocadokräm: 1 | Wraps/Caesar Kyckling: 2 | Wraps/Kyckling Bacon: 2 | Wraps/Kyckling Curry: 1 | Wraps/Sweet Chili: 2 | XL Frallor/Ost & Skinka: 3 | XL Frallor/Ost: 3
Gävle,Myway Torget,Sunday,6.0,6~12,6,Baguette/Skagen: 1 | Pastasallad/Kyckling & Salladsost: 1 | Pastasallad/Kyckling mangocurry: 1 | Sandwich/Kyckling Curry: 1 | Wraps/Kyckling Bacon: 1 | Wraps/Kyckling Curry: 1
Gävle,Tempo Brynäs,Sunday,37.0,26~48,21,Baguette/Ost & Skinka: 1 | Baguette/Salami & Brieost: 2 | Baguette/Skagen: 3 | Fralla/Ost & Skinka: 2 | Fralla/Ost: 1 | Hönökaka/Ost & Salami: 1 | Hönökaka/Ost & Skinka: 1 | Hönökaka/Ost: 1 | Pastasallad/Bacon & Kyckling: 1 | Pastasallad/Kyckling & Salladsost: 3 | Pastasallad/Kyckling mangocurry: 4 | Pastasallad/Ost & Skinka: 1 | Pastasallad/Räkor: 1 | Sandwich/Bacon & Äggröra: 1 | Sandwich/Clubsandwich: 2 | Sandwich/Räkor: 2 | Varmrätt/Teriyakikycklingfile med basmatiris: 1 | Wraps/Caesar Kyckling: 2 | Wraps/Kyckling Bacon: 3 | Wraps/Kyckling Curry: 2 | XL Frallor/Ost & Skinka: 2
Gävle,Coop Karlholm,Monday,1.0,0~1,1,Baguette/Skagen: 1
Gävle,Coop Skutskär,Monday,4.0,0~4,4,Baguette/Skagen: 1 | Fralla/Ost & Skinka: 1 | Wraps/Kyckling Bacon: 1 | Wraps/Kyckling Curry: 1
Gävle,Coop Tierp,Monday,2.0,0~2,2,Baguette/Skagen: 1 | Fralla/Ost & Skinka: 1
Gävle,Coop Triangeln,Monday,4.0,1~4,4,Fralla/Ost & Skinka: 1 | Fralla/Ost: 1 | Wraps/Kyckling Curry: 1 | Wraps/Sweet Chili: 1
Gävle,Coop Älvkarleby,Monday,1.0,0~1,1,Baguette/Skagen: 1
Gävle,Coop Österbybruk,Monday,2.0,0~2,2,Pastasallad/Kyckling & Salladsost: 1 | Pastasallad/Kyckling mangocurry: 1
Gävle,Drottningskiosken,Monday,27.0,18~31,15,Baguette/Kyckling Curry: 3 | Baguette/Ost & Skinka: 1 | Baguette/Salami & Brieost: 1 | Baguette/Skagen: 2 | Fralla/Ost & Skinka: 5 | Fralla/Ost: 6 | Pastasallad/Kyckling mangocurry: 1 | Sandwich/Bacon & Äggröra: 1 | Sandwich/Clubsandwich: 1 | Sandwich/Kyckling Curry: 1 | Sandwich/Räkor: 1 | Wraps/Caesar Kyckling: 1 | Wraps/Kyckling Bacon: 1 | Wraps/Kyckling Curry: 1 | Wraps/Sweet Chili: 1
Gävle,ICA Alunda,Monday,3.0,2~4,3,Blandstubbe/Blandstubbe: 1 | Räkstubbe/Räkstubbe: 1 | Stubbe/Ost & Skinkstubbe: 1
Gävle,ICA Spegeln,Monday,30.0,23~35,16,Baguette/Ost & Skinka: 1 | Baguette/Salami & Brieost: 1 | Baguette/Skagen: 1 | Fralla/Ost & Skinka: 4 | Fralla/Ost: 3 | Hönökaka/Ost & Salami: 3 | Hönökaka/Ost & Skinka: 3 | Hönökaka/Ost: 3 | Pastasallad/Kyckling & Salladsost: 1 | Pastasallad/Kyckling mangocurry: 2 | Pastasallad/Ost & Skinka: 1 | Pastasallad/Räkor: 1 | Wraps/Caesar Kyckling: 1 | XL Frallor/Grovfralla Kalkon & Färskost: 1 | XL Frallor/Ost & Skinka: 2 | XL Frallor/Ost: 2
Gävle,ICA Stortorget,Monday,14.0,8~16,13,Pastasallad/Bacon & Kyckling: 1 | Pastasallad/Kyckling & Salladsost: 1 | Pastasallad/Kyckling mangocurry: 2 | Pastasallad/Ost & Skinka: 1 | Pastasallad/Räkor: 1 | Sandwich/Bacon & Äggröra: 1 | Sandwich/Clubsandwich: 1 | Sandwich/Kyckling Curry: 1 | Sandwich/Räkor: 1 | Wraps/Caesar Kyckling: 1 | Wraps/Kyckling Bacon: 1 | Wraps/Kyckling Curry: 1 | Wraps/Sweet Chili: 1
Gävle,ICA Söder,Monday,6.0,2~6,6,Pastasallad/Kyckling & Salladsost: 1 | Pastasallad/Kyckling mangocurry: 1 | Pastasallad/Räkor: 1 | Wraps/Caesar Kyckling: 1 | Wraps/Kyckling Bacon: 1 | Wraps/Kyckling Curry: 1
Gävle,ICA Örbyhus,Monday,20.0,13~20,19,Baguette/Kyckling Curry: 1 | Baguette/Kyckling Sweet Chili: 1 | Baguette/Salami & Brieost: 1 | Baguette/Skagen: 1 | Fralla/Ost & Skinka: 1 | Fralla/Ost: 1 | Hönökaka/Ost & Skinka: 1 | Hönökaka/Ost: 1 | Pastasallad/Kyckling & Salladsost: 1 | Pastasallad/Kyckling mangocurry: 2 | Sandwich/Bacon & Äggröra: 1 | Sandwich/Clubsandwich: 1 | Sandwich/Kyckling Curry: 1 | Sandwich/Räkor: 1 | Wraps/Caesar Kyckling: 1 | Wraps/Kyckling Bacon: 1 | Wraps/Sweet Chili: 1 | XL Frallor/Ost & Skinka: 1 | XL Frallor/Ost: 1
Gävle,Tempo Brynäs,Monday,11.0,4~12,11,Baguette/Salami & Brieost: 1 | Baguette/Skagen: 1 | Fralla/Ost & Skinka: 1 | Pastasallad/Kyckling & Salladsost: 1 | Pastasallad/Kyckling mangocurry: 1 | Sandwich/Clubsandwich: 1 | Sandwich/Räkor: 1 | Wraps/Caesar Kyckling: 1 | Wraps/Kyckling Bacon: 1 | Wraps/Kyckling Curry: 1 | XL Frallor/Ost & Skinka: 1
Gävle,Coop Karlholm,Tuesday,13.0,7~14,13,Baguette/Kyckling Curry: 1 | Baguette/Ost & Skinka: 1 | Baguette/Skagen: 1 | Fralla/Ost & Skinka: 1 | Pastasallad/Bacon & Kyckling: 1 | Pastasallad/Kyckling & Salladsost: 1 | Pastasallad/Kyckling mangocurry: 1 | Sandwich/Bacon & Äggröra: 1 | Sandwich/Clubsandwich: 1 | Sandwich/Räkor: 1 | Wraps/Caesar Kyckling: 1 | Wraps/Kyckling Bacon: 1 | Wraps/Kyckling Curry: 1
Gävle,Coop Skutskär,Tuesday,19.0,10~22,18,Baguette/Kyckling Sweet Chili: 1 | Baguette/Ost & Skinka: 1 | Baguette/Skagen: 1 | Fralla/Ost & Skinka: 2 | Fralla/Ost: 1 | Hönökaka/Ost & Skinka: 1 | Hönökaka/Ost: 1 | Pastasallad/Kyckling & Salladsost: 1 | Pastasallad/Kyckling mangocurry: 1 | Räkmacka Liten/Räkmacka liten: 1 | Sandwich/Clubsandwich: 1 | Sandwich/Räkor: 1 | Varmrätt/Teriyakibiff med ris: 1 | Wraps/Caesar Kyckling: 1 | Wraps/Kyckling Bacon: 1 | Wraps/Kyckling Curry: 1 | Wraps/Sweet Chili: 1 | XL Frallor/Ost & Skinka: 1
Gävle,Coop Tierp,Tuesday,17.0,9~19,17,Baguette/Ost & Skinka: 1 | Baguette/Salami & Brieost: 1 | Baguette/Skagen: 1 | Fralla/Ost & Skinka: 1 | Fralla/Ost: 1 | Hönökaka/Ost & Skinka: 1 | Hönökaka/Ost: 1 | Pastasallad/Kyckling & Salladsost: 1 | Pastasallad/Kyckling mangocurry: 1 | Räkmacka Liten/Räkmacka liten: 1 | Sandwich/Bacon & Äggröra: 1 | Sandwich/Clubsandwich: 1 | Sandwich/Räkor: 1 | Wraps/Caesar Kyckling: 1 | Wraps/Kyckling Bacon: 1 | XL Frallor/Grovfralla Kalkon & Färskost: 1 | XL Frallor/Ost & Skinka: 1
Gävle,Coop Triangeln,Tuesday,14.0,10~16,12,Baguette/Kyckling Curry: 1 | Baguette/Ost & Skinka: 1 | Baguette/Salami & Brieost: 1 | Baguette/Skagen: 1 | Fralla/Ost & Skinka: 2 | Fralla/Ost: 2 | Pastasallad/Kyckling & Salladsost: 1 | Pastasallad/Kyckling mangocurry: 1 | Wraps/Caesar Kyckling: 1 | Wraps/Kyckling Bacon: 1 | Wraps/Kyckling Curry: 1 | Wraps/Sweet Chili: 1
Gävle,Coop Älvkarleby,Tuesday,15.0,9~16,15,Baguette/Ost & Skinka: 1 | Baguette/Salami & Brieost: 1 | Baguette/Skagen: 1 | Fralla/Ost & Skinka: 1 | Hönökaka/Ost: 1 | Pastasallad/Bacon & Kyckling: 1 | Pastasallad/Kyckling & Salladsost: 1 | Pastasallad/Kyckling mangocurry: 1 | Sandwich/Clubsandwich: 1 | Sandwich/Kyckling Curry: 1 | Sandwich/Räkor: 1 | Wraps/Caesar Kyckling: 1 | Wraps/Kyckling Bacon: 1 | Wraps/Kyckling Curry: 1 | Wraps/Sweet Chili: 1
Gävle,Coop Österbybruk,Tuesday,13.0,6~14,12,Baguette/Salami & Brieost: 1 | Baguette/Skagen: 1 | Fralla/Ost & Skinka: 1 | Hönökaka/Ost & Skinka: 1 | Pastasallad/Kyckling & Salladsost: 1 | Pastasallad/Kyckling mangocurry: 2 | Pastasallad/Räkor: 1 | Sandwich/Bacon & Äggröra: 1 | Sandwich/Clubsandwich: 1 | Sandwich/Kyckling Pestoröra: 1 | Wraps/Caesar Kyckling: 1 | Wraps/Kyckling Curry: 1
Gävle,Drottningskiosken,Tuesday,58.0,48~72,20,Baguette/Kyckling Curry: 6 | Baguette/Ost & Skinka: 2 | Baguette/Salami & Brieost: 2 | Baguette/Skagen: 5 | Fralla/Ost & Skinka: 12 | Fralla/Ost: 13 | Pastasallad/Kyckling & Salladsost: 1 | Pastasallad/Kyckling kebab: 1 | Pastasallad/Kyckling mangocurry: 1 | Pastasallad/Räkor: 1 | Sandwich/Bacon & Äggröra: 2 | Sandwich/Clubsandwich: 2 | Sandwich/Kyckling Curry: 2 | Sandwich/Kyckling Pestoröra: 1 | Sandwich/Räkor: 1 | Sandwich/Ägg & Avocadokräm: 1 | Wraps/Caesar Kyckling: 1 | Wraps/Kyckling Bacon: 1 | Wraps/Kyckling Curry: 2 | Wraps/Sweet Chili: 1
Gävle,ICA Ahlgrens Torg,Tuesday,10.0,3~10,10,Pastasallad/Kyckling & Salladsost: 1 | Pastasallad/Kyckling mangocurry: 1 | Pastasallad/Räkor: 1 | Sandwich/Clubsandwich: 1 | Sandwich/Kyckling Pestoröra: 1 | Sandwich/Räkor: 1 | Wraps/Caesar Kyckling: 1 | Wraps/Kyckling Bacon: 1 | Wraps/Kyckling Curry: 1 | Wraps/Sweet Chili: 1
Gävle,ICA Alunda,Tuesday,7.0,5~9,3,Blandstubbe/Blandstubbe: 2 | Räkstubbe/Räkstubbe: 3 | Stubbe/Ost & Skinkstubbe: 2
Gävle,ICA Spegeln,Tuesday,74.0,58~91,29,Baguette/Kyckling Curry: 1 | Baguette/Ost & Skinka: 1 | Baguette/Salami & Brieost: 2 | Baguette/Skagen: 2 | Fralla/Ost & Skinka: 10 | Fralla/Ost: 7 | Grönsallad/Kyckling: 1 | Hönökaka/Ost & Salami: 6 | Hönökaka/Ost & Skinka: 7 | Hönökaka/Ost: 6 | Pastasallad/Bacon & Kyckling: 1 | Pastasallad/Kyckling & Salladsost: 3 | Pastasallad/Kyckling kebab: 1 | Pastasallad/Kyckling mangocurry: 3 | Pastasallad/Ost & Skinka: 1 | Pastasallad/Räkor: 1 | Sandwich/Clubsandwich: 1 | Sandwich/Kyckling Pestoröra: 1 | Sandwich/Räkor: 1 | Varmrätt/Cevapcici med bulgur: 1 | Varmrätt/Kycklingspett med ris: 1 | Varmrätt/Teriyakikycklingfile med basmatiris: 1 | Wraps/Caesar Kyckling: 1 | Wraps/Kyckling Bacon: 1 | Wraps/Kyckling Curry: 1 | Wraps/Sweet Chili: 1 | XL Frallor/Grovfralla Kalkon & Färskost: 2 | XL Frallor/Ost & Skinka: 5 | XL Frallor/Ost: 4
Gävle,ICA Stortorget,Tuesday,30.0,23~37,14,Grönsallad/Caesarsallad: 1 | Pastasallad/Bacon & Kyckling: 2 | Pastasallad/Kyckling & Salladsost: 3 | Pastasallad/Kyckling mangocurry: 4 | Pastasallad/Ost & Skinka: 2 | Pastasallad/Räkor: 2 | Sandwich/Bacon & Äggröra: 2 | Sandwich/Clubsandwich: 2 | Sandwich/Kyckling Curry: 2 | Sandwich/Räkor: 2 | Wraps/Caesar Kyckling: 3 | Wraps/Kyckling Bacon: 2 | Wraps/Kyckling Curry: 2 | Wraps/Sweet Chili: 1
Gävle,ICA Söder,Tuesday,23.0,17~26,19,Baguette/Kyckling Sweet Chili: 1 | Baguette/Ost & Skinka: 1 | Baguette/Salami & Brieost: 1 | Baguette/Skagen: 1 | Fralla/Ost & Skinka: 1 | Fralla/Ost: 1 | Grönsallad/Caesarsallad: 1 | Hönökaka/Ost & Skinka: 1 | Hönökaka/Ost: 1 | Pastasallad/Kyckling & Salladsost: 2 | Pastasallad/Kyckling mangocurry: 2 | Pastasallad/Räkor: 2 | Sandwich/Kyckling Curry: 1 | Sandwich/Räkor: 1 | Wraps/Caesar Kyckling: 1 | Wraps/Kyckling Bacon: 2 | Wraps/Kyckling Curry: 1 | Wraps/Sweet Chili: 1 | XL Frallor/Ost: 1
Gävle,ICA Örbyhus,Tuesday,44.0,38~52,26,Baguette/Kyckling Curry: 1 | Baguette/Kyckling Sweet Chili: 2 | Baguette/Salami & Brieost: 2 | Baguette/Skagen: 2 | Fralla/Ost & Skinka: 2 | Fralla/Ost: 2 | Grönsallad/Caesarsallad: 1 | Hönökaka/Ost & Skinka: 2 | Hönökaka/Ost: 2 | Pastasallad/Bacon & Kyckling: 1 | Pastasallad/Kyckling & Salladsost: 2 | Pastasallad/Kyckling mangocurry: 3 | Pastasallad/Ost & Skinka: 1 | Pastasallad/Räkor: 1 | Räkmacka Liten/Räkmacka liten: 1 | Sandwich/Bacon & Äggröra: 1 | Sandwich/Clubsandwich: 2 | Sandwich/Kyckling Curry: 2 | Sandwich/Räkor: 2 | Sandwich/Ägg & Avocadokräm: 1 | Wraps/Caesar Kyckling: 2 | Wraps/Kyckling Bacon: 2 | Wraps/Kyckling Curry: 1 | Wraps/Sweet Chili: 2 | XL Frallor/Ost & Skinka: 2 | XL Frallor/Ost: 2
Gävle,Myway Torget,Tuesday,6.0,1~6,6,Baguette/Skagen: 1 | Pastasallad/Kyckling & Salladsost: 1 | Pastasallad/Kyckling mangocurry: 1 | Sandwich/Kyckling Curry: 1 | Wraps/Kyckling Bacon: 1 | Wraps/Kyckling Curry: 1
Gävle,Tempo Brynäs,Tuesday,26.0,20~34,21,Baguette/Ost & Skinka: 1 | Baguette/Salami & Brieost: 1 | Baguette/Skagen: 2 | Fralla/Ost & Skinka: 1 | Fralla/Ost: 1 | Hönökaka/Ost & Salami: 1 | Hönökaka/Ost & Skinka: 1 | Hönökaka/Ost: 1 | Pastasallad/Bacon & Kyckling: 1 | Pastasallad/Kyckling & Salladsost: 2 | Pastasallad/Kyckling mangocurry: 3 | Pastasallad/Ost & Skinka: 1 | Pastasallad/Räkor: 1 | Sandwich/Bacon & Äggröra: 1 | Sandwich/Clubsandwich: 1 | Sandwich/Räkor: 1 | Varmrätt/Teriyakikycklingfile med basmatiris: 1 | Wraps/Caesar Kyckling: 1 | Wraps/Kyckling Bacon: 2 | Wraps/Kyckling Curry: 1 | XL Frallor/Ost & Skinka: 1
Gävle,Coop Skutskär,Wednesday,1.0,0~1,1,Fralla/Ost & Skinka: 1
Gävle,Coop Triangeln,Wednesday,2.0,1~2,2,Fralla/Ost & Skinka: 1 | Fralla/Ost: 1
Gävle,Coop Österbybruk,Wednesday,1.0,0~1,1,Pastasallad/Kyckling mangocurry: 1
Gävle,Drottningskiosken,Wednesday,19.0,17~21,10,Baguette/Kyckling Curry: 2 | Baguette/Ost & Skinka: 1 | Baguette/Salami & Brieost: 1 | Baguette/Skagen: 2 | Fralla/Ost & Skinka: 4 | Fralla/Ost: 5 | Sandwich/Bacon & Äggröra: 1 | Sandwich/Clubsandwich: 1 | Sandwich/Kyckling Curry: 1 | Wraps/Kyckling Curry: 1
Gävle,ICA Alunda,Wednesday,3.0,2~3,3,Blandstubbe/Blandstubbe: 1 | Räkstubbe/Räkstubbe: 1 | Stubbe/Ost & Skinkstubbe: 1
Gävle,ICA Spegeln,Wednesday,21.0,19~24,12,Baguette/Salami & Brieost: 1 | Baguette/Skagen: 1 | Fralla/Ost & Skinka: 3 | Fralla/Ost: 3 | Hönökaka/Ost & Salami: 2 | Hönökaka/Ost & Skinka: 3 | Hönökaka/Ost: 2 | Pastasallad/Kyckling & Salladsost: 1 | Pastasallad/Kyckling mangocurry: 1 | XL Frallor/Grovfralla Kalkon & Färskost: 1 | XL Frallor/Ost & Skinka: 2 | XL Frallor/Ost: 1
Gävle,ICA Stortorget,Wednesday,12.0,8~13,12,Pastasallad/Bacon & Kyckling: 1 | Pastasallad/Kyckling & Salladsost: 1 | Pastasallad/Kyckling mangocurry: 1 | Pastasallad/Ost & Skinka: 1 | Pastasallad/Räkor: 1 | Sandwich/Bacon & Äggröra: 1 | Sandwich/Clubsandwich: 1 | Sandwich/Kyckling Curry: 1 | Sandwich/Räkor: 1 | Wraps/Caesar Kyckling: 1 | Wraps/Kyckling Bacon: 1 | Wraps/Kyckling Curry: 1
Gävle,ICA Söder,Wednesday,4.0,2~4,4,Pastasallad/Kyckling & Salladsost: 1 | Pastasallad/Kyckling mangocurry: 1 | Pastasallad/Räkor: 1 | Wraps/Kyckling Bacon: 1
Gävle,ICA Örbyhus,Wednesday,17.0,13~18,17,Baguette/Kyckling Sweet Chili: 1 | Baguette/Salami & Brieost: 1 | Baguette/Skagen: 1 | Fralla/Ost & Skinka: 1 | Fralla/Ost: 1 | Hönökaka/Ost & Skinka: 1 | Hönökaka/Ost: 1 | Pastasallad/Kyckling & Salladsost: 1 | Pastasallad/Kyckling mangocurry: 1 | Sandwich/Clubsandwich: 1 | Sandwich/Kyckling Curry: 1 | Sandwich/Räkor: 1 | Wraps/Caesar Kyckling: 1 | Wraps/Kyckling Bacon: 1 | Wraps/Sweet Chili: 1 | XL Frallor/Ost & Skinka: 1 | XL Frallor/Ost: 1
Gävle,Tempo Brynäs,Wednesday,4.0,4~4,4,Baguette/Skagen: 1 | Pastasallad/Kyckling & Salladsost: 1 | Pastasallad/Kyckling mangocurry: 1 | Wraps/Kyckling Bacon: 1
Gävle,Coop Karlholm,Thursday,22.399999999999995,16~28,15,Baguette/Kyckling Curry: 0 | Baguette/Ost & Skinka: 2 | Baguette/Skagen: 1 | Fralla/Ost & Skinka: 2 | Pastasallad/Bacon & Kyckling: 0 | Pastasallad/Kyckling & Salladsost: 2 | Pastasallad/Kyckling mangocurry: 2 | Sandwich/Bacon & Äggröra: 0 | Sandwich/Clubsandwich: 2 | Sandwich/Kyckling Pestoröra: 1 | Sandwich/Räkor: 0 | Wraps/Caesar Kyckling: 0 | Wraps/Kyckling Bacon: 2 | Wraps/Kyckling Curry: 0 | Wraps/Sweet Chili: 1
Gävle,Coop Krysset,Thursday,14.0,10~10,10,Baguette/Skagen: 1 | Fralla/Ost & Skinka: 1 | Hönökaka/Ost: 1 | Pastasallad/Kyckling & Salladsost: 1 | Pastasallad/Kyckling mangocurry: 1 | Räkmacka Liten/Räkmacka liten: 1 | Wraps/Caesar Kyckling: 1 | Wraps/Kyckling Curry: 1 | Wraps/Sweet Chili: 1 | Wraps/Wrap Curry Oumph!: 1
Gävle,Coop Skutskär,Thursday,35.199999999999996,29~44,25,Baguette/Kyckling Curry: 1 | Baguette/Kyckling Sweet Chili: 0 | Baguette/Ost & Skinka: 0 | Baguette/Skagen: 1 | Fralla/Ost & Skinka: 1 | Fralla/Ost: 0 | Hönökaka/Ost & Skinka: 2 | Hönökaka/Ost: 0 | Pastasallad/Kyckling & Salladsost: 0 | Pastasallad/Kyckling mangocurry: 0 | Pastasallad/Räkor: 1 | Räkmacka Liten/Räkmacka liten: 2 | Sandwich/Bacon & Äggröra: 1 | Sandwich/Clubsandwich: 2 | Sandwich/Räkor: 2 | Varmrätt/Kycklingspett med ris: 1 | Varmrätt/Tacobolognese med fullkornspasta: 1 | Varmrätt/Teriyakibiff med ris: 0 | Varmrätt/Teriyakikycklingfile med basmatiris: 1 | Wraps/Caesar Kyckling: 2 | Wraps/Kyckling Bacon: 1 | Wraps/Kyckling Curry: 1 | Wraps/Sweet Chili: 2 | XL Frallor/Grovfralla Kalkon & Färskost: 1 | XL Frallor/Ost & Skinka: 0
Gävle,Coop Tierp,Thursday,30.599999999999994,23~38,21,Baguette/Kyckling Curry: 1 | Baguette/Ost & Skinka: 0 | Baguette/Salami & Brieost: 2 | Baguette/Skagen: 1 | Blandstubbe/Blandstubbe: 1 | Fralla/Ost & Skinka: 1 | Fralla/Ost: 2 | Hönökaka/Ost & Skinka: 2 | Hönökaka/Ost: 2 | Pastasallad/Kyckling & Salladsost: 2 | Pastasallad/Kyckling mangocurry: 0 | Räkmacka Liten/Räkmacka liten: 0 | Räkstubbe/Räkstubbe: 1 | Sandwich/Bacon & Äggröra: 0 | Sandwich/Clubsandwich: 2 | Sandwich/Räkor: 0 | Wraps/Caesar Kyckling: 0 | Wraps/Kyckling Bacon: 0 | Wraps/Wrap Curry Oumph!: 1 | XL Frallor/Grovfralla Kalkon & Färskost: 0 | XL Frallor/Ost & Skinka: 2
Gävle,Coop Triangeln,Thursday,23.199999999999992,18~30,15,Baguette/Kyckling Curry: 0 | Baguette/Kyckling Sweet Chili: 1 | Baguette/Ost & Skinka: 0 | Baguette/Salami & Brieost: 2 | Baguette/Skagen: 2 | Fralla/Ost & Skinka: 1 | Fralla/Ost: 1 | Pastasallad/Kyckling & Salladsost: 2 | Pastasallad/Kyckling mangocurry: 2 | Sandwich/Clubsandwich: 1 | Wraps/Caesar Kyckling: 0 | Wraps/Kyckling Bacon: 2 | Wraps/Kyckling Curry: 1 | Wraps/Sweet Chili: 1 | XL Frallor/Ost & Skinka: 1
Gävle,Coop Älvkarleby,Thursday,23.999999999999993,16~30,15,Baguette/Ost & Skinka: 0 | Baguette/Salami & Brieost: 0 | Baguette/Skagen: 1 | Fralla/Ost & Skinka: 2 | Hönökaka/Ost: 0 | Pastasallad/Bacon & Kyckling: 2 | Pastasallad/Kyckling & Salladsost: 2 | Pastasallad/Kyckling mangocurry: 2 | Sandwich/Clubsandwich: 2 | Sandwich/Kyckling Curry: 0 | Sandwich/Räkor: 0 | Wraps/Caesar Kyckling: 2 | Wraps/Kyckling Bacon: 2 | Wraps/Kyckling Curry: 2 | Wraps/Sweet Chili: 0
Gävle,Coop Österbybruk,Thursday,21.799999999999997,18~29,16,Baguette/Salami & Brieost: 0 | Baguette/Skagen: 2 | Fralla/Ost & Skinka: 0 | Fralla/Ost: 1 | Hönökaka/Ost & Skinka: 2 | Hönökaka/Ost: 1 | Pastasallad/Bacon & Kyckling: 1 | Pastasallad/Kyckling & Salladsost: 1 | Pastasallad/Kyckling mangocurry: 1 | Pastasallad/Räkor: 0 | Sandwich/Bacon & Äggröra: 0 | Sandwich/Clubsandwich: 2 | Sandwich/Kyckling Pestoröra: 0 | Sandwich/Räkor: 1 | Wraps/Caesar Kyckling: 0 | Wraps/Kyckling Curry: 2
Gävle,Drottningskiosken,Thursday,75.39999999999998,65~102,21,Baguette/Kyckling Curry: 9 | Baguette/Ost & Skinka: 2 | Baguette/Salami & Brieost: 1 | Baguette/Skagen: 6 | Fralla/Ost & Skinka: 16 | Fralla/Ost: 16 | Pastasallad/Kyckling & Salladsost: 2 | Pastasallad/Kyckling kebab: 0 | Pastasallad/Kyckling mangocurry: 1 | Pastasallad/Ost & Skinka: 1 | Pastasallad/Räkor: 0 | Sandwich/Bacon & Äggröra: 1 | Sandwich/Clubsandwich: 2 | Sandwich/Kyckling Curry: 1 | Sandwich/Kyckling Pestoröra: 2 | Sandwich/Räkor: 1 | Sandwich/Ägg & Avocadokräm: 0 | Wraps/Caesar Kyckling: 1 | Wraps/Kyckling Bacon: 1 | Wraps/Kyckling Curry: 1 | Wraps/Sweet Chili: 1
Gävle,ICA Ahlgrens Torg,Thursday,14.999999999999996,12~22,12,Baguette/Salami & Brieost: 1 | Baguette/Skagen: 1 | Pastasallad/Kyckling & Salladsost: 2 | Pastasallad/Kyckling mangocurry: 2 | Pastasallad/Räkor: 0 | Sandwich/Clubsandwich: 0 | Sandwich/Kyckling Pestoröra: 0 | Sandwich/Räkor: 0 | Wraps/Caesar Kyckling: 2 | Wraps/Kyckling Bacon: 0 | Wraps/Kyckling Curry: 0 | Wraps/Sweet Chili: 0
Gävle,ICA Alunda,Thursday,8.799999999999999,7~12,3,Blandstubbe/Blandstubbe: 4 | Räkstubbe/Räkstubbe: 3 | Stubbe/Ost & Skinkstubbe: 1
Gävle,ICA Spegeln,Thursday,103.99999999999997,85~131,32,Baguette/Kyckling Curry: 2 | Baguette/Kyckling Sweet Chili: 1 | Baguette/Ost & Skinka: 1 | Baguette/Salami & Brieost: 2 | Baguette/Skagen: 1 | Fralla/Ost & Skinka: 13 | Fralla/Ost: 9 | Grönsallad/Kyckling: 0 | Hönökaka/Ost & Salami: 6 | Hönökaka/Ost & Skinka: 9 | Hönökaka/Ost: 6 | Pastasallad/Bacon & Kyckling: 0 | Pastasallad/Falafel: 1 | Pastasallad/Kyckling & Salladsost: 5 | Pastasallad/Kyckling kebab: 0 | Pastasallad/Kyckling mangocurry: 4 | Pastasallad/Ost & Skinka: 1 | Pastasallad/Räkor: 1 | Sandwich/Clubsandwich: 0 | Sandwich/Kyckling Pestoröra: 2 | Sandwich/Räkor: 2 | Varmrätt/Cevapcici med bulgur: 0 | Varmrätt/Kycklingspett med ris: 0 | Varmrätt/Teriyakibiff med ris: 1 | Varmrätt/Teriyakikycklingfile med basmatiris: 0 | Wraps/Caesar Kyckling: 1 | Wraps/Kyckling Bacon: 2 | Wraps/Kyckling Curry: 2 | Wraps/Sweet Chili: 2 | XL Frallor/Grovfralla Kalkon & Färskost: 4 | XL Frallor/Ost & Skinka: 6 | XL Frallor/Ost: 6
Gävle,ICA Stortorget,Thursday,33.79999999999999,32~53,15,Grönsallad/Caesarsallad: 2 | Grönsallad/Kyckling: 1 | Pastasallad/Bacon & Kyckling: 1 | Pastasallad/Kyckling & Salladsost: 5 | Pastasallad/Kyckling mangocurry: 4 | Pastasallad/Ost & Skinka: 1 | Pastasallad/Räkor: 1 | Sandwich/Bacon & Äggröra: 1 | Sandwich/Clubsandwich: 1 | Sandwich/Kyckling Curry: 1 | Sandwich/Räkor: 2 | Wraps/Caesar Kyckling: 3 | Wraps/Kyckling Bacon: 2 | Wraps/Kyckling Curry: 2 | Wraps/Sweet Chili: 1
Gävle,ICA Söder,Thursday,36.59999999999999,27~47,22,Baguette/Kyckling Sweet Chili: 2 | Baguette/Ost & Skinka: 2 | Baguette/Salami & Brieost: 2 | Baguette/Skagen: 2 | Fralla/Ost & Skinka: 2 | Fralla/Ost: 2 | Grönsallad/Caesarsallad: 0 | Hönökaka/Ost & Skinka: 0 | Hönökaka/Ost: 2 | Pastasallad/Kyckling & Salladsost: 1 | Pastasallad/Kyckling mangocurry: 2 | Pastasallad/Räkor: 1 | Sandwich/Clubsandwich: 1 | Sandwich/Kyckling Curry: 2 | Sandwich/Räkor: 0 | Varmrätt/Teriyakibiff med ris: 1 | Varmrätt/Teriyakikycklingfile med basmatiris: 1 | Wraps/Caesar Kyckling: 1 | Wraps/Kyckling Bacon: 1 | Wraps/Kyckling Curry: 1 | Wraps/Sweet Chili: 2 | XL Frallor/Ost: 0
Gävle,ICA Örbyhus,Thursday,52.19999999999998,40~86,26,Baguette/Kyckling Curry: 1 | Baguette/Kyckling Sweet Chili: 1 | Baguette/Salami & Brieost: 1 | Baguette/Skagen: 4 | Fralla/Ost & Skinka: 4 | Fralla/Ost: 2 | Grönsallad/Caesarsallad: 0 | Hönökaka/Ost & Skinka: 1 | Hönökaka/Ost: 1 | Pastasallad/Bacon & Kyckling: 2 | Pastasallad/Kyckling & Salladsost: 4 | Pastasallad/Kyckling mangocurry: 4 | Pastasallad/Ost & Skinka: 2 | Pastasallad/Räkor: 2 | Räkmacka Liten/Räkmacka liten: 0 | Sandwich/Bacon & Äggröra: 1 | Sandwich/Clubsandwich: 2 | Sandwich/Kyckling Curry: 1 | Sandwich/Räkor: 1 | Sandwich/Ägg & Avocadokräm: 2 | Wraps/Caesar Kyckling: 1 | Wraps/Kyckling Bacon: 1 | Wraps/Kyckling Curry: 2 | Wraps/Sweet Chili: 1 | XL Frallor/Ost & Skinka: 1 | XL Frallor/Ost: 1
Gävle,Myway Torget,Thursday,6.199999999999998,6~12,6,Baguette/Skagen: 0 | Pastasallad/Kyckling & Salladsost: 2 | Pastasallad/Kyckling mangocurry: 0 | Sandwich/Kyckling Curry: 0 | Wraps/Kyckling Bacon: 0 | Wraps/Kyckling Curry: 0
Gävle,Tempo Brynäs,Thursday,36.79999999999999,32~52,23,Baguette/Kyckling Curry: 1 | Baguette/Ost & Skinka: 2 | Baguette/Salami & Brieost: 1 | Baguette/Skagen: 1 | Fralla/Ost & Skinka: 1 | Fralla/Ost: 2 | Hönökaka/Ost & Salami: 0 | Hönökaka/Ost & Skinka: 0 | Hönökaka/Ost: 2 | Pastasallad/Bacon & Kyckling: 2 | Pastasallad/Kyckling & Salladsost: 1 | Pastasallad/Kyckling mangocurry: 3 | Pastasallad/Ost & Skinka: 0 | Pastasallad/Räkor: 2 | Sandwich/Bacon & Äggröra: 0 | Sandwich/Clubsandwich: 1 | Sandwich/Räkor: 1 | Varmrätt/Kycklingspett med ris: 1 | Varmrätt/Teriyakikycklingfile med basmatiris: 0 | Wraps/Caesar Kyckling: 1 | Wraps/Kyckling Bacon: 1 | Wraps/Kyckling Curry: 1 | XL Frallor/Ost & Skinka: 1
Stockholm Mellan,Coop Bredden,Sunday,34.0,31~55,22,Baguette/Kyckling Sweet Chili: 1 | Baguette/Ost & Skinka: 1 | Baguette/Salami & Brieost: 1 | Baguette/Skagen: 1 | Fralla/Ost & Skinka: 5 | Fralla/Ost: 3 | Hönökaka/Ost & Skinka: 3 | Hönökaka/Ost: 2 | Pastasallad/Bacon & Kyckling: 1 | Pastasallad/Kyckling & Salladsost: 2 | Pastasallad/Kyckling mangocurry: 3 | Pastasallad/Ost & Skinka: 1 | Pastasallad/Räkor: 1 | Sandwich/Clubsandwich: 1 | Sandwich/Kyckling Curry: 1 | Sandwich/Räkor: 1 | Sandwich/Ägg & Avocadokräm: 1 | Wraps/Caesar Kyckling: 1 | Wraps/Kyckling Bacon: 1 | Wraps/Kyckling Curry: 1 | Wraps/Sweet Chili: 1 | Wraps/Wrap Curry Oumph!: 1
Stockholm Mellan,Coop Korpkulla,Sunday,54.0,45~79,26,Baguette/Kyckling Curry: 1 | Baguette/Kycklingsallad Olivie: 1 | Baguette/Ost & Skinka: 1 | Baguette/Salami & Brieost: 2 | Baguette/Skagen: 1 | Fralla/Ost & Skinka: 6 | Fralla/Ost: 5 | Hönökaka/Ost & Salami: 1 | Hönökaka/Ost & Skinka: 6 | Hönökaka/Ost: 4 | Pastasallad/Bacon & Kyckling: 2 | Pastasallad/Kyckling & Salladsost: 3 | Pastasallad/Kyckling mangocurry: 4 | Pastasallad/Ost & Skinka: 2 | Pastasallad/Räkor: 1 | Sandwich/Bacon & Äggröra: 1 | Sandwich/Clubsandwich: 1 | Sandwich/Kyckling Curry: 1 | Sandwich/Räkor: 1 | Wraps/Caesar Kyckling: 2 | Wraps/Kyckling Bacon: 1 | Wraps/Kyckling Curry: 1 | Wraps/Sweet Chili: 1 | Wraps/Wrap Curry Oumph!: 1 | XL Frallor/Ost & Skinka: 1 | XL Frallor/Ost: 3
Stockholm Mellan,Coop Märsta,Sunday,131.0,106~167,38,Baguette/Kyckling Curry: 3 | Baguette/Kyckling Sweet Chili: 2 | Baguette/Kycklingsallad Olivie: 1 | Baguette/Ost & Skinka: 3 | Baguette/Salami & Brieost: 3 | Baguette/Skagen: 5 | Fralla/Ost & Skinka: 9 | Fralla/Ost: 9 | Grönsallad/Caesarsallad: 3 | Grönsallad/Kyckling: 2 | Hönökaka/Ost & Salami: 3 | Hönökaka/Ost & Skinka: 3 | Hönökaka/Ost: 3 | Pastasallad/Bacon & Kyckling: 3 | Pastasallad/Falafel: 2 | Pastasallad/Kyckling & Salladsost: 6 | Pastasallad/Kyckling kebab: 2 | Pastasallad/Kyckling mangocurry: 7 | Pastasallad/Ost & Skinka: 1 | Pastasallad/Räkor: 6 | Sandwich/Bacon & Äggröra: 3 | Sandwich/Clubsandwich: 3 | Sandwich/Kyckling Curry: 1 | Sandwich/Kyckling Pestoröra: 2 | Sandwich/Räkor: 3 | Sandwich/Ägg & Avocadokräm: 2 | Varmrätt/Cevapcici med bulgur: 1 | Varmrätt/Kycklingkebab med bulgur: 1 | Varmrätt/Teriyakibiff med ris: 1 | Varmrätt/Teriyakikycklingfile med basmatiris: 1 | Wraps/Caesar Kyckling: 7 | Wraps/Kyckling Bacon: 5 | Wraps/Kyckling Curry: 8 | Wraps/Kycklingsallad Olivie: 1 | Wraps/Sweet Chili: 4 | XL Frallor/Grovfralla Kalkon & Färskost: 4 | XL Frallor/Ost & Skinka: 4 | XL Frallor/Ost: 4
Stockholm Mellan,Coop Norrtull,Sunday,48.0,38~69,24,Baguette/Ost & Skinka: 1 | Baguette/Salami & Brieost: 1 | Fralla/Ost & Skinka: 4 | Fralla/Ost: 3 | Grönsallad/Caesarsallad: 1 | Grönsallad/Kyckling: 1 | Hönökaka/Ost & Salami: 4 | Hönökaka/Ost & Skinka: 5 | Hönökaka/Ost: 4 | Pastasallad/Bacon & Kyckling: 1 | Pastasallad/Kyckling & Salladsost: 3 | Pastasallad/Kyckling mangocurry: 3 | Pastasallad/Ost & Skinka: 1 | Pastasallad/Räkor: 1 | Sandwich/Clubsandwich: 1 | Sandwich/Kyckling Curry: 1 | Sandwich/Kyckling Pestoröra: 1 | Sandwich/Räkor: 2 | Wraps/Caesar Kyckling: 1 | Wraps/Kyckling Bacon: 3 | Wraps/Kyckling Curry: 1 | Wraps/Sweet Chili: 1 | XL Frallor/Ost & Skinka: 2 | XL Frallor/Ost: 2
Stockholm Mellan,Coop Rotebro,Sunday,42.0,34~65,28,Baguette/Kyckling Curry: 1 | Baguette/Ost & Skinka: 1 | Baguette/Salami & Brieost: 2 | Baguette/Skagen: 1 | Fralla/Ost & Skinka: 2 | Fralla/Ost: 1 | Grönsallad/Caesarsallad: 1 | Grönsallad/Kyckling: 1 | Hönökaka/Ost & Salami: 1 | Hönökaka/Ost & Skinka: 2 | Hönökaka/Ost: 2 | Pastasallad/Kyckling & Salladsost: 2 | Pastasallad/Kyckling kebab: 1 | Pastasallad/Kyckling mangocurry: 3 | Pastasallad/Räkor: 3 | Sandwich/Bacon & Äggröra: 1 | Sandwich/Clubsandwich: 1 | Sandwich/Kyckling Curry: 1 | Sandwich/Kyckling Pestoröra: 1 | Sandwich/Räkor: 2 | Sandwich/Ägg & Avocadokräm: 1 | Wraps/Caesar Kyckling: 2 | Wraps/Kyckling Bacon: 1 | Wraps/Kyckling Curry: 3 | Wraps/Sweet Chili: 2 | XL Frallor/Grovfralla Kalkon & Färskost: 1 | XL Frallor/Ost & Skinka: 1 | XL Frallor/Ost: 1
Stockholm Mellan,Daniel tobak affären (enbart tisdagar),Sunday,9.0,9~16,7,Baguette/Kyckling Curry: 1 | Baguette/Ost & Skinka: 1 | Fralla/Ost & Skinka: 1 | Fralla/Ost: 2 | XL Frallor/Grovfralla Kalkon & Färskost: 2 | XL Frallor/Ost & Skinka: 1 | XL Frallor/Ost: 1
Stockholm Mellan,Hemköp Scandinavia,Sunday,10.0,8~14,6,Baguette/Kyckling Curry: 1 | Baguette/Salami & Brieost: 1 | Baguette/Skagen: 1 | Pastasallad/Kyckling & Salladsost: 2 | Pastasallad/Kyckling mangocurry: 3 | Pastasallad/Räkor: 2
Stockholm Mellan,Hemköp Ulriksdal,Sunday,38.0,28~50,21,Baguette/Ost & Skinka: 1 | Baguette/Salami & Brieost: 2 | Baguette/Skagen: 2 | Fralla/Ost & Skinka: 2 | Fralla/Ost: 2 | Hönökaka/Ost & Skinka: 2 | Hönökaka/Ost: 3 | Pastasallad/Kyckling & Salladsost: 1 | Pastasallad/Kyckling mangocurry: 1 | Pastasallad/Räkor: 1 | Sandwich/Clubsandwich: 1 | Sandwich/Kyckling Curry: 1 | Sandwich/Räkor: 2 | Sandwich/Ägg & Avocadokräm: 1 | Wraps/Caesar Kyckling: 3 | Wraps/Kyckling Bacon: 3 | Wraps/Kyckling Curry: 3 | Wraps/Sweet Chili: 3 | XL Frallor/Grovfralla Kalkon & Färskost: 1 | XL Frallor/Ost & Skinka: 2 | XL Frallor/Ost: 1
Stockholm Mellan,ICA Dalastan,Sunday,30.0,27~48,21,Baguette/Kyckling Sweet Chili: 1 | Baguette/Ost & Skinka: 1 | Baguette/Salami & Brieost: 1 | Baguette/Skagen: 1 | Fralla/Ost & Skinka: 3 | Fralla/Ost: 2 | Grönsallad/Caesarsallad: 1 | Grönsallad/Kyckling: 1 | Hönökaka/Ost & Skinka: 3 | Hönökaka/Ost: 2 | Pastasallad/Bacon & Kyckling: 1 | Pastasallad/Kyckling & Salladsost: 1 | Pastasallad/Kyckling mangocurry: 2 | Pastasallad/Ost & Skinka: 1 | Pastasallad/Räkor: 1 | Sandwich/Kyckling Pestoröra: 1 | Sandwich/Räkor: 1 | Wraps/Caesar Kyckling: 2 | Wraps/Kyckling Bacon: 1 | Wraps/Kyckling Curry: 1 | Wraps/Sweet Chili: 2
Stockholm Mellan,ICA Kista,Sunday,140.0,114~174,35,Baguette/Kyckling Curry: 2 | Baguette/Kyckling Sweet Chili: 1 | Baguette/Ost & Skinka: 3 | Baguette/Salami & Brieost: 2 | Baguette/Skagen: 3 | Fralla/Ost & Skinka: 13 | Fralla/Ost: 8 | Glutenfri Frallor/Glutenfri Ost & Skinka(endast söndagsbeställning): 1 | Glutenfri Frallor/Glutenfri Ost(endast söndagsbeställning): 1 | Glutenfri Frallor/Glutenfri Pumpafralla Kalkon & Färskost(endast söndagsbeställning): 1 | Grönsallad/Caesarsallad: 2 | Grönsallad/Kyckling: 3 | Hönökaka/Ost & Salami: 5 | Hönökaka/Ost & Skinka: 8 | Hönökaka/Ost: 11 | Pastasallad/Bacon & Kyckling: 2 | Pastasallad/Kyckling & Salladsost: 3 | Pastasallad/Kyckling mangocurry: 3 | Pastasallad/Ost & Skinka: 1 | Pastasallad/Räkor: 2 | Sandwich/Bacon & Äggröra: 5 | Sandwich/Clubsandwich: 4 | Sandwich/Kyckling Curry: 3 | Sandwich/Kyckling Pestoröra: 3 | Sandwich/Räkor: 4 | Sandwich/Ägg & Avocadokräm: 5 | Wraps/Caesar Kyckling: 5 | Wraps/Kyckling Bacon: 7 | Wraps/Kyckling Curry: 5 | Wraps/Kycklingsallad Olivie: 3 | Wraps/Sweet Chili: 5 | Wraps/Wrap Curry Oumph!: 2 | XL Frallor/Grovfralla Kalkon & Färskost: 5 | XL Frallor/Ost & Skinka: 5 | XL Frallor/Ost: 4
Stockholm Mellan,ICA Lunden,Sunday,41.0,34~62,26,Baguette/Kyckling Curry: 1 | Baguette/Skagen: 1 | Fralla/Ost & Skinka: 3 | Fralla/Ost: 1 | Grönsallad/Kyckling: 1 | Hönökaka/Ost & Salami: 2 | Hönökaka/Ost & Skinka: 2 | Hönökaka/Ost: 1 | Pastasallad/Bacon & Kyckling: 1 | Pastasallad/Falafel: 1 | Pastasallad/Kyckling & Salladsost: 3 | Pastasallad/Kyckling mangocurry: 4 | Pastasallad/Ost & Skinka: 1 | Pastasallad/Räkor: 1 | Sandwich/Kyckling Curry: 2 | Sandwich/Kyckling Pestoröra: 1 | Sandwich/Räkor: 1 | Sandwich/Ägg & Avocadokräm: 1 | Wraps/Caesar Kyckling: 1 | Wraps/Kyckling Bacon: 2 | Wraps/Kyckling Curry: 3 | Wraps/Kycklingsallad Olivie: 1 | Wraps/Sweet Chili: 2 | Wraps/Wrap Curry Oumph!: 2 | XL Frallor/Ost & Skinka: 1 | XL Frallor/Ost: 1
Stockholm Mellan,ICA Norrviken,Sunday,32.0,25~47,22,Baguette/Salami & Brieost: 1 | Fralla/Ost & Skinka: 1 | Fralla/Ost: 2 | Grönsallad/Caesarsallad: 1 | Grönsallad/Kyckling: 1 | Hönökaka/Ost & Salami: 2 | Hönökaka/Ost & Skinka: 3 | Hönökaka/Ost: 1 | Pastasallad/Bacon & Kyckling: 1 | Pastasallad/Kyckling & Salladsost: 3 | Pastasallad/Kyckling kebab: 1 | Pastasallad/Kyckling mangocurry: 3 | Pastasallad/Ost & Skinka: 1 | Pastasallad/Räkor: 1 | Sandwich/Clubsandwich: 2 | Sandwich/Kyckling Curry: 1 | Sandwich/Räkor: 1 | Wraps/Caesar Kyckling: 1 | Wraps/Kyckling Bacon: 1 | Wraps/Sweet Chili: 2 | XL Frallor/Grovfralla Kalkon & Färskost: 1 | XL Frallor/Ost & Skinka: 1
Stockholm Mellan,ICA Nära Roslagstull,Sunday,20.0,17~30,13,Baguette/Kyckling Curry: 1 | Baguette/Skagen: 1 | Pastasallad/Bacon & Kyckling: 1 | Pastasallad/Kyckling & Salladsost: 2 | Pastasallad/Kyckling mangocurry: 3 | Pastasallad/Ost & Skinka: 1 | Pastasallad/Räkor: 1 | Sandwich/Clubsandwich: 1 | Sandwich/Räkor: 1 | Wraps/Caesar Kyckling: 1 | Wraps/Kyckling Bacon: 3 | Wraps/Kyckling Curry: 3 | Wraps/Sweet Chili: 1
Stockholm Mellan,ICA RAPID,Sunday,40.0,33~62,28,Baguette/Kyckling Sweet Chili: 1 | Baguette/Ost & Skinka: 1 | Baguette/Salami & Brieost: 1 | Baguette/Skagen: 1 | Fralla/Ost & Skinka: 2 | Fralla/Ost: 1 | Grönsallad/Caesarsallad: 1 | Grönsallad/Kyckling: 1 | Hönökaka/Ost & Salami: 2 | Hönökaka/Ost & Skinka: 2 | Hönökaka/Ost: 1 | Pastasallad/Bacon & Kyckling: 2 | Pastasallad/Kyckling & Salladsost: 3 | Pastasallad/Kyckling kebab: 1 | Pastasallad/Kyckling mangocurry: 3 | Pastasallad/Räkor: 2 | Sandwich/Bacon & Äggröra: 1 | Sandwich/Clubsandwich: 1 | Sandwich/Kyckling Curry: 1 | Sandwich/Räkor: 1 | Sandwich/Ägg & Avocadokräm: 1 | Wraps/Caesar Kyckling: 2 | Wraps/Kyckling Bacon: 2 | Wraps/Kyckling Curry: 1 | Wraps/Sweet Chili: 2 | Wraps/Wrap Curry Oumph!: 1 | XL Frallor/Grovfralla Kalkon & Färskost: 1 | XL Frallor/Ost: 1
Stockholm Mellan,ICA Sigma,Sunday,32.0,27~51,24,Baguette/Kyckling Sweet Chili: 1 | Baguette/Ost & Skinka: 1 | Baguette/Salami & Brieost: 1 | Fralla/Ost & Skinka: 2 | Fralla/Ost: 1 | Grönsallad/Kyckling: 1 | Hönökaka/Ost & Salami: 1 | Hönökaka/Ost & Skinka: 1 | Hönökaka/Ost: 2 | Pastasallad/Falafel: 1 | Pastasallad/Kyckling & Salladsost: 2 | Pastasallad/Kyckling mangocurry: 2 | Pastasallad/Ost & Skinka: 2 | Pastasallad/Räkor: 2 | Sandwich/Bacon & Äggröra: 1 | Sandwich/Clubsandwich: 1 | Sandwich/Kyckling Curry: 1 | Sandwich/Kyckling Pestoröra: 1 | Sandwich/Räkor: 1 | Wraps/Caesar Kyckling: 1 | Wraps/Kyckling Bacon: 2 | Wraps/Kyckling Curry: 1 | Wraps/Wrap Curry Oumph!: 2 | XL Frallor/Grovfralla Kalkon & Färskost: 1
Stockholm Mellan,ICA Supermarket Solna Centrum,Sunday,89.0,71~112,25,Baguette/Kyckling Curry: 2 | Baguette/Ost & Skinka: 3 | Baguette/Salami & Brieost: 5 | Baguette/Skagen: 4 | Fralla/Ost & Skinka: 3 | Fralla/Ost: 2 | Hönökaka/Ost & Salami: 3 | Hönökaka/Ost & Skinka: 4 | Hönökaka/Ost: 3 | Pastasallad/Kyckling & Salladsost: 5 | Pastasallad/Kyckling mangocurry: 5 | Pastasallad/Räkor: 3 | Sandwich/Bacon & Äggröra: 2 | Sandwich/Clubsandwich: 3 | Sandwich/Kyckling Curry: 2 | Sandwich/Kyckling Pestoröra: 2 | Sandwich/Räkor: 2 | Sandwich/Ägg & Avocadokräm: 2 | Wraps/Caesar Kyckling: 6 | Wraps/Kyckling Bacon: 5 | Wraps/Kyckling Curry: 9 | Wraps/Sweet Chili: 5 | XL Frallor/Grovfralla Kalkon & Färskost: 4 | XL Frallor/Ost & Skinka: 3 | XL Frallor/Ost: 2
Stockholm Mellan,ICA Sätuna,Sunday,43.0,34~56,18,Baguette/Kyckling Curry: 1 | Baguette/Salami & Brieost: 2 | Baguette/Skagen: 2 | Grönsallad/Caesarsallad: 1 | Hönökaka/Ost & Salami: 1 | Hönökaka/Ost & Skinka: 2 | Hönökaka/Ost: 2 | Pastasallad/Kyckling & Salladsost: 3 | Pastasallad/Kyckling mangocurry: 3 | Pastasallad/Räkor: 3 | Sandwich/Clubsandwich: 2 | Sandwich/Kyckling Curry: 2 | Sandwich/Kyckling Pestoröra: 1 | Sandwich/Ägg & Avocadokräm: 2 | Wraps/Caesar Kyckling: 5 | Wraps/Kyckling Bacon: 3 | Wraps/Kyckling Curry: 5 | Wraps/Sweet Chili: 3
Stockholm Mellan,Myway Danderyd,Sunday,45.0,36~63,24,Baguette/Kyckling Curry: 1 | Baguette/Ost & Skinka: 1 | Baguette/Salami & Brieost: 1 | Baguette/Skagen: 1 | Fralla/Ost & Skinka: 8 | Fralla/Ost: 5 | Hönökaka/Ost & Salami: 1 | Hönökaka/Ost & Skinka: 3 | Hönökaka/Ost: 2 | Pastasallad/Bacon & Kyckling: 1 | Pastasallad/Kyckling mangocurry: 1 | Sandwich/Bacon & Äggröra: 1 | Sandwich/Clubsandwich: 2 | Sandwich/Kyckling Curry: 1 | Sandwich/Kyckling Pestoröra: 1 | Sandwich/Räkor: 1 | Sandwich/Ägg & Avocadokräm: 1 | Wraps/Caesar Kyckling: 1 | Wraps/Kyckling Bacon: 2 | Wraps/Kyckling Curry: 2 | Wraps/Sweet Chili: 2 | XL Frallor/Grovfralla Kalkon & Färskost: 2 | XL Frallor/Ost & Skinka: 2 | XL Frallor/Ost: 2
Stockholm Mellan,Quickstar SOLNA,Sunday,32.0,28~50,18,Fralla/Ost & Skinka: 3 | Fralla/Ost: 3 | Hönökaka/Ost & Skinka: 7 | Hönökaka/Ost: 5 | Pastasallad/Bacon & Kyckling: 1 | Pastasallad/Kyckling & Salladsost: 1 | Pastasallad/Kyckling mangocurry: 1 | Pastasallad/Räkor: 1 | Sandwich/Clubsandwich: 1 | Sandwich/Kyckling Curry: 1 | Sandwich/Kyckling Pestoröra: 1 | Sandwich/Räkor: 1 | Wraps/Caesar Kyckling: 1 | Wraps/Kyckling Bacon: 1 | Wraps/Kyckling Curry: 1 | Wraps/Sweet Chili: 1 | XL Frallor/Grovfralla Kalkon & Färskost: 1 | XL Frallor/Ost & Skinka: 1
Stockholm Mellan,Coop Bredden,Monday,7.0,4~7,6,Fralla/Ost & Skinka: 2 | Fralla/Ost: 1 | Hönökaka/Ost & Skinka: 1 | Hönökaka/Ost: 1 | Pastasallad/Kyckling & Salladsost: 1 | Pastasallad/Kyckling mangocurry: 1
Stockholm Mellan,Coop Korpkulla,Monday,14.0,10~18,11,Baguette/Salami & Brieost: 1 | Fralla/Ost & Skinka: 2 | Fralla/Ost: 2 | Hönökaka/Ost & Skinka: 2 | Hönökaka/Ost: 1 | Pastasallad/Bacon & Kyckling: 1 | Pastasallad/Kyckling & Salladsost: 1 | Pastasallad/Kyckling mangocurry: 1 | Pastasallad/Ost & Skinka: 1 | Wraps/Caesar Kyckling: 1 | XL Frallor/Ost: 1
Stockholm Mellan,Coop Märsta,Monday,42.0,31~52,30,Baguette/Kyckling Curry: 1 | Baguette/Kyckling Sweet Chili: 1 | Baguette/Ost & Skinka: 1 | Baguette/Salami & Brieost: 1 | Baguette/Skagen: 2 | Fralla/Ost & Skinka: 3 | Fralla/Ost: 3 | Grönsallad/Caesarsallad: 1 | Grönsallad/Kyckling: 1 | Hönökaka/Ost & Salami: 1 | Hönökaka/Ost & Skinka: 1 | Hönökaka/Ost: 1 | Pastasallad/Bacon & Kyckling: 1 | Pastasallad/Falafel: 1 | Pastasallad/Kyckling & Salladsost: 2 | Pastasallad/Kyckling kebab: 1 | Pastasallad/Kyckling mangocurry: 2 | Pastasallad/Räkor: 2 | Sandwich/Bacon & Äggröra: 1 | Sandwich/Clubsandwich: 1 | Sandwich/Kyckling Pestoröra: 1 | Sandwich/Räkor: 1 | Sandwich/Ägg & Avocadokräm: 1 | Wraps/Caesar Kyckling: 2 | Wraps/Kyckling Bacon: 2 | Wraps/Kyckling Curry: 3 | Wraps/Sweet Chili: 1 | XL Frallor/Grovfralla Kalkon & Färskost: 1 | XL Frallor/Ost & Skinka: 1 | XL Frallor/Ost: 1
Stockholm Mellan,Coop Norrtull,Monday,12.0,8~15,11,Fralla/Ost & Skinka: 1 | Fralla/Ost: 1 | Hönökaka/Ost & Salami: 1 | Hönökaka/Ost & Skinka: 2 | Hönökaka/Ost: 1 | Pastasallad/Kyckling & Salladsost: 1 | Pastasallad/Kyckling mangocurry: 1 | Sandwich/Räkor: 1 | Wraps/Kyckling Bacon: 1 | XL Frallor/Ost & Skinka: 1 | XL Frallor/Ost: 1
Stockholm Mellan,Coop Rotebro,Monday,11.0,3~11,11,Baguette/Salami & Brieost: 1 | Fralla/Ost & Skinka: 1 | Hönökaka/Ost & Skinka: 1 | Hönökaka/Ost: 1 | Pastasallad/Kyckling & Salladsost: 1 | Pastasallad/Kyckling mangocurry: 1 | Pastasallad/Räkor: 1 | Sandwich/Räkor: 1 | Wraps/Caesar Kyckling: 1 | Wraps/Kyckling Curry: 1 | Wraps/Sweet Chili: 1
Stockholm Mellan,Daniel tobak affären (enbart tisdagar),Monday,2.0,0~2,2,Fralla/Ost: 1 | XL Frallor/Grovfralla Kalkon & Färskost: 1
Stockholm Mellan,Hemköp Scandinavia,Monday,3.0,1~3,3,Pastasallad/Kyckling & Salladsost: 1 | Pastasallad/Kyckling mangocurry: 1 | Pastasallad/Räkor: 1
Stockholm Mellan,Hemköp Ulriksdal,Monday,12.0,5~12,12,Baguette/Salami & Brieost: 1 | Baguette/Skagen: 1 | Fralla/Ost & Skinka: 1 | Fralla/Ost: 1 | Hönökaka/Ost & Skinka: 1 | Hönökaka/Ost: 1 | Sandwich/Räkor: 1 | Wraps/Caesar Kyckling: 1 | Wraps/Kyckling Bacon: 1 | Wraps/Kyckling Curry: 1 | Wraps/Sweet Chili: 1 | XL Frallor/Ost & Skinka: 1
Stockholm Mellan,ICA Dalastan,Monday,7.0,2~7,7,Fralla/Ost & Skinka: 1 | Fralla/Ost: 1 | Hönökaka/Ost & Skinka: 1 | Hönökaka/Ost: 1 | Pastasallad/Kyckling mangocurry: 1 | Wraps/Caesar Kyckling: 1 | Wraps/Sweet Chili: 1
Stockholm Mellan,ICA Kista,Monday,49.0,33~54,30,Baguette/Kyckling Curry: 1 | Baguette/Ost & Skinka: 1 | Baguette/Salami & Brieost: 1 | Baguette/Skagen: 1 | Fralla/Ost & Skinka: 4 | Fralla/Ost: 3 | Grönsallad/Caesarsallad: 1 | Grönsallad/Kyckling: 1 | Hönökaka/Ost & Salami: 2 | Hönökaka/Ost & Skinka: 3 | Hönökaka/Ost: 4 | Pastasallad/Bacon & Kyckling: 1 | Pastasallad/Kyckling & Salladsost: 1 | Pastasallad/Kyckling mangocurry: 1 | Pastasallad/Räkor: 1 | Sandwich/Bacon & Äggröra: 2 | Sandwich/Clubsandwich: 1 | Sandwich/Kyckling Curry: 1 | Sandwich/Kyckling Pestoröra: 1 | Sandwich/Räkor: 1 | Sandwich/Ägg & Avocadokräm: 2 | Wraps/Caesar Kyckling: 2 | Wraps/Kyckling Bacon: 2 | Wraps/Kyckling Curry: 2 | Wraps/Kycklingsallad Olivie: 1 | Wraps/Sweet Chili: 2 | Wraps/Wrap Curry Oumph!: 1 | XL Frallor/Grovfralla Kalkon & Färskost: 2 | XL Frallor/Ost & Skinka: 2 | XL Frallor/Ost: 1
Stockholm Mellan,ICA Lunden,Monday,10.0,4~11,10,Fralla/Ost & Skinka: 1 | Hönökaka/Ost & Salami: 1 | Hönökaka/Ost & Skinka: 1 | Pastasallad/Kyckling & Salladsost: 1 | Pastasallad/Kyckling mangocurry: 1 | Sandwich/Kyckling Curry: 1 | Wraps/Kyckling Bacon: 1 | Wraps/Kyckling Curry: 1 | Wraps/Sweet Chili: 1 | Wraps/Wrap Curry Oumph!: 1
Stockholm Mellan,ICA Norrviken,Monday,7.0,3~7,7,Fralla/Ost: 1 | Hönökaka/Ost & Salami: 1 | Hönökaka/Ost & Skinka: 1 | Pastasallad/Kyckling & Salladsost: 1 | Pastasallad/Kyckling mangocurry: 1 | Sandwich/Clubsandwich: 1 | Wraps/Sweet Chili: 1
Stockholm Mellan,ICA Nära Roslagstull,Monday,4.0,3~4,4,Pastasallad/Kyckling & Salladsost: 1 | Pastasallad/Kyckling mangocurry: 1 | Wraps/Kyckling Bacon: 1 | Wraps/Kyckling Curry: 1
Stockholm Mellan,ICA RAPID,Monday,10.0,2~10,10,Fralla/Ost & Skinka: 1 | Hönökaka/Ost & Salami: 1 | Hönökaka/Ost & Skinka: 1 | Pastasallad/Bacon & Kyckling: 1 | Pastasallad/Kyckling & Salladsost: 1 | Pastasallad/Kyckling mangocurry: 1 | Pastasallad/Räkor: 1 | Wraps/Caesar Kyckling: 1 | Wraps/Kyckling Bacon: 1 | Wraps/Sweet Chili: 1
Stockholm Mellan,ICA Sigma,Monday,8.0,0~8,8,Fralla/Ost & Skinka: 1 | Hönökaka/Ost: 1 | Pastasallad/Kyckling & Salladsost: 1 | Pastasallad/Kyckling mangocurry: 1 | Pastasallad/Ost & Skinka: 1 | Pastasallad/Räkor: 1 | Wraps/Kyckling Bacon: 1 | Wraps/Wrap Curry Oumph!: 1
Stockholm Mellan,ICA Supermarket Solna Centrum,Monday,33.0,22~38,25,Baguette/Kyckling Curry: 1 | Baguette/Ost & Skinka: 1 | Baguette/Salami & Brieost: 2 | Baguette/Skagen: 1 | Fralla/Ost & Skinka: 1 | Fralla/Ost: 1 | Hönökaka/Ost & Salami: 1 | Hönökaka/Ost & Skinka: 1 | Hönökaka/Ost: 1 | Pastasallad/Kyckling & Salladsost: 2 | Pastasallad/Kyckling mangocurry: 2 | Pastasallad/Räkor: 1 | Sandwich/Bacon & Äggröra: 1 | Sandwich/Clubsandwich: 1 | Sandwich/Kyckling Curry: 1 | Sandwich/Kyckling Pestoröra: 1 | Sandwich/Räkor: 1 | Sandwich/Ägg & Avocadokräm: 1 | Wraps/Caesar Kyckling: 2 | Wraps/Kyckling Bacon: 2 | Wraps/Kyckling Curry: 3 | Wraps/Sweet Chili: 2 | XL Frallor/Grovfralla Kalkon & Färskost: 1 | XL Frallor/Ost & Skinka: 1 | XL Frallor/Ost: 1
Stockholm Mellan,ICA Sätuna,Monday,16.0,7~16,14,Baguette/Salami & Brieost: 1 | Baguette/Skagen: 1 | Hönökaka/Ost & Skinka: 1 | Hönökaka/Ost: 1 | Pastasallad/Kyckling & Salladsost: 1 | Pastasallad/Kyckling mangocurry: 1 | Pastasallad/Räkor: 1 | Sandwich/Clubsandwich: 1 | Sandwich/Kyckling Curry: 1 | Sandwich/Ägg & Avocadokräm: 1 | Wraps/Caesar Kyckling: 2 | Wraps/Kyckling Bacon: 1 | Wraps/Kyckling Curry: 2 | Wraps/Sweet Chili: 1
Stockholm Mellan,Myway Danderyd,Monday,14.0,4~14,11,Fralla/Ost & Skinka: 3 | Fralla/Ost: 2 | Hönökaka/Ost & Skinka: 1 | Hönökaka/Ost: 1 | Sandwich/Clubsandwich: 1 | Wraps/Kyckling Bacon: 1 | Wraps/Kyckling Curry: 1 | Wraps/Sweet Chili: 1 | XL Frallor/Grovfralla Kalkon & Färskost: 1 | XL Frallor/Ost & Skinka: 1 | XL Frallor/Ost: 1
Stockholm Mellan,Quickstar SOLNA,Monday,6.0,5~7,4,Fralla/Ost & Skinka: 1 | Fralla/Ost: 1 | Hönökaka/Ost & Skinka: 2 | Hönökaka/Ost: 2
Stockholm Mellan,Coop Bredden,Tuesday,29.0,14~32,22,Baguette/Kyckling Sweet Chili: 1 | Baguette/Ost & Skinka: 1 | Baguette/Salami & Brieost: 1 | Baguette/Skagen: 1 | Fralla/Ost & Skinka: 3 | Fralla/Ost: 2 | Hönökaka/Ost & Skinka: 2 | Hönökaka/Ost: 2 | Pastasallad/Bacon & Kyckling: 1 | Pastasallad/Kyckling & Salladsost: 2 | Pastasallad/Kyckling mangocurry: 2 | Pastasallad/Ost & Skinka: 1 | Pastasallad/Räkor: 1 | Sandwich/Clubsandwich: 1 | Sandwich/Kyckling Curry: 1 | Sandwich/Räkor: 1 | Sandwich/Ägg & Avocadokräm: 1 | Wraps/Caesar Kyckling: 1 | Wraps/Kyckling Bacon: 1 | Wraps/Kyckling Curry: 1 | Wraps/Sweet Chili: 1 | Wraps/Wrap Curry Oumph!: 1
Stockholm Mellan,Coop Korpkulla,Tuesday,44.0,33~53,26,Baguette/Kyckling Curry: 1 | Baguette/Kycklingsallad Olivie: 1 | Baguette/Ost & Skinka: 1 | Baguette/Salami & Brieost: 1 | Baguette/Skagen: 1 | Fralla/Ost & Skinka: 5 | Fralla/Ost: 4 | Hönökaka/Ost & Salami: 1 | Hönökaka/Ost & Skinka: 5 | Hönökaka/Ost: 3 | Pastasallad/Bacon & Kyckling: 1 | Pastasallad/Kyckling & Salladsost: 2 | Pastasallad/Kyckling mangocurry: 3 | Pastasallad/Ost & Skinka: 2 | Pastasallad/Räkor: 1 | Sandwich/Bacon & Äggröra: 1 | Sandwich/Clubsandwich: 1 | Sandwich/Kyckling Curry: 1 | Sandwich/Räkor: 1 | Wraps/Caesar Kyckling: 1 | Wraps/Kyckling Bacon: 1 | Wraps/Kyckling Curry: 1 | Wraps/Sweet Chili: 1 | Wraps/Wrap Curry Oumph!: 1 | XL Frallor/Ost & Skinka: 1 | XL Frallor/Ost: 2
Stockholm Mellan,Coop Märsta,Tuesday,97.0,77~122,38,Baguette/Kyckling Curry: 2 | Baguette/Kyckling Sweet Chili: 1 | Baguette/Kycklingsallad Olivie: 1 | Baguette/Ost & Skinka: 2 | Baguette/Salami & Brieost: 2 | Baguette/Skagen: 3 | Fralla/Ost & Skinka: 6 | Fralla/Ost: 6 | Grönsallad/Caesarsallad: 2 | Grönsallad/Kyckling: 1 | Hönökaka/Ost & Salami: 2 | Hönökaka/Ost & Skinka: 2 | Hönökaka/Ost: 2 | Pastasallad/Bacon & Kyckling: 2 | Pastasallad/Falafel: 2 | Pastasallad/Kyckling & Salladsost: 5 | Pastasallad/Kyckling kebab: 2 | Pastasallad/Kyckling mangocurry: 5 | Pastasallad/Ost & Skinka: 1 | Pastasallad/Räkor: 5 | Sandwich/Bacon & Äggröra: 2 | Sandwich/Clubsandwich: 2 | Sandwich/Kyckling Curry: 1 | Sandwich/Kyckling Pestoröra: 2 | Sandwich/Räkor: 2 | Sandwich/Ägg & Avocadokräm: 2 | Varmrätt/Cevapcici med bulgur: 1 | Varmrätt/Kycklingkebab med bulgur: 1 | Varmrätt/Teriyakibiff med ris: 1 | Varmrätt/Teriyakikycklingfile med basmatiris: 1 | Wraps/Caesar Kyckling: 5 | Wraps/Kyckling Bacon: 4 | Wraps/Kyckling Curry: 6 | Wraps/Kycklingsallad Olivie: 1 | Wraps/Sweet Chili: 3 | XL Frallor/Grovfralla Kalkon & Färskost: 3 | XL Frallor/Ost & Skinka: 3 | XL Frallor/Ost: 3
Stockholm Mellan,Coop Norrtull,Tuesday,38.0,29~47,24,Baguette/Ost & Skinka: 1 | Baguette/Salami & Brieost: 1 | Fralla/Ost & Skinka: 3 | Fralla/Ost: 2 | Grönsallad/Caesarsallad: 1 | Grönsallad/Kyckling: 1 | Hönökaka/Ost & Salami: 3 | Hönökaka/Ost & Skinka: 4 | Hönökaka/Ost: 3 | Pastasallad/Bacon & Kyckling: 1 | Pastasallad/Kyckling & Salladsost: 2 | Pastasallad/Kyckling mangocurry: 2 | Pastasallad/Ost & Skinka: 1 | Pastasallad/Räkor: 1 | Sandwich/Clubsandwich: 1 | Sandwich/Kyckling Curry: 1 | Sandwich/Kyckling Pestoröra: 1 | Sandwich/Räkor: 1 | Wraps/Caesar Kyckling: 1 | Wraps/Kyckling Bacon: 2 | Wraps/Kyckling Curry: 1 | Wraps/Sweet Chili: 1 | XL Frallor/Ost & Skinka: 1 | XL Frallor/Ost: 2
Stockholm Mellan,Coop Rotebro,Tuesday,34.0,20~42,28,Baguette/Kyckling Curry: 1 | Baguette/Ost & Skinka: 1 | Baguette/Salami & Brieost: 1 | Baguette/Skagen: 1 | Fralla/Ost & Skinka: 1 | Fralla/Ost: 1 | Grönsallad/Caesarsallad: 1 | Grönsallad/Kyckling: 1 | Hönökaka/Ost & Salami: 1 | Hönökaka/Ost & Skinka: 2 | Hönökaka/Ost: 2 | Pastasallad/Kyckling & Salladsost: 2 | Pastasallad/Kyckling kebab: 1 | Pastasallad/Kyckling mangocurry: 2 | Pastasallad/Räkor: 2 | Sandwich/Bacon & Äggröra: 1 | Sandwich/Clubsandwich: 1 | Sandwich/Kyckling Curry: 1 | Sandwich/Kyckling Pestoröra: 1 | Sandwich/Räkor: 1 | Sandwich/Ägg & Avocadokräm: 1 | Wraps/Caesar Kyckling: 1 | Wraps/Kyckling Bacon: 1 | Wraps/Kyckling Curry: 2 | Wraps/Sweet Chili: 1 | XL Frallor/Grovfralla Kalkon & Färskost: 1 | XL Frallor/Ost & Skinka: 1 | XL Frallor/Ost: 1
Stockholm Mellan,Daniel tobak affären (enbart tisdagar),Tuesday,9.0,3~9,7,Baguette/Kyckling Curry: 1 | Baguette/Ost & Skinka: 1 | Fralla/Ost & Skinka: 1 | Fralla/Ost: 2 | XL Frallor/Grovfralla Kalkon & Färskost: 2 | XL Frallor/Ost & Skinka: 1 | XL Frallor/Ost: 1
Stockholm Mellan,Hemköp Scandinavia,Tuesday,8.0,7~9,6,Baguette/Kyckling Curry: 1 | Baguette/Salami & Brieost: 1 | Baguette/Skagen: 1 | Pastasallad/Kyckling & Salladsost: 2 | Pastasallad/Kyckling mangocurry: 2 | Pastasallad/Räkor: 1
Stockholm Mellan,Hemköp Ulriksdal,Tuesday,28.0,22~34,21,Baguette/Ost & Skinka: 1 | Baguette/Salami & Brieost: 2 | Baguette/Skagen: 1 | Fralla/Ost & Skinka: 2 | Fralla/Ost: 1 | Hönökaka/Ost & Skinka: 1 | Hönökaka/Ost: 2 | Pastasallad/Kyckling & Salladsost: 1 | Pastasallad/Kyckling mangocurry: 1 | Pastasallad/Räkor: 1 | Sandwich/Clubsandwich: 1 | Sandwich/Kyckling Curry: 1 | Sandwich/Räkor: 1 | Sandwich/Ägg & Avocadokräm: 1 | Wraps/Caesar Kyckling: 2 | Wraps/Kyckling Bacon: 2 | Wraps/Kyckling Curry: 2 | Wraps/Sweet Chili: 2 | XL Frallor/Grovfralla Kalkon & Färskost: 1 | XL Frallor/Ost & Skinka: 1 | XL Frallor/Ost: 1
Stockholm Mellan,ICA Dalastan,Tuesday,26.0,17~29,21,Baguette/Kyckling Sweet Chili: 1 | Baguette/Ost & Skinka: 1 | Baguette/Salami & Brieost: 1 | Baguette/Skagen: 1 | Fralla/Ost & Skinka: 2 | Fralla/Ost: 1 | Grönsallad/Caesarsallad: 1 | Grönsallad/Kyckling: 1 | Hönökaka/Ost & Skinka: 2 | Hönökaka/Ost: 2 | Pastasallad/Bacon & Kyckling: 1 | Pastasallad/Kyckling & Salladsost: 1 | Pastasallad/Kyckling mangocurry: 1 | Pastasallad/Ost & Skinka: 1 | Pastasallad/Räkor: 1 | Sandwich/Kyckling Pestoröra: 1 | Sandwich/Räkor: 1 | Wraps/Caesar Kyckling: 2 | Wraps/Kyckling Bacon: 1 | Wraps/Kyckling Curry: 1 | Wraps/Sweet Chili: 2
Stockholm Mellan,ICA Kista,Tuesday,102.0,83~127,35,Baguette/Kyckling Curry: 1 | Baguette/Kyckling Sweet Chili: 1 | Baguette/Ost & Skinka: 2 | Baguette/Salami & Brieost: 2 | Baguette/Skagen: 2 | Fralla/Ost & Skinka: 10 | Fralla/Ost: 6 | Glutenfri Frallor/Glutenfri Ost & Skinka(endast söndagsbeställning): 1 | Glutenfri Frallor/Glutenfri Ost(endast söndagsbeställning): 1 | Glutenfri Frallor/Glutenfri Pumpafralla Kalkon & Färskost(endast söndagsbeställning): 1 | Grönsallad/Caesarsallad: 1 | Grönsallad/Kyckling: 2 | Hönökaka/Ost & Salami: 4 | Hönökaka/Ost & Skinka: 6 | Hönökaka/Ost: 8 | Pastasallad/Bacon & Kyckling: 2 | Pastasallad/Kyckling & Salladsost: 2 | Pastasallad/Kyckling mangocurry: 2 | Pastasallad/Ost & Skinka: 1 | Pastasallad/Räkor: 2 | Sandwich/Bacon & Äggröra: 3 | Sandwich/Clubsandwich: 3 | Sandwich/Kyckling Curry: 2 | Sandwich/Kyckling Pestoröra: 2 | Sandwich/Räkor: 3 | Sandwich/Ägg & Avocadokräm: 4 | Wraps/Caesar Kyckling: 4 | Wraps/Kyckling Bacon: 5 | Wraps/Kyckling Curry: 3 | Wraps/Kycklingsallad Olivie: 2 | Wraps/Sweet Chili: 3 | Wraps/Wrap Curry Oumph!: 1 | XL Frallor/Grovfralla Kalkon & Färskost: 3 | XL Frallor/Ost & Skinka: 4 | XL Frallor/Ost: 3
Stockholm Mellan,ICA Lunden,Tuesday,34.0,23~39,26,Baguette/Kyckling Curry: 1 | Baguette/Skagen: 1 | Fralla/Ost & Skinka: 2 | Fralla/Ost: 1 | Grönsallad/Kyckling: 1 | Hönökaka/Ost & Salami: 1 | Hönökaka/Ost & Skinka: 2 | Hönökaka/Ost: 1 | Pastasallad/Bacon & Kyckling: 1 | Pastasallad/Falafel: 1 | Pastasallad/Kyckling & Salladsost: 2 | Pastasallad/Kyckling mangocurry: 3 | Pastasallad/Ost & Skinka: 1 | Pastasallad/Räkor: 1 | Sandwich/Kyckling Curry: 1 | Sandwich/Kyckling Pestoröra: 1 | Sandwich/Räkor: 1 | Sandwich/Ägg & Avocadokräm: 1 | Wraps/Caesar Kyckling: 1 | Wraps/Kyckling Bacon: 2 | Wraps/Kyckling Curry: 2 | Wraps/Kycklingsallad Olivie: 1 | Wraps/Sweet Chili: 2 | Wraps/Wrap Curry Oumph!: 1 | XL Frallor/Ost & Skinka: 1 | XL Frallor/Ost: 1
Stockholm Mellan,ICA Norrviken,Tuesday,25.0,13~29,22,Baguette/Salami & Brieost: 1 | Fralla/Ost & Skinka: 1 | Fralla/Ost: 1 | Grönsallad/Caesarsallad: 1 | Grönsallad/Kyckling: 1 | Hönökaka/Ost & Salami: 1 | Hönökaka/Ost & Skinka: 2 | Hönökaka/Ost: 1 | Pastasallad/Bacon & Kyckling: 1 | Pastasallad/Kyckling & Salladsost: 2 | Pastasallad/Kyckling kebab: 1 | Pastasallad/Kyckling mangocurry: 2 | Pastasallad/Ost & Skinka: 1 | Pastasallad/Räkor: 1 | Sandwich/Clubsandwich: 1 | Sandwich/Kyckling Curry: 1 | Sandwich/Räkor: 1 | Wraps/Caesar Kyckling: 1 | Wraps/Kyckling Bacon: 1 | Wraps/Sweet Chili: 1 | XL Frallor/Grovfralla Kalkon & Färskost: 1 | XL Frallor/Ost & Skinka: 1
Stockholm Mellan,ICA Nära Roslagstull,Tuesday,16.0,14~18,13,Baguette/Kyckling Curry: 1 | Baguette/Skagen: 1 | Pastasallad/Bacon & Kyckling: 1 | Pastasallad/Kyckling & Salladsost: 1 | Pastasallad/Kyckling mangocurry: 2 | Pastasallad/Ost & Skinka: 1 | Pastasallad/Räkor: 1 | Sandwich/Clubsandwich: 1 | Sandwich/Räkor: 1 | Wraps/Caesar Kyckling: 1 | Wraps/Kyckling Bacon: 2 | Wraps/Kyckling Curry: 2 | Wraps/Sweet Chili: 1
Stockholm Mellan,ICA RAPID,Tuesday,32.0,19~40,28,Baguette/Kyckling Sweet Chili: 1 | Baguette/Ost & Skinka: 1 | Baguette/Salami & Brieost: 1 | Baguette/Skagen: 1 | Fralla/Ost & Skinka: 1 | Fralla/Ost: 1 | Grönsallad/Caesarsallad: 1 | Grönsallad/Kyckling: 1 | Hönökaka/Ost & Salami: 1 | Hönökaka/Ost & Skinka: 1 | Hönökaka/Ost: 1 | Pastasallad/Bacon & Kyckling: 2 | Pastasallad/Kyckling & Salladsost: 2 | Pastasallad/Kyckling kebab: 1 | Pastasallad/Kyckling mangocurry: 2 | Pastasallad/Räkor: 1 | Sandwich/Bacon & Äggröra: 1 | Sandwich/Clubsandwich: 1 | Sandwich/Kyckling Curry: 1 | Sandwich/Räkor: 1 | Sandwich/Ägg & Avocadokräm: 1 | Wraps/Caesar Kyckling: 1 | Wraps/Kyckling Bacon: 2 | Wraps/Kyckling Curry: 1 | Wraps/Sweet Chili: 1 | Wraps/Wrap Curry Oumph!: 1 | XL Frallor/Grovfralla Kalkon & Färskost: 1 | XL Frallor/Ost: 1
Stockholm Mellan,ICA Sigma,Tuesday,27.0,15~32,24,Baguette/Kyckling Sweet Chili: 1 | Baguette/Ost & Skinka: 1 | Baguette/Salami & Brieost: 1 | Fralla/Ost & Skinka: 2 | Fralla/Ost: 1 | Grönsallad/Kyckling: 1 | Hönökaka/Ost & Salami: 1 | Hönökaka/Ost & Skinka: 1 | Hönökaka/Ost: 1 | Pastasallad/Falafel: 1 | Pastasallad/Kyckling & Salladsost: 1 | Pastasallad/Kyckling mangocurry: 2 | Pastasallad/Ost & Skinka: 1 | Pastasallad/Räkor: 1 | Sandwich/Bacon & Äggröra: 1 | Sandwich/Clubsandwich: 1 | Sandwich/Kyckling Curry: 1 | Sandwich/Kyckling Pestoröra: 1 | Sandwich/Räkor: 1 | Wraps/Caesar Kyckling: 1 | Wraps/Kyckling Bacon: 1 | Wraps/Kyckling Curry: 1 | Wraps/Wrap Curry Oumph!: 2 | XL Frallor/Grovfralla Kalkon & Färskost: 1
Stockholm Mellan,ICA Supermarket Solna Centrum,Tuesday,65.0,53~84,25,Baguette/Kyckling Curry: 1 | Baguette/Ost & Skinka: 2 | Baguette/Salami & Brieost: 4 | Baguette/Skagen: 3 | Fralla/Ost & Skinka: 2 | Fralla/Ost: 2 | Hönökaka/Ost & Salami: 2 | Hönökaka/Ost & Skinka: 3 | Hönökaka/Ost: 2 | Pastasallad/Kyckling & Salladsost: 3 | Pastasallad/Kyckling mangocurry: 3 | Pastasallad/Räkor: 2 | Sandwich/Bacon & Äggröra: 2 | Sandwich/Clubsandwich: 2 | Sandwich/Kyckling Curry: 1 | Sandwich/Kyckling Pestoröra: 2 | Sandwich/Räkor: 2 | Sandwich/Ägg & Avocadokräm: 1 | Wraps/Caesar Kyckling: 5 | Wraps/Kyckling Bacon: 4 | Wraps/Kyckling Curry: 7 | Wraps/Sweet Chili: 4 | XL Frallor/Grovfralla Kalkon & Färskost: 3 | XL Frallor/Ost & Skinka: 2 | XL Frallor/Ost: 1
Stockholm Mellan,ICA Sätuna,Tuesday,31.0,27~41,18,Baguette/Kyckling Curry: 1 | Baguette/Salami & Brieost: 2 | Baguette/Skagen: 2 | Grönsallad/Caesarsallad: 1 | Hönökaka/Ost & Salami: 1 | Hönökaka/Ost & Skinka: 1 | Hönökaka/Ost: 1 | Pastasallad/Kyckling & Salladsost: 2 | Pastasallad/Kyckling mangocurry: 2 | Pastasallad/Räkor: 2 | Sandwich/Clubsandwich: 1 | Sandwich/Kyckling Curry: 1 | Sandwich/Kyckling Pestoröra: 1 | Sandwich/Ägg & Avocadokräm: 2 | Wraps/Caesar Kyckling: 3 | Wraps/Kyckling Bacon: 2 | Wraps/Kyckling Curry: 4 | Wraps/Sweet Chili: 2
Stockholm Mellan,Myway Danderyd,Tuesday,34.0,25~42,24,Baguette/Kyckling Curry: 1 | Baguette/Ost & Skinka: 1 | Baguette/Salami & Brieost: 1 | Baguette/Skagen: 1 | Fralla/Ost & Skinka: 6 | Fralla/Ost: 3 | Hönökaka/Ost & Salami: 1 | Hönökaka/Ost & Skinka: 2 | Hönökaka/Ost: 2 | Pastasallad/Bacon & Kyckling: 1 | Pastasallad/Kyckling mangocurry: 1 | Sandwich/Bacon & Äggröra: 1 | Sandwich/Clubsandwich: 1 | Sandwich/Kyckling Curry: 1 | Sandwich/Kyckling Pestoröra: 1 | Sandwich/Räkor: 1 | Sandwich/Ägg & Avocadokräm: 1 | Wraps/Caesar Kyckling: 1 | Wraps/Kyckling Bacon: 1 | Wraps/Kyckling Curry: 1 | Wraps/Sweet Chili: 1 | XL Frallor/Grovfralla Kalkon & Färskost: 2 | XL Frallor/Ost & Skinka: 1 | XL Frallor/Ost: 1
Stockholm Mellan,Quickstar SOLNA,Tuesday,27.0,17~31,18,Fralla/Ost & Skinka: 2 | Fralla/Ost: 2 | Hönökaka/Ost & Skinka: 5 | Hönökaka/Ost: 4 | Pastasallad/Bacon & Kyckling: 1 | Pastasallad/Kyckling & Salladsost: 1 | Pastasallad/Kyckling mangocurry: 1 | Pastasallad/Räkor: 1 | Sandwich/Clubsandwich: 1 | Sandwich/Kyckling Curry: 1 | Sandwich/Kyckling Pestoröra: 1 | Sandwich/Räkor: 1 | Wraps/Caesar Kyckling: 1 | Wraps/Kyckling Bacon: 1 | Wraps/Kyckling Curry: 1 | Wraps/Sweet Chili: 1 | XL Frallor/Grovfralla Kalkon & Färskost: 1 | XL Frallor/Ost & Skinka: 1
Stockholm Mellan,Coop Bredden,Wednesday,6.0,4~7,6,Fralla/Ost & Skinka: 1 | Fralla/Ost: 1 | Hönökaka/Ost & Skinka: 1 | Hönökaka/Ost: 1 | Pastasallad/Kyckling & Salladsost: 1 | Pastasallad/Kyckling mangocurry: 1
Stockholm Mellan,Coop Korpkulla,Wednesday,10.0,7~11,8,Fralla/Ost & Skinka: 2 | Fralla/Ost: 1 | Hönökaka/Ost & Skinka: 2 | Hönökaka/Ost: 1 | Pastasallad/Kyckling & Salladsost: 1 | Pastasallad/Kyckling mangocurry: 1 | Pastasallad/Ost & Skinka: 1 | XL Frallor/Ost: 1
Stockholm Mellan,Coop Märsta,Wednesday,35.0,29~39,28,Baguette/Kyckling Curry: 1 | Baguette/Ost & Skinka: 1 | Baguette/Salami & Brieost: 1 | Baguette/Skagen: 1 | Fralla/Ost & Skinka: 2 | Fralla/Ost: 2 | Grönsallad/Caesarsallad: 1 | Hönökaka/Ost & Salami: 1 | Hönökaka/Ost & Skinka: 1 | Hönökaka/Ost: 1 | Pastasallad/Bacon & Kyckling: 1 | Pastasallad/Falafel: 1 | Pastasallad/Kyckling & Salladsost: 2 | Pastasallad/Kyckling kebab: 1 | Pastasallad/Kyckling mangocurry: 2 | Pastasallad/Räkor: 2 | Sandwich/Bacon & Äggröra: 1 | Sandwich/Clubsandwich: 1 | Sandwich/Kyckling Pestoröra: 1 | Sandwich/Räkor: 1 | Sandwich/Ägg & Avocadokräm: 1 | Wraps/Caesar Kyckling: 2 | Wraps/Kyckling Bacon: 1 | Wraps/Kyckling Curry: 2 | Wraps/Sweet Chili: 1 | XL Frallor/Grovfralla Kalkon & Färskost: 1 | XL Frallor/Ost & Skinka: 1 | XL Frallor/Ost: 1
Stockholm Mellan,Coop Norrtull,Wednesday,9.0,8~10,9,Fralla/Ost & Skinka: 1 | Fralla/Ost: 1 | Hönökaka/Ost & Salami: 1 | Hönökaka/Ost & Skinka: 1 | Hönökaka/Ost: 1 | Pastasallad/Kyckling & Salladsost: 1 | Pastasallad/Kyckling mangocurry: 1 | Wraps/Kyckling Bacon: 1 | XL Frallor/Ost: 1
Stockholm Mellan,Coop Rotebro,Wednesday,6.0,3~6,6,Hönökaka/Ost & Skinka: 1 | Hönökaka/Ost: 1 | Pastasallad/Kyckling & Salladsost: 1 | Pastasallad/Kyckling mangocurry: 1 | Pastasallad/Räkor: 1 | Wraps/Kyckling Curry: 1
Stockholm Mellan,Daniel tobak affären (enbart tisdagar),Wednesday,2.0,0~2,2,Fralla/Ost: 1 | XL Frallor/Grovfralla Kalkon & Färskost: 1
Stockholm Mellan,Hemköp Scandinavia,Wednesday,2.0,1~2,2,Pastasallad/Kyckling & Salladsost: 1 | Pastasallad/Kyckling mangocurry: 1
Stockholm Mellan,Hemköp Ulriksdal,Wednesday,7.0,5~7,7,Baguette/Salami & Brieost: 1 | Fralla/Ost & Skinka: 1 | Hönökaka/Ost: 1 | Wraps/Caesar Kyckling: 1 | Wraps/Kyckling Bacon: 1 | Wraps/Kyckling Curry: 1 | Wraps/Sweet Chili: 1
Stockholm Mellan,ICA Dalastan,Wednesday,5.0,2~5,5,Fralla/Ost & Skinka: 1 | Hönökaka/Ost & Skinka: 1 | Hönökaka/Ost: 1 | Wraps/Caesar Kyckling: 1 | Wraps/Sweet Chili: 1
Stockholm Mellan,ICA Kista,Wednesday,34.0,30~44,27,Baguette/Ost & Skinka: 1 | Baguette/Salami & Brieost: 1 | Baguette/Skagen: 1 | Fralla/Ost & Skinka: 3 | Fralla/Ost: 2 | Grönsallad/Kyckling: 1 | Hönökaka/Ost & Salami: 1 | Hönökaka/Ost & Skinka: 2 | Hönökaka/Ost: 3 | Pastasallad/Bacon & Kyckling: 1 | Pastasallad/Kyckling & Salladsost: 1 | Pastasallad/Kyckling mangocurry: 1 | Pastasallad/Räkor: 1 | Sandwich/Bacon & Äggröra: 1 | Sandwich/Clubsandwich: 1 | Sandwich/Kyckling Curry: 1 | Sandwich/Kyckling Pestoröra: 1 | Sandwich/Räkor: 1 | Sandwich/Ägg & Avocadokräm: 1 | Wraps/Caesar Kyckling: 1 | Wraps/Kyckling Bacon: 2 | Wraps/Kyckling Curry: 1 | Wraps/Kycklingsallad Olivie: 1 | Wraps/Sweet Chili: 1 | XL Frallor/Grovfralla Kalkon & Färskost: 1 | XL Frallor/Ost & Skinka: 1 | XL Frallor/Ost: 1
Stockholm Mellan,ICA Lunden,Wednesday,7.0,4~7,7,Fralla/Ost & Skinka: 1 | Hönökaka/Ost & Skinka: 1 | Pastasallad/Kyckling & Salladsost: 1 | Pastasallad/Kyckling mangocurry: 1 | Wraps/Kyckling Bacon: 1 | Wraps/Kyckling Curry: 1 | Wraps/Sweet Chili: 1
Stockholm Mellan,ICA Norrviken,Wednesday,3.0,3~3,3,Hönökaka/Ost & Skinka: 1 | Pastasallad/Kyckling & Salladsost: 1 | Pastasallad/Kyckling mangocurry: 1
Stockholm Mellan,ICA Nära Roslagstull,Wednesday,3.0,3~3,3,Pastasallad/Kyckling mangocurry: 1 | Wraps/Kyckling Bacon: 1 | Wraps/Kyckling Curry: 1
Stockholm Mellan,ICA RAPID,Wednesday,4.0,2~4,4,Pastasallad/Bacon & Kyckling: 1 | Pastasallad/Kyckling & Salladsost: 1 | Pastasallad/Kyckling mangocurry: 1 | Wraps/Kyckling Bacon: 1
Stockholm Mellan,ICA Sigma,Wednesday,3.0,0~3,3,Fralla/Ost & Skinka: 1 | Pastasallad/Kyckling mangocurry: 1 | Wraps/Wrap Curry Oumph!: 1
Stockholm Mellan,ICA Supermarket Solna Centrum,Wednesday,23.0,18~29,21,Baguette/Ost & Skinka: 1 | Baguette/Salami & Brieost: 1 | Baguette/Skagen: 1 | Fralla/Ost & Skinka: 1 | Fralla/Ost: 1 | Hönökaka/Ost & Salami: 1 | Hönökaka/Ost & Skinka: 1 | Hönökaka/Ost: 1 | Pastasallad/Kyckling & Salladsost: 1 | Pastasallad/Kyckling mangocurry: 1 | Pastasallad/Räkor: 1 | Sandwich/Bacon & Äggröra: 1 | Sandwich/Clubsandwich: 1 | Sandwich/Kyckling Pestoröra: 1 | Sandwich/Räkor: 1 | Wraps/Caesar Kyckling: 2 | Wraps/Kyckling Bacon: 1 | Wraps/Kyckling Curry: 2 | Wraps/Sweet Chili: 1 | XL Frallor/Grovfralla Kalkon & Färskost: 1 | XL Frallor/Ost & Skinka: 1
Stockholm Mellan,ICA Sätuna,Wednesday,10.0,7~12,10,Baguette/Salami & Brieost: 1 | Baguette/Skagen: 1 | Pastasallad/Kyckling & Salladsost: 1 | Pastasallad/Kyckling mangocurry: 1 | Pastasallad/Räkor: 1 | Sandwich/Ägg & Avocadokräm: 1 | Wraps/Caesar Kyckling: 1 | Wraps/Kyckling Bacon: 1 | Wraps/Kyckling Curry: 1 | Wraps/Sweet Chili: 1
Stockholm Mellan,Myway Danderyd,Wednesday,6.0,4~8,5,Fralla/Ost & Skinka: 2 | Fralla/Ost: 1 | Hönökaka/Ost & Skinka: 1 | Hönökaka/Ost: 1 | XL Frallor/Grovfralla Kalkon & Färskost: 1
Stockholm Mellan,Quickstar SOLNA,Wednesday,5.0,5~6,4,Fralla/Ost & Skinka: 1 | Fralla/Ost: 1 | Hönökaka/Ost & Skinka: 2 | Hönökaka/Ost: 1
Stockholm Mellan,Coop Bredden,Thursday,34.599999999999994,31~58,24,Baguette/Kyckling Sweet Chili: 0 | Baguette/Ost & Skinka: 0 | Baguette/Salami & Brieost: 0 | Baguette/Skagen: 2 | Fralla/Ost & Skinka: 4 | Fralla/Ost: 1 | Grönsallad/Caesarsallad: 1 | Grönsallad/Kyckling: 1 | Hönökaka/Ost & Skinka: 2 | Hönökaka/Ost: 1 | Pastasallad/Bacon & Kyckling: 0 | Pastasallad/Kyckling & Salladsost: 1 | Pastasallad/Kyckling mangocurry: 4 | Pastasallad/Ost & Skinka: 0 | Pastasallad/Räkor: 0 | Sandwich/Clubsandwich: 0 | Sandwich/Kyckling Curry: 2 | Sandwich/Räkor: 0 | Sandwich/Ägg & Avocadokräm: 0 | Wraps/Caesar Kyckling: 0 | Wraps/Kyckling Bacon: 2 | Wraps/Kyckling Curry: 0 | Wraps/Sweet Chili: 0 | Wraps/Wrap Curry Oumph!: 0
Stockholm Mellan,Coop Korpkulla,Thursday,64.19999999999999,48~78,26,Baguette/Kyckling Curry: 0 | Baguette/Kycklingsallad Olivie: 2 | Baguette/Ost & Skinka: 2 | Baguette/Salami & Brieost: 1 | Baguette/Skagen: 2 | Fralla/Ost & Skinka: 6 | Fralla/Ost: 6 | Hönökaka/Ost & Salami: 0 | Hönökaka/Ost & Skinka: 6 | Hönökaka/Ost: 3 | Pastasallad/Bacon & Kyckling: 1 | Pastasallad/Kyckling & Salladsost: 4 | Pastasallad/Kyckling mangocurry: 5 | Pastasallad/Ost & Skinka: 1 | Pastasallad/Räkor: 2 | Sandwich/Bacon & Äggröra: 0 | Sandwich/Clubsandwich: 2 | Sandwich/Kyckling Curry: 2 | Sandwich/Räkor: 2 | Wraps/Caesar Kyckling: 1 | Wraps/Kyckling Bacon: 2 | Wraps/Kyckling Curry: 0 | Wraps/Sweet Chili: 0 | Wraps/Wrap Curry Oumph!: 2 | XL Frallor/Ost & Skinka: 2 | XL Frallor/Ost: 1
Stockholm Mellan,Coop Märsta,Thursday,128.99999999999997,105~170,39,Baguette/Kyckling Curry: 4 | Baguette/Kyckling Sweet Chili: 1 | Baguette/Kycklingsallad Olivie: 2 | Baguette/Ost & Skinka: 2 | Baguette/Salami & Brieost: 4 | Baguette/Skagen: 4 | Fralla/Ost & Skinka: 9 | Fralla/Ost: 9 | Grönsallad/Caesarsallad: 1 | Grönsallad/Kyckling: 1 | Hönökaka/Ost & Salami: 4 | Hönökaka/Ost & Skinka: 4 | Hönökaka/Ost: 2 | Pastasallad/Bacon & Kyckling: 2 | Pastasallad/Falafel: 1 | Pastasallad/Kyckling & Salladsost: 6 | Pastasallad/Kyckling kebab: 1 | Pastasallad/Kyckling mangocurry: 6 | Pastasallad/Ost & Skinka: 2 | Pastasallad/Räkor: 6 | Sandwich/Bacon & Äggröra: 1 | Sandwich/Clubsandwich: 2 | Sandwich/Kyckling Curry: 2 | Sandwich/Kyckling Pestoröra: 1 | Sandwich/Räkor: 1 | Sandwich/Ägg & Avocadokräm: 1 | Varmrätt/Cevapcici med bulgur: 0 | Varmrätt/Kycklingkebab med bulgur: 0 | Varmrätt/Kycklingspett med ris: 1 | Varmrätt/Teriyakibiff med ris: 0 | Varmrätt/Teriyakikycklingfile med basmatiris: 0 | Wraps/Caesar Kyckling: 7 | Wraps/Kyckling Bacon: 4 | Wraps/Kyckling Curry: 6 | Wraps/Kycklingsallad Olivie: 2 | Wraps/Sweet Chili: 5 | XL Frallor/Grovfralla Kalkon & Färskost: 3 | XL Frallor/Ost & Skinka: 3 | XL Frallor/Ost: 3
Stockholm Mellan,Coop Norrtull,Thursday,56.79999999999998,43~72,25,Baguette/Ost & Skinka: 2 | Baguette/Salami & Brieost: 0 | Baguette/Skagen: 1 | Fralla/Ost & Skinka: 3 | Fralla/Ost: 2 | Grönsallad/Caesarsallad: 2 | Grönsallad/Kyckling: 2 | Hönökaka/Ost & Salami: 5 | Hönökaka/Ost & Skinka: 4 | Hönökaka/Ost: 5 | Pastasallad/Bacon & Kyckling: 2 | Pastasallad/Kyckling & Salladsost: 1 | Pastasallad/Kyckling mangocurry: 2 | Pastasallad/Ost & Skinka: 2 | Pastasallad/Räkor: 0 | Sandwich/Clubsandwich: 2 | Sandwich/Kyckling Curry: 0 | Sandwich/Kyckling Pestoröra: 0 | Sandwich/Räkor: 1 | Wraps/Caesar Kyckling: 2 | Wraps/Kyckling Bacon: 2 | Wraps/Kyckling Curry: 2 | Wraps/Sweet Chili: 2 | XL Frallor/Ost & Skinka: 1 | XL Frallor/Ost: 1
Stockholm Mellan,Coop Rotebro,Thursday,41.39999999999999,39~65,28,Baguette/Kyckling Curry: 2 | Baguette/Ost & Skinka: 2 | Baguette/Salami & Brieost: 1 | Baguette/Skagen: 2 | Fralla/Ost & Skinka: 1 | Fralla/Ost: 2 | Grönsallad/Caesarsallad: 2 | Grönsallad/Kyckling: 0 | Hönökaka/Ost & Salami: 0 | Hönökaka/Ost & Skinka: 1 | Hönökaka/Ost: 1 | Pastasallad/Kyckling & Salladsost: 1 | Pastasallad/Kyckling kebab: 0 | Pastasallad/Kyckling mangocurry: 2 | Pastasallad/Räkor: 2 | Sandwich/Bacon & Äggröra: 0 | Sandwich/Clubsandwich: 0 | Sandwich/Kyckling Curry: 0 | Sandwich/Kyckling Pestoröra: 0 | Sandwich/Räkor: 1 | Sandwich/Ägg & Avocadokräm: 0 | Wraps/Caesar Kyckling: 1 | Wraps/Kyckling Bacon: 0 | Wraps/Kyckling Curry: 2 | Wraps/Sweet Chili: 1 | XL Frallor/Grovfralla Kalkon & Färskost: 2 | XL Frallor/Ost & Skinka: 0 | XL Frallor/Ost: 0
Stockholm Mellan,Daniel tobak affären (enbart tisdagar),Thursday,10.2,11~18,9,Baguette/Kyckling Curry: 0 | Baguette/Ost & Skinka: 0 | Baguette/Skagen: 1 | Fralla/Ost & Skinka: 2 | Fralla/Ost: 1 | Sandwich/Clubsandwich: 1 | XL Frallor/Grovfralla Kalkon & Färskost: 1 | XL Frallor/Ost & Skinka: 0 | XL Frallor/Ost: 0
Stockholm Mellan,Hemköp Scandinavia,Thursday,10.599999999999996,8~15,6,Baguette/Kyckling Curry: 2 | Baguette/Salami & Brieost: 2 | Baguette/Skagen: 2 | Pastasallad/Kyckling & Salladsost: 1 | Pastasallad/Kyckling mangocurry: 1 | Pastasallad/Räkor: 1
Stockholm Mellan,Hemköp Ulriksdal,Thursday,35.399999999999984,31~56,23,Baguette/Ost & Skinka: 2 | Baguette/Salami & Brieost: 1 | Baguette/Skagen: 1 | Fralla/Ost & Skinka: 1 | Fralla/Ost: 1 | Hönökaka/Ost & Salami: 1 | Hönökaka/Ost & Skinka: 1 | Hönökaka/Ost: 1 | Pastasallad/Kyckling & Salladsost: 2 | Pastasallad/Kyckling mangocurry: 2 | Pastasallad/Räkor: 0 | Sandwich/Clubsandwich: 2 | Sandwich/Kyckling Curry: 0 | Sandwich/Kyckling Pestoröra: 1 | Sandwich/Räkor: 1 | Sandwich/Ägg & Avocadokräm: 0 | Wraps/Caesar Kyckling: 1 | Wraps/Kyckling Bacon: 2 | Wraps/Kyckling Curry: 1 | Wraps/Sweet Chili: 1 | XL Frallor/Grovfralla Kalkon & Färskost: 0 | XL Frallor/Ost & Skinka: 1 | XL Frallor/Ost: 2
Stockholm Mellan,ICA Dalastan,Thursday,39.79999999999999,31~54,25,Baguette/Kyckling Sweet Chili: 0 | Baguette/Ost & Skinka: 0 | Baguette/Salami & Brieost: 2 | Baguette/Skagen: 2 | Fralla/Ost & Skinka: 1 | Fralla/Ost: 1 | Grönsallad/Caesarsallad: 2 | Grönsallad/Kyckling: 2 | Hönökaka/Ost & Skinka: 4 | Hönökaka/Ost: 1 | Pastasallad/Bacon & Kyckling: 0 | Pastasallad/Kyckling & Salladsost: 2 | Pastasallad/Kyckling mangocurry: 1 | Pastasallad/Ost & Skinka: 2 | Pastasallad/Räkor: 0 | Sandwich/Clubsandwich: 1 | Sandwich/Kyckling Pestoröra: 0 | Sandwich/Räkor: 0 | Varmrätt/Cevapcici med bulgur: 1 | Wraps/Caesar Kyckling: 1 | Wraps/Kyckling Bacon: 2 | Wraps/Kyckling Curry: 2 | Wraps/Sweet Chili: 1 | XL Frallor/Ost & Skinka: 1 | XL Frallor/Ost: 1
Stockholm Mellan,ICA Kista,Thursday,135.59999999999997,114~176,36,Baguette/Kyckling Curry: 1 | Baguette/Kyckling Sweet Chili: 2 | Baguette/Ost & Skinka: 1 | Baguette/Salami & Brieost: 1 | Baguette/Skagen: 2 | Fralla/Ost & Skinka: 13 | Fralla/Ost: 6 | Glutenfri Frallor/Glutenfri Ost & Skinka(endast söndagsbeställning): 0 | Glutenfri Frallor/Glutenfri Ost(endast söndagsbeställning): 0 | Glutenfri Frallor/Glutenfri Pumpafralla Kalkon & Färskost(endast söndagsbeställning): 0 | Grönsallad/Caesarsallad: 1 | Grönsallad/Kyckling: 2 | Hönökaka/Ost & Salami: 4 | Hönökaka/Ost & Skinka: 9 | Hönökaka/Ost: 10 | Pastasallad/Bacon & Kyckling: 1 | Pastasallad/Falafel: 1 | Pastasallad/Kyckling & Salladsost: 1 | Pastasallad/Kyckling mangocurry: 4 | Pastasallad/Ost & Skinka: 2 | Pastasallad/Räkor: 1 | Sandwich/Bacon & Äggröra: 4 | Sandwich/Clubsandwich: 3 | Sandwich/Kyckling Curry: 4 | Sandwich/Kyckling Pestoröra: 4 | Sandwich/Räkor: 3 | Sandwich/Ägg & Avocadokräm: 4 | Wraps/Caesar Kyckling: 4 | Wraps/Kyckling Bacon: 6 | Wraps/Kyckling Curry: 4 | Wraps/Kycklingsallad Olivie: 4 | Wraps/Sweet Chili: 4 | Wraps/Wrap Curry Oumph!: 1 | XL Frallor/Grovfralla Kalkon & Färskost: 4 | XL Frallor/Ost & Skinka: 6 | XL Frallor/Ost: 3
Stockholm Mellan,ICA Lunden,Thursday,50.79999999999998,41~69,32,Baguette/Kyckling Curry: 0 | Baguette/Ost & Skinka: 1 | Baguette/Salami & Brieost: 1 | Baguette/Skagen: 0 | Fralla/Ost & Skinka: 1 | Fralla/Ost: 2 | Grönsallad/Caesarsallad: 1 | Grönsallad/Kyckling: 0 | Hönökaka/Ost & Salami: 1 | Hönökaka/Ost & Skinka: 1 | Hönökaka/Ost: 2 | Pastasallad/Bacon & Kyckling: 0 | Pastasallad/Falafel: 0 | Pastasallad/Kyckling & Salladsost: 1 | Pastasallad/Kyckling mangocurry: 3 | Pastasallad/Ost & Skinka: 2 | Pastasallad/Räkor: 2 | Sandwich/Kyckling Curry: 1 | Sandwich/Kyckling Pestoröra: 2 | Sandwich/Räkor: 2 | Sandwich/Ägg & Avocadokräm: 0 | Varmrätt/Kycklingspett med ris: 1 | Varmrätt/Teriyakibiff med ris: 1 | Varmrätt/Teriyakikycklingfile med basmatiris: 1 | Wraps/Caesar Kyckling: 2 | Wraps/Kyckling Bacon: 1 | Wraps/Kyckling Curry: 2 | Wraps/Kycklingsallad Olivie: 2 | Wraps/Sweet Chili: 1 | Wraps/Wrap Curry Oumph!: 1 | XL Frallor/Ost & Skinka: 2 | XL Frallor/Ost: 0
Stockholm Mellan,ICA Norrviken,Thursday,28.19999999999999,27~51,23,Baguette/Salami & Brieost: 0 | Fralla/Ost & Skinka: 2 | Fralla/Ost: 1 | Grönsallad/Caesarsallad: 0 | Grönsallad/Kyckling: 0 | Hönökaka/Ost & Salami: 1 | Hönökaka/Ost & Skinka: 1 | Hönökaka/Ost: 2 | Pastasallad/Bacon & Kyckling: 0 | Pastasallad/Kyckling & Salladsost: 1 | Pastasallad/Kyckling kebab: 0 | Pastasallad/Kyckling mangocurry: 1 | Pastasallad/Ost & Skinka: 0 | Pastasallad/Räkor: 2 | Sandwich/Clubsandwich: 1 | Sandwich/Kyckling Curry: 0 | Sandwich/Räkor: 0 | Wraps/Caesar Kyckling: 0 | Wraps/Kyckling Bacon: 0 | Wraps/Kyckling Curry: 1 | Wraps/Sweet Chili: 1 | XL Frallor/Grovfralla Kalkon & Färskost: 0 | XL Frallor/Ost & Skinka: 0
Stockholm Mellan,ICA Nära Roslagstull,Thursday,33.99999999999999,21~39,19,Baguette/Kyckling Curry: 2 | Baguette/Kyckling Sweet Chili: 1 | Baguette/Skagen: 2 | Pastasallad/Bacon & Kyckling: 2 | Pastasallad/Kyckling & Salladsost: 1 | Pastasallad/Kyckling mangocurry: 4 | Pastasallad/Ost & Skinka: 2 | Pastasallad/Räkor: 0 | Sandwich/Clubsandwich: 0 | Sandwich/Kyckling Pestoröra: 1 | Sandwich/Räkor: 2 | Varmrätt/Cevapcici med bulgur: 1 | Varmrätt/Kyckling-och böngryta: 1 | Varmrätt/Kycklingspett med ris: 1 | Varmrätt/Teriyakibiff med ris: 1 | Wraps/Caesar Kyckling: 2 | Wraps/Kyckling Bacon: 1 | Wraps/Kyckling Curry: 1 | Wraps/Sweet Chili: 2
Stockholm Mellan,ICA RAPID,Thursday,46.999999999999986,41~66,31,Baguette/Kyckling Sweet Chili: 0 | Baguette/Ost & Skinka: 0 | Baguette/Salami & Brieost: 0 | Baguette/Skagen: 2 | Fralla/Ost & Skinka: 1 | Fralla/Ost: 2 | Grönsallad/Caesarsallad: 0 | Grönsallad/Kyckling: 0 | Hönökaka/Ost & Salami: 1 | Hönökaka/Ost & Skinka: 1 | Hönökaka/Ost: 2 | Pastasallad/Bacon & Kyckling: 1 | Pastasallad/Kyckling & Salladsost: 4 | Pastasallad/Kyckling kebab: 0 | Pastasallad/Kyckling mangocurry: 2 | Pastasallad/Räkor: 1 | Sandwich/Bacon & Äggröra: 2 | Sandwich/Clubsandwich: 2 | Sandwich/Kyckling Curry: 2 | Sandwich/Räkor: 0 | Sandwich/Ägg & Avocadokräm: 0 | Varmrätt/Kycklingspett med ris: 1 | Varmrätt/Teriyakibiff med ris: 1 | Varmrätt/Teriyakikycklingfile med basmatiris: 1 | Wraps/Caesar Kyckling: 1 | Wraps/Kyckling Bacon: 1 | Wraps/Kyckling Curry: 0 | Wraps/Sweet Chili: 1 | Wraps/Wrap Curry Oumph!: 2 | XL Frallor/Grovfralla Kalkon & Färskost: 0 | XL Frallor/Ost: 0
Stockholm Mellan,ICA Sigma,Thursday,40.599999999999994,37~56,29,Baguette/Kyckling Sweet Chili: 0 | Baguette/Kycklingsallad Olivie: 1 | Baguette/Ost & Skinka: 0 | Baguette/Salami & Brieost: 0 | Fralla/Ost & Skinka: 1 | Fralla/Ost: 0 | Grönsallad/Kyckling: 2 | Hönökaka/Ost & Salami: 0 | Hönökaka/Ost & Skinka: 2 | Hönökaka/Ost: 1 | Pastasallad/Falafel: 2 | Pastasallad/Kyckling & Salladsost: 1 | Pastasallad/Kyckling mangocurry: 1 | Pastasallad/Ost & Skinka: 1 | Pastasallad/Räkor: 1 | Sandwich/Bacon & Äggröra: 2 | Sandwich/Clubsandwich: 2 | Sandwich/Kyckling Curry: 2 | Sandwich/Kyckling Pestoröra: 2 | Sandwich/Räkor: 0 | Sandwich/Ägg & Avocadokräm: 1 | Varmrätt/Kycklingspett med ris: 1 | Varmrätt/Teriyakikycklingfile med basmatiris: 1 | Wraps/Caesar Kyckling: 0 | Wraps/Kyckling Bacon: 1 | Wraps/Kyckling Curry: 0 | Wraps/Wrap Curry Oumph!: 1 | XL Frallor/Grovfralla Kalkon & Färskost: 0 | XL Frallor/Ost: 1
Stockholm Mellan,ICA Supermarket Solna Centrum,Thursday,88.19999999999999,75~113,27,Baguette/Kyckling Curry: 1 | Baguette/Kyckling Sweet Chili: 1 | Baguette/Ost & Skinka: 1 | Baguette/Salami & Brieost: 4 | Baguette/Skagen: 5 | Fralla/Ost & Skinka: 4 | Fralla/Ost: 1 | Hönökaka/Ost & Salami: 4 | Hönökaka/Ost & Skinka: 3 | Hönökaka/Ost: 1 | Pastasallad/Bacon & Kyckling: 1 | Pastasallad/Kyckling & Salladsost: 4 | Pastasallad/Kyckling mangocurry: 4 | Pastasallad/Räkor: 4 | Sandwich/Bacon & Äggröra: 1 | Sandwich/Clubsandwich: 2 | Sandwich/Kyckling Curry: 1 | Sandwich/Kyckling Pestoröra: 1 | Sandwich/Räkor: 1 | Sandwich/Ägg & Avocadokräm: 1 | Wraps/Caesar Kyckling: 6 | Wraps/Kyckling Bacon: 6 | Wraps/Kyckling Curry: 9 | Wraps/Sweet Chili: 6 | XL Frallor/Grovfralla Kalkon & Färskost: 3 | XL Frallor/Ost & Skinka: 2 | XL Frallor/Ost: 1
Stockholm Mellan,ICA Sätuna,Thursday,46.999999999999986,39~61,21,Baguette/Kyckling Curry: 2 | Baguette/Ost & Skinka: 1 | Baguette/Salami & Brieost: 1 | Baguette/Skagen: 1 | Grönsallad/Caesarsallad: 2 | Hönökaka/Ost & Salami: 2 | Hönökaka/Ost & Skinka: 1 | Hönökaka/Ost: 1 | Pastasallad/Kyckling & Salladsost: 2 | Pastasallad/Kyckling mangocurry: 4 | Pastasallad/Räkor: 2 | Sandwich/Bacon & Äggröra: 1 | Sandwich/Clubsandwich: 1 | Sandwich/Kyckling Curry: 1 | Sandwich/Kyckling Pestoröra: 2 | Sandwich/Räkor: 1 | Sandwich/Ägg & Avocadokräm: 1 | Wraps/Caesar Kyckling: 4 | Wraps/Kyckling Bacon: 1 | Wraps/Kyckling Curry: 4 | Wraps/Sweet Chili: 4
Stockholm Mellan,Myway Danderyd,Thursday,46.59999999999999,41~63,25,Baguette/Kyckling Curry: 0 | Baguette/Kyckling Sweet Chili: 1 | Baguette/Ost & Skinka: 0 | Baguette/Salami & Brieost: 2 | Baguette/Skagen: 0 | Fralla/Ost & Skinka: 7 | Fralla/Ost: 4 | Hönökaka/Ost & Salami: 2 | Hönökaka/Ost & Skinka: 1 | Hönökaka/Ost: 1 | Pastasallad/Bacon & Kyckling: 0 | Pastasallad/Kyckling mangocurry: 0 | Sandwich/Bacon & Äggröra: 2 | Sandwich/Clubsandwich: 1 | Sandwich/Kyckling Curry: 2 | Sandwich/Kyckling Pestoröra: 0 | Sandwich/Räkor: 2 | Sandwich/Ägg & Avocadokräm: 2 | Wraps/Caesar Kyckling: 2 | Wraps/Kyckling Bacon: 1 | Wraps/Kyckling Curry: 1 | Wraps/Sweet Chili: 1 | XL Frallor/Grovfralla Kalkon & Färskost: 1 | XL Frallor/Ost & Skinka: 1 | XL Frallor/Ost: 1
Stockholm Mellan,Quickstar SOLNA,Thursday,43.399999999999984,33~55,23,Baguette/Salami & Brieost: 1 | Baguette/Skagen: 1 | Fralla/Ost & Skinka: 2 | Fralla/Ost: 2 | Hönökaka/Ost & Skinka: 6 | Hönökaka/Ost: 4 | Pastasallad/Bacon & Kyckling: 0 | Pastasallad/Kyckling & Salladsost: 2 | Pastasallad/Kyckling mangocurry: 2 | Pastasallad/Ost & Skinka: 1 | Pastasallad/Räkor: 2 | Sandwich/Clubsandwich: 0 | Sandwich/Kyckling Curry: 0 | Sandwich/Kyckling Pestoröra: 0 | Sandwich/Räkor: 2 | Sandwich/Ägg & Avocadokräm: 1 | Wraps/Caesar Kyckling: 0 | Wraps/Kyckling Bacon: 2 | Wraps/Kyckling Curry: 0 | Wraps/Kycklingsallad Olivie: 1 | Wraps/Sweet Chili: 2 | XL Frallor/Grovfralla Kalkon & Färskost: 0 | XL Frallor/Ost & Skinka: 0
Stockholm N,Coop Barkarby,Sunday,34.0,29~51,22,Baguette/Kyckling Curry: 1 | Baguette/Ost & Skinka: 1 | Baguette/Salami & Brieost: 1 | Baguette/Skagen: 1 | Fralla/Ost & Skinka: 3 | Fralla/Ost: 1 | Grönsallad/Caesarsallad: 1 | Hönökaka/Ost & Salami: 2 | Hönökaka/Ost & Skinka: 1 | Pastasallad/Bacon & Kyckling: 1 | Pastasallad/Kyckling & Salladsost: 3 | Pastasallad/Kyckling mangocurry: 3 | Pastasallad/Räkor: 2 | Sandwich/Clubsandwich: 1 | Sandwich/Kyckling Curry: 1 | Sandwich/Räkor: 1 | Wraps/Caesar Kyckling: 2 | Wraps/Kyckling Bacon: 1 | Wraps/Kyckling Curry: 3 | Wraps/Sweet Chili: 2 | XL Frallor/Grovfralla Kalkon & Färskost: 1 | XL Frallor/Ost & Skinka: 1
Stockholm N,Coop Brommaplan,Sunday,23.0,21~41,20,Baguette/Kyckling Curry: 1 | Baguette/Salami & Brieost: 1 | Baguette/Skagen: 1 | Fralla/Ost & Skinka: 1 | Fralla/Ost: 1 | Hönökaka/Ost & Salami: 1 | Hönökaka/Ost & Skinka: 1 | Hönökaka/Ost: 1 | Pastasallad/Kyckling & Salladsost: 1 | Pastasallad/Kyckling mangocurry: 2 | Sandwich/Bacon & Äggröra: 1 | Sandwich/Clubsandwich: 1 | Sandwich/Kyckling Curry: 1 | Sandwich/Räkor: 1 | Wraps/Caesar Kyckling: 2 | Wraps/Kyckling Bacon: 1 | Wraps/Kyckling Curry: 2 | Wraps/Sweet Chili: 1 | XL Frallor/Grovfralla Kalkon & Färskost: 1 | XL Frallor/Ost & Skinka: 1
Stockholm N,Coop Bromsten,Sunday,41.0,30~54,22,Baguette/Salami & Brieost: 1 | Baguette/Skagen: 2 | Fralla/Ost & Skinka: 2 | Fralla/Ost: 1 | Grönsallad/Caesarsallad: 2 | Grönsallad/Kyckling: 1 | Hönökaka/Ost & Skinka: 4 | Hönökaka/Ost: 2 | Pastasallad/Bacon & Kyckling: 1 | Pastasallad/Kyckling & Salladsost: 2 | Pastasallad/Kyckling mangocurry: 2 | Pastasallad/Ost & Skinka: 1 | Pastasallad/Räkor: 2 | Sandwich/Bacon & Äggröra: 2 | Sandwich/Clubsandwich: 3 | Sandwich/Kyckling Curry: 3 | Sandwich/Kyckling Pestoröra: 1 | Sandwich/Räkor: 2 | Wraps/Caesar Kyckling: 2 | Wraps/Kyckling Bacon: 2 | Wraps/Kyckling Curry: 2 | Wraps/Sweet Chili: 1
Stockholm N,Coop Kungsängen,Sunday,67.0,52~88,27,Baguette/Kyckling Curry: 2 | Baguette/Kyckling Sweet Chili: 1 | Baguette/Ost & Skinka: 1 | Baguette/Salami & Brieost: 2 | Baguette/Skagen: 3 | Fralla/Ost & Skinka: 7 | Fralla/Ost: 5 | Grönsallad/Caesarsallad: 1 | Hönökaka/Ost & Salami: 3 | Hönökaka/Ost & Skinka: 3 | Hönökaka/Ost: 2 | Pastasallad/Bacon & Kyckling: 1 | Pastasallad/Kyckling & Salladsost: 3 | Pastasallad/Kyckling mangocurry: 3 | Pastasallad/Räkor: 3 | Sandwich/Clubsandwich: 2 | Sandwich/Kyckling Curry: 1 | Sandwich/Kyckling Pestoröra: 1 | Sandwich/Räkor: 3 | Sandwich/Ägg & Avocadokräm: 1 | Wraps/Caesar Kyckling: 3 | Wraps/Kyckling Bacon: 1 | Wraps/Kyckling Curry: 4 | Wraps/Sweet Chili: 2 | XL Frallor/Grovfralla Kalkon & Färskost: 4 | XL Frallor/Ost & Skinka: 3 | XL Frallor/Ost: 2
Stockholm N,Coop Spånga-torg,Sunday,28.0,22~40,14,Fralla/Ost & Skinka: 3 | Fralla/Ost: 1 | Hönökaka/Ost & Skinka: 3 | Hönökaka/Ost: 1 | Räkmacka Liten/Räkmacka liten: 1 | Sandwich/Bacon & Äggröra: 2 | Sandwich/Clubsandwich: 3 | Sandwich/Kyckling Curry: 1 | Sandwich/Kyckling Pestoröra: 1 | Sandwich/Räkor: 2 | Wraps/Caesar Kyckling: 4 | Wraps/Kyckling Bacon: 2 | Wraps/Kyckling Curry: 3 | Wraps/Sweet Chili: 1
Stockholm N,Coop Sundby Park,Sunday,76.0,59~100,28,Baguette/Kyckling Curry: 1 | Baguette/Kyckling Sweet Chili: 1 | Baguette/Ost & Skinka: 2 | Baguette/Salami & Brieost: 2 | Baguette/Skagen: 3 | Fralla/Ost & Skinka: 4 | Fralla/Ost: 3 | Grönsallad/Caesarsallad: 2 | Grönsallad/Kyckling: 3 | Hönökaka/Ost & Salami: 1 | Hönökaka/Ost & Skinka: 4 | Hönökaka/Ost: 2 | Pastasallad/Bacon & Kyckling: 3 | Pastasallad/Kyckling & Salladsost: 4 | Pastasallad/Kyckling kebab: 1 | Pastasallad/Kyckling mangocurry: 4 | Pastasallad/Ost & Skinka: 3 | Pastasallad/Räkor: 3 | Sandwich/Bacon & Äggröra: 1 | Sandwich/Clubsandwich: 3 | Sandwich/Kyckling Curry: 1 | Sandwich/Kyckling Pestoröra: 1 | Sandwich/Räkor: 2 | Sandwich/Ägg & Avocadokräm: 1 | Wraps/Caesar Kyckling: 5 | Wraps/Kyckling Bacon: 5 | Wraps/Kyckling Curry: 6 | Wraps/Sweet Chili: 5
Stockholm N,Coop Tibble,Sunday,15.0,13~25,11,Baguette/Kyckling Curry: 1 | Baguette/Kyckling Sweet Chili: 1 | Baguette/Skagen: 1 | Pastasallad/Kyckling & Salladsost: 3 | Pastasallad/Kyckling mangocurry: 3 | Pastasallad/Räkor: 1 | Sandwich/Kyckling Curry: 1 | Sandwich/Räkor: 1 | Wraps/Kyckling Bacon: 1 | Wraps/Kyckling Curry: 1 | Wraps/Sweet Chili: 1
Stockholm N,ICA Bromma,Sunday,54.0,45~79,29,Baguette/Kyckling Curry: 1 | Baguette/Kyckling Sweet Chili: 1 | Baguette/Ost & Skinka: 1 | Baguette/Salami & Brieost: 1 | Baguette/Skagen: 1 | Fralla/Ost & Skinka: 3 | Fralla/Ost: 1 | Grönsallad/Caesarsallad: 1 | Grönsallad/Kyckling: 2 | Hönökaka/Ost & Skinka: 3 | Hönökaka/Ost: 2 | Pastasallad/Bacon & Kyckling: 2 | Pastasallad/Kyckling & Salladsost: 3 | Pastasallad/Kyckling mangocurry: 4 | Pastasallad/Ost & Skinka: 2 | Pastasallad/Räkor: 1 | Räkstubbe/Räkstubbe: 1 | Sandwich/Bacon & Äggröra: 1 | Sandwich/Clubsandwich: 2 | Sandwich/Kyckling Curry: 1 | Sandwich/Räkor: 3 | Sandwich/Ägg & Avocadokräm: 1 | Wraps/Caesar Kyckling: 4 | Wraps/Kyckling Bacon: 3 | Wraps/Kyckling Curry: 3 | Wraps/Sweet Chili: 2 | XL Frallor/Grovfralla Kalkon & Färskost: 1 | XL Frallor/Ost & Skinka: 1 | XL Frallor/Ost: 2
Stockholm N,ICA Spånga,Sunday,70.0,56~95,29,Baguette/Kyckling Curry: 2 | Baguette/Ost & Skinka: 1 | Baguette/Salami & Brieost: 2 | Baguette/Skagen: 3 | Fralla/Ost & Skinka: 5 | Fralla/Ost: 2 | Grönsallad/Caesarsallad: 2 | Grönsallad/Kyckling: 1 | Hönökaka/Ost & Skinka: 5 | Hönökaka/Ost: 4 | Pastasallad/Bacon & Kyckling: 2 | Pastasallad/Falafel: 1 | Pastasallad/Kyckling & Salladsost: 3 | Pastasallad/Kyckling mangocurry: 3 | Pastasallad/Ost & Skinka: 3 | Pastasallad/Räkor: 1 | Räkmacka Liten/Räkmacka liten: 1 | Sandwich/Clubsandwich: 2 | Sandwich/Kyckling Curry: 3 | Sandwich/Räkor: 2 | Sandwich/Ägg & Avocadokräm: 1 | Wraps/Caesar Kyckling: 3 | Wraps/Kyckling Bacon: 3 | Wraps/Kyckling Curry: 4 | Wraps/Kycklingsallad Olivie: 1 | Wraps/Sweet Chili: 3 | XL Frallor/Grovfralla Kalkon & Färskost: 3 | XL Frallor/Ost & Skinka: 2 | XL Frallor/Ost: 2
Stockholm N,Coop Barkarby,Monday,8.0,4~8,8,Fralla/Ost & Skinka: 1 | Hönökaka/Ost & Salami: 1 | Pastasallad/Kyckling & Salladsost: 1 | Pastasallad/Kyckling mangocurry: 1 | Pastasallad/Räkor: 1 | Wraps/Caesar Kyckling: 1 | Wraps/Kyckling Curry: 1 | Wraps/Sweet Chili: 1
Stockholm N,Coop Brommaplan,Monday,3.0,0~3,3,Pastasallad/Kyckling mangocurry: 1 | Wraps/Caesar Kyckling: 1 | Wraps/Kyckling Curry: 1
Stockholm N,Coop Bromsten,Monday,15.0,3~16,15,Baguette/Skagen: 1 | Fralla/Ost & Skinka: 1 | Grönsallad/Caesarsallad: 1 | Hönökaka/Ost & Skinka: 1 | Hönökaka/Ost: 1 | Pastasallad/Kyckling & Salladsost: 1 | Pastasallad/Kyckling mangocurry: 1 | Pastasallad/Räkor: 1 | Sandwich/Bacon & Äggröra: 1 | Sandwich/Clubsandwich: 1 | Sandwich/Kyckling Curry: 1 | Sandwich/Räkor: 1 | Wraps/Caesar Kyckling: 1 | Wraps/Kyckling Bacon: 1 | Wraps/Kyckling Curry: 1
Stockholm N,Coop Kungsängen,Monday,21.0,14~24,19,Baguette/Kyckling Curry: 1 | Baguette/Salami & Brieost: 1 | Baguette/Skagen: 1 | Fralla/Ost & Skinka: 2 | Fralla/Ost: 2 | Hönökaka/Ost & Salami: 1 | Hönökaka/Ost & Skinka: 1 | Hönökaka/Ost: 1 | Pastasallad/Kyckling & Salladsost: 1 | Pastasallad/Kyckling mangocurry: 1 | Pastasallad/Räkor: 1 | Sandwich/Clubsandwich: 1 | Sandwich/Räkor: 1 | Wraps/Caesar Kyckling: 1 | Wraps/Kyckling Curry: 1 | Wraps/Sweet Chili: 1 | XL Frallor/Grovfralla Kalkon & Färskost: 1 | XL Frallor/Ost & Skinka: 1 | XL Frallor/Ost: 1
Stockholm N,Coop Spånga-torg,Monday,8.0,5~9,8,Fralla/Ost & Skinka: 1 | Hönökaka/Ost & Skinka: 1 | Sandwich/Bacon & Äggröra: 1 | Sandwich/Clubsandwich: 1 | Sandwich/Räkor: 1 | Wraps/Caesar Kyckling: 1 | Wraps/Kyckling Bacon: 1 | Wraps/Kyckling Curry: 1
Stockholm N,Coop Sundby Park,Monday,24.0,17~29,20,Baguette/Ost & Skinka: 1 | Baguette/Salami & Brieost: 1 | Baguette/Skagen: 1 | Fralla/Ost & Skinka: 1 | Fralla/Ost: 1 | Grönsallad/Caesarsallad: 1 | Grönsallad/Kyckling: 1 | Hönökaka/Ost & Skinka: 1 | Hönökaka/Ost: 1 | Pastasallad/Bacon & Kyckling: 1 | Pastasallad/Kyckling & Salladsost: 1 | Pastasallad/Kyckling mangocurry: 1 | Pastasallad/Ost & Skinka: 1 | Pastasallad/Räkor: 1 | Sandwich/Clubsandwich: 1 | Sandwich/Räkor: 1 | Wraps/Caesar Kyckling: 2 | Wraps/Kyckling Bacon: 2 | Wraps/Kyckling Curry: 2 | Wraps/Sweet Chili: 2
Stockholm N,Coop Tibble,Monday,2.0,2~2,2,Pastasallad/Kyckling & Salladsost: 1 | Pastasallad/Kyckling mangocurry: 1
Stockholm N,ICA Bromma,Monday,15.0,8~17,15,Fralla/Ost & Skinka: 1 | Grönsallad/Kyckling: 1 | Hönökaka/Ost & Skinka: 1 | Hönökaka/Ost: 1 | Pastasallad/Bacon & Kyckling: 1 | Pastasallad/Kyckling & Salladsost: 1 | Pastasallad/Kyckling mangocurry: 1 | Pastasallad/Ost & Skinka: 1 | Sandwich/Clubsandwich: 1 | Sandwich/Räkor: 1 | Wraps/Caesar Kyckling: 1 | Wraps/Kyckling Bacon: 1 | Wraps/Kyckling Curry: 1 | Wraps/Sweet Chili: 1 | XL Frallor/Ost: 1
Stockholm N,ICA Spånga,Monday,24.0,14~26,22,Baguette/Kyckling Curry: 1 | Baguette/Salami & Brieost: 1 | Baguette/Skagen: 1 | Fralla/Ost & Skinka: 2 | Fralla/Ost: 1 | Grönsallad/Caesarsallad: 1 | Hönökaka/Ost & Skinka: 2 | Hönökaka/Ost: 1 | Pastasallad/Bacon & Kyckling: 1 | Pastasallad/Kyckling & Salladsost: 1 | Pastasallad/Kyckling mangocurry: 1 | Pastasallad/Ost & Skinka: 1 | Sandwich/Clubsandwich: 1 | Sandwich/Kyckling Curry: 1 | Sandwich/Räkor: 1 | Wraps/Caesar Kyckling: 1 | Wraps/Kyckling Bacon: 1 | Wraps/Kyckling Curry: 1 | Wraps/Sweet Chili: 1 | XL Frallor/Grovfralla Kalkon & Färskost: 1 | XL Frallor/Ost & Skinka: 1 | XL Frallor/Ost: 1
Stockholm N,Coop Barkarby,Tuesday,28.0,23~31,22,Baguette/Kyckling Curry: 1 | Baguette/Ost & Skinka: 1 | Baguette/Salami & Brieost: 1 | Baguette/Skagen: 1 | Fralla/Ost & Skinka: 2 | Fralla/Ost: 1 | Grönsallad/Caesarsallad: 1 | Hönökaka/Ost & Salami: 1 | Hönökaka/Ost & Skinka: 1 | Pastasallad/Bacon & Kyckling: 1 | Pastasallad/Kyckling & Salladsost: 2 | Pastasallad/Kyckling mangocurry: 2 | Pastasallad/Räkor: 2 | Sandwich/Clubsandwich: 1 | Sandwich/Kyckling Curry: 1 | Sandwich/Räkor: 1 | Wraps/Caesar Kyckling: 2 | Wraps/Kyckling Bacon: 1 | Wraps/Kyckling Curry: 2 | Wraps/Sweet Chili: 1 | XL Frallor/Grovfralla Kalkon & Färskost: 1 | XL Frallor/Ost & Skinka: 1
Stockholm N,Coop Brommaplan,Tuesday,21.0,13~23,20,Baguette/Kyckling Curry: 1 | Baguette/Salami & Brieost: 1 | Baguette/Skagen: 1 | Fralla/Ost & Skinka: 1 | Fralla/Ost: 1 | Hönökaka/Ost & Salami: 1 | Hönökaka/Ost & Skinka: 1 | Hönökaka/Ost: 1 | Pastasallad/Kyckling & Salladsost: 1 | Pastasallad/Kyckling mangocurry: 1 | Sandwich/Bacon & Äggröra: 1 | Sandwich/Clubsandwich: 1 | Sandwich/Kyckling Curry: 1 | Sandwich/Räkor: 1 | Wraps/Caesar Kyckling: 2 | Wraps/Kyckling Bacon: 1 | Wraps/Kyckling Curry: 1 | Wraps/Sweet Chili: 1 | XL Frallor/Grovfralla Kalkon & Färskost: 1 | XL Frallor/Ost & Skinka: 1
Stockholm N,Coop Bromsten,Tuesday,30.0,21~40,22,Baguette/Salami & Brieost: 1 | Baguette/Skagen: 1 | Fralla/Ost & Skinka: 1 | Fralla/Ost: 1 | Grönsallad/Caesarsallad: 1 | Grönsallad/Kyckling: 1 | Hönökaka/Ost & Skinka: 3 | Hönökaka/Ost: 2 | Pastasallad/Bacon & Kyckling: 1 | Pastasallad/Kyckling & Salladsost: 1 | Pastasallad/Kyckling mangocurry: 2 | Pastasallad/Ost & Skinka: 1 | Pastasallad/Räkor: 1 | Sandwich/Bacon & Äggröra: 2 | Sandwich/Clubsandwich: 2 | Sandwich/Kyckling Curry: 2 | Sandwich/Kyckling Pestoröra: 1 | Sandwich/Räkor: 1 | Wraps/Caesar Kyckling: 1 | Wraps/Kyckling Bacon: 1 | Wraps/Kyckling Curry: 2 | Wraps/Sweet Chili: 1
Stockholm N,Coop Kungsängen,Tuesday,49.0,39~64,27,Baguette/Kyckling Curry: 1 | Baguette/Kyckling Sweet Chili: 1 | Baguette/Ost & Skinka: 1 | Baguette/Salami & Brieost: 1 | Baguette/Skagen: 2 | Fralla/Ost & Skinka: 5 | Fralla/Ost: 4 | Grönsallad/Caesarsallad: 1 | Hönökaka/Ost & Salami: 2 | Hönökaka/Ost & Skinka: 2 | Hönökaka/Ost: 1 | Pastasallad/Bacon & Kyckling: 1 | Pastasallad/Kyckling & Salladsost: 2 | Pastasallad/Kyckling mangocurry: 2 | Pastasallad/Räkor: 2 | Sandwich/Clubsandwich: 1 | Sandwich/Kyckling Curry: 1 | Sandwich/Kyckling Pestoröra: 1 | Sandwich/Räkor: 2 | Sandwich/Ägg & Avocadokräm: 1 | Wraps/Caesar Kyckling: 2 | Wraps/Kyckling Bacon: 1 | Wraps/Kyckling Curry: 3 | Wraps/Sweet Chili: 2 | XL Frallor/Grovfralla Kalkon & Färskost: 3 | XL Frallor/Ost & Skinka: 2 | XL Frallor/Ost: 2
Stockholm N,Coop Spånga-torg,Tuesday,21.0,18~28,14,Fralla/Ost & Skinka: 2 | Fralla/Ost: 1 | Hönökaka/Ost & Skinka: 2 | Hönökaka/Ost: 1 | Räkmacka Liten/Räkmacka liten: 1 | Sandwich/Bacon & Äggröra: 1 | Sandwich/Clubsandwich: 2 | Sandwich/Kyckling Curry: 1 | Sandwich/Kyckling Pestoröra: 1 | Sandwich/Räkor: 1 | Wraps/Caesar Kyckling: 3 | Wraps/Kyckling Bacon: 2 | Wraps/Kyckling Curry: 2 | Wraps/Sweet Chili: 1
Stockholm N,Coop Sundby Park,Tuesday,58.0,46~71,28,Baguette/Kyckling Curry: 1 | Baguette/Kyckling Sweet Chili: 1 | Baguette/Ost & Skinka: 2 | Baguette/Salami & Brieost: 1 | Baguette/Skagen: 2 | Fralla/Ost & Skinka: 3 | Fralla/Ost: 2 | Grönsallad/Caesarsallad: 2 | Grönsallad/Kyckling: 2 | Hönökaka/Ost & Salami: 1 | Hönökaka/Ost & Skinka: 3 | Hönökaka/Ost: 2 | Pastasallad/Bacon & Kyckling: 2 | Pastasallad/Kyckling & Salladsost: 3 | Pastasallad/Kyckling kebab: 1 | Pastasallad/Kyckling mangocurry: 3 | Pastasallad/Ost & Skinka: 2 | Pastasallad/Räkor: 2 | Sandwich/Bacon & Äggröra: 1 | Sandwich/Clubsandwich: 2 | Sandwich/Kyckling Curry: 1 | Sandwich/Kyckling Pestoröra: 1 | Sandwich/Räkor: 1 | Sandwich/Ägg & Avocadokräm: 1 | Wraps/Caesar Kyckling: 4 | Wraps/Kyckling Bacon: 4 | Wraps/Kyckling Curry: 5 | Wraps/Sweet Chili: 3
Stockholm N,Coop Tibble,Tuesday,13.0,6~14,11,Baguette/Kyckling Curry: 1 | Baguette/Kyckling Sweet Chili: 1 | Baguette/Skagen: 1 | Pastasallad/Kyckling & Salladsost: 2 | Pastasallad/Kyckling mangocurry: 2 | Pastasallad/Räkor: 1 | Sandwich/Kyckling Curry: 1 | Sandwich/Räkor: 1 | Wraps/Kyckling Bacon: 1 | Wraps/Kyckling Curry: 1 | Wraps/Sweet Chili: 1
Stockholm N,ICA Bromma,Tuesday,44.0,27~52,29,Baguette/Kyckling Curry: 1 | Baguette/Kyckling Sweet Chili: 1 | Baguette/Ost & Skinka: 1 | Baguette/Salami & Brieost: 1 | Baguette/Skagen: 1 | Fralla/Ost & Skinka: 2 | Fralla/Ost: 1 | Grönsallad/Caesarsallad: 1 | Grönsallad/Kyckling: 2 | Hönökaka/Ost & Skinka: 2 | Hönökaka/Ost: 1 | Pastasallad/Bacon & Kyckling: 2 | Pastasallad/Kyckling & Salladsost: 2 | Pastasallad/Kyckling mangocurry: 3 | Pastasallad/Ost & Skinka: 2 | Pastasallad/Räkor: 1 | Räkstubbe/Räkstubbe: 1 | Sandwich/Bacon & Äggröra: 1 | Sandwich/Clubsandwich: 2 | Sandwich/Kyckling Curry: 1 | Sandwich/Räkor: 2 | Sandwich/Ägg & Avocadokräm: 1 | Wraps/Caesar Kyckling: 3 | Wraps/Kyckling Bacon: 2 | Wraps/Kyckling Curry: 2 | Wraps/Sweet Chili: 2 | XL Frallor/Grovfralla Kalkon & Färskost: 1 | XL Frallor/Ost & Skinka: 1 | XL Frallor/Ost: 1
Stockholm N,ICA Spånga,Tuesday,53.0,40~67,29,Baguette/Kyckling Curry: 2 | Baguette/Ost & Skinka: 1 | Baguette/Salami & Brieost: 1 | Baguette/Skagen: 2 | Fralla/Ost & Skinka: 3 | Fralla/Ost: 2 | Grönsallad/Caesarsallad: 1 | Grönsallad/Kyckling: 1 | Hönökaka/Ost & Skinka: 4 | Hönökaka/Ost: 3 | Pastasallad/Bacon & Kyckling: 2 | Pastasallad/Falafel: 1 | Pastasallad/Kyckling & Salladsost: 2 | Pastasallad/Kyckling mangocurry: 2 | Pastasallad/Ost & Skinka: 2 | Pastasallad/Räkor: 1 | Räkmacka Liten/Räkmacka liten: 1 | Sandwich/Clubsandwich: 2 | Sandwich/Kyckling Curry: 2 | Sandwich/Räkor: 2 | Sandwich/Ägg & Avocadokräm: 1 | Wraps/Caesar Kyckling: 2 | Wraps/Kyckling Bacon: 2 | Wraps/Kyckling Curry: 3 | Wraps/Kycklingsallad Olivie: 1 | Wraps/Sweet Chili: 2 | XL Frallor/Grovfralla Kalkon & Färskost: 2 | XL Frallor/Ost & Skinka: 2 | XL Frallor/Ost: 1
Stockholm N,Coop Barkarby,Wednesday,6.0,4~6,6,Fralla/Ost & Skinka: 1 | Pastasallad/Kyckling & Salladsost: 1 | Pastasallad/Kyckling mangocurry: 1 | Pastasallad/Räkor: 1 | Wraps/Caesar Kyckling: 1 | Wraps/Kyckling Curry: 1
Stockholm N,Coop Brommaplan,Wednesday,1.0,0~1,1,Wraps/Caesar Kyckling: 1
Stockholm N,Coop Bromsten,Wednesday,7.0,3~7,7,Hönökaka/Ost & Skinka: 1 | Hönökaka/Ost: 1 | Pastasallad/Kyckling mangocurry: 1 | Sandwich/Bacon & Äggröra: 1 | Sandwich/Clubsandwich: 1 | Sandwich/Kyckling Curry: 1 | Wraps/Kyckling Curry: 1
Stockholm N,Coop Kungsängen,Wednesday,16.0,14~17,15,Baguette/Skagen: 1 | Fralla/Ost & Skinka: 2 | Fralla/Ost: 1 | Hönökaka/Ost & Salami: 1 | Hönökaka/Ost & Skinka: 1 | Pastasallad/Kyckling & Salladsost: 1 | Pastasallad/Kyckling mangocurry: 1 | Pastasallad/Räkor: 1 | Sandwich/Räkor: 1 | Wraps/Caesar Kyckling: 1 | Wraps/Kyckling Curry: 1 | Wraps/Sweet Chili: 1 | XL Frallor/Grovfralla Kalkon & Färskost: 1 | XL Frallor/Ost & Skinka: 1 | XL Frallor/Ost: 1
Stockholm N,Coop Spånga-torg,Wednesday,6.0,5~6,6,Fralla/Ost & Skinka: 1 | Hönökaka/Ost & Skinka: 1 | Sandwich/Clubsandwich: 1 | Wraps/Caesar Kyckling: 1 | Wraps/Kyckling Bacon: 1 | Wraps/Kyckling Curry: 1
Stockholm N,Coop Sundby Park,Wednesday,19.0,15~22,18,Baguette/Ost & Skinka: 1 | Baguette/Skagen: 1 | Fralla/Ost & Skinka: 1 | Fralla/Ost: 1 | Grönsallad/Caesarsallad: 1 | Grönsallad/Kyckling: 1 | Hönökaka/Ost & Skinka: 1 | Hönökaka/Ost: 1 | Pastasallad/Bacon & Kyckling: 1 | Pastasallad/Kyckling & Salladsost: 1 | Pastasallad/Kyckling mangocurry: 1 | Pastasallad/Ost & Skinka: 1 | Pastasallad/Räkor: 1 | Sandwich/Clubsandwich: 1 | Wraps/Caesar Kyckling: 1 | Wraps/Kyckling Bacon: 1 | Wraps/Kyckling Curry: 2 | Wraps/Sweet Chili: 1
Stockholm N,Coop Tibble,Wednesday,2.0,2~2,2,Pastasallad/Kyckling & Salladsost: 1 | Pastasallad/Kyckling mangocurry: 1
Stockholm N,ICA Bromma,Wednesday,13.0,8~13,13,Fralla/Ost & Skinka: 1 | Grönsallad/Kyckling: 1 | Hönökaka/Ost & Skinka: 1 | Pastasallad/Bacon & Kyckling: 1 | Pastasallad/Kyckling & Salladsost: 1 | Pastasallad/Kyckling mangocurry: 1 | Pastasallad/Ost & Skinka: 1 | Sandwich/Clubsandwich: 1 | Sandwich/Räkor: 1 | Wraps/Caesar Kyckling: 1 | Wraps/Kyckling Bacon: 1 | Wraps/Kyckling Curry: 1 | Wraps/Sweet Chili: 1
Stockholm N,ICA Spånga,Wednesday,19.0,13~21,19,Baguette/Kyckling Curry: 1 | Baguette/Skagen: 1 | Fralla/Ost & Skinka: 1 | Fralla/Ost: 1 | Hönökaka/Ost & Skinka: 1 | Hönökaka/Ost: 1 | Pastasallad/Bacon & Kyckling: 1 | Pastasallad/Kyckling & Salladsost: 1 | Pastasallad/Kyckling mangocurry: 1 | Pastasallad/Ost & Skinka: 1 | Sandwich/Clubsandwich: 1 | Sandwich/Kyckling Curry: 1 | Sandwich/Räkor: 1 | Wraps/Caesar Kyckling: 1 | Wraps/Kyckling Bacon: 1 | Wraps/Kyckling Curry: 1 | Wraps/Sweet Chili: 1 | XL Frallor/Grovfralla Kalkon & Färskost: 1 | XL Frallor/Ost & Skinka: 1
Stockholm N,Coop Barkarby,Thursday,45.79999999999998,31~59,26,Baguette/Kyckling Curry: 0 | Baguette/Ost & Skinka: 2 | Baguette/Salami & Brieost: 2 | Baguette/Skagen: 2 | Fralla/Ost & Skinka: 1 | Fralla/Ost: 2 | Grönsallad/Caesarsallad: 2 | Hönökaka/Ost & Salami: 1 | Hönökaka/Ost & Skinka: 0 | Hönökaka/Ost: 1 | Pastasallad/Bacon & Kyckling: 0 | Pastasallad/Kyckling & Salladsost: 1 | Pastasallad/Kyckling kebab: 1 | Pastasallad/Kyckling mangocurry: 4 | Pastasallad/Räkor: 1 | Sandwich/Clubsandwich: 2 | Sandwich/Kyckling Curry: 2 | Sandwich/Kyckling Pestoröra: 1 | Sandwich/Räkor: 2 | Wraps/Caesar Kyckling: 1 | Wraps/Kyckling Bacon: 2 | Wraps/Kyckling Curry: 1 | Wraps/Sweet Chili: 1 | XL Frallor/Grovfralla Kalkon & Färskost: 2 | XL Frallor/Ost & Skinka: 2 | XL Frallor/Ost: 1
Stockholm N,Coop Brommaplan,Thursday,33.19999999999999,24~42,21,Baguette/Kyckling Curry: 2 | Baguette/Salami & Brieost: 2 | Baguette/Skagen: 2 | Fralla/Ost & Skinka: 2 | Fralla/Ost: 0 | Hönökaka/Ost & Salami: 2 | Hönökaka/Ost & Skinka: 2 | Hönökaka/Ost: 0 | Pastasallad/Kyckling & Salladsost: 0 | Pastasallad/Kyckling mangocurry: 1 | Sandwich/Bacon & Äggröra: 2 | Sandwich/Clubsandwich: 2 | Sandwich/Kyckling Curry: 0 | Sandwich/Räkor: 0 | Wraps/Caesar Kyckling: 1 | Wraps/Kyckling Bacon: 2 | Wraps/Kyckling Curry: 1 | Wraps/Sweet Chili: 2 | XL Frallor/Grovfralla Kalkon & Färskost: 0 | XL Frallor/Ost & Skinka: 0 | XL Frallor/Ost: 1
Stockholm N,Coop Bromsten,Thursday,38.599999999999994,40~58,24,Baguette/Salami & Brieost: 0 | Baguette/Skagen: 1 | Fralla/Ost & Skinka: 1 | Fralla/Ost: 2 | Glutenfri Frallor/Glutenfri Ost & Skinka(endast söndagsbeställning): 1 | Glutenfri Frallor/Glutenfri Pumpafralla Kalkon & Färskost(endast söndagsbeställning): 1 | Grönsallad/Caesarsallad: 1 | Grönsallad/Kyckling: 0 | Hönökaka/Ost & Skinka: 5 | Hönökaka/Ost: 1 | Pastasallad/Bacon & Kyckling: 2 | Pastasallad/Kyckling & Salladsost: 1 | Pastasallad/Kyckling mangocurry: 1 | Pastasallad/Ost & Skinka: 0 | Pastasallad/Räkor: 1 | Sandwich/Bacon & Äggröra: 1 | Sandwich/Clubsandwich: 2 | Sandwich/Kyckling Curry: 1 | Sandwich/Kyckling Pestoröra: 0 | Sandwich/Räkor: 1 | Wraps/Caesar Kyckling: 1 | Wraps/Kyckling Bacon: 1 | Wraps/Kyckling Curry: 1 | Wraps/Sweet Chili: 2
Stockholm N,Coop Kungsängen,Thursday,66.79999999999998,54~93,28,Baguette/Kyckling Curry: 1 | Baguette/Kyckling Sweet Chili: 0 | Baguette/Ost & Skinka: 2 | Baguette/Salami & Brieost: 1 | Baguette/Skagen: 2 | Fralla/Ost & Skinka: 6 | Fralla/Ost: 4 | Grönsallad/Caesarsallad: 2 | Hönökaka/Ost & Salami: 1 | Hönökaka/Ost & Skinka: 2 | Hönökaka/Ost: 1 | Pastasallad/Bacon & Kyckling: 0 | Pastasallad/Kyckling & Salladsost: 2 | Pastasallad/Kyckling mangocurry: 4 | Pastasallad/Räkor: 2 | Sandwich/Bacon & Äggröra: 1 | Sandwich/Clubsandwich: 1 | Sandwich/Kyckling Curry: 2 | Sandwich/Kyckling Pestoröra: 2 | Sandwich/Räkor: 1 | Sandwich/Ägg & Avocadokräm: 0 | Wraps/Caesar Kyckling: 2 | Wraps/Kyckling Bacon: 0 | Wraps/Kyckling Curry: 5 | Wraps/Sweet Chili: 1 | XL Frallor/Grovfralla Kalkon & Färskost: 3 | XL Frallor/Ost & Skinka: 4 | XL Frallor/Ost: 1
Stockholm N,Coop Spånga-torg,Thursday,33.599999999999994,24~42,14,Fralla/Ost & Skinka: 2 | Fralla/Ost: 2 | Hönökaka/Ost & Skinka: 2 | Hönökaka/Ost: 2 | Räkmacka Liten/Räkmacka liten: 2 | Sandwich/Bacon & Äggröra: 1 | Sandwich/Clubsandwich: 4 | Sandwich/Kyckling Curry: 2 | Sandwich/Kyckling Pestoröra: 0 | Sandwich/Räkor: 1 | Wraps/Caesar Kyckling: 5 | Wraps/Kyckling Bacon: 1 | Wraps/Kyckling Curry: 2 | Wraps/Sweet Chili: 2
Stockholm N,Coop Sundby Park,Thursday,76.39999999999998,63~103,30,Baguette/Kyckling Curry: 2 | Baguette/Kyckling Sweet Chili: 2 | Baguette/Ost & Skinka: 1 | Baguette/Salami & Brieost: 1 | Baguette/Skagen: 2 | Fralla/Ost & Skinka: 3 | Fralla/Ost: 1 | Glutenfri Frallor/Glutenfri Ost & Skinka(endast söndagsbeställning): 1 | Grönsallad/Caesarsallad: 1 | Grönsallad/Kyckling: 1 | Hönökaka/Ost & Salami: 0 | Hönökaka/Ost & Skinka: 5 | Hönökaka/Ost: 1 | Pastasallad/Bacon & Kyckling: 2 | Pastasallad/Falafel: 1 | Pastasallad/Kyckling & Salladsost: 3 | Pastasallad/Kyckling kebab: 0 | Pastasallad/Kyckling mangocurry: 5 | Pastasallad/Ost & Skinka: 1 | Pastasallad/Räkor: 2 | Sandwich/Bacon & Äggröra: 2 | Sandwich/Clubsandwich: 1 | Sandwich/Kyckling Curry: 2 | Sandwich/Kyckling Pestoröra: 2 | Sandwich/Räkor: 1 | Sandwich/Ägg & Avocadokräm: 2 | Wraps/Caesar Kyckling: 6 | Wraps/Kyckling Bacon: 4 | Wraps/Kyckling Curry: 6 | Wraps/Sweet Chili: 4
Stockholm N,Coop Tibble,Thursday,18.399999999999995,15~29,14,Baguette/Kyckling Curry: 0 | Baguette/Kyckling Sweet Chili: 2 | Baguette/Skagen: 0 | Grönsallad/Caesarsallad: 1 | Pastasallad/Kyckling & Salladsost: 1 | Pastasallad/Kyckling mangocurry: 2 | Pastasallad/Räkor: 2 | Sandwich/Bacon & Äggröra: 1 | Sandwich/Kyckling Curry: 0 | Sandwich/Räkor: 0 | Sandwich/Ägg & Avocadokräm: 1 | Wraps/Kyckling Bacon: 0 | Wraps/Kyckling Curry: 0 | Wraps/Sweet Chili: 0
Stockholm N,ICA Bromma,Thursday,51.79999999999999,47~85,30,Baguette/Kyckling Curry: 0 | Baguette/Kyckling Sweet Chili: 0 | Baguette/Ost & Skinka: 0 | Baguette/Salami & Brieost: 0 | Baguette/Skagen: 0 | Fralla/Ost & Skinka: 2 | Fralla/Ost: 2 | Grönsallad/Caesarsallad: 0 | Grönsallad/Kyckling: 1 | Hönökaka/Ost & Skinka: 4 | Hönökaka/Ost: 1 | Pastasallad/Bacon & Kyckling: 1 | Pastasallad/Kyckling & Salladsost: 2 | Pastasallad/Kyckling mangocurry: 5 | Pastasallad/Ost & Skinka: 1 | Pastasallad/Räkor: 2 | Räkstubbe/Räkstubbe: 0 | Sandwich/Bacon & Äggröra: 0 | Sandwich/Clubsandwich: 1 | Sandwich/Kyckling Curry: 2 | Sandwich/Kyckling Pestoröra: 1 | Sandwich/Räkor: 1 | Sandwich/Ägg & Avocadokräm: 0 | Wraps/Caesar Kyckling: 5 | Wraps/Kyckling Bacon: 2 | Wraps/Kyckling Curry: 1 | Wraps/Sweet Chili: 1 | XL Frallor/Grovfralla Kalkon & Färskost: 0 | XL Frallor/Ost & Skinka: 2 | XL Frallor/Ost: 1
Stockholm N,ICA Spånga,Thursday,81.79999999999998,69~109,41,Baguette/Kyckling Curry: 1 | Baguette/Kyckling Sweet Chili: 1 | Baguette/Ost & Skinka: 2 | Baguette/Salami & Brieost: 1 | Baguette/Skagen: 2 | Blandstubbe/Blandstubbe: 1 | Fralla/Ost & Skinka: 4 | Fralla/Ost: 1 | Glutenfri Frallor/Glutenfri Ost & Skinka(endast söndagsbeställning): 1 | Glutenfri Frallor/Glutenfri Ost(endast söndagsbeställning): 1 | Glutenfri Frallor/Glutenfri Pumpafralla Kalkon & Färskost(endast söndagsbeställning): 1 | Grönsallad/Caesarsallad: 1 | Grönsallad/Kyckling: 2 | Hönökaka/Ost & Skinka: 6 | Hönökaka/Ost: 5 | Pastasallad/Bacon & Kyckling: 1 | Pastasallad/Falafel: 0 | Pastasallad/Kyckling & Salladsost: 2 | Pastasallad/Kyckling kebab: 1 | Pastasallad/Kyckling mangocurry: 4 | Pastasallad/Ost & Skinka: 2 | Pastasallad/Räkor: 0 | Räkmacka Liten/Räkmacka liten: 0 | Räkstubbe/Räkstubbe: 1 | Sandwich/Bacon & Äggröra: 1 | Sandwich/Clubsandwich: 1 | Sandwich/Kyckling Curry: 1 | Sandwich/Kyckling Pestoröra: 1 | Sandwich/Räkor: 1 | Sandwich/Ägg & Avocadokräm: 0 | Varmrätt/Kyckling-och böngryta: 1 | Varmrätt/Kycklingspett med ris: 1 | Varmrätt/Teriyakibiff med ris: 1 | Wraps/Caesar Kyckling: 4 | Wraps/Kyckling Bacon: 2 | Wraps/Kyckling Curry: 3 | Wraps/Kycklingsallad Olivie: 2 | Wraps/Sweet Chili: 1 | XL Frallor/Grovfralla Kalkon & Färskost: 2 | XL Frallor/Ost & Skinka: 1 | XL Frallor/Ost: 1
Stockholm Södra,Coop Centralen,Sunday,240.0,202~281,10,Baguette/Ost & Skinka: 21 | Baguette/Salami & Brieost: 29 | Baguette/Skagen: 8 | Glutenfri Frallor/Glutenfri Ost & Skinka(endast söndagsbeställning): 6 | Glutenfri Frallor/Glutenfri Pumpafralla Kalkon & Färskost(endast söndagsbeställning): 6 | Hönökaka/Ost & Salami: 42 | Hönökaka/Ost & Skinka: 41 | Hönökaka/Ost: 30 | XL Frallor/Grovfralla Kalkon & Färskost: 25 | XL Frallor/Ost & Skinka: 32
Stockholm Södra,Coop Hagastaden,Sunday,15.0,13~21,8,Baguette/Kyckling Sweet Chili: 1 | Fralla/Ost & Skinka: 2 | Fralla/Ost: 2 | Hönökaka/Ost & Salami: 2 | Hönökaka/Ost & Skinka: 2 | Hönökaka/Ost: 2 | Räkmacka Liten/Räkmacka liten: 1 | Wraps/Kyckling Curry: 3
Stockholm Södra,Coop HÖTORGET,Sunday,98.0,77~122,30,Baguette/Kyckling Curry: 1 | Baguette/Ost & Skinka: 1 | Baguette/Salami & Brieost: 1 | Fralla/Ost & Skinka: 6 | Fralla/Ost: 3 | Glutenfri Frallor/Glutenfri Ost(endast söndagsbeställning): 1 | Glutenfri Frallor/Glutenfri Pumpafralla Kalkon & Färskost(endast söndagsbeställning): 1 | Hönökaka/Ost & Salami: 5 | Hönökaka/Ost & Skinka: 7 | Hönökaka/Ost: 7 | Pastasallad/Falafel: 2 | Pastasallad/Kyckling & Salladsost: 3 | Pastasallad/Kyckling kebab: 2 | Pastasallad/Kyckling mangocurry: 4 | Pastasallad/Ost & Skinka: 1 | Pastasallad/Räkor: 2 | Sandwich/Bacon & Äggröra: 2 | Sandwich/Clubsandwich: 3 | Sandwich/Kyckling Curry: 3 | Sandwich/Kyckling Pestoröra: 2 | Sandwich/Räkor: 3 | Sandwich/Ägg & Avocadokräm: 3 | Wraps/Caesar Kyckling: 5 | Wraps/Kyckling Bacon: 4 | Wraps/Kyckling Curry: 5 | Wraps/Kycklingsallad Olivie: 5 | Wraps/Sweet Chili: 4 | XL Frallor/Grovfralla Kalkon & Färskost: 3 | XL Frallor/Ost & Skinka: 5 | XL Frallor/Ost: 4
Stockholm Södra,Coop Medborgarplatsen,Sunday,15.0,15~29,14,Baguette/Kyckling Sweet Chili: 1 | Baguette/Salami & Brieost: 1 | Fralla/Ost & Skinka: 2 | Fralla/Ost: 1 | Hönökaka/Ost & Salami: 1 | Hönökaka/Ost & Skinka: 1 | Hönökaka/Ost: 1 | Sandwich/Kyckling Curry: 1 | Varmrätt/Kycklingpestosallad: 1 | Wraps/Caesar Kyckling: 1 | Wraps/Kyckling Curry: 1 | XL Frallor/Grovfralla Kalkon & Färskost: 1 | XL Frallor/Ost & Skinka: 1 | XL Frallor/Ost: 1
Stockholm Södra,Coop Nytorgsgatan,Sunday,17.0,16~31,15,Baguette/Kyckling Sweet Chili: 1 | Baguette/Salami & Brieost: 1 | Fralla/Ost & Skinka: 2 | Fralla/Ost: 1 | Hönökaka/Ost & Salami: 1 | Hönökaka/Ost & Skinka: 1 | Hönökaka/Ost: 1 | Pastasallad/Kyckling & Salladsost: 1 | Pastasallad/Kyckling mangocurry: 2 | Sandwich/Clubsandwich: 1 | Wraps/Caesar Kyckling: 1 | Wraps/Kyckling Bacon: 1 | Wraps/Kyckling Curry: 1 | XL Frallor/Ost & Skinka: 1 | XL Frallor/Ost: 1
Stockholm Södra,Coop Odengatan,Sunday,52.0,42~75,30,Baguette/Kyckling Curry: 1 | Baguette/Kyckling Sweet Chili: 1 | Baguette/Ost & Skinka: 1 | Baguette/Salami & Brieost: 1 | Baguette/Skagen: 1 | Fralla/Ost & Skinka: 3 | Fralla/Ost: 3 | Glutenfri Frallor/Glutenfri Pumpafralla Kalkon & Färskost(endast söndagsbeställning): 1 | Grönsallad/Kyckling: 1 | Hönökaka/Ost & Salami: 2 | Hönökaka/Ost & Skinka: 3 | Hönökaka/Ost: 2 | Pastasallad/Bacon & Kyckling: 1 | Pastasallad/Falafel: 2 | Pastasallad/Kyckling & Salladsost: 3 | Pastasallad/Kyckling kebab: 2 | Pastasallad/Kyckling mangocurry: 3 | Pastasallad/Ost & Skinka: 1 | Pastasallad/Räkor: 1 | Sandwich/Bacon & Äggröra: 1 | Sandwich/Clubsandwich: 1 | Sandwich/Kyckling Curry: 1 | Wraps/Caesar Kyckling: 3 | Wraps/Kyckling Bacon: 2 | Wraps/Kyckling Curry: 3 | Wraps/Kycklingsallad Olivie: 1 | Wraps/Sweet Chili: 2 | XL Frallor/Grovfralla Kalkon & Färskost: 2 | XL Frallor/Ost & Skinka: 2 | XL Frallor/Ost: 1
Stockholm Södra,Coop Odenplan,Sunday,30.0,23~39,16,Baguette/Salami & Brieost: 1 | Fralla/Ost & Skinka: 3 | Fralla/Ost: 3 | Glutenfri Frallor/Glutenfri Ost(endast söndagsbeställning): 1 | Hönökaka/Ost & Salami: 2 | Hönökaka/Ost & Skinka: 2 | Hönökaka/Ost: 1 | Sandwich/Bacon & Äggröra: 1 | Sandwich/Clubsandwich: 1 | Sandwich/Kyckling Curry: 1 | Wraps/Caesar Kyckling: 3 | Wraps/Kyckling Bacon: 2 | Wraps/Kyckling Curry: 2 | XL Frallor/Grovfralla Kalkon & Färskost: 2 | XL Frallor/Ost & Skinka: 3 | XL Frallor/Ost: 2
Stockholm Södra,Coop Renstierna,Sunday,40.0,30~57,24,Baguette/Salami & Brieost: 1 | Fralla/Ost & Skinka: 3 | Fralla/Ost: 2 | Hönökaka/Ost & Salami: 2 | Hönökaka/Ost & Skinka: 3 | Hönökaka/Ost: 2 | Pastasallad/Bacon & Kyckling: 2 | Pastasallad/Falafel: 1 | Pastasallad/Kyckling & Salladsost: 3 | Pastasallad/Kyckling kebab: 2 | Pastasallad/Kyckling mangocurry: 4 | Pastasallad/Ost & Skinka: 1 | Pastasallad/Räkor: 1 | Sandwich/Bacon & Äggröra: 1 | Sandwich/Clubsandwich: 1 | Sandwich/Kyckling Curry: 1 | Sandwich/Räkor: 1 | Wraps/Caesar Kyckling: 2 | Wraps/Kyckling Bacon: 1 | Wraps/Kyckling Curry: 2 | Wraps/Sweet Chili: 1 | XL Frallor/Grovfralla Kalkon & Färskost: 1 | XL Frallor/Ost & Skinka: 1 | XL Frallor/Ost: 1
Stockholm Södra,Coop Rådhuset,Sunday,50.0,43~76,31,Baguette/Kyckling Curry: 1 | Baguette/Kyckling Sweet Chili: 1 | Baguette/Kycklingsallad Olivie: 2 | Baguette/Ost & Skinka: 1 | Baguette/Salami & Brieost: 2 | Baguette/Skagen: 1 | Fralla/Ost & Skinka: 4 | Fralla/Ost: 3 | Glutenfri Frallor/Glutenfri Pumpafralla Kalkon & Färskost(endast söndagsbeställning): 1 | Grönsallad/Kyckling: 1 | Hönökaka/Ost & Salami: 3 | Hönökaka/Ost & Skinka: 3 | Hönökaka/Ost: 3 | Pastasallad/Bacon & Kyckling: 1 | Pastasallad/Falafel: 1 | Pastasallad/Kyckling & Salladsost: 2 | Pastasallad/Kyckling kebab: 1 | Pastasallad/Kyckling mangocurry: 3 | Pastasallad/Ost & Skinka: 1 | Pastasallad/Räkor: 1 | Sandwich/Clubsandwich: 1 | Sandwich/Kyckling Curry: 1 | Sandwich/Räkor: 1 | Sandwich/Ägg & Avocadokräm: 1 | Wraps/Caesar Kyckling: 1 | Wraps/Kyckling Curry: 1 | Wraps/Kycklingsallad Olivie: 2 | Wraps/Sweet Chili: 1 | XL Frallor/Grovfralla Kalkon & Färskost: 2 | XL Frallor/Ost & Skinka: 2 | XL Frallor/Ost: 1
Stockholm Södra,Coop Sveavägen,Sunday,90.0,73~116,29,Baguette/Kyckling Curry: 1 | Baguette/Kyckling Sweet Chili: 2 | Baguette/Ost & Skinka: 3 | Baguette/Salami & Brieost: 5 | Baguette/Skagen: 3 | Fralla/Ost & Skinka: 8 | Fralla/Ost: 5 | Glutenfri Frallor/Glutenfri Ost(endast söndagsbeställning): 1 | Glutenfri Frallor/Glutenfri Pumpafralla Kalkon & Färskost(endast söndagsbeställning): 1 | Hönökaka/Ost & Salami: 8 | Hönökaka/Ost & Skinka: 7 | Hönökaka/Ost: 7 | Pastasallad/Falafel: 2 | Pastasallad/Kyckling & Salladsost: 4 | Pastasallad/Kyckling kebab: 3 | Pastasallad/Kyckling mangocurry: 3 | Pastasallad/Räkor: 1 | Sandwich/Bacon & Äggröra: 2 | Sandwich/Clubsandwich: 2 | Sandwich/Kyckling Curry: 1 | Sandwich/Räkor: 2 | Sandwich/Ägg & Avocadokräm: 1 | Wraps/Caesar Kyckling: 3 | Wraps/Kyckling Bacon: 1 | Wraps/Kyckling Curry: 2 | Wraps/Sweet Chili: 1 | XL Frallor/Grovfralla Kalkon & Färskost: 4 | XL Frallor/Ost & Skinka: 4 | XL Frallor/Ost: 3
Stockholm Södra,Coop Tomtebogatan,Sunday,27.0,24~45,19,Baguette/Kyckling Curry: 1 | Baguette/Salami & Brieost: 1 | Fralla/Ost & Skinka: 3 | Fralla/Ost: 1 | Hönökaka/Ost & Salami: 2 | Hönökaka/Ost & Skinka: 2 | Hönökaka/Ost: 2 | Pastasallad/Bacon & Kyckling: 1 | Pastasallad/Falafel: 1 | Pastasallad/Kyckling & Salladsost: 2 | Pastasallad/Kyckling kebab: 1 | Pastasallad/Kyckling mangocurry: 3 | Pastasallad/Räkor: 1 | Sandwich/Clubsandwich: 1 | Sandwich/Kyckling Curry: 1 | Sandwich/Räkor: 1 | Wraps/Caesar Kyckling: 1 | Wraps/Kyckling Bacon: 1 | Wraps/Kyckling Curry: 1
Stockholm Södra,Coop Zinkensdamm,Sunday,32.0,29~51,20,Baguette/Ost & Skinka: 1 | Baguette/Salami & Brieost: 1 | Fralla/Ost & Skinka: 3 | Fralla/Ost: 2 | Hönökaka/Ost & Salami: 4 | Hönökaka/Ost & Skinka: 4 | Hönökaka/Ost: 3 | Pastasallad/Falafel: 1 | Pastasallad/Kyckling & Salladsost: 1 | Pastasallad/Kyckling kebab: 1 | Pastasallad/Kyckling mangocurry: 2 | Pastasallad/Ost & Skinka: 1 | Pastasallad/Räkor: 1 | Wraps/Caesar Kyckling: 1 | Wraps/Kyckling Bacon: 1 | Wraps/Kyckling Curry: 1 | Wraps/Sweet Chili: 1 | XL Frallor/Grovfralla Kalkon & Färskost: 1 | XL Frallor/Ost & Skinka: 1 | XL Frallor/Ost: 1
Stockholm Södra,Hemköp Matpressen,Sunday,59.0,48~85,32,Baguette/Kyckling Sweet Chili: 1 | Baguette/Kycklingsallad Olivie: 1 | Baguette/Ost & Skinka: 1 | Baguette/Salami & Brieost: 2 | Baguette/Skagen: 2 | Fralla/Ost & Skinka: 3 | Fralla/Ost: 2 | Glutenfri Frallor/Glutenfri Pumpafralla Kalkon & Färskost(endast söndagsbeställning): 1 | Grönsallad/Kyckling: 2 | Hönökaka/Ost & Salami: 4 | Hönökaka/Ost & Skinka: 5 | Hönökaka/Ost: 4 | Pastasallad/Bacon & Kyckling: 1 | Pastasallad/Falafel: 1 | Pastasallad/Kyckling & Salladsost: 3 | Pastasallad/Kyckling kebab: 2 | Pastasallad/Kyckling mangocurry: 4 | Pastasallad/Ost & Skinka: 1 | Pastasallad/Räkor: 2 | Sandwich/Bacon & Äggröra: 1 | Sandwich/Clubsandwich: 1 | Sandwich/Kyckling Curry: 1 | Sandwich/Kyckling Pestoröra: 1 | Sandwich/Räkor: 1 | Wraps/Caesar Kyckling: 2 | Wraps/Kyckling Bacon: 1 | Wraps/Kyckling Curry: 2 | Wraps/Kycklingsallad Olivie: 1 | Wraps/Sweet Chili: 1 | XL Frallor/Grovfralla Kalkon & Färskost: 2 | XL Frallor/Ost & Skinka: 2 | XL Frallor/Ost: 1
Stockholm Södra,ICA Birkahallen,Sunday,21.0,19~36,17,Baguette/Salami & Brieost: 1 | Fralla/Ost & Skinka: 1 | Hönökaka/Ost & Salami: 1 | Hönökaka/Ost & Skinka: 1 | Pastasallad/Bacon & Kyckling: 1 | Pastasallad/Falafel: 1 | Pastasallad/Kyckling & Salladsost: 1 | Pastasallad/Kyckling kebab: 1 | Pastasallad/Kyckling mangocurry: 3 | Pastasallad/Ost & Skinka: 1 | Pastasallad/Räkor: 1 | Sandwich/Kyckling Curry: 1 | Wraps/Caesar Kyckling: 2 | Wraps/Kyckling Bacon: 1 | Wraps/Kyckling Curry: 2 | Wraps/Sweet Chili: 1 | XL Frallor/Ost & Skinka: 1
Stockholm Södra,ICA Fridhemsplan,Sunday,46.0,41~73,29,Baguette/Salami & Brieost: 1 | Baguette/Skagen: 1 | Fralla/Ost & Skinka: 3 | Fralla/Ost: 2 | Glutenfri Frallor/Glutenfri Pumpafralla Kalkon & Färskost(endast söndagsbeställning): 1 | Hönökaka/Ost & Salami: 2 | Hönökaka/Ost & Skinka: 2 | Hönökaka/Ost: 2 | Pastasallad/Bacon & Kyckling: 1 | Pastasallad/Falafel: 1 | Pastasallad/Kyckling & Salladsost: 2 | Pastasallad/Kyckling kebab: 1 | Pastasallad/Kyckling mangocurry: 3 | Pastasallad/Ost & Skinka: 1 | Pastasallad/Räkor: 1 | Räkmacka Liten/Räkmacka liten: 5 | Sandwich/Bacon & Äggröra: 1 | Sandwich/Clubsandwich: 1 | Sandwich/Kyckling Curry: 1 | Sandwich/Ägg & Avocadokräm: 1 | Varmrätt/Cevapcici med bulgur: 1 | Varmrätt/Kyckling-och böngryta: 1 | Wraps/Caesar Kyckling: 1 | Wraps/Kyckling Bacon: 1 | Wraps/Kyckling Curry: 1 | Wraps/Sweet Chili: 1 | XL Frallor/Grovfralla Kalkon & Färskost: 2 | XL Frallor/Ost & Skinka: 3 | XL Frallor/Ost: 2
Stockholm Södra,ICA Högalid,Sunday,52.0,43~76,28,Baguette/Kyckling Curry: 1 | Baguette/Kyckling Sweet Chili: 1 | Baguette/Ost & Skinka: 1 | Baguette/Salami & Brieost: 2 | Fralla/Ost & Skinka: 3 | Fralla/Ost: 1 | Glutenfri Frallor/Glutenfri Ost & Skinka(endast söndagsbeställning): 1 | Glutenfri Frallor/Glutenfri Pumpafralla Kalkon & Färskost(endast söndagsbeställning): 1 | Hönökaka/Ost & Salami: 1 | Hönökaka/Ost & Skinka: 2 | Hönökaka/Ost: 2 | Pastasallad/Kyckling & Salladsost: 2 | Pastasallad/Kyckling kebab: 1 | Pastasallad/Kyckling mangocurry: 3 | Sandwich/Bacon & Äggröra: 1 | Sandwich/Clubsandwich: 1 | Sandwich/Kyckling Curry: 1 | Sandwich/Kyckling Pestoröra: 1 | Sandwich/Räkor: 1 | Sandwich/Ägg & Avocadokräm: 1 | Wraps/Caesar Kyckling: 5 | Wraps/Kyckling Bacon: 4 | Wraps/Kyckling Curry: 5 | Wraps/Kycklingsallad Olivie: 3 | Wraps/Sweet Chili: 4 | XL Frallor/Grovfralla Kalkon & Färskost: 1 | XL Frallor/Ost & Skinka: 1 | XL Frallor/Ost: 1
Stockholm Södra,ICA Mathörnan,Sunday,19.0,17~34,17,Baguette/Salami & Brieost: 1 | Fralla/Ost & Skinka: 2 | Fralla/Ost: 1 | Hönökaka/Ost & Salami: 1 | Hönökaka/Ost & Skinka: 1 | Hönökaka/Ost: 1 | Pastasallad/Kyckling & Salladsost: 1 | Pastasallad/Kyckling kebab: 1 | Pastasallad/Kyckling mangocurry: 2 | Sandwich/Clubsandwich: 1 | Sandwich/Kyckling Curry: 1 | Wraps/Caesar Kyckling: 1 | Wraps/Kyckling Curry: 1 | Wraps/Sweet Chili: 1 | XL Frallor/Grovfralla Kalkon & Färskost: 1 | XL Frallor/Ost & Skinka: 1 | XL Frallor/Ost: 1
Stockholm Södra,ICA Sergelstorg,Sunday,160.0,133~192,22,Baguette/Salami & Brieost: 6 | Fralla/Ost & Skinka: 11 | Fralla/Ost: 7 | Glutenfri Frallor/Glutenfri Ost & Skinka(endast söndagsbeställning): 1 | Glutenfri Frallor/Glutenfri Pumpafralla Kalkon & Färskost(endast söndagsbeställning): 2 | Hönökaka/Ost & Salami: 20 | Hönökaka/Ost & Skinka: 25 | Hönökaka/Ost: 26 | Pastasallad/Bacon & Kyckling: 1 | Pastasallad/Falafel: 3 | Pastasallad/Kyckling & Salladsost: 3 | Pastasallad/Kyckling kebab: 3 | Pastasallad/Kyckling mangocurry: 6 | Pastasallad/Ost & Skinka: 1 | Pastasallad/Räkor: 2 | Sandwich/Clubsandwich: 2 | Sandwich/Kyckling Curry: 4 | Sandwich/Kyckling Pestoröra: 3 | Sandwich/Räkor: 4 | XL Frallor/Grovfralla Kalkon & Färskost: 10 | XL Frallor/Ost & Skinka: 12 | XL Frallor/Ost: 8
Stockholm Södra,ICA Södra Station,Sunday,68.0,56~96,34,Baguette/Kyckling Curry: 1 | Baguette/Kyckling Sweet Chili: 1 | Baguette/Ost & Skinka: 1 | Baguette/Salami & Brieost: 2 | Baguette/Skagen: 1 | Fralla/Ost & Skinka: 4 | Fralla/Ost: 3 | Glutenfri Frallor/Glutenfri Ost & Skinka(endast söndagsbeställning): 1 | Glutenfri Frallor/Glutenfri Pumpafralla Kalkon & Färskost(endast söndagsbeställning): 1 | Grönsallad/Kyckling: 3 | Hönökaka/Ost & Salami: 3 | Hönökaka/Ost & Skinka: 3 | Hönökaka/Ost: 3 | Pastasallad/Bacon & Kyckling: 1 | Pastasallad/Falafel: 1 | Pastasallad/Kyckling & Salladsost: 2 | Pastasallad/Kyckling kebab: 2 | Pastasallad/Kyckling mangocurry: 3 | Pastasallad/Ost & Skinka: 1 | Pastasallad/Räkor: 1 | Sandwich/Bacon & Äggröra: 2 | Sandwich/Clubsandwich: 2 | Sandwich/Kyckling Curry: 2 | Sandwich/Kyckling Pestoröra: 1 | Sandwich/Räkor: 2 | Sandwich/Ägg & Avocadokräm: 1 | Wraps/Caesar Kyckling: 3 | Wraps/Kyckling Bacon: 3 | Wraps/Kyckling Curry: 3 | Wraps/Kycklingsallad Olivie: 1 | Wraps/Sweet Chili: 3 | XL Frallor/Grovfralla Kalkon & Färskost: 2 | XL Frallor/Ost & Skinka: 3 | XL Frallor/Ost: 2
Stockholm Södra,Myway Södra Station,Sunday,42.0,37~63,20,Baguette/Salami & Brieost: 1 | Fralla/Ost & Skinka: 5 | Fralla/Ost: 3 | Glutenfri Frallor/Glutenfri Ost & Skinka(endast söndagsbeställning): 1 | Glutenfri Frallor/Glutenfri Pumpafralla Kalkon & Färskost(endast söndagsbeställning): 1 | Hönökaka/Ost & Salami: 5 | Hönökaka/Ost & Skinka: 6 | Hönökaka/Ost: 6 | Sandwich/Bacon & Äggröra: 1 | Sandwich/Clubsandwich: 1 | Sandwich/Kyckling Curry: 1 | Sandwich/Kyckling Pestoröra: 1 | Sandwich/Räkor: 1 | Sandwich/Ägg & Avocadokräm: 1 | Wraps/Caesar Kyckling: 1 | Wraps/Kyckling Curry: 1 | Wraps/Sweet Chili: 1 | XL Frallor/Grovfralla Kalkon & Färskost: 2 | XL Frallor/Ost & Skinka: 2 | XL Frallor/Ost: 1
Stockholm Södra,Odicho Livs,Sunday,1.0,1~2,1,XL Frallor/Grovfralla Kalkon & Färskost: 1
Stockholm Södra,Coop Centralen,Monday,80.0,68~94,10,Baguette/Ost & Skinka: 7 | Baguette/Salami & Brieost: 10 | Baguette/Skagen: 3 | Glutenfri Frallor/Glutenfri Ost & Skinka(endast söndagsbeställning): 2 | Glutenfri Frallor/Glutenfri Pumpafralla Kalkon & Färskost(endast söndagsbeställning): 2 | Hönökaka/Ost & Salami: 14 | Hönökaka/Ost & Skinka: 14 | Hönökaka/Ost: 10 | XL Frallor/Grovfralla Kalkon & Färskost: 8 | XL Frallor/Ost & Skinka: 10
Stockholm Södra,Coop Hagastaden,Monday,6.0,1~6,6,Fralla/Ost & Skinka: 1 | Fralla/Ost: 1 | Hönökaka/Ost & Salami: 1 | Hönökaka/Ost & Skinka: 1 | Hönökaka/Ost: 1 | Wraps/Kyckling Curry: 1
Stockholm Södra,Coop HÖTORGET,Monday,32.0,23~38,24,Fralla/Ost & Skinka: 2 | Fralla/Ost: 1 | Hönökaka/Ost & Salami: 2 | Hönökaka/Ost & Skinka: 2 | Hönökaka/Ost: 2 | Pastasallad/Falafel: 1 | Pastasallad/Kyckling & Salladsost: 1 | Pastasallad/Kyckling kebab: 1 | Pastasallad/Kyckling mangocurry: 1 | Pastasallad/Räkor: 1 | Sandwich/Bacon & Äggröra: 1 | Sandwich/Clubsandwich: 1 | Sandwich/Kyckling Curry: 1 | Sandwich/Kyckling Pestoröra: 1 | Sandwich/Räkor: 1 | Sandwich/Ägg & Avocadokräm: 1 | Wraps/Caesar Kyckling: 2 | Wraps/Kyckling Bacon: 1 | Wraps/Kyckling Curry: 2 | Wraps/Kycklingsallad Olivie: 2 | Wraps/Sweet Chili: 1 | XL Frallor/Grovfralla Kalkon & Färskost: 1 | XL Frallor/Ost & Skinka: 2 | XL Frallor/Ost: 1
Stockholm Södra,Coop Medborgarplatsen,Monday,1.0,0~1,1,Fralla/Ost & Skinka: 1
Stockholm Södra,Coop Nytorgsgatan,Monday,2.0,0~2,2,Fralla/Ost & Skinka: 1 | Pastasallad/Kyckling mangocurry: 1
Stockholm Södra,Coop Odengatan,Monday,15.0,7~15,15,Fralla/Ost & Skinka: 1 | Fralla/Ost: 1 | Hönökaka/Ost & Salami: 1 | Hönökaka/Ost & Skinka: 1 | Hönökaka/Ost: 1 | Pastasallad/Falafel: 1 | Pastasallad/Kyckling & Salladsost: 1 | Pastasallad/Kyckling kebab: 1 | Pastasallad/Kyckling mangocurry: 1 | Wraps/Caesar Kyckling: 1 | Wraps/Kyckling Bacon: 1 | Wraps/Kyckling Curry: 1 | Wraps/Sweet Chili: 1 | XL Frallor/Grovfralla Kalkon & Färskost: 1 | XL Frallor/Ost & Skinka: 1
Stockholm Södra,Coop Odenplan,Monday,10.0,4~10,10,Fralla/Ost & Skinka: 1 | Fralla/Ost: 1 | Hönökaka/Ost & Salami: 1 | Hönökaka/Ost & Skinka: 1 | Wraps/Caesar Kyckling: 1 | Wraps/Kyckling Bacon: 1 | Wraps/Kyckling Curry: 1 | XL Frallor/Grovfralla Kalkon & Färskost: 1 | XL Frallor/Ost & Skinka: 1 | XL Frallor/Ost: 1
Stockholm Södra,Coop Renstierna,Monday,11.0,4~12,11,Fralla/Ost & Skinka: 1 | Fralla/Ost: 1 | Hönökaka/Ost & Salami: 1 | Hönökaka/Ost & Skinka: 1 | Hönökaka/Ost: 1 | Pastasallad/Bacon & Kyckling: 1 | Pastasallad/Kyckling & Salladsost: 1 | Pastasallad/Kyckling kebab: 1 | Pastasallad/Kyckling mangocurry: 1 | Wraps/Caesar Kyckling: 1 | Wraps/Kyckling Curry: 1
Stockholm Södra,Coop Rådhuset,Monday,12.0,6~13,12,Baguette/Kycklingsallad Olivie: 1 | Baguette/Salami & Brieost: 1 | Fralla/Ost & Skinka: 1 | Fralla/Ost: 1 | Hönökaka/Ost & Salami: 1 | Hönökaka/Ost & Skinka: 1 | Hönökaka/Ost: 1 | Pastasallad/Kyckling & Salladsost: 1 | Pastasallad/Kyckling mangocurry: 1 | Wraps/Kycklingsallad Olivie: 1 | XL Frallor/Grovfralla Kalkon & Färskost: 1 | XL Frallor/Ost & Skinka: 1
Stockholm Södra,Coop Sveavägen,Monday,29.0,20~34,21,Baguette/Kyckling Sweet Chili: 1 | Baguette/Ost & Skinka: 1 | Baguette/Salami & Brieost: 2 | Baguette/Skagen: 1 | Fralla/Ost & Skinka: 3 | Fralla/Ost: 2 | Hönökaka/Ost & Salami: 3 | Hönökaka/Ost & Skinka: 2 | Hönökaka/Ost: 2 | Pastasallad/Falafel: 1 | Pastasallad/Kyckling & Salladsost: 1 | Pastasallad/Kyckling kebab: 1 | Pastasallad/Kyckling mangocurry: 1 | Sandwich/Bacon & Äggröra: 1 | Sandwich/Clubsandwich: 1 | Sandwich/Räkor: 1 | Wraps/Caesar Kyckling: 1 | Wraps/Kyckling Curry: 1 | XL Frallor/Grovfralla Kalkon & Färskost: 1 | XL Frallor/Ost & Skinka: 1 | XL Frallor/Ost: 1
Stockholm Södra,Coop Tomtebogatan,Monday,6.0,2~6,6,Fralla/Ost & Skinka: 1 | Hönökaka/Ost & Salami: 1 | Hönökaka/Ost & Skinka: 1 | Hönökaka/Ost: 1 | Pastasallad/Kyckling & Salladsost: 1 | Pastasallad/Kyckling mangocurry: 1
Stockholm Södra,Coop Zinkensdamm,Monday,6.0,4~8,6,Fralla/Ost & Skinka: 1 | Fralla/Ost: 1 | Hönökaka/Ost & Salami: 1 | Hönökaka/Ost & Skinka: 1 | Hönökaka/Ost: 1 | Pastasallad/Kyckling mangocurry: 1
Stockholm Södra,Hemköp Matpressen,Monday,17.0,6~20,16,Baguette/Salami & Brieost: 1 | Baguette/Skagen: 1 | Fralla/Ost & Skinka: 1 | Fralla/Ost: 1 | Grönsallad/Kyckling: 1 | Hönökaka/Ost & Salami: 1 | Hönökaka/Ost & Skinka: 2 | Hönökaka/Ost: 1 | Pastasallad/Kyckling & Salladsost: 1 | Pastasallad/Kyckling kebab: 1 | Pastasallad/Kyckling mangocurry: 1 | Pastasallad/Räkor: 1 | Wraps/Caesar Kyckling: 1 | Wraps/Kyckling Curry: 1 | XL Frallor/Grovfralla Kalkon & Färskost: 1 | XL Frallor/Ost & Skinka: 1
Stockholm Södra,ICA Birkahallen,Monday,3.0,1~3,3,Pastasallad/Kyckling mangocurry: 1 | Wraps/Caesar Kyckling: 1 | Wraps/Kyckling Curry: 1
Stockholm Södra,ICA Fridhemsplan,Monday,12.0,5~12,11,Fralla/Ost & Skinka: 1 | Fralla/Ost: 1 | Hönökaka/Ost & Salami: 1 | Hönökaka/Ost & Skinka: 1 | Hönökaka/Ost: 1 | Pastasallad/Kyckling & Salladsost: 1 | Pastasallad/Kyckling mangocurry: 1 | Räkmacka Liten/Räkmacka liten: 2 | XL Frallor/Grovfralla Kalkon & Färskost: 1 | XL Frallor/Ost & Skinka: 1 | XL Frallor/Ost: 1
Stockholm Södra,ICA Högalid,Monday,13.0,7~15,11,Baguette/Salami & Brieost: 1 | Fralla/Ost & Skinka: 1 | Hönökaka/Ost & Skinka: 1 | Hönökaka/Ost: 1 | Pastasallad/Kyckling & Salladsost: 1 | Pastasallad/Kyckling mangocurry: 1 | Wraps/Caesar Kyckling: 2 | Wraps/Kyckling Bacon: 1 | Wraps/Kyckling Curry: 2 | Wraps/Kycklingsallad Olivie: 1 | Wraps/Sweet Chili: 1
Stockholm Södra,ICA Mathörnan,Monday,2.0,0~2,2,Fralla/Ost & Skinka: 1 | Pastasallad/Kyckling mangocurry: 1
Stockholm Södra,ICA Sergelstorg,Monday,54.0,43~63,19,Baguette/Salami & Brieost: 2 | Fralla/Ost & Skinka: 4 | Fralla/Ost: 2 | Glutenfri Frallor/Glutenfri Pumpafralla Kalkon & Färskost(endast söndagsbeställning): 1 | Hönökaka/Ost & Salami: 7 | Hönökaka/Ost & Skinka: 8 | Hönökaka/Ost: 9 | Pastasallad/Falafel: 1 | Pastasallad/Kyckling & Salladsost: 1 | Pastasallad/Kyckling kebab: 1 | Pastasallad/Kyckling mangocurry: 2 | Pastasallad/Räkor: 1 | Sandwich/Clubsandwich: 1 | Sandwich/Kyckling Curry: 1 | Sandwich/Kyckling Pestoröra: 1 | Sandwich/Räkor: 1 | XL Frallor/Grovfralla Kalkon & Färskost: 4 | XL Frallor/Ost & Skinka: 4 | XL Frallor/Ost: 3
Stockholm Södra,ICA Södra Station,Monday,21.0,12~22,21,Baguette/Salami & Brieost: 1 | Fralla/Ost & Skinka: 1 | Fralla/Ost: 1 | Grönsallad/Kyckling: 1 | Hönökaka/Ost & Salami: 1 | Hönökaka/Ost & Skinka: 1 | Hönökaka/Ost: 1 | Pastasallad/Kyckling & Salladsost: 1 | Pastasallad/Kyckling kebab: 1 | Pastasallad/Kyckling mangocurry: 1 | Sandwich/Bacon & Äggröra: 1 | Sandwich/Clubsandwich: 1 | Sandwich/Kyckling Curry: 1 | Sandwich/Räkor: 1 | Wraps/Caesar Kyckling: 1 | Wraps/Kyckling Bacon: 1 | Wraps/Kyckling Curry: 1 | Wraps/Sweet Chili: 1 | XL Frallor/Grovfralla Kalkon & Färskost: 1 | XL Frallor/Ost & Skinka: 1 | XL Frallor/Ost: 1
Stockholm Södra,Myway Södra Station,Monday,11.0,8~12,7,Fralla/Ost & Skinka: 2 | Fralla/Ost: 1 | Hönökaka/Ost & Salami: 2 | Hönökaka/Ost & Skinka: 2 | Hönökaka/Ost: 2 | XL Frallor/Grovfralla Kalkon & Färskost: 1 | XL Frallor/Ost & Skinka: 1
Stockholm Södra,Coop Centralen,Tuesday,176.0,150~207,10,Baguette/Ost & Skinka: 15 | Baguette/Salami & Brieost: 22 | Baguette/Skagen: 6 | Glutenfri Frallor/Glutenfri Ost & Skinka(endast söndagsbeställning): 5 | Glutenfri Frallor/Glutenfri Pumpafralla Kalkon & Färskost(endast söndagsbeställning): 5 | Hönökaka/Ost & Salami: 30 | Hönökaka/Ost & Skinka: 30 | Hönökaka/Ost: 22 | XL Frallor/Grovfralla Kalkon & Färskost: 18 | XL Frallor/Ost & Skinka: 23
Stockholm Södra,Coop Hagastaden,Tuesday,13.0,8~14,8,Baguette/Kyckling Sweet Chili: 1 | Fralla/Ost & Skinka: 2 | Fralla/Ost: 1 | Hönökaka/Ost & Salami: 2 | Hönökaka/Ost & Skinka: 2 | Hönökaka/Ost: 2 | Räkmacka Liten/Räkmacka liten: 1 | Wraps/Kyckling Curry: 2
Stockholm Södra,Coop HÖTORGET,Tuesday,72.0,57~90,30,Baguette/Kyckling Curry: 1 | Baguette/Ost & Skinka: 1 | Baguette/Salami & Brieost: 1 | Fralla/Ost & Skinka: 4 | Fralla/Ost: 2 | Glutenfri Frallor/Glutenfri Ost(endast söndagsbeställning): 1 | Glutenfri Frallor/Glutenfri Pumpafralla Kalkon & Färskost(endast söndagsbeställning): 1 | Hönökaka/Ost & Salami: 4 | Hönökaka/Ost & Skinka: 5 | Hönökaka/Ost: 5 | Pastasallad/Falafel: 1 | Pastasallad/Kyckling & Salladsost: 2 | Pastasallad/Kyckling kebab: 2 | Pastasallad/Kyckling mangocurry: 3 | Pastasallad/Ost & Skinka: 1 | Pastasallad/Räkor: 1 | Sandwich/Bacon & Äggröra: 2 | Sandwich/Clubsandwich: 2 | Sandwich/Kyckling Curry: 2 | Sandwich/Kyckling Pestoröra: 1 | Sandwich/Räkor: 2 | Sandwich/Ägg & Avocadokräm: 2 | Wraps/Caesar Kyckling: 4 | Wraps/Kyckling Bacon: 3 | Wraps/Kyckling Curry: 4 | Wraps/Kycklingsallad Olivie: 4 | Wraps/Sweet Chili: 3 | XL Frallor/Grovfralla Kalkon & Färskost: 2 | XL Frallor/Ost & Skinka: 3 | XL Frallor/Ost: 3
Stockholm Södra,Coop Medborgarplatsen,Tuesday,15.0,5~15,14,Baguette/Kyckling Sweet Chili: 1 | Baguette/Salami & Brieost: 1 | Fralla/Ost & Skinka: 2 | Fralla/Ost: 1 | Hönökaka/Ost & Salami: 1 | Hönökaka/Ost & Skinka: 1 | Hönökaka/Ost: 1 | Sandwich/Kyckling Curry: 1 | Varmrätt/Kycklingpestosallad: 1 | Wraps/Caesar Kyckling: 1 | Wraps/Kyckling Curry: 1 | XL Frallor/Grovfralla Kalkon & Färskost: 1 | XL Frallor/Ost & Skinka: 1 | XL Frallor/Ost: 1
Stockholm Södra,Coop Nytorgsgatan,Tuesday,16.0,8~17,15,Baguette/Kyckling Sweet Chili: 1 | Baguette/Salami & Brieost: 1 | Fralla/Ost & Skinka: 2 | Fralla/Ost: 1 | Hönökaka/Ost & Salami: 1 | Hönökaka/Ost & Skinka: 1 | Hönökaka/Ost: 1 | Pastasallad/Kyckling & Salladsost: 1 | Pastasallad/Kyckling mangocurry: 1 | Sandwich/Clubsandwich: 1 | Wraps/Caesar Kyckling: 1 | Wraps/Kyckling Bacon: 1 | Wraps/Kyckling Curry: 1 | XL Frallor/Ost & Skinka: 1 | XL Frallor/Ost: 1
Stockholm Södra,Coop Odengatan,Tuesday,40.0,28~50,30,Baguette/Kyckling Curry: 1 | Baguette/Kyckling Sweet Chili: 1 | Baguette/Ost & Skinka: 1 | Baguette/Salami & Brieost: 1 | Baguette/Skagen: 1 | Fralla/Ost & Skinka: 2 | Fralla/Ost: 2 | Glutenfri Frallor/Glutenfri Pumpafralla Kalkon & Färskost(endast söndagsbeställning): 1 | Grönsallad/Kyckling: 1 | Hönökaka/Ost & Salami: 2 | Hönökaka/Ost & Skinka: 2 | Hönökaka/Ost: 2 | Pastasallad/Bacon & Kyckling: 1 | Pastasallad/Falafel: 1 | Pastasallad/Kyckling & Salladsost: 2 | Pastasallad/Kyckling kebab: 1 | Pastasallad/Kyckling mangocurry: 2 | Pastasallad/Ost & Skinka: 1 | Pastasallad/Räkor: 1 | Sandwich/Bacon & Äggröra: 1 | Sandwich/Clubsandwich: 1 | Sandwich/Kyckling Curry: 1 | Wraps/Caesar Kyckling: 2 | Wraps/Kyckling Bacon: 2 | Wraps/Kyckling Curry: 2 | Wraps/Kycklingsallad Olivie: 1 | Wraps/Sweet Chili: 1 | XL Frallor/Grovfralla Kalkon & Färskost: 1 | XL Frallor/Ost & Skinka: 1 | XL Frallor/Ost: 1
Stockholm Södra,Coop Odenplan,Tuesday,22.0,16~27,16,Baguette/Salami & Brieost: 1 | Fralla/Ost & Skinka: 2 | Fralla/Ost: 2 | Glutenfri Frallor/Glutenfri Ost(endast söndagsbeställning): 1 | Hönökaka/Ost & Salami: 1 | Hönökaka/Ost & Skinka: 1 | Hönökaka/Ost: 1 | Sandwich/Bacon & Äggröra: 1 | Sandwich/Clubsandwich: 1 | Sandwich/Kyckling Curry: 1 | Wraps/Caesar Kyckling: 2 | Wraps/Kyckling Bacon: 1 | Wraps/Kyckling Curry: 2 | XL Frallor/Grovfralla Kalkon & Färskost: 2 | XL Frallor/Ost & Skinka: 2 | XL Frallor/Ost: 1
Stockholm Södra,Coop Renstierna,Tuesday,30.0,22~39,24,Baguette/Salami & Brieost: 1 | Fralla/Ost & Skinka: 2 | Fralla/Ost: 1 | Hönökaka/Ost & Salami: 1 | Hönökaka/Ost & Skinka: 2 | Hönökaka/Ost: 2 | Pastasallad/Bacon & Kyckling: 1 | Pastasallad/Falafel: 1 | Pastasallad/Kyckling & Salladsost: 2 | Pastasallad/Kyckling kebab: 1 | Pastasallad/Kyckling mangocurry: 3 | Pastasallad/Ost & Skinka: 1 | Pastasallad/Räkor: 1 | Sandwich/Bacon & Äggröra: 1 | Sandwich/Clubsandwich: 1 | Sandwich/Kyckling Curry: 1 | Sandwich/Räkor: 1 | Wraps/Caesar Kyckling: 1 | Wraps/Kyckling Bacon: 1 | Wraps/Kyckling Curry: 1 | Wraps/Sweet Chili: 1 | XL Frallor/Grovfralla Kalkon & Färskost: 1 | XL Frallor/Ost & Skinka: 1 | XL Frallor/Ost: 1
Stockholm Södra,Coop Rådhuset,Tuesday,40.0,27~49,31,Baguette/Kyckling Curry: 1 | Baguette/Kyckling Sweet Chili: 1 | Baguette/Kycklingsallad Olivie: 1 | Baguette/Ost & Skinka: 1 | Baguette/Salami & Brieost: 1 | Baguette/Skagen: 1 | Fralla/Ost & Skinka: 3 | Fralla/Ost: 2 | Glutenfri Frallor/Glutenfri Pumpafralla Kalkon & Färskost(endast söndagsbeställning): 1 | Grönsallad/Kyckling: 1 | Hönökaka/Ost & Salami: 2 | Hönökaka/Ost & Skinka: 2 | Hönökaka/Ost: 2 | Pastasallad/Bacon & Kyckling: 1 | Pastasallad/Falafel: 1 | Pastasallad/Kyckling & Salladsost: 1 | Pastasallad/Kyckling kebab: 1 | Pastasallad/Kyckling mangocurry: 2 | Pastasallad/Ost & Skinka: 1 | Pastasallad/Räkor: 1 | Sandwich/Clubsandwich: 1 | Sandwich/Kyckling Curry: 1 | Sandwich/Räkor: 1 | Sandwich/Ägg & Avocadokräm: 1 | Wraps/Caesar Kyckling: 1 | Wraps/Kyckling Curry: 1 | Wraps/Kycklingsallad Olivie: 2 | Wraps/Sweet Chili: 1 | XL Frallor/Grovfralla Kalkon & Färskost: 1 | XL Frallor/Ost & Skinka: 2 | XL Frallor/Ost: 1
Stockholm Södra,Coop Sveavägen,Tuesday,67.0,54~84,29,Baguette/Kyckling Curry: 1 | Baguette/Kyckling Sweet Chili: 2 | Baguette/Ost & Skinka: 2 | Baguette/Salami & Brieost: 4 | Baguette/Skagen: 2 | Fralla/Ost & Skinka: 6 | Fralla/Ost: 4 | Glutenfri Frallor/Glutenfri Ost(endast söndagsbeställning): 1 | Glutenfri Frallor/Glutenfri Pumpafralla Kalkon & Färskost(endast söndagsbeställning): 1 | Hönökaka/Ost & Salami: 6 | Hönökaka/Ost & Skinka: 5 | Hönökaka/Ost: 5 | Pastasallad/Falafel: 1 | Pastasallad/Kyckling & Salladsost: 3 | Pastasallad/Kyckling kebab: 2 | Pastasallad/Kyckling mangocurry: 2 | Pastasallad/Räkor: 1 | Sandwich/Bacon & Äggröra: 1 | Sandwich/Clubsandwich: 1 | Sandwich/Kyckling Curry: 1 | Sandwich/Räkor: 2 | Sandwich/Ägg & Avocadokräm: 1 | Wraps/Caesar Kyckling: 2 | Wraps/Kyckling Bacon: 1 | Wraps/Kyckling Curry: 1 | Wraps/Sweet Chili: 1 | XL Frallor/Grovfralla Kalkon & Färskost: 3 | XL Frallor/Ost & Skinka: 3 | XL Frallor/Ost: 2
Stockholm Södra,Coop Tomtebogatan,Tuesday,24.0,14~27,19,Baguette/Kyckling Curry: 1 | Baguette/Salami & Brieost: 1 | Fralla/Ost & Skinka: 2 | Fralla/Ost: 1 | Hönökaka/Ost & Salami: 1 | Hönökaka/Ost & Skinka: 2 | Hönökaka/Ost: 2 | Pastasallad/Bacon & Kyckling: 1 | Pastasallad/Falafel: 1 | Pastasallad/Kyckling & Salladsost: 2 | Pastasallad/Kyckling kebab: 1 | Pastasallad/Kyckling mangocurry: 2 | Pastasallad/Räkor: 1 | Sandwich/Clubsandwich: 1 | Sandwich/Kyckling Curry: 1 | Sandwich/Räkor: 1 | Wraps/Caesar Kyckling: 1 | Wraps/Kyckling Bacon: 1 | Wraps/Kyckling Curry: 1
Stockholm Södra,Coop Zinkensdamm,Tuesday,27.0,17~32,20,Baguette/Ost & Skinka: 1 | Baguette/Salami & Brieost: 1 | Fralla/Ost & Skinka: 2 | Fralla/Ost: 2 | Hönökaka/Ost & Salami: 3 | Hönökaka/Ost & Skinka: 3 | Hönökaka/Ost: 2 | Pastasallad/Falafel: 1 | Pastasallad/Kyckling & Salladsost: 1 | Pastasallad/Kyckling kebab: 1 | Pastasallad/Kyckling mangocurry: 1 | Pastasallad/Ost & Skinka: 1 | Pastasallad/Räkor: 1 | Wraps/Caesar Kyckling: 1 | Wraps/Kyckling Bacon: 1 | Wraps/Kyckling Curry: 1 | Wraps/Sweet Chili: 1 | XL Frallor/Grovfralla Kalkon & Färskost: 1 | XL Frallor/Ost & Skinka: 1 | XL Frallor/Ost: 1
Stockholm Södra,Hemköp Matpressen,Tuesday,46.0,35~58,32,Baguette/Kyckling Sweet Chili: 1 | Baguette/Kycklingsallad Olivie: 1 | Baguette/Ost & Skinka: 1 | Baguette/Salami & Brieost: 1 | Baguette/Skagen: 1 | Fralla/Ost & Skinka: 2 | Fralla/Ost: 2 | Glutenfri Frallor/Glutenfri Pumpafralla Kalkon & Färskost(endast söndagsbeställning): 1 | Grönsallad/Kyckling: 1 | Hönökaka/Ost & Salami: 3 | Hönökaka/Ost & Skinka: 3 | Hönökaka/Ost: 3 | Pastasallad/Bacon & Kyckling: 1 | Pastasallad/Falafel: 1 | Pastasallad/Kyckling & Salladsost: 2 | Pastasallad/Kyckling kebab: 1 | Pastasallad/Kyckling mangocurry: 3 | Pastasallad/Ost & Skinka: 1 | Pastasallad/Räkor: 1 | Sandwich/Bacon & Äggröra: 1 | Sandwich/Clubsandwich: 1 | Sandwich/Kyckling Curry: 1 | Sandwich/Kyckling Pestoröra: 1 | Sandwich/Räkor: 1 | Wraps/Caesar Kyckling: 2 | Wraps/Kyckling Bacon: 1 | Wraps/Kyckling Curry: 1 | Wraps/Kycklingsallad Olivie: 1 | Wraps/Sweet Chili: 1 | XL Frallor/Grovfralla Kalkon & Färskost: 2 | XL Frallor/Ost & Skinka: 2 | XL Frallor/Ost: 1
Stockholm Södra,ICA Birkahallen,Tuesday,19.0,11~20,17,Baguette/Salami & Brieost: 1 | Fralla/Ost & Skinka: 1 | Hönökaka/Ost & Salami: 1 | Hönökaka/Ost & Skinka: 1 | Pastasallad/Bacon & Kyckling: 1 | Pastasallad/Falafel: 1 | Pastasallad/Kyckling & Salladsost: 1 | Pastasallad/Kyckling kebab: 1 | Pastasallad/Kyckling mangocurry: 2 | Pastasallad/Ost & Skinka: 1 | Pastasallad/Räkor: 1 | Sandwich/Kyckling Curry: 1 | Wraps/Caesar Kyckling: 2 | Wraps/Kyckling Bacon: 1 | Wraps/Kyckling Curry: 1 | Wraps/Sweet Chili: 1 | XL Frallor/Ost & Skinka: 1
Stockholm Södra,ICA Fridhemsplan,Tuesday,40.0,24~45,29,Baguette/Salami & Brieost: 1 | Baguette/Skagen: 1 | Fralla/Ost & Skinka: 2 | Fralla/Ost: 1 | Glutenfri Frallor/Glutenfri Pumpafralla Kalkon & Färskost(endast söndagsbeställning): 1 | Hönökaka/Ost & Salami: 2 | Hönökaka/Ost & Skinka: 2 | Hönökaka/Ost: 2 | Pastasallad/Bacon & Kyckling: 1 | Pastasallad/Falafel: 1 | Pastasallad/Kyckling & Salladsost: 2 | Pastasallad/Kyckling kebab: 1 | Pastasallad/Kyckling mangocurry: 2 | Pastasallad/Ost & Skinka: 1 | Pastasallad/Räkor: 1 | Räkmacka Liten/Räkmacka liten: 4 | Sandwich/Bacon & Äggröra: 1 | Sandwich/Clubsandwich: 1 | Sandwich/Kyckling Curry: 1 | Sandwich/Ägg & Avocadokräm: 1 | Varmrätt/Cevapcici med bulgur: 1 | Varmrätt/Kyckling-och böngryta: 1 | Wraps/Caesar Kyckling: 1 | Wraps/Kyckling Bacon: 1 | Wraps/Kyckling Curry: 1 | Wraps/Sweet Chili: 1 | XL Frallor/Grovfralla Kalkon & Färskost: 2 | XL Frallor/Ost & Skinka: 2 | XL Frallor/Ost: 1
Stockholm Södra,ICA Högalid,Tuesday,42.0,28~49,28,Baguette/Kyckling Curry: 1 | Baguette/Kyckling Sweet Chili: 1 | Baguette/Ost & Skinka: 1 | Baguette/Salami & Brieost: 1 | Fralla/Ost & Skinka: 2 | Fralla/Ost: 1 | Glutenfri Frallor/Glutenfri Ost & Skinka(endast söndagsbeställning): 1 | Glutenfri Frallor/Glutenfri Pumpafralla Kalkon & Färskost(endast söndagsbeställning): 1 | Hönökaka/Ost & Salami: 1 | Hönökaka/Ost & Skinka: 1 | Hönökaka/Ost: 2 | Pastasallad/Kyckling & Salladsost: 2 | Pastasallad/Kyckling kebab: 1 | Pastasallad/Kyckling mangocurry: 2 | Sandwich/Bacon & Äggröra: 1 | Sandwich/Clubsandwich: 1 | Sandwich/Kyckling Curry: 1 | Sandwich/Kyckling Pestoröra: 1 | Sandwich/Räkor: 1 | Sandwich/Ägg & Avocadokräm: 1 | Wraps/Caesar Kyckling: 4 | Wraps/Kyckling Bacon: 3 | Wraps/Kyckling Curry: 3 | Wraps/Kycklingsallad Olivie: 2 | Wraps/Sweet Chili: 3 | XL Frallor/Grovfralla Kalkon & Färskost: 1 | XL Frallor/Ost & Skinka: 1 | XL Frallor/Ost: 1
Stockholm Södra,ICA Mathörnan,Tuesday,17.0,7~19,17,Baguette/Salami & Brieost: 1 | Fralla/Ost & Skinka: 1 | Fralla/Ost: 1 | Hönökaka/Ost & Salami: 1 | Hönökaka/Ost & Skinka: 1 | Hönökaka/Ost: 1 | Pastasallad/Kyckling & Salladsost: 1 | Pastasallad/Kyckling kebab: 1 | Pastasallad/Kyckling mangocurry: 1 | Sandwich/Clubsandwich: 1 | Sandwich/Kyckling Curry: 1 | Wraps/Caesar Kyckling: 1 | Wraps/Kyckling Curry: 1 | Wraps/Sweet Chili: 1 | XL Frallor/Grovfralla Kalkon & Färskost: 1 | XL Frallor/Ost & Skinka: 1 | XL Frallor/Ost: 1
Stockholm Södra,ICA Sergelstorg,Tuesday,117.0,98~140,22,Baguette/Salami & Brieost: 4 | Fralla/Ost & Skinka: 8 | Fralla/Ost: 5 | Glutenfri Frallor/Glutenfri Ost & Skinka(endast söndagsbeställning): 1 | Glutenfri Frallor/Glutenfri Pumpafralla Kalkon & Färskost(endast söndagsbeställning): 1 | Hönökaka/Ost & Salami: 14 | Hönökaka/Ost & Skinka: 18 | Hönökaka/Ost: 19 | Pastasallad/Bacon & Kyckling: 1 | Pastasallad/Falafel: 2 | Pastasallad/Kyckling & Salladsost: 2 | Pastasallad/Kyckling kebab: 2 | Pastasallad/Kyckling mangocurry: 5 | Pastasallad/Ost & Skinka: 1 | Pastasallad/Räkor: 1 | Sandwich/Clubsandwich: 2 | Sandwich/Kyckling Curry: 3 | Sandwich/Kyckling Pestoröra: 2 | Sandwich/Räkor: 3 | XL Frallor/Grovfralla Kalkon & Färskost: 8 | XL Frallor/Ost & Skinka: 9 | XL Frallor/Ost: 6
Stockholm Södra,ICA Södra Station,Tuesday,52.0,39~66,34,Baguette/Kyckling Curry: 1 | Baguette/Kyckling Sweet Chili: 1 | Baguette/Ost & Skinka: 1 | Baguette/Salami & Brieost: 1 | Baguette/Skagen: 1 | Fralla/Ost & Skinka: 3 | Fralla/Ost: 2 | Glutenfri Frallor/Glutenfri Ost & Skinka(endast söndagsbeställning): 1 | Glutenfri Frallor/Glutenfri Pumpafralla Kalkon & Färskost(endast söndagsbeställning): 1 | Grönsallad/Kyckling: 2 | Hönökaka/Ost & Salami: 2 | Hönökaka/Ost & Skinka: 2 | Hönökaka/Ost: 2 | Pastasallad/Bacon & Kyckling: 1 | Pastasallad/Falafel: 1 | Pastasallad/Kyckling & Salladsost: 2 | Pastasallad/Kyckling kebab: 2 | Pastasallad/Kyckling mangocurry: 2 | Pastasallad/Ost & Skinka: 1 | Pastasallad/Räkor: 1 | Sandwich/Bacon & Äggröra: 2 | Sandwich/Clubsandwich: 1 | Sandwich/Kyckling Curry: 1 | Sandwich/Kyckling Pestoröra: 1 | Sandwich/Räkor: 1 | Sandwich/Ägg & Avocadokräm: 1 | Wraps/Caesar Kyckling: 2 | Wraps/Kyckling Bacon: 2 | Wraps/Kyckling Curry: 2 | Wraps/Kycklingsallad Olivie: 1 | Wraps/Sweet Chili: 2 | XL Frallor/Grovfralla Kalkon & Färskost: 2 | XL Frallor/Ost & Skinka: 2 | XL Frallor/Ost: 2
Stockholm Södra,Myway Södra Station,Tuesday,34.0,21~40,20,Baguette/Salami & Brieost: 1 | Fralla/Ost & Skinka: 3 | Fralla/Ost: 2 | Glutenfri Frallor/Glutenfri Ost & Skinka(endast söndagsbeställning): 1 | Glutenfri Frallor/Glutenfri Pumpafralla Kalkon & Färskost(endast söndagsbeställning): 1 | Hönökaka/Ost & Salami: 4 | Hönökaka/Ost & Skinka: 5 | Hönökaka/Ost: 4 | Sandwich/Bacon & Äggröra: 1 | Sandwich/Clubsandwich: 1 | Sandwich/Kyckling Curry: 1 | Sandwich/Kyckling Pestoröra: 1 | Sandwich/Räkor: 1 | Sandwich/Ägg & Avocadokräm: 1 | Wraps/Caesar Kyckling: 1 | Wraps/Kyckling Curry: 1 | Wraps/Sweet Chili: 1 | XL Frallor/Grovfralla Kalkon & Färskost: 2 | XL Frallor/Ost & Skinka: 1 | XL Frallor/Ost: 1
Stockholm Södra,Odicho Livs,Tuesday,1.0,0~1,1,XL Frallor/Grovfralla Kalkon & Färskost: 1
Stockholm Södra,Coop Centralen,Wednesday,64.0,54~75,10,Baguette/Ost & Skinka: 5 | Baguette/Salami & Brieost: 8 | Baguette/Skagen: 2 | Glutenfri Frallor/Glutenfri Ost & Skinka(endast söndagsbeställning): 2 | Glutenfri Frallor/Glutenfri Pumpafralla Kalkon & Färskost(endast söndagsbeställning): 2 | Hönökaka/Ost & Salami: 11 | Hönökaka/Ost & Skinka: 11 | Hönökaka/Ost: 8 | XL Frallor/Grovfralla Kalkon & Färskost: 7 | XL Frallor/Ost & Skinka: 8
Stockholm Södra,Coop Hagastaden,Wednesday,5.0,1~5,5,Fralla/Ost & Skinka: 1 | Hönökaka/Ost & Salami: 1 | Hönökaka/Ost & Skinka: 1 | Hönökaka/Ost: 1 | Wraps/Kyckling Curry: 1
Stockholm Södra,Coop HÖTORGET,Wednesday,24.0,21~29,21,Fralla/Ost & Skinka: 2 | Fralla/Ost: 1 | Hönökaka/Ost & Salami: 1 | Hönökaka/Ost & Skinka: 2 | Hönökaka/Ost: 2 | Pastasallad/Kyckling & Salladsost: 1 | Pastasallad/Kyckling kebab: 1 | Pastasallad/Kyckling mangocurry: 1 | Sandwich/Bacon & Äggröra: 1 | Sandwich/Clubsandwich: 1 | Sandwich/Kyckling Curry: 1 | Sandwich/Räkor: 1 | Sandwich/Ägg & Avocadokräm: 1 | Wraps/Caesar Kyckling: 1 | Wraps/Kyckling Bacon: 1 | Wraps/Kyckling Curry: 1 | Wraps/Kycklingsallad Olivie: 1 | Wraps/Sweet Chili: 1 | XL Frallor/Grovfralla Kalkon & Färskost: 1 | XL Frallor/Ost & Skinka: 1 | XL Frallor/Ost: 1
Stockholm Södra,Coop Medborgarplatsen,Wednesday,1.0,0~1,1,Fralla/Ost & Skinka: 1
Stockholm Södra,Coop Nytorgsgatan,Wednesday,1.0,0~1,1,Fralla/Ost & Skinka: 1
Stockholm Södra,Coop Odengatan,Wednesday,10.0,7~10,10,Fralla/Ost & Skinka: 1 | Fralla/Ost: 1 | Hönökaka/Ost & Salami: 1 | Hönökaka/Ost & Skinka: 1 | Hönökaka/Ost: 1 | Pastasallad/Kyckling & Salladsost: 1 | Pastasallad/Kyckling mangocurry: 1 | Wraps/Caesar Kyckling: 1 | Wraps/Kyckling Bacon: 1 | Wraps/Kyckling Curry: 1
Stockholm Södra,Coop Odenplan,Wednesday,6.0,4~6,6,Fralla/Ost & Skinka: 1 | Fralla/Ost: 1 | Wraps/Caesar Kyckling: 1 | Wraps/Kyckling Curry: 1 | XL Frallor/Grovfralla Kalkon & Färskost: 1 | XL Frallor/Ost & Skinka: 1
Stockholm Södra,Coop Renstierna,Wednesday,5.0,4~5,5,Fralla/Ost & Skinka: 1 | Hönökaka/Ost & Skinka: 1 | Hönökaka/Ost: 1 | Pastasallad/Kyckling & Salladsost: 1 | Pastasallad/Kyckling mangocurry: 1
Stockholm Södra,Coop Rådhuset,Wednesday,8.0,6~8,8,Fralla/Ost & Skinka: 1 | Fralla/Ost: 1 | Hönökaka/Ost & Salami: 1 | Hönökaka/Ost & Skinka: 1 | Hönökaka/Ost: 1 | Pastasallad/Kyckling mangocurry: 1 | Wraps/Kycklingsallad Olivie: 1 | XL Frallor/Ost & Skinka: 1
Stockholm Södra,Coop Sveavägen,Wednesday,21.0,19~24,17,Baguette/Kyckling Sweet Chili: 1 | Baguette/Ost & Skinka: 1 | Baguette/Salami & Brieost: 1 | Baguette/Skagen: 1 | Fralla/Ost & Skinka: 2 | Fralla/Ost: 1 | Hönökaka/Ost & Salami: 2 | Hönökaka/Ost & Skinka: 2 | Hönökaka/Ost: 2 | Pastasallad/Kyckling & Salladsost: 1 | Pastasallad/Kyckling kebab: 1 | Pastasallad/Kyckling mangocurry: 1 | Sandwich/Räkor: 1 | Wraps/Caesar Kyckling: 1 | XL Frallor/Grovfralla Kalkon & Färskost: 1 | XL Frallor/Ost & Skinka: 1 | XL Frallor/Ost: 1
Stockholm Södra,Coop Tomtebogatan,Wednesday,5.0,2~5,5,Fralla/Ost & Skinka: 1 | Hönökaka/Ost & Skinka: 1 | Hönökaka/Ost: 1 | Pastasallad/Kyckling & Salladsost: 1 | Pastasallad/Kyckling mangocurry: 1
Stockholm Södra,Coop Zinkensdamm,Wednesday,5.0,4~5,5,Fralla/Ost & Skinka: 1 | Fralla/Ost: 1 | Hönökaka/Ost & Salami: 1 | Hönökaka/Ost & Skinka: 1 | Hönökaka/Ost: 1
Stockholm Södra,Hemköp Matpressen,Wednesday,10.0,6~11,10,Fralla/Ost & Skinka: 1 | Fralla/Ost: 1 | Hönökaka/Ost & Salami: 1 | Hönökaka/Ost & Skinka: 1 | Hönökaka/Ost: 1 | Pastasallad/Kyckling & Salladsost: 1 | Pastasallad/Kyckling mangocurry: 1 | Wraps/Caesar Kyckling: 1 | XL Frallor/Grovfralla Kalkon & Färskost: 1 | XL Frallor/Ost & Skinka: 1
Stockholm Södra,ICA Birkahallen,Wednesday,2.0,1~2,2,Pastasallad/Kyckling mangocurry: 1 | Wraps/Caesar Kyckling: 1
Stockholm Södra,ICA Fridhemsplan,Wednesday,9.0,4~10,9,Fralla/Ost & Skinka: 1 | Hönökaka/Ost & Salami: 1 | Hönökaka/Ost & Skinka: 1 | Hönökaka/Ost: 1 | Pastasallad/Kyckling & Salladsost: 1 | Pastasallad/Kyckling mangocurry: 1 | Räkmacka Liten/Räkmacka liten: 1 | XL Frallor/Grovfralla Kalkon & Färskost: 1 | XL Frallor/Ost & Skinka: 1
Stockholm Södra,ICA Högalid,Wednesday,9.0,7~11,9,Fralla/Ost & Skinka: 1 | Hönökaka/Ost: 1 | Pastasallad/Kyckling & Salladsost: 1 | Pastasallad/Kyckling mangocurry: 1 | Wraps/Caesar Kyckling: 1 | Wraps/Kyckling Bacon: 1 | Wraps/Kyckling Curry: 1 | Wraps/Kycklingsallad Olivie: 1 | Wraps/Sweet Chili: 1
Stockholm Södra,ICA Sergelstorg,Wednesday,43.0,36~49,17,Baguette/Salami & Brieost: 2 | Fralla/Ost & Skinka: 3 | Fralla/Ost: 2 | Hönökaka/Ost & Salami: 5 | Hönökaka/Ost & Skinka: 7 | Hönökaka/Ost: 7 | Pastasallad/Falafel: 1 | Pastasallad/Kyckling & Salladsost: 1 | Pastasallad/Kyckling kebab: 1 | Pastasallad/Kyckling mangocurry: 2 | Sandwich/Clubsandwich: 1 | Sandwich/Kyckling Curry: 1 | Sandwich/Kyckling Pestoröra: 1 | Sandwich/Räkor: 1 | XL Frallor/Grovfralla Kalkon & Färskost: 3 | XL Frallor/Ost & Skinka: 3 | XL Frallor/Ost: 2
Stockholm Södra,ICA Södra Station,Wednesday,17.0,12~17,17,Fralla/Ost & Skinka: 1 | Fralla/Ost: 1 | Grönsallad/Kyckling: 1 | Hönökaka/Ost & Salami: 1 | Hönökaka/Ost & Skinka: 1 | Hönökaka/Ost: 1 | Pastasallad/Kyckling & Salladsost: 1 | Pastasallad/Kyckling kebab: 1 | Pastasallad/Kyckling mangocurry: 1 | Sandwich/Bacon & Äggröra: 1 | Wraps/Caesar Kyckling: 1 | Wraps/Kyckling Bacon: 1 | Wraps/Kyckling Curry: 1 | Wraps/Sweet Chili: 1 | XL Frallor/Grovfralla Kalkon & Färskost: 1 | XL Frallor/Ost & Skinka: 1 | XL Frallor/Ost: 1
Stockholm Södra,Myway Södra Station,Wednesday,8.0,5~10,6,Fralla/Ost & Skinka: 1 | Fralla/Ost: 1 | Hönökaka/Ost & Salami: 1 | Hönökaka/Ost & Skinka: 2 | Hönökaka/Ost: 2 | XL Frallor/Grovfralla Kalkon & Färskost: 1
Stockholm Södra,Coop Centralen,Thursday,240.79999999999995,201~279,10,Baguette/Ost & Skinka: 20 | Baguette/Salami & Brieost: 29 | Baguette/Skagen: 9 | Glutenfri Frallor/Glutenfri Ost & Skinka(endast söndagsbeställning): 6 | Glutenfri Frallor/Glutenfri Pumpafralla Kalkon & Färskost(endast söndagsbeställning): 6 | Hönökaka/Ost & Salami: 41 | Hönökaka/Ost & Skinka: 41 | Hönökaka/Ost: 29 | XL Frallor/Grovfralla Kalkon & Färskost: 26 | XL Frallor/Ost & Skinka: 32
Stockholm Södra,Coop Hagastaden,Thursday,19.799999999999997,20~29,15,Baguette/Kyckling Sweet Chili: 0 | Baguette/Ost & Skinka: 1 | Baguette/Salami & Brieost: 1 | Baguette/Skagen: 1 | Fralla/Ost & Skinka: 1 | Fralla/Ost: 1 | Grönsallad/Kyckling: 1 | Hönökaka/Ost & Salami: 1 | Hönökaka/Ost & Skinka: 1 | Hönökaka/Ost: 1 | Räkmacka Liten/Räkmacka liten: 2 | Wraps/Kyckling Curry: 1 | XL Frallor/Grovfralla Kalkon & Färskost: 1 | XL Frallor/Ost & Skinka: 1 | XL Frallor/Ost: 1
Stockholm Södra,Coop HÖTORGET,Thursday,94.59999999999997,80~128,32,Baguette/Kyckling Curry: 2 | Baguette/Kyckling Sweet Chili: 1 | Baguette/Ost & Skinka: 0 | Baguette/Salami & Brieost: 2 | Fralla/Ost & Skinka: 5 | Fralla/Ost: 4 | Glutenfri Frallor/Glutenfri Ost(endast söndagsbeställning): 0 | Glutenfri Frallor/Glutenfri Pumpafralla Kalkon & Färskost(endast söndagsbeställning): 0 | Hönökaka/Ost & Salami: 6 | Hönökaka/Ost & Skinka: 6 | Hönökaka/Ost: 6 | Pastasallad/Bacon & Kyckling: 1 | Pastasallad/Falafel: 1 | Pastasallad/Kyckling & Salladsost: 2 | Pastasallad/Kyckling kebab: 1 | Pastasallad/Kyckling mangocurry: 5 | Pastasallad/Ost & Skinka: 2 | Pastasallad/Räkor: 1 | Sandwich/Bacon & Äggröra: 1 | Sandwich/Clubsandwich: 2 | Sandwich/Kyckling Curry: 1 | Sandwich/Kyckling Pestoröra: 1 | Sandwich/Räkor: 1 | Sandwich/Ägg & Avocadokräm: 1 | Wraps/Caesar Kyckling: 4 | Wraps/Kyckling Bacon: 3 | Wraps/Kyckling Curry: 4 | Wraps/Kycklingsallad Olivie: 4 | Wraps/Sweet Chili: 5 | XL Frallor/Grovfralla Kalkon & Färskost: 1 | XL Frallor/Ost & Skinka: 4 | XL Frallor/Ost: 3
Stockholm Södra,Coop Medborgarplatsen,Thursday,32.39999999999999,26~40,25,Baguette/Kyckling Sweet Chili: 0 | Baguette/Ost & Skinka: 1 | Baguette/Salami & Brieost: 0 | Baguette/Skagen: 1 | Fralla/Ost & Skinka: 1 | Fralla/Ost: 0 | Hönökaka/Ost & Salami: 2 | Hönökaka/Ost & Skinka: 2 | Hönökaka/Ost: 2 | Pastasallad/Kyckling kebab: 1 | Pastasallad/Kyckling mangocurry: 1 | Pastasallad/Räkor: 1 | Sandwich/Clubsandwich: 1 | Sandwich/Kyckling Curry: 0 | Sandwich/Räkor: 1 | Varmrätt/Cevapcici med bulgur: 1 | Varmrätt/Falafel med bulgur: 1 | Varmrätt/Kyckling-och böngryta: 1 | Varmrätt/Kycklingpestosallad: 0 | Varmrätt/Teriyakikycklingfile med basmatiris: 1 | Wraps/Caesar Kyckling: 0 | Wraps/Kyckling Curry: 0 | XL Frallor/Grovfralla Kalkon & Färskost: 0 | XL Frallor/Ost & Skinka: 2 | XL Frallor/Ost: 0
Stockholm Södra,Coop Nytorgsgatan,Thursday,29.799999999999994,23~37,21,Baguette/Kyckling Sweet Chili: 0 | Baguette/Salami & Brieost: 0 | Fralla/Ost & Skinka: 1 | Fralla/Ost: 2 | Hönökaka/Ost & Salami: 2 | Hönökaka/Ost & Skinka: 2 | Hönökaka/Ost: 0 | Pastasallad/Bacon & Kyckling: 1 | Pastasallad/Kyckling & Salladsost: 0 | Pastasallad/Kyckling kebab: 1 | Pastasallad/Kyckling mangocurry: 1 | Sandwich/Bacon & Äggröra: 1 | Sandwich/Clubsandwich: 2 | Sandwich/Kyckling Curry: 1 | Sandwich/Kyckling Pestoröra: 1 | Wraps/Caesar Kyckling: 2 | Wraps/Kyckling Bacon: 0 | Wraps/Kyckling Curry: 2 | XL Frallor/Grovfralla Kalkon & Färskost: 1 | XL Frallor/Ost & Skinka: 0 | XL Frallor/Ost: 0
Stockholm Södra,Coop Odengatan,Thursday,53.79999999999998,45~81,32,Baguette/Kyckling Curry: 0 | Baguette/Kyckling Sweet Chili: 0 | Baguette/Ost & Skinka: 0 | Baguette/Salami & Brieost: 2 | Baguette/Skagen: 0 | Fralla/Ost & Skinka: 4 | Fralla/Ost: 1 | Glutenfri Frallor/Glutenfri Ost & Skinka(endast söndagsbeställning): 1 | Glutenfri Frallor/Glutenfri Ost(endast söndagsbeställning): 1 | Glutenfri Frallor/Glutenfri Pumpafralla Kalkon & Färskost(endast söndagsbeställning): 0 | Grönsallad/Kyckling: 0 | Hönökaka/Ost & Salami: 1 | Hönökaka/Ost & Skinka: 1 | Hönökaka/Ost: 1 | Pastasallad/Bacon & Kyckling: 0 | Pastasallad/Falafel: 1 | Pastasallad/Kyckling & Salladsost: 2 | Pastasallad/Kyckling kebab: 1 | Pastasallad/Kyckling mangocurry: 4 | Pastasallad/Ost & Skinka: 2 | Pastasallad/Räkor: 2 | Sandwich/Bacon & Äggröra: 0 | Sandwich/Clubsandwich: 2 | Sandwich/Kyckling Curry: 0 | Wraps/Caesar Kyckling: 2 | Wraps/Kyckling Bacon: 1 | Wraps/Kyckling Curry: 2 | Wraps/Kycklingsallad Olivie: 2 | Wraps/Sweet Chili: 1 | XL Frallor/Grovfralla Kalkon & Färskost: 1 | XL Frallor/Ost & Skinka: 1 | XL Frallor/Ost: 2
Stockholm Södra,Coop Odenplan,Thursday,31.39999999999999,28~48,21,Baguette/Kyckling Curry: 1 | Baguette/Salami & Brieost: 2 | Fralla/Ost & Skinka: 4 | Fralla/Ost: 1 | Glutenfri Frallor/Glutenfri Ost(endast söndagsbeställning): 0 | Hönökaka/Ost & Salami: 1 | Hönökaka/Ost & Skinka: 1 | Hönökaka/Ost: 2 | Sandwich/Bacon & Äggröra: 0 | Sandwich/Clubsandwich: 0 | Sandwich/Kyckling Curry: 0 | Sandwich/Räkor: 1 | Varmrätt/Cevapcici med bulgur: 1 | Varmrätt/Kyckling-och böngryta: 1 | Varmrätt/Teriyakikycklingfile med basmatiris: 1 | Wraps/Caesar Kyckling: 1 | Wraps/Kyckling Bacon: 1 | Wraps/Kyckling Curry: 1 | XL Frallor/Grovfralla Kalkon & Färskost: 1 | XL Frallor/Ost & Skinka: 1 | XL Frallor/Ost: 1
Stockholm Södra,Coop Renstierna,Thursday,45.59999999999999,38~60,27,Baguette/Kyckling Curry: 1 | Baguette/Salami & Brieost: 0 | Fralla/Ost & Skinka: 2 | Fralla/Ost: 1 | Glutenfri Frallor/Glutenfri Ost & Skinka(endast söndagsbeställning): 1 | Glutenfri Frallor/Glutenfri Pumpafralla Kalkon & Färskost(endast söndagsbeställning): 1 | Hönökaka/Ost & Salami: 1 | Hönökaka/Ost & Skinka: 1 | Hönökaka/Ost: 1 | Pastasallad/Bacon & Kyckling: 1 | Pastasallad/Falafel: 2 | Pastasallad/Kyckling & Salladsost: 2 | Pastasallad/Kyckling kebab: 1 | Pastasallad/Kyckling mangocurry: 3 | Pastasallad/Ost & Skinka: 2 | Pastasallad/Räkor: 2 | Sandwich/Bacon & Äggröra: 2 | Sandwich/Clubsandwich: 2 | Sandwich/Kyckling Curry: 0 | Sandwich/Räkor: 0 | Wraps/Caesar Kyckling: 1 | Wraps/Kyckling Bacon: 0 | Wraps/Kyckling Curry: 1 | Wraps/Sweet Chili: 0 | XL Frallor/Grovfralla Kalkon & Färskost: 2 | XL Frallor/Ost & Skinka: 2 | XL Frallor/Ost: 0
Stockholm Södra,Coop Rådhuset,Thursday,63.59999999999999,48~84,36,Baguette/Kyckling Curry: 2 | Baguette/Kyckling Sweet Chili: 0 | Baguette/Kycklingsallad Olivie: 1 | Baguette/Ost & Skinka: 2 | Baguette/Salami & Brieost: 1 | Baguette/Skagen: 0 | Fralla/Ost & Skinka: 3 | Fralla/Ost: 1 | Glutenfri Frallor/Glutenfri Pumpafralla Kalkon & Färskost(endast söndagsbeställning): 0 | Grönsallad/Kyckling: 2 | Hönökaka/Ost & Salami: 4 | Hönökaka/Ost & Skinka: 4 | Hönökaka/Ost: 2 | Pastasallad/Bacon & Kyckling: 2 | Pastasallad/Falafel: 0 | Pastasallad/Kyckling & Salladsost: 1 | Pastasallad/Kyckling kebab: 2 | Pastasallad/Kyckling mangocurry: 4 | Pastasallad/Ost & Skinka: 0 | Pastasallad/Räkor: 0 | Sandwich/Bacon & Äggröra: 1 | Sandwich/Clubsandwich: 2 | Sandwich/Kyckling Curry: 0 | Sandwich/Räkor: 0 | Sandwich/Ägg & Avocadokräm: 0 | Varmrätt/Cevapcici med bulgur: 1 | Varmrätt/Kyckling-och böngryta: 1 | Varmrätt/Teriyakibiff med ris: 1 | Varmrätt/Teriyakikycklingfile med basmatiris: 1 | Wraps/Caesar Kyckling: 2 | Wraps/Kyckling Curry: 2 | Wraps/Kycklingsallad Olivie: 1 | Wraps/Sweet Chili: 0 | XL Frallor/Grovfralla Kalkon & Färskost: 1 | XL Frallor/Ost & Skinka: 1 | XL Frallor/Ost: 2
Stockholm Södra,Coop Sveavägen,Thursday,98.19999999999997,77~123,32,Baguette/Kyckling Curry: 2 | Baguette/Kyckling Sweet Chili: 1 | Baguette/Ost & Skinka: 4 | Baguette/Salami & Brieost: 6 | Baguette/Skagen: 1 | Fralla/Ost & Skinka: 6 | Fralla/Ost: 4 | Glutenfri Frallor/Glutenfri Ost(endast söndagsbeställning): 2 | Glutenfri Frallor/Glutenfri Pumpafralla Kalkon & Färskost(endast söndagsbeställning): 0 | Hönökaka/Ost & Salami: 7 | Hönökaka/Ost & Skinka: 7 | Hönökaka/Ost: 6 | Pastasallad/Bacon & Kyckling: 1 | Pastasallad/Falafel: 1 | Pastasallad/Kyckling & Salladsost: 3 | Pastasallad/Kyckling kebab: 4 | Pastasallad/Kyckling mangocurry: 2 | Pastasallad/Ost & Skinka: 1 | Pastasallad/Räkor: 2 | Sandwich/Bacon & Äggröra: 1 | Sandwich/Clubsandwich: 1 | Sandwich/Kyckling Curry: 2 | Sandwich/Kyckling Pestoröra: 1 | Sandwich/Räkor: 1 | Sandwich/Ägg & Avocadokräm: 2 | Wraps/Caesar Kyckling: 1 | Wraps/Kyckling Bacon: 2 | Wraps/Kyckling Curry: 1 | Wraps/Sweet Chili: 0 | XL Frallor/Grovfralla Kalkon & Färskost: 5 | XL Frallor/Ost & Skinka: 5 | XL Frallor/Ost: 4
Stockholm Södra,Coop Tomtebogatan,Thursday,33.19999999999999,28~48,22,Baguette/Kyckling Curry: 0 | Baguette/Salami & Brieost: 0 | Fralla/Ost & Skinka: 2 | Fralla/Ost: 2 | Hönökaka/Ost & Salami: 1 | Hönökaka/Ost & Skinka: 1 | Hönökaka/Ost: 1 | Pastasallad/Bacon & Kyckling: 0 | Pastasallad/Falafel: 0 | Pastasallad/Kyckling & Salladsost: 1 | Pastasallad/Kyckling kebab: 2 | Pastasallad/Kyckling mangocurry: 2 | Pastasallad/Ost & Skinka: 1 | Pastasallad/Räkor: 0 | Sandwich/Clubsandwich: 2 | Sandwich/Kyckling Curry: 0 | Sandwich/Kyckling Pestoröra: 1 | Sandwich/Räkor: 0 | Wraps/Caesar Kyckling: 2 | Wraps/Kyckling Bacon: 2 | Wraps/Kyckling Curry: 2 | Wraps/Sweet Chili: 1
Stockholm Södra,Coop Zinkensdamm,Thursday,43.39999999999999,31~54,23,Baguette/Ost & Skinka: 0 | Baguette/Salami & Brieost: 2 | Fralla/Ost & Skinka: 4 | Fralla/Ost: 1 | Glutenfri Frallor/Glutenfri Ost & Skinka(endast söndagsbeställning): 1 | Glutenfri Frallor/Glutenfri Pumpafralla Kalkon & Färskost(endast söndagsbeställning): 1 | Hönökaka/Ost & Salami: 3 | Hönökaka/Ost & Skinka: 3 | Hönökaka/Ost: 4 | Pastasallad/Bacon & Kyckling: 1 | Pastasallad/Falafel: 0 | Pastasallad/Kyckling & Salladsost: 2 | Pastasallad/Kyckling kebab: 2 | Pastasallad/Kyckling mangocurry: 1 | Pastasallad/Ost & Skinka: 0 | Pastasallad/Räkor: 0 | Wraps/Caesar Kyckling: 2 | Wraps/Kyckling Bacon: 0 | Wraps/Kyckling Curry: 2 | Wraps/Sweet Chili: 0 | XL Frallor/Grovfralla Kalkon & Färskost: 0 | XL Frallor/Ost & Skinka: 2 | XL Frallor/Ost: 2
Stockholm Södra,Hemköp Matpressen,Thursday,68.19999999999999,55~85,33,Baguette/Kyckling Sweet Chili: 2 | Baguette/Kycklingsallad Olivie: 2 | Baguette/Ost & Skinka: 2 | Baguette/Salami & Brieost: 1 | Baguette/Skagen: 1 | Fralla/Ost & Skinka: 4 | Fralla/Ost: 1 | Glutenfri Frallor/Glutenfri Pumpafralla Kalkon & Färskost(endast söndagsbeställning): 0 | Grönsallad/Kyckling: 1 | Hönökaka/Ost & Salami: 3 | Hönökaka/Ost & Skinka: 4 | Hönökaka/Ost: 5 | Pastasallad/Bacon & Kyckling: 2 | Pastasallad/Falafel: 2 | Pastasallad/Kyckling & Salladsost: 2 | Pastasallad/Kyckling kebab: 1 | Pastasallad/Kyckling mangocurry: 3 | Pastasallad/Ost & Skinka: 0 | Pastasallad/Räkor: 1 | Sandwich/Bacon & Äggröra: 2 | Sandwich/Clubsandwich: 2 | Sandwich/Kyckling Curry: 2 | Sandwich/Kyckling Pestoröra: 0 | Sandwich/Räkor: 2 | Sandwich/Ägg & Avocadokräm: 1 | Wraps/Caesar Kyckling: 1 | Wraps/Kyckling Bacon: 2 | Wraps/Kyckling Curry: 1 | Wraps/Kycklingsallad Olivie: 0 | Wraps/Sweet Chili: 2 | XL Frallor/Grovfralla Kalkon & Färskost: 1 | XL Frallor/Ost & Skinka: 1 | XL Frallor/Ost: 2
Stockholm Södra,ICA Birkahallen,Thursday,30.59999999999999,23~41,21,Baguette/Ost & Skinka: 1 | Baguette/Salami & Brieost: 0 | Fralla/Ost & Skinka: 2 | Fralla/Ost: 1 | Hönökaka/Ost & Salami: 0 | Hönökaka/Ost & Skinka: 2 | Pastasallad/Bacon & Kyckling: 0 | Pastasallad/Falafel: 0 | Pastasallad/Kyckling & Salladsost: 2 | Pastasallad/Kyckling kebab: 2 | Pastasallad/Kyckling mangocurry: 1 | Pastasallad/Ost & Skinka: 0 | Pastasallad/Räkor: 0 | Sandwich/Clubsandwich: 1 | Sandwich/Kyckling Curry: 0 | Wraps/Caesar Kyckling: 1 | Wraps/Kyckling Bacon: 2 | Wraps/Kyckling Curry: 1 | Wraps/Sweet Chili: 2 | XL Frallor/Grovfralla Kalkon & Färskost: 1 | XL Frallor/Ost & Skinka: 2
Stockholm Södra,ICA Fridhemsplan,Thursday,53.999999999999986,46~78,33,Baguette/Kyckling Curry: 1 | Baguette/Salami & Brieost: 2 | Baguette/Skagen: 0 | Fralla/Ost & Skinka: 2 | Fralla/Ost: 1 | Glutenfri Frallor/Glutenfri Ost & Skinka(endast söndagsbeställning): 1 | Glutenfri Frallor/Glutenfri Pumpafralla Kalkon & Färskost(endast söndagsbeställning): 0 | Hönökaka/Ost & Salami: 1 | Hönökaka/Ost & Skinka: 1 | Hönökaka/Ost: 1 | Pastasallad/Bacon & Kyckling: 0 | Pastasallad/Falafel: 2 | Pastasallad/Kyckling & Salladsost: 1 | Pastasallad/Kyckling kebab: 2 | Pastasallad/Kyckling mangocurry: 4 | Pastasallad/Ost & Skinka: 0 | Pastasallad/Räkor: 2 | Räkmacka Liten/Räkmacka liten: 6 | Sandwich/Bacon & Äggröra: 0 | Sandwich/Clubsandwich: 2 | Sandwich/Kyckling Curry: 0 | Sandwich/Kyckling Pestoröra: 1 | Sandwich/Ägg & Avocadokräm: 0 | Varmrätt/Cevapcici med bulgur: 0 | Varmrätt/Kyckling-och böngryta: 0 | Varmrätt/Teriyakikycklingfile med basmatiris: 1 | Wraps/Caesar Kyckling: 2 | Wraps/Kyckling Bacon: 0 | Wraps/Kyckling Curry: 2 | Wraps/Sweet Chili: 2 | XL Frallor/Grovfralla Kalkon & Färskost: 1 | XL Frallor/Ost & Skinka: 1 | XL Frallor/Ost: 1
Stockholm Södra,ICA Högalid,Thursday,58.999999999999986,49~81,32,Baguette/Kyckling Curry: 0 | Baguette/Kyckling Sweet Chili: 0 | Baguette/Ost & Skinka: 2 | Baguette/Salami & Brieost: 1 | Baguette/Skagen: 1 | Fralla/Ost & Skinka: 1 | Fralla/Ost: 2 | Glutenfri Frallor/Glutenfri Ost & Skinka(endast söndagsbeställning): 0 | Glutenfri Frallor/Glutenfri Pumpafralla Kalkon & Färskost(endast söndagsbeställning): 0 | Hönökaka/Ost & Salami: 2 | Hönökaka/Ost & Skinka: 1 | Hönökaka/Ost: 1 | Pastasallad/Bacon & Kyckling: 1 | Pastasallad/Falafel: 1 | Pastasallad/Kyckling & Salladsost: 1 | Pastasallad/Kyckling kebab: 2 | Pastasallad/Kyckling mangocurry: 2 | Pastasallad/Räkor: 1 | Sandwich/Bacon & Äggröra: 0 | Sandwich/Clubsandwich: 2 | Sandwich/Kyckling Curry: 0 | Sandwich/Kyckling Pestoröra: 0 | Sandwich/Räkor: 2 | Sandwich/Ägg & Avocadokräm: 0 | Wraps/Caesar Kyckling: 4 | Wraps/Kyckling Bacon: 3 | Wraps/Kyckling Curry: 4 | Wraps/Kycklingsallad Olivie: 1 | Wraps/Sweet Chili: 5 | XL Frallor/Grovfralla Kalkon & Färskost: 2 | XL Frallor/Ost & Skinka: 2 | XL Frallor/Ost: 0
Stockholm Södra,ICA Mathörnan,Thursday,29.199999999999992,24~39,22,Baguette/Kyckling Curry: 1 | Baguette/Salami & Brieost: 0 | Fralla/Ost & Skinka: 1 | Fralla/Ost: 2 | Hönökaka/Ost & Salami: 0 | Hönökaka/Ost & Skinka: 2 | Hönökaka/Ost: 0 | Pastasallad/Kyckling & Salladsost: 2 | Pastasallad/Kyckling kebab: 0 | Pastasallad/Kyckling mangocurry: 1 | Sandwich/Bacon & Äggröra: 1 | Sandwich/Clubsandwich: 0 | Sandwich/Kyckling Curry: 0 | Sandwich/Räkor: 1 | Sandwich/Ägg & Avocadokräm: 1 | Wraps/Caesar Kyckling: 2 | Wraps/Kyckling Bacon: 1 | Wraps/Kyckling Curry: 2 | Wraps/Sweet Chili: 0 | XL Frallor/Grovfralla Kalkon & Färskost: 0 | XL Frallor/Ost & Skinka: 0 | XL Frallor/Ost: 0
Stockholm Södra,ICA Sergelstorg,Thursday,155.19999999999996,128~194,22,Baguette/Salami & Brieost: 5 | Fralla/Ost & Skinka: 11 | Fralla/Ost: 6 | Glutenfri Frallor/Glutenfri Ost & Skinka(endast söndagsbeställning): 2 | Glutenfri Frallor/Glutenfri Pumpafralla Kalkon & Färskost(endast söndagsbeställning): 1 | Hönökaka/Ost & Salami: 19 | Hönökaka/Ost & Skinka: 26 | Hönökaka/Ost: 24 | Pastasallad/Bacon & Kyckling: 2 | Pastasallad/Falafel: 1 | Pastasallad/Kyckling & Salladsost: 4 | Pastasallad/Kyckling kebab: 1 | Pastasallad/Kyckling mangocurry: 6 | Pastasallad/Ost & Skinka: 0 | Pastasallad/Räkor: 1 | Sandwich/Clubsandwich: 1 | Sandwich/Kyckling Curry: 3 | Sandwich/Kyckling Pestoröra: 1 | Sandwich/Räkor: 3 | XL Frallor/Grovfralla Kalkon & Färskost: 10 | XL Frallor/Ost & Skinka: 11 | XL Frallor/Ost: 9
Stockholm Södra,ICA Södra Station,Thursday,70.19999999999999,56~104,35,Baguette/Kyckling Curry: 0 | Baguette/Kyckling Sweet Chili: 2 | Baguette/Ost & Skinka: 2 | Baguette/Salami & Brieost: 1 | Baguette/Skagen: 2 | Fralla/Ost & Skinka: 5 | Fralla/Ost: 2 | Glutenfri Frallor/Glutenfri Ost & Skinka(endast söndagsbeställning): 0 | Glutenfri Frallor/Glutenfri Ost(endast söndagsbeställning): 1 | Glutenfri Frallor/Glutenfri Pumpafralla Kalkon & Färskost(endast söndagsbeställning): 2 | Grönsallad/Kyckling: 1 | Hönökaka/Ost & Salami: 2 | Hönökaka/Ost & Skinka: 4 | Hönökaka/Ost: 4 | Pastasallad/Bacon & Kyckling: 0 | Pastasallad/Falafel: 0 | Pastasallad/Kyckling & Salladsost: 1 | Pastasallad/Kyckling kebab: 1 | Pastasallad/Kyckling mangocurry: 4 | Pastasallad/Ost & Skinka: 0 | Pastasallad/Räkor: 2 | Sandwich/Bacon & Äggröra: 1 | Sandwich/Clubsandwich: 1 | Sandwich/Kyckling Curry: 1 | Sandwich/Kyckling Pestoröra: 0 | Sandwich/Räkor: 1 | Sandwich/Ägg & Avocadokräm: 0 | Wraps/Caesar Kyckling: 2 | Wraps/Kyckling Bacon: 1 | Wraps/Kyckling Curry: 4 | Wraps/Kycklingsallad Olivie: 2 | Wraps/Sweet Chili: 2 | XL Frallor/Grovfralla Kalkon & Färskost: 1 | XL Frallor/Ost & Skinka: 2 | XL Frallor/Ost: 1
Stockholm Södra,Myway Södra Station,Thursday,46.39999999999999,39~64,22,Baguette/Kyckling Sweet Chili: 1 | Baguette/Salami & Brieost: 0 | Fralla/Ost & Skinka: 4 | Fralla/Ost: 4 | Glutenfri Frallor/Glutenfri Ost & Skinka(endast söndagsbeställning): 0 | Glutenfri Frallor/Glutenfri Pumpafralla Kalkon & Färskost(endast söndagsbeställning): 0 | Hönökaka/Ost & Salami: 6 | Hönökaka/Ost & Skinka: 6 | Hönökaka/Ost: 5 | Sandwich/Bacon & Äggröra: 0 | Sandwich/Clubsandwich: 2 | Sandwich/Kyckling Curry: 2 | Sandwich/Kyckling Pestoröra: 0 | Sandwich/Räkor: 0 | Sandwich/Ägg & Avocadokräm: 0 | Wraps/Caesar Kyckling: 0 | Wraps/Kyckling Bacon: 1 | Wraps/Kyckling Curry: 0 | Wraps/Sweet Chili: 0 | XL Frallor/Grovfralla Kalkon & Färskost: 1 | XL Frallor/Ost & Skinka: 1 | XL Frallor/Ost: 2
Stockholm Södra,Odicho Livs,Thursday,2.1999999999999997,2~3,2,Pastasallad/Kyckling mangocurry: 1 | XL Frallor/Grovfralla Kalkon & Färskost: 0
Stockholm Väst,Coop  SVANDAMMSPLAN,Sunday,21.0,20~40,20,Baguette/Kyckling Curry: 1 | Baguette/Kyckling Sweet Chili: 1 | Baguette/Salami & Brieost: 1 | Fralla/Ost & Skinka: 1 | Fralla/Ost: 2 | Grönsallad/Kyckling: 1 | Hönökaka/Ost & Skinka: 1 | Hönökaka/Ost: 1 | Pastasallad/Bacon & Kyckling: 1 | Pastasallad/Kyckling & Salladsost: 1 | Pastasallad/Ost & Skinka: 1 | Sandwich/Clubsandwich: 1 | Sandwich/Kyckling Curry: 1 | Sandwich/Kyckling Pestoröra: 1 | Sandwich/Räkor: 1 | Wraps/Kyckling Bacon: 1 | Wraps/Kyckling Curry: 1 | Wraps/Kycklingsallad Olivie: 1 | Wraps/Sweet Chili: 1 | Wraps/Wrap Curry Oumph!: 1
Stockholm Väst,Coop Folkparken,Sunday,11.0,10~20,10,Baguette/Salami & Brieost: 1 | Baguette/Skagen: 1 | Fralla/Ost & Skinka: 1 | Fralla/Ost: 1 | Pastasallad/Kyckling & Salladsost: 1 | Pastasallad/Kyckling mangocurry: 2 | Pastasallad/Räkor: 1 | Wraps/Caesar Kyckling: 1 | Wraps/Kyckling Bacon: 1 | Wraps/Kyckling Curry: 1
Stockholm Väst,Coop Kristineberg,Sunday,25.0,22~38,16,Baguette/Kyckling Curry: 1 | Baguette/Skagen: 1 | Fralla/Ost & Skinka: 1 | Fralla/Ost: 1 | Hönökaka/Ost & Skinka: 1 | Hönökaka/Ost: 1 | Pastasallad/Kyckling & Salladsost: 2 | Pastasallad/Kyckling mangocurry: 3 | Pastasallad/Räkor: 1 | Sandwich/Bacon & Äggröra: 1 | Sandwich/Kyckling Curry: 1 | Sandwich/Ägg & Avocadokräm: 1 | Wraps/Caesar Kyckling: 3 | Wraps/Kyckling Bacon: 2 | Wraps/Kyckling Curry: 3 | Wraps/Sweet Chili: 2
Stockholm Väst,Coop Mälarhöjden,Sunday,14.0,13~26,13,Baguette/Kyckling Curry: 1 | Baguette/Salami & Brieost: 1 | Fralla/Ost & Skinka: 2 | Fralla/Ost: 1 | Hönökaka/Ost & Salami: 1 | Hönökaka/Ost & Skinka: 1 | Hönökaka/Ost: 1 | Sandwich/Clubsandwich: 1 | Sandwich/Räkor: 1 | Sandwich/Ägg & Avocadokräm: 1 | Wraps/Caesar Kyckling: 1 | Wraps/Kyckling Bacon: 1 | XL Frallor/Ost & Skinka: 1
Stockholm Väst,Coop Storsjövägen,Sunday,12.0,12~24,12,Baguette/Ost & Skinka: 1 | Baguette/Salami & Brieost: 1 | Fralla/Ost & Skinka: 1 | Hönökaka/Ost & Skinka: 1 | Hönökaka/Ost: 1 | Pastasallad/Kyckling & Salladsost: 1 | Pastasallad/Kyckling mangocurry: 1 | Wraps/Caesar Kyckling: 1 | Wraps/Kyckling Bacon: 1 | Wraps/Kyckling Curry: 1 | Wraps/Sweet Chili: 1 | XL Frallor/Ost & Skinka: 1
Stockholm Väst,Coop Västertorp,Sunday,28.0,21~41,19,Baguette/Kyckling Curry: 1 | Baguette/Salami & Brieost: 1 | Baguette/Skagen: 1 | Fralla/Ost & Skinka: 2 | Fralla/Ost: 1 | Grönsallad/Caesarsallad: 1 | Hönökaka/Ost: 2 | Pastasallad/Kyckling & Salladsost: 3 | Pastasallad/Kyckling mangocurry: 3 | Pastasallad/Räkor: 2 | Sandwich/Clubsandwich: 1 | Sandwich/Kyckling Curry: 1 | Sandwich/Kyckling Pestoröra: 1 | Sandwich/Räkor: 1 | Wraps/Caesar Kyckling: 1 | Wraps/Kyckling Bacon: 1 | Wraps/Kyckling Curry: 2 | Wraps/Sweet Chili: 2 | XL Frallor/Ost: 1
Stockholm Väst,Coop rönninge,Sunday,3.0,3~6,3,Pastasallad/Kyckling & Salladsost: 1 | Pastasallad/Kyckling mangocurry: 1 | Pastasallad/Ost & Skinka: 1
Stockholm Väst,ICA Essingen,Sunday,34.0,25~47,21,Baguette/Ost & Skinka: 1 | Baguette/Salami & Brieost: 1 | Baguette/Skagen: 2 | Fralla/Ost & Skinka: 2 | Fralla/Ost: 2 | Grönsallad/Caesarsallad: 1 | Hönökaka/Ost & Salami: 2 | Hönökaka/Ost & Skinka: 1 | Hönökaka/Ost: 1 | Pastasallad/Kyckling & Salladsost: 2 | Pastasallad/Kyckling mangocurry: 3 | Pastasallad/Räkor: 1 | Sandwich/Bacon & Äggröra: 2 | Sandwich/Kyckling Curry: 1 | Sandwich/Räkor: 1 | Sandwich/Ägg & Avocadokräm: 2 | Wraps/Caesar Kyckling: 3 | Wraps/Kyckling Curry: 3 | XL Frallor/Grovfralla Kalkon & Färskost: 1 | XL Frallor/Ost & Skinka: 1 | XL Frallor/Ost: 1
Stockholm Väst,ICA Supermarket solbo,Sunday,10.0,10~20,10,Baguette/Salami & Brieost: 1 | Baguette/Skagen: 1 | Fralla/Ost & Skinka: 1 | Fralla/Ost: 1 | Hönökaka/Ost & Skinka: 1 | Hönökaka/Ost: 1 | Pastasallad/Kyckling & Salladsost: 1 | Pastasallad/Kyckling mangocurry: 1 | Wraps/Caesar Kyckling: 1 | Wraps/Kyckling Curry: 1
Stockholm Väst,ICA nära Vårby gård,Sunday,20.0,15~30,15,Baguette/Salami & Brieost: 1 | Baguette/Skagen: 1 | Fralla/Ost & Skinka: 1 | Fralla/Ost: 1 | Grönsallad/Caesarsallad: 1 | Hönökaka/Ost: 2 | Pastasallad/Kyckling & Salladsost: 2 | Pastasallad/Kyckling kebab: 2 | Pastasallad/Kyckling mangocurry: 2 | Sandwich/Räkor: 1 | Varmrätt/Kycklingspett med ris: 1 | Wraps/Caesar Kyckling: 2 | Wraps/Kyckling Bacon: 1 | Wraps/Kyckling Curry: 1 | XL Frallor/Grovfralla Kalkon & Färskost: 1
Stockholm Väst,Prisma Skärholmen,Sunday,9.0,9~18,9,Fralla/Ost: 1 | Hönökaka/Ost: 1 | Pastasallad/Kyckling & Salladsost: 1 | Pastasallad/Kyckling mangocurry: 1 | Pastasallad/Räkor: 1 | Sandwich/Kyckling Pestoröra: 1 | Wraps/Kyckling Curry: 1 | Wraps/Sweet Chili: 1 | XL Frallor/Grovfralla Kalkon & Färskost: 1
Stockholm Väst,Supergrossen Hallunda,Sunday,5.0,5~10,5,Fralla/Ost & Skinka: 1 | Hönökaka/Ost & Salami: 1 | Pastasallad/Kyckling & Salladsost: 1 | Pastasallad/Kyckling mangocurry: 1 | Wraps/Kyckling Bacon: 1
Stockholm Väst,Vivo ellbe,Sunday,13.0,11~22,11,Baguette/Salami & Brieost: 1 | Fralla/Ost & Skinka: 1 | Pastasallad/Kyckling & Salladsost: 2 | Pastasallad/Kyckling kebab: 1 | Pastasallad/Kyckling mangocurry: 2 | Pastasallad/Ost & Skinka: 1 | Pastasallad/Räkor: 1 | Wraps/Caesar Kyckling: 1 | Wraps/Kyckling Bacon: 1 | Wraps/Kyckling Curry: 1 | Wraps/Sweet Chili: 1
Stockholm Väst,Coop  SVANDAMMSPLAN,Monday,1.0,0~1,1,Fralla/Ost: 1
Stockholm Väst,Coop Folkparken,Monday,1.0,0~1,1,Pastasallad/Kyckling mangocurry: 1
Stockholm Väst,Coop Kristineberg,Monday,6.0,3~6,6,Pastasallad/Kyckling & Salladsost: 1 | Pastasallad/Kyckling mangocurry: 1 | Wraps/Caesar Kyckling: 1 | Wraps/Kyckling Bacon: 1 | Wraps/Kyckling Curry: 1 | Wraps/Sweet Chili: 1
Stockholm Väst,Coop Mälarhöjden,Monday,1.0,0~1,1,Fralla/Ost & Skinka: 1
Stockholm Väst,Coop Västertorp,Monday,7.0,2~7,7,Fralla/Ost & Skinka: 1 | Hönökaka/Ost: 1 | Pastasallad/Kyckling & Salladsost: 1 | Pastasallad/Kyckling mangocurry: 1 | Pastasallad/Räkor: 1 | Wraps/Kyckling Curry: 1 | Wraps/Sweet Chili: 1
Stockholm Väst,ICA Essingen,Monday,10.0,3~10,10,Baguette/Skagen: 1 | Fralla/Ost & Skinka: 1 | Fralla/Ost: 1 | Hönökaka/Ost & Salami: 1 | Pastasallad/Kyckling & Salladsost: 1 | Pastasallad/Kyckling mangocurry: 1 | Sandwich/Bacon & Äggröra: 1 | Sandwich/Ägg & Avocadokräm: 1 | Wraps/Caesar Kyckling: 1 | Wraps/Kyckling Curry: 1
Stockholm Väst,ICA nära Vårby gård,Monday,5.0,0~5,5,Hönökaka/Ost: 1 | Pastasallad/Kyckling & Salladsost: 1 | Pastasallad/Kyckling kebab: 1 | Pastasallad/Kyckling mangocurry: 1 | Wraps/Caesar Kyckling: 1
Stockholm Väst,Vivo ellbe,Monday,2.0,0~2,2,Pastasallad/Kyckling & Salladsost: 1 | Pastasallad/Kyckling mangocurry: 1
Stockholm Väst,Coop  SVANDAMMSPLAN,Tuesday,20.0,16~21,20,Baguette/Kyckling Curry: 1 | Baguette/Kyckling Sweet Chili: 1 | Baguette/Salami & Brieost: 1 | Fralla/Ost & Skinka: 1 | Fralla/Ost: 1 | Grönsallad/Kyckling: 1 | Hönökaka/Ost & Skinka: 1 | Hönökaka/Ost: 1 | Pastasallad/Bacon & Kyckling: 1 | Pastasallad/Kyckling & Salladsost: 1 | Pastasallad/Ost & Skinka: 1 | Sandwich/Clubsandwich: 1 | Sandwich/Kyckling Curry: 1 | Sandwich/Kyckling Pestoröra: 1 | Sandwich/Räkor: 1 | Wraps/Kyckling Bacon: 1 | Wraps/Kyckling Curry: 1 | Wraps/Kycklingsallad Olivie: 1 | Wraps/Sweet Chili: 1 | Wraps/Wrap Curry Oumph!: 1
Stockholm Väst,Coop Folkparken,Tuesday,10.0,7~11,10,Baguette/Salami & Brieost: 1 | Baguette/Skagen: 1 | Fralla/Ost & Skinka: 1 | Fralla/Ost: 1 | Pastasallad/Kyckling & Salladsost: 1 | Pastasallad/Kyckling mangocurry: 1 | Pastasallad/Räkor: 1 | Wraps/Caesar Kyckling: 1 | Wraps/Kyckling Bacon: 1 | Wraps/Kyckling Curry: 1
Stockholm Väst,Coop Kristineberg,Tuesday,22.0,12~22,16,Baguette/Kyckling Curry: 1 | Baguette/Skagen: 1 | Fralla/Ost & Skinka: 1 | Fralla/Ost: 1 | Hönökaka/Ost & Skinka: 1 | Hönökaka/Ost: 1 | Pastasallad/Kyckling & Salladsost: 2 | Pastasallad/Kyckling mangocurry: 2 | Pastasallad/Räkor: 1 | Sandwich/Bacon & Äggröra: 1 | Sandwich/Kyckling Curry: 1 | Sandwich/Ägg & Avocadokräm: 1 | Wraps/Caesar Kyckling: 2 | Wraps/Kyckling Bacon: 2 | Wraps/Kyckling Curry: 2 | Wraps/Sweet Chili: 2
Stockholm Väst,Coop Mälarhöjden,Tuesday,13.0,3~14,13,Baguette/Kyckling Curry: 1 | Baguette/Salami & Brieost: 1 | Fralla/Ost & Skinka: 1 | Fralla/Ost: 1 | Hönökaka/Ost & Salami: 1 | Hönökaka/Ost & Skinka: 1 | Hönökaka/Ost: 1 | Sandwich/Clubsandwich: 1 | Sandwich/Räkor: 1 | Sandwich/Ägg & Avocadokräm: 1 | Wraps/Caesar Kyckling: 1 | Wraps/Kyckling Bacon: 1 | XL Frallor/Ost & Skinka: 1
Stockholm Väst,Coop Storsjövägen,Tuesday,12.0,4~12,12,Baguette/Ost & Skinka: 1 | Baguette/Salami & Brieost: 1 | Fralla/Ost & Skinka: 1 | Hönökaka/Ost & Skinka: 1 | Hönökaka/Ost: 1 | Pastasallad/Kyckling & Salladsost: 1 | Pastasallad/Kyckling mangocurry: 1 | Wraps/Caesar Kyckling: 1 | Wraps/Kyckling Bacon: 1 | Wraps/Kyckling Curry: 1 | Wraps/Sweet Chili: 1 | XL Frallor/Ost & Skinka: 1
Stockholm Väst,Coop Västertorp,Tuesday,21.0,16~27,19,Baguette/Kyckling Curry: 1 | Baguette/Salami & Brieost: 1 | Baguette/Skagen: 1 | Fralla/Ost & Skinka: 1 | Fralla/Ost: 1 | Grönsallad/Caesarsallad: 1 | Hönökaka/Ost: 1 | Pastasallad/Kyckling & Salladsost: 2 | Pastasallad/Kyckling mangocurry: 2 | Pastasallad/Räkor: 1 | Sandwich/Clubsandwich: 1 | Sandwich/Kyckling Curry: 1 | Sandwich/Kyckling Pestoröra: 1 | Sandwich/Räkor: 1 | Wraps/Caesar Kyckling: 1 | Wraps/Kyckling Bacon: 1 | Wraps/Kyckling Curry: 1 | Wraps/Sweet Chili: 1 | XL Frallor/Ost: 1
Stockholm Väst,Coop rönninge,Tuesday,3.0,0~3,3,Pastasallad/Kyckling & Salladsost: 1 | Pastasallad/Kyckling mangocurry: 1 | Pastasallad/Ost & Skinka: 1
Stockholm Väst,ICA Essingen,Tuesday,25.0,19~32,21,Baguette/Ost & Skinka: 1 | Baguette/Salami & Brieost: 1 | Baguette/Skagen: 1 | Fralla/Ost & Skinka: 2 | Fralla/Ost: 1 | Grönsallad/Caesarsallad: 1 | Hönökaka/Ost & Salami: 1 | Hönökaka/Ost & Skinka: 1 | Hönökaka/Ost: 1 | Pastasallad/Kyckling & Salladsost: 1 | Pastasallad/Kyckling mangocurry: 2 | Pastasallad/Räkor: 1 | Sandwich/Bacon & Äggröra: 1 | Sandwich/Kyckling Curry: 1 | Sandwich/Räkor: 1 | Sandwich/Ägg & Avocadokräm: 1 | Wraps/Caesar Kyckling: 2 | Wraps/Kyckling Curry: 2 | XL Frallor/Grovfralla Kalkon & Färskost: 1 | XL Frallor/Ost & Skinka: 1 | XL Frallor/Ost: 1
Stockholm Väst,ICA Supermarket solbo,Tuesday,10.0,2~10,10,Baguette/Salami & Brieost: 1 | Baguette/Skagen: 1 | Fralla/Ost & Skinka: 1 | Fralla/Ost: 1 | Hönökaka/Ost & Skinka: 1 | Hönökaka/Ost: 1 | Pastasallad/Kyckling & Salladsost: 1 | Pastasallad/Kyckling mangocurry: 1 | Wraps/Caesar Kyckling: 1 | Wraps/Kyckling Curry: 1
Stockholm Väst,ICA nära Vårby gård,Tuesday,15.0,12~20,15,Baguette/Salami & Brieost: 1 | Baguette/Skagen: 1 | Fralla/Ost & Skinka: 1 | Fralla/Ost: 1 | Grönsallad/Caesarsallad: 1 | Hönökaka/Ost: 1 | Pastasallad/Kyckling & Salladsost: 1 | Pastasallad/Kyckling kebab: 1 | Pastasallad/Kyckling mangocurry: 1 | Sandwich/Räkor: 1 | Varmrätt/Kycklingspett med ris: 1 | Wraps/Caesar Kyckling: 1 | Wraps/Kyckling Bacon: 1 | Wraps/Kyckling Curry: 1 | XL Frallor/Grovfralla Kalkon & Färskost: 1
Stockholm Väst,Prisma Skärholmen,Tuesday,9.0,4~9,9,Fralla/Ost: 1 | Hönökaka/Ost: 1 | Pastasallad/Kyckling & Salladsost: 1 | Pastasallad/Kyckling mangocurry: 1 | Pastasallad/Räkor: 1 | Sandwich/Kyckling Pestoröra: 1 | Wraps/Kyckling Curry: 1 | Wraps/Sweet Chili: 1 | XL Frallor/Grovfralla Kalkon & Färskost: 1
Stockholm Väst,Supergrossen Hallunda,Tuesday,5.0,0~5,5,Fralla/Ost & Skinka: 1 | Hönökaka/Ost & Salami: 1 | Pastasallad/Kyckling & Salladsost: 1 | Pastasallad/Kyckling mangocurry: 1 | Wraps/Kyckling Bacon: 1
Stockholm Väst,Vivo ellbe,Tuesday,11.0,3~13,11,Baguette/Salami & Brieost: 1 | Fralla/Ost & Skinka: 1 | Pastasallad/Kyckling & Salladsost: 1 | Pastasallad/Kyckling kebab: 1 | Pastasallad/Kyckling mangocurry: 1 | Pastasallad/Ost & Skinka: 1 | Pastasallad/Räkor: 1 | Wraps/Caesar Kyckling: 1 | Wraps/Kyckling Bacon: 1 | Wraps/Kyckling Curry: 1 | Wraps/Sweet Chili: 1
Stockholm Väst,Coop Kristineberg,Wednesday,6.0,3~6,6,Pastasallad/Kyckling & Salladsost: 1 | Pastasallad/Kyckling mangocurry: 1 | Wraps/Caesar Kyckling: 1 | Wraps/Kyckling Bacon: 1 | Wraps/Kyckling Curry: 1 | Wraps/Sweet Chili: 1
Stockholm Väst,Coop Västertorp,Wednesday,2.0,2~2,2,Pastasallad/Kyckling & Salladsost: 1 | Pastasallad/Kyckling mangocurry: 1
Stockholm Väst,ICA Essingen,Wednesday,4.0,3~4,4,Fralla/Ost & Skinka: 1 | Pastasallad/Kyckling mangocurry: 1 | Wraps/Caesar Kyckling: 1 | Wraps/Kyckling Curry: 1
Stockholm Väst,Coop  SVANDAMMSPLAN,Thursday,44.79999999999999,26~45,25,Baguette/Kyckling Curry: 2 | Baguette/Kyckling Sweet Chili: 0 | Baguette/Ost & Skinka: 1 | Baguette/Salami & Brieost: 2 | Fralla/Ost & Skinka: 2 | Fralla/Ost: 1 | Grönsallad/Kyckling: 0 | Hönökaka/Ost & Skinka: 2 | Hönökaka/Ost: 2 | Pastasallad/Bacon & Kyckling: 2 | Pastasallad/Kyckling & Salladsost: 0 | Pastasallad/Kyckling mangocurry: 1 | Pastasallad/Ost & Skinka: 2 | Pastasallad/Räkor: 1 | Sandwich/Clubsandwich: 2 | Sandwich/Kyckling Curry: 2 | Sandwich/Kyckling Pestoröra: 2 | Sandwich/Räkor: 0 | Sandwich/Ägg & Avocadokräm: 1 | Wraps/Caesar Kyckling: 1 | Wraps/Kyckling Bacon: 2 | Wraps/Kyckling Curry: 2 | Wraps/Kycklingsallad Olivie: 2 | Wraps/Sweet Chili: 2 | Wraps/Wrap Curry Oumph!: 2
Stockholm Väst,Coop Folkparken,Thursday,25.599999999999994,17~26,16,Baguette/Ost & Skinka: 1 | Baguette/Salami & Brieost: 2 | Baguette/Skagen: 2 | Fralla/Ost & Skinka: 2 | Fralla/Ost: 2 | Hönökaka/Ost & Salami: 1 | Hönökaka/Ost & Skinka: 1 | Hönökaka/Ost: 1 | Pastasallad/Kyckling & Salladsost: 0 | Pastasallad/Kyckling mangocurry: 1 | Pastasallad/Räkor: 2 | Sandwich/Kyckling Pestoröra: 1 | Sandwich/Räkor: 1 | Wraps/Caesar Kyckling: 0 | Wraps/Kyckling Bacon: 0 | Wraps/Kyckling Curry: 2
Stockholm Väst,Coop Kristineberg,Thursday,27.79999999999999,25~47,22,Baguette/Kyckling Curry: 2 | Baguette/Ost & Skinka: 1 | Baguette/Salami & Brieost: 1 | Baguette/Skagen: 0 | Fralla/Ost & Skinka: 0 | Fralla/Ost: 0 | Hönökaka/Ost & Salami: 1 | Hönökaka/Ost & Skinka: 0 | Hönökaka/Ost: 2 | Pastasallad/Kyckling & Salladsost: 1 | Pastasallad/Kyckling mangocurry: 1 | Pastasallad/Ost & Skinka: 1 | Pastasallad/Räkor: 2 | Sandwich/Bacon & Äggröra: 0 | Sandwich/Kyckling Curry: 0 | Sandwich/Ägg & Avocadokräm: 0 | Wraps/Caesar Kyckling: 1 | Wraps/Kyckling Bacon: 1 | Wraps/Kyckling Curry: 1 | Wraps/Sweet Chili: 1 | XL Frallor/Ost & Skinka: 1 | XL Frallor/Ost: 1
Stockholm Väst,Coop Mälarhöjden,Thursday,15.399999999999997,15~27,14,Baguette/Kyckling Curry: 0 | Baguette/Salami & Brieost: 0 | Fralla/Ost & Skinka: 1 | Fralla/Ost: 0 | Hönökaka/Ost & Salami: 0 | Hönökaka/Ost & Skinka: 0 | Hönökaka/Ost: 0 | Sandwich/Clubsandwich: 0 | Sandwich/Räkor: 0 | Sandwich/Ägg & Avocadokräm: 0 | Wraps/Caesar Kyckling: 0 | Wraps/Kyckling Bacon: 2 | XL Frallor/Grovfralla Kalkon & Färskost: 1 | XL Frallor/Ost & Skinka: 2
Stockholm Väst,Coop Storsjövägen,Thursday,20.799999999999997,16~28,16,Baguette/Ost & Skinka: 0 | Baguette/Salami & Brieost: 0 | Fralla/Ost & Skinka: 0 | Fralla/Ost: 1 | Hönökaka/Ost & Skinka: 0 | Hönökaka/Ost: 0 | Pastasallad/Bacon & Kyckling: 1 | Pastasallad/Kyckling & Salladsost: 2 | Pastasallad/Kyckling kebab: 1 | Pastasallad/Kyckling mangocurry: 2 | Wraps/Caesar Kyckling: 0 | Wraps/Kyckling Bacon: 2 | Wraps/Kyckling Curry: 2 | Wraps/Sweet Chili: 0 | XL Frallor/Ost & Skinka: 0 | XL Frallor/Ost: 1
Stockholm Väst,Coop Södertälje,Thursday,12.6,9~9,9,Baguette/Salami & Brieost: 1 | Baguette/Skagen: 1 | Hönökaka/Ost & Salami: 1 | Hönökaka/Ost & Skinka: 1 | Pastasallad/Kyckling & Salladsost: 1 | Pastasallad/Räkor: 1 | Wraps/Caesar Kyckling: 1 | Wraps/Kyckling Bacon: 1 | XL Frallor/Grovfralla Kalkon & Färskost: 1
Stockholm Väst,Coop Västertorp,Thursday,34.39999999999999,27~44,21,Baguette/Kyckling Curry: 2 | Baguette/Salami & Brieost: 0 | Baguette/Skagen: 2 | Fralla/Ost & Skinka: 1 | Fralla/Ost: 2 | Grönsallad/Caesarsallad: 2 | Hönökaka/Ost: 1 | Pastasallad/Kyckling & Salladsost: 1 | Pastasallad/Kyckling mangocurry: 2 | Pastasallad/Räkor: 1 | Sandwich/Bacon & Äggröra: 1 | Sandwich/Clubsandwich: 0 | Sandwich/Kyckling Curry: 0 | Sandwich/Kyckling Pestoröra: 0 | Sandwich/Räkor: 2 | Wraps/Caesar Kyckling: 2 | Wraps/Kyckling Bacon: 2 | Wraps/Kyckling Curry: 1 | Wraps/Sweet Chili: 1 | XL Frallor/Ost & Skinka: 1 | XL Frallor/Ost: 0
Stockholm Väst,Coop rönninge,Thursday,19.2,15~18,15,Baguette/Kyckling Curry: 1 | Hönökaka/Ost: 1 | Pastasallad/Kyckling & Salladsost: 0 | Pastasallad/Kyckling kebab: 1 | Pastasallad/Kyckling mangocurry: 0 | Pastasallad/Ost & Skinka: 0 | Pastasallad/Räkor: 1 | Sandwich/Clubsandwich: 1 | Sandwich/Kyckling Pestoröra: 1 | Sandwich/Räkor: 1 | Wraps/Caesar Kyckling: 1 | Wraps/Kyckling Bacon: 1 | Wraps/Kyckling Curry: 1 | Wraps/Sweet Chili: 1 | XL Frallor/Grovfralla Kalkon & Färskost: 1
Stockholm Väst,ICA Essingen,Thursday,41.79999999999999,35~55,27,Baguette/Ost & Skinka: 2 | Baguette/Salami & Brieost: 2 | Baguette/Skagen: 1 | Fralla/Ost & Skinka: 1 | Fralla/Ost: 1 | Grönsallad/Caesarsallad: 0 | Hönökaka/Ost & Salami: 1 | Hönökaka/Ost & Skinka: 0 | Hönökaka/Ost: 0 | Pastasallad/Kyckling & Salladsost: 1 | Pastasallad/Kyckling mangocurry: 1 | Pastasallad/Räkor: 2 | Sandwich/Bacon & Äggröra: 1 | Sandwich/Clubsandwich: 1 | Sandwich/Kyckling Curry: 2 | Sandwich/Räkor: 2 | Sandwich/Ägg & Avocadokräm: 1 | Varmrätt/Cevapcici med bulgur: 1 | Varmrätt/Falafel med bulgur: 1 | Varmrätt/Kyckling-och böngryta: 1 | Varmrätt/Pannbiff med Basmatiris: 1 | Wraps/Caesar Kyckling: 1 | Wraps/Kyckling Bacon: 1 | Wraps/Kyckling Curry: 2 | XL Frallor/Grovfralla Kalkon & Färskost: 0 | XL Frallor/Ost & Skinka: 0 | XL Frallor/Ost: 2
Stockholm Väst,ICA Supermarket solbo,Thursday,19.199999999999996,16~26,16,Baguette/Salami & Brieost: 0 | Baguette/Skagen: 2 | Fralla/Ost & Skinka: 2 | Fralla/Ost: 0 | Hönökaka/Ost & Skinka: 0 | Hönökaka/Ost: 0 | Pastasallad/Kyckling & Salladsost: 0 | Pastasallad/Kyckling mangocurry: 0 | Pastasallad/Räkor: 1 | Sandwich/Räkor: 1 | Varmrätt/Cevapcici med bulgur: 1 | Varmrätt/Kycklingkebab med bulgur: 1 | Varmrätt/Kycklingspett med ris: 1 | Wraps/Caesar Kyckling: 0 | Wraps/Kyckling Bacon: 1 | Wraps/Kyckling Curry: 0
Stockholm Väst,ICA nära Vårby gård,Thursday,31.39999999999999,24~34,19,Baguette/Ost & Skinka: 1 | Baguette/Salami & Brieost: 2 | Baguette/Skagen: 2 | Fralla/Ost & Skinka: 2 | Fralla/Ost: 2 | Grönsallad/Caesarsallad: 0 | Hönökaka/Ost: 1 | Pastasallad/Kyckling & Salladsost: 1 | Pastasallad/Kyckling kebab: 1 | Pastasallad/Kyckling mangocurry: 1 | Sandwich/Kyckling Curry: 1 | Sandwich/Kyckling Pestoröra: 1 | Sandwich/Räkor: 2 | Varmrätt/Kycklingspett med ris: 0 | Wraps/Caesar Kyckling: 1 | Wraps/Kyckling Bacon: 0 | Wraps/Kyckling Curry: 2 | Wraps/Sweet Chili: 1 | XL Frallor/Grovfralla Kalkon & Färskost: 2
Stockholm Väst,Prisma Skärholmen,Thursday,21.199999999999996,15~24,15,Baguette/Kyckling Curry: 1 | Baguette/Kyckling Sweet Chili: 1 | Fralla/Ost: 2 | Hönökaka/Ost: 2 | Pastasallad/Falafel: 1 | Pastasallad/Kyckling & Salladsost: 2 | Pastasallad/Kyckling kebab: 1 | Pastasallad/Kyckling mangocurry: 2 | Pastasallad/Räkor: 0 | Sandwich/Kyckling Pestoröra: 0 | Sandwich/Ägg & Avocadokräm: 1 | Wraps/Caesar Kyckling: 1 | Wraps/Kyckling Curry: 0 | Wraps/Sweet Chili: 0 | XL Frallor/Grovfralla Kalkon & Färskost: 0
Stockholm Väst,Supergrossen Hallunda,Thursday,16.599999999999998,14~19,14,Baguette/Kyckling Curry: 1 | Baguette/Ost & Skinka: 1 | Fralla/Ost & Skinka: 0 | Hönökaka/Ost & Salami: 0 | Pastasallad/Kyckling & Salladsost: 0 | Pastasallad/Kyckling kebab: 1 | Pastasallad/Kyckling mangocurry: 0 | Pastasallad/Räkor: 1 | Sandwich/Ägg & Avocadokräm: 1 | Wraps/Caesar Kyckling: 1 | Wraps/Kyckling Bacon: 0 | Wraps/Kyckling Curry: 1 | Wraps/Sweet Chili: 1 | XL Frallor/Grovfralla Kalkon & Färskost: 1
Stockholm Väst,Vivo ellbe,Thursday,25.799999999999997,23~32,21,Baguette/Kyckling Curry: 1 | Baguette/Ost & Skinka: 1 | Baguette/Salami & Brieost: 0 | Baguette/Skagen: 1 | Fralla/Ost & Skinka: 0 | Fralla/Ost: 1 | Hönökaka/Ost & Salami: 1 | Hönökaka/Ost: 1 | Pastasallad/Kyckling & Salladsost: 1 | Pastasallad/Kyckling kebab: 0 | Pastasallad/Kyckling mangocurry: 1 | Pastasallad/Ost & Skinka: 0 | Pastasallad/Räkor: 2 | Sandwich/Clubsandwich: 1 | Sandwich/Räkor: 1 | Varmrätt/Kycklingspett med ris: 1 | Varmrätt/Pannbiff med Basmatiris: 1 | Wraps/Caesar Kyckling: 0 | Wraps/Kyckling Bacon: 0 | Wraps/Kyckling Curry: 0 | Wraps/Sweet Chili: 0
Stockholm Xtra,Coop Erik Dahlbersgatan,Sunday,11.0,11~22,11,Baguette/Salami & Brieost: 1 | Baguette/Skagen: 1 | Fralla/Ost & Skinka: 1 | Hönökaka/Ost & Salami: 1 | Pastasallad/Kyckling & Salladsost: 1 | Pastasallad/Kyckling mangocurry: 1 | Pastasallad/Räkor: 1 | Wraps/Caesar Kyckling: 1 | Wraps/Kyckling Bacon: 1 | Wraps/Kyckling Curry: 1 | XL Frallor/Grovfralla Kalkon & Färskost: 1
Stockholm Xtra,Coop Garnisonen,Sunday,47.0,39~69,24,Baguette/Ost & Skinka: 1 | Baguette/Salami & Brieost: 2 | Baguette/Skagen: 1 | Fralla/Ost & Skinka: 3 | Fralla/Ost: 2 | Hönökaka/Ost & Skinka: 5 | Hönökaka/Ost: 5 | Pastasallad/Bacon & Kyckling: 1 | Pastasallad/Kyckling & Salladsost: 2 | Pastasallad/Kyckling mangocurry: 3 | Pastasallad/Ost & Skinka: 1 | Pastasallad/Räkor: 1 | Sandwich/Bacon & Äggröra: 1 | Sandwich/Clubsandwich: 1 | Sandwich/Kyckling Curry: 1 | Sandwich/Kyckling Pestoröra: 1 | Sandwich/Räkor: 1 | Wraps/Caesar Kyckling: 2 | Wraps/Kyckling Bacon: 3 | Wraps/Kyckling Curry: 3 | Wraps/Sweet Chili: 2 | XL Frallor/Grovfralla Kalkon & Färskost: 1 | XL Frallor/Ost & Skinka: 2 | XL Frallor/Ost: 2
Stockholm Xtra,Coop STORGATAN,Sunday,47.0,37~66,27,Baguette/Kyckling Sweet Chili: 1 | Baguette/Salami & Brieost: 1 | Baguette/Skagen: 1 | Fralla/Ost & Skinka: 3 | Fralla/Ost: 1 | Grönsallad/Caesarsallad: 1 | Grönsallad/Kyckling: 1 | Hönökaka/Ost & Salami: 3 | Hönökaka/Ost & Skinka: 3 | Hönökaka/Ost: 2 | Pastasallad/Bacon & Kyckling: 2 | Pastasallad/Kyckling & Salladsost: 4 | Pastasallad/Kyckling kebab: 1 | Pastasallad/Kyckling mangocurry: 4 | Pastasallad/Ost & Skinka: 2 | Pastasallad/Räkor: 3 | Sandwich/Bacon & Äggröra: 2 | Sandwich/Clubsandwich: 1 | Sandwich/Kyckling Curry: 2 | Sandwich/Kyckling Pestoröra: 1 | Sandwich/Räkor: 1 | Wraps/Caesar Kyckling: 1 | Wraps/Kyckling Bacon: 2 | Wraps/Sweet Chili: 1 | XL Frallor/Grovfralla Kalkon & Färskost: 1 | XL Frallor/Ost & Skinka: 1 | XL Frallor/Ost: 1
Stockholm Xtra,ICA Dragonen,Sunday,14.0,12~24,12,Baguette/Salami & Brieost: 1 | Baguette/Skagen: 1 | Fralla/Ost & Skinka: 1 | Hönökaka/Ost: 1 | Pastasallad/Kyckling & Salladsost: 2 | Pastasallad/Kyckling mangocurry: 2 | Pastasallad/Räkor: 1 | Sandwich/Clubsandwich: 1 | Sandwich/Kyckling Pestoröra: 1 | Wraps/Caesar Kyckling: 1 | Wraps/Kyckling Curry: 1 | Wraps/Sweet Chili: 1
Stockholm Xtra,ICA Glädjen,Sunday,61.0,49~82,27,Baguette/Kyckling Curry: 1 | Baguette/Kyckling Sweet Chili: 1 | Baguette/Ost & Skinka: 3 | Baguette/Salami & Brieost: 2 | Baguette/Skagen: 3 | Fralla/Ost & Skinka: 4 | Fralla/Ost: 2 | Grönsallad/Caesarsallad: 1 | Grönsallad/Kyckling: 2 | Hönökaka/Ost & Salami: 3 | Hönökaka/Ost & Skinka: 3 | Hönökaka/Ost: 2 | Pastasallad/Bacon & Kyckling: 3 | Pastasallad/Kyckling & Salladsost: 3 | Pastasallad/Kyckling mangocurry: 3 | Pastasallad/Ost & Skinka: 2 | Pastasallad/Räkor: 2 | Räkmacka Liten/Räkmacka liten: 1 | Sandwich/Bacon & Äggröra: 1 | Sandwich/Clubsandwich: 2 | Sandwich/Kyckling Curry: 1 | Sandwich/Kyckling Pestoröra: 1 | Sandwich/Räkor: 2 | Wraps/Caesar Kyckling: 3 | Wraps/Kyckling Bacon: 3 | Wraps/Kyckling Curry: 4 | Wraps/Sweet Chili: 3
Stockholm Xtra,ICA Gribbylund,Sunday,22.0,19~35,15,Baguette/Salami & Brieost: 1 | Baguette/Skagen: 1 | Fralla/Ost & Skinka: 1 | Fralla/Ost: 1 | Pastasallad/Kyckling & Salladsost: 3 | Pastasallad/Kyckling mangocurry: 3 | Pastasallad/Räkor: 1 | Sandwich/Bacon & Äggröra: 1 | Sandwich/Clubsandwich: 1 | Sandwich/Kyckling Curry: 1 | Sandwich/Kyckling Pestoröra: 1 | Sandwich/Ägg & Avocadokräm: 1 | Wraps/Caesar Kyckling: 2 | Wraps/Kyckling Curry: 3 | Wraps/Sweet Chili: 1
Stockholm Xtra,ICA Nära Gärdet,Sunday,57.0,46~79,27,Baguette/Kyckling Sweet Chili: 2 | Baguette/Ost & Skinka: 1 | Baguette/Salami & Brieost: 2 | Baguette/Skagen: 1 | Fralla/Ost & Skinka: 2 | Fralla/Ost: 2 | Grönsallad/Caesarsallad: 1 | Grönsallad/Kyckling: 1 | Hönökaka/Ost & Salami: 3 | Hönökaka/Ost & Skinka: 4 | Hönökaka/Ost: 2 | Pastasallad/Bacon & Kyckling: 2 | Pastasallad/Kyckling & Salladsost: 3 | Pastasallad/Kyckling mangocurry: 3 | Pastasallad/Ost & Skinka: 2 | Pastasallad/Räkor: 1 | Räkmacka Liten/Räkmacka liten: 1 | Sandwich/Clubsandwich: 1 | Sandwich/Kyckling Curry: 1 | Sandwich/Räkor: 2 | Wraps/Caesar Kyckling: 5 | Wraps/Kyckling Bacon: 5 | Wraps/Kyckling Curry: 4 | Wraps/Kycklingsallad Olivie: 1 | Wraps/Sweet Chili: 3 | XL Frallor/Ost & Skinka: 1 | XL Frallor/Ost: 1
Stockholm Xtra,ICA Nära Lindholmen,Sunday,26.0,23~46,22,Baguette/Kyckling Curry: 1 | Baguette/Ost & Skinka: 1 | Baguette/Salami & Brieost: 1 | Baguette/Skagen: 1 | Fralla/Ost & Skinka: 1 | Grönsallad/Caesarsallad: 1 | Hönökaka/Ost & Salami: 1 | Hönökaka/Ost & Skinka: 1 | Hönökaka/Ost: 1 | Pastasallad/Bacon & Kyckling: 1 | Pastasallad/Kyckling & Salladsost: 1 | Pastasallad/Kyckling mangocurry: 3 | Pastasallad/Räkor: 1 | Sandwich/Bacon & Äggröra: 1 | Sandwich/Clubsandwich: 1 | Sandwich/Räkor: 1 | Sandwich/Ägg & Avocadokräm: 1 | Wraps/Caesar Kyckling: 1 | Wraps/Kyckling Bacon: 2 | Wraps/Kyckling Curry: 1 | Wraps/Sweet Chili: 2 | Wraps/Wrap Curry Oumph!: 1
Stockholm Xtra,ICA Rökubbsgatan,Sunday,47.0,38~68,26,Baguette/Kyckling Curry: 1 | Baguette/Ost & Skinka: 2 | Baguette/Salami & Brieost: 1 | Baguette/Skagen: 1 | Fralla/Ost & Skinka: 2 | Grönsallad/Caesarsallad: 2 | Grönsallad/Kyckling: 1 | Hönökaka/Ost & Salami: 1 | Hönökaka/Ost & Skinka: 2 | Hönökaka/Ost: 1 | Pastasallad/Bacon & Kyckling: 2 | Pastasallad/Kyckling & Salladsost: 2 | Pastasallad/Kyckling mangocurry: 3 | Pastasallad/Ost & Skinka: 1 | Pastasallad/Räkor: 2 | Sandwich/Bacon & Äggröra: 2 | Sandwich/Kyckling Curry: 2 | Sandwich/Kyckling Pestoröra: 1 | Sandwich/Räkor: 1 | Wraps/Caesar Kyckling: 3 | Wraps/Kyckling Bacon: 4 | Wraps/Kyckling Curry: 3 | Wraps/Kycklingsallad Olivie: 1 | Wraps/Sweet Chili: 4 | XL Frallor/Grovfralla Kalkon & Färskost: 1 | XL Frallor/Ost & Skinka: 1
Stockholm Xtra,The Coffice KTH,Sunday,11.0,11~22,11,Pastasallad/Kyckling & Salladsost: 1 | Pastasallad/Kyckling kebab: 1 | Pastasallad/Kyckling mangocurry: 1 | Pastasallad/Räkor: 1 | Sandwich/Clubsandwich: 1 | Sandwich/Räkor: 1 | Sandwich/Ägg & Avocadokräm: 1 | Wraps/Caesar Kyckling: 1 | Wraps/Kyckling Bacon: 1 | Wraps/Kyckling Curry: 1 | Wraps/Sweet Chili: 1
Stockholm Xtra,Coop Garnisonen,Monday,15.0,7~15,13,Baguette/Salami & Brieost: 1 | Fralla/Ost & Skinka: 1 | Fralla/Ost: 1 | Hönökaka/Ost & Skinka: 2 | Hönökaka/Ost: 2 | Pastasallad/Kyckling & Salladsost: 1 | Pastasallad/Kyckling mangocurry: 1 | Wraps/Caesar Kyckling: 1 | Wraps/Kyckling Bacon: 1 | Wraps/Kyckling Curry: 1 | Wraps/Sweet Chili: 1 | XL Frallor/Ost & Skinka: 1 | XL Frallor/Ost: 1
Stockholm Xtra,Coop STORGATAN,Monday,12.0,6~14,12,Fralla/Ost & Skinka: 1 | Hönökaka/Ost & Salami: 1 | Hönökaka/Ost & Skinka: 1 | Hönökaka/Ost: 1 | Pastasallad/Bacon & Kyckling: 1 | Pastasallad/Kyckling & Salladsost: 1 | Pastasallad/Kyckling mangocurry: 1 | Pastasallad/Ost & Skinka: 1 | Pastasallad/Räkor: 1 | Sandwich/Bacon & Äggröra: 1 | Sandwich/Kyckling Curry: 1 | Wraps/Kyckling Bacon: 1
Stockholm Xtra,ICA Dragonen,Monday,2.0,0~2,2,Pastasallad/Kyckling & Salladsost: 1 | Pastasallad/Kyckling mangocurry: 1
Stockholm Xtra,ICA Glädjen,Monday,20.0,12~22,20,Baguette/Ost & Skinka: 1 | Baguette/Salami & Brieost: 1 | Baguette/Skagen: 1 | Fralla/Ost & Skinka: 1 | Fralla/Ost: 1 | Grönsallad/Kyckling: 1 | Hönökaka/Ost & Salami: 1 | Hönökaka/Ost & Skinka: 1 | Hönökaka/Ost: 1 | Pastasallad/Bacon & Kyckling: 1 | Pastasallad/Kyckling & Salladsost: 1 | Pastasallad/Kyckling mangocurry: 1 | Pastasallad/Ost & Skinka: 1 | Pastasallad/Räkor: 1 | Sandwich/Clubsandwich: 1 | Sandwich/Räkor: 1 | Wraps/Caesar Kyckling: 1 | Wraps/Kyckling Bacon: 1 | Wraps/Kyckling Curry: 1 | Wraps/Sweet Chili: 1
Stockholm Xtra,ICA Gribbylund,Monday,4.0,3~4,4,Pastasallad/Kyckling & Salladsost: 1 | Pastasallad/Kyckling mangocurry: 1 | Wraps/Caesar Kyckling: 1 | Wraps/Kyckling Curry: 1
Stockholm Xtra,ICA Nära Gärdet,Monday,18.0,8~20,16,Baguette/Kyckling Sweet Chili: 1 | Baguette/Salami & Brieost: 1 | Fralla/Ost & Skinka: 1 | Fralla/Ost: 1 | Hönökaka/Ost & Salami: 1 | Hönökaka/Ost & Skinka: 1 | Hönökaka/Ost: 1 | Pastasallad/Bacon & Kyckling: 1 | Pastasallad/Kyckling & Salladsost: 1 | Pastasallad/Kyckling mangocurry: 1 | Pastasallad/Ost & Skinka: 1 | Sandwich/Räkor: 1 | Wraps/Caesar Kyckling: 2 | Wraps/Kyckling Bacon: 2 | Wraps/Kyckling Curry: 1 | Wraps/Sweet Chili: 1
Stockholm Xtra,ICA Nära Lindholmen,Monday,3.0,1~3,3,Pastasallad/Kyckling mangocurry: 1 | Wraps/Kyckling Bacon: 1 | Wraps/Sweet Chili: 1
Stockholm Xtra,ICA Rökubbsgatan,Monday,14.0,5~16,14,Baguette/Ost & Skinka: 1 | Fralla/Ost & Skinka: 1 | Grönsallad/Caesarsallad: 1 | Hönökaka/Ost & Skinka: 1 | Pastasallad/Bacon & Kyckling: 1 | Pastasallad/Kyckling & Salladsost: 1 | Pastasallad/Kyckling mangocurry: 1 | Pastasallad/Räkor: 1 | Sandwich/Bacon & Äggröra: 1 | Sandwich/Kyckling Curry: 1 | Wraps/Caesar Kyckling: 1 | Wraps/Kyckling Bacon: 1 | Wraps/Kyckling Curry: 1 | Wraps/Sweet Chili: 1
Stockholm Xtra,Coop Erik Dahlbersgatan,Tuesday,11.0,0~11,11,Baguette/Salami & Brieost: 1 | Baguette/Skagen: 1 | Fralla/Ost & Skinka: 1 | Hönökaka/Ost & Salami: 1 | Pastasallad/Kyckling & Salladsost: 1 | Pastasallad/Kyckling mangocurry: 1 | Pastasallad/Räkor: 1 | Wraps/Caesar Kyckling: 1 | Wraps/Kyckling Bacon: 1 | Wraps/Kyckling Curry: 1 | XL Frallor/Grovfralla Kalkon & Färskost: 1
Stockholm Xtra,Coop Garnisonen,Tuesday,39.0,26~46,24,Baguette/Ost & Skinka: 1 | Baguette/Salami & Brieost: 2 | Baguette/Skagen: 1 | Fralla/Ost & Skinka: 2 | Fralla/Ost: 2 | Hönökaka/Ost & Skinka: 4 | Hönökaka/Ost: 4 | Pastasallad/Bacon & Kyckling: 1 | Pastasallad/Kyckling & Salladsost: 2 | Pastasallad/Kyckling mangocurry: 2 | Pastasallad/Ost & Skinka: 1 | Pastasallad/Räkor: 1 | Sandwich/Bacon & Äggröra: 1 | Sandwich/Clubsandwich: 1 | Sandwich/Kyckling Curry: 1 | Sandwich/Kyckling Pestoröra: 1 | Sandwich/Räkor: 1 | Wraps/Caesar Kyckling: 1 | Wraps/Kyckling Bacon: 2 | Wraps/Kyckling Curry: 2 | Wraps/Sweet Chili: 2 | XL Frallor/Grovfralla Kalkon & Färskost: 1 | XL Frallor/Ost & Skinka: 2 | XL Frallor/Ost: 1
Stockholm Xtra,Coop STORGATAN,Tuesday,36.0,24~44,27,Baguette/Kyckling Sweet Chili: 1 | Baguette/Salami & Brieost: 1 | Baguette/Skagen: 1 | Fralla/Ost & Skinka: 2 | Fralla/Ost: 1 | Grönsallad/Caesarsallad: 1 | Grönsallad/Kyckling: 1 | Hönökaka/Ost & Salami: 2 | Hönökaka/Ost & Skinka: 2 | Hönökaka/Ost: 2 | Pastasallad/Bacon & Kyckling: 1 | Pastasallad/Kyckling & Salladsost: 3 | Pastasallad/Kyckling kebab: 1 | Pastasallad/Kyckling mangocurry: 3 | Pastasallad/Ost & Skinka: 1 | Pastasallad/Räkor: 2 | Sandwich/Bacon & Äggröra: 1 | Sandwich/Clubsandwich: 1 | Sandwich/Kyckling Curry: 1 | Sandwich/Kyckling Pestoröra: 1 | Sandwich/Räkor: 1 | Wraps/Caesar Kyckling: 1 | Wraps/Kyckling Bacon: 1 | Wraps/Sweet Chili: 1 | XL Frallor/Grovfralla Kalkon & Färskost: 1 | XL Frallor/Ost & Skinka: 1 | XL Frallor/Ost: 1
Stockholm Xtra,ICA Dragonen,Tuesday,12.0,8~14,12,Baguette/Salami & Brieost: 1 | Baguette/Skagen: 1 | Fralla/Ost & Skinka: 1 | Hönökaka/Ost: 1 | Pastasallad/Kyckling & Salladsost: 1 | Pastasallad/Kyckling mangocurry: 1 | Pastasallad/Räkor: 1 | Sandwich/Clubsandwich: 1 | Sandwich/Kyckling Pestoröra: 1 | Wraps/Caesar Kyckling: 1 | Wraps/Kyckling Curry: 1 | Wraps/Sweet Chili: 1
Stockholm Xtra,ICA Glädjen,Tuesday,46.0,37~58,27,Baguette/Kyckling Curry: 1 | Baguette/Kyckling Sweet Chili: 1 | Baguette/Ost & Skinka: 2 | Baguette/Salami & Brieost: 2 | Baguette/Skagen: 2 | Fralla/Ost & Skinka: 3 | Fralla/Ost: 1 | Grönsallad/Caesarsallad: 1 | Grönsallad/Kyckling: 2 | Hönökaka/Ost & Salami: 2 | Hönökaka/Ost & Skinka: 2 | Hönökaka/Ost: 2 | Pastasallad/Bacon & Kyckling: 2 | Pastasallad/Kyckling & Salladsost: 2 | Pastasallad/Kyckling mangocurry: 2 | Pastasallad/Ost & Skinka: 1 | Pastasallad/Räkor: 1 | Räkmacka Liten/Räkmacka liten: 1 | Sandwich/Bacon & Äggröra: 1 | Sandwich/Clubsandwich: 2 | Sandwich/Kyckling Curry: 1 | Sandwich/Kyckling Pestoröra: 1 | Sandwich/Räkor: 2 | Wraps/Caesar Kyckling: 2 | Wraps/Kyckling Bacon: 2 | Wraps/Kyckling Curry: 3 | Wraps/Sweet Chili: 2
Stockholm Xtra,ICA Gribbylund,Tuesday,19.0,14~20,15,Baguette/Salami & Brieost: 1 | Baguette/Skagen: 1 | Fralla/Ost & Skinka: 1 | Fralla/Ost: 1 | Pastasallad/Kyckling & Salladsost: 2 | Pastasallad/Kyckling mangocurry: 2 | Pastasallad/Räkor: 1 | Sandwich/Bacon & Äggröra: 1 | Sandwich/Clubsandwich: 1 | Sandwich/Kyckling Curry: 1 | Sandwich/Kyckling Pestoröra: 1 | Sandwich/Ägg & Avocadokräm: 1 | Wraps/Caesar Kyckling: 2 | Wraps/Kyckling Curry: 2 | Wraps/Sweet Chili: 1
Stockholm Xtra,ICA Nära Gärdet,Tuesday,43.0,32~54,27,Baguette/Kyckling Sweet Chili: 2 | Baguette/Ost & Skinka: 1 | Baguette/Salami & Brieost: 1 | Baguette/Skagen: 1 | Fralla/Ost & Skinka: 1 | Fralla/Ost: 1 | Grönsallad/Caesarsallad: 1 | Grönsallad/Kyckling: 1 | Hönökaka/Ost & Salami: 2 | Hönökaka/Ost & Skinka: 3 | Hönökaka/Ost: 2 | Pastasallad/Bacon & Kyckling: 2 | Pastasallad/Kyckling & Salladsost: 2 | Pastasallad/Kyckling mangocurry: 2 | Pastasallad/Ost & Skinka: 2 | Pastasallad/Räkor: 1 | Räkmacka Liten/Räkmacka liten: 1 | Sandwich/Clubsandwich: 1 | Sandwich/Kyckling Curry: 1 | Sandwich/Räkor: 1 | Wraps/Caesar Kyckling: 3 | Wraps/Kyckling Bacon: 3 | Wraps/Kyckling Curry: 3 | Wraps/Kycklingsallad Olivie: 1 | Wraps/Sweet Chili: 2 | XL Frallor/Ost & Skinka: 1 | XL Frallor/Ost: 1
Stockholm Xtra,ICA Nära Lindholmen,Tuesday,23.0,10~26,22,Baguette/Kyckling Curry: 1 | Baguette/Ost & Skinka: 1 | Baguette/Salami & Brieost: 1 | Baguette/Skagen: 1 | Fralla/Ost & Skinka: 1 | Grönsallad/Caesarsallad: 1 | Hönökaka/Ost & Salami: 1 | Hönökaka/Ost & Skinka: 1 | Hönökaka/Ost: 1 | Pastasallad/Bacon & Kyckling: 1 | Pastasallad/Kyckling & Salladsost: 1 | Pastasallad/Kyckling mangocurry: 2 | Pastasallad/Räkor: 1 | Sandwich/Bacon & Äggröra: 1 | Sandwich/Clubsandwich: 1 | Sandwich/Räkor: 1 | Sandwich/Ägg & Avocadokräm: 1 | Wraps/Caesar Kyckling: 1 | Wraps/Kyckling Bacon: 1 | Wraps/Kyckling Curry: 1 | Wraps/Sweet Chili: 1 | Wraps/Wrap Curry Oumph!: 1
Stockholm Xtra,ICA Rökubbsgatan,Tuesday,38.0,28~46,26,Baguette/Kyckling Curry: 1 | Baguette/Ost & Skinka: 1 | Baguette/Salami & Brieost: 1 | Baguette/Skagen: 1 | Fralla/Ost & Skinka: 1 | Grönsallad/Caesarsallad: 2 | Grönsallad/Kyckling: 1 | Hönökaka/Ost & Salami: 1 | Hönökaka/Ost & Skinka: 1 | Hönökaka/Ost: 1 | Pastasallad/Bacon & Kyckling: 1 | Pastasallad/Kyckling & Salladsost: 2 | Pastasallad/Kyckling mangocurry: 2 | Pastasallad/Ost & Skinka: 1 | Pastasallad/Räkor: 2 | Sandwich/Bacon & Äggröra: 2 | Sandwich/Kyckling Curry: 2 | Sandwich/Kyckling Pestoröra: 1 | Sandwich/Räkor: 1 | Wraps/Caesar Kyckling: 2 | Wraps/Kyckling Bacon: 3 | Wraps/Kyckling Curry: 2 | Wraps/Kycklingsallad Olivie: 1 | Wraps/Sweet Chili: 3 | XL Frallor/Grovfralla Kalkon & Färskost: 1 | XL Frallor/Ost & Skinka: 1
Stockholm Xtra,The Coffice KTH,Tuesday,11.0,4~11,11,Pastasallad/Kyckling & Salladsost: 1 | Pastasallad/Kyckling kebab: 1 | Pastasallad/Kyckling mangocurry: 1 | Pastasallad/Räkor: 1 | Sandwich/Clubsandwich: 1 | Sandwich/Räkor: 1 | Sandwich/Ägg & Avocadokräm: 1 | Wraps/Caesar Kyckling: 1 | Wraps/Kyckling Bacon: 1 | Wraps/Kyckling Curry: 1 | Wraps/Sweet Chili: 1
Stockholm Xtra,Coop Garnisonen,Wednesday,11.0,6~13,11,Baguette/Salami & Brieost: 1 | Fralla/Ost & Skinka: 1 | Fralla/Ost: 1 | Hönökaka/Ost & Skinka: 1 | Hönökaka/Ost: 1 | Pastasallad/Kyckling & Salladsost: 1 | Pastasallad/Kyckling mangocurry: 1 | Wraps/Kyckling Bacon: 1 | Wraps/Kyckling Curry: 1 | Wraps/Sweet Chili: 1 | XL Frallor/Ost & Skinka: 1
Stockholm Xtra,Coop STORGATAN,Wednesday,7.0,6~7,7,Fralla/Ost & Skinka: 1 | Hönökaka/Ost & Salami: 1 | Hönökaka/Ost & Skinka: 1 | Hönökaka/Ost: 1 | Pastasallad/Kyckling & Salladsost: 1 | Pastasallad/Kyckling mangocurry: 1 | Pastasallad/Räkor: 1
Stockholm Xtra,ICA Glädjen,Wednesday,17.0,12~17,17,Baguette/Ost & Skinka: 1 | Baguette/Salami & Brieost: 1 | Baguette/Skagen: 1 | Fralla/Ost & Skinka: 1 | Grönsallad/Kyckling: 1 | Hönökaka/Ost & Salami: 1 | Hönökaka/Ost & Skinka: 1 | Hönökaka/Ost: 1 | Pastasallad/Bacon & Kyckling: 1 | Pastasallad/Kyckling & Salladsost: 1 | Pastasallad/Kyckling mangocurry: 1 | Sandwich/Clubsandwich: 1 | Sandwich/Räkor: 1 | Wraps/Caesar Kyckling: 1 | Wraps/Kyckling Bacon: 1 | Wraps/Kyckling Curry: 1 | Wraps/Sweet Chili: 1
Stockholm Xtra,ICA Gribbylund,Wednesday,4.0,3~4,4,Pastasallad/Kyckling & Salladsost: 1 | Pastasallad/Kyckling mangocurry: 1 | Wraps/Caesar Kyckling: 1 | Wraps/Kyckling Curry: 1
Stockholm Xtra,ICA Nära Gärdet,Wednesday,12.0,8~14,12,Baguette/Kyckling Sweet Chili: 1 | Hönökaka/Ost & Salami: 1 | Hönökaka/Ost & Skinka: 1 | Hönökaka/Ost: 1 | Pastasallad/Bacon & Kyckling: 1 | Pastasallad/Kyckling & Salladsost: 1 | Pastasallad/Kyckling mangocurry: 1 | Pastasallad/Ost & Skinka: 1 | Wraps/Caesar Kyckling: 1 | Wraps/Kyckling Bacon: 1 | Wraps/Kyckling Curry: 1 | Wraps/Sweet Chili: 1
Stockholm Xtra,ICA Nära Lindholmen,Wednesday,1.0,1~1,1,Pastasallad/Kyckling mangocurry: 1
Stockholm Xtra,ICA Rökubbsgatan,Wednesday,10.0,5~10,10,Grönsallad/Caesarsallad: 1 | Pastasallad/Kyckling & Salladsost: 1 | Pastasallad/Kyckling mangocurry: 1 | Pastasallad/Räkor: 1 | Sandwich/Bacon & Äggröra: 1 | Sandwich/Kyckling Curry: 1 | Wraps/Caesar Kyckling: 1 | Wraps/Kyckling Bacon: 1 | Wraps/Kyckling Curry: 1 | Wraps/Sweet Chili: 1
Stockholm Xtra,Coop Erik Dahlbersgatan,Thursday,28.4,25~36,25,Baguette/Kyckling Curry: 1 | Baguette/Ost & Skinka: 1 | Baguette/Salami & Brieost: 0 | Baguette/Skagen: 0 | Fralla/Ost & Skinka: 0 | Hönökaka/Ost & Salami: 0 | Hönökaka/Ost & Skinka: 1 | Hönökaka/Ost: 1 | Pastasallad/Falafel: 1 | Pastasallad/Kyckling & Salladsost: 0 | Pastasallad/Kyckling kebab: 1 | Pastasallad/Kyckling mangocurry: 0 | Pastasallad/Ost & Skinka: 1 | Pastasallad/Räkor: 0 | Sandwich/Kyckling Curry: 1 | Sandwich/Räkor: 1 | Varmrätt/Cevapcici med bulgur: 1 | Varmrätt/Kycklingspett med ris: 1 | Varmrätt/Teriyakibiff med ris: 1 | Varmrätt/Teriyakikycklingfile med basmatiris: 1 | Wraps/Caesar Kyckling: 0 | Wraps/Kyckling Bacon: 0 | Wraps/Kyckling Curry: 0 | Wraps/Sweet Chili: 1 | XL Frallor/Grovfralla Kalkon & Färskost: 0
Stockholm Xtra,Coop Garnisonen,Thursday,47.59999999999999,44~71,26,Baguette/Kyckling Curry: 1 | Baguette/Ost & Skinka: 0 | Baguette/Salami & Brieost: 1 | Baguette/Skagen: 2 | Fralla/Ost & Skinka: 2 | Fralla/Ost: 1 | Glutenfri Frallor/Glutenfri Pumpafralla Kalkon & Färskost(endast söndagsbeställning): 1 | Hönökaka/Ost & Skinka: 6 | Hönökaka/Ost: 4 | Pastasallad/Bacon & Kyckling: 0 | Pastasallad/Kyckling & Salladsost: 1 | Pastasallad/Kyckling mangocurry: 2 | Pastasallad/Ost & Skinka: 0 | Pastasallad/Räkor: 2 | Sandwich/Bacon & Äggröra: 0 | Sandwich/Clubsandwich: 2 | Sandwich/Kyckling Curry: 2 | Sandwich/Kyckling Pestoröra: 0 | Sandwich/Räkor: 2 | Wraps/Caesar Kyckling: 1 | Wraps/Kyckling Bacon: 2 | Wraps/Kyckling Curry: 1 | Wraps/Sweet Chili: 1 | XL Frallor/Grovfralla Kalkon & Färskost: 0 | XL Frallor/Ost & Skinka: 1 | XL Frallor/Ost: 1
Stockholm Xtra,Coop STORGATAN,Thursday,53.399999999999984,44~75,32,Baguette/Kyckling Sweet Chili: 0 | Baguette/Ost & Skinka: 1 | Baguette/Salami & Brieost: 0 | Baguette/Skagen: 0 | Fralla/Ost & Skinka: 1 | Fralla/Ost: 2 | Grönsallad/Caesarsallad: 0 | Grönsallad/Kyckling: 2 | Hönökaka/Ost & Salami: 1 | Hönökaka/Ost & Skinka: 4 | Hönökaka/Ost: 1 | Pastasallad/Bacon & Kyckling: 1 | Pastasallad/Kyckling & Salladsost: 3 | Pastasallad/Kyckling kebab: 0 | Pastasallad/Kyckling mangocurry: 5 | Pastasallad/Ost & Skinka: 1 | Pastasallad/Räkor: 1 | Sandwich/Bacon & Äggröra: 1 | Sandwich/Clubsandwich: 2 | Sandwich/Kyckling Curry: 1 | Sandwich/Kyckling Pestoröra: 0 | Sandwich/Räkor: 2 | Varmrätt/Cevapcici med bulgur: 1 | Varmrätt/Kycklingspett med ris: 1 | Varmrätt/Teriyakibiff med ris: 1 | Wraps/Caesar Kyckling: 2 | Wraps/Kyckling Bacon: 1 | Wraps/Kyckling Curry: 1 | Wraps/Sweet Chili: 2 | XL Frallor/Grovfralla Kalkon & Färskost: 0 | XL Frallor/Ost & Skinka: 0 | XL Frallor/Ost: 0
Stockholm Xtra,ICA Dragonen,Thursday,33.599999999999994,24~34,22,Baguette/Salami & Brieost: 2 | Baguette/Skagen: 0 | Fralla/Ost & Skinka: 2 | Fralla/Ost: 1 | Hönökaka/Ost & Skinka: 1 | Hönökaka/Ost: 0 | Pastasallad/Kyckling & Salladsost: 1 | Pastasallad/Kyckling mangocurry: 1 | Pastasallad/Räkor: 0 | Sandwich/Clubsandwich: 2 | Sandwich/Kyckling Curry: 1 | Sandwich/Kyckling Pestoröra: 2 | Varmrätt/Cevapcici med bulgur: 1 | Varmrätt/Falafel med bulgur: 1 | Varmrätt/Kyckling-och böngryta: 1 | Varmrätt/Pannbiff med Basmatiris: 1 | Varmrätt/Tacobolognese med fullkornspasta: 1 | Varmrätt/Teriyakikycklingfile med basmatiris: 1 | Wraps/Caesar Kyckling: 2 | Wraps/Kyckling Bacon: 1 | Wraps/Kyckling Curry: 2 | Wraps/Sweet Chili: 0
Stockholm Xtra,ICA Glädjen,Thursday,61.79999999999998,49~90,29,Baguette/Kyckling Curry: 2 | Baguette/Kyckling Sweet Chili: 2 | Baguette/Ost & Skinka: 1 | Baguette/Salami & Brieost: 1 | Baguette/Skagen: 2 | Fralla/Ost & Skinka: 3 | Fralla/Ost: 1 | Grönsallad/Caesarsallad: 2 | Grönsallad/Kyckling: 1 | Hönökaka/Ost & Salami: 1 | Hönökaka/Ost & Skinka: 2 | Hönökaka/Ost: 1 | Pastasallad/Bacon & Kyckling: 2 | Pastasallad/Kyckling & Salladsost: 4 | Pastasallad/Kyckling kebab: 1 | Pastasallad/Kyckling mangocurry: 4 | Pastasallad/Ost & Skinka: 1 | Pastasallad/Räkor: 1 | Räkmacka Liten/Räkmacka liten: 0 | Räkstubbe/Räkstubbe: 1 | Sandwich/Bacon & Äggröra: 0 | Sandwich/Clubsandwich: 1 | Sandwich/Kyckling Curry: 2 | Sandwich/Kyckling Pestoröra: 2 | Sandwich/Räkor: 1 | Wraps/Caesar Kyckling: 2 | Wraps/Kyckling Bacon: 4 | Wraps/Kyckling Curry: 5 | Wraps/Sweet Chili: 1
Stockholm Xtra,ICA Gribbylund,Thursday,25.19999999999999,17~37,15,Baguette/Salami & Brieost: 2 | Baguette/Skagen: 2 | Fralla/Ost & Skinka: 2 | Fralla/Ost: 0 | Pastasallad/Kyckling & Salladsost: 1 | Pastasallad/Kyckling mangocurry: 1 | Pastasallad/Räkor: 2 | Sandwich/Bacon & Äggröra: 0 | Sandwich/Clubsandwich: 2 | Sandwich/Kyckling Curry: 2 | Sandwich/Kyckling Pestoröra: 0 | Sandwich/Ägg & Avocadokräm: 2 | Wraps/Caesar Kyckling: 1 | Wraps/Kyckling Curry: 2 | Wraps/Sweet Chili: 0
Stockholm Xtra,ICA Nära Gärdet,Thursday,70.19999999999999,59~90,36,Baguette/Kyckling Curry: 1 | Baguette/Kyckling Sweet Chili: 1 | Baguette/Ost & Skinka: 0 | Baguette/Salami & Brieost: 1 | Baguette/Skagen: 2 | Fralla/Ost & Skinka: 1 | Fralla/Ost: 1 | Glutenfri Frallor/Glutenfri Ost & Skinka(endast söndagsbeställning): 1 | Glutenfri Frallor/Glutenfri Pumpafralla Kalkon & Färskost(endast söndagsbeställning): 1 | Grönsallad/Caesarsallad: 2 | Grönsallad/Kyckling: 2 | Hönökaka/Ost & Salami: 2 | Hönökaka/Ost & Skinka: 5 | Hönökaka/Ost: 1 | Pastasallad/Bacon & Kyckling: 1 | Pastasallad/Kyckling & Salladsost: 1 | Pastasallad/Kyckling mangocurry: 2 | Pastasallad/Ost & Skinka: 1 | Pastasallad/Räkor: 2 | Räkmacka Liten/Räkmacka liten: 0 | Sandwich/Bacon & Äggröra: 1 | Sandwich/Clubsandwich: 2 | Sandwich/Kyckling Curry: 2 | Sandwich/Räkor: 1 | Sandwich/Ägg & Avocadokräm: 1 | Varmrätt/Kycklingspett med ris: 1 | Varmrätt/Teriyakibiff med ris: 1 | Varmrätt/Teriyakikycklingfile med basmatiris: 1 | Wraps/Caesar Kyckling: 4 | Wraps/Kyckling Bacon: 4 | Wraps/Kyckling Curry: 5 | Wraps/Kycklingsallad Olivie: 0 | Wraps/Sweet Chili: 4 | XL Frallor/Grovfralla Kalkon & Färskost: 1 | XL Frallor/Ost & Skinka: 0 | XL Frallor/Ost: 0
Stockholm Xtra,ICA Nära Lindholmen,Thursday,33.79999999999999,28~49,25,Baguette/Kyckling Curry: 0 | Baguette/Ost & Skinka: 0 | Baguette/Salami & Brieost: 2 | Baguette/Skagen: 0 | Fralla/Ost & Skinka: 0 | Fralla/Ost: 1 | Grönsallad/Caesarsallad: 2 | Hönökaka/Ost & Salami: 0 | Hönökaka/Ost & Skinka: 2 | Hönökaka/Ost: 0 | Pastasallad/Bacon & Kyckling: 2 | Pastasallad/Kyckling & Salladsost: 2 | Pastasallad/Kyckling mangocurry: 2 | Pastasallad/Ost & Skinka: 1 | Pastasallad/Räkor: 2 | Sandwich/Bacon & Äggröra: 0 | Sandwich/Clubsandwich: 0 | Sandwich/Kyckling Curry: 1 | Sandwich/Räkor: 0 | Sandwich/Ägg & Avocadokräm: 0 | Wraps/Caesar Kyckling: 0 | Wraps/Kyckling Bacon: 1 | Wraps/Kyckling Curry: 0 | Wraps/Sweet Chili: 1 | Wraps/Wrap Curry Oumph!: 0
Stockholm Xtra,ICA Rökubbsgatan,Thursday,54.79999999999999,46~73,30,Baguette/Kyckling Curry: 2 | Baguette/Ost & Skinka: 1 | Baguette/Salami & Brieost: 2 | Baguette/Skagen: 2 | Fralla/Ost & Skinka: 1 | Grönsallad/Caesarsallad: 1 | Grönsallad/Kyckling: 2 | Hönökaka/Ost & Salami: 2 | Hönökaka/Ost & Skinka: 1 | Hönökaka/Ost: 2 | Pastasallad/Bacon & Kyckling: 1 | Pastasallad/Kyckling & Salladsost: 1 | Pastasallad/Kyckling mangocurry: 1 | Pastasallad/Ost & Skinka: 2 | Pastasallad/Räkor: 1 | Sandwich/Bacon & Äggröra: 1 | Sandwich/Clubsandwich: 1 | Sandwich/Kyckling Curry: 1 | Sandwich/Kyckling Pestoröra: 0 | Sandwich/Räkor: 2 | Varmrätt/Kycklingspett med ris: 1 | Varmrätt/Teriyakibiff med ris: 1 | Wraps/Caesar Kyckling: 2 | Wraps/Kyckling Bacon: 5 | Wraps/Kyckling Curry: 2 | Wraps/Kycklingsallad Olivie: 2 | Wraps/Sweet Chili: 3 | XL Frallor/Grovfralla Kalkon & Färskost: 0 | XL Frallor/Ost & Skinka: 0 | XL Frallor/Ost: 1
Stockholm Xtra,The Coffice KTH,Thursday,15.799999999999995,12~23,12,Pastasallad/Falafel: 1 | Pastasallad/Kyckling & Salladsost: 0 | Pastasallad/Kyckling kebab: 0 | Pastasallad/Kyckling mangocurry: 0 | Pastasallad/Räkor: 0 | Sandwich/Clubsandwich: 0 | Sandwich/Räkor: 0 | Sandwich/Ägg & Avocadokräm: 0 | Wraps/Caesar Kyckling: 2 | Wraps/Kyckling Bacon: 2 | Wraps/Kyckling Curry: 2 | Wraps/Sweet Chili: 2
Stockholm Östra,Coop Bagarmossen,Sunday,29.0,23~43,19,Baguette/Kyckling Sweet Chili: 1 | Baguette/Salami & Brieost: 2 | Baguette/Skagen: 2 | Fralla/Ost & Skinka: 3 | Fralla/Ost: 2 | Hönökaka/Ost & Skinka: 2 | Hönökaka/Ost: 3 | Pastasallad/Kyckling mangocurry: 2 | Pastasallad/Räkor: 1 | Sandwich/Clubsandwich: 1 | Wraps/Caesar Kyckling: 1 | Wraps/Kyckling Bacon: 2 | Wraps/Kyckling Curry: 1 | Wraps/Kycklingsallad Olivie: 1 | Wraps/Sweet Chili: 1 | Wraps/Wrap Curry Oumph!: 1 | XL Frallor/Grovfralla Kalkon & Färskost: 1 | XL Frallor/Ost & Skinka: 1 | XL Frallor/Ost: 1
Stockholm Östra,Coop Björkhagen,Sunday,24.0,20~37,17,Baguette/Skagen: 1 | Fralla/Ost & Skinka: 2 | Fralla/Ost: 2 | Hönökaka/Ost & Salami: 1 | Hönökaka/Ost & Skinka: 2 | Hönökaka/Ost: 1 | Pastasallad/Bacon & Kyckling: 1 | Pastasallad/Räkor: 1 | Sandwich/Clubsandwich: 1 | Sandwich/Räkor: 1 | Wraps/Caesar Kyckling: 2 | Wraps/Kyckling Bacon: 3 | Wraps/Kyckling Curry: 1 | Wraps/Sweet Chili: 1 | Wraps/Wrap Curry Oumph!: 2 | XL Frallor/Ost & Skinka: 1 | XL Frallor/Ost: 1
Stockholm Östra,Coop GUBBÄNGEN,Sunday,43.0,35~60,23,Baguette/Kyckling Sweet Chili: 1 | Baguette/Salami & Brieost: 2 | Fralla/Ost & Skinka: 3 | Fralla/Ost: 3 | Glutenfri Frallor/Glutenfri Ost & Skinka(endast söndagsbeställning): 1 | Grönsallad/Kyckling: 1 | Hönökaka/Ost & Salami: 3 | Hönökaka/Ost & Skinka: 2 | Pastasallad/Bacon & Kyckling: 2 | Pastasallad/Falafel: 1 | Pastasallad/Kyckling & Salladsost: 3 | Pastasallad/Kyckling mangocurry: 4 | Pastasallad/Räkor: 1 | Sandwich/Clubsandwich: 1 | Sandwich/Kyckling Curry: 1 | Sandwich/Ägg & Avocadokräm: 1 | Wraps/Caesar Kyckling: 1 | Wraps/Kyckling Curry: 2 | Wraps/Sweet Chili: 4 | Wraps/Wrap Curry Oumph!: 2 | XL Frallor/Grovfralla Kalkon & Färskost: 1 | XL Frallor/Ost & Skinka: 2 | XL Frallor/Ost: 1
Stockholm Östra,Coop Hammarby Sjöstad,Sunday,39.0,30~54,20,Baguette/Kyckling Sweet Chili: 1 | Baguette/Ost & Skinka: 2 | Baguette/Salami & Brieost: 2 | Fralla/Ost & Skinka: 3 | Fralla/Ost: 3 | Grönsallad/Kyckling: 1 | Hönökaka/Ost & Salami: 2 | Hönökaka/Ost & Skinka: 1 | Hönökaka/Ost: 2 | Pastasallad/Bacon & Kyckling: 1 | Pastasallad/Kyckling & Salladsost: 2 | Pastasallad/Kyckling mangocurry: 3 | Pastasallad/Räkor: 1 | Sandwich/Kyckling Curry: 1 | Wraps/Caesar Kyckling: 1 | Wraps/Kyckling Bacon: 3 | Wraps/Kyckling Curry: 2 | Wraps/Sweet Chili: 3 | XL Frallor/Ost & Skinka: 3 | XL Frallor/Ost: 2
Stockholm Östra,Coop Huddinge,Sunday,23.0,17~31,13,Baguette/Salami & Brieost: 3 | Fralla/Ost & Skinka: 2 | Fralla/Ost: 2 | Glutenfri Frallor/Glutenfri Ost(endast söndagsbeställning): 1 | Glutenfri Frallor/Glutenfri Pumpafralla Kalkon & Färskost(endast söndagsbeställning): 1 | Hönökaka/Ost & Salami: 1 | Hönökaka/Ost & Skinka: 3 | Hönökaka/Ost: 3 | Pastasallad/Kyckling & Salladsost: 1 | Pastasallad/Kyckling mangocurry: 1 | Wraps/Caesar Kyckling: 1 | Wraps/Kyckling Bacon: 2 | Wraps/Kyckling Curry: 2
Stockholm Östra,Coop HÖGDALEN,Sunday,27.0,22~40,16,Baguette/Kyckling Sweet Chili: 1 | Fralla/Ost & Skinka: 3 | Fralla/Ost: 2 | Hönökaka/Ost & Salami: 2 | Hönökaka/Ost & Skinka: 3 | Hönökaka/Ost: 3 | Pastasallad/Falafel: 1 | Pastasallad/Kyckling & Salladsost: 1 | Pastasallad/Kyckling mangocurry: 2 | Wraps/Caesar Kyckling: 1 | Wraps/Kyckling Bacon: 1 | Wraps/Kyckling Curry: 1 | Wraps/Sweet Chili: 1 | Wraps/Wrap Curry Oumph!: 1 | XL Frallor/Ost & Skinka: 3 | XL Frallor/Ost: 1
Stockholm Östra,Coop Skarpnäck,Sunday,31.0,25~44,18,Baguette/Salami & Brieost: 1 | Baguette/Skagen: 1 | Fralla/Ost & Skinka: 2 | Fralla/Ost: 1 | Grönsallad/Kyckling: 1 | Hönökaka/Ost: 1 | Pastasallad/Bacon & Kyckling: 1 | Pastasallad/Kyckling & Salladsost: 3 | Pastasallad/Kyckling kebab: 1 | Pastasallad/Kyckling mangocurry: 4 | Pastasallad/Räkor: 3 | Wraps/Caesar Kyckling: 2 | Wraps/Kyckling Bacon: 3 | Wraps/Kyckling Curry: 2 | Wraps/Sweet Chili: 2 | Wraps/Wrap Curry Oumph!: 1 | XL Frallor/Grovfralla Kalkon & Färskost: 1 | XL Frallor/Ost & Skinka: 1
Stockholm Östra,Coop Stuvsta,Sunday,2.0,2~4,2,Baguette/Skagen: 1 | Hönökaka/Ost & Salami: 1
Stockholm Östra,Coop farsta strand,Sunday,10.0,10~20,10,Baguette/Ost & Skinka: 1 | Baguette/Salami & Brieost: 1 | Fralla/Ost & Skinka: 1 | Pastasallad/Kyckling kebab: 1 | Pastasallad/Ost & Skinka: 1 | Pastasallad/Räkor: 1 | Wraps/Caesar Kyckling: 1 | Wraps/Kyckling Bacon: 1 | Wraps/Kyckling Curry: 1 | Wraps/Sweet Chili: 1
Stockholm Östra,Direkten Nacka strand,Sunday,3.0,3~6,3,Fralla/Ost & Skinka: 1 | Fralla/Ost: 1 | Hönökaka/Ost: 1
Stockholm Östra,ICA Hagsätra,Sunday,44.0,35~62,25,Baguette/Kyckling Curry: 1 | Baguette/Kycklingsallad Olivie: 1 | Baguette/Salami & Brieost: 1 | Baguette/Skagen: 1 | Fralla/Ost & Skinka: 3 | Fralla/Ost: 4 | Grönsallad/Caesarsallad: 1 | Hönökaka/Ost & Skinka: 2 | Hönökaka/Ost: 1 | Pastasallad/Bacon & Kyckling: 1 | Pastasallad/Kyckling & Salladsost: 3 | Pastasallad/Kyckling kebab: 1 | Pastasallad/Kyckling mangocurry: 3 | Pastasallad/Ost & Skinka: 2 | Pastasallad/Räkor: 2 | Räkmacka Liten/Räkmacka liten: 1 | Sandwich/Kyckling Curry: 1 | Sandwich/Räkor: 1 | Wraps/Caesar Kyckling: 1 | Wraps/Kyckling Bacon: 4 | Wraps/Kyckling Curry: 1 | Wraps/Sweet Chili: 2 | Wraps/Wrap Curry Oumph!: 1 | XL Frallor/Ost & Skinka: 2 | XL Frallor/Ost: 3
Stockholm Östra,ICA Supermarket Högdalen,Sunday,54.0,42~71,23,Baguette/Kyckling Curry: 1 | Baguette/Ost & Skinka: 1 | Baguette/Salami & Brieost: 2 | Baguette/Skagen: 2 | Fralla/Ost & Skinka: 3 | Fralla/Ost: 3 | Pastasallad/Bacon & Kyckling: 3 | Pastasallad/Falafel: 1 | Pastasallad/Kyckling & Salladsost: 5 | Pastasallad/Kyckling kebab: 1 | Pastasallad/Kyckling mangocurry: 6 | Pastasallad/Ost & Skinka: 3 | Pastasallad/Räkor: 3 | Sandwich/Bacon & Äggröra: 3 | Sandwich/Clubsandwich: 1 | Sandwich/Kyckling Curry: 3 | Sandwich/Kyckling Pestoröra: 2 | Sandwich/Räkor: 1 | Sandwich/Ägg & Avocadokräm: 1 | Wraps/Caesar Kyckling: 3 | Wraps/Kyckling Bacon: 2 | Wraps/Kyckling Curry: 3 | XL Frallor/Grovfralla Kalkon & Färskost: 1
Stockholm Östra,ICA kvantum Täby,Sunday,39.0,32~47,9,Pastasallad/Kyckling & Salladsost: 5 | Pastasallad/Kyckling mangocurry: 7 | Pastasallad/Ost & Skinka: 3 | Pastasallad/Räkor: 3 | Wraps/Caesar Kyckling: 5 | Wraps/Kyckling Bacon: 4 | Wraps/Kyckling Curry: 6 | Wraps/Kycklingsallad Olivie: 2 | Wraps/Sweet Chili: 4
Stockholm Östra,Mr Rabb,Sunday,70.0,58~83,7,Pastasallad/Kyckling & Salladsost: 13 | Pastasallad/Kyckling kebab: 8 | Pastasallad/Kyckling mangocurry: 14 | Sandwich/Kyckling Curry: 8 | Sandwich/Kyckling Pestoröra: 9 | Wraps/Kyckling Curry: 9 | Wraps/Sweet Chili: 9
Stockholm Östra,Coop Bagarmossen,Monday,8.0,2~8,8,Baguette/Salami & Brieost: 1 | Baguette/Skagen: 1 | Fralla/Ost & Skinka: 1 | Fralla/Ost: 1 | Hönökaka/Ost & Skinka: 1 | Hönökaka/Ost: 1 | Pastasallad/Kyckling mangocurry: 1 | Wraps/Kyckling Bacon: 1
Stockholm Östra,Coop Björkhagen,Monday,6.0,1~6,6,Fralla/Ost & Skinka: 1 | Fralla/Ost: 1 | Hönökaka/Ost & Skinka: 1 | Wraps/Caesar Kyckling: 1 | Wraps/Kyckling Bacon: 1 | Wraps/Wrap Curry Oumph!: 1
Stockholm Östra,Coop GUBBÄNGEN,Monday,12.0,6~14,12,Baguette/Salami & Brieost: 1 | Fralla/Ost & Skinka: 1 | Fralla/Ost: 1 | Hönökaka/Ost & Salami: 1 | Hönökaka/Ost & Skinka: 1 | Pastasallad/Bacon & Kyckling: 1 | Pastasallad/Kyckling & Salladsost: 1 | Pastasallad/Kyckling mangocurry: 1 | Wraps/Kyckling Curry: 1 | Wraps/Sweet Chili: 1 | Wraps/Wrap Curry Oumph!: 1 | XL Frallor/Ost & Skinka: 1
Stockholm Östra,Coop Hammarby Sjöstad,Monday,13.0,6~13,13,Baguette/Ost & Skinka: 1 | Baguette/Salami & Brieost: 1 | Fralla/Ost & Skinka: 1 | Fralla/Ost: 1 | Hönökaka/Ost & Salami: 1 | Hönökaka/Ost: 1 | Pastasallad/Kyckling & Salladsost: 1 | Pastasallad/Kyckling mangocurry: 1 | Wraps/Kyckling Bacon: 1 | Wraps/Kyckling Curry: 1 | Wraps/Sweet Chili: 1 | XL Frallor/Ost & Skinka: 1 | XL Frallor/Ost: 1
Stockholm Östra,Coop Huddinge,Monday,7.0,3~7,7,Baguette/Salami & Brieost: 1 | Fralla/Ost & Skinka: 1 | Fralla/Ost: 1 | Hönökaka/Ost & Skinka: 1 | Hönökaka/Ost: 1 | Wraps/Kyckling Bacon: 1 | Wraps/Kyckling Curry: 1
Stockholm Östra,Coop HÖGDALEN,Monday,7.0,4~7,7,Fralla/Ost & Skinka: 1 | Fralla/Ost: 1 | Hönökaka/Ost & Salami: 1 | Hönökaka/Ost & Skinka: 1 | Hönökaka/Ost: 1 | Pastasallad/Kyckling mangocurry: 1 | XL Frallor/Ost & Skinka: 1
Stockholm Östra,Coop Skarpnäck,Monday,8.0,4~9,8,Fralla/Ost & Skinka: 1 | Pastasallad/Kyckling & Salladsost: 1 | Pastasallad/Kyckling mangocurry: 1 | Pastasallad/Räkor: 1 | Wraps/Caesar Kyckling: 1 | Wraps/Kyckling Bacon: 1 | Wraps/Kyckling Curry: 1 | Wraps/Sweet Chili: 1
Stockholm Östra,ICA Hagsätra,Monday,11.0,6~13,11,Fralla/Ost & Skinka: 1 | Fralla/Ost: 1 | Hönökaka/Ost & Skinka: 1 | Pastasallad/Kyckling & Salladsost: 1 | Pastasallad/Kyckling mangocurry: 1 | Pastasallad/Ost & Skinka: 1 | Pastasallad/Räkor: 1 | Wraps/Kyckling Bacon: 1 | Wraps/Sweet Chili: 1 | XL Frallor/Ost & Skinka: 1 | XL Frallor/Ost: 1
Stockholm Östra,ICA Supermarket Högdalen,Monday,17.0,12~18,15,Baguette/Salami & Brieost: 1 | Baguette/Skagen: 1 | Fralla/Ost & Skinka: 1 | Fralla/Ost: 1 | Pastasallad/Bacon & Kyckling: 1 | Pastasallad/Kyckling & Salladsost: 2 | Pastasallad/Kyckling mangocurry: 2 | Pastasallad/Ost & Skinka: 1 | Pastasallad/Räkor: 1 | Sandwich/Bacon & Äggröra: 1 | Sandwich/Kyckling Curry: 1 | Sandwich/Kyckling Pestoröra: 1 | Wraps/Caesar Kyckling: 1 | Wraps/Kyckling Bacon: 1 | Wraps/Kyckling Curry: 1
Stockholm Östra,ICA kvantum Täby,Monday,13.0,10~16,9,Pastasallad/Kyckling & Salladsost: 2 | Pastasallad/Kyckling mangocurry: 2 | Pastasallad/Ost & Skinka: 1 | Pastasallad/Räkor: 1 | Wraps/Caesar Kyckling: 2 | Wraps/Kyckling Bacon: 1 | Wraps/Kyckling Curry: 2 | Wraps/Kycklingsallad Olivie: 1 | Wraps/Sweet Chili: 1
Stockholm Östra,Mr Rabb,Monday,24.0,20~29,7,Pastasallad/Kyckling & Salladsost: 4 | Pastasallad/Kyckling kebab: 3 | Pastasallad/Kyckling mangocurry: 5 | Sandwich/Kyckling Curry: 3 | Sandwich/Kyckling Pestoröra: 3 | Wraps/Kyckling Curry: 3 | Wraps/Sweet Chili: 3
Stockholm Östra,Coop Bagarmossen,Tuesday,23.0,16~28,19,Baguette/Kyckling Sweet Chili: 1 | Baguette/Salami & Brieost: 1 | Baguette/Skagen: 1 | Fralla/Ost & Skinka: 2 | Fralla/Ost: 2 | Hönökaka/Ost & Skinka: 2 | Hönökaka/Ost: 2 | Pastasallad/Kyckling mangocurry: 1 | Pastasallad/Räkor: 1 | Sandwich/Clubsandwich: 1 | Wraps/Caesar Kyckling: 1 | Wraps/Kyckling Bacon: 1 | Wraps/Kyckling Curry: 1 | Wraps/Kycklingsallad Olivie: 1 | Wraps/Sweet Chili: 1 | Wraps/Wrap Curry Oumph!: 1 | XL Frallor/Grovfralla Kalkon & Färskost: 1 | XL Frallor/Ost & Skinka: 1 | XL Frallor/Ost: 1
Stockholm Östra,Coop Björkhagen,Tuesday,19.0,13~24,17,Baguette/Skagen: 1 | Fralla/Ost & Skinka: 1 | Fralla/Ost: 1 | Hönökaka/Ost & Salami: 1 | Hönökaka/Ost & Skinka: 1 | Hönökaka/Ost: 1 | Pastasallad/Bacon & Kyckling: 1 | Pastasallad/Räkor: 1 | Sandwich/Clubsandwich: 1 | Sandwich/Räkor: 1 | Wraps/Caesar Kyckling: 2 | Wraps/Kyckling Bacon: 2 | Wraps/Kyckling Curry: 1 | Wraps/Sweet Chili: 1 | Wraps/Wrap Curry Oumph!: 1 | XL Frallor/Ost & Skinka: 1 | XL Frallor/Ost: 1
Stockholm Östra,Coop GUBBÄNGEN,Tuesday,33.0,22~41,23,Baguette/Kyckling Sweet Chili: 1 | Baguette/Salami & Brieost: 1 | Fralla/Ost & Skinka: 2 | Fralla/Ost: 2 | Glutenfri Frallor/Glutenfri Ost & Skinka(endast söndagsbeställning): 1 | Grönsallad/Kyckling: 1 | Hönökaka/Ost & Salami: 2 | Hönökaka/Ost & Skinka: 2 | Pastasallad/Bacon & Kyckling: 2 | Pastasallad/Falafel: 1 | Pastasallad/Kyckling & Salladsost: 2 | Pastasallad/Kyckling mangocurry: 3 | Pastasallad/Räkor: 1 | Sandwich/Clubsandwich: 1 | Sandwich/Kyckling Curry: 1 | Sandwich/Ägg & Avocadokräm: 1 | Wraps/Caesar Kyckling: 1 | Wraps/Kyckling Curry: 1 | Wraps/Sweet Chili: 3 | Wraps/Wrap Curry Oumph!: 1 | XL Frallor/Grovfralla Kalkon & Färskost: 1 | XL Frallor/Ost & Skinka: 1 | XL Frallor/Ost: 1
Stockholm Östra,Coop Hammarby Sjöstad,Tuesday,29.0,21~38,20,Baguette/Kyckling Sweet Chili: 1 | Baguette/Ost & Skinka: 1 | Baguette/Salami & Brieost: 1 | Fralla/Ost & Skinka: 2 | Fralla/Ost: 2 | Grönsallad/Kyckling: 1 | Hönökaka/Ost & Salami: 2 | Hönökaka/Ost & Skinka: 1 | Hönökaka/Ost: 2 | Pastasallad/Bacon & Kyckling: 1 | Pastasallad/Kyckling & Salladsost: 1 | Pastasallad/Kyckling mangocurry: 2 | Pastasallad/Räkor: 1 | Sandwich/Kyckling Curry: 1 | Wraps/Caesar Kyckling: 1 | Wraps/Kyckling Bacon: 2 | Wraps/Kyckling Curry: 1 | Wraps/Sweet Chili: 2 | XL Frallor/Ost & Skinka: 2 | XL Frallor/Ost: 2
Stockholm Östra,Coop Huddinge,Tuesday,17.0,11~21,13,Baguette/Salami & Brieost: 2 | Fralla/Ost & Skinka: 2 | Fralla/Ost: 1 | Glutenfri Frallor/Glutenfri Ost(endast söndagsbeställning): 1 | Glutenfri Frallor/Glutenfri Pumpafralla Kalkon & Färskost(endast söndagsbeställning): 1 | Hönökaka/Ost & Salami: 1 | Hönökaka/Ost & Skinka: 2 | Hönökaka/Ost: 2 | Pastasallad/Kyckling & Salladsost: 1 | Pastasallad/Kyckling mangocurry: 1 | Wraps/Caesar Kyckling: 1 | Wraps/Kyckling Bacon: 1 | Wraps/Kyckling Curry: 1
Stockholm Östra,Coop HÖGDALEN,Tuesday,21.0,18~26,16,Baguette/Kyckling Sweet Chili: 1 | Fralla/Ost & Skinka: 2 | Fralla/Ost: 2 | Hönökaka/Ost & Salami: 1 | Hönökaka/Ost & Skinka: 2 | Hönökaka/Ost: 2 | Pastasallad/Falafel: 1 | Pastasallad/Kyckling & Salladsost: 1 | Pastasallad/Kyckling mangocurry: 1 | Wraps/Caesar Kyckling: 1 | Wraps/Kyckling Bacon: 1 | Wraps/Kyckling Curry: 1 | Wraps/Sweet Chili: 1 | Wraps/Wrap Curry Oumph!: 1 | XL Frallor/Ost & Skinka: 2 | XL Frallor/Ost: 1
Stockholm Östra,Coop Skarpnäck,Tuesday,24.0,16~29,18,Baguette/Salami & Brieost: 1 | Baguette/Skagen: 1 | Fralla/Ost & Skinka: 1 | Fralla/Ost: 1 | Grönsallad/Kyckling: 1 | Hönökaka/Ost: 1 | Pastasallad/Bacon & Kyckling: 1 | Pastasallad/Kyckling & Salladsost: 2 | Pastasallad/Kyckling kebab: 1 | Pastasallad/Kyckling mangocurry: 3 | Pastasallad/Räkor: 2 | Wraps/Caesar Kyckling: 1 | Wraps/Kyckling Bacon: 2 | Wraps/Kyckling Curry: 1 | Wraps/Sweet Chili: 2 | Wraps/Wrap Curry Oumph!: 1 | XL Frallor/Grovfralla Kalkon & Färskost: 1 | XL Frallor/Ost & Skinka: 1
Stockholm Östra,Coop Stuvsta,Tuesday,2.0,0~2,2,Baguette/Skagen: 1 | Hönökaka/Ost & Salami: 1
Stockholm Östra,Coop farsta strand,Tuesday,10.0,1~10,10,Baguette/Ost & Skinka: 1 | Baguette/Salami & Brieost: 1 | Fralla/Ost & Skinka: 1 | Pastasallad/Kyckling kebab: 1 | Pastasallad/Ost & Skinka: 1 | Pastasallad/Räkor: 1 | Wraps/Caesar Kyckling: 1 | Wraps/Kyckling Bacon: 1 | Wraps/Kyckling Curry: 1 | Wraps/Sweet Chili: 1
Stockholm Östra,Direkten Nacka strand,Tuesday,3.0,0~3,3,Fralla/Ost & Skinka: 1 | Fralla/Ost: 1 | Hönökaka/Ost: 1
Stockholm Östra,ICA Hagsätra,Tuesday,35.0,24~40,25,Baguette/Kyckling Curry: 1 | Baguette/Kycklingsallad Olivie: 1 | Baguette/Salami & Brieost: 1 | Baguette/Skagen: 1 | Fralla/Ost & Skinka: 2 | Fralla/Ost: 3 | Grönsallad/Caesarsallad: 1 | Hönökaka/Ost & Skinka: 2 | Hönökaka/Ost: 1 | Pastasallad/Bacon & Kyckling: 1 | Pastasallad/Kyckling & Salladsost: 2 | Pastasallad/Kyckling kebab: 1 | Pastasallad/Kyckling mangocurry: 2 | Pastasallad/Ost & Skinka: 1 | Pastasallad/Räkor: 1 | Räkmacka Liten/Räkmacka liten: 1 | Sandwich/Kyckling Curry: 1 | Sandwich/Räkor: 1 | Wraps/Caesar Kyckling: 1 | Wraps/Kyckling Bacon: 3 | Wraps/Kyckling Curry: 1 | Wraps/Sweet Chili: 1 | Wraps/Wrap Curry Oumph!: 1 | XL Frallor/Ost & Skinka: 2 | XL Frallor/Ost: 2
Stockholm Östra,ICA Supermarket Högdalen,Tuesday,41.0,35~47,23,Baguette/Kyckling Curry: 1 | Baguette/Ost & Skinka: 1 | Baguette/Salami & Brieost: 2 | Baguette/Skagen: 1 | Fralla/Ost & Skinka: 2 | Fralla/Ost: 2 | Pastasallad/Bacon & Kyckling: 2 | Pastasallad/Falafel: 1 | Pastasallad/Kyckling & Salladsost: 3 | Pastasallad/Kyckling kebab: 1 | Pastasallad/Kyckling mangocurry: 5 | Pastasallad/Ost & Skinka: 2 | Pastasallad/Räkor: 2 | Sandwich/Bacon & Äggröra: 2 | Sandwich/Clubsandwich: 1 | Sandwich/Kyckling Curry: 2 | Sandwich/Kyckling Pestoröra: 2 | Sandwich/Räkor: 1 | Sandwich/Ägg & Avocadokräm: 1 | Wraps/Caesar Kyckling: 2 | Wraps/Kyckling Bacon: 2 | Wraps/Kyckling Curry: 2 | XL Frallor/Grovfralla Kalkon & Färskost: 1
Stockholm Östra,ICA kvantum Täby,Tuesday,27.0,23~36,9,Pastasallad/Kyckling & Salladsost: 3 | Pastasallad/Kyckling mangocurry: 5 | Pastasallad/Ost & Skinka: 2 | Pastasallad/Räkor: 2 | Wraps/Caesar Kyckling: 4 | Wraps/Kyckling Bacon: 3 | Wraps/Kyckling Curry: 4 | Wraps/Kycklingsallad Olivie: 1 | Wraps/Sweet Chili: 3
Stockholm Östra,Mr Rabb,Tuesday,51.0,44~61,7,Pastasallad/Kyckling & Salladsost: 9 | Pastasallad/Kyckling kebab: 6 | Pastasallad/Kyckling mangocurry: 10 | Sandwich/Kyckling Curry: 6 | Sandwich/Kyckling Pestoröra: 7 | Wraps/Kyckling Curry: 6 | Wraps/Sweet Chili: 7
Stockholm Östra,Coop Bagarmossen,Wednesday,4.0,2~4,4,Fralla/Ost & Skinka: 1 | Fralla/Ost: 1 | Hönökaka/Ost & Skinka: 1 | Hönökaka/Ost: 1
Stockholm Östra,Coop Björkhagen,Wednesday,2.0,1~2,2,Wraps/Caesar Kyckling: 1 | Wraps/Kyckling Bacon: 1
Stockholm Östra,Coop GUBBÄNGEN,Wednesday,8.0,6~8,8,Fralla/Ost & Skinka: 1 | Fralla/Ost: 1 | Hönökaka/Ost & Salami: 1 | Hönökaka/Ost & Skinka: 1 | Pastasallad/Bacon & Kyckling: 1 | Pastasallad/Kyckling & Salladsost: 1 | Pastasallad/Kyckling mangocurry: 1 | Wraps/Sweet Chili: 1
Stockholm Östra,Coop Hammarby Sjöstad,Wednesday,9.0,6~9,9,Fralla/Ost & Skinka: 1 | Fralla/Ost: 1 | Hönökaka/Ost & Salami: 1 | Hönökaka/Ost: 1 | Pastasallad/Kyckling mangocurry: 1 | Wraps/Kyckling Bacon: 1 | Wraps/Sweet Chili: 1 | XL Frallor/Ost & Skinka: 1 | XL Frallor/Ost: 1
Stockholm Östra,Coop Huddinge,Wednesday,4.0,3~4,4,Baguette/Salami & Brieost: 1 | Fralla/Ost & Skinka: 1 | Hönökaka/Ost & Skinka: 1 | Hönökaka/Ost: 1
Stockholm Östra,Coop HÖGDALEN,Wednesday,5.0,4~5,5,Fralla/Ost & Skinka: 1 | Fralla/Ost: 1 | Hönökaka/Ost & Skinka: 1 | Hönökaka/Ost: 1 | XL Frallor/Ost & Skinka: 1
Stockholm Östra,Coop Skarpnäck,Wednesday,5.0,4~5,5,Pastasallad/Kyckling & Salladsost: 1 | Pastasallad/Kyckling mangocurry: 1 | Pastasallad/Räkor: 1 | Wraps/Kyckling Bacon: 1 | Wraps/Sweet Chili: 1
Stockholm Östra,ICA Hagsätra,Wednesday,8.0,6~8,8,Fralla/Ost & Skinka: 1 | Fralla/Ost: 1 | Hönökaka/Ost & Skinka: 1 | Pastasallad/Kyckling & Salladsost: 1 | Pastasallad/Kyckling mangocurry: 1 | Wraps/Kyckling Bacon: 1 | XL Frallor/Ost & Skinka: 1 | XL Frallor/Ost: 1
Stockholm Östra,ICA Supermarket Högdalen,Wednesday,15.0,11~16,14,Baguette/Salami & Brieost: 1 | Fralla/Ost & Skinka: 1 | Fralla/Ost: 1 | Pastasallad/Bacon & Kyckling: 1 | Pastasallad/Kyckling & Salladsost: 1 | Pastasallad/Kyckling mangocurry: 2 | Pastasallad/Ost & Skinka: 1 | Pastasallad/Räkor: 1 | Sandwich/Bacon & Äggröra: 1 | Sandwich/Kyckling Curry: 1 | Sandwich/Kyckling Pestoröra: 1 | Wraps/Caesar Kyckling: 1 | Wraps/Kyckling Bacon: 1 | Wraps/Kyckling Curry: 1
Stockholm Östra,ICA kvantum Täby,Wednesday,10.0,9~12,8,Pastasallad/Kyckling & Salladsost: 1 | Pastasallad/Kyckling mangocurry: 2 | Pastasallad/Ost & Skinka: 1 | Pastasallad/Räkor: 1 | Wraps/Caesar Kyckling: 1 | Wraps/Kyckling Bacon: 1 | Wraps/Kyckling Curry: 2 | Wraps/Sweet Chili: 1
Stockholm Östra,Mr Rabb,Wednesday,17.0,16~22,7,Pastasallad/Kyckling & Salladsost: 3 | Pastasallad/Kyckling kebab: 2 | Pastasallad/Kyckling mangocurry: 4 | Sandwich/Kyckling Curry: 2 | Sandwich/Kyckling Pestoröra: 2 | Wraps/Kyckling Curry: 2 | Wraps/Sweet Chili: 2
Stockholm Östra,Coop Bagarmossen,Thursday,38.19999999999999,32~50,25,Baguette/Kyckling Curry: 1 | Baguette/Kyckling Sweet Chili: 2 | Baguette/Salami & Brieost: 1 | Baguette/Skagen: 1 | Fralla/Ost & Skinka: 1 | Fralla/Ost: 1 | Grönsallad/Kyckling: 1 | Hönökaka/Ost & Skinka: 1 | Hönökaka/Ost: 2 | Pastasallad/Kyckling mangocurry: 1 | Pastasallad/Ost & Skinka: 1 | Pastasallad/Räkor: 0 | Sandwich/Clubsandwich: 0 | Sandwich/Kyckling Pestoröra: 1 | Sandwich/Räkor: 1 | Sandwich/Ägg & Avocadokräm: 1 | Wraps/Caesar Kyckling: 0 | Wraps/Kyckling Bacon: 1 | Wraps/Kyckling Curry: 2 | Wraps/Kycklingsallad Olivie: 0 | Wraps/Sweet Chili: 2 | Wraps/Wrap Curry Oumph!: 0 | XL Frallor/Grovfralla Kalkon & Färskost: 2 | XL Frallor/Ost & Skinka: 2 | XL Frallor/Ost: 2
Stockholm Östra,Coop Björkhagen,Thursday,32.99999999999999,26~41,20,Baguette/Kyckling Sweet Chili: 1 | Baguette/Kycklingsallad Olivie: 1 | Baguette/Skagen: 0 | Fralla/Ost & Skinka: 1 | Fralla/Ost: 1 | Hönökaka/Ost & Salami: 0 | Hönökaka/Ost & Skinka: 1 | Hönökaka/Ost: 2 | Pastasallad/Bacon & Kyckling: 2 | Pastasallad/Kyckling mangocurry: 1 | Pastasallad/Räkor: 2 | Sandwich/Clubsandwich: 0 | Sandwich/Räkor: 0 | Wraps/Caesar Kyckling: 1 | Wraps/Kyckling Bacon: 4 | Wraps/Kyckling Curry: 2 | Wraps/Sweet Chili: 2 | Wraps/Wrap Curry Oumph!: 1 | XL Frallor/Ost & Skinka: 2 | XL Frallor/Ost: 0
Stockholm Östra,Coop GUBBÄNGEN,Thursday,45.39999999999999,38~65,26,Baguette/Kyckling Sweet Chili: 2 | Baguette/Salami & Brieost: 1 | Fralla/Ost & Skinka: 4 | Fralla/Ost: 4 | Glutenfri Frallor/Glutenfri Ost & Skinka(endast söndagsbeställning): 0 | Grönsallad/Kyckling: 0 | Hönökaka/Ost & Salami: 1 | Hönökaka/Ost & Skinka: 1 | Hönökaka/Ost: 1 | Pastasallad/Bacon & Kyckling: 1 | Pastasallad/Falafel: 2 | Pastasallad/Kyckling & Salladsost: 1 | Pastasallad/Kyckling mangocurry: 3 | Pastasallad/Räkor: 0 | Sandwich/Clubsandwich: 0 | Sandwich/Kyckling Curry: 0 | Sandwich/Kyckling Pestoröra: 1 | Sandwich/Ägg & Avocadokräm: 0 | Wraps/Caesar Kyckling: 2 | Wraps/Kyckling Bacon: 1 | Wraps/Kyckling Curry: 1 | Wraps/Sweet Chili: 3 | Wraps/Wrap Curry Oumph!: 1 | XL Frallor/Grovfralla Kalkon & Färskost: 0 | XL Frallor/Ost & Skinka: 1 | XL Frallor/Ost: 2
Stockholm Östra,Coop Hammarby Sjöstad,Thursday,34.59999999999999,32~56,20,Baguette/Kyckling Sweet Chili: 0 | Baguette/Ost & Skinka: 1 | Baguette/Salami & Brieost: 1 | Fralla/Ost & Skinka: 2 | Fralla/Ost: 2 | Grönsallad/Kyckling: 0 | Hönökaka/Ost & Salami: 1 | Hönökaka/Ost & Skinka: 2 | Hönökaka/Ost: 1 | Pastasallad/Bacon & Kyckling: 0 | Pastasallad/Kyckling & Salladsost: 1 | Pastasallad/Kyckling mangocurry: 4 | Pastasallad/Räkor: 0 | Sandwich/Kyckling Curry: 0 | Wraps/Caesar Kyckling: 2 | Wraps/Kyckling Bacon: 2 | Wraps/Kyckling Curry: 1 | Wraps/Sweet Chili: 1 | XL Frallor/Ost & Skinka: 2 | XL Frallor/Ost: 1
Stockholm Östra,Coop Huddinge,Thursday,24.599999999999994,23~38,18,Baguette/Ost & Skinka: 1 | Baguette/Salami & Brieost: 1 | Baguette/Skagen: 1 | Fralla/Ost & Skinka: 1 | Fralla/Ost: 1 | Glutenfri Frallor/Glutenfri Ost & Skinka(endast söndagsbeställning): 1 | Glutenfri Frallor/Glutenfri Ost(endast söndagsbeställning): 0 | Glutenfri Frallor/Glutenfri Pumpafralla Kalkon & Färskost(endast söndagsbeställning): 0 | Hönökaka/Ost & Salami: 0 | Hönökaka/Ost & Skinka: 1 | Hönökaka/Ost: 2 | Pastasallad/Kyckling & Salladsost: 0 | Pastasallad/Kyckling mangocurry: 0 | Sandwich/Kyckling Curry: 1 | Wraps/Caesar Kyckling: 2 | Wraps/Kyckling Bacon: 1 | Wraps/Kyckling Curry: 1 | Wraps/Sweet Chili: 1
Stockholm Östra,Coop HÖGDALEN,Thursday,39.39999999999999,27~47,21,Baguette/Kyckling Sweet Chili: 0 | Baguette/Ost & Skinka: 1 | Fralla/Ost & Skinka: 4 | Fralla/Ost: 1 | Glutenfri Frallor/Glutenfri Ost & Skinka(endast söndagsbeställning): 1 | Glutenfri Frallor/Glutenfri Ost(endast söndagsbeställning): 1 | Hönökaka/Ost & Salami: 1 | Hönökaka/Ost & Skinka: 1 | Hönökaka/Ost: 2 | Pastasallad/Falafel: 0 | Pastasallad/Kyckling & Salladsost: 2 | Pastasallad/Kyckling mangocurry: 1 | Pastasallad/Räkor: 1 | Sandwich/Räkor: 1 | Wraps/Caesar Kyckling: 2 | Wraps/Kyckling Bacon: 2 | Wraps/Kyckling Curry: 2 | Wraps/Sweet Chili: 2 | Wraps/Wrap Curry Oumph!: 2 | XL Frallor/Ost & Skinka: 2 | XL Frallor/Ost: 2
Stockholm Östra,Coop Skarpnäck,Thursday,34.19999999999999,28~49,21,Baguette/Salami & Brieost: 0 | Baguette/Skagen: 0 | Fralla/Ost & Skinka: 1 | Fralla/Ost: 0 | Grönsallad/Kyckling: 0 | Hönökaka/Ost & Skinka: 1 | Hönökaka/Ost: 0 | Pastasallad/Bacon & Kyckling: 2 | Pastasallad/Kyckling & Salladsost: 1 | Pastasallad/Kyckling kebab: 2 | Pastasallad/Kyckling mangocurry: 3 | Pastasallad/Räkor: 1 | Sandwich/Räkor: 1 | Wraps/Caesar Kyckling: 1 | Wraps/Kyckling Bacon: 4 | Wraps/Kyckling Curry: 1 | Wraps/Sweet Chili: 1 | Wraps/Wrap Curry Oumph!: 2 | XL Frallor/Grovfralla Kalkon & Färskost: 0 | XL Frallor/Ost & Skinka: 2 | XL Frallor/Ost: 1
Stockholm Östra,Coop Stuvsta,Thursday,21.2,16~18,16,Baguette/Ost & Skinka: 1 | Baguette/Skagen: 0 | Fralla/Ost & Skinka: 1 | Hönökaka/Ost & Salami: 0 | Pastasallad/Kyckling & Salladsost: 1 | Pastasallad/Kyckling kebab: 1 | Pastasallad/Kyckling mangocurry: 1 | Pastasallad/Räkor: 1 | Sandwich/Kyckling Pestoröra: 1 | Sandwich/Räkor: 1 | Sandwich/Ägg & Avocadokräm: 1 | Varmrätt/Kycklingspett med ris: 1 | Wraps/Caesar Kyckling: 1 | Wraps/Kyckling Bacon: 1 | Wraps/Kyckling Curry: 1 | Wraps/Sweet Chili: 1
Stockholm Östra,Coop farsta strand,Thursday,12.199999999999998,12~22,12,Baguette/Ost & Skinka: 2 | Baguette/Salami & Brieost: 0 | Fralla/Ost & Skinka: 0 | Hönökaka/Ost & Skinka: 1 | Pastasallad/Kyckling kebab: 0 | Pastasallad/Ost & Skinka: 0 | Pastasallad/Räkor: 0 | Sandwich/Räkor: 1 | Wraps/Caesar Kyckling: 0 | Wraps/Kyckling Bacon: 0 | Wraps/Kyckling Curry: 0 | Wraps/Sweet Chili: 0
Stockholm Östra,Direkten Nacka strand,Thursday,22.0,17~20,17,Baguette/Kyckling Curry: 1 | Baguette/Ost & Skinka: 1 | Baguette/Salami & Brieost: 1 | Baguette/Skagen: 1 | Fralla/Ost & Skinka: 0 | Fralla/Ost: 0 | Hönökaka/Ost & Salami: 1 | Hönökaka/Ost & Skinka: 1 | Hönökaka/Ost: 0 | Pastasallad/Räkor: 1 | Sandwich/Kyckling Curry: 1 | Sandwich/Ägg & Avocadokräm: 1 | Wraps/Caesar Kyckling: 1 | Wraps/Kyckling Bacon: 1 | Wraps/Kyckling Curry: 1 | Wraps/Sweet Chili: 1 | XL Frallor/Grovfralla Kalkon & Färskost: 1
Stockholm Östra,ICA Hagsätra,Thursday,47.59999999999999,39~70,29,Baguette/Kyckling Curry: 0 | Baguette/Kycklingsallad Olivie: 0 | Baguette/Ost & Skinka: 1 | Baguette/Salami & Brieost: 2 | Baguette/Skagen: 2 | Fralla/Ost & Skinka: 1 | Fralla/Ost: 3 | Glutenfri Frallor/Glutenfri Ost & Skinka(endast söndagsbeställning): 1 | Grönsallad/Caesarsallad: 0 | Hönökaka/Ost & Salami: 1 | Hönökaka/Ost & Skinka: 1 | Hönökaka/Ost: 2 | Pastasallad/Bacon & Kyckling: 2 | Pastasallad/Kyckling & Salladsost: 1 | Pastasallad/Kyckling kebab: 0 | Pastasallad/Kyckling mangocurry: 1 | Pastasallad/Ost & Skinka: 1 | Pastasallad/Räkor: 1 | Räkmacka Liten/Räkmacka liten: 2 | Sandwich/Kyckling Curry: 0 | Sandwich/Kyckling Pestoröra: 1 | Sandwich/Räkor: 0 | Wraps/Caesar Kyckling: 0 | Wraps/Kyckling Bacon: 5 | Wraps/Kyckling Curry: 2 | Wraps/Sweet Chili: 1 | Wraps/Wrap Curry Oumph!: 2 | XL Frallor/Ost & Skinka: 1 | XL Frallor/Ost: 1
Stockholm Östra,ICA Supermarket Högdalen,Thursday,52.19999999999998,41~79,27,Baguette/Kyckling Curry: 2 | Baguette/Ost & Skinka: 2 | Baguette/Salami & Brieost: 1 | Baguette/Skagen: 1 | Fralla/Ost & Skinka: 1 | Fralla/Ost: 2 | Pastasallad/Bacon & Kyckling: 2 | Pastasallad/Falafel: 2 | Pastasallad/Kyckling & Salladsost: 4 | Pastasallad/Kyckling kebab: 2 | Pastasallad/Kyckling mangocurry: 6 | Pastasallad/Ost & Skinka: 2 | Pastasallad/Räkor: 1 | Sandwich/Bacon & Äggröra: 1 | Sandwich/Clubsandwich: 0 | Sandwich/Kyckling Curry: 1 | Sandwich/Kyckling Pestoröra: 1 | Sandwich/Räkor: 2 | Sandwich/Ägg & Avocadokräm: 0 | Varmrätt/Cevapcici med bulgur: 1 | Varmrätt/Kycklingspett med ris: 1 | Varmrätt/Teriyakibiff med ris: 1 | Varmrätt/Teriyakikycklingfile med basmatiris: 1 | Wraps/Caesar Kyckling: 1 | Wraps/Kyckling Bacon: 1 | Wraps/Kyckling Curry: 1 | XL Frallor/Grovfralla Kalkon & Färskost: 2
Stockholm Östra,ICA kvantum Täby,Thursday,41.19999999999999,32~51,9,Pastasallad/Kyckling & Salladsost: 4 | Pastasallad/Kyckling mangocurry: 6 | Pastasallad/Ost & Skinka: 4 | Pastasallad/Räkor: 4 | Wraps/Caesar Kyckling: 4 | Wraps/Kyckling Bacon: 5 | Wraps/Kyckling Curry: 5 | Wraps/Kycklingsallad Olivie: 1 | Wraps/Sweet Chili: 5
Stockholm Östra,Mr Rabb,Thursday,70.39999999999998,56~82,7,Pastasallad/Kyckling & Salladsost: 13 | Pastasallad/Kyckling kebab: 6 | Pastasallad/Kyckling mangocurry: 14 | Sandwich/Kyckling Curry: 7 | Sandwich/Kyckling Pestoröra: 9 | Wraps/Kyckling Curry: 9 | Wraps/Sweet Chili: 9
Uppsala Rutt,Coop Ekeby,Sunday,30.0,24~46,21,Baguette/Kyckling Curry: 2 | Baguette/Ost & Skinka: 1 | Baguette/Salami & Brieost: 2 | Baguette/Skagen: 2 | Fralla/Ost & Skinka: 3 | Fralla/Ost: 1 | Hönökaka/Ost & Skinka: 1 | Hönökaka/Ost: 1 | Pastasallad/Bacon & Kyckling: 1 | Pastasallad/Kyckling & Salladsost: 2 | Pastasallad/Kyckling mangocurry: 3 | Pastasallad/Räkor: 2 | Sandwich/Bacon & Äggröra: 1 | Sandwich/Clubsandwich: 1 | Sandwich/Kyckling Curry: 1 | Sandwich/Räkor: 1 | Wraps/Caesar Kyckling: 1 | Wraps/Kyckling Bacon: 1 | Wraps/Kyckling Curry: 1 | Wraps/Sweet Chili: 1 | Wraps/Wrap Curry Oumph!: 1
Uppsala Rutt,Coop Luthagen,Sunday,29.0,26~50,24,Baguette/Kyckling Curry: 1 | Baguette/Salami & Brieost: 1 | Baguette/Skagen: 1 | Fralla/Ost & Skinka: 3 | Fralla/Ost: 2 | Hönökaka/Ost & Salami: 1 | Hönökaka/Ost & Skinka: 1 | Hönökaka/Ost: 1 | Pastasallad/Bacon & Kyckling: 1 | Pastasallad/Kyckling & Salladsost: 2 | Pastasallad/Kyckling mangocurry: 2 | Pastasallad/Ost & Skinka: 1 | Pastasallad/Räkor: 1 | Sandwich/Bacon & Äggröra: 1 | Sandwich/Clubsandwich: 1 | Sandwich/Kyckling Curry: 1 | Sandwich/Räkor: 1 | Sandwich/Ägg & Avocadokräm: 1 | Wraps/Caesar Kyckling: 1 | Wraps/Kyckling Bacon: 1 | Wraps/Sweet Chili: 1 | Wraps/Wrap Curry Oumph!: 1 | XL Frallor/Grovfralla Kalkon & Färskost: 1 | XL Frallor/Ost & Skinka: 1
Uppsala Rutt,Coop Stationsgallerian,Sunday,152.0,122~183,32,Baguette/Kyckling Curry: 3 | Baguette/Kyckling Sweet Chili: 3 | Baguette/Ost & Skinka: 3 | Baguette/Salami & Brieost: 3 | Baguette/Skagen: 6 | Fralla/Ost & Skinka: 18 | Fralla/Ost: 12 | Hönökaka/Ost & Salami: 8 | Hönökaka/Ost & Skinka: 6 | Hönökaka/Ost: 6 | Pastasallad/Bacon & Kyckling: 2 | Pastasallad/Kyckling & Salladsost: 3 | Pastasallad/Kyckling mangocurry: 3 | Pastasallad/Ost & Skinka: 2 | Pastasallad/Räkor: 3 | Sandwich/Bacon & Äggröra: 4 | Sandwich/Clubsandwich: 5 | Sandwich/Kyckling Curry: 3 | Sandwich/Kyckling Pestoröra: 3 | Sandwich/Räkor: 3 | Sandwich/Ägg & Avocadokräm: 1 | Varmrätt/Cevapcici med bulgur: 1 | Varmrätt/Kyckling-och böngryta: 1 | Varmrätt/Teriyakibiff med ris: 1 | Wraps/Caesar Kyckling: 8 | Wraps/Kyckling Bacon: 9 | Wraps/Kyckling Curry: 9 | Wraps/Sweet Chili: 7 | Wraps/Wrap Curry Oumph!: 2 | XL Frallor/Grovfralla Kalkon & Färskost: 3 | XL Frallor/Ost & Skinka: 8 | XL Frallor/Ost: 3
Uppsala Rutt,Coop Storvreta,Sunday,37.0,26~49,21,Baguette/Kyckling Curry: 1 | Baguette/Ost & Skinka: 3 | Baguette/Salami & Brieost: 2 | Baguette/Skagen: 2 | Fralla/Ost & Skinka: 3 | Fralla/Ost: 2 | Hönökaka/Ost & Skinka: 2 | Hönökaka/Ost: 1 | Pastasallad/Kyckling & Salladsost: 3 | Pastasallad/Kyckling mangocurry: 2 | Pastasallad/Räkor: 1 | Sandwich/Clubsandwich: 1 | Sandwich/Räkor: 2 | Sandwich/Ägg & Avocadokräm: 1 | Wraps/Caesar Kyckling: 2 | Wraps/Kyckling Bacon: 1 | Wraps/Kyckling Curry: 2 | Wraps/Sweet Chili: 2 | XL Frallor/Grovfralla Kalkon & Färskost: 1 | XL Frallor/Ost & Skinka: 2 | XL Frallor/Ost: 1
Uppsala Rutt,Coop Sunnersta,Sunday,16.0,15~30,15,Fralla/Ost & Skinka: 2 | Fralla/Ost: 1 | Hönökaka/Ost & Skinka: 1 | Hönökaka/Ost: 1 | Pastasallad/Bacon & Kyckling: 1 | Pastasallad/Kyckling & Salladsost: 1 | Pastasallad/Kyckling mangocurry: 1 | Pastasallad/Ost & Skinka: 1 | Pastasallad/Räkor: 1 | Sandwich/Bacon & Äggröra: 1 | Sandwich/Kyckling Curry: 1 | Sandwich/Räkor: 1 | Sandwich/Ägg & Avocadokräm: 1 | Wraps/Kyckling Bacon: 1 | Wraps/Kyckling Curry: 1
Uppsala Rutt,Coop Västertorg,Sunday,16.0,14~28,14,Baguette/Kyckling Curry: 1 | Baguette/Ost & Skinka: 1 | Baguette/Skagen: 1 | Fralla/Ost & Skinka: 2 | Fralla/Ost: 2 | Pastasallad/Bacon & Kyckling: 1 | Pastasallad/Falafel: 1 | Pastasallad/Kyckling & Salladsost: 1 | Pastasallad/Kyckling kebab: 1 | Pastasallad/Kyckling mangocurry: 1 | Sandwich/Räkor: 1 | Sandwich/Ägg & Avocadokräm: 1 | Wraps/Caesar Kyckling: 1 | Wraps/Kyckling Bacon: 1
Uppsala Rutt,Dressinen (Tisd & Fre),Sunday,10.0,8~13,5,Baguette/Kyckling Curry: 2 | Baguette/Ost & Skinka: 1 | Baguette/Skagen: 1 | Fralla/Ost & Skinka: 3 | Fralla/Ost: 3
Uppsala Rutt,Flogsta Närlivs,Sunday,1.0,1~2,1,Fralla/Ost: 1
Uppsala Rutt,ICA Brantingstorg,Sunday,57.0,44~78,30,Baguette/Kyckling Curry: 1 | Baguette/Kyckling Sweet Chili: 1 | Baguette/Ost & Skinka: 1 | Baguette/Salami & Brieost: 1 | Baguette/Skagen: 2 | Fralla/Ost & Skinka: 3 | Fralla/Ost: 2 | Hönökaka/Ost & Salami: 2 | Hönökaka/Ost & Skinka: 1 | Hönökaka/Ost: 1 | Pastasallad/Bacon & Kyckling: 3 | Pastasallad/Kyckling & Salladsost: 3 | Pastasallad/Kyckling kebab: 1 | Pastasallad/Kyckling mangocurry: 5 | Pastasallad/Ost & Skinka: 2 | Pastasallad/Räkor: 3 | Sandwich/Bacon & Äggröra: 2 | Sandwich/Clubsandwich: 2 | Sandwich/Kyckling Curry: 2 | Sandwich/Kyckling Pestoröra: 2 | Sandwich/Räkor: 3 | Sandwich/Ägg & Avocadokräm: 2 | Wraps/Caesar Kyckling: 3 | Wraps/Kyckling Bacon: 2 | Wraps/Kyckling Curry: 1 | Wraps/Sweet Chili: 2 | Wraps/Wrap Curry Oumph!: 1 | XL Frallor/Grovfralla Kalkon & Färskost: 1 | XL Frallor/Ost & Skinka: 1 | XL Frallor/Ost: 1
Uppsala Rutt,ICA Hörnan,Sunday,37.0,28~53,25,Baguette/Kyckling Curry: 1 | Baguette/Ost & Skinka: 2 | Baguette/Salami & Brieost: 2 | Baguette/Skagen: 2 | Fralla/Ost & Skinka: 2 | Fralla/Ost: 2 | Hönökaka/Ost & Salami: 1 | Hönökaka/Ost & Skinka: 1 | Hönökaka/Ost: 2 | Pastasallad/Bacon & Kyckling: 1 | Pastasallad/Kyckling & Salladsost: 3 | Pastasallad/Kyckling kebab: 1 | Pastasallad/Kyckling mangocurry: 3 | Pastasallad/Räkor: 2 | Sandwich/Clubsandwich: 2 | Sandwich/Kyckling Curry: 1 | Sandwich/Kyckling Pestoröra: 1 | Sandwich/Räkor: 1 | Wraps/Caesar Kyckling: 1 | Wraps/Kyckling Bacon: 1 | Wraps/Kyckling Curry: 1 | Wraps/Sweet Chili: 1 | Wraps/Wrap Curry Oumph!: 1 | XL Frallor/Ost & Skinka: 1 | XL Frallor/Ost: 1
Uppsala Rutt,ICA Luthagen,Sunday,32.0,27~41,11,Pastasallad/Bacon & Kyckling: 3 | Pastasallad/Kyckling & Salladsost: 4 | Pastasallad/Kyckling mangocurry: 5 | Pastasallad/Ost & Skinka: 3 | Pastasallad/Räkor: 3 | Sandwich/Bacon & Äggröra: 2 | Sandwich/Clubsandwich: 3 | Sandwich/Kyckling Curry: 2 | Sandwich/Kyckling Pestoröra: 2 | Sandwich/Räkor: 4 | Sandwich/Ägg & Avocadokräm: 1
Uppsala Rutt,ICA SAMköp,Sunday,34.0,29~54,24,Baguette/Kyckling Curry: 2 | Baguette/Ost & Skinka: 1 | Baguette/Salami & Brieost: 1 | Baguette/Skagen: 2 | Fralla/Ost & Skinka: 2 | Fralla/Ost: 1 | Hönökaka/Ost & Salami: 1 | Hönökaka/Ost & Skinka: 1 | Hönökaka/Ost: 1 | Pastasallad/Bacon & Kyckling: 2 | Pastasallad/Kyckling & Salladsost: 3 | Pastasallad/Kyckling mangocurry: 3 | Pastasallad/Ost & Skinka: 1 | Pastasallad/Räkor: 2 | Sandwich/Bacon & Äggröra: 1 | Sandwich/Clubsandwich: 1 | Sandwich/Kyckling Curry: 1 | Sandwich/Kyckling Pestoröra: 1 | Sandwich/Räkor: 2 | Wraps/Caesar Kyckling: 1 | Wraps/Kyckling Bacon: 1 | Wraps/Wrap Curry Oumph!: 1 | XL Frallor/Grovfralla Kalkon & Färskost: 1 | XL Frallor/Ost & Skinka: 1
Uppsala Rutt,ICA Storvreta,Sunday,1.0,1~2,1,Pastasallad/Kyckling mangocurry: 1
Uppsala Rutt,ICA Sävja,Sunday,25.0,22~42,19,Baguette/Kyckling Curry: 1 | Baguette/Ost & Skinka: 1 | Baguette/Salami & Brieost: 1 | Baguette/Skagen: 1 | Fralla/Ost & Skinka: 3 | Fralla/Ost: 3 | Hönökaka/Ost & Salami: 1 | Hönökaka/Ost & Skinka: 1 | Hönökaka/Ost: 1 | Pastasallad/Bacon & Kyckling: 1 | Pastasallad/Kyckling & Salladsost: 1 | Pastasallad/Kyckling mangocurry: 3 | Pastasallad/Räkor: 1 | Sandwich/Bacon & Äggröra: 1 | Sandwich/Clubsandwich: 1 | Sandwich/Kyckling Curry: 1 | Sandwich/Räkor: 1 | Wraps/Kyckling Curry: 1 | Wraps/Sweet Chili: 1
Uppsala Rutt,ICA Torgkassen,Sunday,59.0,49~74,13,Baguette/Kyckling Curry: 3 | Baguette/Skagen: 5 | Fralla/Ost & Skinka: 7 | Fralla/Ost: 5 | Hönökaka/Ost & Salami: 8 | Hönökaka/Ost: 7 | Pastasallad/Kyckling mangocurry: 8 | Räkmacka Liten/Räkmacka liten: 3 | Sandwich/Räkor: 8 | Sandwich/Ägg & Avocadokräm: 2 | Varmrätt/Cevapcici med bulgur: 1 | Varmrätt/Teriyakibiff med ris: 1 | Varmrätt/Teriyakikycklingfile med basmatiris: 1
Uppsala Rutt,ICA Vretgränd,Sunday,67.0,52~86,29,Baguette/Kyckling Curry: 1 | Baguette/Kyckling Sweet Chili: 1 | Baguette/Ost & Skinka: 1 | Baguette/Salami & Brieost: 2 | Baguette/Skagen: 2 | Fralla/Ost & Skinka: 6 | Fralla/Ost: 5 | Hönökaka/Ost & Salami: 2 | Hönökaka/Ost & Skinka: 4 | Hönökaka/Ost: 3 | Pastasallad/Bacon & Kyckling: 3 | Pastasallad/Kyckling & Salladsost: 3 | Pastasallad/Kyckling mangocurry: 4 | Pastasallad/Ost & Skinka: 3 | Pastasallad/Räkor: 3 | Sandwich/Bacon & Äggröra: 1 | Sandwich/Clubsandwich: 2 | Sandwich/Kyckling Curry: 2 | Sandwich/Räkor: 1 | Sandwich/Ägg & Avocadokräm: 1 | Varmrätt/Cevapcici med bulgur: 1 | Varmrätt/Kyckling-och böngryta: 1 | Wraps/Caesar Kyckling: 2 | Wraps/Kyckling Bacon: 3 | Wraps/Sweet Chili: 1 | Wraps/Wrap Curry Oumph!: 2 | XL Frallor/Grovfralla Kalkon & Färskost: 2 | XL Frallor/Ost & Skinka: 3 | XL Frallor/Ost: 2
Uppsala Rutt,Myway Råbyvägen,Sunday,12.0,9~18,9,Baguette/Kyckling Curry: 1 | Baguette/Skagen: 2 | Fralla/Ost: 2 | Hönökaka/Ost: 2 | Sandwich/Kyckling Curry: 1 | Sandwich/Kyckling Pestoröra: 1 | Sandwich/Räkor: 1 | Wraps/Kyckling Curry: 1 | Wraps/Sweet Chili: 1
Uppsala Rutt,Nelins,Sunday,53.0,42~72,26,Baguette/Kyckling Curry: 1 | Baguette/Ost & Skinka: 1 | Baguette/Salami & Brieost: 1 | Baguette/Skagen: 3 | Fralla/Ost & Skinka: 3 | Fralla/Ost: 2 | Grönsallad/Caesarsallad: 1 | Hönökaka/Ost & Salami: 1 | Hönökaka/Ost & Skinka: 3 | Hönökaka/Ost: 2 | Pastasallad/Bacon & Kyckling: 2 | Pastasallad/Kyckling & Salladsost: 3 | Pastasallad/Kyckling mangocurry: 4 | Pastasallad/Ost & Skinka: 3 | Pastasallad/Räkor: 3 | Sandwich/Bacon & Äggröra: 3 | Sandwich/Clubsandwich: 3 | Sandwich/Kyckling Curry: 1 | Sandwich/Räkor: 2 | Wraps/Caesar Kyckling: 2 | Wraps/Kyckling Bacon: 2 | Wraps/Kyckling Curry: 2 | Wraps/Sweet Chili: 2 | Wraps/Wrap Curry Oumph!: 1 | XL Frallor/Grovfralla Kalkon & Färskost: 1 | XL Frallor/Ost & Skinka: 1
Uppsala Rutt,Coop Ekeby,Monday,7.0,2~7,7,Baguette/Kyckling Curry: 1 | Baguette/Salami & Brieost: 1 | Baguette/Skagen: 1 | Fralla/Ost & Skinka: 1 | Pastasallad/Kyckling & Salladsost: 1 | Pastasallad/Kyckling mangocurry: 1 | Pastasallad/Räkor: 1
Uppsala Rutt,Coop Luthagen,Monday,4.0,1~4,4,Fralla/Ost & Skinka: 1 | Fralla/Ost: 1 | Pastasallad/Kyckling & Salladsost: 1 | Pastasallad/Kyckling mangocurry: 1
Uppsala Rutt,Coop Stationsgallerian,Monday,51.0,40~58,28,Baguette/Kyckling Curry: 1 | Baguette/Kyckling Sweet Chili: 1 | Baguette/Ost & Skinka: 1 | Baguette/Salami & Brieost: 1 | Baguette/Skagen: 2 | Fralla/Ost & Skinka: 6 | Fralla/Ost: 4 | Hönökaka/Ost & Salami: 3 | Hönökaka/Ost & Skinka: 2 | Hönökaka/Ost: 2 | Pastasallad/Bacon & Kyckling: 1 | Pastasallad/Kyckling & Salladsost: 1 | Pastasallad/Kyckling mangocurry: 1 | Pastasallad/Ost & Skinka: 1 | Pastasallad/Räkor: 1 | Sandwich/Bacon & Äggröra: 1 | Sandwich/Clubsandwich: 2 | Sandwich/Kyckling Curry: 1 | Sandwich/Kyckling Pestoröra: 1 | Sandwich/Räkor: 1 | Wraps/Caesar Kyckling: 3 | Wraps/Kyckling Bacon: 3 | Wraps/Kyckling Curry: 3 | Wraps/Sweet Chili: 2 | Wraps/Wrap Curry Oumph!: 1 | XL Frallor/Grovfralla Kalkon & Färskost: 1 | XL Frallor/Ost & Skinka: 3 | XL Frallor/Ost: 1
Uppsala Rutt,Coop Storvreta,Monday,13.0,3~13,13,Baguette/Ost & Skinka: 1 | Baguette/Salami & Brieost: 1 | Baguette/Skagen: 1 | Fralla/Ost & Skinka: 1 | Fralla/Ost: 1 | Hönökaka/Ost & Skinka: 1 | Pastasallad/Kyckling & Salladsost: 1 | Pastasallad/Kyckling mangocurry: 1 | Sandwich/Räkor: 1 | Wraps/Caesar Kyckling: 1 | Wraps/Kyckling Curry: 1 | Wraps/Sweet Chili: 1 | XL Frallor/Ost & Skinka: 1
Uppsala Rutt,Coop Sunnersta,Monday,1.0,0~1,1,Fralla/Ost & Skinka: 1
Uppsala Rutt,Coop Västertorg,Monday,2.0,0~2,2,Fralla/Ost & Skinka: 1 | Fralla/Ost: 1
Uppsala Rutt,Dressinen (Tisd & Fre),Monday,3.0,2~3,3,Baguette/Kyckling Curry: 1 | Fralla/Ost & Skinka: 1 | Fralla/Ost: 1
Uppsala Rutt,ICA Brantingstorg,Monday,19.0,7~19,18,Baguette/Skagen: 1 | Fralla/Ost & Skinka: 1 | Fralla/Ost: 1 | Hönökaka/Ost & Salami: 1 | Pastasallad/Bacon & Kyckling: 1 | Pastasallad/Kyckling & Salladsost: 1 | Pastasallad/Kyckling mangocurry: 2 | Pastasallad/Ost & Skinka: 1 | Pastasallad/Räkor: 1 | Sandwich/Bacon & Äggröra: 1 | Sandwich/Clubsandwich: 1 | Sandwich/Kyckling Curry: 1 | Sandwich/Kyckling Pestoröra: 1 | Sandwich/Räkor: 1 | Sandwich/Ägg & Avocadokräm: 1 | Wraps/Caesar Kyckling: 1 | Wraps/Kyckling Bacon: 1 | Wraps/Sweet Chili: 1
Uppsala Rutt,ICA Hörnan,Monday,10.0,2~10,10,Baguette/Ost & Skinka: 1 | Baguette/Salami & Brieost: 1 | Baguette/Skagen: 1 | Fralla/Ost & Skinka: 1 | Fralla/Ost: 1 | Hönökaka/Ost: 1 | Pastasallad/Kyckling & Salladsost: 1 | Pastasallad/Kyckling mangocurry: 1 | Pastasallad/Räkor: 1 | Sandwich/Clubsandwich: 1
Uppsala Rutt,ICA Luthagen,Monday,11.0,7~13,10,Pastasallad/Bacon & Kyckling: 1 | Pastasallad/Kyckling & Salladsost: 1 | Pastasallad/Kyckling mangocurry: 2 | Pastasallad/Ost & Skinka: 1 | Pastasallad/Räkor: 1 | Sandwich/Bacon & Äggröra: 1 | Sandwich/Clubsandwich: 1 | Sandwich/Kyckling Curry: 1 | Sandwich/Kyckling Pestoröra: 1 | Sandwich/Räkor: 1
Uppsala Rutt,ICA SAMköp,Monday,8.0,2~8,8,Baguette/Kyckling Curry: 1 | Baguette/Skagen: 1 | Fralla/Ost & Skinka: 1 | Pastasallad/Bacon & Kyckling: 1 | Pastasallad/Kyckling & Salladsost: 1 | Pastasallad/Kyckling mangocurry: 1 | Pastasallad/Räkor: 1 | Sandwich/Räkor: 1
Uppsala Rutt,ICA Sävja,Monday,3.0,3~3,3,Fralla/Ost & Skinka: 1 | Fralla/Ost: 1 | Pastasallad/Kyckling mangocurry: 1
Uppsala Rutt,ICA Torgkassen,Monday,20.0,14~22,10,Baguette/Kyckling Curry: 1 | Baguette/Skagen: 2 | Fralla/Ost & Skinka: 2 | Fralla/Ost: 2 | Hönökaka/Ost & Salami: 3 | Hönökaka/Ost: 2 | Pastasallad/Kyckling mangocurry: 3 | Räkmacka Liten/Räkmacka liten: 1 | Sandwich/Räkor: 3 | Sandwich/Ägg & Avocadokräm: 1
Uppsala Rutt,ICA Vretgränd,Monday,22.0,12~24,20,Baguette/Salami & Brieost: 1 | Baguette/Skagen: 1 | Fralla/Ost & Skinka: 2 | Fralla/Ost: 2 | Hönökaka/Ost & Salami: 1 | Hönökaka/Ost & Skinka: 1 | Hönökaka/Ost: 1 | Pastasallad/Bacon & Kyckling: 1 | Pastasallad/Kyckling & Salladsost: 1 | Pastasallad/Kyckling mangocurry: 1 | Pastasallad/Ost & Skinka: 1 | Pastasallad/Räkor: 1 | Sandwich/Clubsandwich: 1 | Sandwich/Kyckling Curry: 1 | Wraps/Caesar Kyckling: 1 | Wraps/Kyckling Bacon: 1 | Wraps/Wrap Curry Oumph!: 1 | XL Frallor/Grovfralla Kalkon & Färskost: 1 | XL Frallor/Ost & Skinka: 1 | XL Frallor/Ost: 1
Uppsala Rutt,Myway Råbyvägen,Monday,3.0,0~3,3,Baguette/Skagen: 1 | Fralla/Ost: 1 | Hönökaka/Ost: 1
Uppsala Rutt,Nelins,Monday,17.0,9~18,17,Baguette/Skagen: 1 | Fralla/Ost & Skinka: 1 | Fralla/Ost: 1 | Hönökaka/Ost & Skinka: 1 | Hönökaka/Ost: 1 | Pastasallad/Bacon & Kyckling: 1 | Pastasallad/Kyckling & Salladsost: 1 | Pastasallad/Kyckling mangocurry: 1 | Pastasallad/Ost & Skinka: 1 | Pastasallad/Räkor: 1 | Sandwich/Bacon & Äggröra: 1 | Sandwich/Clubsandwich: 1 | Sandwich/Räkor: 1 | Wraps/Caesar Kyckling: 1 | Wraps/Kyckling Bacon: 1 | Wraps/Kyckling Curry: 1 | Wraps/Sweet Chili: 1
Uppsala Rutt,Coop Ekeby,Tuesday,23.0,17~30,21,Baguette/Kyckling Curry: 1 | Baguette/Ost & Skinka: 1 | Baguette/Salami & Brieost: 1 | Baguette/Skagen: 1 | Fralla/Ost & Skinka: 2 | Fralla/Ost: 1 | Hönökaka/Ost & Skinka: 1 | Hönökaka/Ost: 1 | Pastasallad/Bacon & Kyckling: 1 | Pastasallad/Kyckling & Salladsost: 1 | Pastasallad/Kyckling mangocurry: 2 | Pastasallad/Räkor: 1 | Sandwich/Bacon & Äggröra: 1 | Sandwich/Clubsandwich: 1 | Sandwich/Kyckling Curry: 1 | Sandwich/Räkor: 1 | Wraps/Caesar Kyckling: 1 | Wraps/Kyckling Bacon: 1 | Wraps/Kyckling Curry: 1 | Wraps/Sweet Chili: 1 | Wraps/Wrap Curry Oumph!: 1
Uppsala Rutt,Coop Luthagen,Tuesday,26.0,16~28,24,Baguette/Kyckling Curry: 1 | Baguette/Salami & Brieost: 1 | Baguette/Skagen: 1 | Fralla/Ost & Skinka: 2 | Fralla/Ost: 1 | Hönökaka/Ost & Salami: 1 | Hönökaka/Ost & Skinka: 1 | Hönökaka/Ost: 1 | Pastasallad/Bacon & Kyckling: 1 | Pastasallad/Kyckling & Salladsost: 1 | Pastasallad/Kyckling mangocurry: 2 | Pastasallad/Ost & Skinka: 1 | Pastasallad/Räkor: 1 | Sandwich/Bacon & Äggröra: 1 | Sandwich/Clubsandwich: 1 | Sandwich/Kyckling Curry: 1 | Sandwich/Räkor: 1 | Sandwich/Ägg & Avocadokräm: 1 | Wraps/Caesar Kyckling: 1 | Wraps/Kyckling Bacon: 1 | Wraps/Sweet Chili: 1 | Wraps/Wrap Curry Oumph!: 1 | XL Frallor/Grovfralla Kalkon & Färskost: 1 | XL Frallor/Ost & Skinka: 1
Uppsala Rutt,Coop Stationsgallerian,Tuesday,109.0,93~137,32,Baguette/Kyckling Curry: 2 | Baguette/Kyckling Sweet Chili: 2 | Baguette/Ost & Skinka: 2 | Baguette/Salami & Brieost: 2 | Baguette/Skagen: 5 | Fralla/Ost & Skinka: 13 | Fralla/Ost: 9 | Hönökaka/Ost & Salami: 6 | Hönökaka/Ost & Skinka: 4 | Hönökaka/Ost: 4 | Pastasallad/Bacon & Kyckling: 1 | Pastasallad/Kyckling & Salladsost: 2 | Pastasallad/Kyckling mangocurry: 2 | Pastasallad/Ost & Skinka: 1 | Pastasallad/Räkor: 2 | Sandwich/Bacon & Äggröra: 3 | Sandwich/Clubsandwich: 4 | Sandwich/Kyckling Curry: 2 | Sandwich/Kyckling Pestoröra: 2 | Sandwich/Räkor: 2 | Sandwich/Ägg & Avocadokräm: 1 | Varmrätt/Cevapcici med bulgur: 1 | Varmrätt/Kyckling-och böngryta: 1 | Varmrätt/Teriyakibiff med ris: 1 | Wraps/Caesar Kyckling: 6 | Wraps/Kyckling Bacon: 6 | Wraps/Kyckling Curry: 6 | Wraps/Sweet Chili: 5 | Wraps/Wrap Curry Oumph!: 2 | XL Frallor/Grovfralla Kalkon & Färskost: 2 | XL Frallor/Ost & Skinka: 6 | XL Frallor/Ost: 2
Uppsala Rutt,Coop Storvreta,Tuesday,26.0,21~36,21,Baguette/Kyckling Curry: 1 | Baguette/Ost & Skinka: 2 | Baguette/Salami & Brieost: 1 | Baguette/Skagen: 1 | Fralla/Ost & Skinka: 2 | Fralla/Ost: 1 | Hönökaka/Ost & Skinka: 2 | Hönökaka/Ost: 1 | Pastasallad/Kyckling & Salladsost: 2 | Pastasallad/Kyckling mangocurry: 2 | Pastasallad/Räkor: 1 | Sandwich/Clubsandwich: 1 | Sandwich/Räkor: 1 | Sandwich/Ägg & Avocadokräm: 1 | Wraps/Caesar Kyckling: 1 | Wraps/Kyckling Bacon: 1 | Wraps/Kyckling Curry: 1 | Wraps/Sweet Chili: 1 | XL Frallor/Grovfralla Kalkon & Färskost: 1 | XL Frallor/Ost & Skinka: 1 | XL Frallor/Ost: 1
Uppsala Rutt,Coop Sunnersta,Tuesday,15.0,3~16,15,Fralla/Ost & Skinka: 1 | Fralla/Ost: 1 | Hönökaka/Ost & Skinka: 1 | Hönökaka/Ost: 1 | Pastasallad/Bacon & Kyckling: 1 | Pastasallad/Kyckling & Salladsost: 1 | Pastasallad/Kyckling mangocurry: 1 | Pastasallad/Ost & Skinka: 1 | Pastasallad/Räkor: 1 | Sandwich/Bacon & Äggröra: 1 | Sandwich/Kyckling Curry: 1 | Sandwich/Räkor: 1 | Sandwich/Ägg & Avocadokräm: 1 | Wraps/Kyckling Bacon: 1 | Wraps/Kyckling Curry: 1
Uppsala Rutt,Coop Västertorg,Tuesday,14.0,9~16,14,Baguette/Kyckling Curry: 1 | Baguette/Ost & Skinka: 1 | Baguette/Skagen: 1 | Fralla/Ost & Skinka: 1 | Fralla/Ost: 1 | Pastasallad/Bacon & Kyckling: 1 | Pastasallad/Falafel: 1 | Pastasallad/Kyckling & Salladsost: 1 | Pastasallad/Kyckling kebab: 1 | Pastasallad/Kyckling mangocurry: 1 | Sandwich/Räkor: 1 | Sandwich/Ägg & Avocadokräm: 1 | Wraps/Caesar Kyckling: 1 | Wraps/Kyckling Bacon: 1
Uppsala Rutt,Dressinen (Tisd & Fre),Tuesday,8.0,7~8,5,Baguette/Kyckling Curry: 2 | Baguette/Ost & Skinka: 1 | Baguette/Skagen: 1 | Fralla/Ost & Skinka: 2 | Fralla/Ost: 2
Uppsala Rutt,Flogsta Närlivs,Tuesday,1.0,0~1,1,Fralla/Ost: 1
Uppsala Rutt,ICA Brantingstorg,Tuesday,43.0,34~53,30,Baguette/Kyckling Curry: 1 | Baguette/Kyckling Sweet Chili: 1 | Baguette/Ost & Skinka: 1 | Baguette/Salami & Brieost: 1 | Baguette/Skagen: 1 | Fralla/Ost & Skinka: 2 | Fralla/Ost: 2 | Hönökaka/Ost & Salami: 1 | Hönökaka/Ost & Skinka: 1 | Hönökaka/Ost: 1 | Pastasallad/Bacon & Kyckling: 2 | Pastasallad/Kyckling & Salladsost: 2 | Pastasallad/Kyckling kebab: 1 | Pastasallad/Kyckling mangocurry: 3 | Pastasallad/Ost & Skinka: 1 | Pastasallad/Räkor: 2 | Sandwich/Bacon & Äggröra: 1 | Sandwich/Clubsandwich: 1 | Sandwich/Kyckling Curry: 2 | Sandwich/Kyckling Pestoröra: 2 | Sandwich/Räkor: 2 | Sandwich/Ägg & Avocadokräm: 1 | Wraps/Caesar Kyckling: 2 | Wraps/Kyckling Bacon: 2 | Wraps/Kyckling Curry: 1 | Wraps/Sweet Chili: 2 | Wraps/Wrap Curry Oumph!: 1 | XL Frallor/Grovfralla Kalkon & Färskost: 1 | XL Frallor/Ost & Skinka: 1 | XL Frallor/Ost: 1
Uppsala Rutt,ICA Hörnan,Tuesday,28.0,21~35,25,Baguette/Kyckling Curry: 1 | Baguette/Ost & Skinka: 1 | Baguette/Salami & Brieost: 1 | Baguette/Skagen: 1 | Fralla/Ost & Skinka: 2 | Fralla/Ost: 1 | Hönökaka/Ost & Salami: 1 | Hönökaka/Ost & Skinka: 1 | Hönökaka/Ost: 1 | Pastasallad/Bacon & Kyckling: 1 | Pastasallad/Kyckling & Salladsost: 2 | Pastasallad/Kyckling kebab: 1 | Pastasallad/Kyckling mangocurry: 2 | Pastasallad/Räkor: 1 | Sandwich/Clubsandwich: 1 | Sandwich/Kyckling Curry: 1 | Sandwich/Kyckling Pestoröra: 1 | Sandwich/Räkor: 1 | Wraps/Caesar Kyckling: 1 | Wraps/Kyckling Bacon: 1 | Wraps/Kyckling Curry: 1 | Wraps/Sweet Chili: 1 | Wraps/Wrap Curry Oumph!: 1 | XL Frallor/Ost & Skinka: 1 | XL Frallor/Ost: 1
Uppsala Rutt,ICA Luthagen,Tuesday,24.0,19~29,11,Pastasallad/Bacon & Kyckling: 2 | Pastasallad/Kyckling & Salladsost: 3 | Pastasallad/Kyckling mangocurry: 3 | Pastasallad/Ost & Skinka: 2 | Pastasallad/Räkor: 2 | Sandwich/Bacon & Äggröra: 2 | Sandwich/Clubsandwich: 2 | Sandwich/Kyckling Curry: 2 | Sandwich/Kyckling Pestoröra: 2 | Sandwich/Räkor: 3 | Sandwich/Ägg & Avocadokräm: 1
Uppsala Rutt,ICA SAMköp,Tuesday,28.0,17~34,24,Baguette/Kyckling Curry: 1 | Baguette/Ost & Skinka: 1 | Baguette/Salami & Brieost: 1 | Baguette/Skagen: 1 | Fralla/Ost & Skinka: 1 | Fralla/Ost: 1 | Hönökaka/Ost & Salami: 1 | Hönökaka/Ost & Skinka: 1 | Hönökaka/Ost: 1 | Pastasallad/Bacon & Kyckling: 2 | Pastasallad/Kyckling & Salladsost: 2 | Pastasallad/Kyckling mangocurry: 2 | Pastasallad/Ost & Skinka: 1 | Pastasallad/Räkor: 2 | Sandwich/Bacon & Äggröra: 1 | Sandwich/Clubsandwich: 1 | Sandwich/Kyckling Curry: 1 | Sandwich/Kyckling Pestoröra: 1 | Sandwich/Räkor: 1 | Wraps/Caesar Kyckling: 1 | Wraps/Kyckling Bacon: 1 | Wraps/Wrap Curry Oumph!: 1 | XL Frallor/Grovfralla Kalkon & Färskost: 1 | XL Frallor/Ost & Skinka: 1
Uppsala Rutt,ICA Storvreta,Tuesday,1.0,0~1,1,Pastasallad/Kyckling mangocurry: 1
Uppsala Rutt,ICA Sävja,Tuesday,22.0,12~23,19,Baguette/Kyckling Curry: 1 | Baguette/Ost & Skinka: 1 | Baguette/Salami & Brieost: 1 | Baguette/Skagen: 1 | Fralla/Ost & Skinka: 2 | Fralla/Ost: 2 | Hönökaka/Ost & Salami: 1 | Hönökaka/Ost & Skinka: 1 | Hönökaka/Ost: 1 | Pastasallad/Bacon & Kyckling: 1 | Pastasallad/Kyckling & Salladsost: 1 | Pastasallad/Kyckling mangocurry: 2 | Pastasallad/Räkor: 1 | Sandwich/Bacon & Äggröra: 1 | Sandwich/Clubsandwich: 1 | Sandwich/Kyckling Curry: 1 | Sandwich/Räkor: 1 | Wraps/Kyckling Curry: 1 | Wraps/Sweet Chili: 1
Uppsala Rutt,ICA Torgkassen,Tuesday,43.0,36~52,13,Baguette/Kyckling Curry: 2 | Baguette/Skagen: 3 | Fralla/Ost & Skinka: 5 | Fralla/Ost: 4 | Hönökaka/Ost & Salami: 6 | Hönökaka/Ost: 5 | Pastasallad/Kyckling mangocurry: 6 | Räkmacka Liten/Räkmacka liten: 2 | Sandwich/Räkor: 6 | Sandwich/Ägg & Avocadokräm: 1 | Varmrätt/Cevapcici med bulgur: 1 | Varmrätt/Teriyakibiff med ris: 1 | Varmrätt/Teriyakikycklingfile med basmatiris: 1
Uppsala Rutt,ICA Vretgränd,Tuesday,49.0,40~62,29,Baguette/Kyckling Curry: 1 | Baguette/Kyckling Sweet Chili: 1 | Baguette/Ost & Skinka: 1 | Baguette/Salami & Brieost: 1 | Baguette/Skagen: 1 | Fralla/Ost & Skinka: 4 | Fralla/Ost: 4 | Hönökaka/Ost & Salami: 2 | Hönökaka/Ost & Skinka: 3 | Hönökaka/Ost: 2 | Pastasallad/Bacon & Kyckling: 2 | Pastasallad/Kyckling & Salladsost: 2 | Pastasallad/Kyckling mangocurry: 3 | Pastasallad/Ost & Skinka: 2 | Pastasallad/Räkor: 2 | Sandwich/Bacon & Äggröra: 1 | Sandwich/Clubsandwich: 1 | Sandwich/Kyckling Curry: 1 | Sandwich/Räkor: 1 | Sandwich/Ägg & Avocadokräm: 1 | Varmrätt/Cevapcici med bulgur: 1 | Varmrätt/Kyckling-och böngryta: 1 | Wraps/Caesar Kyckling: 2 | Wraps/Kyckling Bacon: 2 | Wraps/Sweet Chili: 1 | Wraps/Wrap Curry Oumph!: 2 | XL Frallor/Grovfralla Kalkon & Färskost: 1 | XL Frallor/Ost & Skinka: 2 | XL Frallor/Ost: 1
Uppsala Rutt,Myway Råbyvägen,Tuesday,9.0,3~12,9,Baguette/Kyckling Curry: 1 | Baguette/Skagen: 1 | Fralla/Ost: 1 | Hönökaka/Ost: 1 | Sandwich/Kyckling Curry: 1 | Sandwich/Kyckling Pestoröra: 1 | Sandwich/Räkor: 1 | Wraps/Kyckling Curry: 1 | Wraps/Sweet Chili: 1
Uppsala Rutt,Nelins,Tuesday,42.0,32~48,26,Baguette/Kyckling Curry: 1 | Baguette/Ost & Skinka: 1 | Baguette/Salami & Brieost: 1 | Baguette/Skagen: 2 | Fralla/Ost & Skinka: 2 | Fralla/Ost: 2 | Grönsallad/Caesarsallad: 1 | Hönökaka/Ost & Salami: 1 | Hönökaka/Ost & Skinka: 2 | Hönökaka/Ost: 2 | Pastasallad/Bacon & Kyckling: 1 | Pastasallad/Kyckling & Salladsost: 2 | Pastasallad/Kyckling mangocurry: 3 | Pastasallad/Ost & Skinka: 2 | Pastasallad/Räkor: 2 | Sandwich/Bacon & Äggröra: 2 | Sandwich/Clubsandwich: 2 | Sandwich/Kyckling Curry: 1 | Sandwich/Räkor: 2 | Wraps/Caesar Kyckling: 2 | Wraps/Kyckling Bacon: 2 | Wraps/Kyckling Curry: 2 | Wraps/Sweet Chili: 1 | Wraps/Wrap Curry Oumph!: 1 | XL Frallor/Grovfralla Kalkon & Färskost: 1 | XL Frallor/Ost & Skinka: 1
Uppsala Rutt,Coop Ekeby,Wednesday,2.0,2~2,2,Fralla/Ost & Skinka: 1 | Pastasallad/Kyckling mangocurry: 1
Uppsala Rutt,Coop Luthagen,Wednesday,2.0,1~2,2,Fralla/Ost & Skinka: 1 | Pastasallad/Kyckling mangocurry: 1
Uppsala Rutt,Coop Stationsgallerian,Wednesday,41.0,36~47,26,Baguette/Kyckling Curry: 1 | Baguette/Kyckling Sweet Chili: 1 | Baguette/Ost & Skinka: 1 | Baguette/Salami & Brieost: 1 | Baguette/Skagen: 2 | Fralla/Ost & Skinka: 5 | Fralla/Ost: 3 | Hönökaka/Ost & Salami: 2 | Hönökaka/Ost & Skinka: 2 | Hönökaka/Ost: 2 | Pastasallad/Kyckling & Salladsost: 1 | Pastasallad/Kyckling mangocurry: 1 | Pastasallad/Räkor: 1 | Sandwich/Bacon & Äggröra: 1 | Sandwich/Clubsandwich: 1 | Sandwich/Kyckling Curry: 1 | Sandwich/Kyckling Pestoröra: 1 | Sandwich/Räkor: 1 | Wraps/Caesar Kyckling: 2 | Wraps/Kyckling Bacon: 2 | Wraps/Kyckling Curry: 2 | Wraps/Sweet Chili: 2 | Wraps/Wrap Curry Oumph!: 1 | XL Frallor/Grovfralla Kalkon & Färskost: 1 | XL Frallor/Ost & Skinka: 2 | XL Frallor/Ost: 1
Uppsala Rutt,Coop Storvreta,Wednesday,5.0,3~5,5,Baguette/Ost & Skinka: 1 | Fralla/Ost & Skinka: 1 | Hönökaka/Ost & Skinka: 1 | Pastasallad/Kyckling & Salladsost: 1 | Pastasallad/Kyckling mangocurry: 1
Uppsala Rutt,Dressinen (Tisd & Fre),Wednesday,3.0,2~3,3,Baguette/Kyckling Curry: 1 | Fralla/Ost & Skinka: 1 | Fralla/Ost: 1
Uppsala Rutt,ICA Brantingstorg,Wednesday,12.0,7~13,12,Fralla/Ost & Skinka: 1 | Fralla/Ost: 1 | Pastasallad/Bacon & Kyckling: 1 | Pastasallad/Kyckling & Salladsost: 1 | Pastasallad/Kyckling mangocurry: 1 | Pastasallad/Räkor: 1 | Sandwich/Kyckling Curry: 1 | Sandwich/Kyckling Pestoröra: 1 | Sandwich/Räkor: 1 | Wraps/Caesar Kyckling: 1 | Wraps/Kyckling Bacon: 1 | Wraps/Sweet Chili: 1
Uppsala Rutt,ICA Hörnan,Wednesday,3.0,2~3,3,Fralla/Ost & Skinka: 1 | Pastasallad/Kyckling & Salladsost: 1 | Pastasallad/Kyckling mangocurry: 1
Uppsala Rutt,ICA Luthagen,Wednesday,10.0,7~11,10,Pastasallad/Bacon & Kyckling: 1 | Pastasallad/Kyckling & Salladsost: 1 | Pastasallad/Kyckling mangocurry: 1 | Pastasallad/Ost & Skinka: 1 | Pastasallad/Räkor: 1 | Sandwich/Bacon & Äggröra: 1 | Sandwich/Clubsandwich: 1 | Sandwich/Kyckling Curry: 1 | Sandwich/Kyckling Pestoröra: 1 | Sandwich/Räkor: 1
Uppsala Rutt,ICA SAMköp,Wednesday,4.0,2~4,4,Pastasallad/Bacon & Kyckling: 1 | Pastasallad/Kyckling & Salladsost: 1 | Pastasallad/Kyckling mangocurry: 1 | Pastasallad/Räkor: 1
Uppsala Rutt,ICA Sävja,Wednesday,3.0,3~3,3,Fralla/Ost & Skinka: 1 | Fralla/Ost: 1 | Pastasallad/Kyckling mangocurry: 1
Uppsala Rutt,ICA Torgkassen,Wednesday,14.0,14~18,9,Baguette/Kyckling Curry: 1 | Baguette/Skagen: 1 | Fralla/Ost & Skinka: 2 | Fralla/Ost: 1 | Hönökaka/Ost & Salami: 2 | Hönökaka/Ost: 2 | Pastasallad/Kyckling mangocurry: 2 | Räkmacka Liten/Räkmacka liten: 1 | Sandwich/Räkor: 2
Uppsala Rutt,ICA Vretgränd,Wednesday,15.0,11~16,14,Fralla/Ost & Skinka: 2 | Fralla/Ost: 1 | Hönökaka/Ost & Salami: 1 | Hönökaka/Ost & Skinka: 1 | Hönökaka/Ost: 1 | Pastasallad/Bacon & Kyckling: 1 | Pastasallad/Kyckling & Salladsost: 1 | Pastasallad/Kyckling mangocurry: 1 | Pastasallad/Ost & Skinka: 1 | Pastasallad/Räkor: 1 | Wraps/Caesar Kyckling: 1 | Wraps/Kyckling Bacon: 1 | Wraps/Wrap Curry Oumph!: 1 | XL Frallor/Ost & Skinka: 1
Uppsala Rutt,Nelins,Wednesday,15.0,9~15,15,Baguette/Skagen: 1 | Fralla/Ost & Skinka: 1 | Fralla/Ost: 1 | Hönökaka/Ost & Skinka: 1 | Hönökaka/Ost: 1 | Pastasallad/Kyckling & Salladsost: 1 | Pastasallad/Kyckling mangocurry: 1 | Pastasallad/Ost & Skinka: 1 | Pastasallad/Räkor: 1 | Sandwich/Bacon & Äggröra: 1 | Sandwich/Clubsandwich: 1 | Sandwich/Räkor: 1 | Wraps/Caesar Kyckling: 1 | Wraps/Kyckling Bacon: 1 | Wraps/Kyckling Curry: 1
Uppsala Rutt,Coop Ekeby,Thursday,47.19999999999999,35~54,28,Baguette/Kyckling Curry: 1 | Baguette/Ost & Skinka: 2 | Baguette/Salami & Brieost: 1 | Baguette/Skagen: 1 | Fralla/Ost & Skinka: 4 | Fralla/Ost: 0 | Hönökaka/Ost & Skinka: 0 | Hönökaka/Ost: 2 | Pastasallad/Bacon & Kyckling: 2 | Pastasallad/Kyckling & Salladsost: 1 | Pastasallad/Kyckling mangocurry: 2 | Pastasallad/Räkor: 1 | Sandwich/Bacon & Äggröra: 2 | Sandwich/Clubsandwich: 2 | Sandwich/Kyckling Curry: 0 | Sandwich/Räkor: 2 | Sandwich/Ägg & Avocadokräm: 1 | Varmrätt/Cevapcici med bulgur: 1 | Varmrätt/Kyckling-och böngryta: 1 | Varmrätt/Teriyakibiff med ris: 1 | Varmrätt/Teriyakikycklingfile med basmatiris: 1 | Wraps/Caesar Kyckling: 2 | Wraps/Kyckling Bacon: 0 | Wraps/Kyckling Curry: 0 | Wraps/Sweet Chili: 0 | Wraps/Wrap Curry Oumph!: 2 | XL Frallor/Grovfralla Kalkon & Färskost: 1 | XL Frallor/Ost & Skinka: 1
Uppsala Rutt,Coop Luthagen,Thursday,46.79999999999999,34~58,31,Baguette/Kyckling Curry: 2 | Baguette/Kyckling Sweet Chili: 1 | Baguette/Salami & Brieost: 2 | Baguette/Skagen: 2 | Fralla/Ost & Skinka: 1 | Fralla/Ost: 1 | Hönökaka/Ost & Salami: 0 | Hönökaka/Ost & Skinka: 2 | Hönökaka/Ost: 0 | Pastasallad/Bacon & Kyckling: 0 | Pastasallad/Kyckling & Salladsost: 1 | Pastasallad/Kyckling mangocurry: 1 | Pastasallad/Ost & Skinka: 2 | Pastasallad/Räkor: 0 | Sandwich/Bacon & Äggröra: 0 | Sandwich/Clubsandwich: 2 | Sandwich/Kyckling Curry: 0 | Sandwich/Kyckling Pestoröra: 1 | Sandwich/Räkor: 2 | Sandwich/Ägg & Avocadokräm: 0 | Varmrätt/Cevapcici med bulgur: 1 | Varmrätt/Kyckling-och böngryta: 1 | Varmrätt/Pannbiff med Basmatiris: 1 | Varmrätt/Teriyakibiff med ris: 1 | Wraps/Caesar Kyckling: 2 | Wraps/Kyckling Bacon: 2 | Wraps/Sweet Chili: 2 | Wraps/Wrap Curry Oumph!: 2 | XL Frallor/Grovfralla Kalkon & Färskost: 0 | XL Frallor/Ost & Skinka: 0 | XL Frallor/Ost: 1
Uppsala Rutt,Coop Stationsgallerian,Thursday,148.19999999999996,119~193,33,Baguette/Kyckling Curry: 2 | Baguette/Kyckling Sweet Chili: 2 | Baguette/Ost & Skinka: 2 | Baguette/Salami & Brieost: 4 | Baguette/Skagen: 6 | Fralla/Ost & Skinka: 18 | Fralla/Ost: 12 | Hönökaka/Ost & Salami: 6 | Hönökaka/Ost & Skinka: 5 | Hönökaka/Ost: 5 | Pastasallad/Bacon & Kyckling: 1 | Pastasallad/Kyckling & Salladsost: 2 | Pastasallad/Kyckling mangocurry: 4 | Pastasallad/Ost & Skinka: 1 | Pastasallad/Räkor: 1 | Sandwich/Bacon & Äggröra: 5 | Sandwich/Clubsandwich: 4 | Sandwich/Kyckling Curry: 4 | Sandwich/Kyckling Pestoröra: 1 | Sandwich/Räkor: 4 | Sandwich/Ägg & Avocadokräm: 2 | Varmrätt/Cevapcici med bulgur: 0 | Varmrätt/Kyckling-och böngryta: 0 | Varmrätt/Teriyakibiff med ris: 2 | Wraps/Caesar Kyckling: 7 | Wraps/Kyckling Bacon: 9 | Wraps/Kyckling Curry: 9 | Wraps/Kycklingsallad Olivie: 1 | Wraps/Sweet Chili: 6 | Wraps/Wrap Curry Oumph!: 1 | XL Frallor/Grovfralla Kalkon & Färskost: 1 | XL Frallor/Ost & Skinka: 6 | XL Frallor/Ost: 1
Uppsala Rutt,Coop Storvreta,Thursday,37.999999999999986,35~52,23,Baguette/Kyckling Curry: 0 | Baguette/Ost & Skinka: 1 | Baguette/Salami & Brieost: 1 | Baguette/Skagen: 1 | Fralla/Ost & Skinka: 2 | Fralla/Ost: 1 | Hönökaka/Ost & Skinka: 1 | Hönökaka/Ost: 2 | Pastasallad/Kyckling & Salladsost: 2 | Pastasallad/Kyckling mangocurry: 1 | Pastasallad/Ost & Skinka: 1 | Pastasallad/Räkor: 2 | Sandwich/Clubsandwich: 2 | Sandwich/Kyckling Curry: 1 | Sandwich/Räkor: 1 | Sandwich/Ägg & Avocadokräm: 2 | Wraps/Caesar Kyckling: 1 | Wraps/Kyckling Bacon: 2 | Wraps/Kyckling Curry: 1 | Wraps/Sweet Chili: 1 | XL Frallor/Grovfralla Kalkon & Färskost: 0 | XL Frallor/Ost & Skinka: 1 | XL Frallor/Ost: 0
Uppsala Rutt,Coop Sunnersta,Thursday,29.599999999999994,26~40,25,Baguette/Kyckling Curry: 1 | Baguette/Kyckling Sweet Chili: 1 | Baguette/Ost & Skinka: 1 | Baguette/Salami & Brieost: 1 | Fralla/Ost & Skinka: 1 | Fralla/Ost: 2 | Hönökaka/Ost & Skinka: 0 | Hönökaka/Ost: 0 | Pastasallad/Bacon & Kyckling: 0 | Pastasallad/Kyckling & Salladsost: 0 | Pastasallad/Kyckling kebab: 1 | Pastasallad/Kyckling mangocurry: 2 | Pastasallad/Ost & Skinka: 0 | Pastasallad/Räkor: 0 | Sandwich/Bacon & Äggröra: 0 | Sandwich/Kyckling Curry: 0 | Sandwich/Kyckling Pestoröra: 1 | Sandwich/Räkor: 0 | Sandwich/Ägg & Avocadokräm: 0 | Wraps/Caesar Kyckling: 1 | Wraps/Kyckling Bacon: 0 | Wraps/Kyckling Curry: 0 | Wraps/Sweet Chili: 1 | XL Frallor/Ost & Skinka: 1 | XL Frallor/Ost: 1
Uppsala Rutt,Coop Västertorg,Thursday,32.39999999999999,23~35,21,Baguette/Kyckling Curry: 2 | Baguette/Ost & Skinka: 0 | Baguette/Salami & Brieost: 1 | Baguette/Skagen: 2 | Fralla/Ost & Skinka: 1 | Fralla/Ost: 1 | Pastasallad/Bacon & Kyckling: 2 | Pastasallad/Falafel: 0 | Pastasallad/Kyckling & Salladsost: 2 | Pastasallad/Kyckling kebab: 0 | Pastasallad/Kyckling mangocurry: 2 | Sandwich/Clubsandwich: 1 | Sandwich/Kyckling Curry: 1 | Sandwich/Kyckling Pestoröra: 1 | Sandwich/Räkor: 0 | Sandwich/Ägg & Avocadokräm: 0 | Wraps/Caesar Kyckling: 2 | Wraps/Kyckling Bacon: 2 | Wraps/Sweet Chili: 1 | Wraps/Wrap Curry Oumph!: 1 | XL Frallor/Grovfralla Kalkon & Färskost: 1
Uppsala Rutt,Dressinen (Tisd & Fre),Thursday,8.199999999999996,6~15,5,Baguette/Kyckling Curry: 1 | Baguette/Ost & Skinka: 2 | Baguette/Skagen: 2 | Fralla/Ost & Skinka: 1 | Fralla/Ost: 1
Uppsala Rutt,Flogsta Närlivs,Thursday,23.2,17~18,17,Baguette/Kyckling Curry: 1 | Baguette/Salami & Brieost: 1 | Baguette/Skagen: 1 | Fralla/Ost: 0 | Hönökaka/Ost & Skinka: 1 | Hönökaka/Ost: 1 | Pastasallad/Bacon & Kyckling: 1 | Pastasallad/Kyckling & Salladsost: 1 | Pastasallad/Kyckling kebab: 1 | Sandwich/Clubsandwich: 1 | Sandwich/Kyckling Curry: 1 | Sandwich/Räkor: 1 | Varmrätt/Teriyakikycklingfile med basmatiris: 1 | Wraps/Caesar Kyckling: 1 | Wraps/Kyckling Curry: 1 | Wraps/Kycklingsallad Olivie: 1 | XL Frallor/Ost: 1
Uppsala Rutt,Handlarn Uppsala,Thursday,19.599999999999998,14~14,14,Baguette/Kyckling Curry: 1 | Baguette/Salami & Brieost: 1 | Baguette/Skagen: 1 | Pastasallad/Bacon & Kyckling: 1 | Pastasallad/Kyckling & Salladsost: 1 | Pastasallad/Kyckling mangocurry: 1 | Pastasallad/Räkor: 1 | Sandwich/Clubsandwich: 1 | Sandwich/Kyckling Curry: 1 | Sandwich/Kyckling Pestoröra: 1 | Sandwich/Räkor: 1 | Wraps/Caesar Kyckling: 1 | Wraps/Kyckling Curry: 1 | Wraps/Sweet Chili: 1
Uppsala Rutt,ICA Brantingstorg,Thursday,53.79999999999998,48~81,31,Baguette/Kyckling Curry: 2 | Baguette/Kyckling Sweet Chili: 2 | Baguette/Ost & Skinka: 2 | Baguette/Salami & Brieost: 2 | Baguette/Skagen: 1 | Fralla/Ost & Skinka: 2 | Fralla/Ost: 1 | Hönökaka/Ost & Salami: 1 | Hönökaka/Ost & Skinka: 2 | Hönökaka/Ost: 2 | Pastasallad/Bacon & Kyckling: 1 | Pastasallad/Falafel: 1 | Pastasallad/Kyckling & Salladsost: 2 | Pastasallad/Kyckling kebab: 0 | Pastasallad/Kyckling mangocurry: 4 | Pastasallad/Ost & Skinka: 1 | Pastasallad/Räkor: 2 | Sandwich/Bacon & Äggröra: 1 | Sandwich/Clubsandwich: 1 | Sandwich/Kyckling Curry: 1 | Sandwich/Kyckling Pestoröra: 1 | Sandwich/Räkor: 1 | Sandwich/Ägg & Avocadokräm: 1 | Wraps/Caesar Kyckling: 1 | Wraps/Kyckling Bacon: 1 | Wraps/Kyckling Curry: 0 | Wraps/Sweet Chili: 1 | Wraps/Wrap Curry Oumph!: 2 | XL Frallor/Grovfralla Kalkon & Färskost: 0 | XL Frallor/Ost & Skinka: 0 | XL Frallor/Ost: 2
Uppsala Rutt,ICA Hörnan,Thursday,43.79999999999999,36~58,28,Baguette/Kyckling Curry: 2 | Baguette/Ost & Skinka: 1 | Baguette/Salami & Brieost: 1 | Baguette/Skagen: 1 | Fralla/Ost & Skinka: 1 | Fralla/Ost: 1 | Hönökaka/Ost & Salami: 0 | Hönökaka/Ost & Skinka: 2 | Hönökaka/Ost: 1 | Pastasallad/Bacon & Kyckling: 2 | Pastasallad/Kyckling & Salladsost: 1 | Pastasallad/Kyckling kebab: 0 | Pastasallad/Kyckling mangocurry: 1 | Pastasallad/Räkor: 1 | Sandwich/Bacon & Äggröra: 1 | Sandwich/Clubsandwich: 1 | Sandwich/Kyckling Curry: 0 | Sandwich/Kyckling Pestoröra: 0 | Sandwich/Räkor: 2 | Sandwich/Ägg & Avocadokräm: 1 | Wraps/Caesar Kyckling: 2 | Wraps/Kyckling Bacon: 2 | Wraps/Kyckling Curry: 0 | Wraps/Sweet Chili: 2 | Wraps/Wrap Curry Oumph!: 2 | XL Frallor/Grovfralla Kalkon & Färskost: 1 | XL Frallor/Ost & Skinka: 2 | XL Frallor/Ost: 0
Uppsala Rutt,ICA Luthagen,Thursday,27.999999999999993,23~42,11,Pastasallad/Bacon & Kyckling: 4 | Pastasallad/Kyckling & Salladsost: 3 | Pastasallad/Kyckling mangocurry: 4 | Pastasallad/Ost & Skinka: 4 | Pastasallad/Räkor: 1 | Sandwich/Bacon & Äggröra: 1 | Sandwich/Clubsandwich: 1 | Sandwich/Kyckling Curry: 1 | Sandwich/Kyckling Pestoröra: 1 | Sandwich/Räkor: 3 | Sandwich/Ägg & Avocadokräm: 2
Uppsala Rutt,ICA SAMköp,Thursday,43.59999999999999,36~59,28,Baguette/Kyckling Curry: 1 | Baguette/Kyckling Sweet Chili: 1 | Baguette/Ost & Skinka: 2 | Baguette/Salami & Brieost: 0 | Baguette/Skagen: 1 | Fralla/Ost & Skinka: 1 | Fralla/Ost: 2 | Hönökaka/Ost & Salami: 0 | Hönökaka/Ost & Skinka: 0 | Hönökaka/Ost: 2 | Pastasallad/Bacon & Kyckling: 1 | Pastasallad/Kyckling & Salladsost: 2 | Pastasallad/Kyckling mangocurry: 4 | Pastasallad/Ost & Skinka: 2 | Pastasallad/Räkor: 1 | Sandwich/Bacon & Äggröra: 2 | Sandwich/Clubsandwich: 2 | Sandwich/Kyckling Curry: 2 | Sandwich/Kyckling Pestoröra: 0 | Sandwich/Räkor: 1 | Sandwich/Ägg & Avocadokräm: 1 | Wraps/Caesar Kyckling: 0 | Wraps/Kyckling Bacon: 0 | Wraps/Kyckling Curry: 1 | Wraps/Sweet Chili: 1 | Wraps/Wrap Curry Oumph!: 0 | XL Frallor/Grovfralla Kalkon & Färskost: 0 | XL Frallor/Ost & Skinka: 0
Uppsala Rutt,ICA Storvreta,Thursday,2.1999999999999997,2~3,2,Pastasallad/Kyckling mangocurry: 0 | Sandwich/Clubsandwich: 1
Uppsala Rutt,ICA Sävja,Thursday,28.19999999999999,21~45,20,Baguette/Kyckling Curry: 0 | Baguette/Ost & Skinka: 0 | Baguette/Salami & Brieost: 0 | Baguette/Skagen: 0 | Fralla/Ost & Skinka: 2 | Fralla/Ost: 1 | Hönökaka/Ost & Salami: 2 | Hönökaka/Ost & Skinka: 2 | Hönökaka/Ost: 0 | Pastasallad/Bacon & Kyckling: 2 | Pastasallad/Kyckling & Salladsost: 2 | Pastasallad/Kyckling mangocurry: 1 | Pastasallad/Räkor: 2 | Sandwich/Bacon & Äggröra: 0 | Sandwich/Clubsandwich: 2 | Sandwich/Kyckling Curry: 0 | Sandwich/Räkor: 0 | Wraps/Caesar Kyckling: 1 | Wraps/Kyckling Curry: 0 | Wraps/Sweet Chili: 0
Uppsala Rutt,ICA Torgkassen,Thursday,59.999999999999986,48~75,13,Baguette/Kyckling Curry: 1 | Baguette/Skagen: 4 | Fralla/Ost & Skinka: 7 | Fralla/Ost: 4 | Hönökaka/Ost & Salami: 7 | Hönökaka/Ost: 7 | Pastasallad/Kyckling mangocurry: 9 | Räkmacka Liten/Räkmacka liten: 4 | Sandwich/Räkor: 6 | Sandwich/Ägg & Avocadokräm: 1 | Varmrätt/Cevapcici med bulgur: 0 | Varmrätt/Teriyakibiff med ris: 2 | Varmrätt/Teriyakikycklingfile med basmatiris: 2
Uppsala Rutt,ICA Vretgränd,Thursday,69.59999999999998,57~96,34,Baguette/Kyckling Curry: 2 | Baguette/Kyckling Sweet Chili: 2 | Baguette/Ost & Skinka: 2 | Baguette/Salami & Brieost: 1 | Baguette/Skagen: 1 | Fralla/Ost & Skinka: 5 | Fralla/Ost: 4 | Hönökaka/Ost & Salami: 1 | Hönökaka/Ost & Skinka: 3 | Hönökaka/Ost: 1 | Pastasallad/Bacon & Kyckling: 2 | Pastasallad/Kyckling & Salladsost: 4 | Pastasallad/Kyckling mangocurry: 3 | Pastasallad/Ost & Skinka: 1 | Pastasallad/Räkor: 4 | Sandwich/Bacon & Äggröra: 2 | Sandwich/Clubsandwich: 1 | Sandwich/Kyckling Curry: 1 | Sandwich/Kyckling Pestoröra: 1 | Sandwich/Räkor: 2 | Sandwich/Ägg & Avocadokräm: 0 | Varmrätt/Cevapcici med bulgur: 0 | Varmrätt/Kyckling-och böngryta: 0 | Varmrätt/Pannbiff med Basmatiris: 1 | Varmrätt/Teriyakibiff med ris: 1 | Wraps/Caesar Kyckling: 1 | Wraps/Kyckling Bacon: 1 | Wraps/Kyckling Curry: 1 | Wraps/Kycklingsallad Olivie: 1 | Wraps/Sweet Chili: 2 | Wraps/Wrap Curry Oumph!: 1 | XL Frallor/Grovfralla Kalkon & Färskost: 1 | XL Frallor/Ost & Skinka: 1 | XL Frallor/Ost: 1
Uppsala Rutt,Myway Råbyvägen,Thursday,9.599999999999998,12~18,9,Baguette/Kyckling Curry: 0 | Baguette/Skagen: 1 | Fralla/Ost: 1 | Hönökaka/Ost: 1 | Sandwich/Kyckling Curry: 0 | Sandwich/Kyckling Pestoröra: 0 | Sandwich/Räkor: 0 | Wraps/Kyckling Curry: 0 | Wraps/Sweet Chili: 0
Uppsala Rutt,Nelins,Thursday,52.19999999999998,45~83,31,Baguette/Kyckling Curry: 0 | Baguette/Ost & Skinka: 2 | Baguette/Salami & Brieost: 2 | Baguette/Skagen: 2 | Fralla/Ost & Skinka: 1 | Fralla/Ost: 1 | Grönsallad/Caesarsallad: 2 | Hönökaka/Ost & Salami: 0 | Hönökaka/Ost & Skinka: 1 | Hönökaka/Ost: 1 | Pastasallad/Bacon & Kyckling: 1 | Pastasallad/Kyckling & Salladsost: 2 | Pastasallad/Kyckling mangocurry: 5 | Pastasallad/Ost & Skinka: 1 | Pastasallad/Räkor: 2 | Sandwich/Bacon & Äggröra: 1 | Sandwich/Clubsandwich: 1 | Sandwich/Kyckling Curry: 2 | Sandwich/Räkor: 1 | Varmrätt/Cevapcici med bulgur: 1 | Varmrätt/Kyckling-och böngryta: 1 | Varmrätt/Teriyakibiff med ris: 1 | Varmrätt/Teriyakikycklingfile med basmatiris: 1 | Wraps/Caesar Kyckling: 1 | Wraps/Kyckling Bacon: 1 | Wraps/Kyckling Curry: 1 | Wraps/Sweet Chili: 1 | Wraps/Wrap Curry Oumph!: 2 | XL Frallor/Grovfralla Kalkon & Färskost: 0 | XL Frallor/Ost & Skinka: 2 | XL Frallor/Ost: 1
Uppsala Rutt,Skafferiet L&T,Thursday,19.599999999999998,14~14,14,Baguette/Kyckling Curry: 1 | Baguette/Salami & Brieost: 1 | Baguette/Skagen: 1 | Fralla/Ost & Skinka: 1 | Fralla/Ost: 1 | Glutenfri Frallor/Glutenfri Pumpafralla Kalkon & Färskost(endast söndagsbeställning): 1 | Pastasallad/Kyckling mangocurry: 1 | Pastasallad/Räkor: 1 | Varmrätt/Kyckling-och böngryta: 1 | Varmrätt/Kycklingspett med ris: 1 | Varmrätt/Teriyakibiff med ris: 1 | Varmrätt/Teriyakikycklingfile med basmatiris: 1 | Wraps/Caesar Kyckling: 1 | Wraps/Kyckling Bacon: 1
Västerås,Coop Karlfeldtsplatsen,Sunday,23.0,20~39,19,Baguette/Kyckling Curry: 1 | Baguette/Salami & Brieost: 1 | Baguette/Skagen: 1 | Fralla/Ost & Skinka: 1 | Fralla/Ost: 1 | Hönökaka/Ost & Salami: 1 | Hönökaka/Ost & Skinka: 1 | Hönökaka/Ost: 1 | Pastasallad/Kyckling & Salladsost: 2 | Pastasallad/Kyckling mangocurry: 2 | Pastasallad/Räkor: 1 | Sandwich/Clubsandwich: 1 | Sandwich/Kyckling Curry: 2 | Sandwich/Räkor: 2 | Wraps/Caesar Kyckling: 1 | Wraps/Kyckling Bacon: 1 | Wraps/Kyckling Curry: 1 | Wraps/Sweet Chili: 1 | XL Frallor/Ost & Skinka: 1
Västerås,Coop Pilgatan,Sunday,61.0,47~84,30,Baguette/Kyckling Curry: 1 | Baguette/Kyckling Sweet Chili: 2 | Baguette/Ost & Skinka: 1 | Baguette/Salami & Brieost: 2 | Baguette/Skagen: 2 | Fralla/Ost & Skinka: 4 | Fralla/Ost: 4 | Grönsallad/Caesarsallad: 1 | Grönsallad/Kyckling: 1 | Hönökaka/Ost & Salami: 3 | Hönökaka/Ost & Skinka: 3 | Hönökaka/Ost: 3 | Pastasallad/Bacon & Kyckling: 1 | Pastasallad/Kyckling & Salladsost: 3 | Pastasallad/Kyckling kebab: 1 | Pastasallad/Kyckling mangocurry: 4 | Pastasallad/Ost & Skinka: 2 | Pastasallad/Räkor: 3 | Sandwich/Bacon & Äggröra: 1 | Sandwich/Clubsandwich: 2 | Sandwich/Kyckling Curry: 1 | Sandwich/Kyckling Pestoröra: 1 | Sandwich/Räkor: 3 | Wraps/Caesar Kyckling: 2 | Wraps/Kyckling Bacon: 2 | Wraps/Kyckling Curry: 2 | Wraps/Sweet Chili: 2 | XL Frallor/Grovfralla Kalkon & Färskost: 1 | XL Frallor/Ost & Skinka: 2 | XL Frallor/Ost: 1
Västerås,Coop Stjärnan,Sunday,36.0,29~56,25,Baguette/Kyckling Curry: 1 | Baguette/Ost & Skinka: 2 | Baguette/Salami & Brieost: 1 | Baguette/Skagen: 2 | Fralla/Ost & Skinka: 3 | Fralla/Ost: 1 | Grönsallad/Caesarsallad: 1 | Grönsallad/Kyckling: 1 | Hönökaka/Ost & Salami: 1 | Hönökaka/Ost & Skinka: 1 | Hönökaka/Ost: 1 | Pastasallad/Bacon & Kyckling: 1 | Pastasallad/Kyckling & Salladsost: 3 | Pastasallad/Kyckling mangocurry: 3 | Pastasallad/Ost & Skinka: 1 | Pastasallad/Räkor: 2 | Sandwich/Clubsandwich: 1 | Sandwich/Kyckling Curry: 1 | Sandwich/Räkor: 2 | Wraps/Caesar Kyckling: 1 | Wraps/Kyckling Bacon: 1 | Wraps/Kyckling Curry: 1 | Wraps/Sweet Chili: 2 | XL Frallor/Grovfralla Kalkon & Färskost: 1 | XL Frallor/Ost & Skinka: 1
Västerås,Coop Västerås City,Sunday,44.0,39~69,28,Baguette/Kyckling Curry: 1 | Baguette/Ost & Skinka: 1 | Baguette/Salami & Brieost: 2 | Baguette/Skagen: 2 | Fralla/Ost & Skinka: 4 | Fralla/Ost: 4 | Grönsallad/Caesarsallad: 1 | Grönsallad/Kyckling: 1 | Hönökaka/Ost & Salami: 1 | Hönökaka/Ost & Skinka: 3 | Hönökaka/Ost: 3 | Pastasallad/Kyckling & Salladsost: 2 | Pastasallad/Kyckling kebab: 1 | Pastasallad/Kyckling mangocurry: 2 | Pastasallad/Ost & Skinka: 1 | Pastasallad/Räkor: 1 | Sandwich/Clubsandwich: 1 | Sandwich/Kyckling Curry: 1 | Sandwich/Kyckling Pestoröra: 1 | Sandwich/Räkor: 1 | Varmrätt/Kycklingspett med ris: 1 | Wraps/Caesar Kyckling: 1 | Wraps/Kyckling Bacon: 1 | Wraps/Kyckling Curry: 2 | Wraps/Sweet Chili: 1 | XL Frallor/Grovfralla Kalkon & Färskost: 1 | XL Frallor/Ost & Skinka: 2 | XL Frallor/Ost: 1
Västerås,Hemköp City Västerås,Sunday,43.0,35~63,24,Baguette/Kyckling Sweet Chili: 1 | Baguette/Ost & Skinka: 1 | Baguette/Salami & Brieost: 1 | Baguette/Skagen: 1 | Fralla/Ost & Skinka: 5 | Fralla/Ost: 5 | Grönsallad/Kyckling: 1 | Hönökaka/Ost & Salami: 3 | Hönökaka/Ost & Skinka: 3 | Hönökaka/Ost: 1 | Pastasallad/Kyckling & Salladsost: 1 | Pastasallad/Kyckling mangocurry: 2 | Pastasallad/Räkor: 1 | Sandwich/Bacon & Äggröra: 1 | Sandwich/Clubsandwich: 1 | Sandwich/Kyckling Curry: 1 | Sandwich/Räkor: 2 | Wraps/Caesar Kyckling: 2 | Wraps/Kyckling Bacon: 3 | Wraps/Kyckling Curry: 1 | Wraps/Sweet Chili: 2 | XL Frallor/Grovfralla Kalkon & Färskost: 1 | XL Frallor/Ost & Skinka: 2 | XL Frallor/Ost: 1
Västerås,Hemköp Malmaberg,Sunday,61.0,44~79,33,Baguette/Kyckling Curry: 1 | Baguette/Ost & Skinka: 2 | Baguette/Salami & Brieost: 2 | Baguette/Skagen: 2 | Fralla/Ost & Skinka: 3 | Fralla/Ost: 2 | Glutenfri Frallor/Glutenfri Ost & Skinka(endast söndagsbeställning): 1 | Glutenfri Frallor/Glutenfri Ost(endast söndagsbeställning): 1 | Grönsallad/Caesarsallad: 1 | Grönsallad/Kyckling: 2 | Hönökaka/Ost & Salami: 2 | Hönökaka/Ost & Skinka: 3 | Hönökaka/Ost: 3 | Pastasallad/Bacon & Kyckling: 1 | Pastasallad/Kyckling & Salladsost: 4 | Pastasallad/Kyckling kebab: 1 | Pastasallad/Kyckling mangocurry: 4 | Pastasallad/Ost & Skinka: 2 | Pastasallad/Räkor: 3 | Sandwich/Clubsandwich: 2 | Sandwich/Kyckling Curry: 2 | Sandwich/Kyckling Pestoröra: 1 | Sandwich/Räkor: 2 | Sandwich/Ägg & Avocadokräm: 1 | Varmrätt/Cevapcici med bulgur: 1 | Varmrätt/Teriyakikycklingfile med basmatiris: 1 | Wraps/Caesar Kyckling: 1 | Wraps/Kyckling Bacon: 2 | Wraps/Kyckling Curry: 3 | Wraps/Sweet Chili: 2 | XL Frallor/Grovfralla Kalkon & Färskost: 1 | XL Frallor/Ost & Skinka: 1 | XL Frallor/Ost: 1
Västerås,ICA Grytan,Sunday,28.0,21~35,8,Fralla/Ost & Skinka: 7 | Fralla/Ost: 4 | Pastasallad/Bacon & Kyckling: 3 | Pastasallad/Kyckling & Salladsost: 4 | Pastasallad/Kyckling kebab: 2 | Pastasallad/Kyckling mangocurry: 4 | Pastasallad/Ost & Skinka: 1 | Pastasallad/Räkor: 3
Västerås,ICA Hökåsen,Sunday,20.0,17~31,14,Baguette/Ost & Skinka: 1 | Baguette/Salami & Brieost: 1 | Baguette/Skagen: 1 | Grönsallad/Caesarsallad: 1 | Grönsallad/Kyckling: 1 | Pastasallad/Kyckling & Salladsost: 2 | Pastasallad/Kyckling mangocurry: 3 | Pastasallad/Räkor: 3 | Sandwich/Clubsandwich: 1 | Sandwich/Räkor: 1 | Wraps/Caesar Kyckling: 1 | Wraps/Kyckling Bacon: 2 | Wraps/Kyckling Curry: 1 | Wraps/Sweet Chili: 1
Västerås,ICA Råby,Sunday,33.0,27~51,23,Baguette/Kyckling Curry: 1 | Baguette/Salami & Brieost: 1 | Baguette/Skagen: 1 | Fralla/Ost & Skinka: 2 | Fralla/Ost: 2 | Hönökaka/Ost & Salami: 2 | Hönökaka/Ost & Skinka: 2 | Hönökaka/Ost: 2 | Pastasallad/Kyckling & Salladsost: 2 | Pastasallad/Kyckling kebab: 1 | Pastasallad/Kyckling mangocurry: 3 | Pastasallad/Räkor: 2 | Sandwich/Clubsandwich: 1 | Sandwich/Kyckling Curry: 1 | Sandwich/Kyckling Pestoröra: 1 | Sandwich/Räkor: 1 | Wraps/Caesar Kyckling: 1 | Wraps/Kyckling Bacon: 2 | Wraps/Kyckling Curry: 1 | Wraps/Sweet Chili: 1 | XL Frallor/Grovfralla Kalkon & Färskost: 1 | XL Frallor/Ost & Skinka: 1 | XL Frallor/Ost: 1
Västerås,ICA SKiljebo,Sunday,30.0,27~51,22,Baguette/Kyckling Curry: 1 | Baguette/Skagen: 1 | Fralla/Ost & Skinka: 3 | Fralla/Ost: 2 | Grönsallad/Caesarsallad: 1 | Grönsallad/Kyckling: 1 | Hönökaka/Ost & Salami: 1 | Hönökaka/Ost & Skinka: 1 | Hönökaka/Ost: 1 | Pastasallad/Kyckling & Salladsost: 3 | Pastasallad/Kyckling mangocurry: 3 | Pastasallad/Ost & Skinka: 1 | Pastasallad/Räkor: 2 | Sandwich/Clubsandwich: 1 | Sandwich/Kyckling Curry: 1 | Sandwich/Kyckling Pestoröra: 1 | Sandwich/Räkor: 1 | Wraps/Kyckling Bacon: 1 | Wraps/Kyckling Curry: 1 | Wraps/Sweet Chili: 1 | XL Frallor/Grovfralla Kalkon & Färskost: 1 | XL Frallor/Ost & Skinka: 1
Västerås,ICA Viksäng,Sunday,40.0,34~62,27,Baguette/Kyckling Curry: 1 | Baguette/Kyckling Sweet Chili: 1 | Baguette/Salami & Brieost: 1 | Baguette/Skagen: 1 | Fralla/Ost & Skinka: 3 | Fralla/Ost: 2 | Grönsallad/Caesarsallad: 1 | Grönsallad/Kyckling: 1 | Hönökaka/Ost & Salami: 1 | Hönökaka/Ost & Skinka: 1 | Hönökaka/Ost: 1 | Pastasallad/Bacon & Kyckling: 1 | Pastasallad/Kyckling & Salladsost: 3 | Pastasallad/Kyckling kebab: 1 | Pastasallad/Kyckling mangocurry: 3 | Pastasallad/Ost & Skinka: 2 | Pastasallad/Räkor: 2 | Sandwich/Clubsandwich: 2 | Sandwich/Kyckling Curry: 1 | Sandwich/Kyckling Pestoröra: 1 | Sandwich/Räkor: 2 | Wraps/Caesar Kyckling: 1 | Wraps/Kyckling Bacon: 2 | Wraps/Kyckling Curry: 2 | Wraps/Sweet Chili: 1 | XL Frallor/Ost & Skinka: 1 | XL Frallor/Ost: 1
Västerås,ICA Väst,Sunday,62.0,48~86,28,Baguette/Kyckling Curry: 2 | Baguette/Kyckling Sweet Chili: 1 | Baguette/Salami & Brieost: 3 | Baguette/Skagen: 3 | Fralla/Ost & Skinka: 2 | Fralla/Ost: 2 | Grönsallad/Caesarsallad: 1 | Grönsallad/Kyckling: 1 | Hönökaka/Ost & Salami: 1 | Hönökaka/Ost & Skinka: 2 | Hönökaka/Ost: 2 | Pastasallad/Falafel: 1 | Pastasallad/Kyckling & Salladsost: 6 | Pastasallad/Kyckling kebab: 2 | Pastasallad/Kyckling mangocurry: 6 | Pastasallad/Ost & Skinka: 4 | Pastasallad/Räkor: 4 | Sandwich/Bacon & Äggröra: 1 | Sandwich/Clubsandwich: 1 | Sandwich/Kyckling Curry: 2 | Sandwich/Räkor: 1 | Sandwich/Ägg & Avocadokräm: 1 | Wraps/Caesar Kyckling: 3 | Wraps/Kyckling Bacon: 3 | Wraps/Kyckling Curry: 3 | Wraps/Sweet Chili: 2 | XL Frallor/Grovfralla Kalkon & Färskost: 1 | XL Frallor/Ost: 1
Västerås,Stora Coop Enköping,Sunday,110.0,90~147,38,Baguette/Kyckling Curry: 2 | Baguette/Kyckling Sweet Chili: 2 | Baguette/Ost & Skinka: 3 | Baguette/Salami & Brieost: 5 | Baguette/Skagen: 5 | Fralla/Ost & Skinka: 6 | Fralla/Ost: 5 | Glutenfri Frallor/Glutenfri Ost & Skinka(endast söndagsbeställning): 1 | Glutenfri Frallor/Glutenfri Ost(endast söndagsbeställning): 1 | Grönsallad/Caesarsallad: 2 | Grönsallad/Kyckling: 1 | Hönökaka/Ost & Salami: 3 | Hönökaka/Ost & Skinka: 3 | Hönökaka/Ost: 4 | Pastasallad/Bacon & Kyckling: 1 | Pastasallad/Falafel: 1 | Pastasallad/Kyckling & Salladsost: 5 | Pastasallad/Kyckling kebab: 1 | Pastasallad/Kyckling mangocurry: 5 | Pastasallad/Ost & Skinka: 3 | Pastasallad/Räkor: 4 | Sandwich/Bacon & Äggröra: 2 | Sandwich/Clubsandwich: 3 | Sandwich/Kyckling Curry: 3 | Sandwich/Kyckling Pestoröra: 2 | Sandwich/Räkor: 3 | Sandwich/Ägg & Avocadokräm: 1 | Varmrätt/Cevapcici med bulgur: 1 | Varmrätt/Teriyakikycklingfile med basmatiris: 1 | Wraps/Caesar Kyckling: 5 | Wraps/Kyckling Bacon: 5 | Wraps/Kyckling Curry: 5 | Wraps/Kycklingsallad Olivie: 2 | Wraps/Sweet Chili: 5 | Wraps/Wrap Curry Oumph!: 2 | XL Frallor/Grovfralla Kalkon & Färskost: 2 | XL Frallor/Ost & Skinka: 3 | XL Frallor/Ost: 2
Västerås,Tempo skallberget,Sunday,7.0,7~14,7,Baguette/Kyckling Curry: 1 | Fralla/Ost & Skinka: 1 | Fralla/Ost: 1 | Hönökaka/Ost & Skinka: 1 | Hönökaka/Ost: 1 | Pastasallad/Kyckling mangocurry: 1 | Sandwich/Räkor: 1
Västerås,X-tra Bangatan,Sunday,16.0,16~32,16,Baguette/Salami & Brieost: 1 | Baguette/Skagen: 1 | Fralla/Ost & Skinka: 1 | Fralla/Ost: 1 | Grönsallad/Caesarsallad: 1 | Hönökaka/Ost: 1 | Pastasallad/Kyckling mangocurry: 1 | Pastasallad/Ost & Skinka: 1 | Sandwich/Bacon & Äggröra: 1 | Sandwich/Clubsandwich: 1 | Sandwich/Kyckling Curry: 1 | Sandwich/Räkor: 1 | Wraps/Caesar Kyckling: 1 | Wraps/Kyckling Bacon: 1 | Wraps/Kyckling Curry: 1 | Wraps/Sweet Chili: 1
Västerås,X-tra Stengatan,Sunday,22.0,20~40,20,Baguette/Kyckling Curry: 2 | Baguette/Ost & Skinka: 1 | Baguette/Skagen: 1 | Fralla/Ost & Skinka: 1 | Fralla/Ost: 1 | Grönsallad/Kyckling: 1 | Hönökaka/Ost & Salami: 1 | Hönökaka/Ost & Skinka: 1 | Hönökaka/Ost: 1 | Pastasallad/Kyckling & Salladsost: 1 | Pastasallad/Kyckling mangocurry: 2 | Pastasallad/Ost & Skinka: 1 | Pastasallad/Räkor: 1 | Sandwich/Clubsandwich: 1 | Sandwich/Kyckling Curry: 1 | Sandwich/Kyckling Pestoröra: 1 | Sandwich/Räkor: 1 | Wraps/Caesar Kyckling: 1 | Wraps/Kyckling Bacon: 1 | Wraps/Kyckling Curry: 1
Västerås,Xtra Surahammar,Sunday,13.0,13~26,13,Baguette/Kyckling Curry: 1 | Baguette/Salami & Brieost: 1 | Baguette/Skagen: 1 | Fralla/Ost & Skinka: 1 | Fralla/Ost: 1 | Pastasallad/Kyckling & Salladsost: 1 | Pastasallad/Kyckling mangocurry: 1 | Pastasallad/Ost & Skinka: 1 | Pastasallad/Räkor: 1 | Wraps/Caesar Kyckling: 1 | Wraps/Kyckling Bacon: 1 | Wraps/Kyckling Curry: 1 | Wraps/Sweet Chili: 1
Västerås,Xtra igor,Sunday,28.0,24~48,22,Baguette/Kyckling Curry: 1 | Baguette/Ost & Skinka: 1 | Baguette/Salami & Brieost: 2 | Baguette/Skagen: 1 | Glutenfri Frallor/Glutenfri Pumpafralla Kalkon & Färskost(endast söndagsbeställning): 1 | Grönsallad/Caesarsallad: 1 | Grönsallad/Kyckling: 1 | Pastasallad/Bacon & Kyckling: 1 | Pastasallad/Kyckling & Salladsost: 3 | Pastasallad/Kyckling mangocurry: 3 | Pastasallad/Ost & Skinka: 1 | Pastasallad/Räkor: 2 | Sandwich/Bacon & Äggröra: 1 | Sandwich/Kyckling Curry: 1 | Wraps/Caesar Kyckling: 1 | Wraps/Kyckling Bacon: 1 | Wraps/Kyckling Curry: 1 | Wraps/Kycklingsallad Olivie: 1 | Wraps/Sweet Chili: 1 | XL Frallor/Grovfralla Kalkon & Färskost: 1 | XL Frallor/Ost & Skinka: 1 | XL Frallor/Ost: 1
Västerås,Coop Karlfeldtsplatsen,Monday,4.0,0~4,4,Pastasallad/Kyckling & Salladsost: 1 | Pastasallad/Kyckling mangocurry: 1 | Sandwich/Kyckling Curry: 1 | Sandwich/Räkor: 1
Västerås,Coop Pilgatan,Monday,19.0,9~22,19,Baguette/Kyckling Sweet Chili: 1 | Baguette/Salami & Brieost: 1 | Baguette/Skagen: 1 | Fralla/Ost & Skinka: 1 | Fralla/Ost: 1 | Hönökaka/Ost & Salami: 1 | Hönökaka/Ost & Skinka: 1 | Hönökaka/Ost: 1 | Pastasallad/Kyckling & Salladsost: 1 | Pastasallad/Kyckling mangocurry: 1 | Pastasallad/Ost & Skinka: 1 | Pastasallad/Räkor: 1 | Sandwich/Clubsandwich: 1 | Sandwich/Räkor: 1 | Wraps/Caesar Kyckling: 1 | Wraps/Kyckling Bacon: 1 | Wraps/Kyckling Curry: 1 | Wraps/Sweet Chili: 1 | XL Frallor/Ost & Skinka: 1
Västerås,Coop Stjärnan,Monday,8.0,3~8,8,Baguette/Ost & Skinka: 1 | Baguette/Skagen: 1 | Fralla/Ost & Skinka: 1 | Pastasallad/Kyckling & Salladsost: 1 | Pastasallad/Kyckling mangocurry: 1 | Pastasallad/Räkor: 1 | Sandwich/Räkor: 1 | Wraps/Sweet Chili: 1
Västerås,Coop Västerås City,Monday,10.0,4~12,10,Baguette/Salami & Brieost: 1 | Baguette/Skagen: 1 | Fralla/Ost & Skinka: 1 | Fralla/Ost: 1 | Hönökaka/Ost & Skinka: 1 | Hönökaka/Ost: 1 | Pastasallad/Kyckling & Salladsost: 1 | Pastasallad/Kyckling mangocurry: 1 | Wraps/Kyckling Curry: 1 | XL Frallor/Ost & Skinka: 1
Västerås,Hemköp City Västerås,Monday,12.0,5~12,10,Fralla/Ost & Skinka: 2 | Fralla/Ost: 2 | Hönökaka/Ost & Salami: 1 | Hönökaka/Ost & Skinka: 1 | Pastasallad/Kyckling mangocurry: 1 | Sandwich/Räkor: 1 | Wraps/Caesar Kyckling: 1 | Wraps/Kyckling Bacon: 1 | Wraps/Sweet Chili: 1 | XL Frallor/Ost & Skinka: 1
Västerås,Hemköp Malmaberg,Monday,19.0,7~21,19,Baguette/Ost & Skinka: 1 | Baguette/Salami & Brieost: 1 | Baguette/Skagen: 1 | Fralla/Ost & Skinka: 1 | Fralla/Ost: 1 | Grönsallad/Kyckling: 1 | Hönökaka/Ost & Salami: 1 | Hönökaka/Ost & Skinka: 1 | Hönökaka/Ost: 1 | Pastasallad/Kyckling & Salladsost: 1 | Pastasallad/Kyckling mangocurry: 1 | Pastasallad/Ost & Skinka: 1 | Pastasallad/Räkor: 1 | Sandwich/Clubsandwich: 1 | Sandwich/Kyckling Curry: 1 | Sandwich/Räkor: 1 | Wraps/Kyckling Bacon: 1 | Wraps/Kyckling Curry: 1 | Wraps/Sweet Chili: 1
Västerås,ICA Grytan,Monday,8.0,7~12,7,Fralla/Ost & Skinka: 2 | Fralla/Ost: 1 | Pastasallad/Bacon & Kyckling: 1 | Pastasallad/Kyckling & Salladsost: 1 | Pastasallad/Kyckling kebab: 1 | Pastasallad/Kyckling mangocurry: 1 | Pastasallad/Räkor: 1
Västerås,ICA Hökåsen,Monday,4.0,2~4,4,Pastasallad/Kyckling & Salladsost: 1 | Pastasallad/Kyckling mangocurry: 1 | Pastasallad/Räkor: 1 | Wraps/Kyckling Bacon: 1
Västerås,ICA Råby,Monday,9.0,1~9,9,Fralla/Ost & Skinka: 1 | Fralla/Ost: 1 | Hönökaka/Ost & Salami: 1 | Hönökaka/Ost & Skinka: 1 | Hönökaka/Ost: 1 | Pastasallad/Kyckling & Salladsost: 1 | Pastasallad/Kyckling mangocurry: 1 | Pastasallad/Räkor: 1 | Wraps/Kyckling Bacon: 1
Västerås,ICA SKiljebo,Monday,5.0,3~5,5,Fralla/Ost & Skinka: 1 | Fralla/Ost: 1 | Pastasallad/Kyckling & Salladsost: 1 | Pastasallad/Kyckling mangocurry: 1 | Pastasallad/Räkor: 1
Västerås,ICA Viksäng,Monday,10.0,3~10,10,Fralla/Ost & Skinka: 1 | Fralla/Ost: 1 | Pastasallad/Kyckling & Salladsost: 1 | Pastasallad/Kyckling mangocurry: 1 | Pastasallad/Ost & Skinka: 1 | Pastasallad/Räkor: 1 | Sandwich/Clubsandwich: 1 | Sandwich/Räkor: 1 | Wraps/Kyckling Bacon: 1 | Wraps/Kyckling Curry: 1
Västerås,ICA Väst,Monday,19.0,11~23,17,Baguette/Kyckling Curry: 1 | Baguette/Salami & Brieost: 1 | Baguette/Skagen: 1 | Fralla/Ost & Skinka: 1 | Fralla/Ost: 1 | Hönökaka/Ost & Skinka: 1 | Hönökaka/Ost: 1 | Pastasallad/Kyckling & Salladsost: 2 | Pastasallad/Kyckling kebab: 1 | Pastasallad/Kyckling mangocurry: 2 | Pastasallad/Ost & Skinka: 1 | Pastasallad/Räkor: 1 | Sandwich/Kyckling Curry: 1 | Wraps/Caesar Kyckling: 1 | Wraps/Kyckling Bacon: 1 | Wraps/Kyckling Curry: 1 | Wraps/Sweet Chili: 1
Västerås,Stora Coop Enköping,Monday,39.0,24~42,29,Baguette/Kyckling Curry: 1 | Baguette/Kyckling Sweet Chili: 1 | Baguette/Ost & Skinka: 1 | Baguette/Salami & Brieost: 2 | Baguette/Skagen: 2 | Fralla/Ost & Skinka: 2 | Fralla/Ost: 2 | Grönsallad/Caesarsallad: 1 | Hönökaka/Ost & Salami: 1 | Hönökaka/Ost & Skinka: 1 | Hönökaka/Ost: 1 | Pastasallad/Kyckling & Salladsost: 2 | Pastasallad/Kyckling mangocurry: 2 | Pastasallad/Ost & Skinka: 1 | Pastasallad/Räkor: 1 | Sandwich/Bacon & Äggröra: 1 | Sandwich/Clubsandwich: 1 | Sandwich/Kyckling Curry: 1 | Sandwich/Kyckling Pestoröra: 1 | Sandwich/Räkor: 1 | Wraps/Caesar Kyckling: 2 | Wraps/Kyckling Bacon: 2 | Wraps/Kyckling Curry: 2 | Wraps/Kycklingsallad Olivie: 1 | Wraps/Sweet Chili: 2 | Wraps/Wrap Curry Oumph!: 1 | XL Frallor/Grovfralla Kalkon & Färskost: 1 | XL Frallor/Ost & Skinka: 1 | XL Frallor/Ost: 1
Västerås,X-tra Stengatan,Monday,2.0,0~2,2,Baguette/Kyckling Curry: 1 | Pastasallad/Kyckling mangocurry: 1
Västerås,Xtra igor,Monday,4.0,2~4,4,Baguette/Salami & Brieost: 1 | Pastasallad/Kyckling & Salladsost: 1 | Pastasallad/Kyckling mangocurry: 1 | Pastasallad/Räkor: 1
Västerås,Coop Karlfeldtsplatsen,Tuesday,20.0,8~23,19,Baguette/Kyckling Curry: 1 | Baguette/Salami & Brieost: 1 | Baguette/Skagen: 1 | Fralla/Ost & Skinka: 1 | Fralla/Ost: 1 | Hönökaka/Ost & Salami: 1 | Hönökaka/Ost & Skinka: 1 | Hönökaka/Ost: 1 | Pastasallad/Kyckling & Salladsost: 1 | Pastasallad/Kyckling mangocurry: 2 | Pastasallad/Räkor: 1 | Sandwich/Clubsandwich: 1 | Sandwich/Kyckling Curry: 1 | Sandwich/Räkor: 1 | Wraps/Caesar Kyckling: 1 | Wraps/Kyckling Bacon: 1 | Wraps/Kyckling Curry: 1 | Wraps/Sweet Chili: 1 | XL Frallor/Ost & Skinka: 1
Västerås,Coop Pilgatan,Tuesday,46.0,36~60,30,Baguette/Kyckling Curry: 1 | Baguette/Kyckling Sweet Chili: 1 | Baguette/Ost & Skinka: 1 | Baguette/Salami & Brieost: 1 | Baguette/Skagen: 2 | Fralla/Ost & Skinka: 3 | Fralla/Ost: 3 | Grönsallad/Caesarsallad: 1 | Grönsallad/Kyckling: 1 | Hönökaka/Ost & Salami: 2 | Hönökaka/Ost & Skinka: 2 | Hönökaka/Ost: 2 | Pastasallad/Bacon & Kyckling: 1 | Pastasallad/Kyckling & Salladsost: 2 | Pastasallad/Kyckling kebab: 1 | Pastasallad/Kyckling mangocurry: 3 | Pastasallad/Ost & Skinka: 1 | Pastasallad/Räkor: 2 | Sandwich/Bacon & Äggröra: 1 | Sandwich/Clubsandwich: 1 | Sandwich/Kyckling Curry: 1 | Sandwich/Kyckling Pestoröra: 1 | Sandwich/Räkor: 2 | Wraps/Caesar Kyckling: 1 | Wraps/Kyckling Bacon: 2 | Wraps/Kyckling Curry: 1 | Wraps/Sweet Chili: 2 | XL Frallor/Grovfralla Kalkon & Färskost: 1 | XL Frallor/Ost & Skinka: 2 | XL Frallor/Ost: 1
Västerås,Coop Stjärnan,Tuesday,29.0,24~35,25,Baguette/Kyckling Curry: 1 | Baguette/Ost & Skinka: 1 | Baguette/Salami & Brieost: 1 | Baguette/Skagen: 1 | Fralla/Ost & Skinka: 2 | Fralla/Ost: 1 | Grönsallad/Caesarsallad: 1 | Grönsallad/Kyckling: 1 | Hönökaka/Ost & Salami: 1 | Hönökaka/Ost & Skinka: 1 | Hönökaka/Ost: 1 | Pastasallad/Bacon & Kyckling: 1 | Pastasallad/Kyckling & Salladsost: 2 | Pastasallad/Kyckling mangocurry: 2 | Pastasallad/Ost & Skinka: 1 | Pastasallad/Räkor: 2 | Sandwich/Clubsandwich: 1 | Sandwich/Kyckling Curry: 1 | Sandwich/Räkor: 1 | Wraps/Caesar Kyckling: 1 | Wraps/Kyckling Bacon: 1 | Wraps/Kyckling Curry: 1 | Wraps/Sweet Chili: 1 | XL Frallor/Grovfralla Kalkon & Färskost: 1 | XL Frallor/Ost & Skinka: 1
Västerås,Coop Västerås City,Tuesday,37.0,22~44,28,Baguette/Kyckling Curry: 1 | Baguette/Ost & Skinka: 1 | Baguette/Salami & Brieost: 1 | Baguette/Skagen: 1 | Fralla/Ost & Skinka: 3 | Fralla/Ost: 3 | Grönsallad/Caesarsallad: 1 | Grönsallad/Kyckling: 1 | Hönökaka/Ost & Salami: 1 | Hönökaka/Ost & Skinka: 2 | Hönökaka/Ost: 2 | Pastasallad/Kyckling & Salladsost: 1 | Pastasallad/Kyckling kebab: 1 | Pastasallad/Kyckling mangocurry: 2 | Pastasallad/Ost & Skinka: 1 | Pastasallad/Räkor: 1 | Sandwich/Clubsandwich: 1 | Sandwich/Kyckling Curry: 1 | Sandwich/Kyckling Pestoröra: 1 | Sandwich/Räkor: 1 | Varmrätt/Kycklingspett med ris: 1 | Wraps/Caesar Kyckling: 1 | Wraps/Kyckling Bacon: 1 | Wraps/Kyckling Curry: 2 | Wraps/Sweet Chili: 1 | XL Frallor/Grovfralla Kalkon & Färskost: 1 | XL Frallor/Ost & Skinka: 2 | XL Frallor/Ost: 1
Västerås,Hemköp City Västerås,Tuesday,33.0,26~40,24,Baguette/Kyckling Sweet Chili: 1 | Baguette/Ost & Skinka: 1 | Baguette/Salami & Brieost: 1 | Baguette/Skagen: 1 | Fralla/Ost & Skinka: 3 | Fralla/Ost: 3 | Grönsallad/Kyckling: 1 | Hönökaka/Ost & Salami: 2 | Hönökaka/Ost & Skinka: 2 | Hönökaka/Ost: 1 | Pastasallad/Kyckling & Salladsost: 1 | Pastasallad/Kyckling mangocurry: 2 | Pastasallad/Räkor: 1 | Sandwich/Bacon & Äggröra: 1 | Sandwich/Clubsandwich: 1 | Sandwich/Kyckling Curry: 1 | Sandwich/Räkor: 1 | Wraps/Caesar Kyckling: 1 | Wraps/Kyckling Bacon: 2 | Wraps/Kyckling Curry: 1 | Wraps/Sweet Chili: 2 | XL Frallor/Grovfralla Kalkon & Färskost: 1 | XL Frallor/Ost & Skinka: 1 | XL Frallor/Ost: 1
Västerås,Hemköp Malmaberg,Tuesday,43.0,32~57,33,Baguette/Kyckling Curry: 1 | Baguette/Ost & Skinka: 1 | Baguette/Salami & Brieost: 1 | Baguette/Skagen: 1 | Fralla/Ost & Skinka: 2 | Fralla/Ost: 2 | Glutenfri Frallor/Glutenfri Ost & Skinka(endast söndagsbeställning): 1 | Glutenfri Frallor/Glutenfri Ost(endast söndagsbeställning): 1 | Grönsallad/Caesarsallad: 1 | Grönsallad/Kyckling: 1 | Hönökaka/Ost & Salami: 1 | Hönökaka/Ost & Skinka: 2 | Hönökaka/Ost: 2 | Pastasallad/Bacon & Kyckling: 1 | Pastasallad/Kyckling & Salladsost: 3 | Pastasallad/Kyckling kebab: 1 | Pastasallad/Kyckling mangocurry: 3 | Pastasallad/Ost & Skinka: 1 | Pastasallad/Räkor: 2 | Sandwich/Clubsandwich: 1 | Sandwich/Kyckling Curry: 1 | Sandwich/Kyckling Pestoröra: 1 | Sandwich/Räkor: 1 | Sandwich/Ägg & Avocadokräm: 1 | Varmrätt/Cevapcici med bulgur: 1 | Varmrätt/Teriyakikycklingfile med basmatiris: 1 | Wraps/Caesar Kyckling: 1 | Wraps/Kyckling Bacon: 1 | Wraps/Kyckling Curry: 2 | Wraps/Sweet Chili: 1 | XL Frallor/Grovfralla Kalkon & Färskost: 1 | XL Frallor/Ost & Skinka: 1 | XL Frallor/Ost: 1
Västerås,ICA Grytan,Tuesday,20.0,16~26,8,Fralla/Ost & Skinka: 5 | Fralla/Ost: 3 | Pastasallad/Bacon & Kyckling: 2 | Pastasallad/Kyckling & Salladsost: 3 | Pastasallad/Kyckling kebab: 1 | Pastasallad/Kyckling mangocurry: 3 | Pastasallad/Ost & Skinka: 1 | Pastasallad/Räkor: 2
Västerås,ICA Hökåsen,Tuesday,17.0,13~18,14,Baguette/Ost & Skinka: 1 | Baguette/Salami & Brieost: 1 | Baguette/Skagen: 1 | Grönsallad/Caesarsallad: 1 | Grönsallad/Kyckling: 1 | Pastasallad/Kyckling & Salladsost: 2 | Pastasallad/Kyckling mangocurry: 2 | Pastasallad/Räkor: 2 | Sandwich/Clubsandwich: 1 | Sandwich/Räkor: 1 | Wraps/Caesar Kyckling: 1 | Wraps/Kyckling Bacon: 1 | Wraps/Kyckling Curry: 1 | Wraps/Sweet Chili: 1
Västerås,ICA Råby,Tuesday,27.0,19~33,23,Baguette/Kyckling Curry: 1 | Baguette/Salami & Brieost: 1 | Baguette/Skagen: 1 | Fralla/Ost & Skinka: 2 | Fralla/Ost: 1 | Hönökaka/Ost & Salami: 2 | Hönökaka/Ost & Skinka: 1 | Hönökaka/Ost: 2 | Pastasallad/Kyckling & Salladsost: 1 | Pastasallad/Kyckling kebab: 1 | Pastasallad/Kyckling mangocurry: 2 | Pastasallad/Räkor: 1 | Sandwich/Clubsandwich: 1 | Sandwich/Kyckling Curry: 1 | Sandwich/Kyckling Pestoröra: 1 | Sandwich/Räkor: 1 | Wraps/Caesar Kyckling: 1 | Wraps/Kyckling Bacon: 1 | Wraps/Kyckling Curry: 1 | Wraps/Sweet Chili: 1 | XL Frallor/Grovfralla Kalkon & Färskost: 1 | XL Frallor/Ost & Skinka: 1 | XL Frallor/Ost: 1
Västerås,ICA SKiljebo,Tuesday,27.0,17~29,22,Baguette/Kyckling Curry: 1 | Baguette/Skagen: 1 | Fralla/Ost & Skinka: 2 | Fralla/Ost: 2 | Grönsallad/Caesarsallad: 1 | Grönsallad/Kyckling: 1 | Hönökaka/Ost & Salami: 1 | Hönökaka/Ost & Skinka: 1 | Hönökaka/Ost: 1 | Pastasallad/Kyckling & Salladsost: 2 | Pastasallad/Kyckling mangocurry: 2 | Pastasallad/Ost & Skinka: 1 | Pastasallad/Räkor: 2 | Sandwich/Clubsandwich: 1 | Sandwich/Kyckling Curry: 1 | Sandwich/Kyckling Pestoröra: 1 | Sandwich/Räkor: 1 | Wraps/Kyckling Bacon: 1 | Wraps/Kyckling Curry: 1 | Wraps/Sweet Chili: 1 | XL Frallor/Grovfralla Kalkon & Färskost: 1 | XL Frallor/Ost & Skinka: 1
Västerås,ICA Viksäng,Tuesday,33.0,23~39,27,Baguette/Kyckling Curry: 1 | Baguette/Kyckling Sweet Chili: 1 | Baguette/Salami & Brieost: 1 | Baguette/Skagen: 1 | Fralla/Ost & Skinka: 2 | Fralla/Ost: 2 | Grönsallad/Caesarsallad: 1 | Grönsallad/Kyckling: 1 | Hönökaka/Ost & Salami: 1 | Hönökaka/Ost & Skinka: 1 | Hönökaka/Ost: 1 | Pastasallad/Bacon & Kyckling: 1 | Pastasallad/Kyckling & Salladsost: 2 | Pastasallad/Kyckling kebab: 1 | Pastasallad/Kyckling mangocurry: 2 | Pastasallad/Ost & Skinka: 1 | Pastasallad/Räkor: 2 | Sandwich/Clubsandwich: 1 | Sandwich/Kyckling Curry: 1 | Sandwich/Kyckling Pestoröra: 1 | Sandwich/Räkor: 1 | Wraps/Caesar Kyckling: 1 | Wraps/Kyckling Bacon: 1 | Wraps/Kyckling Curry: 2 | Wraps/Sweet Chili: 1 | XL Frallor/Ost & Skinka: 1 | XL Frallor/Ost: 1
Västerås,ICA Väst,Tuesday,48.0,37~61,28,Baguette/Kyckling Curry: 1 | Baguette/Kyckling Sweet Chili: 1 | Baguette/Salami & Brieost: 2 | Baguette/Skagen: 2 | Fralla/Ost & Skinka: 2 | Fralla/Ost: 2 | Grönsallad/Caesarsallad: 1 | Grönsallad/Kyckling: 1 | Hönökaka/Ost & Salami: 1 | Hönökaka/Ost & Skinka: 2 | Hönökaka/Ost: 1 | Pastasallad/Falafel: 1 | Pastasallad/Kyckling & Salladsost: 5 | Pastasallad/Kyckling kebab: 1 | Pastasallad/Kyckling mangocurry: 5 | Pastasallad/Ost & Skinka: 3 | Pastasallad/Räkor: 3 | Sandwich/Bacon & Äggröra: 1 | Sandwich/Clubsandwich: 1 | Sandwich/Kyckling Curry: 1 | Sandwich/Räkor: 1 | Sandwich/Ägg & Avocadokräm: 1 | Wraps/Caesar Kyckling: 2 | Wraps/Kyckling Bacon: 2 | Wraps/Kyckling Curry: 2 | Wraps/Sweet Chili: 1 | XL Frallor/Grovfralla Kalkon & Färskost: 1 | XL Frallor/Ost: 1
Västerås,Stora Coop Enköping,Tuesday,81.0,65~106,38,Baguette/Kyckling Curry: 2 | Baguette/Kyckling Sweet Chili: 2 | Baguette/Ost & Skinka: 2 | Baguette/Salami & Brieost: 3 | Baguette/Skagen: 4 | Fralla/Ost & Skinka: 5 | Fralla/Ost: 4 | Glutenfri Frallor/Glutenfri Ost & Skinka(endast söndagsbeställning): 1 | Glutenfri Frallor/Glutenfri Ost(endast söndagsbeställning): 1 | Grönsallad/Caesarsallad: 1 | Grönsallad/Kyckling: 1 | Hönökaka/Ost & Salami: 2 | Hönökaka/Ost & Skinka: 2 | Hönökaka/Ost: 3 | Pastasallad/Bacon & Kyckling: 1 | Pastasallad/Falafel: 1 | Pastasallad/Kyckling & Salladsost: 3 | Pastasallad/Kyckling kebab: 1 | Pastasallad/Kyckling mangocurry: 3 | Pastasallad/Ost & Skinka: 2 | Pastasallad/Räkor: 3 | Sandwich/Bacon & Äggröra: 1 | Sandwich/Clubsandwich: 2 | Sandwich/Kyckling Curry: 2 | Sandwich/Kyckling Pestoröra: 1 | Sandwich/Räkor: 2 | Sandwich/Ägg & Avocadokräm: 1 | Varmrätt/Cevapcici med bulgur: 1 | Varmrätt/Teriyakikycklingfile med basmatiris: 1 | Wraps/Caesar Kyckling: 4 | Wraps/Kyckling Bacon: 3 | Wraps/Kyckling Curry: 4 | Wraps/Kycklingsallad Olivie: 1 | Wraps/Sweet Chili: 4 | Wraps/Wrap Curry Oumph!: 1 | XL Frallor/Grovfralla Kalkon & Färskost: 2 | XL Frallor/Ost & Skinka: 2 | XL Frallor/Ost: 2
Västerås,Tempo skallberget,Tuesday,7.0,0~7,7,Baguette/Kyckling Curry: 1 | Fralla/Ost & Skinka: 1 | Fralla/Ost: 1 | Hönökaka/Ost & Skinka: 1 | Hönökaka/Ost: 1 | Pastasallad/Kyckling mangocurry: 1 | Sandwich/Räkor: 1
Västerås,X-tra Bangatan,Tuesday,16.0,6~16,16,Baguette/Salami & Brieost: 1 | Baguette/Skagen: 1 | Fralla/Ost & Skinka: 1 | Fralla/Ost: 1 | Grönsallad/Caesarsallad: 1 | Hönökaka/Ost: 1 | Pastasallad/Kyckling mangocurry: 1 | Pastasallad/Ost & Skinka: 1 | Sandwich/Bacon & Äggröra: 1 | Sandwich/Clubsandwich: 1 | Sandwich/Kyckling Curry: 1 | Sandwich/Räkor: 1 | Wraps/Caesar Kyckling: 1 | Wraps/Kyckling Bacon: 1 | Wraps/Kyckling Curry: 1 | Wraps/Sweet Chili: 1
Västerås,X-tra Stengatan,Tuesday,20.0,9~22,20,Baguette/Kyckling Curry: 1 | Baguette/Ost & Skinka: 1 | Baguette/Skagen: 1 | Fralla/Ost & Skinka: 1 | Fralla/Ost: 1 | Grönsallad/Kyckling: 1 | Hönökaka/Ost & Salami: 1 | Hönökaka/Ost & Skinka: 1 | Hönökaka/Ost: 1 | Pastasallad/Kyckling & Salladsost: 1 | Pastasallad/Kyckling mangocurry: 1 | Pastasallad/Ost & Skinka: 1 | Pastasallad/Räkor: 1 | Sandwich/Clubsandwich: 1 | Sandwich/Kyckling Curry: 1 | Sandwich/Kyckling Pestoröra: 1 | Sandwich/Räkor: 1 | Wraps/Caesar Kyckling: 1 | Wraps/Kyckling Bacon: 1 | Wraps/Kyckling Curry: 1
Västerås,Xtra Surahammar,Tuesday,13.0,1~13,13,Baguette/Kyckling Curry: 1 | Baguette/Salami & Brieost: 1 | Baguette/Skagen: 1 | Fralla/Ost & Skinka: 1 | Fralla/Ost: 1 | Pastasallad/Kyckling & Salladsost: 1 | Pastasallad/Kyckling mangocurry: 1 | Pastasallad/Ost & Skinka: 1 | Pastasallad/Räkor: 1 | Wraps/Caesar Kyckling: 1 | Wraps/Kyckling Bacon: 1 | Wraps/Kyckling Curry: 1 | Wraps/Sweet Chili: 1
Västerås,Xtra igor,Tuesday,24.0,13~28,22,Baguette/Kyckling Curry: 1 | Baguette/Ost & Skinka: 1 | Baguette/Salami & Brieost: 1 | Baguette/Skagen: 1 | Glutenfri Frallor/Glutenfri Pumpafralla Kalkon & Färskost(endast söndagsbeställning): 1 | Grönsallad/Caesarsallad: 1 | Grönsallad/Kyckling: 1 | Pastasallad/Bacon & Kyckling: 1 | Pastasallad/Kyckling & Salladsost: 2 | Pastasallad/Kyckling mangocurry: 2 | Pastasallad/Ost & Skinka: 1 | Pastasallad/Räkor: 1 | Sandwich/Bacon & Äggröra: 1 | Sandwich/Kyckling Curry: 1 | Wraps/Caesar Kyckling: 1 | Wraps/Kyckling Bacon: 1 | Wraps/Kyckling Curry: 1 | Wraps/Kycklingsallad Olivie: 1 | Wraps/Sweet Chili: 1 | XL Frallor/Grovfralla Kalkon & Färskost: 1 | XL Frallor/Ost & Skinka: 1 | XL Frallor/Ost: 1
Västerås,Coop Karlfeldtsplatsen,Wednesday,1.0,0~1,1,Pastasallad/Kyckling mangocurry: 1
Västerås,Coop Pilgatan,Wednesday,13.0,9~13,13,Baguette/Skagen: 1 | Fralla/Ost & Skinka: 1 | Fralla/Ost: 1 | Hönökaka/Ost & Salami: 1 | Hönökaka/Ost & Skinka: 1 | Hönökaka/Ost: 1 | Pastasallad/Kyckling & Salladsost: 1 | Pastasallad/Kyckling mangocurry: 1 | Pastasallad/Räkor: 1 | Sandwich/Räkor: 1 | Wraps/Kyckling Bacon: 1 | Wraps/Sweet Chili: 1 | XL Frallor/Ost & Skinka: 1
Västerås,Coop Stjärnan,Wednesday,4.0,3~4,4,Fralla/Ost & Skinka: 1 | Pastasallad/Kyckling & Salladsost: 1 | Pastasallad/Kyckling mangocurry: 1 | Pastasallad/Räkor: 1
Västerås,Coop Västerås City,Wednesday,7.0,4~7,7,Fralla/Ost & Skinka: 1 | Fralla/Ost: 1 | Hönökaka/Ost & Skinka: 1 | Hönökaka/Ost: 1 | Pastasallad/Kyckling mangocurry: 1 | Wraps/Kyckling Curry: 1 | XL Frallor/Ost & Skinka: 1
Västerås,Hemköp City Västerås,Wednesday,7.0,5~9,7,Fralla/Ost & Skinka: 1 | Fralla/Ost: 1 | Hönökaka/Ost & Salami: 1 | Hönökaka/Ost & Skinka: 1 | Pastasallad/Kyckling mangocurry: 1 | Wraps/Kyckling Bacon: 1 | Wraps/Sweet Chili: 1
Västerås,Hemköp Malmaberg,Wednesday,8.0,7~8,8,Fralla/Ost & Skinka: 1 | Fralla/Ost: 1 | Hönökaka/Ost & Skinka: 1 | Hönökaka/Ost: 1 | Pastasallad/Kyckling & Salladsost: 1 | Pastasallad/Kyckling mangocurry: 1 | Pastasallad/Räkor: 1 | Wraps/Kyckling Curry: 1
Västerås,ICA Grytan,Wednesday,7.0,7~7,6,Fralla/Ost & Skinka: 2 | Fralla/Ost: 1 | Pastasallad/Bacon & Kyckling: 1 | Pastasallad/Kyckling & Salladsost: 1 | Pastasallad/Kyckling mangocurry: 1 | Pastasallad/Räkor: 1
Västerås,ICA Hökåsen,Wednesday,3.0,2~3,3,Pastasallad/Kyckling & Salladsost: 1 | Pastasallad/Kyckling mangocurry: 1 | Pastasallad/Räkor: 1
Västerås,ICA Råby,Wednesday,4.0,1~4,4,Fralla/Ost & Skinka: 1 | Hönökaka/Ost & Salami: 1 | Hönökaka/Ost: 1 | Pastasallad/Kyckling mangocurry: 1
Västerås,ICA SKiljebo,Wednesday,5.0,3~5,5,Fralla/Ost & Skinka: 1 | Fralla/Ost: 1 | Pastasallad/Kyckling & Salladsost: 1 | Pastasallad/Kyckling mangocurry: 1 | Pastasallad/Räkor: 1
Västerås,ICA Viksäng,Wednesday,6.0,3~6,6,Fralla/Ost & Skinka: 1 | Fralla/Ost: 1 | Pastasallad/Kyckling & Salladsost: 1 | Pastasallad/Kyckling mangocurry: 1 | Pastasallad/Räkor: 1 | Wraps/Kyckling Curry: 1
Västerås,ICA Väst,Wednesday,14.0,9~14,12,Baguette/Salami & Brieost: 1 | Baguette/Skagen: 1 | Fralla/Ost & Skinka: 1 | Fralla/Ost: 1 | Hönökaka/Ost & Skinka: 1 | Pastasallad/Kyckling & Salladsost: 2 | Pastasallad/Kyckling mangocurry: 2 | Pastasallad/Ost & Skinka: 1 | Pastasallad/Räkor: 1 | Wraps/Caesar Kyckling: 1 | Wraps/Kyckling Bacon: 1 | Wraps/Kyckling Curry: 1
Västerås,Stora Coop Enköping,Wednesday,25.0,20~34,24,Baguette/Kyckling Curry: 1 | Baguette/Kyckling Sweet Chili: 1 | Baguette/Ost & Skinka: 1 | Baguette/Salami & Brieost: 1 | Baguette/Skagen: 1 | Fralla/Ost & Skinka: 2 | Fralla/Ost: 1 | Hönökaka/Ost & Salami: 1 | Hönökaka/Ost & Skinka: 1 | Hönökaka/Ost: 1 | Pastasallad/Kyckling & Salladsost: 1 | Pastasallad/Kyckling mangocurry: 1 | Pastasallad/Ost & Skinka: 1 | Pastasallad/Räkor: 1 | Sandwich/Clubsandwich: 1 | Sandwich/Kyckling Curry: 1 | Sandwich/Räkor: 1 | Wraps/Caesar Kyckling: 1 | Wraps/Kyckling Bacon: 1 | Wraps/Kyckling Curry: 1 | Wraps/Sweet Chili: 1 | XL Frallor/Grovfralla Kalkon & Färskost: 1 | XL Frallor/Ost & Skinka: 1 | XL Frallor/Ost: 1
Västerås,Xtra igor,Wednesday,2.0,2~2,2,Pastasallad/Kyckling & Salladsost: 1 | Pastasallad/Kyckling mangocurry: 1
Västerås,Affären,Thursday,4.199999999999999,3~3,3,Fralla/Ost: 1 | Hönökaka/Ost: 1 | Sandwich/Ägg & Avocadokräm: 1
Västerås,Coop Karlfeldtsplatsen,Thursday,30.399999999999995,28~44,24,Baguette/Kyckling Curry: 0 | Baguette/Salami & Brieost: 0 | Baguette/Skagen: 0 | Fralla/Ost & Skinka: 2 | Fralla/Ost: 0 | Glutenfri Frallor/Glutenfri Ost & Skinka(endast söndagsbeställning): 1 | Glutenfri Frallor/Glutenfri Ost(endast söndagsbeställning): 1 | Hönökaka/Ost & Salami: 0 | Hönökaka/Ost & Skinka: 2 | Hönökaka/Ost: 0 | Pastasallad/Kyckling & Salladsost: 1 | Pastasallad/Kyckling mangocurry: 1 | Pastasallad/Ost & Skinka: 1 | Pastasallad/Räkor: 0 | Sandwich/Clubsandwich: 2 | Sandwich/Kyckling Curry: 1 | Sandwich/Räkor: 1 | Sandwich/Ägg & Avocadokräm: 1 | Wraps/Caesar Kyckling: 0 | Wraps/Kyckling Bacon: 0 | Wraps/Kyckling Curry: 2 | Wraps/Sweet Chili: 0 | XL Frallor/Ost & Skinka: 0 | XL Frallor/Ost: 1
Västerås,Coop Pilgatan,Thursday,63.999999999999986,53~87,30,Baguette/Kyckling Curry: 2 | Baguette/Kyckling Sweet Chili: 1 | Baguette/Ost & Skinka: 2 | Baguette/Salami & Brieost: 1 | Baguette/Skagen: 1 | Fralla/Ost & Skinka: 5 | Fralla/Ost: 5 | Grönsallad/Caesarsallad: 2 | Grönsallad/Kyckling: 2 | Hönökaka/Ost & Salami: 2 | Hönökaka/Ost & Skinka: 2 | Hönökaka/Ost: 2 | Pastasallad/Bacon & Kyckling: 0 | Pastasallad/Kyckling & Salladsost: 4 | Pastasallad/Kyckling kebab: 0 | Pastasallad/Kyckling mangocurry: 3 | Pastasallad/Ost & Skinka: 1 | Pastasallad/Räkor: 2 | Sandwich/Bacon & Äggröra: 2 | Sandwich/Clubsandwich: 1 | Sandwich/Kyckling Curry: 2 | Sandwich/Kyckling Pestoröra: 0 | Sandwich/Räkor: 1 | Wraps/Caesar Kyckling: 1 | Wraps/Kyckling Bacon: 1 | Wraps/Kyckling Curry: 1 | Wraps/Sweet Chili: 1 | XL Frallor/Grovfralla Kalkon & Färskost: 2 | XL Frallor/Ost & Skinka: 1 | XL Frallor/Ost: 2
Västerås,Coop Stjärnan,Thursday,53.19999999999998,37~62,30,Baguette/Kyckling Curry: 2 | Baguette/Ost & Skinka: 1 | Baguette/Salami & Brieost: 2 | Baguette/Skagen: 1 | Fralla/Ost & Skinka: 1 | Fralla/Ost: 2 | Glutenfri Frallor/Glutenfri Ost & Skinka(endast söndagsbeställning): 1 | Glutenfri Frallor/Glutenfri Ost(endast söndagsbeställning): 1 | Grönsallad/Caesarsallad: 2 | Grönsallad/Kyckling: 0 | Hönökaka/Ost & Salami: 2 | Hönökaka/Ost & Skinka: 2 | Hönökaka/Ost: 0 | Pastasallad/Bacon & Kyckling: 0 | Pastasallad/Kyckling & Salladsost: 2 | Pastasallad/Kyckling mangocurry: 2 | Pastasallad/Ost & Skinka: 2 | Pastasallad/Räkor: 1 | Sandwich/Clubsandwich: 2 | Sandwich/Kyckling Curry: 2 | Sandwich/Kyckling Pestoröra: 1 | Sandwich/Räkor: 1 | Sandwich/Ägg & Avocadokräm: 1 | Wraps/Caesar Kyckling: 2 | Wraps/Kyckling Bacon: 2 | Wraps/Kyckling Curry: 2 | Wraps/Sweet Chili: 1 | XL Frallor/Grovfralla Kalkon & Färskost: 0 | XL Frallor/Ost & Skinka: 2 | XL Frallor/Ost: 1
Västerås,Coop Västerås City,Thursday,57.39999999999999,46~76,33,Baguette/Kyckling Curry: 0 | Baguette/Kyckling Sweet Chili: 1 | Baguette/Ost & Skinka: 2 | Baguette/Salami & Brieost: 1 | Baguette/Skagen: 1 | Fralla/Ost & Skinka: 3 | Fralla/Ost: 5 | Grönsallad/Caesarsallad: 0 | Grönsallad/Kyckling: 0 | Hönökaka/Ost & Salami: 2 | Hönökaka/Ost & Skinka: 4 | Hönökaka/Ost: 4 | Pastasallad/Bacon & Kyckling: 1 | Pastasallad/Kyckling & Salladsost: 1 | Pastasallad/Kyckling kebab: 0 | Pastasallad/Kyckling mangocurry: 1 | Pastasallad/Ost & Skinka: 2 | Pastasallad/Räkor: 0 | Sandwich/Bacon & Äggröra: 1 | Sandwich/Clubsandwich: 2 | Sandwich/Kyckling Curry: 2 | Sandwich/Kyckling Pestoröra: 0 | Sandwich/Räkor: 0 | Varmrätt/Cevapcici med bulgur: 1 | Varmrätt/Kycklingspett med ris: 0 | Wraps/Caesar Kyckling: 0 | Wraps/Kyckling Bacon: 2 | Wraps/Kyckling Curry: 1 | Wraps/Kycklingsallad Olivie: 1 | Wraps/Sweet Chili: 2 | XL Frallor/Grovfralla Kalkon & Färskost: 0 | XL Frallor/Ost & Skinka: 1 | XL Frallor/Ost: 2
Västerås,Hemköp City Västerås,Thursday,54.79999999999998,43~68,30,Baguette/Kyckling Curry: 1 | Baguette/Kyckling Sweet Chili: 0 | Baguette/Ost & Skinka: 0 | Baguette/Salami & Brieost: 2 | Baguette/Skagen: 2 | Fralla/Ost & Skinka: 4 | Fralla/Ost: 4 | Glutenfri Frallor/Glutenfri Pumpafralla Kalkon & Färskost(endast söndagsbeställning): 1 | Grönsallad/Kyckling: 0 | Hönökaka/Ost & Salami: 2 | Hönökaka/Ost & Skinka: 2 | Hönökaka/Ost: 2 | Pastasallad/Kyckling & Salladsost: 2 | Pastasallad/Kyckling mangocurry: 1 | Pastasallad/Ost & Skinka: 1 | Pastasallad/Räkor: 0 | Sandwich/Bacon & Äggröra: 2 | Sandwich/Clubsandwich: 0 | Sandwich/Kyckling Curry: 2 | Sandwich/Kyckling Pestoröra: 1 | Sandwich/Räkor: 1 | Sandwich/Ägg & Avocadokräm: 1 | Varmrätt/Kycklingkebab med bulgur: 1 | Wraps/Caesar Kyckling: 1 | Wraps/Kyckling Bacon: 1 | Wraps/Kyckling Curry: 2 | Wraps/Sweet Chili: 1 | XL Frallor/Grovfralla Kalkon & Färskost: 2 | XL Frallor/Ost & Skinka: 1 | XL Frallor/Ost: 2
Västerås,Hemköp Malmaberg,Thursday,60.79999999999998,54~86,37,Baguette/Kyckling Curry: 2 | Baguette/Ost & Skinka: 1 | Baguette/Salami & Brieost: 1 | Baguette/Skagen: 1 | Fralla/Ost & Skinka: 1 | Fralla/Ost: 1 | Glutenfri Frallor/Glutenfri Ost & Skinka(endast söndagsbeställning): 0 | Glutenfri Frallor/Glutenfri Ost(endast söndagsbeställning): 0 | Grönsallad/Caesarsallad: 2 | Grönsallad/Kyckling: 1 | Hönökaka/Ost & Salami: 1 | Hönökaka/Ost & Skinka: 1 | Hönökaka/Ost: 4 | Pastasallad/Bacon & Kyckling: 2 | Pastasallad/Kyckling & Salladsost: 3 | Pastasallad/Kyckling kebab: 0 | Pastasallad/Kyckling mangocurry: 3 | Pastasallad/Ost & Skinka: 1 | Pastasallad/Räkor: 1 | Sandwich/Clubsandwich: 1 | Sandwich/Kyckling Curry: 1 | Sandwich/Kyckling Pestoröra: 0 | Sandwich/Räkor: 1 | Sandwich/Ägg & Avocadokräm: 0 | Varmrätt/Cevapcici med bulgur: 0 | Varmrätt/Kycklingspett med ris: 1 | Varmrätt/Pannbiff med Basmatiris: 1 | Varmrätt/Tacobolognese med fullkornspasta: 1 | Varmrätt/Teriyakibiff med ris: 1 | Varmrätt/Teriyakikycklingfile med basmatiris: 0 | Wraps/Caesar Kyckling: 0 | Wraps/Kyckling Bacon: 1 | Wraps/Kyckling Curry: 1 | Wraps/Sweet Chili: 1 | XL Frallor/Grovfralla Kalkon & Färskost: 2 | XL Frallor/Ost & Skinka: 2 | XL Frallor/Ost: 2
Västerås,ICA Grytan,Thursday,26.599999999999994,21~33,8,Fralla/Ost & Skinka: 7 | Fralla/Ost: 3 | Pastasallad/Bacon & Kyckling: 1 | Pastasallad/Kyckling & Salladsost: 3 | Pastasallad/Kyckling kebab: 1 | Pastasallad/Kyckling mangocurry: 3 | Pastasallad/Ost & Skinka: 2 | Pastasallad/Räkor: 2
Västerås,ICA Hökåsen,Thursday,25.999999999999993,18~35,16,Baguette/Ost & Skinka: 2 | Baguette/Salami & Brieost: 2 | Baguette/Skagen: 2 | Grönsallad/Caesarsallad: 0 | Grönsallad/Kyckling: 0 | Pastasallad/Kyckling & Salladsost: 1 | Pastasallad/Kyckling kebab: 1 | Pastasallad/Kyckling mangocurry: 1 | Pastasallad/Räkor: 1 | Sandwich/Clubsandwich: 2 | Sandwich/Kyckling Curry: 1 | Sandwich/Räkor: 2 | Wraps/Caesar Kyckling: 0 | Wraps/Kyckling Bacon: 1 | Wraps/Kyckling Curry: 2 | Wraps/Sweet Chili: 2
Västerås,ICA Råby,Thursday,45.999999999999986,38~57,29,Baguette/Kyckling Curry: 2 | Baguette/Salami & Brieost: 0 | Baguette/Skagen: 2 | Fralla/Ost & Skinka: 1 | Fralla/Ost: 1 | Grönsallad/Caesarsallad: 1 | Grönsallad/Kyckling: 1 | Hönökaka/Ost & Salami: 1 | Hönökaka/Ost & Skinka: 1 | Hönökaka/Ost: 1 | Pastasallad/Kyckling & Salladsost: 1 | Pastasallad/Kyckling kebab: 0 | Pastasallad/Kyckling mangocurry: 2 | Pastasallad/Ost & Skinka: 1 | Pastasallad/Räkor: 1 | Sandwich/Clubsandwich: 2 | Sandwich/Kyckling Curry: 2 | Sandwich/Kyckling Pestoröra: 2 | Sandwich/Räkor: 2 | Varmrätt/Cevapcici med bulgur: 1 | Varmrätt/Pannbiff med Basmatiris: 1 | Varmrätt/Teriyakibiff med ris: 1 | Wraps/Caesar Kyckling: 2 | Wraps/Kyckling Bacon: 1 | Wraps/Kyckling Curry: 2 | Wraps/Sweet Chili: 2 | XL Frallor/Grovfralla Kalkon & Färskost: 0 | XL Frallor/Ost & Skinka: 0 | XL Frallor/Ost: 0
Västerås,ICA SKiljebo,Thursday,40.79999999999999,30~56,26,Baguette/Kyckling Curry: 0 | Baguette/Kyckling Sweet Chili: 1 | Baguette/Ost & Skinka: 1 | Baguette/Skagen: 0 | Fralla/Ost & Skinka: 1 | Fralla/Ost: 1 | Glutenfri Frallor/Glutenfri Ost & Skinka(endast söndagsbeställning): 1 | Glutenfri Frallor/Glutenfri Ost(endast söndagsbeställning): 1 | Grönsallad/Caesarsallad: 0 | Grönsallad/Kyckling: 2 | Hönökaka/Ost & Salami: 2 | Hönökaka/Ost & Skinka: 2 | Hönökaka/Ost: 2 | Pastasallad/Kyckling & Salladsost: 2 | Pastasallad/Kyckling mangocurry: 2 | Pastasallad/Ost & Skinka: 2 | Pastasallad/Räkor: 1 | Sandwich/Clubsandwich: 2 | Sandwich/Kyckling Curry: 2 | Sandwich/Kyckling Pestoröra: 0 | Sandwich/Räkor: 2 | Wraps/Kyckling Bacon: 2 | Wraps/Kyckling Curry: 0 | Wraps/Sweet Chili: 0 | XL Frallor/Grovfralla Kalkon & Färskost: 0 | XL Frallor/Ost & Skinka: 0
Västerås,ICA Viksäng,Thursday,52.399999999999984,41~69,32,Baguette/Kyckling Curry: 2 | Baguette/Kyckling Sweet Chili: 0 | Baguette/Ost & Skinka: 1 | Baguette/Salami & Brieost: 0 | Baguette/Skagen: 2 | Fralla/Ost & Skinka: 1 | Fralla/Ost: 1 | Grönsallad/Caesarsallad: 0 | Grönsallad/Kyckling: 0 | Hönökaka/Ost & Salami: 2 | Hönökaka/Ost & Skinka: 2 | Hönökaka/Ost: 2 | Pastasallad/Bacon & Kyckling: 2 | Pastasallad/Kyckling & Salladsost: 2 | Pastasallad/Kyckling kebab: 0 | Pastasallad/Kyckling mangocurry: 4 | Pastasallad/Ost & Skinka: 1 | Pastasallad/Räkor: 1 | Sandwich/Bacon & Äggröra: 1 | Sandwich/Clubsandwich: 1 | Sandwich/Kyckling Curry: 2 | Sandwich/Kyckling Pestoröra: 0 | Sandwich/Räkor: 1 | Varmrätt/Cevapcici med bulgur: 1 | Varmrätt/Pannbiff med Basmatiris: 1 | Wraps/Caesar Kyckling: 2 | Wraps/Kyckling Bacon: 1 | Wraps/Kyckling Curry: 1 | Wraps/Sweet Chili: 2 | XL Frallor/Grovfralla Kalkon & Färskost: 1 | XL Frallor/Ost & Skinka: 0 | XL Frallor/Ost: 2
Västerås,ICA Väst,Thursday,66.99999999999999,56~87,32,Baguette/Kyckling Curry: 1 | Baguette/Kyckling Sweet Chili: 2 | Baguette/Salami & Brieost: 2 | Baguette/Skagen: 2 | Fralla/Ost & Skinka: 1 | Fralla/Ost: 1 | Grönsallad/Caesarsallad: 2 | Grönsallad/Kyckling: 0 | Hönökaka/Ost & Salami: 2 | Hönökaka/Ost & Skinka: 1 | Hönökaka/Ost: 1 | Pastasallad/Falafel: 2 | Pastasallad/Kyckling & Salladsost: 6 | Pastasallad/Kyckling kebab: 1 | Pastasallad/Kyckling mangocurry: 6 | Pastasallad/Ost & Skinka: 3 | Pastasallad/Räkor: 3 | Sandwich/Bacon & Äggröra: 0 | Sandwich/Clubsandwich: 2 | Sandwich/Kyckling Curry: 1 | Sandwich/Kyckling Pestoröra: 1 | Sandwich/Räkor: 2 | Sandwich/Ägg & Avocadokräm: 0 | Varmrätt/Cevapcici med bulgur: 1 | Varmrätt/Kycklingspett med ris: 1 | Wraps/Caesar Kyckling: 2 | Wraps/Kyckling Bacon: 1 | Wraps/Kyckling Curry: 2 | Wraps/Sweet Chili: 1 | XL Frallor/Grovfralla Kalkon & Färskost: 0 | XL Frallor/Ost & Skinka: 1 | XL Frallor/Ost: 2
Västerås,Stora Coop Enköping,Thursday,115.99999999999997,96~144,38,Baguette/Kyckling Curry: 1 | Baguette/Kyckling Sweet Chili: 1 | Baguette/Ost & Skinka: 4 | Baguette/Salami & Brieost: 4 | Baguette/Skagen: 4 | Fralla/Ost & Skinka: 6 | Fralla/Ost: 6 | Glutenfri Frallor/Glutenfri Ost & Skinka(endast söndagsbeställning): 0 | Glutenfri Frallor/Glutenfri Ost(endast söndagsbeställning): 0 | Grönsallad/Caesarsallad: 1 | Grönsallad/Kyckling: 2 | Hönökaka/Ost & Salami: 2 | Hönökaka/Ost & Skinka: 2 | Hönökaka/Ost: 3 | Pastasallad/Bacon & Kyckling: 2 | Pastasallad/Falafel: 2 | Pastasallad/Kyckling & Salladsost: 4 | Pastasallad/Kyckling kebab: 2 | Pastasallad/Kyckling mangocurry: 4 | Pastasallad/Ost & Skinka: 4 | Pastasallad/Räkor: 5 | Sandwich/Bacon & Äggröra: 1 | Sandwich/Clubsandwich: 4 | Sandwich/Kyckling Curry: 2 | Sandwich/Kyckling Pestoröra: 1 | Sandwich/Räkor: 4 | Sandwich/Ägg & Avocadokräm: 2 | Varmrätt/Cevapcici med bulgur: 0 | Varmrätt/Teriyakikycklingfile med basmatiris: 0 | Wraps/Caesar Kyckling: 6 | Wraps/Kyckling Bacon: 4 | Wraps/Kyckling Curry: 6 | Wraps/Kycklingsallad Olivie: 1 | Wraps/Sweet Chili: 4 | Wraps/Wrap Curry Oumph!: 1 | XL Frallor/Grovfralla Kalkon & Färskost: 1 | XL Frallor/Ost & Skinka: 4 | XL Frallor/Ost: 1
Västerås,Tempo skallberget,Thursday,15.399999999999999,14~21,14,Baguette/Kyckling Curry: 0 | Baguette/Skagen: 1 | Fralla/Ost & Skinka: 0 | Fralla/Ost: 0 | Hönökaka/Ost & Skinka: 0 | Hönökaka/Ost: 0 | Pastasallad/Kyckling & Salladsost: 1 | Pastasallad/Kyckling kebab: 1 | Pastasallad/Kyckling mangocurry: 0 | Sandwich/Kyckling Curry: 1 | Sandwich/Räkor: 0 | Wraps/Caesar Kyckling: 1 | Wraps/Kyckling Curry: 1 | Wraps/Sweet Chili: 1
Västerås,X-tra Bangatan,Thursday,32.39999999999999,24~40,24,Baguette/Kyckling Curry: 1 | Baguette/Salami & Brieost: 0 | Baguette/Skagen: 0 | Fralla/Ost & Skinka: 2 | Fralla/Ost: 2 | Grönsallad/Caesarsallad: 2 | Hönökaka/Ost & Salami: 1 | Hönökaka/Ost & Skinka: 1 | Hönökaka/Ost: 0 | Pastasallad/Kyckling & Salladsost: 1 | Pastasallad/Kyckling mangocurry: 2 | Pastasallad/Ost & Skinka: 0 | Pastasallad/Räkor: 1 | Sandwich/Bacon & Äggröra: 0 | Sandwich/Clubsandwich: 0 | Sandwich/Kyckling Curry: 2 | Sandwich/Räkor: 0 | Wraps/Caesar Kyckling: 0 | Wraps/Kyckling Bacon: 0 | Wraps/Kyckling Curry: 0 | Wraps/Sweet Chili: 2 | XL Frallor/Grovfralla Kalkon & Färskost: 1 | XL Frallor/Ost & Skinka: 1 | XL Frallor/Ost: 1
Västerås,X-tra Stengatan,Thursday,35.79999999999999,28~46,26,Baguette/Kyckling Curry: 1 | Baguette/Ost & Skinka: 0 | Baguette/Salami & Brieost: 1 | Baguette/Skagen: 2 | Fralla/Ost & Skinka: 0 | Fralla/Ost: 0 | Grönsallad/Caesarsallad: 1 | Grönsallad/Kyckling: 0 | Hönökaka/Ost & Salami: 0 | Hönökaka/Ost & Skinka: 0 | Hönökaka/Ost: 0 | Pastasallad/Kyckling & Salladsost: 2 | Pastasallad/Kyckling mangocurry: 1 | Pastasallad/Ost & Skinka: 0 | Pastasallad/Räkor: 2 | Sandwich/Clubsandwich: 2 | Sandwich/Kyckling Curry: 0 | Sandwich/Kyckling Pestoröra: 0 | Sandwich/Räkor: 2 | Varmrätt/Kycklingspett med ris: 1 | Wraps/Caesar Kyckling: 0 | Wraps/Kyckling Bacon: 2 | Wraps/Kyckling Curry: 2 | Wraps/Sweet Chili: 1 | XL Frallor/Grovfralla Kalkon & Färskost: 1 | XL Frallor/Ost & Skinka: 1
Västerås,Xtra Surahammar,Thursday,21.599999999999998,20~33,20,Baguette/Kyckling Curry: 0 | Baguette/Kyckling Sweet Chili: 1 | Baguette/Ost & Skinka: 1 | Baguette/Salami & Brieost: 0 | Baguette/Skagen: 0 | Fralla/Ost & Skinka: 2 | Fralla/Ost: 0 | Pastasallad/Bacon & Kyckling: 1 | Pastasallad/Kyckling & Salladsost: 0 | Pastasallad/Kyckling mangocurry: 0 | Pastasallad/Ost & Skinka: 0 | Pastasallad/Räkor: 0 | Varmrätt/Cevapcici med bulgur: 1 | Varmrätt/Kycklingspett med ris: 1 | Varmrätt/Pannbiff med Basmatiris: 1 | Varmrätt/Tacobolognese med fullkornspasta: 1 | Wraps/Caesar Kyckling: 0 | Wraps/Kyckling Bacon: 0 | Wraps/Kyckling Curry: 0 | Wraps/Sweet Chili: 0
Västerås,Xtra igor,Thursday,37.19999999999999,29~51,25,Baguette/Kyckling Curry: 0 | Baguette/Ost & Skinka: 2 | Baguette/Salami & Brieost: 1 | Baguette/Skagen: 2 | Glutenfri Frallor/Glutenfri Ost & Skinka(endast söndagsbeställning): 1 | Glutenfri Frallor/Glutenfri Pumpafralla Kalkon & Färskost(endast söndagsbeställning): 0 | Grönsallad/Caesarsallad: 2 | Grönsallad/Kyckling: 0 | Pastasallad/Bacon & Kyckling: 0 | Pastasallad/Kyckling & Salladsost: 2 | Pastasallad/Kyckling mangocurry: 2 | Pastasallad/Ost & Skinka: 0 | Pastasallad/Räkor: 1 | Sandwich/Bacon & Äggröra: 0 | Sandwich/Kyckling Curry: 0 | Sandwich/Räkor: 1 | Sandwich/Ägg & Avocadokräm: 1 | Wraps/Caesar Kyckling: 2 | Wraps/Kyckling Bacon: 2 | Wraps/Kyckling Curry: 2 | Wraps/Kycklingsallad Olivie: 0 | Wraps/Sweet Chili: 2 | XL Frallor/Grovfralla Kalkon & Färskost: 0 | XL Frallor/Ost & Skinka: 0 | XL Frallor/Ost: 0
