tree
version=v4
num_class=1
num_tree_per_iteration=1
label_index=0
max_feature_idx=60
objective=binary sigmoid:1
feature_names=week month week_sin week_cos is_december is_summer is_holiday_week n_holidays is_high_impact_holiday is_pre_holiday_week is_post_holiday_week lag_1w lag_2w rolling_mean_4w rolling_mean_12w rolling_std_4w rolling_median_4w rolling_max_4w trend_4w yoy_same_week rolling_return_rate_4w censored_ratio_4w store_avg_weekly store_std_weekly store_product_share product_avg_weekly product_n_stores category_season_avg namn_te product_id_te typ_te season_winter season_spring season_summer season_autumn recent_zero_count weeks_since_nonzero active_ratio_8w nonzero_mean_4w demand_cv_4w lag1_zscore temp_mean temp_max temp_min temp_range precip_total rain_total snow_total wind_max gust_max sunshine_hrs rain_days snow_days is_rainy_week is_snowy_week is_cold is_hot temp_anomaly bad_weather temp_mean_lag1w precip_total_lag1w
feature_infos=[2:51] [1:12] [-1:1] [-1:0.99270887409805397] [0:1] [0:1] none [1:2] [0:1] none none [0:150] [0:150] [0:142.5] [0:129] [0:66.5] [0:142.5] [0:150] [-39.40000000000002:39.900000000000006] [0:146] [0:3.625] [0:1] [0:63.911764705882362] [0:43.017048130606518] [0:0.37029431895961668] [0:7.7807486631016038] [0:118] [0:7.4118828932261769] [0.029985314601571899:62.179782501235792] [0.019644317083846001:7.7707700923593883] [0.0034547613255535999:6.8558346717202943] [0:1] [0:1] [0:1] [0:1] [0:4] [1:12] [0:1] [0:142.5] [0:2.0000000000001861] [-1.5:1.5] [-5.2142857142857144:21.957142857142856] [1.2:28.399999999999999] [-15.9:16.399999999999999] [6.0999999999999996:22.600000000000001] [0:73.900000000000006] [0:73.900000000000006] [0:17.919999999999998] [13.5:42] [30.600000000000001:91.400000000000006] [2.314975:108.38069444444444] [0:7] [0:6] [0:1] [0:1] [0:1] [0:1] [-6.2854922755128246:6.9577221281525716] [0:3] [-5.2142857142857144:21.957142857142856] [0:73.900000000000006]
tree_sizes=3421 3481 3507 3483 3487 3497 3501 3512 3498 3515 3507 3505 3520 3496 3474 3501 3492 3481 3507 3504 3526 3508 3481 3502 3522 3526 3509 3516 3491 3506 3528 3537 3515 3540 3518 3522 3525 3530 3529 3527 3523 3526 3534 3481 3489 3519 3514 3500 3529 3523 3518 3525 3528 3513 3526 3502 3530 3504 3499 3525 3520

Tree=0
num_leaves=31
num_cat=0
split_feature=13 36 18 12 16 14 39 20 20 13 14 18 14 20 20 40 16 13 0 40 20 21 24 24 20 24 20 40 24 20
split_gain=177596 4423.46 1516.68 1139 1010.12 629.481 330.079 327.216 253.255 206.629 117.108 117.069 111.449 107.743 107.51 97.8927 72.7317 69.483 66.6719 56.0792 55.7265 50.3568 50.0184 49.6388 48.1524 47.7053 38.647 36.7228 35.9084 33.822
threshold=0.37500000000000006 1.5000000000000002 0.099999999999999853 1.5000000000000002 2.7500000000000004 1.0000000180025095e-35 0.61721339984836876 0.37084989401165874 0.24999999999999986 1.6250000000000002 2.4226190476190479 -0.30000000000000071 3.5227272727272729 0.74127435064935077 0.049999999999999954 -0.48245064067700755 1.0000000180025095e-35 0.87500000000000011 3.5000000000000004 -0.49999999999999878 0.27083333333333343 0.87500000000000011 0.025669839372060802 0.024354494264709103 0.12499999999999996 0.010549497139415802 0.33045843045843054 -1.0000000180025095e-35 0.0014362841839941503 0.74127435064935077
decision_type=2 2 2 2 2 10 2 2 2 2 10 2 8 2 2 2 2 2 2 2 2 2 2 2 2 2 2 2 2 2
left_child=2 4 5 7 9 28 -5 11 15 14 -10 18 20 25 -2 -8 29 -16 -3 -4 -6 22 -11 -18 -21 -7 -14 -13 -1 -9
right_child=1 3 19 6 12 13 8 16 10 21 -12 27 26 -15 17 -17 23 -19 -20 24 -22 -23 -24 -25 -26 -27 -28 -29 -30 -31
leaf_value=0.024976833859795336 0.19921978645644922 0.14805473762602811 0.1163949174864303 0.21640755505035081 0.21446913837711123 0.04190281712051111 0.087330027682338329 0.063915966759714532 0.15376126572529381 0.1946540987782073 0.18878258267288464 0.10801654196807325 0.22187517432684012 0.10617324118309125 0.16256254240492179 0.19088438440379221 0.12937471903787753 0.18517707126851074 0.063365160909043566 0.18282676968788783 0.1994066062507561 0.2162593295407082 0.20731546445812726 0.16038478898266365 0.12580907546541642 0.063275744979938597 0.214248657478534 0.16851285483625411 0.029377384421996305 0.11967742703977119
leaf_weight=13692.487935990095 1161.6586049348116 23.490834131836891 78.767038747668266 367.65727165341377 3073.4716665148735 423.96613657474518 136.39893767237663 41.301863208413124 481.02409602701664 1581.1852490752935 486.41762135922909 117.59224942326546 14238.915214926004 123.38126794993877 469.75507755577564 25.347948208451271 305.65000289678574 1402.7593282312155 386.46359610557556 126.4783308506012 882.18664538860321 799.34962342679501 1891.2317381054163 219.36016297340393 50.418866977095604 949.04241140186787 2336.8516948074102 29.60836498439312 10825.420495077968 80.190301522612572
leaf_count=48210 4591 90 295 1469 12262 1510 501 149 1847 6231 1910 438 57067 459 1814 100 1155 5495 1397 495 3487 3193 7512 846 190 3431 9322 115 38233 301
internal_value=0.125345 0.207338 0.0300312 0.146218 0.213265 0.02884 0.175317 0.110039 0.16179 0.19724 0.171476 0.0820286 0.21896 0.0605726 0.187132 0.104233 0.13422 0.179556 0.0683332 0.150999 0.211152 0.204384 0.201597 0.142343 0.166549 0.0565365 0.220812 0.120679 0.0269103 0.0997236
internal_weight=56807.8 30537.9 26270 2700.5 27837.4 26014.3 1496.85 1203.66 1129.19 7305.94 967.442 557.155 20531.4 1496.39 3034.17 161.747 646.502 1872.51 409.954 255.664 3955.66 4271.77 3472.42 525.01 176.897 1373.01 16575.8 147.201 24517.9 121.492
internal_count=214115 121292 92823 10318 110974 91843 5827 4491 4358 28836 3757 2040 82138 5400 11900 601 2451 7309 1487 980 15749 16936 13743 2001 685 4941 66389 553 86443 450
is_linear=0
shrinkage=1


Tree=1
num_leaves=31
num_cat=0
split_feature=13 35 40 18 20 35 16 37 24 35 39 45 20 0 38 20 39 15 39 22 40 24 20 20 37 42 23 20 24 22
split_gain=160299 3444.85 1636.6 1357.85 723.705 417.603 382.223 355.93 172.917 163.062 126.491 118.034 113.707 103.631 83.1154 78.6712 70.5727 68.194 66.7786 53.0962 50.8648 46.1689 45.0899 44.673 46.8355 44.5829 106.713 43.8433 40.6647 45.3853
threshold=0.37500000000000006 1.0000000180025095e-35 -0.49999999999999745 0.099999999999999853 0.23333333333333336 1.5000000000000002 2.7500000000000004 1.0000000180025095e-35 0.022968153807125854 1.0000000180025095e-35 1.1257680346071981 18.000000000000004 0.49655448717948725 3.5000000000000004 3.5833333333333335 0.74127435064935077 0.38252053749146159 1.5 0.55368773923183845 4.2729435357030523 -0.49999999999999878 0.0014362841839941503 0.035714285714285761 0.038894159814463355 0.64583333333333337 27.850000000000005 2.8307237317329319 0.12499999999999996 0.022663632713941551 4.2729435357030523
decision_type=2 2 2 2 2 2 2 2 2 2 2 2 2 2 2 2 2 2 2 2 2 2 2 2 2 2 2 2 2 2
left_child=3 6 4 7 13 14 10 21 19 -9 23 -12 -7 -3 -6 -11 -8 -10 -15 22 -5 -1 -4 -2 -25 -23 -27 -22 29 -18
right_child=1 2 8 20 5 12 16 9 17 15 11 -13 -14 18 -16 -17 28 -19 -20 -21 27 25 -24 24 -26 26 -28 -29 -30 -31
leaf_value=-0.10119344976478223 0.076754581303306924 0.028741683477666393 0.055609507976074148 -0.014793196336260651 0.028436923305093887 -0.039678495179411036 0.085739790821533102 -0.096744825510569191 0.057463554048791998 -0.067332760300140279 0.061511476646949372 -0.027934780855512889 0.004027529778407422 0.06447552819668971 0.056358891935813282 -0.023228822215648585 0.051496430949418609 0.076070118548908064 -0.054943054694998106 0.06056298088666591 0.048556907448610374 -0.09678929776480022 0.034204529589063726 0.043933866518293063 0.067104840914631744 -0.098658273001512267 -0.011460269325612386 -0.0058542284160419357 0.080699748217036751 0.076756464487993892
leaf_weight=13518.684862226248 1322.6190502494574 41.54798911511898 373.35510854423046 78.84310756623745 638.36188694834709 201.50984910130501 13777.701619252563 542.56332531571388 899.04647938907146 922.67224222421646 78.327667951583862 66.116029649972916 549.77544391155243 10.21212401986122 474.78230500221252 118.62610071897507 302.86714325845242 1281.381000623107 469.27266603708267 521.9047737121582 125.97411900758743 10866.49497282505 821.36544442176819 261.97073842585087 2627.3417908996344 96.078614428639412 56.616767421364784 50.438832849264145 5059.264653801918 559.8204108029604
leaf_count=47399 5304 161 1476 295 2468 742 55633 1908 3553 3318 311 246 2089 41 1875 441 1196 5136 1705 2068 495 38229 3197 1027 10459 337 211 190 20358 2247
internal_value=-0.00628229 0.0720942 0.0390991 -0.0964297 0.00646043 0.0210312 0.0807062 -0.0975513 0.0590578 -0.0742791 0.0671805 0.0205763 -0.00773634 -0.0455117 0.0404484 -0.0623865 0.0836889 0.0684693 -0.0520905 0.0470233 0.0181186 -0.0990462 0.0409963 0.0687622 0.0650444 -0.0963918 -0.0670546 0.0329687 0.0788858 0.0680569
internal_weight=56715.5 30338.5 6282.52 26377 2385.46 1864.43 24056 26121.7 3897.05 1583.86 4356.38 144.444 751.285 521.033 1113.14 1041.3 19699.7 2180.43 479.485 1716.63 255.256 24537.9 1194.72 4211.93 2889.31 11019.2 152.695 176.413 5921.95 862.688
internal_count=214115 121292 24511 92823 9081 7174 96781 91843 15430 5667 17347 557 2831 1907 4343 3759 79434 8689 1746 6741 980 86176 4673 16790 11486 38777 548 685 23801 3443
is_linear=0
shrinkage=0.05


Tree=2
num_leaves=31
num_cat=0
split_feature=13 11 15 16 20 37 11 37 11 12 20 37 44 11 0 24 0 37 24 37 20 22 20 44 24 24 20 22 42 20
split_gain=145325 4201.51 1142.59 865.121 753.778 433.065 261.02 204.866 199.838 184.393 131.53 114.626 112.3 90.4828 90.3141 86.121 61.3705 63.6198 59.5422 54.9004 51.7582 51.083 49.5291 43.1309 42.0173 40.8733 40.4071 40.29 109.249 40.1817
threshold=0.37500000000000006 1.0000000180025095e-35 0.49999999999999889 2.7500000000000004 0.24999999999999986 0.86607142857142871 1.0000000180025095e-35 1.0000000180025095e-35 1.5000000000000002 1.0000000180025095e-35 0.46766774891774893 0.77500000000000013 17.100000000000005 4.5000000000000009 48.500000000000007 0.0077094163419790009 3.5000000000000004 0.93750000000000011 0.017529514101745452 0.38750000000000007 0.74127435064935077 4.2729435357030523 0.95297619047619064 13.050000000000002 0.014631019688335902 0.0014362841839941503 0.25000000000000011 1.0900477049057173 27.850000000000005 0.12499999999999996
decision_type=2 2 2 2 2 2 2 2 2 2 2 2 2 2 2 2 2 2 2 2 2 2 2 2 2 2 2 2 2 2
left_child=2 4 7 8 12 9 20 25 11 10 -6 24 16 26 -7 -9 -2 -18 21 -11 -4 -10 23 -17 -3 -1 -5 -27 -29 -8
right_child=1 3 6 13 5 14 29 15 18 19 -12 -13 -14 -15 -16 22 17 -19 -20 -21 -22 -23 -24 -25 -26 27 -28 28 -30 -31
leaf_value=-0.096260145543739017 0.0014000843868453789 0.021931811540884586 -0.055221826576377413 0.077995797251184315 -0.070430519731653193 0.059375339792552079 0.046401015173694493 -0.092047157748015196 0.047171378695739861 -0.0068033605671037369 -0.0063010415520837991 0.058054397947847447 0.038065904620446761 0.082476887412515451 -0.011032248192527207 -0.075462123969734729 -0.059229430810276887 0.06053527294706551 0.069001196314706414 0.024382980500082474 -0.010813350792181325 0.067624570138675427 -0.0068665049029782172 -0.050836703251137476 0.042861656706800123 -0.09494798408991445 0.069284049073851606 -0.089092442857686499 -0.023817408039700685 -0.005979574439755068
leaf_weight=13500.052218586206 49.773220330476761 385.4228967577219 246.83258812129498 4729.2333040088415 106.28066952526569 609.65375177562237 125.34456038475037 449.88333503901958 753.91695620119572 177.37640592455864 311.57236990332603 1228.0581689625978 36.390566647052765 13407.94122505188 47.954335048794746 551.98901548981667 456.51476667821407 9.6223256140947324 3565.9444455951452 653.86370457708836 92.699127808213234 574.33060994744301 37.33359956741333 306.15513934195042 699.47593209147453 5646.2745630741119 2258.277535378933 5275.8250924795866 67.701439708471298 49.674508094787598
leaf_count=47395 190 1498 893 19244 381 2426 495 1584 2985 670 1175 4905 142 54735 182 1967 1648 39 14353 2528 347 2309 140 1110 2758 19840 9124 18615 250 187
internal_value=-0.00599035 0.0691414 -0.0917055 0.0747204 0.00649749 0.0214075 -0.0177912 -0.0931752 0.0597744 0.004072 -0.0229297 0.0475273 -0.0448225 0.0799942 0.0541853 -0.0737816 -0.0508419 -0.0564557 0.0655355 0.0176978 -0.0433049 0.0561225 -0.0643925 -0.0668444 0.0355031 -0.0942334 0.0752045 -0.0917244 -0.0882793 0.0314934
internal_weight=56411.4 30061.6 26349.8 27602.6 2459 1906.7 514.551 25835.2 7207.15 1249.09 417.853 2312.96 552.301 20395.5 657.608 1345.36 515.91 466.137 4894.19 831.24 339.532 1328.25 895.478 858.144 1084.9 24489.9 6987.51 10989.8 5343.53 175.019
internal_count=214115 121292 92823 111911 9381 7362 1922 90901 28808 4754 1556 9161 2019 83103 2608 4801 1877 1687 19647 3198 1240 5294 3217 3077 4256 86100 28368 38705 18865 682
is_linear=0
shrinkage=0.05


Tree=3
num_leaves=31
num_cat=0
split_feature=13 11 18 16 36 36 37 11 0 37 39 13 44 21 22 39 27 42 40 27 39 11 37 39 13 22 37 11 0 44
split_gain=132242 3883.05 1123.1 818.014 710.291 388.836 221.213 185.645 111.582 105.843 88.8629 85.5638 74.6158 55.897 47.2801 42.1772 40.9144 49.883 39.8062 38.2739 37.2788 34.759 34.6591 32.5077 32.3047 27.2198 23.5012 23.1144 16.8493 14.8123
threshold=0.37500000000000006 1.0000000180025095e-35 0.099999999999999853 2.7500000000000004 2.5000000000000004 7.5000000000000009 0.64583333333333337 1.5000000000000002 47.500000000000007 0.77500000000000013 0.398519883915809 1.6250000000000002 17.450000000000003 0.87500000000000011 0.30488687782805429 1.0066445913694344 0.7212121212121213 27.850000000000005 -0.49999999999999878 4.4323744161662386 0.79481951745439949 4.5000000000000009 0.77500000000000013 0.40000000000000063 1.6250000000000002 4.357778637770898 0.38750000000000007 4.5000000000000009 48.500000000000007 13.050000000000002
decision_type=2 2 2 2 2 2 2 2 2 2 2 2 2 2 2 2 2 2 2 2 2 2 2 2 2 2 2 2 2 2
left_child=2 4 5 7 6 29 20 9 11 23 27 -8 15 24 -7 -6 -16 -18 -4 -17 -2 22 -12 -3 -9 -10 -22 -5 -11 -1
right_child=1 3 18 10 12 14 8 13 25 28 21 -13 -14 -15 16 19 17 -19 -20 -21 26 -23 -24 -25 -26 -27 -28 -29 -30 -31
leaf_value=-0.06294645832266603 0.021585513475532149 0.053374996837240396 -0.012224242454383312 0.075727745234420385 0.0089720167535500672 -0.091958215725405315 0.021228124758323086 0.053466528720612395 -0.029021494385556696 0.057105400628725815 0.054584453513215295 0.051680738323803987 0.035571703535053477 0.075209713403433923 -0.092076735788321803 -0.047201090126443856 -0.085521127155118865 -0.05040632642549641 0.030028537905985739 -0.014669627183278203 -0.021838812551452633 0.075563813152946177 0.070126381140042701 0.029786688568868604 0.063605485267969344 0.033476536124459021 0.0012618071695415765 0.080798625859751949 0.029158596477430951 -0.048807220520003886
leaf_weight=492.63872118294239 134.40933893620968 182.68443839251995 79.018989980220795 4082.4908400028944 42.359833151102066 13611.64765676856 359.05356672406197 1311.8447005152702 74.45511882007122 1150.487398609519 496.25430430471897 684.01491358876228 33.849365174770355 818.62352745234966 3548.1017525941133 542.04523807764053 7753.8399619758129 116.07602582871914 175.0857261121273 114.04271002113819 184.41680270433426 3329.3833303153515 2322.0620195269585 897.3499244004488 2716.5024886131287 20.434041351079941 263.86173145473003 9890.9116671234369 67.334982067346573 432.01882362365723
leaf_count=1771 519 732 295 16840 162 48067 1389 5266 278 4638 2010 2728 131 3361 12529 1977 27487 421 685 426 687 13729 9518 3524 11020 80 1004 41006 267 1568
internal_value=-0.00573387 0.0664654 -0.0876035 0.071886 0.00619184 -0.0886278 0.0237479 0.0572993 0.0365587 0.045462 0.0770582 0.0412827 -0.0349771 0.0628849 -0.0898096 -0.0385237 -0.0872303 -0.0850193 0.0167987 -0.0416462 -0.00126767 0.0718664 0.0674392 0.033891 0.0603381 -0.0148915 -0.0082408 0.0793299 0.055631 -0.0564869
internal_weight=55927.3 29718.9 26208.4 27265.9 2452.94 25954.3 1720.65 7144.83 1137.96 2297.86 20121.1 1043.07 732.297 4846.97 25029.7 698.448 11418 7869.92 254.105 656.088 582.688 6147.7 2818.32 1080.03 4028.35 94.8892 448.279 13973.4 1217.82 924.658
internal_count=214115 121292 92823 111911 9381 91843 6685 28808 4475 9161 83103 4117 2696 19647 88504 2565 40437 27908 980 2403 2210 25257 11528 4256 16286 358 1691 57846 4905 3339
is_linear=0
shrinkage=0.05


Tree=4
num_leaves=31
num_cat=0
split_feature=13 11 36 16 20 14 16 11 36 14 37 14 36 20 20 39 0 14 40 20 0 39 20 24 44 24 20 20 20 44
split_gain=120724 3605.47 1014.26 780.594 657.995 457.755 371.949 173.483 109.351 101.434 98.1515 94.6342 88.2921 76.21 73.8429 63.6692 61.8396 57.8 56.6161 53.4712 49.3337 49.3284 41.9344 41.1753 40.3934 38.8952 34.3865 34.1809 33.4434 30.9692
threshold=0.37500000000000006 1.0000000180025095e-35 2.5000000000000004 2.7500000000000004 0.24999999999999986 1.0000000180025095e-35 1.2500000000000002 1.5000000000000002 1.5000000000000002 3.5227272727272729 0.77500000000000013 2.4226190476190479 2.5000000000000004 0.46766774891774893 0.74127435064935077 0.9813067629253166 48.500000000000007 1.4226190476190479 -0.49999999999999878 0.27083333333333343 3.5000000000000004 0.98549145893704249 0.21666666666666667 0.010549497139415802 17.800000000000001 0.014631019688335902 0.33045843045843054 0.12499999999999996 0.34854797979797986 13.950000000000003
decision_type=2 2 2 2 2 10 2 2 2 8 2 10 2 2 2 2 2 8 2 2 2 2 2 2 2 2 2 2 2 2
left_child=2 4 18 7 8 -4 12 10 15 19 25 21 -6 -14 23 -2 -13 28 -1 -5 -10 -8 -19 -7 -22 -3 -11 -20 -9 -25
right_child=1 3 5 9 6 14 11 17 20 26 -12 16 13 -15 -16 -17 -18 22 27 -21 24 -23 -24 29 -26 -27 -28 -29 -30 -31
leaf_value=-0.017061087812221681 0.071955919572029001 0.019288724849223577 -0.086671007706658254 0.070054226054358848 0.0087818457459521108 -0.074584341898988174 0.030437216095343868 0.055161499782136386 0.017497194588753304 0.077174667142802411 0.053377485970519917 0.057014960376972679 -0.060217667778975303 -0.0088091164786702047 -0.019586774964231553 -0.031751386225191892 -0.0011309767696722726 0.069995204797739005 0.044082448044924345 0.054983363944421007 -0.056142893563549651 -0.010138007172782055 0.058428823984128887 -0.062312030840910804 0.015608173954230696 0.039484483152675408 0.069858917886927982 -0.0043649013185961209 0.034123136429618318 -0.042592527237404865
leaf_weight=102.00600239634514 29.464190050959587 382.62723685801029 24228.67712546885 2926.164078488946 494.71131446957588 420.20019797980785 342.02512022852898 1054.3293066322803 24.632664695382118 13862.951958596706 1206.2387568056583 566.39402590692043 100.78932172060013 249.54849684238434 120.93095052242279 25.917976945638657 48.728258669376373 1632.8807261586189 118.97757476568222 821.11242181062698 452.19072759151459 93.610300838947296 1850.7302410900593 570.56677648425102 19.13249084353447 692.14507164061069 2192.0377842783928 50.314873993396759 254.62786114215851 359.4181045293808
leaf_count=379 121 1498 86459 12219 1895 1504 1341 4299 95 58369 4905 2288 363 936 448 97 186 6758 475 3372 1633 353 7571 2056 73 2758 9143 190 1019 1312
internal_value=-0.0055047 0.0640221 -0.0840047 0.0693123 0.00590276 -0.08502 0.0198955 0.0550036 -0.042065 0.0744162 0.0435257 0.0397304 -0.00477376 -0.0239278 -0.0577306 0.0235718 0.0523796 0.0604408 0.0120022 0.0667896 -0.0495099 0.0216547 0.0638946 -0.0610945 -0.0531238 0.032367 0.0761862 0.0296548 0.0511463 -0.0548255
internal_weight=55294.1 29323 25971.1 26875.8 2447.14 25699.8 1895.81 7073.58 551.338 19802.3 2281.01 1050.76 845.049 350.338 1471.12 55.3822 615.122 4792.57 271.298 3747.28 495.956 435.635 3483.61 1350.19 471.323 1074.77 16055 169.292 1308.96 929.985
internal_count=214115 121292 92823 111911 9381 91779 7362 28808 2019 83103 9161 4168 3194 1299 5320 218 2474 19647 1044 15591 1801 1694 14329 4872 1706 4256 67512 665 5318 3368
is_linear=0
shrinkage=0.05


Tree=5
num_leaves=31
num_cat=0
split_feature=36 11 11 14 35 14 21 37 37 36 0 21 39 12 44 39 15 14 42 39 44 27 22 22 22 42 14 22 21 50
split_gain=109566 3530.19 1941.77 916.595 439.51 321.602 162.151 112.327 109.933 115.876 87.4404 77.435 68.6962 39.1676 37.3486 37.0563 35.3672 33.2228 31.318 31.0923 30.3258 28.9971 27.8196 26.7445 23.3453 34.7212 22.8384 28.0793 21.7619 18.8494
threshold=2.5000000000000004 1.0000000180025095e-35 1.5000000000000002 1.0000000180025095e-35 1.0000000180025095e-35 2.5227272727272729 1.0000000180025095e-35 0.53571428571428581 0.64583333333333337 1.5000000000000002 48.500000000000007 0.62500000000000011 0.33379215438097615 1.0000000180025095e-35 16.950000000000006 0.75903339007108117 1.4999999999999989 4.3484848484848486 18.150000000000002 0.79481951745439949 14.950000000000001 4.8628824706891631 4.1507616487455206 2.7441917943648053 0.30488687782805429 27.850000000000005 0.91287878787878796 1.2557189542483662 1.0000000180025095e-35 16.861473611111112
decision_type=2 2 2 10 2 8 2 2 2 2 2 2 2 2 2 2 2 10 2 2 2 2 2 2 2 2 10 2 2 2
left_child=2 3 4 6 13 11 24 18 9 -6 16 28 -7 -1 21 -3 -10 -14 -5 -11 29 -9 -12 -8 -2 -26 27 -13 -4 -15
right_child=1 15 5 7 8 12 23 14 10 19 22 26 17 20 -16 -17 -18 -19 -20 -21 -22 -23 -24 -25 25 -27 -28 -29 -30 -31
leaf_value=0.010895677960121012 -0.085048854847523142 0.067814759185376494 0.037737506605889932 -0.058178089965456842 0.025344158377078992 0.075012499693888082 -0.052430249796712472 -0.03346472649971486 0.026451413815943972 0.017566739911514952 -0.027124298764204316 -0.0016924617910992201 0.064454150070352031 0.037652722061041186 0.031871187114760433 0.024016596362328155 0.042715450630396043 0.071605672360922787 -0.041481861397495615 -0.0099302127928386844 0.065883512826268503 0.009183293817054938 0.031177939431483354 0.0010934424173825608 -0.081832660346045721 -0.056880307009070111 0.066841184197747941 0.054523194328083092 0.05309945400701388 0.053500989688639269
leaf_weight=55.709538593888283 13302.623403042555 380.2318931221962 297.655930519104 1270.3811058700085 686.10749995708466 11284.081937536597 34.101137757301331 330.26119409501553 726.07242046296597 126.77693793177605 79.841560274362564 26.272067725658417 3215.856614023447 272.68733604252338 25.561715185642242 60.731613993644714 670.66039130091667 4492.5908050537109 410.64846852421761 502.03463597595692 470.71444024145603 43.424999043345451 25.11787548661232 63.322072803974152 10457.732967451215 167.98036946356297 1696.1320141255856 113.98894986510277 2195.0873583704233 1048.2846293002367
leaf_count=219 48067 1614 1216 4609 2709 48415 124 1215 2865 491 300 105 13544 1114 99 242 2700 19165 1505 1890 1960 165 99 240 37811 613 7144 471 9075 4329
internal_value=-0.00529947 -0.0780648 0.063725 -0.0804358 0.0342414 0.0696168 -0.0831967 -0.0484881 0.0217709 0.0111598 0.0310184 0.0572145 0.0724361 0.0531968 -0.0243576 0.0619748 0.0343286 0.0686429 -0.0541685 -0.0043087 0.0544845 -0.0284197 -0.0126161 -0.0180679 -0.0834593 -0.0814513 0.0651555 0.043942 0.0513068 0.0503102
internal_weight=54532.7 26547 27985.7 26106 4664.01 23321.7 24025.8 2080.28 2816.61 1314.92 1501.69 4329.14 18992.5 1847.4 399.248 440.964 1396.73 7708.45 1681.03 628.812 1791.69 373.686 104.959 97.4232 23928.3 10625.7 1836.39 140.261 2492.74 1320.97
internal_count=214115 96304 117811 94448 18676 99135 86855 7593 11054 5090 5964 18011 81124 7622 1479 1856 5565 32709 6114 2381 7403 1380 399 364 86491 38424 7720 576 10291 5443
is_linear=0
shrinkage=0.05


Tree=6
num_leaves=31
num_cat=0
split_feature=36 12 11 14 37 14 20 36 20 11 20 0 20 14 37 24 48 11 24 14 24 22 42 22 42 37 24 42 11 12
split_gain=100543 3242.51 1846.56 885.218 375.017 312.33 273.708 148.909 143.3 122.349 86.1996 83.5336 79.1974 59.2808 58.8297 54.8945 43.8077 40.3991 39.7279 39.4846 37.4731 40.648 37.3563 36.9081 34.3474 37.0174 30.4171 37.9186 28.453 23.5415
threshold=2.5000000000000004 1.0000000180025095e-35 1.5000000000000002 1.0000000180025095e-35 0.77500000000000013 2.4226190476190479 0.60005411255411267 1.5000000000000002 0.24999999999999997 1.5000000000000002 0.24999999999999986 48.500000000000007 0.33333333333333343 2.4226190476190479 0.93750000000000011 0.013485730545772701 19.450000000000003 1.0000000180025095e-35 0.014631019688335902 3.9583333333333335 0.017529514101745452 3.2008015162586778 27.150000000000002 4.2085932857991688 8.9500000000000011 0.61250000000000016 0.0014362841839941503 27.850000000000005 1.0000000180025095e-35 1.0000000180025095e-35
decision_type=2 2 2 10 2 8 2 2 2 2 2 2 2 10 2 2 2 2 2 10 2 2 2 2 2 2 2 2 2 2
left_child=2 3 4 17 7 12 15 18 -9 16 -7 14 20 -10 -6 -5 -3 26 -1 -12 21 -4 -17 28 -8 -26 -2 -28 -13 -16
right_child=1 9 5 6 11 10 24 8 13 -11 19 23 -14 -15 29 22 -18 -19 -20 -21 -22 -23 -24 -25 25 -27 27 -29 -30 -31
leaf_value=0.017554934816548299 -0.08230849295315816 -0.046719555256566507 0.034326398525223914 -0.066065235805957787 0.041532487565875166 0.07232577381092449 -0.034956766975005681 -0.038555138405164363 0.0048093651085869384 0.065986596076849993 0.058346262647221883 -0.03494836816666818 0.040806088226182174 0.037002272078255537 0.010362486964517227 -0.049067445362928522 0.023827759212805243 0.010796284247444297 0.035930738428120668 0.067878962946697749 0.062295196736234876 0.056683587045713316 -0.00042846388508033527 0.050137215462250168 -0.011481850392951852 0.026348331343334488 -0.078685644890740869 -0.051270142555452418 0.016088732220710254 0.059631793927487999
leaf_weight=473.47128134965897 13123.730025932193 26.378962993621826 309.01971909403801 661.66231599450111 1188.0694946050644 13511.357298463583 77.651735812425613 165.47123651206493 628.50979955494404 369.86714196205139 1856.1562547981739 44.664407342672348 849.34164740145206 184.40986055135727 27.081765562295914 1014.4299890995026 94.920373484492302 11.184009000658987 837.6240598410368 3496.7076535671949 2132.4482991099358 730.82177178561687 42.187798902392387 39.652023315429688 174.93487767875195 99.730086773633957 10309.397196248174 147.79305370151997 63.385495200753212 978.70558387041092
leaf_count=1870 48214 97 1278 2404 4857 59112 285 606 2405 1599 7895 165 3508 737 107 3713 372 44 3378 15175 9081 3086 159 163 652 383 37837 545 257 4131
internal_value=-0.00511358 -0.0753065 0.0616021 -0.0777431 0.0327769 0.0674305 -0.0462936 0.0183454 0.00354253 0.0517509 0.0701422 0.0468491 0.054676 0.0122159 0.0493015 -0.0545188 0.00777411 -0.0804981 0.0293506 0.0646011 0.0583535 0.0501421 -0.0471535 0.010083 -0.00602706 0.002255 -0.0805434 -0.0783104 -0.00503295 0.0583532
internal_weight=53670.8 26153.9 27516.9 25662.7 4631.05 22885.9 2070.6 2289.49 978.391 491.166 18864.2 2341.56 4021.63 812.92 2193.86 1718.28 121.299 23592.1 1311.1 5352.86 3172.29 1039.84 1056.62 147.702 352.317 274.665 23580.9 10457.2 108.05 1005.79
internal_count=214115 96304 117811 94236 18676 99135 7596 8996 3748 2068 82182 9680 16953 3142 9095 6276 469 86640 5248 23070 13445 4364 3872 585 1320 1035 86596 38382 422 4238
is_linear=0
shrinkage=0.05


Tree=7
num_leaves=31
num_cat=0
split_feature=17 11 11 12 14 20 37 20 14 14 36 20 24 40 0 20 40 20 24 24 20 16 20 20 24 60 24 42 22 42
split_gain=93029.3 3886.27 776.243 647.582 301.118 270.512 222.677 206.894 164.112 137.614 89.8526 69.0124 64.5266 49.4137 45.6835 43.9514 41.6314 40.8 40.1469 36.4874 33.5309 32.4432 31.0289 30.5561 30.0119 28.9317 27.8976 36.7955 91.4235 29.7819
threshold=1.0000000180025095e-35 1.0000000180025095e-35 2.5000000000000004 1.0000000180025095e-35 1.0000000180025095e-35 0.24999999999999986 0.77500000000000013 0.4642857142857143 2.4226190476190479 1.7638888888888891 1.5000000000000002 0.42386137147166569 0.024075308623967753 -0.635488909302242 47.500000000000007 0.24999999999999997 -1.0172511619025195 0.053146210407239804 0.010135875419510101 0.020248976283314454 0.74127435064935077 1.2500000000000002 0.95297619047619064 0.66682330827067682 0.019527648407107454 9.6000000000000032 0.0014362841839941503 27.850000000000005 2.5051150895140668 28.050000000000001
decision_type=2 2 2 2 10 2 2 2 10 8 2 2 2 2 2 2 2 2 2 2 2 2 2 2 2 2 2 2 2 2
left_child=4 3 6 7 26 10 12 24 16 23 -5 19 17 -9 -10 -8 -7 -3 -6 -11 -15 -17 -20 -4 -2 -26 -1 -28 -29 -30
right_child=1 2 9 5 18 8 15 13 14 11 -12 -13 -14 20 -16 21 -18 -19 22 -21 -22 -23 -24 -25 25 -27 27 28 29 -31
leaf_value=-0.079748604125165518 -0.062923353667991858 0.04027612205889447 0.050794506254191567 0.042625494881697007 -0.066764366646438159 0.023604757356870187 0.060248806850493643 0.012410316947022517 0.050901240836036227 0.061669118471631194 -0.039278618676351823 0.057229813917055172 0.045142489143849961 -0.052865096079527642 0.0042566842478190987 0.032388446104457597 0.0017567136035715745 0.022046073523795728 -0.047934622040227207 0.070219335054515025 -0.0085274352017653456 0.051813814429599925 0.00089269058564171743 0.0026498183742265603 -0.054635775878322336 -0.023181799512654963 -0.076243627905801276 -0.078419057328855263 0.021667921239427384 -0.067461842646383247
leaf_weight=12872.019450709224 281.54837776720524 474.48023970425129 956.8829473555088 37.13472992181778 355.56517580151558 438.38613605499268 1922.7428708821535 208.29592342674732 557.91715002059937 1571.0244019031525 230.98898050189018 1340.5799405425787 981.73210346698761 59.949652016162872 59.649224922060966 267.87048995494843 437.81167700886726 935.8458314538002 824.69041420519352 15384.26965996623 146.08890734612942 1778.4935449808836 32.74960395693779 35.50133116543293 155.01655869185925 153.71856302022934 10074.257980138063 93.479728117585182 43.247908219695091 9.7938208132982236
leaf_count=48207 1023 1962 4083 154 1308 1729 8340 794 2316 6922 845 5831 4103 218 230 1106 1668 3785 3043 68710 546 7607 123 144 565 574 37634 344 166 35
internal_value=-0.00494508 0.0564796 0.0625519 0.000167619 -0.0767565 0.0184379 0.0473598 -0.0318227 0.026746 0.0675554 -0.0276109 0.0685493 0.0352225 -0.00463078 0.0464646 0.0546468 0.0127452 0.0282453 -0.0522374 0.0694359 -0.0219324 0.0493173 -0.0460429 0.0491061 -0.0507871 -0.0393054 -0.0780387 -0.0758676 -0.0491689 0.00290317
internal_weight=52721.7 28415.9 25649.4 2766.51 24305.8 1761.89 6361.17 1004.62 1493.76 19288.3 268.124 18295.9 2392.06 414.334 617.566 3969.11 876.198 1410.33 1213.01 16955.3 206.039 2046.36 857.44 992.384 590.283 308.735 23092.8 10220.8 146.521 53.0417
internal_count=214115 123255 112593 10662 90860 6942 26903 3720 5943 85690 999 81463 9850 1558 2546 17053 3397 5747 4474 75632 764 8713 3166 4227 2162 1139 86386 38179 545 201
is_linear=0
shrinkage=0.05


Tree=8
num_leaves=31
num_cat=0
split_feature=17 11 16 36 14 20 20 11 14 14 37 0 24 28 20 37 20 0 24 24 40 20 20 40 42 3 20 24 42 23
split_gain=85727.5 3635.52 758.409 571.825 294.196 250.88 170.373 165.36 150.797 98.7923 87.7837 57.0755 56.5293 52.6648 50.715 47.8586 42.3465 40.9162 40.8626 37.8676 37.7591 36.9235 34.2542 34.0105 32.272 29.6383 28.4956 28.0439 35.0875 87.8444
threshold=1.0000000180025095e-35 1.0000000180025095e-35 2.7500000000000004 2.5000000000000004 1.0000000180025095e-35 0.24999999999999986 0.42386137147166569 1.5000000000000002 2.4226190476190479 3.5227272727272729 0.81666666666666676 19.500000000000004 0.030088530023467102 4.3036561130940774 0.27083333333333343 0.86607142857142871 0.053146210407239804 47.500000000000007 0.014631019688335902 0.010135875419510101 -0.635488909302242 0.74127435064935077 0.33045843045843054 -0.99339926779878185 26.900000000000002 0.40966402954315179 0.95297619047619064 0.0014362841839941503 27.850000000000005 2.8307237317329319
decision_type=2 2 2 2 10 2 2 2 10 8 2 2 2 2 2 2 2 2 2 2 2 2 2 2 2 2 2 2 2 2
left_child=4 3 7 5 27 11 23 10 18 14 16 15 13 -9 -4 -2 -3 -10 -7 -6 25 -22 -11 -5 -25 -8 -21 -1 -29 -30
right_child=1 2 9 6 19 8 20 12 17 22 -12 -13 -14 -15 -16 -17 -18 -19 -20 26 21 -23 -24 24 -26 -27 -28 28 29 -31
leaf_value=-0.077461933827709717 -0.028484046553070314 0.040452043135214735 0.061579610065972359 0.0025882722773282892 -0.064324823149806587 -0.0033629585505891833 0.02316159375694633 0.042526449620763525 0.048206205667767982 0.068880065643557226 0.045773063903846521 -0.045263842518590468 0.059147500704014269 0.057885761229168511 0.046536724593495241 0.027847780693620483 0.020075661617075753 0.0040527329764952829 0.019537375122212392 -0.045917038521892904 -0.05418426570184473 -0.0072522943502089047 0.061397363345736956 -0.054214261952027588 0.0080406368473751721 -0.014694850884427575 0.00085059526986345623 -0.073923445526411863 -0.077354829273980519 0.0019879510776930911
leaf_weight=12596.417002156377 77.89840441942215 373.88583165407181 2710.385909229517 29.370826706290245 350.79428255558014 292.95005518198013 129.528216406703 1855.5130549222231 565.06810432672501 12719.683710977435 1139.0568066835403 155.92863684892654 1811.5607264041901 856.64047689735889 773.63755744695663 69.300349354743958 857.11473189294338 59.619895413517952 566.55750460922718 818.13592931628227 59.536582618951797 138.87383003532887 2033.1912185549736 505.49869440495968 20.480846658349037 82.666223168373108 32.750832840800285 9876.0043609142303 89.681692808866501 55.179199904203415
leaf_count=48207 289 1541 12219 112 1308 1121 498 7948 2371 58369 4857 568 7957 3742 3372 278 3445 230 2217 3043 217 519 9143 1856 78 308 123 37634 336 209
internal_value=-0.00479182 0.0547114 0.0606868 0.000157145 -0.0744497 0.0169133 -0.0307922 0.0465171 0.025385 0.066036 0.035721 -0.0243791 0.0521496 0.047426 0.0582751 -0.00177799 0.0263403 0.0440585 0.0117134 -0.0501147 -0.00624987 -0.02186 0.067859 -0.0488054 -0.0517215 0.00829735 -0.0440899 -0.075737 -0.0735513 -0.0473465
internal_weight=51702.9 27883.9 25130.7 2753.28 23819 1787.32 965.955 6893.77 1484.2 18236.9 2370.06 303.127 4523.71 2712.15 3484.02 147.199 1231 624.688 859.508 1201.68 410.605 198.41 14752.9 555.35 525.98 212.194 850.887 22617.3 10020.9 144.861
internal_count=214115 123255 112593 10662 90860 7074 3588 29490 5939 83103 9843 1135 19647 11690 15591 567 4986 2601 3338 4474 1542 736 67512 2046 1934 806 3166 86386 38179 545
is_linear=0
shrinkage=0.05


Tree=9
num_leaves=31
num_cat=0
split_feature=13 11 14 39 14 18 36 35 20 20 36 20 24 20 14 20 24 44 21 24 44 24 0 24 42 22 14 36 24 44
split_gain=79390.2 2600.13 778.763 746.185 299.764 283.665 228.574 174.372 157.254 123.142 120.922 110.92 66.3806 66.0022 57.7999 56.8826 48.3182 36.3382 35.9778 34.4274 33.4884 31.7534 30.438 28.5483 33.7043 79.463 27.546 23.0886 22.9316 22.3322
threshold=0.37500000000000006 1.5000000000000002 1.0000000180025095e-35 1.1257680346071981 1.9583333333333337 0.099999999999999853 2.5000000000000004 1.0000000180025095e-35 0.46766774891774893 0.24746023452920005 1.5000000000000002 0.24999999999999986 0.027059854541947204 0.2687500000000001 3.9583333333333335 0.74127435064935077 0.014631019688335902 14.950000000000001 1.0000000180025095e-35 0.010549497139415802 17.800000000000001 0.023429746166113655 5.5000000000000009 0.0014362841839941503 27.850000000000005 2.5051150895140668 3.5227272727272729 1.5000000000000002 0.024556514461856405 14.950000000000001
decision_type=2 2 10 2 8 2 2 2 2 2 2 2 2 2 10 2 2 2 2 2 2 2 2 2 2 2 10 2 2 2
left_child=2 3 18 7 13 15 12 17 20 10 -9 26 27 -3 28 19 -11 -2 23 -4 -8 -10 -21 -1 -25 -26 -6 -5 -13 -15
right_child=1 4 5 6 11 -7 8 9 21 16 -12 14 -14 29 -16 -17 -18 -19 -20 22 -22 -23 -24 24 25 -27 -28 -29 -30 -31
leaf_value=-0.075408440114355282 0.041670396735598782 0.050096883088102229 -0.062281073788868761 0.011011423120755702 0.062185791399847104 0.011802090915432668 -0.052706690011698865 0.026731426103688422 -0.015699056003063705 0.011819593003463641 -0.040306471775116405 0.044521935666933507 0.028130097907277069 0.025947217034499766 0.062252642913329936 -0.013567912911720223 0.034533750685260899 0.058640750334014273 -0.00025789383933645936 -0.022360392001652435 0.022104745955692506 0.016293762741101617 -0.048016332169030958 -0.071811376642974309 -0.07374699697736381 0.0025509203920907973 0.06776928912199047 -0.0083704096010631095 0.055526431587490148 0.05000832201343907
leaf_weight=12300.017970040441 1310.9869265109301 1845.582088470459 399.31599095463753 275.97646114230156 3477.8811604827642 241.45380941033363 359.33767536282539 128.52921532094479 173.64638964831829 309.83291575312614 136.54138889908791 838.94121034443378 326.28593425452709 500.52369801700115 3275.3778928369284 123.24925889074802 1045.8302197754383 453.51167410612106 17.40655954182148 146.92053717374802 14.080472290515898 136.65432479977608 768.68051859736443 9667.4507029801607 89.949159950017929 53.073746800422668 10247.904730424285 341.38393057882786 1496.7026100456715 126.62123683094978
leaf_count=48207 5667 8157 1510 1104 16035 951 1326 528 647 1231 500 3697 1314 2128 15180 459 4309 1999 68 554 54 522 2877 37652 344 201 48327 1299 6723 545
internal_value=-0.00465082 0.0543345 -0.0711051 0.0218431 0.0617983 -0.0381808 -0.00596329 0.0352133 -0.0279455 0.0232949 -0.00775032 0.0639032 0.00996289 0.0452896 0.0578536 -0.0465946 0.029386 0.0461077 -0.0735994 -0.0496459 -0.0497165 -0.00151547 -0.0439844 -0.073656 -0.0714414 -0.0456168 0.0663656 0.000260999 0.0516259 0.0309884
internal_weight=50629.7 26822.1 23807.5 5012.6 21809.5 1679.62 1627.37 3385.23 683.719 1620.73 265.071 19336.8 943.646 2472.73 5611.02 1438.17 1355.66 1764.5 22127.9 1314.92 373.418 310.301 915.601 22110.5 9810.47 143.023 13725.8 617.36 2335.64 627.145
internal_count=214115 121292 92823 20500 100792 6351 6266 14234 2549 6568 1028 89962 3717 10830 25600 5400 5540 7666 86472 4941 1380 1169 3431 86404 38197 545 64362 2403 10420 2673
is_linear=0
shrinkage=0.05


Tree=10
num_leaves=31
num_cat=0
split_feature=13 11 14 39 14 18 36 35 20 20 36 24 28 20 24 20 20 14 2 44 21 24 44 0 24 19 28 28 24 14
split_gain=73382 2480 756.565 683.134 297.356 260.043 207.4 163.249 144.025 112.075 109.739 98.2261 75.8346 63.0643 60.3593 52.8678 48.3669 47.6934 37.5431 34.6548 34.1273 32.8572 30.7785 29.4329 29.1365 33.1374 51.455 40.3187 28.7052 24.6779
threshold=0.37500000000000006 1.5000000000000002 1.0000000180025095e-35 1.1257680346071981 3.3484848484848491 0.099999999999999853 2.5000000000000004 1.0000000180025095e-35 0.46766774891774893 0.24746023452920005 1.5000000000000002 0.017225033987584553 4.1432692089360152 0.32142857142857151 0.027059854541947204 0.74127435064935077 0.33045843045843054 2.0871212121212124 -0.66312265824079508 14.950000000000001 1.0000000180025095e-35 0.010549497139415802 17.800000000000001 37.500000000000007 0.0014362841839941503 5.5000000000000009 0.33897330882150423 1.1130078159254366 0.023429746166113655 1.9583333333333337
decision_type=2 2 10 2 8 2 2 2 2 2 2 2 2 2 2 2 2 10 2 2 2 2 2 2 2 8 2 2 2 10
left_child=2 3 20 7 11 15 14 19 22 10 -9 12 18 -13 -5 21 -6 -11 -3 -2 24 -4 -8 -23 -1 26 -26 -27 -10 -15
right_child=1 4 5 6 16 -7 8 9 28 17 -12 13 -14 29 -16 -17 -18 -19 -20 -21 -22 23 -24 -25 25 27 -28 -29 -30 -31
leaf_value=-0.073556178035245098 0.040117054867989582 0.040170767076542324 -0.060177188223409409 0.00024686528888744774 0.065349918624412501 0.011235985865975354 -0.050555754883276662 0.025581366518762857 -0.014921648601583182 0.019284055393273505 -0.038425062928545764 0.058039166130468701 0.051234999497593692 0.033025770037572552 0.026870503857348505 -0.012911121501939311 0.056931781215296046 0.038372452975119084 0.01835302468424007 0.056829071067272502 -0.0002463345926844631 -0.034093513244980854 0.021141106819973624 -0.052971952351259545 -0.068050320621252269 -0.074053353799792845 -0.040354957133610855 -0.066835398561738785 0.015500885230018453 0.04940273873925255
leaf_weight=11987.235253691673 1294.1718629449606 405.31681214272976 392.84751592576504 616.96121218800545 12598.251142010093 241.04939906299114 356.06318120658398 127.70343819260597 173.66227687895298 727.93191373348236 136.17265328764915 3705.6871430873871 812.47480915486813 365.70655487477779 324.63838931918144 123.14738066494465 2190.4783089905977 618.59361281991005 406.12346316874027 444.85572716593742 17.406082257628441 524.24646592140198 14.077393665909765 382.98466604948044 548.77590548992157 4392.0722117125988 266.822141289711 4375.6766296178102 136.5665722489357 808.56635013222694
leaf_count=48207 5667 1786 1510 2403 60866 951 1326 528 647 2931 500 17208 3691 1581 1314 459 10260 2609 1759 1999 68 1983 54 1448 2197 17495 1082 17423 522 3641
internal_value=-0.00452019 0.0527495 -0.0692078 0.0209335 0.0601741 -0.036627 -0.00568409 0.0338263 -0.0266872 0.0222795 -0.00739556 0.0511978 0.0403663 0.054779 0.00948998 -0.0447554 0.0641126 0.0281157 0.0293538 0.0444668 -0.0717147 -0.0477281 -0.0476628 -0.0421895 -0.0717712 -0.069521 -0.0591413 -0.07047 -0.0014357 0.0443885
internal_weight=49516.3 26264 23252.3 4971.4 21292.6 1664.28 1621.97 3349.43 680.369 1610.4 263.876 6503.88 1623.92 4879.96 941.6 1423.23 14788.7 1346.53 811.44 1739.03 21588 1300.08 370.141 907.231 21570.6 9583.35 815.598 8767.75 310.229 1174.27
internal_count=214115 121292 92823 20500 100792 6351 6266 14234 2549 6568 1028 29666 7236 22430 3717 5400 71126 5540 3545 7666 86472 4941 1380 3431 86404 38197 3279 34918 1169 5222
is_linear=0
shrinkage=0.05


Tree=11
num_leaves=31
num_cat=0
split_feature=17 11 11 12 14 20 37 39 20 37 36 37 36 20 20 14 39 36 14 0 20 28 42 28 42 25 26 25 19 20
split_gain=67723.8 3027.78 725.15 459.391 282.989 214.988 192.027 139.506 128.134 82.0077 67.1263 61.4989 55.0994 48.4597 42.6216 41.8319 41.5962 37.1171 36.5921 35.4516 31.0105 30.3811 27.1339 26.5147 31.5591 42.3847 110.401 32.7423 45.2097 25.6578
threshold=1.0000000180025095e-35 1.0000000180025095e-35 2.5000000000000004 1.5000000000000002 1.0000000180025095e-35 0.45720390720390724 0.77500000000000013 0.61721339984836876 0.24999999999999986 0.53571428571428581 1.5000000000000002 0.64583333333333337 2.5000000000000004 0.049999999999999954 0.24999999999999986 3.5227272727272729 1.0801234497346444 1.5000000000000002 1.7638888888888891 48.500000000000007 0.95297619047619064 4.3036561130940774 26.900000000000002 0.33897330882150423 27.850000000000005 1.2026143790849675 7.0000000000000009 1.2026143790849675 5.5000000000000009 0.66682330827067682
decision_type=2 2 2 2 10 2 2 2 2 2 2 2 2 2 2 8 2 2 8 2 2 2 2 2 2 2 2 2 8 2
left_child=4 3 6 5 23 12 13 15 10 -10 -5 -7 -2 -3 -8 -4 -15 -11 29 -13 -6 -16 -14 -1 27 26 -26 -25 -29 -9
right_child=1 2 7 8 20 11 14 18 9 17 -12 19 22 16 21 -17 -18 -19 -20 -21 -22 -23 -24 24 25 -27 -28 28 -30 -31
leaf_value=-0.071793624346817492 -0.018433542870992633 0.040325614196571685 0.057154714380370376 0.054024241368305297 -0.046167730771284894 -0.0084698656481907806 0.053630286715747558 0.04224493089109705 0.0018186785121318057 0.062800404553469816 -0.033537822343944687 0.028503679411122747 -0.04771782419170037 0.029521147569628533 0.038775201002919396 0.064299600934686701 0.011487051249332468 0.032249240450351463 0.053879553598938368 -0.037092772672279749 -0.0036707676592987585 0.053712339559178091 0.0094302293537530009 -0.071541237936230281 -0.069184207230781336 -0.073452664327216158 0.041022459990942256 -0.046919336120002153 -0.066548665160993753 -0.0013101094842350313
leaf_weight=11639.189595714211 311.64702346920967 703.7916556596756 2801.2400794029236 24.243649795651436 1116.1797674298286 460.79630695283413 1746.7533806860447 623.91731011867523 210.72463765740395 120.69240164756775 128.79103964567184 221.31056705117226 495.68880245089531 1136.6196387559175 1470.7169782966375 11805.6196218431 457.02522864937782 694.12599851191044 2231.7335284799337 20.658740490674973 46.350619658827782 485.29912279546261 20.290593162178993 4482.5891701728106 48.635741263628006 67.138404533267021 39.171229019761086 347.61840631067753 4380.9228706210852 34.444342434406281
leaf_count=48012 1180 3075 13420 108 4300 1736 8181 2817 815 547 475 885 1873 4899 6640 58701 1876 2889 10608 76 174 2232 78 18414 199 259 155 1431 17916 144
internal_value=-0.00439911 0.0500107 0.0557808 -3.40398e-05 -0.0687206 -0.0181025 0.0407413 0.0609317 0.0233978 0.0297715 -0.0189871 0.00220623 -0.0353413 0.0293105 0.0478073 0.0629391 0.0243859 0.0369478 0.0507406 0.0225426 -0.044504 0.042545 -0.0453945 -0.0700553 -0.0678776 -0.0439175 -0.0199233 -0.0682683 -0.0651313 0.0399313
internal_weight=48373.9 26206.1 23497.2 2708.97 22167.8 1530.39 6000.21 17497 1178.58 1025.54 153.035 702.766 827.626 2297.44 3702.77 14606.9 1593.64 814.818 2890.1 241.969 1162.53 1956.02 515.979 21005.3 9366.08 154.945 87.807 9211.13 4728.54 658.362
internal_count=214115 123255 112593 10662 90860 5828 26903 85690 4834 4251 583 2697 3131 9850 17053 72121 6775 3436 13569 961 4474 8872 1951 86386 38374 613 354 37761 19347 2961
is_linear=0
shrinkage=0.05


Tree=12
num_leaves=31
num_cat=0
split_feature=17 11 36 14 14 35 24 20 24 22 39 20 39 22 22 2 24 24 19 22 22 42 42 12 44 44 16 20 0 2
split_gain=62767 2862.46 782.312 295.619 282.292 279.364 108.551 97.6553 96.0075 72.2684 71.1743 61.9772 49.9977 44.432 39.1484 35.5791 34.7036 31.2039 32.5489 51.2085 42.3744 78.7691 38.9267 30.7259 30.479 29.7994 29.7016 36.4327 28.1001 27.8933
threshold=1.0000000180025095e-35 1.5000000000000002 2.5000000000000004 3.3484848484848491 1.0000000180025095e-35 1.0000000180025095e-35 0.014631019688335902 0.42386137147166569 0.017225033987584553 4.1507616487455206 1.0066445913694344 0.2916666666666668 0.32825127926289027 4.2729435357030523 4.5341187611408209 -0.66312265824079508 0.010135875419510101 0.0017778260545818002 5.5000000000000009 0.30488687782805429 1.0900477049057173 27.850000000000005 16.550000000000004 1.0000000180025095e-35 16.950000000000006 16.150000000000002 1.0000000180025095e-35 0.74127435064935077 27.500000000000004 -0.66312265824079508
decision_type=2 2 2 8 10 2 2 2 2 2 2 2 2 2 2 2 2 2 8 2 2 2 2 2 2 2 2 2 2 2
left_child=4 2 5 8 17 23 14 10 9 15 -4 -10 -5 -8 -7 -3 -6 -1 19 25 -20 -22 -21 -2 -12 -19 27 -9 -25 -18
right_child=1 3 7 12 16 6 13 26 11 -11 24 -13 -14 -15 -16 -17 29 18 20 22 21 -23 -24 28 -26 -27 -28 -29 -30 -31
leaf_value=-0.07033930677572163 0.0034323969974196984 0.037126778566774876 0.013338050308259859 0.063784883288899127 -0.056812345334785241 -0.0056474322350967823 0.01847367411719061 -0.053283081763283925 0.055331928248947407 0.048113555624391742 -0.045922721858880126 0.042093990912090859 0.057417584818910752 0.039726310655096991 0.021809139874709772 0.015654940160956667 -0.050564030331040857 -0.066649258528693467 -0.070782991312011462 -0.019714654486970323 -0.064054687152980599 -0.0064508669145810276 -0.060952186341930108 0.049939798749665983 0.0095924255859009475 0.0024130619322026217 0.007007058630906695 -0.0053896186632654266 0.036215364167013757 -0.030290459387486202
leaf_weight=11472.712535664439 53.634281560778618 393.5645694732666 60.738676354289055 8468.7276298254728 329.62613315880299 642.04789772629738 1623.6906880587339 55.024219840764999 3405.7661494612694 781.7219375371933 490.60959263145924 1276.0579479187727 5522.7510589659214 294.04115954041481 160.59304232895374 397.69459643959999 266.20885547995567 505.23902237415314 4159.6090945452452 152.04323953390121 3965.6551598310471 61.709522932767868 95.745580464601517 739.87729302048683 24.593852058053017 15.25434100627899 223.50440113246441 137.31865432858467 882.31460231542587 552.79192605614662
leaf_count=48802 219 1786 248 43478 1308 2516 6650 204 16552 3691 1874 5878 27648 1238 650 1759 1029 2130 17495 643 16617 237 395 3411 95 67 852 514 3992 2137
internal_value=-0.00428614 0.0486043 0.016202 0.0572236 -0.067123 0.025253 0.0153274 -0.0238624 0.0481248 0.0372708 -0.0371665 0.0517487 0.0612819 0.0217833 -8.22758e-05 0.026433 -0.0428089 -0.0684846 -0.0660905 -0.0555448 -0.0670632 -0.0631819 -0.0361094 0.0413129 -0.0431975 -0.0645759 -0.00528705 -0.0196267 0.0425442 -0.0370178
internal_weight=47210.9 25634.3 5387.99 20246.3 21576.6 4396.2 2720.37 991.789 6254.81 1572.98 575.942 4681.82 13991.5 1917.73 802.641 791.259 1148.63 20428 8955.26 768.282 8186.97 4027.36 247.789 1675.83 515.203 520.493 415.847 192.343 1622.19 819.001
internal_count=214115 123255 22463 100792 90860 18676 11054 3787 29666 7236 2217 22430 71126 7888 3166 3545 4474 86386 37584 3235 34349 16854 1038 7622 1969 2197 1570 718 7403 3166
is_linear=0
shrinkage=0.05


Tree=13
num_leaves=31
num_cat=0
split_feature=13 11 14 36 14 20 18 16 21 37 24 14 22 20 20 20 0 24 2 0 23 14 24 24 21 44 44 24 22 20
split_gain=58386.4 2184.32 704.155 538.418 296.331 281.551 199.908 153.936 106.282 92.2692 80.0702 65.331 51.2091 47.5829 46.0082 44.4727 37.0386 34.6116 35.737 61.0605 149.929 32.9988 31.3587 31.2587 29.3893 28.3038 27.8408 25.2733 32.1944 24.8204
threshold=0.37500000000000006 1.5000000000000002 1.0000000180025095e-35 1.5000000000000002 3.5227272727272729 0.24999999999999997 0.099999999999999853 0.75000000000000011 0.62500000000000011 0.77500000000000013 0.019257905781894454 2.4226190476190479 4.1507616487455206 0.49655448717948725 0.375 0.74127435064935077 3.5000000000000004 0.0014362841839941503 -0.70581670320594825 33.500000000000007 2.8307237317329319 1.4226190476190479 0.010549497139415802 0.0095437095190061515 1.0000000180025095e-35 13.950000000000003 17.800000000000001 0.043326160251490713 4.2729435357030523 0.52172474176150652
decision_type=2 2 10 2 8 2 2 2 2 2 2 10 2 2 2 2 2 2 2 2 2 10 2 2 2 2 2 2 2 2
left_child=2 3 17 9 8 16 15 13 10 23 12 -9 -3 -7 -6 22 -5 -1 19 20 -19 -10 -4 -2 -21 -24 -18 28 -11 -12
right_child=1 4 6 5 14 7 -8 11 21 27 29 -13 -14 -15 -16 -17 26 18 -20 24 -22 -23 25 -25 -26 -27 -28 -29 -30 -31
leaf_value=-0.068975981534311351 0.003889035712440766 0.02102154983022186 -0.055142982012614722 0.02124319797000055 0.061261853594109239 -0.037373686931145331 0.0095063332003251302 0.0092178290231108712 0.041382456347622332 0.031806876432278489 0.048458474337631049 0.033218649789604364 0.042119333585188913 -0.0033252891067189413 0.051106942832355867 -0.010654802137517093 -0.038277419733052216 -0.064659627511176931 -0.066482106573065816 -0.061481213014164537 0.036905810329100418 0.05721057455119663 -0.044687683224311395 0.026095686379190988 0.0044561123877749085 -0.025828096496101412 0.019209581795081955 0.053417344447614271 0.0496544369461605 0.03330748004484696
leaf_weight=10990.395311310887 196.87806802988052 643.43331362307072 373.72223450243473 28.466132566332817 11766.296894699335 141.28556595742702 238.96417784690857 639.96149791777134 430.24956457316875 835.27854679524899 2333.4688884168863 515.91195943951607 542.36650355160236 370.10375107824802 1352.7695569247007 122.56131768226624 462.74096854031086 96.514371782541275 6544.8475171178579 2157.8059435486794 55.599646806716919 2308.8809900283813 528.76076036691666 892.00020124018192 16.057206764817238 350.87665565311909 20.314434558153152 350.53801994025707 390.916189879179 341.32094790041447
leaf_count=48211 801 2890 1510 112 61946 534 951 2527 2032 3818 11358 2209 2577 1407 6805 459 1761 413 28254 9306 224 11608 2067 3771 64 1364 78 1653 1829 1576
internal_value=-0.0041804 0.0484671 -0.0643957 0.0183677 0.0558578 -6.13867e-05 -0.0325549 0.00988722 0.047158 0.0334291 0.0417284 0.0199908 0.0307471 -0.0128898 0.0602246 -0.0398813 -0.032449 -0.0669799 -0.064489 -0.0588177 -0.0273767 0.0547655 -0.0426978 0.022118 -0.060979 -0.0372688 -0.0357391 0.0411868 0.0375887 0.0465608
internal_weight=46039.3 24563.2 21476.1 4844.4 19718.8 2178.78 1614.89 1667.26 6599.72 2665.61 3860.59 1155.87 1185.8 511.389 13119.1 1375.92 511.522 19861.2 8870.82 2325.98 152.114 2739.13 1253.36 1088.88 2173.86 879.637 483.055 1576.73 1226.19 2674.79
internal_count=214115 121292 92823 20500 100792 8628 6351 6677 32041 11872 18401 4736 5467 1941 68751 5400 1951 86472 38261 10007 637 13640 4941 4572 9370 3431 1839 7300 5647 12934
is_linear=0
shrinkage=0.05


Tree=14
num_leaves=31
num_cat=0
split_feature=13 11 14 39 14 18 36 37 11 21 44 49 3 0 39 28 0 21 42 25 25 37 2 11 37 44 25 14 28 0
split_gain=54207 2095.75 693.457 498.553 297.333 183.828 141.24 131.811 85.2244 72.9167 50.4164 48.304 41.7092 40.4264 35.2773 31.2495 30.3155 28.5664 28.7778 40.5603 35.4512 27.2669 27.1418 25.9849 25.5206 24.8247 24.1419 23.8034 30.2147 22.8366
threshold=0.37500000000000006 1.5000000000000002 1.0000000180025095e-35 1.1257680346071981 2.5227272727272729 0.099999999999999853 2.5000000000000004 0.93750000000000011 3.5000000000000004 0.62500000000000011 17.450000000000003 52.750000000000007 1.0000000180025095e-35 49.500000000000007 0.45154431583280363 0.33897330882150423 5.5000000000000009 1.0000000180025095e-35 27.850000000000005 1.2026143790849675 1.2026143790849675 0.64583333333333337 0.91023613416931248 1.0000000180025095e-35 0.35416666666666669 10.350000000000003 3.0392872477458144 0.91287878787878796 1.3047936300717098 16.000000000000004
decision_type=2 2 10 2 8 2 2 2 2 2 2 2 2 2 2 2 2 2 2 2 2 2 2 2 2 2 2 10 2 2
left_child=2 3 15 7 9 12 21 11 -6 22 26 13 29 -2 -10 -1 24 18 20 -20 -17 23 -3 -5 -14 -13 -8 28 -11 -4
right_child=1 4 5 6 8 -7 10 -9 14 27 -12 25 16 -15 -16 17 -18 -19 19 -21 -22 -23 -24 -25 -26 -27 -28 -29 -30 -31
leaf_value=-0.06758878411702883 0.01666338277585409 0.033545003566317524 0.003002467713120998 -0.0084556859126300038 0.050232045303968825 0.0090492731797425542 -0.03294259109936537 0.045087144961198332 0.061062091574678456 -0.021354309096211485 0.034727083972765783 0.016302190506733007 -0.048694483412643826 -0.039765074051208882 0.054236697880660024 -0.067288887436425485 -0.048957506713943076 0 -0.016097045860132907 -0.069665730524155464 -0.060416325425987995 0.018239869338147939 0.05065672288736104 0.012934960053319226 -0.01109246009811417 0.033775175751161693 -0.011832810691236255 0.052089214447829039 0.039840580969533634 -0.029715406035112215
leaf_weight=10633.561565920711 1094.1333885937929 1901.8053778707981 60.55567441880703 332.11006392538548 3228.3229556232691 238.59281341731548 421.12917292118073 911.54514455795288 9533.5058506280184 23.220812052488327 34.082864537835121 279.20441037416458 74.517246708273888 30.586863711476326 2706.4769003987312 4104.1647166311741 744.75125341117382 17.094297990202904 83.840304493904114 63.400631695985794 4364.004108607769 353.71312400698662 281.28409871459007 244.69060538709164 119.6910982131958 891.35679237544537 210.30843456089497 1418.7376661449671 99.793431043624878 359.6035630106926
leaf_count=48012 4668 8985 245 1260 16647 951 1607 4378 51902 105 133 1185 294 119 14194 18414 2970 68 354 259 19365 1453 1344 1004 469 3884 809 7144 471 1422
internal_value=-0.00408024 0.0471677 -0.0630219 0.0176117 0.0545598 -0.0312807 -0.00520587 0.028972 0.0576248 0.0418009 -0.022768 0.0225275 -0.0383819 0.0150388 0.059564 -0.0656494 -0.0443004 -0.0632424 -0.0633706 -0.0399552 -0.0637652 0.00734999 0.0358056 0.00058881 -0.025997 0.0296637 -0.0260107 0.0502166 0.0279323 -0.0249488
internal_weight=44859.8 23996 20863.8 4802.86 19193.1 1597.71 1596.03 3206.83 15468.3 3724.84 665.52 2295.28 1359.12 1124.72 12240 19266.1 938.96 8632.5 8615.41 147.241 8468.17 930.514 2183.09 576.801 194.208 1170.56 631.438 1541.75 123.014 420.159
internal_count=214115 121292 92823 20500 100792 6351 6266 14234 82743 18049 2549 9856 5400 4787 66096 86472 3733 38460 38392 613 37779 3717 10329 2264 763 5069 2416 7720 576 1667
is_linear=0
shrinkage=0.05


Tree=15
num_leaves=31
num_cat=0
split_feature=13 11 14 36 14 20 18 16 21 37 14 14 39 20 20 14 0 22 20 42 29 19 29 26 3 0 44 16 16 0
split_gain=50360.6 2015.45 685.287 462.109 300.122 249.576 168.96 128.953 103.348 83.5062 59.5916 57.7341 50.0469 42.9514 42.477 33.0724 32.9962 32.2335 31.5117 28.3979 38.7288 44.8663 38.476 95.0302 27.9372 35.2943 24.0912 23.3167 22.883 28.1193
threshold=0.37500000000000006 1.5000000000000002 1.0000000180025095e-35 1.5000000000000002 3.5227272727272729 0.24999999999999997 0.099999999999999853 0.75000000000000011 0.62500000000000011 0.77500000000000013 2.4226190476190479 1.9583333333333337 0.32825127926289027 0.49655448717948725 0.74127435064935077 1.4226190476190479 3.5000000000000004 0.30488687782805429 0.33333333333333343 27.850000000000005 1.218346283201456 5.5000000000000009 1.218346283201456 7.0000000000000009 1.0000000180025095e-35 5.5000000000000009 17.800000000000001 2.7500000000000004 1.7500000000000002 26.500000000000004
decision_type=2 2 10 2 8 2 2 2 2 2 10 10 2 2 2 10 2 2 2 2 2 8 2 2 2 2 2 2 2 2
left_child=2 3 17 9 8 16 14 13 11 -2 -9 18 -6 -7 24 -10 -5 -1 -3 20 -19 -22 23 -21 -4 -26 -18 -14 -11 -30
right_child=1 4 6 5 12 7 -8 10 15 28 -12 -13 27 -15 -16 -17 26 19 -20 22 21 -23 -24 -25 25 -27 -28 -29 29 -31
leaf_value=-0.066408603344429856 0.02026425924247521 0.036100887032382699 -0.027509832275766324 0.019906587983545485 0.060514692943478936 -0.035040154813260602 0.008613880651869096 0.0082159843329693474 0.038540453266758104 0.031890943084421898 0.031259602744140046 0.043791503650781105 0.04159703262071332 -0.0026008495504121626 -0.008370305649936861 0.054635989357203096 -0.036370122262458025 -0.066077062495959626 0.019733367994501937 -0.064523651488492068 -0.040014584630296168 -0.060325014106968333 -0.067984227654331764 0.039853321693884884 -0.024674309314943237 -0.050035358317641679 0.017143234889309012 0.054859209387875967 0.054042170548544183 0.03446610205062299
leaf_weight=10301.929203093052 1075.5938413143158 911.71758243441582 357.28943960368633 28.324447914958 7505.3214249759912 140.15870001912117 238.2305261939764 636.88696357607841 414.71070024371147 733.40734019875526 507.92298570275307 2348.8824823051691 413.08746828138828 369.9466245174408 121.96727323532104 2190.1662078648806 457.99041582643986 3961.9709533005953 459.87032406032085 44.206197902560234 317.79517844319344 3942.1829980164766 61.810173243284225 39.199122533202171 185.26117521524429 678.45818601548672 20.272295922040939 4428.6913108676672 407.13602484762669 387.80227442085743
leaf_count=48067 4572 4390 1441 112 42353 534 951 2527 2032 3413 2209 11920 2118 1407 459 11608 1761 18359 2091 199 1431 18002 259 155 735 2765 78 24280 2016 1871
internal_value=-0.00398553 0.0459109 -0.0617361 0.0168709 0.0533183 -0.000209844 -0.0300465 0.00918299 0.0444073 0.0310483 0.0184983 0.0389792 0.0578734 -0.0116649 -0.0369257 0.0521146 -0.0308589 -0.0644153 0.0306681 -0.0619428 -0.0623432 -0.0588352 -0.0385663 -0.015391 -0.0397393 -0.0446941 -0.0339878 0.0537505 0.038585 0.044634
internal_weight=43688.2 23437.9 20250.3 4765.44 18672.4 2161.5 1581.21 1654.92 6325.35 2603.94 1144.81 3720.47 12347.1 510.105 1342.98 2604.88 506.587 18669.1 1371.59 8367.16 8221.95 4259.98 145.215 83.4053 1221.01 863.719 478.263 4841.78 1528.35 794.938
internal_count=214115 121292 92823 20500 100792 8628 6351 6677 32041 11872 4736 18401 68751 1941 5400 13640 1951 86472 6481 38405 37792 19433 613 354 4941 3500 1839 26398 7300 3887
is_linear=0
shrinkage=0.05


Tree=16
num_leaves=31
num_cat=0
split_feature=36 16 35 14 39 14 36 24 21 37 24 24 22 22 22 4 14 24 2 42 39 24 44 15 18 41 43 44 59 59
split_gain=46389.2 1569.89 1252.82 469.418 284.226 262.15 234.489 132.202 86.239 79.564 61.4246 52.955 50.3371 50.2575 48.3272 53.2127 42.2057 39.4658 37.3935 59.8303 35.6105 34.1725 29.4929 29.1262 27.6198 27.4504 26.3672 25.7482 27.6279 23.6781
threshold=2.5000000000000004 1.0000000180025095e-35 1.0000000180025095e-35 1.0000000180025095e-35 0.75903339007108184 3.5227272727272729 1.5000000000000002 0.030088530023467102 0.62500000000000011 0.58571428571428574 0.022663632713941551 0.014048737712138102 3.2904972446494942 4.1507616487455206 4.2729435357030523 1.0000000180025095e-35 1.6833333333333336 0.0014362841839941503 -0.70581670320594825 26.700000000000006 0.32530002431617794 0.034371868831360002 16.950000000000006 1.5 0.60000000000000042 -5.1785714285714279 2.7500000000000004 16.750000000000004 16.571428571428573 0.4071428571428572
decision_type=2 2 2 10 2 10 2 2 2 2 2 2 2 2 2 2 8 2 2 2 2 2 2 2 2 2 2 2 2 2
left_child=2 3 5 17 26 8 7 12 10 21 13 -5 29 -1 15 -11 -10 -2 19 -19 -7 -8 -6 -9 -14 -12 -3 28 -13 -4
right_child=1 4 6 11 22 20 9 23 16 14 25 27 24 -15 -16 -17 -18 18 -20 -21 -22 -23 -24 -25 -26 -27 -28 -29 -30 -31
leaf_value=0.017976849855331802 -0.065487596165074671 0.0067912544544698446 -0.0064526360302986224 -0.045772895257236074 -0.016299979932500996 0.059611173091174953 -0.01717160287538631 0.034329410550088528 0.039960121308764696 0.013058072369175215 -0.036744767386217451 -0.031879133483677075 0.025209846735824815 0.039863550527738545 0.034802284149570428 -0.031807606177822231 0.053998752851087017 -0.056804842298888714 -0.062662171464363287 -0.022630091804091531 0.053526201295921651 0.020936029719289026 0.036425241163201456 0.050098154830592261 0.041572544819139245 0.043958864071721893 0.053672696742979975 0.0026809389163100594 -0.00061577659225441105 0.01820683443226527
leaf_weight=572.17072413861752 9961.5661443918943 35.749401152133942 106.43459098041058 624.59316253662109 441.50365199148655 6860.5805248022079 345.44193801283836 521.79039105772972 781.8436953574419 790.51303723454475 8.8469615429639799 773.17600573599339 795.43609094619751 502.59880132973194 238.16650180518627 69.928490951657295 2138.7862365692854 2009.407647177577 5974.003347709775 143.28535547852516 4338.3990884721279 68.51507668197155 26.083142712712288 802.14644950628281 407.90684576332569 1852.3528650552034 273.81732349097729 67.451521620154381 79.641975179314613 905.72191676497459
leaf_count=2743 48214 179 472 2571 1731 40054 1308 2443 3883 3275 43 3093 3640 2545 1020 265 11671 9431 28254 637 24309 271 103 4212 2035 9574 1504 271 316 4048
internal_value=-0.00389588 -0.0582484 0.0462834 -0.0610073 0.0113958 0.0527632 0.0243902 0.0314318 0.0441319 0.00787641 0.0379781 -0.0344452 0.0238991 0.0282901 0.0149183 0.00931752 0.0502791 -0.0632705 -0.0605343 -0.0545649 0.0572661 -0.0107339 -0.013163 0.0439634 0.030837 0.0435228 0.0484173 -0.0266473 -0.0289971 0.0155815
internal_weight=42517.9 20410.3 22107.6 19633.1 777.154 17055.6 5052 3539.44 5856.6 1512.57 2935.97 1544.86 2215.5 1074.77 1098.61 860.442 2920.63 18088.3 8126.7 2152.69 11199 413.957 467.587 1323.94 1203.34 1861.2 309.567 920.27 852.818 1012.16
internal_count=214115 96304 117811 92787 3517 94822 22989 16850 30459 6139 14905 6251 10195 5288 4560 3540 15554 86536 38322 10068 64363 1579 1834 6655 5675 9617 1683 3680 3409 4520
is_linear=0
shrinkage=0.05


Tree=17
num_leaves=31
num_cat=0
split_feature=13 11 14 39 14 18 37 20 11 24 20 22 24 20 24 22 24 20 2 44 22 37 2 14 24 2 0 20 13 44
split_gain=43574.6 1880.55 668.618 392.885 300.608 142.571 112.486 111.795 124.933 99.6766 67.8665 66.004 55.3075 51.9066 47.7938 67.1968 41.0028 40.6064 37.8207 58.87 133.409 35.5196 34.83 29.1539 28.8629 28.7453 27.85 25.8712 25.2729 24.3549
threshold=0.37500000000000006 1.5000000000000002 1.0000000180025095e-35 1.1257680346071981 3.5227272727272729 0.099999999999999853 0.93750000000000011 0.49068986568986567 1.0000000180025095e-35 0.016777163113926106 0.24204961704961703 4.1507616487455206 0.026895891879783005 0.33045843045843054 0.024354494264709103 4.2729435357030523 0.0014362841839941503 0.86755952380952384 -0.70581670320594825 15.65 2.6808123249299727 0.38750000000000007 -0.66312265824079508 0.95833333333333337 0.014048737712138102 0.91023613416931248 37.500000000000007 0.29545454545454553 1.0000000180025095e-35 17.450000000000003
decision_type=2 2 10 2 8 2 2 2 2 2 2 2 2 2 2 2 2 2 2 2 2 2 2 10 2 2 2 2 2 2
left_child=2 3 16 6 9 17 14 8 29 11 23 22 21 -6 15 -2 -1 24 19 28 -21 -9 -3 -11 -4 -12 -26 -16 -18 -5
right_child=1 4 5 7 13 -7 -8 12 -10 10 25 -13 -14 -15 27 -17 18 -19 -20 20 -22 -23 -24 -25 26 -27 -28 -29 -30 -31
leaf_value=-0.064496909395915958 0.0051190310652423146 0.030385621970537714 -0.045951746174219904 -0.032366879206803575 0.057192044792879794 0.0077122117513355433 0.041083880748933453 -0.02518924522250451 0.019963268240519815 0.03318807285508095 0.034824990279282729 0.04104764948508919 0.024595462357264709 0.047485918225838267 0.016737317543280814 0.031561290984516509 -0.056677215196703157 -0.0019062397797647056 -0.061547071205248917 -0.050482032543901739 0.041325261228799488 0.0049207547551739558 0.0081763350767007949 0.051957681640847131 -0.020932197750086139 0.052985852647104772 -0.041336614730178106 0.033319515248757647 0 0.013623138319279344
leaf_weight=9616.7559000104666 842.57752513885498 358.85723955929279 509.59852041304111 547.21225988864899 9862.1891933828592 237.03413140773773 859.62547260522842 125.47591602802277 157.51657146215439 248.27975541353226 1501.2974966466427 716.31809371709824 300.05746015906334 1729.5720013380051 381.31173372268677 336.4746019244194 1855.6418928056955 91.93907867372036 5783.0151466727257 152.67411638796329 51.197889059782028 418.87973926961422 357.1957301646471 2612.5154516547918 401.84062303602695 272.61317259073257 307.11217565834522 682.10268096625805 19.724365845322609 28.536610051989555
leaf_count=48211 3591 1754 2165 2136 59019 951 4378 471 670 1248 7653 3752 1231 9732 1694 1503 8985 348 28254 728 212 1647 1675 14549 1614 1410 1273 3068 82 111
internal_value=-0.0038092 0.0435495 -0.059412 0.0153528 0.0510179 -0.0278313 0.0256805 -0.00494502 -0.0192119 0.0419488 0.0455341 0.030283 0.00743049 0.0557544 0.0197333 0.0127269 -0.0622031 -0.0342813 -0.0593785 -0.0532815 -0.0271278 -0.00204075 0.0193952 0.0503618 -0.0366963 0.0376865 -0.0298978 0.0274396 -0.0560794 -0.0300049
internal_weight=41365.1 22338.6 19026.5 4679.77 17658.8 1547.52 3102.09 1577.68 733.265 6067.08 4634.71 1432.37 844.413 11591.8 2242.47 1179.05 17479 1310.49 7862.25 2079.24 203.872 544.356 716.053 2860.8 1218.55 1773.91 708.953 1063.41 1875.37 575.749
internal_count=214115 121292 92823 20500 100792 6351 14234 6266 2917 32041 24860 7181 3349 68751 9856 5094 86472 5400 38261 10007 940 2118 3429 15797 5052 9063 2887 4762 9067 2247
is_linear=0
shrinkage=0.05


Tree=18
num_leaves=31
num_cat=0
split_feature=13 11 14 37 16 36 11 24 4 37 28 21 14 39 24 44 3 28 42 19 28 24 59 59 28 37 24 21 2 28
split_gain=40563.8 1809.85 663.277 361.696 305.954 155.79 130.962 102.771 74.4944 74.2614 51.8644 50.552 46.326 43.6486 42.5388 41.1778 40.0723 38.877 69.3366 43.7833 64.5525 32.975 33.1847 32.1474 31.8653 30.4338 28.4816 27.8446 26.9934 26.0433
threshold=0.37500000000000006 1.5000000000000002 1.0000000180025095e-35 0.77500000000000013 3.7500000000000004 1.5000000000000002 1.0000000180025095e-35 0.016777163113926106 1.0000000180025095e-35 0.41428571428571431 4.1432692089360152 0.87500000000000011 1.9583333333333337 0.32825127926289027 0.0014362841839941503 17.250000000000004 1.0000000180025095e-35 1.1130078159254366 27.850000000000005 1.0000000180025095e-35 0.33897330882150423 0.013485730545772701 -1.8499999999999999 0.73571428571428588 4.2008238632135715 0.93750000000000011 0.0095437095190061515 1.0000000180025095e-35 0.95297903005573359 4.3036561130940774
decision_type=2 2 10 2 2 2 2 2 2 2 2 2 10 2 2 2 2 2 2 8 2 2 2 2 2 2 2 2 2 2
left_child=2 3 14 5 7 26 16 10 25 -7 23 12 -9 -6 -1 -11 28 19 27 20 -16 -18 -23 -3 -10 -5 -2 -19 -4 -15
right_child=1 4 6 8 13 9 -8 11 24 15 -12 -13 -14 29 17 -17 21 18 -20 -21 -22 22 -24 -25 -26 -27 -28 -29 -30 -31
leaf_value=-0.063582857451200819 0 -0.013215745983078869 -0.024217434373809858 0.027524260282599407 0.057462621796814564 -0.02445608953616062 0.015734862794109787 0.033265063363681666 -0.019784226095764319 -0.0029841347380004982 0.038429600691115423 0.055801785455782793 0.045406605991343649 0.046902584580755656 -0.0567691839190438 0.035420999815246601 -0.050083958729385258 -0.05555618342205814 -0.0017069337316765014 -0.063991440518176262 -0.013596903046087728 -0.0046830938958436234 -0.035792061524237022 0.022266209720058171 0.034814501328639599 0.040719628470631958 0.021372280319118812 0.0087540430527913767 0.010292767580488998 0.055492894586025014
leaf_weight=9275.9210238307714 192.72588796913624 69.267065107822418 377.08160528540611 1043.3749902844429 6917.9408794045448 448.47568334639072 160.35987408459187 1146.2377955913544 98.358535781502724 1073.9007769078016 668.80577284097672 837.9996359795332 2913.4432982802391 2277.2912399172783 434.47816380858421 72.618561044335365 347.15034352242947 3540.9247232377529 62.598078712821007 3448.7449001967907 111.91469347476959 107.69085101783276 473.81933733820915 593.10878649353981 34.293132528662682 817.31351214647293 861.53149008750916 15.72782428562641 64.359925642609596 1736.0300416052341
leaf_count=48211 801 321 1536 4812 43052 1725 665 5896 422 4276 3577 4884 16293 13467 2197 292 1495 17715 247 17495 543 441 1948 2868 163 4238 3771 64 266 10434
internal_value=-0.0037268 0.0424236 -0.0583502 0.014712 0.0499168 0.00259051 -0.0267535 0.0410237 0.0307909 -0.0072539 0.0285691 0.0443907 0.0420027 0.0549736 -0.0612083 -0.000472407 -0.0317603 -0.0582963 -0.0543421 -0.0618431 -0.0480539 -0.0376948 -0.0301096 0.0184895 -0.00517623 0.0333713 0.0174934 -0.05526 -0.0191059 0.0506505
internal_weight=40223.5 21802.7 18420.8 4642.59 17160.1 2649.25 1530.46 6228.86 1993.34 1595 1331.18 4897.68 4059.68 10931.3 16890.3 1146.52 1370.1 7614.39 3619.25 3995.14 546.393 928.661 581.51 662.376 132.652 1860.69 1054.26 3556.65 441.442 4013.32
internal_count=214115 121292 92823 20500 100792 10865 6351 33839 9635 6293 6766 27073 22189 66953 86472 4568 5686 38261 18026 20235 2740 3884 2389 3189 585 9050 4572 17779 1802 23901
is_linear=0
shrinkage=0.05


Tree=19
num_leaves=31
num_cat=0
split_feature=13 35 14 36 14 20 18 20 24 24 22 24 39 22 22 24 20 22 20 0 59 44 39 45 0 24 24 59 22 2
split_gain=37776.3 1583.63 659.603 421.659 296.869 198.994 122.935 114.877 114.533 94.1856 79.0763 65.0557 54.1034 52.0071 44.5458 44.1974 43.4355 41.1802 38.9029 38.0449 37.7336 125.895 34.6032 31.234 30.8694 30.0556 29.7686 27.5905 25.705 25.282
threshold=0.37500000000000006 1.0000000180025095e-35 1.0000000180025095e-35 1.5000000000000002 3.5227272727272729 0.24999999999999986 0.099999999999999853 0.12499999999999988 0.030088530023467102 0.028670042440722753 4.1507616487455206 0.022663632713941551 0.9813067629253166 3.8966188402338626 3.2904972446494942 0.0017778260545818002 0.24999999999999997 1.0900477049057173 0.74127435064935077 3.5000000000000004 16.935714285714287 13.65 1.1547005383792543 18.000000000000004 49.500000000000007 0.0091501413077338511 0.010549497139415802 1.0000000180025095e-35 2.253777890466532 -0.88545602565320969
decision_type=2 2 10 2 10 2 2 2 2 2 2 2 2 2 2 2 2 2 2 2 2 2 2 2 2 2 2 2 2 2
left_child=2 4 15 8 7 19 18 12 14 10 -7 13 -2 -9 27 -1 -6 29 26 -5 25 -22 -13 -14 -11 -19 -4 -3 -10 -17
right_child=1 3 6 5 16 9 -8 11 28 24 -12 22 23 -15 -16 17 -18 20 -20 -21 21 -23 -24 -25 -26 -27 -28 -29 -30 -31
leaf_value=-0.062702144018987355 0.049600086770528767 -0.012129719237330749 -0.047405289007343199 0.020513643767999069 0.056328211680393515 -0.0093539016590396939 0.0073100536829480769 0.014059697063892741 0.030415383484083437 0.02687542861958608 0.022816413422346863 0.040229355946741208 0.03508644368976329 0.034485077959757943 0.028238971245327028 -0.05175495381563059 0.04856586227328008 -0.05990483421050638 -0.0044689567869262616 -0.033304203708922502 -0.057428427709922396 0.013935380446838081 -0.015737924260574111 -0.032559961723238197 -0.018277405599689767 -0.049533792676307198 -0.029292422336157725 0.016130211362768099 0.046322359945645993 -0.062955907291134261
leaf_weight=9055.2528281807899 2397.2823247909546 94.095991864800453 335.39618071913719 33.693827196955681 7546.8572122454643 749.61979311704636 236.07650430500507 594.02819512784481 416.55370691418648 558.79357692599297 254.0094458013773 2072.1729681640863 33.829035863280296 678.01818795502186 1098.2895891666412 720.17303836345673 2618.5491055697203 1517.8360600322485 120.56755895912647 421.99808412790298 191.34742034971714 89.117816090583801 26.365640893578529 30.48267026245594 38.561800226569176 1597.9062200337648 822.35702513158321 814.6449178904295 802.29201260209084 3137.7632268965244
leaf_count=48806 13975 426 1510 139 48507 2945 951 2947 2113 2402 1062 11452 182 3614 5439 3721 15856 7826 459 1649 988 394 115 133 149 8223 3431 3764 4423 16514
internal_value=-0.00364775 0.041326 -0.0573427 0.0175734 0.0491646 -0.000108256 -0.0257018 0.0401223 0.0288472 0.00818214 -0.00115784 0.0340545 0.0483863 0.0250034 0.0214422 -0.0602757 0.0543411 -0.0572269 -0.0318198 -0.029198 -0.0530144 -0.034726 0.0395 0.00263119 0.0238676 -0.0546293 -0.0346339 0.0131564 0.0409652 -0.0608994
internal_weight=39103.9 21280.1 17823.8 5282.55 15997.6 2056.68 1514.4 5832.18 3225.88 1600.98 1003.63 3370.58 2461.59 1272.05 2007.03 16309.4 10165.4 7254.14 1278.32 455.692 3396.21 280.465 2098.54 64.3117 597.355 3115.74 1157.75 908.741 1218.85 3857.94
internal_count=214115 121292 92823 24511 96781 8346 6351 32418 16165 6558 4007 18128 14290 6561 9629 86472 64363 37666 5400 1788 17431 1382 11567 315 2551 16049 4941 4190 6536 20235
is_linear=0
shrinkage=0.05


Tree=20
num_leaves=31
num_cat=0
split_feature=13 11 39 14 14 11 21 37 24 37 11 49 24 22 22 42 0 14 0 24 24 0 24 2 2 12 22 24 0 24
split_gain=35215.7 2061.22 393.925 304.847 291.497 99.6247 98.6912 94.2245 72.3981 59.3335 57.7058 43.9606 43.0904 42.0208 36.3059 64.2704 34.823 32.9361 32.4792 31.3523 31.2272 28.4923 28.2605 27.192 25.7181 24.4608 23.644 22.7163 22.3604 22.1571
threshold=1.0000000180025095e-35 1.5000000000000002 1.1257680346071981 3.5227272727272729 1.0000000180025095e-35 1.0000000180025095e-35 0.62500000000000011 0.93750000000000011 0.019257905781894454 0.61250000000000016 4.5000000000000009 52.750000000000007 0.0014362841839941503 4.1507616487455206 1.0900477049057173 27.850000000000005 47.500000000000007 1.4226190476190479 49.500000000000007 0.010135875419510101 0.017529514101745452 37.500000000000007 0.015183792059689451 0.91023613416931248 -0.88545602565320969 1.0000000180025095e-35 0.16922794117647058 0.0091501413077338511 48.500000000000007 0.028268999108513104
decision_type=2 2 2 8 10 2 2 2 2 2 2 2 2 2 2 2 2 10 2 2 2 2 2 2 2 2 2 2 2 2
left_child=4 2 7 6 12 9 8 11 13 25 -5 18 -1 -3 24 27 -11 -8 -2 -6 -7 29 -13 -10 26 -4 -14 -16 -9 -21
right_child=1 3 5 10 19 20 17 28 23 16 -12 22 14 -15 15 -17 -18 -19 -20 21 -22 -23 -24 -25 -26 -27 -28 -29 -30 -31
leaf_value=-0.061953072872899417 0.011597300568774652 0.013160803517122281 -0.027665223074065062 0.046526325577028724 -0.046238653098804934 -0.00010049203190351476 0.032554096112239105 0.039440297998723305 0.035679031459631465 0.0022220169531870985 0.055173857372141193 0.0106653002043244 -0.06239096505440081 0.033223573484219872 -0.057662858626816763 -0.0018234268789361617 -0.035742458851062246 0.049275491466791381 -0.0392588161277556 -0.024167854838250829 0.024439231633259555 -0.037915281821204488 0.029065387073198248 0.05174316895825111 -0.062123552471856275 -0.0095574233651164117 -0.042517524715952222 -0.048806273613372891 0.0032621763205689181 0.0019165459900662525
leaf_weight=8607.6074520647526 1049.7161213457584 597.14932356774807 526.64245995879173 2765.8561863005161 284.52895492315292 235.43677265942097 379.67443576455116 761.74620780348778 1997.3440515995026 635.31403622031212 7747.2142862379551 290.12821172177792 280.61177724599838 476.91304129362106 1728.2632584422827 62.566289618611336 64.671611100435257 1914.6128522306681 30.237310662865639 331.41790214180946 281.04542371630669 314.05921341478825 823.20450687408447 326.24999558925629 3023.7306858897209 300.58896395564079 418.58243875205517 1596.3973832279444 47.245098724961281 105.05721326172352
leaf_count=48207 4668 2890 2106 17514 1308 970 2032 4141 11085 2537 51237 1270 1507 2577 9227 247 251 11608 119 1373 1228 1358 3799 1849 16514 1137 2214 8470 237 435
internal_value=-0.0035724 0.0391599 0.0112421 0.047849 -0.0577781 -0.00567792 0.0384809 0.0227642 0.0330006 -0.0121035 0.0529105 0.0173358 -0.0594746 0.0221376 -0.0564541 -0.052505 -0.00134174 0.04655 0.0100804 -0.0319267 0.0132474 -0.0263593 0.0243206 0.0379879 -0.0600103 -0.0211545 -0.0506843 -0.0534496 0.0373716 -0.0178524
internal_weight=38003.8 21251 5045.98 16205 16752.8 2043.7 5691.94 3002.28 3397.66 1527.22 10513.1 2193.29 15717.8 1074.06 7110.15 3387.23 699.986 2294.29 1079.95 1035.06 516.482 750.534 1113.33 2323.59 3722.92 827.231 699.194 3324.66 808.991 436.475
internal_count=214115 123255 22463 100792 90860 8229 32041 14234 18401 6031 68751 9856 86386 5467 38179 17944 2788 13640 4787 4474 2198 3166 5069 12934 20235 3243 3721 17697 4378 1808
is_linear=0
shrinkage=0.05


Tree=21
num_leaves=31
num_cat=0
split_feature=13 11 37 14 14 11 0 20 20 14 35 20 39 24 20 14 22 42 39 22 20 3 11 0 20 2 22 24 37 24
split_gain=32839.2 1978.01 359.903 306.267 294.275 125.451 110.981 96.8402 77.4779 67.608 67.2343 72.7497 59.6731 44.9135 41.3139 37.817 36.9382 61.9466 35.8937 35.0413 32.0794 30.6288 27.9209 27.5154 26.4766 26.1918 23.6592 23.1347 23.0394 22.7818
threshold=1.0000000180025095e-35 1.5000000000000002 0.64583333333333337 3.5227272727272729 1.0000000180025095e-35 1.0000000180025095e-35 48.500000000000007 0.31642480326690853 0.24999999999999986 1.6833333333333336 1.0000000180025095e-35 0.2991071428571429 0.32825127926289027 0.0014362841839941503 0.049999999999999954 1.9583333333333337 1.0900477049057173 27.850000000000005 0.79481951745439949 4.2729435357030523 0.062500000000000069 1.0000000180025095e-35 4.5000000000000009 5.5000000000000009 0.049999999999999954 -0.88545602565320969 0.16922794117647058 0.029037043655654255 0.35416666666666669 0.0091501413077338511
decision_type=2 2 2 8 10 2 2 2 2 10 2 2 2 2 2 10 2 2 2 2 2 2 2 2 2 2 2 2 2 2
left_child=4 2 5 7 13 8 10 9 24 -3 27 -12 -5 -1 -7 -9 25 29 -10 -8 -11 -6 -14 28 -2 26 -15 -4 -23 -18
right_child=1 3 6 12 21 14 19 15 18 20 11 -13 22 16 -16 -17 17 -19 -20 -21 -22 23 -24 -25 -26 -27 -28 -29 -30 -31
leaf_value=-0.06122542277363921 -0.021470189360552689 0.031055427180015024 0.02722828558021554 0.055206537453498232 -0.017156052464547721 0.027290644857436149 -0.024799376182046862 0.014739585871035382 0.019828316527986389 0.052006924271427314 -0.0011219412373803083 0.024572552529569712 0.041602825608862373 -0.061594836934768665 0.0031254911112239187 0.031999093686100342 -0.056738660568363831 -0.0017357315149171316 -0.009096905669923468 0.02543472904592799 0.04093538901225191 -0.0399627730773989 0.050555815048754595 -0.041463504222681767 -0.04775191929505225 -0.061349883153253938 -0.041433127303938999 0.041375534570416587 0 -0.047749230592695535
leaf_weight=8282.6658329814672 290.54499873518944 1191.3387235999107 677.06752075254917 6117.786552220583 304.4355213791132 269.30205380916595 153.00051362812519 496.84088003635406 120.65843100845814 1172.9560177326202 375.50701901316643 1011.9266116172075 1541.4351112246513 270.31362192332745 518.11991825699806 941.42268554866314 1670.1046072542667 62.542700007557869 836.11442129313946 42.530806437134743 1769.0896104574203 59.665101587772369 2508.0583683103323 569.70564307272434 151.69553829729557 2911.6347660124302 408.37502935528755 564.13360913097858 87.304117694497108 1551.3462997227907
leaf_count=48207 1185 6419 3526 42353 1302 1193 643 2445 496 7409 1564 4507 9752 1507 2221 5185 9227 247 3230 201 10583 259 16646 2547 609 16514 2214 3088 366 8470
internal_value=-0.00349965 0.0381324 0.0107601 0.0468425 -0.0568953 -0.00445878 0.022546 0.0373736 -0.0134455 0.0412817 0.0252525 0.0176088 0.0520205 -0.0586494 0.01147 0.026083 -0.0555251 -0.0514931 -0.00538932 -0.0135993 0.0453903 -0.0307689 0.0471763 -0.0364529 -0.0307159 -0.0591755 -0.0496574 0.0337346 -0.0165661 -0.0524497
internal_weight=36927.6 20749.5 5010.6 15738.9 16178.1 2186.44 2824.17 5571.65 1399.01 4133.38 2628.63 1387.43 10167.3 15157 787.422 1438.26 6874.32 3283.99 956.773 195.531 2942.05 1021.11 4049.49 716.675 442.241 3590.32 678.689 1241.2 146.969 3221.45
internal_count=214115 123255 22463 100792 90860 8934 13529 32041 5520 24411 12685 6071 68751 86386 3414 7630 38179 17944 3726 844 17992 4474 26398 3172 1794 20235 3721 6614 625 17697
is_linear=0
shrinkage=0.05


Tree=22
num_leaves=31
num_cat=0
split_feature=13 35 14 14 24 18 39 39 20 15 22 24 22 20 24 19 22 44 22 42 39 20 24 20 24 1 18 14 14 14
split_gain=30635.4 1732.94 304.46 297.266 249.979 149.363 146.429 114.731 81.1615 65.8777 65.4314 60.4313 49.7044 47.8703 46.8275 42.618 60.4258 56.2189 53.4124 61.2934 33.4593 31.3737 39.0435 31.0662 30.6703 30.0146 35.8778 26.3743 26.1748 24.8209
threshold=1.0000000180025095e-35 1.0000000180025095e-35 3.5227272727272729 1.0000000180025095e-35 0.028670042440722753 0.20000000000000009 1.1257680346071981 0.38252053749146159 0.44791666666666669 1.2065031387955154 4.1507616487455206 0.025669839372060802 4.2729435357030523 0.24999999999999997 0.0014362841839941503 5.5000000000000009 0.16922794117647058 16.150000000000002 1.0900477049057173 27.850000000000005 1.058562026918801 0.035714285714285761 0.016567627529570101 0.10000000000000007 0.010135875419510101 8.5000000000000018 -1.2 0.26136363636363641 1.591666666666667 1.1742424242424245
decision_type=2 2 10 10 2 2 2 2 2 2 2 2 2 2 2 8 2 2 2 2 2 2 2 2 2 2 2 8 8 8
left_child=3 2 7 14 5 6 10 23 -8 27 -3 12 -9 -4 -1 16 -16 -18 -17 -20 -13 -7 -23 28 -5 -11 -27 -6 -2 -25
right_child=1 4 13 24 9 21 8 11 -10 25 -12 20 -14 -15 15 18 17 -19 19 -21 -22 22 -24 29 -26 26 -28 -29 -30 -31
leaf_value=-0.060548788643641674 0.035470558142031774 0.0023564239857964868 0.053931369609249685 -0.044077890280243538 0.052345203868498363 0.028255586977219107 -0.028938818539500394 0.01398142037187923 -0.0026127542379158018 0.038054201434412585 0.028975721852378192 0.038473263407846917 0.034128698858414346 0.04544683959944576 -0.060798203210828343 -0.060823988270814137 -0.030479419983975797 0.10647272113599691 -0.052137890996352368 -0.0016522263400208063 0.0028152676933592695 0 0.023145797891549441 0.0012886965996264253 -0.024120691299027178 0.0027513739528245672 0.031402386217738665 0.0099955250082526832 0.051873880637721428 0.03887845626831056
leaf_weight=7964.542483985424 338.48833632469177 713.22743134200573 6800.0256157815456 273.84703306853771 37.982174813747406 531.85766014456749 535.12354795634747 821.52185317873955 649.58560712635517 964.99269042909145 341.32126723229885 1333.4219424575567 497.9552987664938 2395.5694576054811 236.54871669411659 2976.1532634943724 342.1977506428957 5.6680545657873145 3020.3101020902395 62.520166009664536 71.140444919466972 349.39567175507545 382.73915027081966 47.374840557575226 733.77748534083366 158.47978864610195 367.88902939856052 555.67400589585304 1295.1374443173409 1069.6016559451818
leaf_count=48207 1865 3139 48507 1308 186 2660 2183 4310 2560 5245 1656 7818 2825 15856 1370 17495 1876 33 17158 247 345 1627 1963 239 3166 712 1974 2510 8584 6491
internal_value=-0.00342917 0.0371351 0.0461607 -0.0560539 0.0134285 0.0052555 -0.00249315 0.0367792 -0.0145538 0.0271307 0.0110344 0.0294331 0.0216438 0.0517341 -0.0578694 -0.0546362 -0.04123 -0.0275806 -0.0559112 -0.0511239 0.0366915 0.0189848 0.0121574 0.0440186 -0.0296459 0.0327483 0.0228665 0.0129137 0.0485379 0.0373116
internal_weight=35874.1 20258.5 14670.2 15615.6 5588.27 3503.25 2239.26 5474.64 1184.71 2085.02 1054.55 2724.04 1319.48 9195.6 14607.9 6643.4 584.415 347.866 6058.98 3082.83 1404.56 1263.99 732.135 2750.6 1007.62 1491.36 526.369 593.656 1633.63 1116.98
internal_count=214115 123255 96840 90860 26415 15788 9538 32477 4743 10627 4795 15298 7135 64363 86386 38179 3279 1909 34900 17405 8163 6250 3590 17179 4474 7931 2686 2696 10449 6730
is_linear=0
shrinkage=0.05


Tree=23
num_leaves=31
num_cat=0
split_feature=13 11 36 16 14 24 22 24 39 24 36 39 22 19 22 22 42 44 36 42 16 22 59 3 22 24 0 16 22 0
split_gain=28583.6 1844.53 316.243 313.63 300.443 107.866 109.99 96.1011 50.1617 48.8272 47.9076 47.8658 44.8493 42.685 59.6153 54.5858 59.1887 50.8559 42.2853 38.9384 36.5849 33.3089 29.8903 29.4749 28.9366 51.3319 28.4249 27.5738 26.4008 26.369
threshold=1.0000000180025095e-35 1.5000000000000002 2.5000000000000004 3.7500000000000004 1.0000000180025095e-35 0.022517893890413202 4.2729435357030523 0.016777163113926106 0.32530002431617794 0.0014362841839941503 1.5000000000000002 0.40000000000000063 4.1507616487455206 5.5000000000000009 0.16922794117647058 1.0900477049057173 27.850000000000005 16.150000000000002 1.5000000000000002 12.65 0.75000000000000011 1.8845965309200605 0.73571428571428588 1.0000000180025095e-35 4.3119422691677292 0.033633759389658457 48.500000000000007 0.75000000000000011 0.30488687782805429 5.5000000000000009
decision_type=2 2 2 2 10 2 2 2 2 2 2 2 2 8 2 2 2 2 2 2 2 2 2 2 2 2 2 2 2 2
left_child=4 2 5 7 9 6 10 12 -5 -1 -2 -9 22 14 -11 -15 -17 -16 28 -4 -21 -13 -3 -6 25 -10 -20 -8 -7 -25
right_child=1 3 19 8 23 18 27 11 24 13 -12 21 -14 15 17 16 -18 -19 26 20 -22 -23 -24 29 -26 -27 -28 -29 -30 -31
leaf_value=-0.059918654334921717 0.0069289930782532221 -0.017416743833160605 -0.028849292771291446 0.053534865524062725 -0.015120724876781122 -0.036414401985708798 0.0020948052891072593 0.045162397387120565 0.026378237547080841 -0.060106347319514086 -0.012288813506984169 0.020869720415964809 0.032840218659177675 -0.060152708884632825 -0.029505801816391231 -0.051214002941575777 -0.0015727136404884803 0.097943438579155162 0.01723124154906535 -0.017044370398735319 0.0098920281133820578 0.03694431415148898 0.01739837046102817 -0.014647601536623575 0.051147548022789528 0.04594201442928178 -0.017064789713078544 0.031149740417995838 0.030013342812457117 -0.039236240461466385
leaf_weight=7653.7761395275593 852.10684375464916 66.917767316102982 377.77191670238972 5772.1347780972719 298.83558709919453 13.191471830010412 101.99289274215698 1879.7836506664753 450.35896894335747 227.55869530141354 520.66321529448032 401.63528200984001 604.76202803850174 2861.8158342689276 336.04002709686756 2923.5574323982 62.498642593622208 6.0182119458913794 706.73330868780613 371.88068890571594 187.32292133569717 2078.525356695056 560.40084312856197 144.31906634569168 1501.7989853322506 1539.4941884428263 63.735431373119354 456.63321043550968 1281.8425916433334 551.35492990911007
leaf_count=48207 3874 321 1522 42765 1302 58 413 12315 2926 1370 2031 2255 3577 17495 1876 17158 247 33 3071 1506 759 12503 2868 625 10575 10687 248 2280 6701 2547
internal_value=-0.0033588 0.0361456 0.00964636 0.0449423 -0.0552495 0.0157779 0.00725373 0.0355485 0.0506012 -0.0571302 -0.000349011 0.0390475 0.0231028 -0.0537829 -0.0402135 -0.0550862 -0.0501851 -0.0266345 0.0237218 -0.0164604 -0.00797353 0.0343702 0.0136013 -0.0285533 0.0457165 0.0415577 0.014325 0.0259159 0.0292623 -0.0342277
internal_weight=34855.5 19789.7 4933.87 14855.8 15065.8 3996.9 1931.4 5592.02 9263.79 14071.3 1372.77 4359.94 1232.08 6417.49 569.617 5847.87 2986.06 342.058 2065.5 936.976 559.204 2480.16 627.319 994.51 3491.65 1989.85 770.469 558.626 1295.03 695.674
internal_count=214115 123255 22463 100792 90860 18676 8598 33839 66953 86386 5905 27073 6766 38179 3279 34900 17405 1909 10078 3787 2265 14758 3189 4474 24188 13613 3319 2693 6759 3172
is_linear=0
shrinkage=0.05


Tree=24
num_leaves=31
num_cat=0
split_feature=17 11 16 37 36 0 11 24 24 22 20 35 20 19 22 21 39 42 25 25 22 20 11 44 22 22 24 20 20 24
split_gain=26678.7 1768.2 314.651 291.456 210.637 98.7247 95.643 92.6047 79.8615 71.1177 66.6304 55.9766 66.5 52.6439 68.8221 52.2886 51.1549 45.2285 67.3461 65.7746 42.4257 36.4619 36.1801 34.9344 30.4593 28.8777 50.2043 25.7282 25.5252 23.915
threshold=1.0000000180025095e-35 1.5000000000000002 3.7500000000000004 0.64583333333333337 7.5000000000000009 48.500000000000007 1.0000000180025095e-35 0.016777163113926106 0.0017778260545818002 1.2557189542483662 0.24999999999999986 1.0000000180025095e-35 0.24999999999999997 1.0000000180025095e-35 0.30488687782805429 0.87500000000000011 0.32530002431617794 27.850000000000005 1.2026143790849675 1.2026143790849675 4.3119422691677292 0.049999999999999954 2.5000000000000004 17.450000000000003 4.2729435357030523 4.3119422691677292 0.033633759389658457 0.035714285714285761 0.049999999999999954 0.012708019317727351
decision_type=2 2 2 2 2 2 2 2 2 2 2 2 2 8 2 2 2 2 2 2 2 2 2 2 2 2 2 2 2 2
left_child=4 3 7 6 29 11 10 20 -6 13 28 -5 -13 14 -10 22 -4 18 -11 -19 27 -8 -9 -12 -7 26 -18 -3 -2 -1
right_child=1 2 16 5 8 24 21 15 9 17 23 12 -14 -15 -16 -17 25 19 -20 -21 -22 -23 -24 -25 -26 -27 -28 -29 -30 -31
leaf_value=-0.039046567178197975 -0.019448722720388001 0.027132991206976948 0.052810286469789983 0.030668866365054726 -0.059283562207662059 -0.024587785392519365 0.024611260973933947 0.028751801599242767 -0.05127963107569216 -0.057396148449421217 -0.0073331311084710166 -0.0094460185058751565 0.020519443324058237 -0.059212979387099685 -0.0061206936886381187 0.050667856277898909 0.025490511381478034 0.039902310878859565 -0.041396341152361023 -0.063970491629196255 0.033030832447858809 0.0016989524348996355 0.039422115604242775 0.032773210597899283 0.022812172739623129 0.050315363999047548 0.045021978244944964 0.0068395069771245006 -0.045481509341476517 -0.016707795223636981
leaf_weight=183.81963519752026 285.82834194600582 242.27451360225677 5564.0785812586546 1181.5871600210667 7465.3611966520548 151.91114942729473 262.8813748061657 1323.4483720511198 358.53176827728748 1026.6837299913168 896.45696118474007 218.28379632532597 1146.130822211504 2909.0160028338432 112.61914236843586 701.30243894457817 443.00103189051151 35.364940643310547 2038.6766722500324 23.711205348372459 522.25330239534378 512.75019405782223 2233.5210213214159 55.649269983172417 41.239373981952667 1451.6169280856848 1493.6196908801794 452.06910808384418 148.09637160599232 375.85655726492405
leaf_count=861 1185 1294 42765 6614 48887 643 1193 7868 2197 6284 3504 890 5181 18442 612 4884 2926 139 11737 94 3170 2221 14321 222 201 10575 10687 2302 609 1607
internal_value=-0.0032917 0.0351881 0.044002 0.00922928 -0.0544789 0.0200571 -0.00448547 0.0345175 -0.0556864 -0.0515372 -0.0123547 0.0226756 0.0157004 -0.0566529 -0.0406096 0.0380076 0.0497905 -0.0459622 -0.0467973 -0.00210902 0.0222387 0.00953999 0.0354774 -0.00489898 -0.0142093 0.0447958 0.040598 0.0140139 -0.0285588 -0.0242021
internal_weight=33857.6 19328 14427.2 4900.81 14529.6 2739.15 2161.66 5474.87 13970 6504.6 1386.03 2546 1364.41 3380.17 471.151 4258.27 8952.32 3124.44 3065.36 59.0761 1216.6 775.632 3556.97 952.106 193.151 3388.24 1936.62 694.344 433.925 559.676
internal_count=214115 123255 100792 22463 90860 13529 8934 33839 88392 39505 5520 12685 6071 21251 2809 27073 66953 18254 18021 233 6766 3414 22189 3726 844 24188 13613 3596 1794 2468
is_linear=0
shrinkage=0.05


Tree=25
num_leaves=31
num_cat=0
split_feature=13 11 16 14 37 36 14 20 20 0 24 39 45 20 24 19 28 28 42 42 24 21 24 28 24 24 28 0 28 20
split_gain=24907.2 1693.56 315.369 309.455 271.553 119.496 91.819 61.0514 54.5847 53.2916 52.8617 52.1578 50.38 44.5769 43.4366 43.266 59.4841 56.9363 57.2598 52.2883 37.9171 33.7223 29.5698 29.4215 48.0519 26.7956 38.3225 24.4735 23.3169 21.8533
threshold=1.0000000180025095e-35 1.5000000000000002 3.7500000000000004 1.0000000180025095e-35 0.77500000000000013 2.5000000000000004 1.9128787878787878 0.62147817460317467 0.083333333333333356 48.500000000000007 0.0014362841839941503 0.32825127926289027 56.850000000000001 0.52172474176150652 0.031361475765436513 5.5000000000000009 0.20656750859100753 1.1130078159254366 26.900000000000002 17.250000000000004 0.017225033987584553 0.62500000000000011 0.010135875419510101 4.3036561130940774 0.033633759389658457 0.043326160251490713 4.2644123493626651 37.500000000000007 4.2008238632135715 0.035714285714285761
decision_type=2 2 2 10 2 2 10 2 2 2 2 2 2 2 2 8 2 2 2 2 2 2 2 2 2 2 2 2 2 2
left_child=3 4 6 10 5 14 13 12 -8 25 -1 -4 -7 29 21 16 -12 -17 -19 -18 -10 -2 -5 24 -13 26 -6 -24 -11 -3
right_child=1 2 11 22 9 7 8 -9 20 28 15 23 -14 -15 -16 17 19 18 -20 -21 -22 -23 27 -25 -26 -27 -28 -29 -30 -31
leaf_value=-0.05878268666420932 -0.0013033031699300559 0.033149047147384772 0.052079929710944162 -0.040931591016929815 0.017070622237630961 -0.028653064694959502 0.048101063208875534 0.0031904817446089342 0.019122245355413726 -0.018904362898393496 -0.058936128206955478 0.024624269398883788 0.019399636517795981 -0.00027353878716354592 0.019375207696683272 -0.058943410046136846 -0.0099320348336004814 -0.050132198231684036 -0.017902120098663543 -0.052087300846884281 0.036741313215344511 0.016638476056458743 -0.012925437045819691 0.049550054622692213 0.043998097665332664 0.038122693714660712 0.035726768363087628 -0.032045813789923779 0.029067155970618336 0.021328613167412622
leaf_weight=7056.1606092751026 1297.0742610543966 752.98801063001156 5399.0158361196518 257.89750181138515 912.76441580057144 570.19304068386555 1021.5521001219749 300.40557470917702 371.64942309260368 97.605954006314278 211.38084924221039 432.65972208976746 58.270486012101173 165.85577444732189 483.23972395062447 2641.985471829772 217.50514324009418 2651.6004538238049 150.98385639488697 111.73924222588539 2150.1519484519958 325.5151652097702 418.3982460051775 1385.0351549237967 1433.5526793599129 385.31540089845657 404.72240386903286 290.75210519134998 31.777511700987816 899.18399807810783
leaf_count=48207 5364 4479 43052 1308 4726 2386 7264 1149 2152 422 1370 2902 252 824 2175 17495 1268 16598 807 641 14037 1457 1808 10434 10565 2146 2223 1358 163 5083
internal_value=-0.00322624 0.0342543 0.0430799 -0.0537366 0.00883317 -0.000338576 0.0335104 -0.0152664 0.0382196 0.024022 -0.0557635 0.048999 -0.0241106 0.0242866 0.00624239 -0.0521814 -0.0382038 -0.0535502 -0.0484188 -0.0245423 0.0341718 0.00229674 -0.0263179 0.0438462 0.0395511 0.0263737 0.0228661 -0.020868 -0.00666881 0.0267645
internal_weight=32886.9 18878.5 14011.6 14008.4 4866.88 3034.7 5361.38 928.869 3543.35 1832.19 13041.4 8650.26 628.464 1818.03 2105.83 5985.2 540.625 5444.57 2802.58 329.244 2521.8 1622.59 967.048 3251.25 1866.21 1702.8 1317.49 709.15 129.383 1652.17
internal_count=214115 123255 100792 90860 22463 12783 33839 3787 23453 9680 86386 66953 2638 10386 8996 38179 3279 34900 17405 1909 16189 6821 4474 23901 13467 9095 6949 3166 585 9562
is_linear=0
shrinkage=0.05


Tree=26
num_leaves=31
num_cat=0
split_feature=13 11 36 14 14 20 37 12 21 20 20 22 27 19 59 45 42 44 20 14 20 20 13 12 20 20 23 22 44 57
split_gain=23257.7 1643.7 441.474 311.93 150.128 139.056 118.379 90.5606 53.5408 50.7051 50.2361 46.7444 43.6952 56.4844 46.884 41.1817 39.5762 37.271 43.0064 36.6995 36.6962 35.008 30.716 29.4585 27.9081 26.6048 24.6308 24.4775 22.6988 23.5192
threshold=1.0000000180025095e-35 2.5000000000000004 1.5000000000000002 1.0000000180025095e-35 3.5227272727272729 0.24999999999999997 0.77500000000000013 1.5000000000000002 0.62500000000000011 0.41250000000000009 0.49655448717948725 0.30488687782805429 0.7212121212121213 5.5000000000000009 8.8571428571428594 56.850000000000001 26.900000000000002 15.050000000000002 0.24999999999999997 1.0416666666666667 0.022750276039749703 0.073847022860180703 0.62500000000000011 1.0000000180025095e-35 0.50000000000000011 0.95297619047619064 1.039358366987267 4.3119422691677292 13.950000000000003 2.4315786576639398
decision_type=2 2 2 10 8 2 2 2 2 2 2 2 2 8 2 2 2 2 2 8 2 2 2 2 2 2 2 2 2 2
left_child=3 2 6 11 8 15 21 10 24 27 -7 -1 -13 14 -14 20 -15 18 -8 -9 -4 -2 -23 -19 -3 28 -10 -6 -5 -30
right_child=1 4 5 25 9 7 17 19 26 -11 -12 12 13 16 -16 -17 -18 23 -20 -21 -22 22 -24 -25 -26 -27 -28 -29 29 -31
leaf_value=-0.058016443166185185 0.024242263244767373 0.032766075359656539 -0.015461102815418404 -0.033593423391731499 0.046986027060165504 -0.024219147934743959 0.034369746820148053 -0.010530388013255775 -0.026581712203533038 0.034699393546596187 0.0013026819488541333 -0.0583930978554138 0.013150657221627324 -0.051538220401911916 -0.037000871988575233 0.020893765973395477 -0.029115833973865798 0.0087262958994888448 0.020184760304615856 0.020438830967289923 -0.040843739910861196 -0.0093078254294294161 0.012481211945744091 0.04379929917709495 0.013612560682070727 0.011923213968624278 0.044852294740921908 0.053047050676154811 -0.02206988168442808 0.015163724085862329
leaf_weight=6807.3118002861738 579.71791011095047 1657.3696932196617 356.62234914302826 553.11151731014252 3653.0898887738585 269.93698765337467 1007.35390175879 107.48506459593773 10.526943653821943 608.71829141676426 656.46201471984386 1773.7686533257365 58.607561513781548 3484.0426898151636 199.82632970809937 48.79052072763443 223.50837849080563 69.604899287223816 1197.1422365009785 737.67120096087456 245.6305485367775 184.56531131267548 1179.5299867391586 612.65762789547443 224.64159196615219 43.679838925600052 1207.6493929326534 3829.4156016558409 311.13498641550541 46.795644924044609
leaf_count=48067 3002 10477 1488 2656 29402 1092 6533 414 61 4371 2570 12525 364 22944 1180 255 1306 358 7000 3327 1011 768 5856 3891 1280 174 8674 31425 1438 206
internal_value=-0.00316206 0.0333367 0.0147851 -0.0530218 0.0453529 -0.00262347 0.0235185 0.00463012 0.0359114 0.0489576 -0.00614317 -0.0551213 -0.0516643 -0.0486207 -0.0255179 -0.0223533 -0.0502097 0.0299496 0.0267033 0.0164552 -0.0259558 0.0139338 0.00950549 0.0402936 0.03051 -0.0253463 0.0441719 0.0501046 -0.0271828 -0.0170753
internal_weight=31946.4 18444.6 7253.17 13501.8 11191.4 2422.6 4830.57 1771.56 3100.19 8091.22 926.399 12547.1 5739.75 3965.98 258.434 651.043 3707.55 2886.76 2204.5 845.156 602.253 1943.81 1364.1 682.263 1882.01 954.722 1218.18 7482.51 911.042 357.931
internal_count=214115 123255 37565 90860 85690 10157 27408 7403 20492 65198 3662 86386 38319 25794 1544 2754 24250 17782 13533 3741 2499 9626 6624 4249 11757 4474 8735 60827 4300 1644
is_linear=0
shrinkage=0.05


Tree=27
num_leaves=31
num_cat=0
split_feature=13 11 36 14 39 12 37 11 24 24 19 22 22 42 42 22 24 44 24 21 16 24 24 22 24 22 39 2 23 23
split_gain=21719.4 1586.54 406.042 314.366 166.504 116.726 111.897 59.9756 58.0793 56.4845 44.6755 61.2274 59.6241 56.813 50.8261 41.3317 53.3179 41.1109 37.7433 36.9248 43.8949 35.192 28.739 28.5625 28.0453 31.5583 24.5543 22.7949 22.0162 20.0174
threshold=1.0000000180025095e-35 2.5000000000000004 1.5000000000000002 1.0000000180025095e-35 0.61721339984836876 1.5000000000000002 0.77500000000000013 4.5000000000000009 0.0014362841839941503 0.022823187599198155 5.5000000000000009 1.0900477049057173 0.16922794117647058 26.900000000000002 17.250000000000004 4.2729435357030523 0.015183792059689451 17.100000000000005 0.038433312615877256 0.87500000000000011 1.2500000000000002 0.019527648407107454 0.010135875419510101 1.9484564297182896 0.022968153807125854 3.8966188402338626 0.43204937989385755 -0.66312265824079508 1.039358366987267 5.1102100492126565
decision_type=2 2 2 10 2 2 2 2 2 2 8 2 2 2 2 2 2 2 2 2 2 2 2 2 2 2 2 2 2 2
left_child=3 2 6 8 7 17 18 24 -1 23 12 -12 -10 -13 -14 16 -7 21 26 20 -8 -4 -5 -6 25 -3 -2 29 -11 -24
right_child=1 4 5 22 9 15 19 -9 10 28 11 13 14 -15 -16 -17 -18 -19 -20 -21 -22 -23 27 -25 -26 -27 -28 -29 -30 -31
leaf_value=-0.05779701325754083 0.023538834901393652 0.017381642379379624 -0.022404762232088118 -0.039089556479912496 -0.035720205602171401 -0.021207156035860344 0.0081534221777646472 0.050484107710539988 -0.057829593014277716 -0.010285302062916918 -0.057908284881005558 -0.048426064083598945 -0.0078564046607195841 -0.015960345590887437 -0.050433256601865845 0.029984634272644552 0.01147522493085114 0.02035238795972517 0.02904417691716701 0.040992444607122543 0.028840884432117148 -0.0059602216883860365 -0.022587420159600066 0.020721247156269062 0.044484861171892764 0.039832674674711223 0.0072743162896983134 -0.012754007080358452 0.037805445427475971 -0.057780651389442939
leaf_weight=6495.7808595374227 283.01019847393036 236.71223080158234 646.07370918989182 248.35023203492165 21.214949324727058 152.3718638420105 300.26896643638611 5846.0750599130988 194.92636887729168 22.610467582941055 2438.7583753466606 2474.8374702334404 211.07910177111626 147.60544601082802 105.04346306622028 212.0295462757349 644.06956884264946 90.463022843003273 318.99702998995781 532.72333464026451 2002.5964211970568 667.91563822329044 158.01236626505852 591.00077680498362 2214.1544923111796 522.73279023915529 1329.2416183948517 478.79141376912594 1388.2333244234324 57.549344152212143
leaf_count=48207 1557 1561 2610 1308 107 602 1546 49476 1370 132 17495 16598 1268 807 641 994 2862 364 1746 3589 12647 2725 755 3524 17211 3873 6323 2137 9806 274
internal_value=-0.00309913 0.0324392 0.0141979 -0.0523263 0.044511 -0.00250457 0.0226553 0.0474905 -0.0545015 0.031475 -0.0506359 -0.0520859 -0.0360799 -0.0466218 -0.0223109 0.0104482 0.0051538 -0.0118247 0.0133277 0.0289853 0.0261637 -0.0140866 -0.0243972 0.0186148 0.0415668 0.0329318 0.0101705 -0.0190092 0.0370036 -0.0325428
internal_weight=31033.2 18022.5 7179.76 13010.7 10842.7 2412.92 4766.84 8819.67 12068 2023.06 5572.25 5061.2 511.049 2622.44 316.123 1008.47 796.441 1404.45 1931.25 2835.59 2302.87 1313.99 942.703 612.216 2973.6 759.445 1612.25 694.353 1410.84 215.562
internal_count=214115 123255 37565 90860 85690 10157 27408 72121 86386 13569 38179 34900 3279 17405 1909 4458 3464 5699 9626 17782 14193 5335 4474 3631 22645 5434 7880 3166 9938 1029
is_linear=0
shrinkage=0.05


Tree=28
num_leaves=31
num_cat=0
split_feature=13 11 36 14 39 20 37 16 20 0 28 27 19 59 42 14 46 51 21 16 20 20 3 11 13 3 14 14 3 0
split_gain=20286.1 1531.25 373.432 316.503 166.481 124.25 105.63 77.396 62.1185 51.4618 50.6233 47.0962 55.9789 44.1332 40.347 39.4484 36.9319 35.9982 35.6544 41.2617 34.3567 32.4142 28.5994 27.96 27.543 24.0007 27.199 21.4141 20.673 20.5068
threshold=1.0000000180025095e-35 2.5000000000000004 1.5000000000000002 1.0000000180025095e-35 0.61721339984836876 0.24999999999999997 0.77500000000000013 2.7500000000000004 0.15000000000000008 48.500000000000007 0.33897330882150423 0.7212121212121213 5.5000000000000009 8.8571428571428594 27.850000000000005 3.7638888888888893 56.850000000000001 5.5000000000000009 0.87500000000000011 1.2500000000000002 0.022750276039749703 0.073847022860180703 1.0000000180025095e-35 5.5000000000000009 0.62500000000000011 0.78574730703237883 0.84523809523809534 2.1742424242424243 0.95297903005573359 16.000000000000004
decision_type=2 2 2 10 2 2 2 2 2 2 2 2 8 2 2 10 2 2 2 2 2 2 2 2 2 2 10 10 2 2
left_child=3 2 6 10 8 16 21 9 -3 -7 -1 -12 13 -13 -14 -10 20 23 19 -8 -4 -2 29 27 -23 -24 -27 -6 -28 -5
right_child=1 4 5 22 17 7 18 -9 15 -11 11 12 14 -15 -16 -17 -18 -19 -20 -21 -22 24 25 -25 -26 26 28 -29 -30 -31
leaf_value=-0.057051586260298798 0.022769087334301927 0.050309705538686314 -0.014396642026676352 0.019142179840546857 0.019354619936215085 0.0018660486472247967 0.007779417785724602 0.025837093018345799 0.032681953113388215 -0.036427081250100628 -0.057460629182398096 0.013924232077577465 -0.04949149335961172 -0.035147721011072199 -0.013906225852381691 0.044857425100675974 0.019993911861383062 -0.0084679832158392095 0.040006562323263224 0.027895946605013246 -0.039086508741153804 -0.0093210000420403984 -0.037444323768475306 0.03980971367879025 0.011328708279306786 -0.031776712768759763 0.013833093146419376 0.032964066847930441 -0.030209757125328973 -0.016112698225344686
leaf_weight=6256.2583350092173 569.0942155867815 5073.6457269564271 353.99726676940918 47.519044607877731 545.5048118904233 1329.8492637872696 299.09636104106903 339.9975022226572 979.08355265110731 91.899806633591652 1638.9285590723157 58.038697257637978 3373.5700305849314 190.93934075534344 85.51757051050663 2470.4759131073952 48.316071391105652 55.713331267237663 518.96094156801701 1967.8756910189986 242.3085224032402 184.5154765099287 380.20919400453568 698.7675216794014 1165.5947637110949 146.34971119463444 84.00221061706543 682.31603076308966 36.597938522696495 236.52291035652161
leaf_count=48012 3002 44055 1488 215 3213 5420 1546 1630 6935 353 12580 364 23836 1180 414 21131 255 373 3589 12647 1011 768 1904 5208 5856 719 387 4775 162 1087
internal_value=-0.00303791 0.031554 0.013627 -0.0516557 0.0436821 -0.00238431 0.0218185 0.00447968 0.0467293 -0.000639298 -0.0539094 -0.0502082 -0.0469667 -0.0235893 -0.0486275 0.0414299 -0.021138 0.0305338 0.0280443 0.0252621 -0.0245683 0.0127483 -0.0234915 0.0316822 0.00847847 -0.0293102 -0.0174398 0.0269792 0 -0.0100347
internal_weight=30151.5 17617 7111.51 12534.5 10505.5 2406.37 4705.14 1761.75 8523.21 1421.75 11603.3 5346.99 3708.07 248.978 3459.09 3449.56 644.622 1982.3 2785.93 2266.97 596.306 1919.2 931.201 1926.59 1350.11 647.159 266.95 1227.82 120.6 284.042
internal_count=214115 123255 37565 90860 85690 10157 27408 7403 72121 5773 86386 38374 25794 1544 24250 28066 2754 13569 17782 14193 2499 9626 4474 13196 6624 3172 1268 7988 549 1302
is_linear=0
shrinkage=0.05


Tree=29
num_leaves=31
num_cat=0
split_feature=36 11 37 12 37 39 20 22 0 27 20 22 48 21 19 11 20 14 21 16 20 20 0 42 41 49 60 42 0 45
split_gain=18656.6 1011.45 923.978 252.946 175.338 161.193 105.045 81.827 69.2002 69.0729 62.5049 54.1531 53.71 51.5586 49.4211 42.424 49.4111 41.5922 39.2523 38.8767 37.464 37.2054 29.4564 38.0692 27.0069 26.4693 24.9626 24.8158 22.4269 21.3517
threshold=2.5000000000000004 2.5000000000000004 1.0000000180025095e-35 1.5000000000000002 0.77500000000000013 0.61721339984836876 0.62147817460317467 0.30488687782805429 48.500000000000007 0.7212121212121213 0.14880952380952378 1.2557189542483662 22.150000000000002 1.0000000180025095e-35 5.5000000000000009 1.0000000180025095e-35 0.24999999999999997 3.7638888888888893 0.87500000000000011 1.2500000000000002 0.049999999999999954 0.073847022860180703 16.000000000000004 1.5000000000000002 -1.6785714285714284 52.750000000000007 10.500000000000002 10.450000000000001 49.500000000000007 10.750000000000002
decision_type=2 2 2 2 2 2 2 2 2 2 2 2 2 2 8 2 2 8 2 2 2 2 2 2 2 2 2 2 2 2
left_child=1 4 7 6 15 10 11 -2 18 -9 -3 -4 20 14 -11 16 -1 -12 19 -6 -5 -17 23 -7 -10 -23 -13 -8 -24 -18
right_child=2 5 3 12 8 22 27 9 24 13 17 26 -14 -15 -16 21 29 -19 -20 -21 -22 25 28 -25 -26 -27 -28 -29 -30 -31
leaf_value=-0.02423822658780039 -0.056595771511641704 0.04983537959019501 -0.055891794996418553 0.042364878873609048 0.0094267768391722035 -0.019562218142884325 -0.019602700425371641 -0.057033598230531751 0.029741215035011506 -0.024469461541325788 0.031481221208352748 -0.02980732621838041 0.042300595308574745 -0.0047111193161925337 -0.046747139170969156 0.023304356758727975 -0.0016115281373055798 0.044178250248772463 0.040195875799373171 0.026954974113963137 -0.066546706789956028 3.078635262443436e-06 0.026749728232510345 0.041274124152978632 -0.012456816442553763 0.014331068542662596 -0.014284580140050383 0.01129105869869053 -0.0044689035704873863 0.014969892987708283
leaf_weight=176.47067393362522 5891.9867044687271 4669.3877364397049 153.69876841455698 10.50352042168379 378.5678151845932 25.161676675081253 85.270877689123154 1539.0006209090352 47.151117607951164 280.69360910356045 929.27294614911079 725.19113727658987 208.89405158907175 82.519427374005318 3520.9486237838864 551.2869254425168 495.58907860517502 2493.8552372157574 477.16878578066826 2185.6153918653727 19.491682253777981 600.70963627099991 1229.6720451116562 607.07536888867617 162.59612361341715 702.4361377954483 424.46993394196033 250.43678440153599 58.364123627543449 314.4636342972517
leaf_count=678 47187 42113 1140 78 1874 164 325 12326 281 1738 6695 3613 1577 351 24942 2958 2015 22052 3396 13715 117 2951 8493 4370 884 3495 1935 975 393 1284
internal_value=-0.00297727 0.033133 -0.0470574 -0.0145402 0.0170539 0.0429081 -0.0215593 -0.0524484 0.0249844 -0.0479188 0.0460102 -0.0279768 0.0332952 -0.0442733 -0.0451226 0.00795859 -0.000394796 0.0407591 0.0268997 0.0243863 -0.0273632 0.0124115 0.0297876 0.0387595 -0.00266133 0.00775559 -0.0241326 0.00330029 0.025311 0.00481563
internal_weight=29298 16104.8 13193.1 1877.96 6092.06 10012.8 1639.07 11315.1 3251.1 5423.16 8092.52 1303.36 238.889 3884.16 3801.64 2840.96 986.523 3423.13 3041.35 2564.18 29.9952 1854.43 1920.27 632.237 209.747 1303.15 1149.66 335.708 1288.04 810.053
internal_count=214115 117811 96304 9760 33531 84280 7988 86544 20150 39357 70860 6688 1772 27031 26680 13381 3977 28747 18985 15589 195 9404 13420 4534 1165 6446 5548 1300 8886 3299
is_linear=0
shrinkage=0.05


Tree=30
num_leaves=31
num_cat=0
split_feature=13 39 36 36 13 24 20 24 22 12 19 22 20 22 59 3 25 20 20 20 24 20 22 24 22 22 24 24 17 4
split_gain=17696.1 1325.42 318.945 215.658 210.466 152.211 112.389 102.69 83.8737 64.7084 62.5334 66.6619 59.7259 59.4028 51.3812 115.914 94.3654 49.2613 48.768 43.1312 41.762 40.3603 36.3472 36.1602 34.8876 32.0764 49.4839 29.1324 26.9793 26.3649
threshold=1.0000000180025095e-35 0.65760331244732284 1.5000000000000002 7.5000000000000009 3.8750000000000004 0.030088530023467102 0.24999999999999997 0.0017778260545818002 1.2557189542483662 1.5000000000000002 1.0000000180025095e-35 0.35045877325289093 0.31642480326690853 4.2729435357030523 16.935714285714287 -0.70581670320594803 1.2026143790849675 0.035714285714285761 0.14166666666666669 0.49655448717948725 0.025082164089386853 0.027777777777777752 4.3119422691677292 0.015183792059689451 1.83749299719888 4.3119422691677292 0.025501186172188203 0.017529514101745452 1.5000000000000002 1.0000000180025095e-35
decision_type=2 2 2 2 2 2 2 2 2 2 8 2 2 2 2 2 2 2 2 2 2 2 2 2 2 2 2 2 2 2
left_child=3 4 5 -1 12 13 21 -5 10 19 11 -9 20 17 16 -16 -10 -3 -6 -8 22 27 -2 -11 -7 26 -20 -4 -26 -14
right_child=1 2 6 7 18 24 9 8 14 23 -12 -13 29 -15 15 -17 -18 -19 25 -21 -22 -23 -24 -25 28 -27 -28 -29 -30 -31
leaf_value=-0.018897394764213881 0.020728519722502892 0.021292532205524472 -0.026193470678653099 -0.056476585029549546 0.050322866870161215 0.015806528078745215 -0.022010721213976812 -0.043776972353029471 -0.057092395763147744 -0.0057682205273483014 -0.056182251898252336 0.0090197496518368975 0.021465773298016355 0.024939721590840569 -0.045230995076870645 0.028899573284161203 -0.035459699451431612 0.0022375502088488454 0.0034160660964680633 0.001697504048211225 0.039939382687427194 -0.036645431117829946 0.037393002963874065 0.019539998930509932 0.0047841253241566548 0.047208220526081396 0.038696105937999888 0.0017478774460000517 0.036964816405194743 -0.018080341709129064
leaf_weight=525.93324927985668 769.54356052726507 464.43660079687834 162.1553937792778 5816.9185475856066 3649.314860753715 285.24705595523119 267.94183856248856 320.39118628203869 751.94815944135189 177.60092702507973 2289.3886719942093 71.729499742388725 750.95170589536428 674.61014481633902 134.06524467468262 83.966903798282146 1635.8276644796133 1259.0998375192285 109.07654593139887 656.6731266528368 1769.2162157222629 244.48257499933243 599.29542690515518 646.72135415673256 71.078834861516953 1313.2506777793169 1403.6542912721634 212.01079352945089 1317.0444215238094 42.486720554530621
leaf_count=2468 5004 2534 698 48887 34868 1688 1096 2380 5670 729 18442 429 4947 4198 958 436 11190 6489 828 2579 13787 1042 4417 2994 331 12042 12406 910 9410 258
internal_value=-0.00291681 0.0298313 0.0119909 -0.0503504 0.040863 0.020474 -0.00259188 -0.0518342 -0.0467027 0.00387879 -0.0529842 -0.0340588 0.0316835 0.012365 -0.0401934 -0.0165656 -0.0423247 0.00740546 0.0464211 -0.00517854 0.0347983 -0.0208785 0.0280866 0.0140563 0.0320516 0.0413417 0.0361766 -0.0103697 0.0353442 0.0192766
internal_weight=28476.1 16845.9 6439.1 11630.2 10406.8 4071.52 2367.59 11104.2 5287.32 1748.94 2681.51 392.121 3931.49 2398.15 2605.81 218.032 2387.78 1723.54 6475.3 924.615 3138.06 618.649 1368.84 824.322 1673.37 2825.98 1512.73 374.166 1388.12 793.438
internal_count=214115 123255 34698 90860 88557 24650 10048 88392 39505 7398 21251 2809 28413 13221 18254 1394 16860 9023 60144 3675 23208 2650 9421 3723 11429 25276 13234 1608 9741 5205
is_linear=0
shrinkage=0.05


Tree=31
num_leaves=31
num_cat=0
split_feature=13 11 14 37 24 11 28 28 20 24 1 21 20 28 42 1 19 28 24 44 21 37 20 24 20 20 24 13 24 41
split_gain=16530.9 1384.17 329.343 298.009 167.751 116.763 96.1026 81.9473 74.239 69.0163 63.9293 52.8256 51.1351 48.1945 58.7887 72.5176 56.3866 71.5732 37.7823 37.3387 36.7878 32.1523 30.3873 30.3635 29.9809 28.7704 28.7213 28.006 26.5332 24.6672
threshold=1.0000000180025095e-35 2.5000000000000004 1.0000000180025095e-35 0.77500000000000013 0.022823187599198155 1.0000000180025095e-35 4.1432692089360152 4.1432692089360152 0.39166666666666672 0.0014362841839941503 11.500000000000002 0.37500000000000006 0.42386137147166569 0.95121619241783162 26.900000000000002 7.5000000000000009 1.0000000180025095e-35 0.39054539656634563 0.037847434587626801 15.050000000000002 0.87500000000000011 0.58571428571428574 0.25211879623644329 0.0077094163419790009 0.049999999999999954 0.34181547619047625 0.010135875419510101 1.6250000000000002 0.055610003544322002 -1.6785714285714284
decision_type=2 2 10 2 2 2 2 2 2 2 2 2 2 2 2 2 8 2 2 2 2 2 2 2 2 2 2 2 2 2
left_child=2 3 9 5 6 8 22 12 11 -1 19 -2 28 16 23 -16 17 -11 24 20 -5 -10 -3 -15 -7 -8 -4 -21 -6 -12
right_child=1 4 26 10 7 18 25 -9 21 13 29 -13 -14 14 15 -17 -18 -19 -20 27 -22 -23 -24 -25 -26 -27 -28 -29 -30 -31
leaf_value=-0.056168959450425063 -0.027211340935831826 0.019104611582344288 -0.035737960848818952 0.019102975445884903 0.038211662211708922 0.018317647651337376 0.040640310789892165 0.050385475206276502 -0.0068605739137805634 -0.042970202337089536 0.028039655413823184 -0.0022056774252874971 0.023871724376904605 -0.051230726532635634 -0.040319970871052574 0.030879611994776797 -0.056531473466107457 0.022630814790264801 0.02626389672415412 0.018947395393283797 0.036873524800337044 0.011436011244475325 -0.0038940820014777668 -0.039423843945920578 0.0032155864460288171 0.01838130813737112 -0.015076221100158169 0.041687714919335844 0.046735269476319952 -0.012745811908964653
leaf_weight=5478.8381162360311 521.12874203920364 466.95703682303429 230.99754384160042 1893.3206633999944 2421.0691685751081 469.82727135717869 826.54968520998955 3337.891352109611 442.18945284187794 310.37952857464552 45.777333728969097 358.70985069870949 463.03107879310846 1060.8357399627566 85.984463803470135 58.079917334020138 1945.1295136287808 46.159014090895653 335.47148106992245 199.14452861249447 351.23463460803032 518.75008630752563 203.80486173182726 1320.3797059729695 1105.3725479319692 187.53259297460318 663.18188840150833 500.04266364872456 1670.8019109293818 161.67297874391079
leaf_count=48207 2252 3238 1308 11776 21238 2519 7219 32280 1711 2380 281 1465 3456 8212 603 257 16462 278 1925 1106 2614 2137 1203 9987 5406 1336 3166 3489 15720 884
internal_value=-0.00285765 0.0289939 -0.0497248 0.0119151 0.0412949 0.00238293 0.0268781 0.0443617 -0.00659208 -0.0522528 0.0232463 -0.017073 0.0399217 -0.0477811 -0.0428526 -0.0114147 -0.0531358 -0.0343286 0.0110405 0.0251368 0.0219252 0.00299386 0.0120887 -0.0447329 0.00775337 0.0365929 -0.0205096 0.0353189 0.0417193 -0.00344466
internal_weight=27680.2 16480.3 11200 6902.64 9577.64 3751.45 1684.84 7892.79 1840.78 10305.8 3151.19 879.839 4554.9 4826.95 2525.28 144.064 2301.67 356.539 1910.67 2943.74 2244.56 960.94 670.762 2381.22 1575.2 1014.08 894.179 699.187 4091.87 207.45
internal_count=214115 123255 90860 37565 85690 17415 12996 72694 7565 86386 20150 3717 40414 38179 19059 860 19120 2658 9850 18985 14390 3848 4441 18199 7925 8555 4474 4595 36958 1165
is_linear=0
shrinkage=0.05


Tree=32
num_leaves=31
num_cat=0
split_feature=13 11 14 37 24 11 22 22 24 20 0 20 22 59 44 24 2 41 21 13 24 24 20 22 20 20 24 24 3 24
split_gain=15443.8 1331.14 330.808 275.018 165.907 106.025 91.9375 82.9663 71.6257 68.4914 59.2494 50.3421 49.2245 49.3719 123.841 39.2527 39.0857 38.2354 36.4478 39.673 36.1909 35.027 29.0653 36.9149 28.0007 27.4246 27.2187 26.7242 25.695 23.6703
threshold=1.0000000180025095e-35 2.5000000000000004 1.0000000180025095e-35 0.77500000000000013 0.022823187599198155 1.0000000180025095e-35 4.1507616487455206 4.1507616487455206 0.0014362841839941503 0.24999999999999997 48.500000000000007 0.42386137147166569 0.91525054466230948 16.935714285714287 13.65 0.0091501413077338511 -0.88545602565320969 5.0857142857142863 0.87500000000000011 1.6250000000000002 0.030947034030098502 0.038175165426519754 0.035714285714285761 1.7181956115779646 0.34181547619047625 0.049999999999999954 0.010135875419510101 0.055610003544322002 -0.88545602565320969 0.0149459272166682
decision_type=2 2 10 2 2 2 2 2 2 2 2 2 2 2 2 2 2 2 2 2 2 2 2 2 2 2 2 2 2 2
left_child=2 3 8 5 6 9 22 11 -1 28 18 27 16 15 -15 -14 17 -10 19 -5 -11 25 23 -3 -8 -7 -4 -6 -2 -24
right_child=1 4 26 10 7 21 24 -9 12 20 -12 -13 13 14 -16 -17 -18 -19 -20 -21 -22 -23 29 -25 -26 -27 -28 -29 -30 -31
leaf_value=-0.055816981387263889 0.0089399343983931952 -0.057017045992954332 -0.034724497190207558 0.010893452410062053 0.037366439904498498 0.01757747664630864 0.039809789487160609 0.04980832598688386 0.053546916954867185 -0.0050678470037058476 -0.0032527325711712799 0.023063468966694055 -0.051260131907284838 -0.048219559100770276 0.027302314347236397 -0.037565265641066249 -0.056090602036296226 -0.041136169702160483 0.037578277353167391 0.025568572365039028 0.013990055085679177 0.025482914329021219 -0.01121707295544408 0.033117518107571228 0.017688619928676996 0.0031051037517040893 -0.014431331560101946 0.046048139307575134 -0.026079007039158719 0.012544508902702575
leaf_weight=5243.6763511151075 57.219107747077942 10.117812693119047 226.03847162425518 630.7400491386652 2353.8111299723387 466.83322712779045 802.26693024486303 3210.9865276664495 9.0512522757053357 1005.4527205824852 207.62877298146486 455.55870518088341 1091.0608241185546 139.54369802772999 85.948434352874756 1129.5818931013346 1758.2205795645714 442.4520348533988 442.84030340611935 1825.7539748176932 328.85573127865791 325.08834557980299 153.0971794500947 184.32208849489689 185.26971930265427 1108.2590386942029 658.3908771276474 1612.4626355171204 443.73224771022797 318.0074675232172
leaf_count=48207 242 56 1308 3370 21238 2526 7219 32280 67 4006 1165 3456 8752 1106 442 8759 15559 3494 3396 12219 1384 1894 907 1267 1336 5430 3166 15720 1933 2211
internal_value=-0.00279882 0.0281708 -0.0491154 0.0114271 0.0405008 0.00227476 0.0260467 0.0436202 -0.0517353 -0.00628478 0.0224143 0.0391005 -0.0471109 -0.0420678 -0.0193368 -0.0443452 -0.0526391 -0.0389552 0.024262 0.0218226 -0.00033819 0.0105529 0.0115786 0.0277673 0.0357291 0.0074272 -0.0197126 0.0409237 -0.0220098 0.00475497
internal_weight=26912.3 16128.3 10784 6842.4 9285.9 3735.44 1653.08 7632.82 9899.54 1835.26 3106.96 4421.83 4655.86 2446.13 225.492 2220.64 2209.72 451.503 2899.33 2456.49 1334.31 1900.18 665.545 194.44 987.537 1575.09 884.429 3966.27 500.951 471.105
internal_count=214115 123255 90860 37565 85690 17415 12996 72694 86386 7565 20150 40414 38179 19059 1548 17511 19120 3561 18985 15589 5390 9850 4441 1323 8555 7956 4474 36958 2175 3118
is_linear=0
shrinkage=0.05


Tree=33
num_leaves=31
num_cat=0
split_feature=17 11 14 37 39 0 24 11 11 24 22 24 22 42 0 2 41 24 20 44 20 24 22 35 3 24 20 24 43 43
split_gain=14427.5 1279.2 331.997 254.995 168.623 85.7642 74.3396 70.1021 68.5955 61.7427 80.6326 50.4996 50.143 54.9261 61.7448 40.1517 35.6434 34.0282 33.8476 32.4186 31.405 30.7799 30.3495 28.0881 27.612 26.0413 24.9922 24.2998 23.9324 37.6216
threshold=1.0000000180025095e-35 2.5000000000000004 1.0000000180025095e-35 0.64583333333333337 0.61721339984836876 48.500000000000007 0.0014362841839941503 4.5000000000000009 1.0000000180025095e-35 0.025249847034664704 4.2729435357030523 0.017529514101745452 0.91525054466230948 26.900000000000002 32.500000000000007 -0.88545602565320969 5.0857142857142863 0.018650849791278856 0.049999999999999954 17.450000000000003 0.15000000000000008 0.0077094163419790009 1.9484564297182896 1.0000000180025095e-35 1.0000000180025095e-35 0.022968153807125854 0.015624999999999951 0.010549497139415802 -5.4999999999999991 -9.3999999999999968
decision_type=2 2 10 2 2 2 2 2 2 2 2 2 2 2 2 2 2 2 2 2 2 2 2 2 2 2 2 2 2 2
left_child=2 3 6 8 7 9 -1 20 17 10 -5 26 15 21 -15 16 -8 19 27 -2 -3 -14 -13 -11 -4 -22 -6 -10 29 -26
right_child=1 4 24 5 11 -7 12 -9 18 23 -12 22 13 14 -16 -17 -18 -19 -20 -21 25 -23 -24 -25 28 -27 -28 -29 -30 -31
leaf_value=-0.055485485565015903 -0.019926362576513125 0.041981589697964034 -0.0055045313776127666 0.0057959788348031201 0.026081805941122617 -0.008178191788483084 0.049772281148589476 0.046761198738254448 0.00034583162660111892 0.030935904880543753 0.027634432965725642 0.010067700377308329 -0.050010117360283546 -0.038556421903822941 0.027618306580990116 -0.055739856644007629 -0.040324190673862975 -0.0012324772673090005 0.00084554177111911669 0.02582299746137335 0.017813969422537195 -0.037745173489155036 0.032822425380911201 0.018826525248328216 -0.031342018619651725 0.034719003101792476 -0.00095209841377112648 0.026009283358558941 -0.032627375851850458 0.0089719841883153257
leaf_weight=5016.9965876415372 634.53851632773876 1241.066849976778 270.8791716247797 1178.2215852960944 133.05227688699961 278.47415398806334 9.393301308155058 4718.2558456733823 135.07537752389908 1288.5060617402196 661.90584632009268 172.05860570818186 983.39657890796661 81.100357800722122 59.007349498569965 1682.740947291255 429.17325120419264 672.61267706751823 785.84274003654718 39.085091903805733 320.07235153019428 1246.252508610487 1258.5757198408246 806.97576116770506 116.63736252486706 933.84557185322046 228.06118615716696 303.42414689064026 377.24967810511589 110.25876252353191
leaf_count=48207 2598 11880 1302 6354 832 1477 67 49476 685 9553 4229 1190 8212 603 257 15559 3494 2765 3832 157 2426 9987 10156 4206 583 8339 1391 1709 2030 559
internal_value=-0.0027408 0.0273607 -0.0485152 0.0109553 0.0397131 0.0185235 -0.0512297 0.043133 -0.00144679 0.0204224 0.0136865 0.0258988 -0.0464474 -0.041294 -0.0105141 -0.0521483 -0.0381206 -0.00923755 0.00710032 -0.0171663 0.0362297 -0.0432059 0.0301211 0.0263069 -0.0189415 0.030459 0.00902849 0.0181981 -0.0248869 -0.0117352
internal_weight=26172.7 15789.7 10383.1 6784.66 9004.99 4214.08 9508.06 7213.24 2570.58 3935.61 1840.13 1791.75 4491.06 2369.76 140.108 2121.31 438.567 1346.24 1224.34 673.624 2494.98 2229.65 1430.63 2095.48 875.025 1253.92 361.113 438.5 604.146 226.896
internal_count=214115 123255 90860 37565 85690 25819 86386 72121 11746 24342 10583 13569 38179 19059 860 19120 3561 5520 6226 2755 22645 18199 11346 13759 4474 10765 2223 2394 3172 1142
is_linear=0
shrinkage=0.05


Tree=34
num_leaves=31
num_cat=0
split_feature=17 11 14 37 14 11 28 20 20 27 19 44 21 0 21 59 21 2 28 20 28 37 28 20 49 20 16 44 43 19
split_gain=13476.7 1228.77 332.826 236.985 166.214 88.7131 63.5661 62.5702 59.4222 56.8897 61.7489 53.2423 52.4078 51.1 49.3748 48.7053 34.5562 34.2728 32.416 29.2383 29.0174 27.1316 25.2176 24.3798 24.3688 23.9627 23.5609 20.9956 23.0102 21.6702
threshold=1.0000000180025095e-35 2.5000000000000004 1.0000000180025095e-35 0.77500000000000013 3.5227272727272729 1.0000000180025095e-35 0.33897330882150423 0.39166666666666672 0.33045843045843054 0.7212121212121213 5.5000000000000009 15.050000000000002 0.62500000000000011 48.500000000000007 0.62500000000000011 8.8571428571428594 0.87500000000000011 0.91023613416931248 1.1130078159254366 0.049999999999999954 4.3036561130940774 0.41428571428571431 1.1130078159254366 0.50000000000000011 52.750000000000007 0.95297619047619064 1.2500000000000002 13.950000000000003 2.3500000000000001 32.500000000000007
decision_type=2 2 10 2 8 2 2 2 2 2 8 2 2 2 2 2 2 2 2 2 2 2 2 2 2 2 2 2 2 8
left_child=2 3 6 5 12 7 -1 14 20 -8 15 13 17 16 -2 -11 -5 23 -12 -7 -6 -9 -14 -3 -21 27 -13 28 -4 -29
right_child=1 4 25 11 8 19 9 21 -10 10 18 26 22 -15 -16 -17 -18 -19 -20 24 -22 -23 -24 -25 -26 -27 -28 29 -30 -31
leaf_value=-0.054748208338787963 -0.020065082197783083 0.022162802462044964 -0.035915423993260663 0.016648657950831619 0.041495989480667295 0.019406312930707045 -0.055270559876605688 -0.010903495452692209 0.031475975388150952 0.025471286171662173 -0.05440281056671873 0.014220162555590603 -0.024205151138324874 -0.0078456058453651393 0.015508614320628051 -0.029430719736294516 0.034398663949323345 0.041518766029507159 -0.041249078829069988 -0.0013602108271851803 0.049264025578854426 0.0080534560805846141 0.038455707716493211 0.0020588767860690751 0.012111008973675969 0.017562724202152515 0.037839320845080626 -0.057023306494722439 -0.013639352245127499 -0.0064992566873030609
leaf_weight=4833.2006669044495 759.5230099260807 1223.382453918457 285.25267916917801 1824.226129680872 2553.2442471683025 544.14082729071379 1264.3941336274147 255.08399350941181 922.84973042458296 51.04905129224062 654.89498879760504 139.34297212958336 14.574991583824156 184.66248837858438 109.56450770795345 165.72014760226011 328.23205401003361 209.64620400965214 2161.7656060680747 643.06336282938719 2679.6449796333909 702.92363178730011 956.0324223190546 175.63029239326715 692.80839495360851 42.304894968867302 548.66063049435616 21.096599847078323 208.41531391441822 308.88938519358635
leaf_count=48012 3269 9037 1560 11776 27129 3075 12580 980 8401 364 6086 771 102 1015 448 1180 2614 1618 18164 3237 29668 2868 8633 1102 3538 174 3974 112 1096 1532
internal_value=-0.00268297 0.0265581 -0.0479233 0.0104958 0.0389296 0.0020113 -0.0507349 -0.00582302 0.043409 -0.0461925 -0.0423664 0.0208765 0.0282038 0.0172284 -0.0155264 -0.0162724 0.0193964 0.0225752 -0.0443527 0.00963649 0.0454959 0.00296764 0.0374412 0.0196634 0.00561519 -0.0181993 0.033147 -0.0201045 -0.0266544 -0.0101287
internal_weight=25464.2 15467.2 9996.98 6732.23 8735.01 3707.11 9131.02 1827.1 6155.74 4297.82 3033.43 3025.12 2579.27 2337.12 869.088 216.769 2152.46 1608.66 2816.66 1880.01 5232.89 958.008 970.607 1399.01 1335.87 865.959 688.004 823.654 493.668 329.986
internal_count=214115 123255 90860 37565 85690 17415 86386 7565 65198 38374 25794 20150 20492 15405 3717 1544 14390 11757 24250 9850 56797 3848 8735 10139 6775 4474 4745 4300 2656 1644
is_linear=0
shrinkage=0.05


Tree=35
num_leaves=31
num_cat=0
split_feature=13 11 14 39 39 24 37 24 24 19 28 28 42 42 49 28 11 44 28 40 43 44 3 36 21 24 24 44 0 23
split_gain=12587.1 1178.38 332.843 220.97 169.972 97.1053 81.8502 80.8786 65.5444 53.9777 77.5102 68.4457 59.1825 55.9849 50.154 44.2662 41.5598 34.6048 33.6554 33.3957 32.2512 32.0359 30.1017 28.6129 28.4037 26.6116 24.8122 22.5264 22.4751 21.3699
threshold=1.0000000180025095e-35 2.5000000000000004 1.0000000180025095e-35 1.0801234497346444 0.398519883915809 0.022823187599198155 0.93750000000000011 0.0014362841839941503 0.017529514101745452 5.5000000000000009 1.1130078159254366 0.20656750859100753 17.250000000000004 26.900000000000002 52.750000000000007 4.1432692089360152 4.5000000000000009 14.950000000000001 4.1432692089360152 -0.38729833462074137 -9.1499999999999968 16.650000000000002 0.95297903005573359 2.5000000000000004 1.0000000180025095e-35 0.010135875419510101 0.014631019688335902 17.250000000000004 48.500000000000007 4.9063535232435855
decision_type=2 2 10 2 2 2 2 2 2 8 2 2 2 2 2 2 2 2 2 2 2 2 2 2 2 2 2 2 2 2
left_child=2 3 7 6 16 18 14 -1 20 11 -11 -9 -13 -12 21 22 28 24 -6 27 -5 -2 -7 -22 -8 -4 -16 -10 -3 -27
right_child=1 4 25 8 5 15 17 9 19 10 13 12 -14 -15 26 -17 -18 -19 -20 -21 23 -23 -24 -25 -26 29 -28 -29 -30 -31
leaf_value=-0.054886604714977742 0.0028915364131617879 0.038308586458618038 -0.032691530262570573 -0.042888516388046319 0.0048748387000142621 0.031005124742246627 0.0038445852792696475 -0.054833421690674337 -0.0029848475021740377 -0.054803553108292991 -0.042357854204302575 0.0046204498188267143 -0.045560613728997973 -0.007982632098910562 0.0065655050752377545 0.044652210549928878 0.046851938487417644 0.039731678645059963 0.02479336171195955 0.016577168125899284 -0.0028978335960232896 0.030855030950122337 -0.0036398163205396752 -0.021762994602247197 0.025278169596781943 -0.0083900636577511987 0.021655297489109979 0.029268122580321576 0.010455654599324519 -0.034440499392454992
leaf_weight=4593.5100672096014 1351.5361981764436 1561.3289754092693 215.89217455685139 79.736433446407318 442.11504312604666 1603.5673807412386 189.89914052933455 144.53574109822512 820.53547140955925 1744.6889852285385 1896.1086195632815 176.47650272399187 85.317587822675705 129.37949728220701 366.20195855945349 734.41444627940655 3575.7869589552283 359.54905656725168 414.64422474056482 397.66509132087231 552.82290622591972 109.25889372080564 63.494702890515327 317.91955319046974 924.10534070432186 549.42683489620686 1153.6369785889983 55.905767783522606 80.45767742395401 91.663586959242821
leaf_count=48207 7291 15565 1308 331 2773 14147 1336 1370 3462 17495 16598 1268 641 807 1877 7484 41006 2855 3356 2085 2395 603 551 1379 6975 2693 6741 235 808 473
internal_value=-0.00262594 0.0257736 -0.0473304 0.0100575 0.0381493 0.0291298 0.0164833 -0.0502386 -0.0028006 -0.0450967 -0.0469817 -0.027401 -0.01186 -0.0401845 0.0116893 0.0342941 0.0437636 0.0261346 0.0145792 0.00459599 -0.0127307 0.00503946 0.0296678 -0.00984849 0.0216603 -0.0174923 0.0180493 -0.000837108 0.0369732 -0.0122492
internal_weight=24781.6 15154.6 9627 6678.77 8475.81 3258.24 4454.19 8770.02 2224.59 4176.51 3770.18 406.33 261.794 2025.49 2980.63 2401.48 5217.57 1473.55 856.759 1274.11 950.479 1460.8 1667.06 870.742 1114 856.983 1519.84 876.441 1641.79 641.09
internal_count=214115 123255 90860 37565 85690 28311 27678 86386 9887 38179 34900 3279 1909 17405 16512 22182 57379 11166 6129 5782 4105 7894 14698 3774 8311 4474 8618 3697 16373 3166
is_linear=0
shrinkage=0.05


Tree=36
num_leaves=31
num_cat=0
split_feature=36 11 14 12 39 35 24 24 24 24 2 27 48 22 22 20 24 22 22 22 11 22 24 31 22 20 44 20 0 20
split_gain=11484.2 963.606 579.197 195.732 168.583 153.452 92.2862 92.0526 77.9874 70.2195 56.9972 108.737 55.7586 48.6399 46.5022 53.2055 44.739 52.028 43.5947 40.6601 39.396 38.197 57.3857 35.3585 32.9756 29.7901 27.9723 25.1226 25.0717 24.7525
threshold=3.5000000000000004 2.5000000000000004 1.0000000180025095e-35 1.5000000000000002 0.398519883915809 1.0000000180025095e-35 0.022823187599198155 0.0077094163419790009 0.0014362841839941503 0.026193631263579851 -0.70581670320594825 0.86757575757575778 20.600000000000005 4.2729435357030523 2.5522445820433446 0.51669823232323242 0.046670841058403904 4.2729435357030523 4.1507616487455206 0.16922794117647058 4.5000000000000009 0.91525054466230948 0.012708019317727351 1.0000000180025095e-35 4.1507616487455206 0.049999999999999954 14.950000000000001 0.035714285714285761 49.500000000000007 0.073847022860180703
decision_type=2 2 8 2 2 2 2 2 2 2 2 2 2 2 2 2 2 2 2 2 2 2 2 2 2 2 2 2 2 2
left_child=1 5 8 7 20 16 24 -4 -2 13 11 -10 25 23 15 -9 17 26 28 -13 -3 -12 -23 -7 27 -5 -1 -6 -8 -16
right_child=2 4 3 12 6 9 18 14 10 -11 21 19 -14 -15 29 -17 -18 -19 -20 -21 -22 22 -24 -25 -26 -27 -28 -29 -30 -31
leaf_value=0.0086348553879074721 -0.054611353715639771 0.036442336097906529 -0.045506107394207379 0.036512006760525469 0.022345494374700972 -0.0012518398874723847 0.029957307131617816 -0.036998852954930439 0.098387866228344958 0.013453587178916218 -0.05477922439086548 -0.054696625636759914 0.03661582511979352 0.013117386240001312 -0.004243068915062184 0.017045189399701656 0.034454928984800605 0.029732979613605676 0.044035633169464829 -0.029417802344203284 0.046312021992955532 -0.050018533680161993 -0.030264267269296086 -0.019222548255805688 0.024305314581706719 -0.057019479450508018 0.025497890731022918 -0.0035238405125270645 -0.0054836818039618049 -0.024576700197046147
leaf_weight=1167.9207349568605 4230.9760091751814 1567.9933803677559 395.02300591021776 10.252968966960905 133.03742315620184 1427.7512372881174 1562.8044758290052 380.79662112891674 13.424475096166132 1379.1821102276444 1259.7581213712692 216.69294638186693 184.49324227869511 485.216887190938 544.08599615842104 49.841361694037914 476.10752701759338 604.93422164022923 699.77073092013597 683.85457497090101 3373.1316996142268 1033.6236508414149 604.47689180076122 337.85482847690582 403.12595628201962 26.187893599271774 314.53167157620192 302.80326222628355 49.732877768576145 207.36368938535452
leaf_count=7823 46456 16085 3278 84 869 6361 14114 2465 67 6964 13360 2192 1605 2380 2930 198 3781 4555 7392 5661 40207 9560 5334 1473 3323 149 2228 1871 424 926
internal_value=-0.00256955 0.0260589 -0.0441287 -0.0184246 0.0374191 0.0112045 0.0283235 -0.0246081 -0.049866 0.00457741 -0.0445664 -0.0334295 0.0254278 -0.00085745 -0.0175383 -0.0306362 0.020568 0.0173587 0.0334858 -0.0356359 0.0432011 -0.0480448 -0.04279 -0.0047226 0.0140197 -0.0295227 0.0122591 0.0043815 0.0288433 -0.00993769
internal_weight=24126.8 14285.9 9840.85 1798.04 8092.4 6193.5 3151.27 1577.11 8042.81 3630.01 3811.83 913.972 220.934 2250.82 1182.09 430.638 2563.49 2087.39 2312.31 900.548 4941.13 2897.86 1638.1 1765.61 838.967 36.4409 1482.45 435.841 1612.54 751.45
internal_count=214115 119850 94265 11635 84285 35565 27993 9797 82630 17178 36174 7920 1838 10214 6519 2663 18387 14606 21930 7853 56292 28254 14894 7834 6063 233 10051 2740 14538 3856
is_linear=0
shrinkage=0.05


Tree=37
num_leaves=31
num_cat=0
split_feature=13 11 14 36 39 24 24 24 20 22 19 22 22 45 59 16 22 11 0 48 22 22 20 24 3 3 20 3 24 12
split_gain=10980.3 1081.88 334.574 191.131 168.543 89.889 86.9157 76.6084 75.6809 63.8725 55.4196 81.7407 67.3674 62.7269 55.4166 52.2839 46.7517 42.2625 36.7693 33.5097 31.6578 30.0495 29.3998 29.0239 26.5734 25.2506 23.3848 22.6218 25.0496 22.5518
threshold=1.0000000180025095e-35 2.5000000000000004 1.0000000180025095e-35 1.5000000000000002 0.38490017945975125 0.022823187599198155 0.0014362841839941503 0.026193631263579851 0.24999999999999997 4.6162606456724111 5.5000000000000009 1.0900477049057173 0.16922794117647058 16.650000000000002 16.935714285714287 4.2500000000000009 4.1507616487455206 4.5000000000000009 48.500000000000007 24.550000000000004 1.9484564297182896 4.1507616487455206 0.017902930402930353 0.0095437095190061515 0.95297903005573359 1.0000000180025095e-35 0.035714285714285761 0.78574730703237883 0.010549497139415802 1.0000000180025095e-35
decision_type=2 2 10 2 2 2 2 2 2 2 8 2 2 2 2 2 2 2 2 2 2 2 2 2 2 2 2 2 2 2
left_child=2 3 6 7 17 21 -1 9 22 23 12 -12 -8 -14 -13 18 24 -3 -10 20 -9 26 -5 -2 -7 -4 -6 -27 -29 -21
right_child=1 4 25 8 5 16 10 19 15 -11 11 14 13 -15 -16 -17 -18 -19 -20 29 -22 -23 -24 -25 -26 27 -28 28 -30 -31
leaf_value=-0.054345691349817454 -0.0080287677937903347 0.035534471157569018 -0.0030653223096241905 -0.0079594010746023569 0.021834488422801463 0.029270608997625815 -0.054160155020202619 -0.00055933432840278498 0.002430284069273802 0.024160359984589569 -0.054219775521581692 -0.0414377507814674 0.012985562877841295 -0.036372157080116867 -0.012059095057010414 0.030996229087923641 0.043423256423698056 0.045909978531487282 -0.028083516503537961 0.012147769569246486 0.021092024848972105 0.023481778908403438 -0.030325726640508477 0.0079257433178020666 -0.0028347479685878422 -0.030381818588816147 -0.0029150239886842496 -0.038418159818858974 -0.0008813001804228003 0.032476206640419891
leaf_weight=4197.9897594228387 353.44605896621943 1519.5815773680806 263.60213457047939 359.52116962522268 135.02743290364742 1587.838194988668 132.36328534781933 221.2919627353549 1462.2674742043018 555.84282038360834 1601.0203566476703 1722.3576587587595 135.18288076668978 118.8379375487566 181.94180282205343 151.03634399175644 727.22960272431374 3234.3033039420843 103.8417848944664 171.21448838710785 679.87386590987444 409.45214403420687 253.92104569077492 1418.4032021537423 65.350027777254581 332.17810238152742 309.16836534440517 57.035260938107967 186.1867693066597 853.46005285531282
leaf_count=48207 1778 16062 1302 1601 896 14738 1370 1448 6198 3823 17495 16022 990 919 1383 797 7985 40071 408 962 4944 3452 1153 8053 571 1904 1915 361 907 6400
internal_value=-0.0025129 0.0242379 -0.04617 0.00922263 0.0366058 0.0277441 -0.0492887 0.0155269 -0.00227591 0.0093925 -0.0438022 -0.0458005 -0.0254667 -0.0101114 -0.0386595 0.00310022 0.0327441 0.042615 0.000357868 0.0229109 0.0157581 0.0137282 -0.0173265 0.0047236 0.0279845 -0.0160237 0.00461649 -0.0218857 -0.0100271 0.0291341
internal_weight=23500.8 14572.1 8928.7 6584.12 7987.95 3234.07 8089.69 4253.53 2330.59 2327.69 3891.7 3505.32 386.384 254.021 1904.3 1717.15 2380.42 4753.88 1566.11 1925.84 901.166 853.648 613.442 1771.85 1653.19 839.002 444.196 575.4 243.222 1024.67
internal_count=214115 123255 90860 37565 85690 29557 86386 27408 10157 13654 38179 34900 3279 1909 17405 7403 23294 56133 6606 13754 6392 6263 2754 9831 15309 4474 2811 3172 1268 7362
is_linear=0
shrinkage=0.05


Tree=38
num_leaves=31
num_cat=0
split_feature=13 11 14 37 39 24 11 11 22 59 0 25 19 22 44 44 60 24 39 24 22 24 22 24 22 13 14 3 48 57
split_gain=10253.6 1034.56 333.793 181.053 167.593 90.07 74.204 64.7773 56.0711 59.5574 125.377 72.8069 56.1325 54.5526 48.9781 47.6969 50.01 43.4231 38.3012 37.8122 30.6954 30.3305 30.1518 29.5011 27.42 26.3192 23.5108 23.4218 23.0206 21.9601
threshold=1.0000000180025095e-35 2.5000000000000004 1.0000000180025095e-35 0.77500000000000013 0.61721339984836876 0.0014362841839941503 4.5000000000000009 1.0000000180025095e-35 0.82542016806722696 16.935714285714287 32.500000000000007 1.2026143790849675 1.0000000180025095e-35 0.16922794117647058 17.350000000000005 15.050000000000002 3.5500000000000003 0.017529514101745452 0.34237858394065562 0.021430454193505803 1.9484564297182896 0.022968153807125854 3.8966188402338626 0.041529499314555809 0.30488687782805429 1.6250000000000002 7.3484848484848486 1.0000000180025095e-35 27.550000000000004 2.0802920076327482
decision_type=2 2 10 2 2 2 2 2 2 2 2 2 8 2 2 2 2 2 2 2 2 2 2 2 2 2 8 2 2 2
left_child=2 3 5 7 6 -1 21 14 12 11 -11 -10 13 -7 19 16 -5 -6 -18 -2 -19 22 -3 24 -9 -17 -8 -4 -16 -22
right_child=1 4 27 15 17 8 26 23 9 10 -12 -13 -14 -15 28 25 18 20 -20 -21 29 -23 -24 -25 -26 -27 -28 -29 -30 -31
leaf_value=-0.054096231761290803 -0.014382566174224419 0.0059560825354658224 -0.0029176798299813686 0.026759402313080202 0.005602523660897976 -0.053847261483084163 0.039727806160076845 -0.060169976494161809 -0.054670735265215799 -0.046458381615194749 0.030566858275940981 -0.033424461643415573 -0.054373620303192594 -0.0097818738659103018 0.038726588463485173 0.014358011550141506 0.024147604979032886 0.004918112109793228 0.0057978546705839719 0.00054445036798805499 0.023232300914292764 0.035750266231579321 0.030177676633997116 0.024496373134734257 0.0062170724567420579 0.036894528583783025 0.047830708961049108 -0.021094408484090454 -0.012898493125900239 0.038185434489337894
leaf_weight=4011.2092299461365 906.61467808485031 196.64948159456253 263.20568484067917 622.26954927295446 344.20683435350657 126.63232287764549 1991.0230656042695 13.656888306140898 612.90968779474497 115.89353668689728 93.558211535215378 1273.6957352459431 1373.2848049998283 160.92297876626253 86.105740502476692 192.791498914361 369.50253157317638 159.15040038526058 1249.3368101119995 789.74837747216225 724.6506621837616 1597.0528623536229 391.74168083071709 235.840769931674 1594.8901497274637 449.75959016382694 1952.7503520399332 567.83904735743999 26.645620763301849 401.03971215337515
leaf_count=48207 3761 1561 1302 4452 2223 1370 24309 72 6175 1106 547 11930 15787 1264 360 1148 2956 1190 7997 3337 6444 17211 3873 1461 8317 3597 25167 3172 107 3712
internal_value=-0.00245809 0.023492 -0.0455964 0.00882955 0.0358379 -0.0488201 0.0396345 0.00142731 -0.0431543 -0.0375768 -0.0119707 -0.0403907 -0.0501247 -0.0295114 -0.00528382 0.0181918 0.0147033 0.0215072 0.0100263 -0.00742606 0.0257332 0.0321297 0.0221724 0.00802223 0.00556389 0.030237 0.0437685 -0.0153884 0.0262964 0.02864
internal_weight=22894.6 14295.4 8599.15 6537.16 7758.27 7768.11 6129.22 3653.5 3756.9 2096.06 209.452 1886.61 1660.84 287.555 1809.11 2883.66 2241.11 1629.05 1618.84 1696.36 1284.84 2185.44 588.391 1844.39 1608.55 642.551 3943.77 831.045 112.751 1125.69
internal_count=214115 123255 90860 37565 85690 86386 72121 17415 38179 19758 1653 18105 18421 2634 7565 20150 15405 13569 10953 7098 11346 22645 5434 9850 8389 4745 49476 4474 467 10156
is_linear=0
shrinkage=0.05


Tree=39
num_leaves=31
num_cat=0
split_feature=13 11 14 37 39 22 0 27 19 14 21 48 59 42 11 11 44 20 20 20 21 20 0 20 20 0 14 45 59 39
split_gain=9574.27 988.461 333.359 168.863 168.068 76.8371 72.3843 65.8393 61.7453 58.8738 49.9421 53.2904 48.1009 43.5366 43.1561 40.3572 31.0288 29.9362 27.4856 26.9471 26.4728 25.4229 23.9403 21.7437 21.2927 21.9607 25.4486 24.7787 21.2548 20.1379
threshold=1.0000000180025095e-35 2.5000000000000004 1.0000000180025095e-35 0.64583333333333337 0.38490017945975125 0.30488687782805429 48.500000000000007 0.7212121212121213 5.5000000000000009 3.0871212121212124 0.87500000000000011 24.350000000000005 8.8571428571428594 26.900000000000002 4.5000000000000009 1.0000000180025095e-35 14.850000000000003 0.049999999999999954 0.24999999999999986 0.52172474176150652 0.37500000000000006 0.4166666666666668 48.500000000000007 0.95297619047619064 0.24999999999999986 38.500000000000007 0.91287878787878796 8.1500000000000021 -2.5785714285714283 0.398519883915809
decision_type=2 2 10 2 2 2 2 2 8 8 2 2 2 2 2 2 2 2 2 2 2 2 2 2 2 2 10 2 2 2
left_child=2 3 5 15 14 -1 10 -7 12 16 11 -5 -9 -10 22 18 19 -17 -2 -6 -20 -11 -3 24 25 26 -4 -27 -19 -8
right_child=1 4 23 6 9 7 29 8 13 21 -12 -13 -14 -15 -16 17 -18 28 20 -21 -22 -23 -24 -25 -26 27 -28 -29 -30 -31
leaf_value=-0.053313805952207673 -0.018727356137701639 0.03549312218090208 -0.015981480543627382 0.0074964124867645046 0.016563030941568864 -0.053958257750826299 0.014585855189533592 0.030968780440907409 -0.042741634285354088 0.034993593123649157 0.032241763132273331 0.020407132288146591 -0.025475276611890377 -0.015823182674467012 0.04479872150121203 0.015644190038995597 0.033688327513598432 -0.040357634752982895 -0.0083947223447839517 -0.0088698684945279545 0.009988935066062847 0.020724951784630536 0.0053462789508475009 0.019461078503889836 -0.040674546073255297 -0.039196022020186988 0.0091491273547335515 -0.0090075455745303994 0.00086141677997890811 -0.017358350750668338
leaf_weight=3876.2997464314103 392.93115012347698 1367.7112271636724 261.1843166872859 1487.5112235695124 886.35827115178108 1007.176320374012 61.849569723010063 48.033217236399651 2209.049436673522 1426.7929361760616 455.67595552653074 1755.0451016575098 150.07778038084507 167.73238638043404 3001.7787252515554 423.60076729208231 241.36449406296015 30.620843715965748 659.63145101070404 115.3673887476325 275.38077218830585 426.86055851727724 72.064247816801071 41.743149146437645 82.055645063519478 141.29609485715628 160.22622018307447 137.2653252184391 742.18355641514063 209.48861046880484
leaf_count=48067 1794 15269 1430 9312 6918 12525 427 364 22944 15964 3854 11176 1180 1306 40071 2394 1911 151 2627 739 1099 4025 793 174 418 856 776 820 3681 1050
internal_value=-0.00240265 0.022757 -0.0450282 0.00845022 0.0350729 -0.0483635 0.0148779 -0.0429729 -0.0386277 0.0260777 0.0167094 0.0145004 -0.0114924 -0.0408674 0.0413243 -0.0016513 0.0175661 0.00499224 -0.00765408 0.0135972 -0.0029439 0.0317472 0.034011 -0.0147566 -0.0166599 -0.0137013 -0.00636934 -0.0245796 -0.000839499 -0.00993199
internal_weight=22314.4 14032.2 8282.14 6493.92 7538.3 7458.37 3969.57 3582.07 2574.89 3096.74 3698.23 3242.56 198.111 2376.78 4441.55 2524.35 1243.09 1196.41 1327.94 1001.73 935.012 1853.65 1439.78 823.771 782.028 699.972 421.411 278.561 772.804 271.338
internal_count=214115 123255 90860 37565 85690 86386 25819 38319 25794 29557 24342 20488 1544 24250 56133 11746 9568 6226 5520 7657 3726 19989 16062 4474 4300 3882 2206 1676 3832 1477
is_linear=0
shrinkage=0.05


Tree=40
num_leaves=31
num_cat=0
split_feature=13 11 14 39 39 24 24 44 39 22 19 59 0 25 22 24 49 22 59 11 41 43 50 3 18 20 24 20 22 44
split_gain=8936.97 943.227 331.795 166.544 158.135 96.9479 84.0551 66.7283 59.8538 58.6213 59.6218 58.5088 116.843 75.8552 54.8139 52.8828 52.3442 47.6484 47.2244 43.8694 28.853 27.8383 26.2425 25.9867 25.8414 28.3503 23.461 22.7388 21.4045 20.095
threshold=1.0000000180025095e-35 2.5000000000000004 1.0000000180025095e-35 0.38490017945975125 1.0801234497346444 0.0014362841839941503 0.022823187599198155 15.050000000000002 0.398519883915809 0.82542016806722696 1.0000000180025095e-35 16.935714285714287 32.500000000000007 1.2026143790849675 0.16922794117647058 0.017529514101745452 52.750000000000007 4.1507616487455206 1.0000000180025095e-35 5.5000000000000009 -1.6285714285714283 13.050000000000002 5.908008333333334 0.95297903005573359 0.29999999999999988 0.45720390720390724 0.010135875419510101 0.11858974358974357 3.6623366013071901 12.850000000000003
decision_type=2 2 10 2 2 2 2 2 2 2 8 2 2 2 2 2 2 2 2 2 2 2 2 2 2 2 2 2 2 2
left_child=2 4 5 19 7 -1 21 8 -2 10 14 13 -13 -11 -7 20 -10 23 22 27 -6 28 -9 -8 25 -17 -4 -3 -5 -28
right_child=1 3 26 6 15 9 17 18 16 11 -12 12 -14 -15 -16 24 -18 -19 -20 -21 -22 -23 -24 -25 -26 -27 29 -29 -30 -31
leaf_value=-0.053643875879538151 0.021837032625959568 0.040494799504841361 -0.029083846758938395 0.003259591805248931 -0.040315071587993981 -0.053262707232682706 0.0267931117131903 -0.062783662363532597 -0.00016030612852740343 -0.054120165128504955 -0.053911076386117779 -0.045318398401456655 0.030174152324006949 -0.031661453838032802 -0.0076816930964428891 -0.0097400135119302747 0.014151646897114427 0.041670626892137422 0.032060742882189346 0.045326422409829301 -0.0090188719595241783 -0.022638388649646447 0.0076413709368094926 -0.0055565873905240315 0.017146726043087181 0.0074543594140432257 -0.017877896187440026 0.029272965127565154 0.020550735023056311 6.6822561067779739e-05
leaf_weight=3664.4590699598193 882.07054109871387 966.37056370079517 198.97201392799616 293.58089757710695 79.585737764835358 115.85363622009754 1485.7959594503045 12.627164289355276 1326.7346886768937 565.90872023254633 1258.0612085536122 108.16671051084995 93.662969648838043 1201.3642240092158 155.0936534255743 420.69179278612137 1224.0671284049749 664.34007632732391 676.95859944075346 2357.614077091217 859.47912660241127 53.278069697320461 135.44041895121336 62.806911081075668 282.37762609124184 551.8460588529706 320.56147328019142 968.12804020941257 475.86795622855425 296.77448135614395
leaf_count=48207 6834 12048 1308 1878 334 1370 14738 67 7656 6175 15787 1106 547 11930 1264 1882 7354 7985 4877 32960 3771 389 890 571 1518 2382 1719 11125 3996 1447
internal_value=-0.00234793 0.022034 -0.044454 0.0343076 0.00808384 -0.0478975 0.0252914 0.0137018 0.0106098 -0.0418435 -0.0492912 -0.0360035 -0.0102097 -0.0389203 -0.0275106 -0.00281014 0.00670356 0.0303707 0.0264802 0.0406639 -0.0117778 0.0115585 0.000712254 0.0254595 0.00388864 0 -0.0141656 0.0349277 0.0140113 -0.00923853
internal_weight=21758.5 13779.7 7978.88 7327.78 6451.88 7162.57 3035.67 4257.9 3432.87 3498.11 1529.01 1969.1 201.83 1767.27 270.947 2193.98 2550.8 2212.94 825.026 4292.11 939.065 822.727 148.068 1548.6 1254.92 972.538 816.308 1934.5 769.449 617.336
internal_count=214115 123255 90860 85690 37565 86386 29557 27678 21844 38179 18421 19758 1653 18105 2634 9887 15010 23294 5834 56133 4105 6263 957 15309 5782 4264 4474 23173 5874 3166
is_linear=0
shrinkage=0.05


Tree=41
num_leaves=31
num_cat=0
split_feature=13 11 24 28 39 37 26 19 24 59 0 28 23 60 24 25 28 59 11 60 0 13 44 37 24 39 60 28 20 0
split_gain=8342.26 899.355 234.197 166.554 164.703 147.918 90.1311 83.1343 81.1893 77.4638 129.424 65.1757 62.9125 56.6678 52.498 50.0267 49.3695 47.0114 44.4445 43.481 43.0232 34.0245 36.7006 33.4273 32.4414 32.1287 26.5838 23.9841 23.9308 23.6663
threshold=1.0000000180025095e-35 2.5000000000000004 0.0017778260545818002 1.3047936300717098 0.38490017945975125 0.77500000000000013 76.000000000000014 1.0000000180025095e-35 0.019257905781894454 16.935714285714287 32.500000000000007 0.20656750859100753 1.039358366987267 9.6000000000000032 0.037847434587626801 1.2026143790849675 4.3036561130940774 0.47142857142857147 4.5000000000000009 18.450000000000003 47.500000000000007 1.6250000000000002 14.950000000000001 1.0000000180025095e-35 0.033633759389658457 0.76594168620507064 18.300000000000001 3.657807677544255 0.025031328320801956 48.500000000000007
decision_type=2 2 2 2 2 2 2 8 2 2 2 2 2 2 2 2 2 2 2 2 2 2 2 2 2 2 2 2 2 2
left_child=2 5 -1 7 18 14 9 11 27 15 -11 -4 -13 23 17 -5 24 26 29 -15 21 -7 -23 -8 -10 -19 -2 28 -6 -3
right_child=1 4 3 6 8 20 13 -9 16 10 -12 12 -14 19 -16 -17 -18 25 -20 -21 -22 22 -24 -25 -26 -27 -28 -29 -30 -31
leaf_value=-0.053285917400704742 -0.020499206779729308 0.033943480173932276 -0.052987595085061123 -0.053389250887034459 0.01749991901925467 0.0091276251992769234 -0.033273290539518177 -0.052496895126357017 0.013967280031319217 -0.044493667787952697 0.050124904848433474 0.038805649877376829 -0.023759959261680778 0.0090304829442659929 0.014442009523840308 -0.030365152811144165 0.040269237263960478 0.0097648614959325152 0.043679249949360302 -0.021265540231949511 -0.0042797230718771093 0.017999967536588019 0.035138602374259469 -0.010836772176925174 0.028851336275361485 -0.0025906793188977366 0.02095190403856596 0.015374616652081405 -0.017490892224362925 0.0035384072902833147
leaf_weight=3572.6856682747602 405.49362993985415 1292.5382701903582 110.77125545591116 505.95725198090076 71.9979462698102 745.05483204126358 524.01874645799398 1438.9493422582746 555.65349439531565 79.976657278835773 62.595117926597595 55.8151845484972 129.20928162336349 270.22764921933413 606.82084307074547 477.47357296943665 667.65823013335466 735.63375487923622 2786.5900984555483 207.04557163268328 228.95021121948957 1409.8077778071165 410.71263654530048 251.98410393297672 1159.3062632381916 1829.5102027803659 40.538250796496868 381.76122386753559 140.35605593025684 69.791123956441879
leaf_count=48930 1866 15269 1370 5713 467 4589 4711 18444 4854 793 323 460 1011 2033 3227 4163 8134 3920 40071 1469 1390 10675 3496 1440 12168 8202 200 3118 816 793
internal_value=-0.0022946 0.0213235 -0.0438897 -0.0357019 0.0335475 0.00772991 -0.0270465 -0.0475141 0.0245208 -0.0373345 -0.00266039 -0.0230005 -0.00453936 -0.0177386 0.00104657 -0.0423203 0.0286464 -0.00165241 0.0400029 -0.00409395 0.0163668 0.0182209 0.0219145 -0.0260664 0.0240653 0.00094776 -0.0165994 0.00789311 -0.00545815 0.0324116
internal_weight=21224.9 13538.2 7686.71 4114.02 7125.65 6412.52 2379.28 1734.75 2976.73 1126 142.572 295.796 185.024 1253.28 3618 983.431 2382.62 3011.18 4148.92 477.273 2794.53 2565.58 1820.52 776.003 1714.96 2565.14 446.032 594.115 212.354 1362.33
internal_count=214115 123255 90860 41930 85690 37565 20645 21285 29557 10992 1116 2841 1471 9653 17415 9876 25156 14188 56133 3502 20150 18760 14171 6151 17022 12122 2066 4401 1283 16062
is_linear=0
shrinkage=0.05


Tree=42
num_leaves=31
num_cat=0
split_feature=13 11 14 14 36 24 24 20 20 22 19 22 24 59 0 25 22 16 24 22 24 22 20 0 43 20 12 18 20 24
split_gain=7785.36 856.928 331.77 164.827 136.719 102.669 70.1338 67.7339 62.5621 60.2476 60.9024 58.4795 57.3385 54.2127 102.252 76.6559 51.6312 44.6383 40.9484 36.194 33.0788 31.9091 35.403 31.0174 30.8651 28.4634 28.1504 26.5039 22.2666 21.6588
threshold=1.0000000180025095e-35 2.5000000000000004 1.0000000180025095e-35 3.5227272727272729 1.5000000000000002 0.0014362841839941503 0.046670841058403904 0.33045843045843054 0.24999999999999997 0.82542016806722696 1.0000000180025095e-35 4.2729435357030523 0.019257905781894454 16.935714285714287 32.500000000000007 1.2026143790849675 0.16922794117647058 5.2500000000000009 0.015664221222931204 4.3119422691677292 0.027553537674840253 1.8845965309200605 0.025031328320801956 48.500000000000007 13.050000000000002 0.017902930402930353 4.5000000000000009 0.099999999999999575 0.053146210407239804 0.010135875419510101
decision_type=2 2 10 8 2 2 2 2 2 2 8 2 2 2 2 2 2 2 2 2 2 2 2 2 2 2 2 2 2 2
left_child=2 4 5 12 6 -1 11 19 25 10 16 18 24 15 -15 -11 -7 23 -2 20 -5 -14 -23 -10 28 -6 -26 -13 -3 -4
right_child=1 3 29 7 8 9 -8 -9 17 13 -12 27 21 14 -16 -17 -18 -19 -20 -21 -22 22 -24 -25 26 -27 -28 -29 -30 -31
leaf_value=-0.053229675343068751 -0.0034864832213535092 0.025005275918792771 -0.027468899088314177 0.012836866423388382 -0.0068832688323811168 -0.05272304017800037 0.028917465583606323 0.024117173461109122 0.0025757135995732438 -0.053555081965451445 -0.053480847946221946 0.027652695780716965 0.010373231896733729 -0.044156261371043524 0.027320965055027638 -0.030117941471098555 -0.0072786812844168663 0.037710025539349025 0.010369594414088133 0.045514815477449198 0.03758552228335419 0.044531648810127361 0.025023518211915466 -0.024714383108040517 -0.011147494211666817 -0.029066536659541477 -0.11777369242071728 0.007815153603526798 0.0050558395837971204 -0.008117799782334614
leaf_weight=3341.3573228120804 731.33212846517563 213.3888184055686 191.91803731769323 152.10379806160927 354.17851265519857 105.8940522223711 584.63934023678303 753.29200188815594 1504.9129207357764 517.58496756106615 1148.557343326509 579.53733499348164 255.1367170587182 100.88626162707806 95.187470309436321 1142.9937321171165 154.02948086708784 83.79379615187645 1935.0499401912093 2006.7460907697678 1819.9738024175167 320.60622102022171 954.30364145338535 109.79708710312843 34.996014446020126 249.15356700122356 5.875131629407405 245.37358319014311 415.40690919756889 608.75227919220924
leaf_count=48207 3763 1794 1308 1860 1601 1370 4731 8401 6496 6175 15787 4542 2318 1106 547 11930 1264 473 12831 29668 25269 3601 9356 434 261 1153 40 1541 3122 3166
internal_value=-0.00224074 0.0206235 -0.0433223 0.0327916 0.00738819 -0.0470072 0.0128884 0.0380591 -0.00234312 -0.0406032 -0.048499 0.0101821 0.0214242 -0.0345541 -0.00940467 -0.0374937 -0.0261496 0.00256022 0.00656003 0.040679 0.0357043 0.0267705 0.0300109 0.000676299 0.00912849 -0.0161512 -0.0318372 0.0218153 0.0119234 -0.0128442
internal_weight=20716.8 13309.6 7407.16 6931.83 6377.77 6606.49 4075.93 4732.12 2301.84 3265.13 1408.48 3491.29 2199.71 1856.65 196.074 1660.58 259.924 1698.5 2666.38 3978.82 1972.08 1530.05 1274.91 1614.71 669.667 603.332 40.8711 824.911 628.796 800.67
internal_count=214115 123255 90860 85690 37565 86386 27408 65198 10157 38179 18421 22677 20492 19758 1653 18105 2634 7403 16594 56797 27129 15275 12957 6930 5217 2754 301 6083 4916 4474
is_linear=0
shrinkage=0.05


Tree=43
num_leaves=31
num_cat=0
split_feature=13 11 14 14 37 22 20 1 25 59 44 21 21 48 21 22 44 60 22 20 20 44 46 41 3 43 3 50 41 3
split_gain=7265.28 814.598 329.801 162.082 128.514 87.2341 68.6129 60.6017 59.6149 76.5633 134.816 52.0045 46.1198 48.0197 35.034 34.5792 32.172 30.1949 31.3476 29.9533 28.349 26.7506 25.0862 22.1646 21.6832 20.9539 20.6372 24.3796 20.4938 20.2058
threshold=1.0000000180025095e-35 2.5000000000000004 1.0000000180025095e-35 3.5227272727272729 0.64583333333333337 0.30488687782805429 0.15000000000000008 11.500000000000002 1.2026143790849675 16.935714285714287 13.65 0.87500000000000011 0.87500000000000011 24.350000000000005 1.0000000180025095e-35 4.6798747276688459 14.850000000000003 9.6000000000000032 1.3423202614379088 0.50000000000000011 0.79193722943722966 17.100000000000005 56.850000000000001 19.935714285714287 1.0000000180025095e-35 15.15 0.78574730703237883 21.771487500000006 6.3000000000000007 0.95297903005573359
decision_type=2 2 10 8 2 2 2 2 2 2 2 2 2 2 2 2 2 2 2 2 2 2 2 2 2 2 2 2 2 2
left_child=2 4 5 11 14 -1 29 12 9 -7 -11 16 13 -6 20 23 19 -10 -19 -3 -2 22 -16 -8 28 -17 -26 -28 -4 -5
right_child=1 3 24 6 7 8 15 -9 17 10 -12 -13 -14 -15 21 25 -18 18 -20 -21 -22 -23 -24 -25 26 -27 27 -29 -30 -31
leaf_value=-0.052372812516979075 -0.025869791396245526 0.016401279404440094 0.030215243511165814 0.044032996570348121 0.0057000456546417444 -0.053164334526669348 0.026980177615291447 -0.0099783488684309345 -0.039442312941255643 -0.052691790219193638 0.03201983208647901 0.039321285762841919 0.029952864889017203 0.018140888503511463 -0.0018337662462628642 0.040224631519109995 0.030704435723228903 -0.039354062794630884 -0.016721885236929423 -0.0073539141239595792 0 0.021544247956989712 0.026177497660870432 -0.0049279321082359075 -0.026466387761531436 -0.01362184767302318 -0.01395508463047701 0.028160570507828411 -0.0067650981739921156 0.018651696383181555
leaf_weight=3235.9908801317215 243.395129583776 1331.7295506373048 43.4103042781353 2359.3939495384693 1450.3846423774958 1175.9984399601817 1277.9052254781127 268.59384881705046 1077.7915355265141 114.29188518971205 76.69325640052557 320.73243340849876 428.24207616597414 1690.4855432584882 1846.0130369439721 784.57380141317844 366.96505463123322 254.86096899956465 408.68165810778737 144.68823225796223 185.57350209355354 144.49585282802582 81.501308210194111 54.876699924468994 307.13886669278145 16.886431485414505 192.57330483943224 39.531775236129761 211.82626619935036 88.899912897497416
leaf_count=48067 1125 12187 215 35878 9312 16480 16120 1477 12313 1548 685 3891 3854 11176 8764 10949 3416 2930 4363 998 736 694 427 703 1904 237 1080 188 1087 1311
internal_value=-0.00218813 0.0199451 -0.0427558 0.0320359 0.0070661 -0.0465599 0.0373721 0.0128119 -0.0404704 -0.0483829 -0.0185656 0.0207008 0.0145386 0.0124112 -0.00174386 0.0307124 0.0174083 -0.0341962 -0.0255444 0.0140496 -0.0147181 0.000941738 -0.0006105 0.0256422 -0.0123066 0.0390279 -0.0179725 -0.00649592 -0.000192322 0.0431376
internal_weight=20224.1 13085.3 7138.79 6746.65 6338.68 6344.31 4582.54 3837.71 3108.32 1366.98 190.985 2164.12 3569.11 3140.87 2500.98 2134.24 1843.38 1741.33 663.543 1476.42 428.969 2072.01 1927.51 1332.78 794.481 801.46 539.244 232.105 255.237 2448.29
internal_count=214115 123255 90860 85690 37565 86386 65198 25819 38319 18713 2233 20492 24342 20488 11746 28009 16601 19606 7293 13185 1861 9885 9191 16823 4474 11186 3172 1268 1302 37189
is_linear=0
shrinkage=0.05


Tree=44
num_leaves=31
num_cat=0
split_feature=17 11 14 39 39 23 27 36 60 20 2 49 20 20 60 14 21 36 20 1 43 40 14 45 43 43 3 41 2 60
split_gain=6776.55 779.455 327.14 215.662 104.043 79.9381 79.7665 66.1447 55.1006 51.7528 51.018 50.2895 39.3894 35.6076 35.3658 32.4657 31.3291 29.8602 28.0174 26.7602 27.9265 26.7296 25.4445 24.6507 23.0712 22.6698 25.5833 21.7457 21.1113 34.0855
threshold=1.0000000180025095e-35 3.5000000000000004 1.0000000180025095e-35 0.65760331244732284 0.45154431583280363 1.6551624325815184 0.7212121212121213 2.5000000000000004 6.9500000000000002 0.32142857142857151 -0.66312265824079508 51.650000000000006 0.14880952380952378 0.62147817460317467 0.55000000000000016 1.6833333333333336 1.0000000180025095e-35 10.500000000000002 0.049999999999999954 11.500000000000002 13.050000000000002 1.4491376746189442 3.7638888888888893 15.050000000000002 15.15 12.700000000000001 0.56806474673115548 -1.9357142857142853 -0.99635443704902682 30.450000000000006
decision_type=2 2 10 2 2 2 2 2 2 2 2 2 2 2 2 10 2 2 2 2 2 2 8 2 2 2 2 2 2 2
left_child=2 3 5 9 12 28 -7 11 17 15 -10 23 -3 16 -13 -2 -9 -8 -17 20 27 -21 -14 -5 -24 26 -11 -6 29 -1
right_child=1 4 -4 7 19 6 8 13 10 25 -12 14 22 -15 -16 18 -18 -19 -20 21 -22 -23 24 -25 -26 -27 -28 -29 -30 -31
leaf_value=-0.034693824717969605 0.014148623007417694 0.0432852063653563 -0.011789404715999215 -0.0042978503954145273 -0.0032613185102793661 -0.052954561689817374 -0.045811674339826164 -0.038697833394888144 -0.011390417557845478 0.017361854924072127 -0.03464294544141857 0.030450758918470891 0.014097421444776326 0.0042154905660358082 0.0084286169627068464 0.039174834200189995 -0.010542310626186449 -0.012570119543660328 0.023494088504968529 0.010076150571914019 0 -0.060395582030228614 0.036176405856960983 0.0098378923971689236 -0.0080801529991795882 -0.020871486431117661 -0.0051536956752465711 0.028343927756491156 -0.051896397519636275 0.070547936550303961
leaf_weight=64.878012359142303 683.73564371466637 2271.8197684511542 788.17181779444218 1303.8120621740818 54.756783977150917 801.59471793845296 824.98328530415893 127.91992578655481 388.59609862416983 405.94003870338202 625.44079421088099 200.02017512172461 180.89836733788252 298.32718001306057 2039.5996681600809 387.95475236326456 443.66528833657503 77.873273339122534 1234.5220966339111 62.371768765151501 102.62329767644405 14.951996706426142 998.89009548351169 401.38539205491543 28.714377764612436 61.861980602145195 179.39696619659662 1394.2484597116709 3304.3725591748953 6.6819381341338149
leaf_count=858 5155 35743 4474 6976 574 12525 9994 617 3741 3272 7457 1136 2022 1157 11526 4458 2049 863 12205 663 1069 117 14915 2193 412 495 1354 15147 50858 90
internal_value=-0.00213415 0.0192704 -0.0421799 0.00928558 0.0344368 -0.0461009 -0.0395991 0.00275205 -0.0339518 0.0199192 -0.0257968 0.00550844 0.0393377 -0.00970274 0.010432 0.0234292 -0.017 -0.0430063 0.0273026 0.023915 0.0253467 -0.00441489 0.031837 -0.000948176 0.0349022 0.00733956 0.0104246 0.0271295 -0.0513026 -0.0228761
internal_weight=19760 12877.4 6882.59 7768.14 5109.27 6094.42 2718.49 4814.73 1916.89 2953.41 1014.04 3944.82 3480.32 869.912 2239.62 2306.21 571.585 902.857 1622.48 1628.95 1551.63 77.3238 1208.5 1705.2 1027.6 647.199 585.337 1449.01 3375.93 71.56
internal_count=214115 123255 90860 52593 70662 86386 34580 25654 22055 26939 11198 21831 53092 3823 12662 21818 2666 10857 16663 17570 16790 780 17349 9169 15327 5121 4626 15721 51806 948
is_linear=0
shrinkage=0.05


Tree=45
num_leaves=31
num_cat=0
split_feature=13 16 24 22 22 24 36 19 24 2 0 22 24 45 22 24 15 21 46 2 51 2 44 24 20 48 22 22 21 3
split_gain=6318.51 740.508 257.201 166.516 132.678 161.852 131.471 92.8393 88.1122 71.6417 86.2973 66.1638 64.7695 64.2293 54.9239 47.5456 46.5778 46.0008 44.6041 50.8578 46.3919 38.0621 32.7635 31.08 30.142 29.0548 34.0183 28.2578 27.0531 23.7048
threshold=1.0000000180025095e-35 2.7500000000000004 0.0017778260545818002 1.2557189542483662 4.3119422691677292 0.027553537674840253 1.5000000000000002 1.0000000180025095e-35 0.0077094163419790009 -0.70581670320594825 36.500000000000007 0.16922794117647058 0.030287216609701954 20.400000000000006 3.2904972446494942 0.022169746494434154 2.4494897427831805 0.37500000000000006 8.2500000000000018 -0.46472317204376817 4.5000000000000009 0.8542199457734333 18.050000000000004 0.021192309767216002 0.025031328320801956 24.350000000000005 0.21828877005347594 4.2729435357030523 0.37500000000000006 0.91023613416931248
decision_type=2 2 2 2 2 2 2 8 2 2 2 2 2 2 2 2 2 2 2 2 2 2 2 2 2 2 2 2 2 2
left_child=2 6 -1 7 5 16 12 11 9 10 -5 -4 14 -13 24 -6 28 21 19 -10 -20 -7 23 27 -2 26 -14 -8 -3 -16
right_child=1 4 3 8 15 17 22 -9 18 -11 -12 13 25 -15 29 -17 -18 -19 20 -21 -22 -23 -24 -25 -26 -27 -28 -29 -30 -31
leaf_value=-0.052517511376087046 0.010864017831971707 -0.0039409975036374069 -0.052007854973932489 0.037742547481246939 0.026091368770447584 0.018440522045560424 -0.017020277874798876 -0.051504271248022197 -0.037201407905015887 -0.046309962709994941 -0.034009435689891641 0.022436101684548088 -0.063192058191767889 -0.040691805568715142 0.01525462644227106 0.042679646195257027 -0.017853791178511613 0.034755033913032703 0.005902053986883639 -0.013524580711194684 -0.033167319040300278 0.041923658390596835 0.024131552688736568 0.00066459561636765963 -0.0055127325667644316 0.026835020643001709 0.01373653463257142 0.0033088027079388434 0.018534620502862073 -0.0050554763904631242
leaf_weight=2981.6053916625679 399.7343655154109 200.89145561307669 92.837145514786243 60.579085744917393 574.49864143878222 1095.3540622405708 737.62318660318851 1212.618222836405 360.81966511905193 573.29744780063629 124.31060034036636 111.43865083158016 12.676666773855684 60.488902427256107 1416.5025259107351 2051.995754852891 184.12699497118592 1806.4741452634335 334.34545609354973 630.33115851134062 96.015736117959023 208.13523720577359 91.850741699337959 874.62882011383772 931.49234841018915 742.45764587819576 583.88769824802876 219.04493449628353 386.44360187649727 156.9209333434701
leaf_count=48930 2626 1748 1370 363 6875 12811 3106 18444 3172 6910 1303 926 74 545 9822 31523 1279 24626 2620 5426 851 2535 389 3870 5262 6104 4637 969 3990 1009
internal_value=-0.00208109 0.0186147 -0.0415914 -0.0326527 0.0303777 0.0244632 0.00619113 -0.0456359 -0.0238076 -0.0375906 -0.0102138 -0.0184805 0.0111059 0 0.00689063 0.0390834 0.00391356 0.0295469 -0.0163962 -0.0222267 -0.0028698 0.0222678 -0.00464111 -0.00612263 -0.000567529 0.0202071 0.0118544 -0.0123423 0.0108174 0.0132093
internal_weight=19313.4 12674.7 6638.69 3657.08 6507.92 3881.43 6166.82 1477.38 2179.7 758.187 184.89 264.765 4243.67 171.928 2904.65 2626.49 771.462 3109.96 1421.51 991.151 430.361 1303.49 1923.15 1831.3 1331.23 1339.02 596.564 956.668 587.335 1573.42
internal_count=214115 123255 90860 41930 85387 46989 37868 21285 20645 8576 1666 2841 29534 1471 18719 38398 7017 39972 12069 8598 3471 15346 8334 7945 7888 10815 4711 4075 5738 10831
is_linear=0
shrinkage=0.05


Tree=46
num_leaves=31
num_cat=0
split_feature=37 11 12 24 24 22 22 19 43 22 39 22 43 43 14 24 24 2 0 21 24 42 22 42 47 40 43 24 39 23
split_gain=5839.95 849.435 164.327 163.405 159.321 102.46 92.9299 82.7701 72.0037 69.7467 65.411 62.8024 66.9369 61.1524 58.2172 56.4886 53.7691 90.5535 85.2137 50.0604 46.0214 43.9376 119.938 40.5902 38.8721 24.5819 21.3827 21.2455 20.6786 20.347
threshold=1.0000000180025095e-35 2.5000000000000004 1.0000000180025095e-35 0.0017778260545818002 0.022823187599198155 4.1507616487455206 1.3984375000000002 1.0000000180025095e-35 -12.449999999999998 4.1507616487455206 0.398519883915809 0.16922794117647058 -1.5999999999999999 -7.6999999999999984 8.7638888888888911 0.055610003544322002 0.0091501413077338511 -0.70581670320594825 36.500000000000007 0.37500000000000006 0.028670042440722753 5.1000000000000005 1.7181956115779646 13.050000000000002 0.59500000000000008 -1.0000000180025095e-35 15.15 0.044643057262711304 0.26138886319370674 2.6538393930267632
decision_type=2 2 2 2 2 2 2 8 2 2 2 2 2 2 8 2 2 2 2 2 2 2 2 2 2 2 2 2 2 2
left_child=3 2 14 -1 9 15 7 11 -4 25 27 -5 -13 -12 20 19 17 18 -8 -6 24 22 -18 -23 -2 -3 -7 -10 -28 -27
right_child=1 4 8 6 5 26 16 -9 10 -11 13 12 -14 -15 -16 -17 21 -19 -20 -21 -22 23 -24 -25 -26 29 28 -29 -30 -31
leaf_value=-0.052386198555890218 -0.0042806715314375075 -0.025997984120060075 0.044930099621551839 -0.051776213365366412 0.012607789028010144 0.043593161543962311 0.041315910938745259 -0.049946644013893031 0.01652740391244634 0.024456100993442819 -0.015813705784842712 0.15016679977889025 -0.0065986675651754714 0.0074714236760935514 -0.033424093606149612 0.036924220046373954 0.1398263298440226 -0.046277769779396301 -0.030783763866310532 0.029355078765519477 0.008166024977871179 -0.034490869475464363 -0.0091739270019753991 -0.010396661990787488 -0.023170465759186087 -0.028063441588001399 0.037922295494487258 0.03625096265571516 -0.030651631730608805 0.0080145197777846521
leaf_weight=2787.1229361258447 1162.6354874670506 72.040680952370167 139.70170953124762 88.703287083655596 756.33177158236504 1922.366321478039 61.774879440665245 1226.7137386016548 820.07881233841181 703.41514714062214 307.53848781436682 5.1052011102437964 161.50514946132898 3115.1073863878846 185.46838053315878 1135.3163444884121 13.587378829717634 571.81322874873877 112.36309672147036 1128.7295790910721 543.17539815604687 355.93510036915541 98.367420010268688 354.01335818320513 356.29509298503399 40.585681810975075 21.461264658719301 168.39704243093729 18.521199360489845 451.34069268405437
leaf_count=47996 5719 684 1106 1370 8706 31633 363 19091 6675 8550 1646 35 1407 18356 2138 16666 155 7346 1185 15042 2807 3528 1007 3061 1783 287 375 1659 271 3468
internal_value=-0.00202948 0.0165654 0.00432673 -0.0435936 0.029868 0.0338981 -0.0355213 -0.0445432 0.00979059 0.0139753 0.00865219 -0.0182976 0 0.00536385 -0.00672409 0.0280567 -0.0269315 -0.0366874 -0.004886 0.0226694 -0.00428048 -0.0179792 0.0108268 -0.0225744 -0.00875272 0.000818597 0.0428386 0.0199792 0.00561417 0.00488576
internal_weight=18885.5 13048.5 6798.4 5837 6250.11 4982.73 3049.88 1482.03 4550.82 1267.38 4411.12 255.314 166.61 3422.65 2247.57 3020.38 1567.85 745.951 174.138 1885.06 2062.11 821.903 111.955 709.948 1518.93 563.967 1962.35 988.476 39.9825 491.926
internal_count=214115 127571 41889 86544 85682 72693 38548 21903 29442 12989 28336 2812 1442 20002 12447 40414 16645 8894 1548 23748 10309 7751 1162 6589 7502 4439 32279 8334 646 3755
is_linear=0
shrinkage=0.05


Tree=47
num_leaves=31
num_cat=0
split_feature=13 11 14 39 24 39 24 22 19 60 2 44 22 20 0 22 20 24 24 36 22 22 40 59 14 44 44 44 43 17
split_gain=5495.56 684.677 324.357 176.27 119.712 104.49 77.9245 64.068 69.2754 58.6415 52.792 51.0067 50.9455 47.4035 41.6385 41.3895 40.908 37.442 34.6816 30.0608 27.4966 26.4051 26.3268 25.8322 24.8023 23.2835 22.615 43.804 22.3676 21.604
threshold=1.0000000180025095e-35 3.5000000000000004 1.0000000180025095e-35 0.65760331244732284 0.0014362841839941503 0.45154431583280363 0.014631019688335902 0.82542016806722696 1.0000000180025095e-35 6.9500000000000002 -0.66312265824079508 17.100000000000005 0.16922794117647058 0.32142857142857151 49.500000000000007 4.2085932857991688 0.14880952380952378 0.016777163113926106 0.022517893890413202 10.500000000000002 1.9484564297182896 4.791627762215998 0.83333333333333337 1.9785714285714289 3.7638888888888893 15.65 14.950000000000001 13.750000000000002 15.15 3.5000000000000004
decision_type=2 2 10 2 2 2 2 2 8 2 2 2 2 2 2 2 2 2 2 2 2 2 2 2 8 2 2 2 2 2
left_child=2 3 4 13 -1 16 23 8 12 19 -11 15 -6 17 18 -8 -3 21 -7 -9 -19 -2 -16 -5 -18 -25 27 -15 -26 -13
right_child=1 5 -4 6 7 14 11 9 -10 10 -12 29 -14 26 22 -17 24 20 -20 -21 -22 -23 -24 25 28 -27 -28 -29 -30 -31
leaf_value=-0.052374663448068785 0.0017756052690067214 0.041789476889571658 -0.0099409393148852387 -0.022603569304606618 -0.051551154563356939 0.0095093621017658548 0.0019597832557598266 -0.043934836775364347 -0.05260846535603602 -0.0048362888236968731 -0.03100618570845767 0.015495188015671381 -0.0027157556116675758 0.0076215048511335997 0.012684766722156238 0.017587230981602715 0.011789891882964254 0.0095382993563098133 0.027466119412773965 -0.0090430909360970698 0.027746460008553509 0.025925070704920634 -0.055962209617868269 -0.007348489545256031 0.034189070956288807 0.014102485404869414 0.024752380140130727 -0.031580251251998114 -0.0099861778181705926 0.04591347077589561
leaf_weight=2656.8089993521571 355.64551101624966 2054.4377170018852 767.46330744028091 242.44807549566031 84.744790852069855 363.82801309973001 2626.6827774718404 700.65689239278436 918.97473694011569 306.91843997687101 531.3707881718874 154.72365286946297 142.63518839329481 423.69337528198957 26.110219784080982 504.65231768786907 172.41501368582249 250.93527876213193 1118.2737199924886 70.995624423027039 1426.9144441112876 166.03227242827415 25.633369993418455 993.53241524100304 915.1312865652144 142.3783141002059 123.96801186352968 83.539661824703217 27.859463784843683 99.241603463888168
leaf_count=48207 2614 35743 4474 1120 1370 3068 14448 9273 15787 2901 6764 832 1264 3360 295 3146 2022 2416 13986 820 15193 1595 221 4688 14915 691 1120 641 412 729
internal_value=-0.00197643 0.017352 -0.0404334 0.00805927 -0.0447467 0.0323406 0.00217895 -0.0373523 -0.0464714 -0.0307939 -0.0214888 0.00626283 -0.0213165 0.0179376 0.0215409 0.00449593 0.0375417 0.0214061 0.0230937 -0.0407886 0.0250528 0.00957895 -0.0216743 -0.00782765 0.0296347 -0.00461773 0.00578184 0.00101733 0.0328391 0.0277452
internal_weight=18478.6 12298.1 6180.57 7594.39 5413.11 4703.69 4763.66 2756.3 1146.35 1609.94 838.289 3385.3 227.38 2830.73 1533.85 3131.34 3169.84 2199.53 1482.1 771.653 1677.85 521.678 51.7436 1378.36 1115.41 1135.91 631.201 507.233 942.991 253.965
internal_count=214115 123255 90860 52593 86386 70662 25654 38179 18421 19758 9665 19155 2634 26939 17570 17594 53092 21818 17054 10093 17609 4209 516 6499 17349 5379 5121 4001 15327 1561
is_linear=0
shrinkage=0.05


Tree=48
num_leaves=31
num_cat=0
split_feature=13 16 14 36 24 22 24 14 22 19 60 2 22 24 0 24 41 24 36 45 15 22 43 45 24 44 50 43 24 23
split_gain=5121.4 642.677 320.644 161.109 123.001 94.5309 98.3091 91.5327 64.6383 69.8336 57.522 50.1257 49.3204 43.094 41.4789 33.4293 33.1508 32.3174 29.4667 28.51 28.2114 27.567 26.189 25.881 23.6207 20.2152 19.8336 24.3852 19.1787 21.2105
threshold=1.0000000180025095e-35 3.7500000000000004 1.0000000180025095e-35 1.5000000000000002 0.0014362841839941503 4.3119422691677292 0.027553537674840253 1.8452380952380951 0.82542016806722696 1.0000000180025095e-35 6.9500000000000002 -0.66312265824079508 0.16922794117647058 0.024556514461856405 48.500000000000007 0.059094395887898103 -5.1785714285714279 0.014631019688335902 10.500000000000002 56.850000000000001 1.258305739211792 3.2904972446494942 15.15 53.600000000000009 0.038433312615877256 17.450000000000003 12.558562500000003 13.050000000000002 0.010135875419510101 4.9063535232435855
decision_type=2 2 10 2 2 2 2 10 2 8 2 2 2 2 2 2 2 2 2 2 2 2 2 2 2 2 2 2 2 2
left_child=2 3 4 7 -1 6 26 16 9 12 18 -12 -6 14 -9 20 -2 25 -10 23 -8 -18 24 -19 -7 -5 -3 -28 -4 -30
right_child=1 5 28 17 8 22 15 13 10 -11 11 -13 -14 -15 -16 -17 21 19 -20 -21 -22 -23 -24 -25 -26 -27 27 -29 29 -31
leaf_value=-0.052222631240543077 -0.073880090747550101 -0.034788313983744316 -0.023870217285288309 -0.01541334579282627 -0.051331996591406061 0.035606693529343807 0.035146873569262729 0.012860037230258492 -0.043383613198587877 -0.052450285796613587 -0.0046117609994917614 -0.030263495046492825 -0.0025872403610407101 0.023135397589324341 -0.029423420416996988 0.036410150424384995 0.0018121324653385365 -0.00046180181420695844 -0.0086679134380760105 0.030848427703662064 0.018500413678453856 0.012440751544308144 0.0036493049460607943 -0.053693518900175631 0.047135072946805967 0.020726197222733219 0.0091057317064304304 -0.036767273785266598 -0.0011328891101268848 -0.028411572070854336
leaf_weight=2534.4123802222311 11.055385380983351 33.984316796064377 177.02352037280798 616.02361593395472 80.955570962280035 1114.3851228989661 374.67775095999241 1036.3964060693979 674.76563357189298 876.73142293468118 305.89225736260414 517.59371419996023 142.34124299138784 1819.9946686476469 59.240030385553837 914.77893183007836 1601.3293955512345 1335.4327117167413 70.465537719428539 70.202423833310604 867.03089655935764 991.17605647072196 50.926143307238817 21.25711240619421 853.86270032450557 39.007948473095894 282.2221711166203 30.151074089109898 504.51334439218044 81.475673623383045
leaf_count=48207 65 339 1308 2644 1370 17899 6206 8758 9273 15787 2901 6764 1264 18615 440 14324 10124 5892 820 468 11195 6545 768 108 15465 161 2953 286 2693 473
internal_value=-0.00192411 0.0167377 -0.0398416 0.00785025 -0.0442807 0.0316612 0.0251016 0.0123209 -0.0366957 -0.0460709 -0.0300553 -0.0207994 -0.0206693 0.0184069 0.0105016 0.0290697 0.00548702 -0.00399003 -0.0401665 0.000217613 0.0235919 0.0058918 0.0397467 -0.00139207 0.0406634 -0.0131666 0.000298859 0.00439269 -0.00950158 -0.00505196
internal_weight=18089.3 12123.1 5966.17 7601.12 5203.16 4522.02 2502.85 5519.19 2668.75 1100.03 1568.72 823.486 223.297 2915.63 1095.64 2156.49 2603.56 2081.92 745.231 1426.89 1241.71 2592.51 2019.17 1356.69 1968.25 655.032 346.358 312.373 763.013 585.989
internal_count=214115 123255 90860 53820 86386 69435 35303 44547 38179 18421 19758 9665 2634 27813 9198 31725 16734 9273 10093 6468 17401 16669 34132 6000 33364 2805 3578 3239 4474 3166
is_linear=0
shrinkage=0.05


Tree=49
num_leaves=31
num_cat=0
split_feature=13 11 24 22 39 39 19 24 2 0 24 22 22 46 60 60 59 21 0 22 24 0 37 24 24 15 46 40 0 21
split_gain=4771.85 623.817 274.425 162.73 154.069 102.406 94.0163 84.1913 66.8285 72.1428 65.968 60.3717 57.6458 58.7882 51.8173 52.2924 41.3307 40.1541 38.5212 37.6363 55.3042 34.1968 33.9635 33.425 32.013 27.9918 25.8776 22.9657 20.3548 58.7227
threshold=1.0000000180025095e-35 3.5000000000000004 0.0017778260545818002 1.2557189542483662 0.65760331244732284 0.45154431583280363 1.0000000180025095e-35 0.0077094163419790009 -0.70581670320594825 36.500000000000007 0.030947034030098502 4.2729435357030523 0.16922794117647058 20.400000000000006 9.2500000000000018 18.450000000000003 0.47142857142857147 0.87500000000000011 49.500000000000007 4.1507616487455206 0.027553537674840253 34.500000000000007 1.0000000180025095e-35 0.015183792059689451 0.022517893890413202 0.99999999999999978 15.700000000000001 0.7833494518006402 50.500000000000007 0.87500000000000011
decision_type=2 2 2 2 2 2 8 2 2 2 2 2 2 2 2 2 2 2 2 2 2 2 2 2 2 2 2 2 2 2
left_child=2 4 -1 6 17 19 12 8 9 -5 11 16 -4 -14 22 -16 -6 23 24 20 -3 -12 -9 -2 -7 -13 -25 -20 -21 -30
right_child=1 5 3 7 10 18 -8 14 -10 -11 21 25 13 -15 15 -17 -18 -19 27 28 -22 -23 -24 26 -26 -27 -28 -29 29 -31
leaf_value=-0.051848689598109524 -0.0011223521153306533 0.0025524159179027323 -0.051118096226908598 0.034167527442506521 -0.021331875203998464 0.0085493201051772116 -0.050564743110862911 -0.029027743283316889 -0.04451524704258597 -0.031846781331628563 0.017479796279060791 -0.0022642496636739368 0.021441030162385369 -0.039667382471814838 0.01082841786466917 -0.020524610078387115 -0.0030385430464216004 0.027562070838712795 0.014272249039344785 0.042549954214909459 0.033792167139943201 0.0016992127783607353 -0.0068921912404529845 0.012756062723065623 0.025998166828738387 0.018071243293954615 0.027457432302995268 -0.050099536798175248 0.032292812086908255 -0.14181906941565361
leaf_weight=2474.5243883281946 334.40901001915336 161.84267204254866 77.329613767564297 61.86157587915659 357.57722306251526 357.93935196846724 1015.9936738349497 528.8872734606266 502.48115117847919 115.07674679905176 820.42694787308574 262.04283477365971 112.64402205497026 57.920490510761738 329.78886652737856 219.73038969933987 2235.0578616410494 654.26935717090964 23.165572058409452 1523.8464346826077 1266.1341381892562 596.55679432302713 264.47030252963305 1379.9332936070859 1070.4813826158643 463.54490569233894 390.05527990311384 28.639765489846468 23.501487296074632 3.9769911207258692
leaf_count=48930 2453 2110 1370 363 1677 3068 18444 5980 6910 1303 5458 1277 926 545 2706 1770 10924 7010 271 28734 21744 3401 1613 13580 13986 2917 3896 245 434 70
internal_value=-0.00187471 0.0161391 -0.0392501 -0.0297299 0.00731984 0.0309436 -0.0438219 -0.0208758 -0.0352259 -0.00850307 0.00183973 -0.00201123 -0.0159027 0.000325657 -0.0135553 -0.00169202 -0.0055857 0.0167092 0.0201109 0.0363002 0.0302776 0.0108655 -0.021716 0.0133001 0.0216613 0.0107068 0.0160373 -0.0213895 0.0417817 0
internal_weight=17714.1 11953.4 5760.71 3286.18 7493.87 4459.53 1263.89 2022.3 679.419 176.938 4735.21 3318.22 247.894 170.565 1342.88 549.519 2592.64 2758.67 1480.23 2979.3 1427.98 1416.98 793.358 2104.4 1428.42 725.588 1769.99 51.8053 1551.32 27.4785
internal_count=214115 123255 90860 41930 52593 70662 21285 20645 8576 1666 25654 16795 2841 1471 12069 4476 12601 26939 17570 53092 23854 8859 7593 19929 17054 4194 17476 516 29238 504
is_linear=0
shrinkage=0.05


Tree=50
num_leaves=31
num_cat=0
split_feature=37 11 37 22 39 25 42 39 44 22 21 14 35 17 2 22 46 21 26 0 44 43 2 50 42 45 22 23 49 22
split_gain=4457.46 677.942 187.575 151.73 100.584 96.9044 92.0058 71.4421 56.0364 54.268 47.6649 44.1204 41.8604 34.1665 31.1585 51.5266 41.4295 30.4532 27.5057 23.9251 23.6 23.1828 22.865 21.7506 105.037 21.4798 19.0574 18.5424 18.5342 54.1646
threshold=1.0000000180025095e-35 3.5000000000000004 0.64583333333333337 0.30488687782805429 0.27003086243366137 1.2026143790849675 27.850000000000005 0.398519883915809 14.950000000000001 4.2729435357030523 1.0000000180025095e-35 4.3484848484848486 1.0000000180025095e-35 2.5000000000000004 -0.85421994577343319 1.0900477049057173 17.000000000000004 0.37500000000000006 7.0000000000000009 49.500000000000007 17.100000000000005 12.700000000000001 0.8542199457734333 48.099954166666677 15.500000000000002 56.850000000000001 4.1081309297912725 0.9490783629834979 32.750000000000007 0.21828877005347594
decision_type=2 2 2 2 2 2 2 2 2 2 2 10 2 2 2 2 2 2 2 2 2 2 2 2 2 2 2 2 2 2
left_child=3 2 10 28 19 6 -5 -4 9 -9 12 17 -2 -10 23 -16 -17 22 -8 26 25 -13 -6 24 -7 -12 -3 -25 29 -1
right_child=1 4 7 5 11 14 18 8 13 -11 20 21 -14 -15 15 16 -18 -19 -20 -21 -22 -23 -24 27 -26 -27 -28 -29 -30 -31
leaf_value=-0.046449962816831086 -0.036452503238930851 0.034039246723173565 0.021540185634842137 -0.049027705010539782 0.0022780338627232384 -0.0094221024490680847 -0.042460929761699767 0.00066012349996505664 0.0022080717709394015 0.017612100927775289 -0.00195872301043619 0.032322978506039143 -0.0081598770834309577 0.026675816164091967 -0.047953116528712092 -0.027586208011942628 0.0045983007067185687 0.023348547643608681 0.042050592106652046 0.0076007227570208712 0.019669738620501982 0.0095953326396820346 0.031303595093907066 0.026335006213104129 0.16144754312094545 0.02246364424557843 0.045022537072227212 -0.031036496503153738 -0.051459866346397258 0.11108471943006924
leaf_weight=19.639256738126281 152.59318957850337 782.91106844320893 1389.3491724766791 968.28519596159458 417.57498575001955 185.47620662301779 10.80063772946596 2027.8013700284064 197.03001867234707 614.81492442265153 1933.3289679177105 1170.5160050950944 895.96732115000486 542.02954391017556 298.32327196374536 928.13241573795676 109.98308521136642 708.09265173971653 36.473710373044014 61.045352179557085 149.04596297442913 129.95656187459826 79.702974323183298 13.524360984563826 7.4451368749141684 92.351118560880423 991.09992143139243 151.29847779124975 2285.8842521719635 5.2785961218178263
leaf_count=393 2071 14203 15027 18008 4217 1665 199 13557 1055 4840 9902 19519 4511 4580 5360 10939 1293 8708 155 1124 774 2038 915 144 53 595 19935 1541 46744 50
internal_value=-0.00182533 0.0143391 0.00569478 -0.0415354 0.030243 -0.0334314 -0.0456942 0.0119893 0.00804753 0.00462386 -0.00361608 0.0236691 -0.0123626 0.0202101 -0.0260207 -0.0295459 -0.0241501 0.0166834 0.0212954 0.0391707 0.000597104 0.0300892 0.00708704 -0.0126911 -0.00111084 -0.000811915 0.0402332 -0.0259198 -0.0509904 -0.00637502
internal_weight=17355.8 12335.2 7994.31 5020.54 4340.9 2709.74 1015.56 4771.03 3381.68 2642.62 3223.29 2505.84 1048.56 739.06 1694.18 1336.44 1038.12 1205.37 47.2743 1835.06 2174.73 1300.47 497.278 357.744 192.921 2025.68 1774.01 164.823 2310.8 24.9179
internal_count=214115 127571 56912 86544 70659 39357 18362 39059 24032 18397 17853 35397 6582 5635 20995 17592 12232 13840 354 35262 11271 21557 5132 3403 1718 10497 34138 1685 47187 443
is_linear=0
shrinkage=0.05


Tree=51
num_leaves=31
num_cat=0
split_feature=37 16 24 39 36 22 14 2 24 24 42 22 21 2 60 44 2 22 20 36 43 24 50 20 21 42 14 1 2 3
split_gain=4161.35 637.76 182.428 151.975 129.725 92.5339 80.5982 63.5001 54.5063 52.9087 48.8599 57.0618 48.5629 47.4231 46.1903 41.2822 48.2724 38.904 41.408 35.7001 34.4777 33.8492 33.4697 33.3626 33.2772 29.2603 28.2822 24.8663 24.8156 23.9238
threshold=1.0000000180025095e-35 2.7500000000000004 0.0017778260545818002 0.27003086243366137 1.5000000000000002 0.68213372305443931 4.3484848484848486 -0.88545602565320969 0.0033166350778280006 0.045915466325505555 17.250000000000004 0.16922794117647058 0.37500000000000006 0.8542199457734333 9.2500000000000018 16.250000000000004 -0.51639395938746191 4.3119422691677292 0.035714285714285761 8.5000000000000018 12.700000000000001 0.015183792059689451 87.604869444444461 0.54185606060606084 0.37500000000000006 7.8000000000000016 5.041666666666667 11.500000000000002 0.99635443704902704 0.98182534576205305
decision_type=2 2 2 2 2 2 10 2 2 2 2 2 2 2 2 2 2 2 2 2 2 2 2 2 2 2 8 2 2 2
left_child=2 4 -1 26 9 7 12 10 -6 17 11 -4 13 -5 19 22 -17 18 -2 -7 27 -14 -16 24 -10 -25 29 -8 -21 -3
right_child=1 3 5 6 8 14 20 -9 23 -11 -12 -13 21 -15 15 16 -18 -19 -20 28 -22 -23 -24 25 -26 -27 -28 -29 -30 -31
leaf_value=-0.051618496381019896 0.013775569988853154 0.03051921149892314 -0.049764530166524573 -0.0033303590133487676 -0.037775188908877044 -0.036096506389274495 0.031584568797608931 -0.052101331533025867 -0.013124986042218543 0.02365013588151774 -0.05254424966924999 0.016144574584755034 -0.0018589888003380977 0.029714802633402322 -0.013462887669833832 0.10634045774650765 -0.00023103081517447251 0.016676781129434756 9.619856446040515e-05 -0.014674564848099142 0.0074552469411436383 0.023074842089767646 -0.043313459079953751 -0.013315149169332628 0.0024509788041978523 0.010012080743516154 0.041638814806663406 0.0073584383952482978 0.061391896523498371 -0.030449692695055975
leaf_weight=2209.5432826913893 755.13252582401037 800.28372910246253 45.483132384717464 615.15074303373694 125.38606855645776 826.63024239242077 1466.6653665788472 708.15328165888786 1090.4615540802479 512.52593974024057 79.373078692704439 104.06301124766469 158.56796027719975 129.59908517822623 554.81105816736817 11.996701575815676 42.168752688914537 737.96560638770461 2068.0684533789754 132.50874190032482 198.95644017681479 876.67708623409271 113.60649800300598 172.88054645061493 495.36448376625776 572.80923882871866 1267.1589473299682 118.63487161695957 9.593196973204611 14.489986781030892
leaf_count=47996 5629 13258 882 5727 1354 11440 22575 14631 6056 4650 1131 1082 1366 1393 5911 82 519 5978 13277 1270 2696 10462 1510 710 2173 2402 26155 1498 90 212
internal_value=-0.00177261 0.0138123 -0.0409936 0.0261162 0.0031661 -0.0320198 0.0198121 -0.0446731 -0.005899 0.00863974 -0.0213335 -0.00412834 0.0122374 0.00245076 -0.02495 -0.0152507 0.0258738 0.00646035 0.00377108 -0.0321127 0.0273326 0.0192354 -0.0186878 -0.00414312 -0.00824682 0.00454931 0.0368674 0.0297989 -0.0085851 0.0293324
internal_weight=17014.7 12176.8 4837.93 5646.18 6530.59 2628.39 3564.25 937.073 2456.9 4073.69 228.919 149.546 1779.99 744.75 1691.32 722.583 54.1655 3561.17 2823.2 968.732 1784.26 1035.25 668.418 2331.52 1585.83 745.69 2081.93 1585.3 142.102 814.774
internal_count=214115 127571 86544 85342 42229 38548 45717 17726 12695 29534 3095 1964 18948 7120 20822 8022 601 24884 18906 12800 26769 11828 7421 11341 8229 3112 39625 24073 1360 13470
is_linear=0
shrinkage=0.05


Tree=52
num_leaves=31
num_cat=0
split_feature=37 11 24 37 39 22 19 24 21 44 24 59 0 46 23 59 22 22 42 24 44 22 59 22 20 38 14 38 29 0
split_gain=3883.94 607.842 186.337 161.163 96.9449 89.7432 73.4928 67.4428 48.2137 46.4742 45.7561 51.8821 60.3009 47.2196 54.9964 45.5006 45.3488 45.335 65.6842 44.5671 39.4056 37.103 33.864 30.8325 28.9839 28.1615 25.2216 24.4153 23.685 23.1859
threshold=1.0000000180025095e-35 3.5000000000000004 0.0014362841839941503 0.77500000000000013 0.32530002431617794 0.68213372305443931 1.0000000180025095e-35 0.0061088568629811008 0.87500000000000011 14.950000000000001 0.0088352463356797025 16.935714285714287 32.500000000000007 17.000000000000004 3.6582527981042268 7.6785714285714297 4.1507616487455206 0.16922794117647058 17.400000000000002 0.033633759389658457 16.950000000000006 3.0871212121212124 8.5428571428571445 3.6880718954248368 0.10304843746340221 3.4166666666666674 3.683333333333334 5.5833333333333348 1.218346283201456 50.500000000000007
decision_type=2 2 2 2 2 2 8 2 2 2 2 2 2 2 2 2 2 2 2 2 2 2 2 2 2 2 8 2 2 2
left_child=2 3 -1 7 24 6 17 15 9 16 11 28 -13 21 -15 -2 -5 -4 -19 23 22 -12 -9 27 29 -11 -26 -6 -7 -3
right_child=1 4 5 8 19 10 -8 20 -10 25 13 12 -14 14 -16 -17 -18 18 -20 -21 -22 -23 -24 -25 26 -27 -28 -29 -30 -31
leaf_value=-0.051664904903600366 -0.039311978843155834 0.042388746665791531 -0.050499081647885885 0.0033294619719707584 0.0046087674904270242 -0.051608876802410768 -0.052023590185330808 -0.0048353394454223536 0.027758459558508888 0.013463954711383765 -0.027455177160223016 -0.043026641888644794 0.02804161817466095 0.0473799445559481 -0.029671765771469422 -0.0066144791422125069 0.019044870875979295 0.021749192491075018 -0.052156779775585929 0.027651270052613475 0.018621218403680147 -0.0047711251861979427 0.0048173973839936131 0.019443457721842583 0.0082216612891839024 0.03494114056377183 0.032685964359978219 -0.041809902653884845 -0.030682107468319154 -0.0098732758896256448
leaf_weight=2069.4528658092022 174.75682081654668 1191.3482570499182 67.32229445874691 1732.1196660287678 293.77086974680424 267.53252596780658 695.18495376035571 2021.766773160547 489.47089480236173 365.86995146423578 641.14629219472408 51.90230804681778 64.72969377040863 54.954362265765667 36.89115197211504 275.69647223502398 625.97201393544674 96.187867440283298 41.316422075033188 1101.3185016363859 288.77684467285872 255.77326611429453 1646.0618793703616 577.37859730795026 126.71837251633406 272.88759838044643 787.27867094427347 29.325037635862827 322.38525118678808 20.124781835824251
leaf_count=47400 1682 24978 1370 14207 2701 4701 15092 11275 5892 3072 7941 776 360 623 369 1441 5940 827 437 17034 1543 2472 8903 7707 1745 2957 15832 290 4176 372
internal_value=-0.0017231 0.0133033 -0.040439 0.00516651 0.0288488 -0.0314453 -0.0442561 -0.00118327 0.0131965 0.0107929 -0.0245854 -0.0343464 -0.00356587 -0.0175299 0.0161918 -0.0194727 0.00752442 -0.0175241 -0.000707779 0.0208863 0.000901426 -0.0210392 -0.000496271 0.0125417 0.0363097 0.0227588 0.0293468 8.74892e-05 -0.0403571 0.0414851
internal_weight=16685.4 12020.6 4664.78 7893.38 4127.26 2595.33 900.012 4407.06 3486.32 2996.85 1695.31 706.55 116.632 988.765 91.8455 450.453 2358.09 204.827 137.504 2001.79 3956.61 896.92 3667.83 900.475 2125.47 638.758 913.997 323.096 589.918 1211.47
internal_count=214115 127571 86544 56912 70659 39144 17726 24844 32068 26176 21418 10013 1136 11405 992 3123 20147 2634 1264 27732 21721 10413 20178 10698 42927 6029 17577 2991 8877 25350
is_linear=0
shrinkage=0.05


Tree=53
num_leaves=31
num_cat=0
split_feature=37 16 22 39 27 21 44 22 21 19 22 44 51 42 22 41 21 22 49 48 44 13 59 37 0 23 22 49 22 39
split_gain=3625.19 564.215 161.713 145.133 109.263 96.9733 71.5334 63.6656 58.3464 46.7896 54.5743 63.01 40.9609 39.4901 39.2533 43.6824 38.8998 38.4475 34.5828 45.3248 26.2047 25.0939 25.0852 22.6332 21.5203 27.0232 20.6362 19.8308 47.2406 14.7359
threshold=1.0000000180025095e-35 2.7500000000000004 0.30488687782805429 0.27003086243366137 0.7212121212121213 1.0000000180025095e-35 14.950000000000001 4.3119422691677292 0.87500000000000011 5.5000000000000009 1.0900477049057173 14.750000000000002 3.5000000000000004 26.700000000000006 0.91525054466230948 1.1642857142857144 1.0000000180025095e-35 1.2557189542483662 51.650000000000006 30.050000000000004 13.65 6.3750000000000009 -2.6928571428571426 0.86607142857142871 49.500000000000007 5.5448875775015276 0.21828877005347594 32.750000000000007 0.21828877005347594 0.12830005981991688
decision_type=2 2 2 2 2 2 2 2 2 8 2 2 2 2 2 2 2 2 2 2 2 2 2 2 2 2 2 2 2 2
left_child=2 5 27 21 -4 14 7 16 18 12 -11 -12 17 -9 -2 -16 -5 -6 26 -20 -17 24 23 -8 29 -26 -7 28 -1 -3
right_child=1 3 4 6 9 8 22 13 -10 10 11 -13 -14 -15 15 20 -18 -19 19 -21 -22 -23 -24 -25 25 -27 -28 -29 -30 -31
leaf_value=-0.045360488822599951 -0.047736633372861478 0.040585015057382573 -0.051679117315394756 -0.0051227918721960999 0.0392292858133459 -0.042499057866397696 -0.025799605051547804 0.028041056607713579 0.022562990402376151 -0.047997406114227717 -0.029962377034507506 -0.0054701972688878256 -0.048485860083961968 -0.018114748190131324 -0.022779849927675618 -0.0071163550686273256 0.013097977613351151 -0.011560642654282806 0.013189968161324783 -0.0017397670908195911 0.0077917903726436311 0.041546877494014187 0.036887237114619637 0.025378342596692811 0.01144131614428482 -0.096582856476409712 0.00020371278362121362 -0.051000544816251908 0.10156934346549984 0.026734268717469478
leaf_weight=17.134709712117914 56.801912073045969 307.41322039440274 521.70226715505123 361.27787390723825 62.48443840444088 26.707258887588978 30.093035265803337 877.68002394959331 501.46005563437939 295.73415822908282 1138.5654970929027 345.89999440684915 35.457117713987827 46.935873012989759 312.36050708591938 854.92167083546519 1487.1374370530248 85.610854472965002 1643.034881785512 731.07233204320073 446.36267595738173 956.57973363250494 587.93989017978311 63.106197364628315 30.70607129111886 5.0015268363058558 1898.8846171274781 1989.8520524092019 5.6487046703696242 654.7590097784996
leaf_count=393 1047 5951 12326 3901 455 129 243 13636 5133 5951 15321 4021 351 621 1721 5327 18135 932 10470 4508 2508 21525 8249 932 491 80 11386 46744 50 11578
internal_value=-0.00167469 0.0127986 -0.0398954 0.0247151 -0.0312896 0.00283098 0.0185205 0.0149185 0.00644354 -0.025813 -0.0282895 -0.0242872 -0.00161302 0.025637 -0.0075325 -0.00604446 0.00952148 0.00993929 0.00454815 0.00858445 -0.00197932 0.0356202 0.0330614 0.00839607 0.0298421 -0.00734671 -0.000419071 -0.050469 -0.00266654 0.0312605
internal_weight=16378.3 11880.2 4498.09 5408.63 2485.45 6471.61 3454.17 2773.03 4801.16 1963.75 1780.2 1484.47 183.552 924.616 1670.45 1613.64 1848.42 148.095 4299.7 2374.11 1301.28 1954.46 681.139 93.1992 997.88 35.7076 1925.59 2012.64 22.7834 962.172
internal_count=214115 127571 86544 85342 39357 42229 45717 36293 31626 27031 25293 19342 1738 14257 10603 9556 22036 1387 26493 14978 7835 39625 9424 1175 18100 571 11515 47187 443 17529
is_linear=0
shrinkage=0.05


Tree=54
num_leaves=31
num_cat=0
split_feature=37 11 24 24 39 28 37 19 28 20 60 28 28 24 28 24 59 49 49 21 24 36 28 24 23 2 14 3 30 59
split_gain=3380.78 546.486 194.111 150.757 92.9645 90.2708 79.8369 56.0223 49.1887 45.063 44.6831 45.5696 44.3226 58.2445 39.1003 38.8634 36.0588 35.7596 33.7948 31.8329 31.7432 31.3301 26.0019 24.9082 23.8111 23.1268 20.5806 22.5045 19.0572 17.6619
threshold=1.0000000180025095e-35 3.5000000000000004 0.0014362841839941503 0.014631019688335902 0.45154431583280363 0.39054539656634563 0.93750000000000011 2.5000000000000004 4.5212265185025151 0.14880952380952378 24.300000000000001 0.95121619241783162 1.3047936300717098 0.0091501413077338511 1.9069681495306765 0.0017778260545818002 1.9785714285714289 32.750000000000007 52.750000000000007 0.37500000000000006 0.028670042440722753 1.5000000000000002 4.7783457962422959 0.028268999108513104 0.78396830775809256 0.8542199457734333 7.0871212121212128 0.98182534576205305 2.0835456927513425 -3.8571428571428568
decision_type=2 2 2 2 2 2 2 8 2 2 2 2 2 2 2 2 2 2 2 2 2 2 2 2 2 2 10 2 2 2
left_child=2 3 -1 8 9 17 14 10 15 26 11 -7 29 -14 18 -2 -17 24 -5 25 -6 -16 23 -11 -4 -8 27 -3 -10 -9
right_child=1 4 5 6 20 7 19 12 28 22 -12 -13 13 -15 21 16 -18 -19 -20 -21 -22 -23 -24 -25 -26 -27 -28 -29 -30 -31
leaf_value=-0.051424942203433112 -0.050547988141764144 0.034198763028584003 -0.03382304601965045 -0.014014295952206924 0.0072149000050226305 0.07705855949530388 0.0056796740777610693 0.024331841759170619 0.027455160807944252 -0.0037652970439774613 -0.043071532938420504 0.0017893018853470063 -0.034178638997490796 -0.013305492957117243 0.012044149186138695 -0.026176956877801041 -0.0059836971743772657 -0.047255515895659794 0.0060110889214635014 0.024422366316848586 0.022957838699556692 0.0022815243200386527 0.036448332593653585 0.02265382090489694 0.093217515664553732 0.030108990721735791 0.045107607943479178 -0.023519714974687213 0.002135237882430586 -0.046246808064467182
leaf_weight=1884.9802185408771 58.626108724623919 950.73296560719609 4.9942697957158071 440.3502981364727 530.5130856372416 27.505533888936043 561.01891666650772 7.5061617791652671 91.958255033940077 104.78098356723785 29.656584411859512 65.709366887807846 605.95403460413218 764.98024092614651 1799.9320705868304 268.21517910063267 1264.2293360717595 657.49370718747377 398.60845455899835 914.12853774055839 837.95002667978406 1526.4406521096826 296.92548554390669 527.57392686977983 6.0162689127027988 116.72252918034792 672.06175001710653 15.361865084618328 370.85835724696517 285.68257272616029
leaf_count=47400 956 19610 104 2802 5380 194 5631 153 778 1462 256 559 9197 8536 13906 1386 6776 14502 2349 10964 12187 7485 6215 9672 50 1271 15876 257 2608 5593
internal_value=-0.00162632 0.0123054 -0.0393249 0.00464366 0.0274943 -0.0299918 0.00879379 -0.0240503 -0.00697455 0.0331179 0.00825896 0.0254142 -0.0264579 -0.022586 0.00514089 -0.0111512 -0.00956382 -0.0457179 -0.00447838 0.0183179 0.0168924 0.00757575 0.0241497 0.0182387 0.0373304 0.00999995 0.0381544 0.0332085 0.00731639 -0.0442026
internal_weight=16087.5 11747 4340.48 7811.09 3935.9 2455.5 5757.2 1786.99 2053.89 2567.44 122.871 93.2149 1664.12 1370.93 4165.33 1591.07 1532.44 668.504 838.959 1591.87 1368.46 3326.37 929.28 632.355 11.0105 677.741 1638.16 966.095 462.817 293.189
internal_count=214115 127571 86544 56912 70659 39144 44408 24488 12504 53092 1009 753 23479 17733 26542 9118 8162 14656 5151 17866 17567 21391 17349 11134 154 6902 35743 19867 3386 5746
is_linear=0
shrinkage=0.05


Tree=55
num_leaves=31
num_cat=0
split_feature=37 16 28 36 27 28 14 39 20 2 29 27 28 43 20 20 2 0 59 48 43 44 31 44 52 39 49 23 14 0
split_gain=3152.18 503.925 167.593 142.349 111.256 95.3029 66.6954 55.1236 51.3488 46.8061 68.2461 60.3166 54.8016 44.7923 44.3158 42.7784 41.6397 40.5101 39.5787 35.1292 27.9851 26.7935 24.4298 23.7174 22.9213 22.44 19.5817 38.7529 18.9971 18.8713
threshold=1.0000000180025095e-35 3.7500000000000004 0.33897330882150423 1.5000000000000002 0.7212121212121213 4.3036561130940774 1.8452380952380951 0.22527696653090301 0.015624999999999951 -0.70581670320594825 1.218346283201456 0.86757575757575778 0.95121619241783162 2.3500000000000001 0.41662210338680922 0.035714285714285761 0.8542199457734333 5.5000000000000009 0.73571428571428588 24.350000000000005 15.15 14.750000000000002 1.0000000180025095e-35 8.1500000000000004 3.5000000000000004 0.26138886319370674 32.750000000000007 0.78396830775809256 8.0871212121212146 49.500000000000007
decision_type=2 2 2 2 2 2 10 2 2 2 2 2 2 2 2 2 2 2 2 2 2 2 2 2 2 2 2 2 10 2
left_child=2 3 26 6 -4 7 15 -3 -8 11 -11 -6 -12 -13 17 24 18 -5 -9 -10 28 -17 -16 -19 -2 -22 27 -1 29 -7
right_child=1 5 4 14 9 20 8 16 19 10 12 13 -14 -15 22 21 -18 23 -20 -21 25 -23 -24 -25 -26 -27 -28 -29 -30 -31
leaf_value=-0.044642215731633558 0.01423534622137217 0.032628378977963543 -0.051456029110358098 0.010625074328520811 0.081213241131630698 0.033572363591338597 0.03100455794131048 -0.010258758695261473 0.004998341121492853 -0.052125505181297466 -0.048612059638167227 -0.030887731494733679 -0.018034975962902003 -0.0031474002140308107 0.0063717361481993558 -0.0046923752500155069 0.035941145426675848 0.026154319238110426 0.014873735955383988 0.017489539912162243 0.037444145031165513 0.010815349059170299 -0.01156913988112003 -0.015038005089260828 -0.020271706356111564 -0.031472246876245662 -0.050693049107125382 0.085949851209464662 0.043754541408901837 -0.0024849890693672051
leaf_weight=15.672780152410271 841.3324377015233 605.88618171960115 477.17915629222989 191.15755224972963 14.574759759008883 903.29533516615629 413.67750200629234 178.13838647678494 1042.8602747693658 270.35217210277915 179.87900683283806 259.70708926022053 821.87886320799589 334.04694947227836 877.58565137907863 1283.2937265262008 201.16202441602945 33.755338713526726 1171.0592621453106 1244.6161156855524 18.104849550873041 353.16382927447557 239.36928356438875 1249.5696557797492 48.741643935441971 26.484573293477297 1810.4170655049384 6.3585872165858737 655.06559371948242 36.18532769382
leaf_count=391 6525 12994 12380 934 86 17725 5581 2318 9923 4963 4116 3039 11359 3468 3808 7674 3025 170 16950 12309 416 2224 1003 7701 311 352 46692 50 15060 568
internal_value=-0.00157705 0.0118339 -0.0387448 0.00457137 -0.0298559 0.026779 0.00932176 0.0198128 0.0147839 -0.0243125 -0.0297829 -0.012772 -0.0236363 -0.0153859 -0.0050017 0.00346511 0.0147528 -0.01069 0.0115266 0.0118151 0.0358922 -0.00132128 0.00249076 -0.0138961 0.0122765 -0.00254703 -0.0501227 -0.00189472 0.0369846 0.0321547
internal_weight=15804.6 11614.5 4190.07 7819.12 2357.62 3795.38 5227.69 2156.25 2701.15 1880.44 1272.11 608.329 1001.76 593.754 2591.44 2526.53 1550.36 1474.48 1349.2 2287.48 1639.14 1636.46 1116.95 1283.32 890.074 44.5894 1832.45 22.0314 1594.55 939.481
internal_count=214115 127571 86544 58163 39411 69408 44547 35287 27813 27031 20438 6593 15475 6507 13616 16734 22293 8805 19268 22232 34121 9898 4811 7871 6836 768 47133 441 33353 18293
is_linear=0
shrinkage=0.05


Tree=56
num_leaves=31
num_cat=0
split_feature=37 11 24 24 24 22 22 12 43 22 39 19 44 2 22 25 60 22 24 24 49 15 38 50 2 52 20 49 59 20
split_gain=2939.18 485.967 201.839 133.057 91.049 89.5843 71.2433 71.0832 55.0985 54.5486 52.1048 51.1501 47.4899 53.2394 43.8275 43.2647 41.409 38.2865 35.1126 33.2056 32.8052 30.8727 28.3113 23.953 23.3315 30.0142 21.6866 27.4386 21.8568 20.9878
threshold=1.0000000180025095e-35 3.5000000000000004 0.0014362841839941503 0.014631019688335902 0.028670042440722753 0.35045877325289093 4.1507616487455206 1.0000000180025095e-35 -12.449999999999998 4.1507616487455206 0.25301113002369402 2.5000000000000004 14.750000000000002 -0.51639395938746191 4.2729435357030523 1.2026143790849675 24.300000000000001 0.91525054466230948 0.0017778260545818002 0.059094395887898103 32.750000000000007 1.9148542155126775 3.2916666666666674 25.470026388888893 -0.85421994577343319 2.5000000000000004 0.025031328320801956 36.550000000000004 1.6142857142857145 0.2615717615717616
decision_type=2 2 2 2 2 2 2 2 2 2 2 8 2 2 2 2 2 2 2 2 2 2 2 2 2 2 2 2 2 2
left_child=2 3 -1 14 6 20 26 24 -9 19 -10 16 15 -14 18 -13 17 -7 -2 21 -4 -6 -20 -16 -5 -26 28 -28 -3 -8
right_child=1 4 5 7 9 11 29 8 10 -11 -12 12 13 -15 23 -17 -18 -19 22 -21 -22 -23 -24 -25 25 -27 27 -29 -30 -31
leaf_value=-0.051202219135267096 -0.049687932578853032 -0.0278609578991822 0.033600493088640132 -0.013514040722799348 0.026454699514576043 0.070374104509916366 0.030413997902093044 0.044274501447270999 0.024280145568267606 0.039809001859966359 0.0081149957380164534 -0.047599124384786494 0.020747452792432928 -0.020680306082899346 -0.0088349225138664306 -0.024631491180016212 -0.042272579669103368 0.0022733575902099726 -0.0070966506160855597 0.033717926931830594 -0.046568745098839653 0.0079823682466086971 -0.029433088507582923 0.012775517696917644 0.0057055935937508073 -0.01491190116436485 -0.079866869529005124 -0.0050555232343432359 0.027553454409608116 0.0094815143878292825
leaf_weight=1717.1677254661918 55.450984474271536 19.810277663171291 11.325764827430246 306.01843000948429 564.84641529992223 28.854277521371841 442.03446081653237 122.79698460549116 583.27566012367606 1075.7910122089088 3492.9881895855069 271.66451042890549 102.92775528877974 292.70508944243193 194.65565292909741 924.56082670018077 28.56989574432373 65.225889056921005 1271.3663131631911 669.66117358207703 602.59355189651251 388.09358168020844 159.34385939314961 362.87683224305511 965.33286318928003 213.60722780227661 10.840016432106493 321.88783803209662 92.112077634781599 172.56844778731465
leaf_count=47400 941 160 154 2097 10555 194 8781 1196 7454 25199 27405 5250 752 4592 1374 12885 256 559 6710 13289 14502 5710 798 2681 5147 1109 138 3455 1013 2359
internal_value=-0.00152894 0.0113793 -0.0381689 0.00420109 0.0261248 -0.0285106 0.0136231 0.00813649 0.0114608 0.0310094 0.010445 -0.0225659 -0.0249654 -0.00978945 -0.00672928 -0.0299391 0.00827839 0.0244501 -0.0112153 0.0251179 -0.0449449 0.0189903 -0.00963941 0.00518121 -0.00124985 0.0019299 -0.00157272 -0.00803015 0.0172087 0.0246269
internal_weight=15531 11485.4 4045.6 7727.71 3757.65 2328.43 1059.25 5684.02 4199.06 2698.39 4076.26 1714.51 1591.86 395.633 2043.69 1196.23 122.65 94.0802 1486.16 1622.6 613.919 952.94 1430.71 557.532 1484.96 1178.94 444.65 332.728 111.922 614.603
internal_count=214115 127571 86544 56912 70659 39144 15906 44408 36055 54753 34859 24488 23479 5344 12504 18135 1009 753 8449 29554 14656 16265 7508 4055 8353 6256 4766 3593 1173 11140
is_linear=0
shrinkage=0.05


Tree=57
num_leaves=31
num_cat=0
split_feature=37 11 24 37 28 24 39 60 51 24 21 44 28 34 28 44 28 36 20 45 50 21 49 20 28 44 49 23 28 14
split_gain=2739.42 456.401 204.651 160.953 89.9169 84.7239 69.0006 47.6236 44.1418 43.4447 43.2799 44.5334 40.221 39.1033 37.6135 37.4574 37.4446 36.6978 36.4682 35.6723 33.9034 32.6875 32.0032 31.7071 30.2355 37.5827 29.3231 32.3918 28.4533 26.8072
threshold=1.0000000180025095e-35 4.5000000000000009 0.0014362841839941503 0.93750000000000011 0.80306897631964935 0.022968153807125854 0.47140452079103179 9.2500000000000018 5.5000000000000009 0.0014362841839941503 0.62500000000000011 14.950000000000001 4.3036561130940774 1.0000000180025095e-35 4.3036561130940774 16.250000000000004 1.9069681495306765 8.5000000000000018 0.083333333333333356 8.8000000000000025 87.604869444444461 0.87500000000000011 53.100000000000001 0.11365028966131906 0.20656750859100753 16.150000000000002 76.700000000000017 5.5448875775015276 4.3036561130940774 1.0000000180025095e-35
decision_type=2 2 2 2 2 2 2 2 2 2 2 2 2 2 2 2 2 2 2 2 2 2 2 2 2 2 2 2 2 10
left_child=2 3 -1 5 13 9 28 17 -8 -2 11 12 -5 -4 -11 20 22 29 -13 -17 -9 -18 -7 -10 -15 -26 -12 -28 -3 -6
right_child=1 6 4 10 7 16 8 15 23 14 26 18 -14 24 -16 19 21 -19 -20 -21 -22 -23 -24 -25 25 -27 27 -29 -30 -31
leaf_value=-0.051091882862693852 -0.04763677645488848 0.027554738816906229 -0.05143832158431564 0.00073886637697817288 -0.036791015930915071 -0.011717046156820968 0.01887967155814485 -0.0089246324169948484 -0.098861688984091187 -0.0063293281738405517 0.027570452963197985 -0.078981951587128715 0.021718506628746706 -0.05045780208082179 0.006224218286409091 0.093451677806942968 0.0091468642501931693 -0.0039623941579653901 0.030219866343896597 0.0028033190648658764 -0.040828329633749161 0.036394362279955829 0.0096983644205892779 0 -0.019985852193949941 0.090488737610623871 7.9750865821968958e-05 -0.13781481845693941 0.040077277269615671 -0.008488407078969926
leaf_weight=1636.8633788302541 54.654832281172276 947.09243983030319 451.50990452244878 812.24542823433876 629.83550583943725 406.85386459901929 803.98762643709779 517.14985461905599 11.507497325539591 2587.0819262936711 796.32774735614657 5.8446616493165484 317.40327604860067 93.819281186908484 771.80569477379322 13.408406123518942 2103.7965242899954 131.31018484756351 319.21682741492987 39.246972467750311 98.729477107524872 115.27200023457408 301.52628383040428 19.750632412731647 188.64323595538735 5.9962733425199977 22.00988927483559 3.176261778920888 965.41145775467157 100.80453759431839
leaf_count=47400 994 20361 12348 8810 11062 2789 11478 6078 94 13830 11525 47 4124 2466 5371 93 15418 1362 4061 528 1575 1625 1980 255 2862 50 283 43 24483 720
internal_value=-0.00148226 0.0109333 -0.0375881 0.0052688 -0.0278053 0.00116868 0.0286719 -0.0208074 0.016563 -0.00417786 0.0166687 0.0114306 0.00668368 -0.0421503 -0.00343535 -0.0106859 0.00741014 -0.0285858 0.027709 0.0289188 -0.0141951 0.010605 -0.00256461 -0.0398254 -0.0272721 -0.0155696 0.0258633 -0.02525 0.0339243 -0.0329541
internal_weight=15272.3 11365 3907.32 8617.22 2270.45 6340.99 2747.75 1530.48 835.246 3413.54 2276.22 1454.71 1129.65 739.969 3358.89 668.535 2927.45 861.95 325.061 52.6554 615.879 2219.07 708.38 31.2581 288.459 194.64 821.514 25.1862 1912.5 730.64
internal_count=214115 127571 86544 70900 39144 42007 56671 21418 11827 20195 28893 17042 12934 17726 19201 8274 21812 13144 4108 621 7653 17043 4769 349 5378 2912 11851 326 44844 11782
is_linear=0
shrinkage=0.05


Tree=58
num_leaves=31
num_cat=0
split_feature=37 11 24 37 22 19 0 24 24 21 24 2 0 48 45 22 46 22 20 22 59 22 44 59 57 40 0 22 59 0
split_gain=2552.39 429.395 207.361 148.407 86.5895 81.5749 59.6523 57.0521 52.1446 51.3078 50.4202 68.9263 68.2922 48.2793 44.6184 62.67 41.3401 54.7112 38.3266 36.964 36.6939 35.7998 35.709 34.4078 27.2612 24.1169 22.9856 22.0734 20.4744 20.218
threshold=1.0000000180025095e-35 4.5000000000000009 0.0011010866808514503 0.77500000000000013 0.68213372305443931 1.0000000180025095e-35 48.500000000000007 0.028670042440722753 0.0061088568629811008 0.87500000000000011 0.0077094163419790009 -0.70581670320594825 36.500000000000007 24.350000000000005 19.500000000000004 0.35045877325289093 17.000000000000004 2.664874915483435 0.13523581681476418 4.1507616487455206 6.6571428571428575 3.0871212121212124 16.950000000000006 8.5428571428571445 -3.9226835712450918 0.73029674334022177 49.500000000000007 4.791627762215998 21.907142857142862 49.500000000000007
decision_type=2 2 2 2 2 8 2 2 2 2 2 2 2 2 2 2 2 2 2 2 2 2 2 2 2 2 2 2 2 2
left_child=2 3 -1 8 5 14 9 19 20 13 11 12 -6 -5 15 -4 21 -18 26 25 -2 -12 23 -10 -8 -3 28 29 -9 -20
right_child=1 7 4 6 10 -7 24 18 22 -11 16 -13 -14 -15 -16 -17 17 -19 27 -21 -22 -23 -24 -25 -26 -27 -28 -29 -30 -31
leaf_value=-0.051194214068479571 -0.037568887023575227 -0.024316098788966206 -0.01183323507960457 0.0049436004799605273 0.034606437240454965 -0.051431238734111012 0.019529072035910731 0.04046086608410733 -0.0049709699344435681 0.028400792574037017 -0.023660768520800301 -0.043189427230323318 -0.030239330135347943 0.017247848463628538 -0.048770268416738503 0.078876243445437116 0.052163346477081776 -0.022413651863698078 0.021607467775986287 0.023893263905664403 -0.0070636844430002985 -0.0015548345589917695 0.017289841410328643 0.0045542765059530662 -0.018162162436346871 0.0098386302383574997 0 0.037308413354861368 -0.059079569431808421 -0.022911650873960993
leaf_weight=1533.7573024574667 147.54783070087433 74.238627780228853 101.57249876111746 1542.0368784628808 64.592038221657276 534.26145687326789 58.747558817267418 1030.9287948533893 2094.0100108198822 514.67386585474014 591.39639077708125 408.60776391625404 101.72709422931075 1669.8064262792468 54.515079375356436 21.295177012681961 50.846791885793209 43.834605112671852 693.43538453057408 397.10628586634994 301.10661229118705 268.94900885596871 296.68263360112906 1727.9130707271397 221.4336735829711 158.02917540818453 35.94420937076211 260.64229338616133 3.3140351995825759 24.364628050476313
leaf_count=46748 1603 1012 1588 15742 443 15092 576 25505 12299 7783 8295 7871 1399 17691 920 126 629 488 12955 8096 1607 2945 1686 10061 1852 1637 761 6219 75 411
internal_value=-0.00143737 0.0104979 -0.0370021 0.00503261 -0.0272434 -0.0416875 0.0120539 0.0279694 -0.00112402 0.0137299 -0.0204629 -0.0321809 -0.0047952 0.011355 -0.0119544 0.00469968 -0.01333 0.0176285 0.0320274 0.014661 -0.0172735 -0.0167989 0.000636672 -0.000657885 -0.0100882 -0.00108576 0.0386407 0.0247045 0.0400044 0.0200021
internal_weight=15027.3 11252 3775.36 8573.96 2241.6 711.644 4006.7 2678 4567.26 3726.52 1529.95 574.927 166.319 3211.84 177.383 122.868 955.027 94.6814 2048.63 629.374 448.654 860.345 4118.61 3821.92 280.181 232.268 1070.19 978.442 1034.24 717.8
internal_count=214115 127571 86544 70900 39796 17726 43644 56671 27256 41216 22070 9713 1842 33433 2634 1714 12357 1117 45926 10745 3210 11240 24046 22360 2428 2649 26341 19585 25580 13366
is_linear=0
shrinkage=0.05


Tree=59
num_leaves=31
num_cat=0
split_feature=14 11 14 24 20 24 2 29 0 22 29 41 19 20 24 12 0 46 2 45 0 41 2 22 22 14 47 37 26 24
split_gain=2391.66 452.266 168.694 145.08 77.9033 74.7627 60.5704 91.3941 141.328 64.9435 100.542 59.7417 53.9448 53.9349 50.8431 49.0156 54.6903 45.5861 43.7582 43.2992 38.8011 34.4767 32.3893 32.0956 28.1575 26.8486 26.3396 26.0408 25.4445 20.0927
threshold=1.0000000180025095e-35 1.5000000000000002 4.3484848484848486 0.0011010866808514503 0.25211879623644329 0.0038262505070233506 -0.70581670320594825 1.218346283201456 35.500000000000007 0.91525054466230948 1.218346283201456 17.714285714285719 11.500000000000002 0.15000000000000008 0.017529514101745452 1.0000000180025095e-35 3.5000000000000004 17.000000000000004 0.91023613416931248 16.650000000000002 49.500000000000007 19.935714285714287 0.70581670320594825 4.2729435357030523 4.3119422691677292 6.3484848484848486 1.6450000000000002 0.93750000000000011 71.500000000000014 0.0014362841839941503
decision_type=8 2 10 2 2 2 2 2 2 2 2 2 8 2 2 2 2 2 2 2 2 2 2 2 2 8 2 2 2 2
left_child=3 5 4 -1 14 29 7 8 11 -8 -11 -5 19 20 28 25 -17 -12 22 -9 -4 24 -6 -18 -15 26 -7 -16 -3 -2
right_child=1 2 13 6 18 15 9 12 -10 10 17 -13 -14 21 27 16 23 -19 -20 -21 -22 -23 -24 -25 -26 -27 -28 -29 -30 -31
leaf_value=-0.051120149640119433 -0.04796582166023191 0.015645579509245947 0.038229037818893051 0.18237197960317955 0.0026610276160058816 -0.0018277713009174799 -0.050987174999083652 0.012461841532544852 -0.04188079849966575 -0.051685868250140793 -0.020026071849411287 0.049942377669683347 -0.041482411917797953 0.016408574342836404 0.015510459960701535 0.038676723227922677 -0.00015979379045338838 0.024839841621132792 0.025685035958989844 -0.030490659141571869 -0.0089919616732294459 -0.013236511196813386 -0.019337668857439667 0.014005050625089359 0.032024825821125452 -0.024070892121950641 -0.018217157645322102 0.027371575051538269 -0.003497238558468431 -0.017835234797473312
leaf_weight=1430.5249625500292 82.19712053053081 318.93592641502619 1104.8217523209751 11.486868448555468 1083.2213802374899 1548.1375664845109 451.34496591240168 127.81120879203081 33.026020936667919 281.6076849065721 511.69373259693384 32.338640440255404 221.61824382841587 684.81122159585357 999.02125703543425 106.71284349635243 2150.5446058809757 61.44127819314599 176.73225873336196 104.61762360483408 43.684614043682814 66.311661623418331 195.7186621800065 488.3243153616786 523.87755294516683 191.81380842626095 290.570248298347 907.91445744037628 373.39537440985441 189.2110535018146
leaf_count=45834 1925 2983 28789 98 9465 7932 13360 1552 632 6123 8306 133 4162 11670 12755 862 11855 907 1812 1523 956 1058 1798 3232 11353 2215 1517 14734 3419 1155
internal_value=-0.00139318 0.00931037 0.0180511 -0.0391396 0.0117935 -0.00190603 -0.0297508 -0.0153439 0.0343387 -0.0355555 -0.0272776 0.0916429 -0.0239216 0.0284924 0.0169784 -0.000444875 0.00390442 -0.0151032 0.00250751 -0.00685989 0.0363987 0.021305 -0.000710895 0.00246057 0.0232394 -0.00633615 -0.00444834 0.0211935 0.00530493 -0.027336
internal_weight=14793.5 11526 6478.45 3267.51 4054.94 5047.51 1836.99 530.899 76.8515 1306.09 854.743 43.8255 454.047 2423.51 2599.27 4776.1 2745.58 573.135 1455.67 232.429 1148.51 1275 1278.94 2638.87 1208.69 2030.52 1838.71 1906.94 692.331 271.408
internal_count=214115 131485 100792 82630 46966 30693 36796 8100 863 28696 15336 231 7237 53826 33891 27613 15949 9213 13075 3075 29745 24081 11263 15087 23023 11664 9449 27489 6402 3080
is_linear=0
shrinkage=0.05


Tree=60
num_leaves=31
num_cat=0
split_feature=37 37 24 24 20 22 39 22 0 0 60 2 25 60 40 22 20 41 22 36 19 44 22 59 24 41 20 41 22 40
split_gain=2216.86 365.837 211.009 140.02 92.3184 85.1954 71.6751 51.4205 50.6949 50.1091 47.3232 45.3161 59.0919 53.3207 42.1171 39.3341 39.0529 41.8359 38.484 36.8857 34.3468 64.6774 58.1362 36.1385 33.9547 28.5709 27.4501 26.6773 25.1155 23.689
threshold=1.0000000180025095e-35 0.93750000000000011 0.0011010866808514503 0.028670042440722753 0.24999999999999986 0.35045877325289093 0.9813067629253166 4.2729435357030523 17.500000000000004 49.500000000000007 9.2500000000000018 -0.70581670320594825 1.2026143790849675 23.450000000000003 0.10580184237878981 4.1507616487455206 0.4424603174603175 8.757142857142858 4.2729435357030523 8.5000000000000018 1.0000000180025095e-35 13.65 0.16922794117647058 5.6000000000000005 0.0025677653543914004 9.5000000000000018 0.025031328320801956 -3.8571428571428568 1.7181956115779646 1.3754239509242676
decision_type=2 2 2 2 2 2 2 2 2 2 2 2 2 2 2 2 2 2 2 2 8 2 2 2 2 2 2 2 2 2
left_child=2 3 -1 7 6 20 9 14 -6 15 19 13 -13 -12 24 -3 -10 -18 27 25 21 23 -23 -4 -2 -7 -16 -5 -29 -11
right_child=1 4 5 18 8 10 -8 -9 16 29 11 12 -14 -15 26 -17 17 -19 -20 -21 -22 22 -24 -25 -26 -27 -28 28 -30 -31
leaf_value=-0.051010344704270488 -0.042063895964631004 0.024169260791520489 0.038792059475492226 -0.026018778742368437 0.025741359160745887 -0.037970898455234617 -0.077242995708771911 0.0072931599762138134 0.010802539552061669 0.0027197694181817222 0.025032286691596226 -0.051357134626535489 -0.0094509419920357635 -0.01738369411813202 0.01308643451001308 0.037420259317139763 -0.043481813055500113 0.0023151571441503145 0.028355161634781013 -0.0029224075573422957 -0.051140757285202433 -0.036850305094055007 0.14031857208672369 -0.043447975962274066 -0.0082287404023449872 -0.015550903795351803 -0.0030165274545969714 -0.0003358453279847769 0.013152709479281278 -0.079188657613984248
leaf_weight=1392.7491806093603 75.368799805641174 1305.845729790628 13.299786888062952 48.575703509151936 452.63998660817742 555.79825830832124 14.142036739736794 1040.6215025782585 779.55164958536625 104.32821382954717 151.77833020687103 114.36583410203457 316.16546851024032 140.59796539321542 387.65951598808169 1036.5601932145655 72.547421012073755 147.27629287913442 319.9258905351162 129.21639485284686 386.4008133970201 6.5197101719677439 9.0012629553675634 108.83867818489671 2175.0072549842298 201.99067302979529 819.24608936533332 420.80672577023506 1827.1845901422203 7.5968353524804106
leaf_count=46748 1107 24103 217 393 6270 10346 118 8946 10543 1795 1099 2417 4885 1470 2652 25185 712 1648 5860 1390 12276 161 70 1932 11630 3533 5164 3274 18047 124
internal_value=-0.00134987 0.00967816 -0.0358489 0.00291391 0.0219389 -0.0259034 0.0278308 -0.00243172 0.0118808 0.0285088 -0.0201304 -0.010536 -0.0208267 0.00457083 -0.00536861 0.0300707 0.00553927 -0.0129421 0.0121078 -0.0278804 -0.0434467 -0.021248 0.0687592 -0.0338107 -0.00940938 -0.0320844 0.00214818 0.00981082 0.0106186 -0.00391286
internal_weight=14561.6 11034.9 3526.72 7114.4 3920.49 2133.97 2468.47 4497.9 1452.02 2454.33 1609.91 722.908 430.531 292.376 3457.28 2342.41 999.375 219.824 2616.49 887.005 524.06 137.659 15.521 122.138 2250.38 757.789 1206.91 2296.57 2247.99 111.925
internal_count=214115 127571 86544 57073 70498 39796 51325 29499 19173 51207 25140 9871 7302 2569 20553 49288 12903 2360 27574 15269 14656 2380 231 2149 12737 13879 7816 21714 21321 1919
is_linear=0
shrinkage=0.05


end of trees

feature_importances:
store_product_share=226
rolling_return_rate_4w=192
store_avg_weekly=172
rolling_mean_12w=117
lag_1w=90
week=84
active_ratio_8w=77
demand_cv_4w=77
temp_range=72
weeks_since_nonzero=55
censored_ratio_4w=53
namn_te=50
rolling_mean_4w=49
temp_max=48
week_sin=44
yoy_same_week=36
temp_mean_lag1w=36
rolling_median_4w=33
week_cos=25
temp_min=23
lag_2w=20
precip_total_lag1w=20
lag1_zscore=19
store_std_weekly=17
gust_max=17
trend_4w=16
product_avg_weekly=16
temp_mean=16
recent_zero_count=15
precip_total=15
category_season_avg=13
rolling_max_4w=11
wind_max=11
rolling_std_4w=9
rain_total=9
sunshine_hrs=8
month=6
product_id_te=6
product_n_stores=5
nonzero_mean_4w=4
rain_days=4
is_december=3
temp_anomaly=3
season_winter=2
snow_total=2
snow_days=2
typ_te=1
season_autumn=1

parameters:
[boosting: gbdt]
[objective: binary]
[metric: binary_logloss]
[tree_learner: serial]
[device_type: cpu]
[data_sample_strategy: bagging]
[data: ]
[valid: ]
[num_iterations: 3000]
[learning_rate: 0.05]
[num_leaves: 31]
[num_threads: -1]
[seed: 42]
[deterministic: 0]
[force_col_wise: 0]
[force_row_wise: 0]
[histogram_pool_size: -1]
[max_depth: 6]
[min_data_in_leaf: 30]
[min_sum_hessian_in_leaf: 0.001]
[bagging_fraction: 0.8]
[pos_bagging_fraction: 1]
[neg_bagging_fraction: 1]
[bagging_freq: 0]
[bagging_seed: 400]
[bagging_by_query: 0]
[feature_fraction: 0.8]
[feature_fraction_bynode: 1]
[feature_fraction_seed: 30056]
[extra_trees: 0]
[extra_seed: 12879]
[early_stopping_round: 0]
[early_stopping_min_delta: 0]
[first_metric_only: 0]
[max_delta_step: 0]
[lambda_l1: 0.5]
[lambda_l2: 2]
[linear_lambda: 0]
[min_gain_to_split: 0]
[drop_rate: 0.1]
[max_drop: 50]
[skip_drop: 0.5]
[xgboost_dart_mode: 0]
[uniform_drop: 0]
[drop_seed: 17869]
[top_rate: 0.2]
[other_rate: 0.1]
[min_data_per_group: 100]
[max_cat_threshold: 32]
[cat_l2: 10]
[cat_smooth: 10]
[max_cat_to_onehot: 4]
[top_k: 20]
[monotone_constraints: ]
[monotone_constraints_method: basic]
[monotone_penalty: 0]
[feature_contri: ]
[forcedsplits_filename: ]
[refit_decay_rate: 0.9]
[cegb_tradeoff: 1]
[cegb_penalty_split: 0]
[cegb_penalty_feature_lazy: ]
[cegb_penalty_feature_coupled: ]
[path_smooth: 0]
[interaction_constraints: ]
[verbosity: -1]
[saved_feature_importance_type: 0]
[use_quantized_grad: 0]
[num_grad_quant_bins: 4]
[quant_train_renew_leaf: 0]
[stochastic_rounding: 1]
[linear_tree: 0]
[max_bin: 255]
[max_bin_by_feature: ]
[min_data_in_bin: 3]
[bin_construct_sample_cnt: 200000]
[data_random_seed: 175]
[is_enable_sparse: 1]
[enable_bundle: 1]
[use_missing: 1]
[zero_as_missing: 0]
[feature_pre_filter: 1]
[pre_partition: 0]
[two_round: 0]
[header: 0]
[label_column: ]
[weight_column: ]
[group_column: ]
[ignore_column: ]
[categorical_feature: ]
[forcedbins_filename: ]
[precise_float_parser: 0]
[parser_config_file: ]
[objective_seed: 16083]
[num_class: 1]
[is_unbalance: 1]
[scale_pos_weight: 1]
[sigmoid: 1]
[boost_from_average: 1]
[reg_sqrt: 0]
[alpha: 0.9]
[fair_c: 1]
[poisson_max_delta_step: 0.7]
[tweedie_variance_power: 1.5]
[lambdarank_truncation_level: 30]
[lambdarank_norm: 1]
[label_gain: ]
[lambdarank_position_bias_regularization: 0]
[eval_at: ]
[multi_error_top_k: 1]
[auc_mu_weights: ]
[num_machines: 1]
[local_listen_port: 12400]
[time_out: 120]
[machine_list_filename: ]
[machines: ]
[gpu_platform_id: -1]
[gpu_device_id: -1]
[gpu_use_dp: 0]
[num_gpu: 1]

end of parameters

pandas_categorical:[]
