tree
version=v4
num_class=1
num_tree_per_iteration=1
label_index=0
max_feature_idx=60
objective=tweedie
feature_names=week month week_sin week_cos is_december is_summer is_holiday_week n_holidays is_high_impact_holiday is_pre_holiday_week is_post_holiday_week lag_1w lag_2w rolling_mean_4w rolling_mean_12w rolling_std_4w rolling_median_4w rolling_max_4w trend_4w yoy_same_week rolling_return_rate_4w censored_ratio_4w store_avg_weekly store_std_weekly store_product_share product_avg_weekly product_n_stores category_season_avg namn_te product_id_te typ_te season_winter season_spring season_summer season_autumn recent_zero_count weeks_since_nonzero active_ratio_8w nonzero_mean_4w demand_cv_4w lag1_zscore temp_mean temp_max temp_min temp_range precip_total rain_total snow_total wind_max gust_max sunshine_hrs rain_days snow_days is_rainy_week is_snowy_week is_cold is_hot temp_anomaly bad_weather temp_mean_lag1w precip_total_lag1w
feature_infos=[2:51] [1:12] [-1:1] [-1:0.99270887409805397] [0:1] [0:1] none [1:2] none none none [0:150] [0:150] [0:142.5] [0:129] [0:66.5] [0:142.5] [0:150] [-39.40000000000002:39.900000000000006] [0:146] [0:3.625] [0:1] [0:68.74183006535948] [0:42.058357266516992] [0:0.34588385449904269] [0:7.2722175201015657] [0:116] [0:6.9795417348608844] [0.0288978221116474:66.666866483160092] [0.024720988498398998:7.2635620373054453] [0.010251955782891399:6.4100572836714509] [0:1] [0:1] [0:1] [0:1] [0:4] [1:12] [0:1] [0:142.5] [0:2.0000000000001861] [-1.5:1.5] [-5.2142857142857144:21.957142857142856] [1.2:28.399999999999999] [-15.9:16.399999999999999] [3.7000000000000002:22.600000000000001] [0:73.900000000000006] [0:73.900000000000006] [0:17.919999999999998] [13.5:42] [30.600000000000001:91.400000000000006] [0:108.38069444444444] [0:7] [0:6] [0:1] [0:1] [0:1] [0:1] [-6.5695927650817723:6.2439626280130449] [0:3] [-5.2142857142857144:21.957142857142856] [0:73.900000000000006]
tree_sizes=6605 6925 6969 6938 6917 6928 6962 6929 6938 6951 6927 6909 6920 6959 6954 6952 6924 6912 6969 6909 6938 6955 6923 6929 6940 6931 6990 6950 6959 6986 6955 6948 6966 7007 6940 6954 6982 6972 7011 6993 6958 6939 6992 6953 6971 6997 7002 7030 6995 7012 6998 6956 6984 6999 7021 6988 6948 6981 6996 6985 6988 6985

Tree=0
num_leaves=63
num_cat=0
split_feature=17 16 17 16 17 17 16 16 36 40 14 36 36 17 17 24 50 17 14 14 40 23 24 50 45 42 14 16 16 12 50 19 48 41 0 40 0 12 40 16 40 24 24 20 24 2 22 14 16 0 36 36 19 30 22 42 22 14 15 0 0 45
split_gain=460010 74086.9 22992 13483.6 10385 2499.45 2302.18 1672.33 1346.43 1140.9 1077.46 1042.02 829.308 784.683 572.808 496.923 722.894 494.166 478.719 427.492 416.229 313.544 342.824 556.865 560.933 300.814 267.495 261.697 255.056 245.302 239.692 230.851 463.914 253.15 228.348 222.73 216.958 199.156 196.908 190.877 169.735 165.041 154.109 149.093 148.883 148.468 148.862 140.707 131.152 130.663 125.253 121.553 116.93 301.289 110.849 222.266 229.011 110.565 106.981 104.501 104.039 102.726
threshold=2.5000000000000004 6.7500000000000009 1.0000000180025095e-35 14.250000000000002 4.5000000000000009 39.500000000000007 4.7500000000000009 9.2500000000000018 1.5000000000000002 0.46291004988627588 0.26136363636363641 1.5000000000000002 1.5000000000000002 3.5000000000000004 1.5000000000000002 0.0025314668667273505 1.980201388888889 7.5000000000000009 3.7638888888888893 6.041666666666667 -0.499999999999999 3.6154505583779444 0.05114975792107971 21.452802777777784 8.0000000000000018 27.850000000000005 7.5227272727272743 10.750000000000002 21.250000000000004 1.0000000180025095e-35 11.334050000000003 1.0000000180025095e-35 29.550000000000004 2.8428571428571434 27.500000000000004 0.83333333333333415 27.500000000000004 1.5000000000000002 -0.28867513459481248 3.2500000000000004 0.78334945180063908 0.060003947887879959 0.013354879349852753 0.12250992063492061 0.022841733786961405 -0.66312265824079508 2.4607969639468696 4.3484848484848486 1.0000000180025095e-35 27.500000000000004 1.5000000000000002 2.5000000000000004 1.0000000180025095e-35 4.1147022350190214 1.1080571117335825 26.700000000000006 1.726914697502933 1.9128787878787878 7.011884584284247 27.500000000000004 3.5000000000000004 35.100000000000001
decision_type=2 2 2 2 2 2 2 2 2 2 10 2 2 2 2 2 2 2 10 8 2 2 2 2 2 2 8 2 2 2 2 8 2 2 2 2 2 2 2 2 2 2 2 2 2 2 2 8 2 2 2 2 8 2 2 2 2 8 2 2 2 2
left_child=2 4 10 7 8 28 9 26 13 12 15 14 18 43 -4 -1 41 -11 44 35 37 31 25 24 30 61 -3 -9 -5 -14 -24 32 33 -18 -20 50 -21 -10 51 40 60 -17 -12 -2 -6 -44 -47 -31 -16 -28 59 -13 -32 -54 -33 -56 -57 -45 -19 -8 -15 -23
right_child=1 3 11 5 6 -7 19 27 20 17 42 38 29 39 48 16 21 58 34 36 -22 22 23 -25 -26 -27 49 -29 -30 47 52 54 -34 -35 -36 -37 -38 -39 -40 -41 -42 -43 45 57 -46 46 -48 -49 -50 -51 -52 -53 53 -55 55 56 -58 -59 -60 -61 -62 -63
leaf_value=1.09444263219592 1.1840244784746794 1.2292324714552081 1.1451296273133214 1.2601004510648921 1.1840441466730134 1.28427767344102 1.2174862812654488 1.2419774749694652 1.1379403389452842 1.2093968793691161 1.1093060209344359 1.1390830831341223 1.1504111149347458 1.2067232094935423 1.182507920281588 1.1459084928449794 1.1430147841128557 1.2267218234098887 1.2133870850837416 1.2328150353154599 1.1988490843015853 1.1027123761538216 1.0967810219251479 1.1043004373541914 1.1118409815929595 1.1753340017341833 1.2418350836552077 1.2496751147422904 1.2694463399403706 1.1726795606543321 1.2768255342876516 1.094663190080462 1.2360930751733787 1.1023308933558411 1.2013395786807279 1.2234797043788184 1.2210832140895129 1.1609784492404089 1.1724734042692757 1.1971389864156183 1.1950776360219713 1.2132871707945301 1.1125110335757094 1.1678186572450378 1.1966135275773313 1.1144230703690248 1.1469527253917451 1.195767333546901 1.1631347265654164 1.2339883071893574 1.1883884406463137 1.1237888311291375 1.1322114212303878 1.2490639999552073 1.1001298935396226 1.2044446949723875 1.1173843916772457 1.1782691211635057 1.2556291028671644 1.2111545988916488 1.1823030325299253 1.1395956914039949
leaf_weight=54111.814019322395 7946.5142633914948 22116.480135917664 5354.9445959925652 25485.161084711552 3293.1519218683243 21820.678196668625 11852.409694612026 18167.874437868595 1633.6617300510406 16421.071059823036 1155.6616713404655 2889.0439946055412 785.21290343999863 460.90836256742477 942.71973502635956 265.38243520259857 458.48269832134247 3427.1597343087196 6736.7635878920555 6170.5113723874092 519.89841574430466 6546.8058755993843 40.880462229251862 756.01387184858322 252.48771184682846 151.02977210283279 8614.5414858460426 28506.433346629143 10351.049871206284 1612.0648238658905 77.909253835678101 16244.288083255291 72.630664706230164 2464.4102200269699 9458.6475547552109 7132.6954536437988 10972.78873103857 2224.2421228289604 321.98923122882843 10405.679179549217 5364.9062758684158 137.14793545007706 756.22317355871201 3571.6374616026878 8269.7176577448845 471.30628424882889 1430.2709270119667 1115.9614472389221 12354.067327737808 14057.280090391636 485.50253140926361 2423.0259943604469 85.912183284759521 150.01928532123566 6022.6626151800156 99.277604579925537 310.76162254810333 8739.4209182858467 354.33438867330551 14545.281418502331 7824.3287391066551 200.47734093666077
leaf_count=59515 4822 7917 4396 4793 1998 1200 5009 5229 1406 7671 1177 2468 622 222 580 217 382 1274 2999 2087 273 6903 45 791 254 99 2486 6997 1414 1079 7 17847 23 2604 4838 2779 4420 1632 216 5563 2929 61 757 2486 4445 467 1160 605 8917 4664 283 2274 77 37 6436 49 303 5580 75 6654 4822 171
internal_value=1.19427 1.22698 1.10996 1.25199 1.20233 1.27093 1.21136 1.24006 1.18332 1.20389 1.09856 1.15324 1.19791 1.18593 1.15894 1.09744 1.10216 1.21315 1.2008 1.21887 1.15687 1.10137 1.1099 1.13292 1.16865 1.10536 1.23315 1.24668 1.2628 1.17502 1.20919 1.09863 1.11179 1.10869 1.20635 1.21562 1.22531 1.15121 1.1344 1.19204 1.18815 1.16887 1.12463 1.17868 1.19303 1.13133 1.13885 1.18212 1.16451 1.23697 1.21354 1.13209 1.22411 1.20641 1.0969 1.10256 1.13845 1.17523 1.22945 1.214 1.18366 1.1038
internal_weight=416992 300444 116548 149119 151324 57656.9 102633 91462.6 48691.2 51474.1 92261.9 24285.8 31271.5 44313.4 18651.7 88448.4 34336.6 20202.6 27758.3 51159.2 4377.8 33934 8261.54 1363.22 607.209 6898.31 44788.3 46674.3 35836.2 3513.24 354.721 25672.5 2995.52 2922.89 16195.4 34015.9 17143.3 3857.9 5634.06 24055.8 13650.1 402.53 3813.46 20257.6 11562.9 2657.8 1901.58 2728.03 13296.8 22671.8 26883.2 5312.07 313.841 235.931 22677 6432.7 410.039 12311.1 3781.49 26397.7 8285.24 6747.28
internal_count=229506 111273 118233 34700 76573 7407 46838 27293 29735 25606 99382 18851 16586 26424 13893 95821 36306 9020 14280 21232 3311 36028 8384 1211 420 7173 15067 12226 6207 2306 166 27644 3009 2986 7837 14725 6507 3038 4958 13536 7973 278 3561 12888 6443 2384 1627 1684 9497 7150 11946 4742 121 114 24635 6788 352 8066 1349 11663 5044 7074
is_linear=0
shrinkage=1


Tree=1
num_leaves=63
num_cat=0
split_feature=16 16 11 16 16 38 18 16 11 11 11 16 24 16 50 22 24 60 60 11 38 15 19 48 24 52 24 42 11 11 44 11 22 22 1 1 24 16 1 24 23 11 60 28 1 1 16 3 11 22 47 22 45 11 37 24 25 44 11 20 42 15
split_gain=416506 72467.6 26023.4 13386.8 11296.2 4216.08 3242.34 2636.89 2144.33 1962.67 1656.48 915.427 837.533 705.061 606.105 591.177 467.286 615.689 541.005 447.955 375.884 361.914 321.901 436.121 306.065 302.959 299.137 292.817 282.557 276.254 254.831 245.005 230.976 394.98 202.848 200.717 198.682 195.918 192.769 190.819 179.993 174.529 165.443 193.128 163.77 151.471 149.89 134.144 132.914 124.588 120.614 113.06 253.767 110.547 106.589 106.258 105.219 102.532 114.009 101.855 100.958 100.535
threshold=1.2500000000000002 6.7500000000000009 1.0000000180025095e-35 14.250000000000002 3.2500000000000004 1.0000000180025095e-35 0.89999999999999969 28.750000000000004 5.5000000000000009 3.5000000000000004 9.5000000000000018 2.2500000000000004 0.0027628793172965508 4.7500000000000009 1.980201388888889 1.1080571117335825 0.013704720297674802 8.1500000000000021 11.300000000000002 1.5000000000000002 9.7083333333333339 2.3804761428476184 1.0000000180025095e-35 29.550000000000004 0.05114975792107971 2.5000000000000004 0.017938720682760801 27.850000000000005 7.5000000000000009 5.5000000000000009 8.8500000000000014 12.500000000000002 2.7065496786950081 3.0963154492566263 1.5000000000000002 6.5000000000000009 0.053502382503327207 17.750000000000004 6.5000000000000009 0.028799138661102456 3.1391749130800068 3.5000000000000004 8.2500000000000018 1.6749528766319248 1.5000000000000002 5.5000000000000009 47.750000000000007 0.95297903005573359 7.5000000000000009 3.4477124183006542 8.6100000000000012 44.669377599524665 35.100000000000001 1.5000000000000002 0.13392857142857145 0.058382108959381257 1.205289373814042 17.100000000000005 2.5000000000000004 0.57916727035641857 13.850000000000003 0.99999999999999944
decision_type=2 2 2 2 2 2 2 2 2 2 2 2 2 2 2 2 2 2 2 2 2 2 8 2 2 2 2 2 2 2 2 2 2 2 2 2 2 2 2 2 2 2 2 2 2 2 2 2 2 2 2 2 2 2 2 2 2 2 2 2 2 2
left_child=2 4 5 10 9 12 19 37 13 11 20 39 -1 38 36 22 27 49 24 61 48 -8 23 25 -19 -16 59 51 -10 -11 32 -12 -20 -34 -13 47 -14 -5 50 53 -41 -40 -26 -44 -28 -45 -9 -15 -3 -18 -6 -17 -53 -2 -32 -23 -29 58 -36 -7 -51 -4
right_child=1 3 6 7 8 26 21 46 28 29 31 34 14 35 15 16 17 18 30 -21 -22 55 -24 -25 42 -27 44 56 -30 -31 54 -33 33 -35 57 -37 -38 -39 41 40 -42 -43 43 45 -46 -47 -48 -49 -50 60 -52 52 -54 -55 -56 -57 -58 -59 -60 -61 -62 -63
leaf_value=-0.099768396963923242 -0.033571146171884246 0.031504997130940522 -0.045303911022422823 0.061922326614227599 0.010407858000078011 -0.074419429615574531 0.0012012202687381134 0.081426062766560933 0.024193383119963618 0.0034478960023649635 0.048009778546308571 0.0092227201632668846 -0.05674522411947417 0.022189109994336223 -0.088660745587353096 -0.093746410019773255 -0.0892906720319738 -0.045064984366746337 -0.075585143074658107 -0.021865461959142608 0.044654767722531727 0.023397932359473309 -0.09956927093351492 0.040108297510423288 0.081248624329551419 -0.021207190489396205 -0.02972271096380414 -0.012586712446472265 0.034431951672628872 0.022136112413474782 -0.087656498781393033 0.055733091008799508 0.033288820461373846 -0.086546761036009778 -0.015490082384257173 0.014405375436778887 0.012010711722118947 0.069667636389184162 -0.00168121327309847 -0.022291699731146388 -0.0077724428019839116 0.0075023727209900404 0.043176799937673455 0.030297854982924206 -0.053861606100700447 -0.087911972343528183 0.090656858122320577 0.045308914664213884 0.037780480831032331 -0.079997561428879968 0.030287243300487533 -0.09004198106187232 0.075252341306721232 -0.023670074639018317 -0.048131761451754865 0.049881648102823348 -0.087381501646292992 0.0014899293210058728 -0.007759717236051478 -0.056118753535373482 -0.045838786494485445 -0.0293827160918297
leaf_weight=52019.710962533951 4379.7803618311882 16766.339897930622 7261.759863615036 15407.27897632122 15099.656958281994 2419.1938271522522 2243.7992751002312 6164.400970697403 25254.97966748476 7758.2552464008331 26613.258688926697 1462.4515863656998 297.45058053731918 8734.772133231163 2468.0147297382355 8419.0187771916389 3964.3694630265236 540.98941504955292 262.96069270372391 3521.4194359779358 13119.603560328484 1315.9020496606827 15419.257059335709 72.00160551071167 75.284059047698975 179.49667537212372 883.13596731424332 158.17264038324356 9207.4136117100716 2653.595611333847 1182.424066901207 16856.97572016716 184.98779183626175 108.09610855579376 8343.0990560054779 13967.487558245659 161.5271805524826 17749.793424725533 8044.29472219944 7096.0948283672333 3056.5510548353195 14490.089537739754 112.30883646011353 40.378557145595551 3543.4108681082726 78.619998574256897 16649.640119552612 676.69672614336014 17143.342361450195 718.83633959293365 803.30095309019089 78.975895464420319 31.817808747291565 7989.3649401664734 204.89951461553574 534.23610264062881 66.301037847995758 1772.0665546059608 11154.092788815498 1142.0872548818588 318.01562762260437 1159.4268586039543
leaf_count=60120 3268 6202 5937 3124 7415 2398 1223 604 10417 4111 7433 731 264 3694 2679 9394 4316 449 266 2390 3901 549 17802 23 7 123 646 100 3272 1125 1276 4000 70 116 5336 6517 78 2861 4499 4835 1829 7353 36 16 3089 84 818 200 5757 741 306 87 4 5501 173 145 71 966 6651 1011 265 832
internal_value=-1.47568e-05 0.0307617 -0.0826142 0.0558572 0.00656992 -0.0925447 -0.0236903 0.0750786 0.0169361 -0.0113593 0.0439687 -0.0158627 -0.0957313 0.0113642 -0.089753 -0.0905086 -0.0836506 -0.0747098 -0.0558508 -0.036853 0.0374628 0.0147054 -0.0967594 -0.0807953 -0.0224732 -0.0840991 -0.0577631 -0.0915987 0.0269299 0.00821298 -0.0703865 0.0510061 -0.0416522 -0.0110363 -0.00878326 0.0182112 -0.0325637 0.0660707 0.00719912 -0.0230072 -0.0179222 0.00422388 0.0173913 -0.00363121 -0.0490546 -0.0478412 0.0881666 0.0238566 0.0346788 -0.0852199 0.0114142 -0.0930835 -0.0422794 -0.0271788 -0.0818614 0.0310707 -0.03499 -0.0100219 -0.0110685 -0.0685693 -0.0695797 -0.0431162
internal_weight=409603 298415 111188 146471 151944 95151.7 16036.5 55971.1 96278.7 55665.4 90499.5 45253.5 87163.9 61816.3 35144.2 34685.2 16546.5 7792.17 2790.95 11942.6 47029.3 4093.94 18138.8 2719.51 847.581 2647.51 7987.83 8754.29 34462.4 10411.9 1943.37 43470.2 556.045 293.084 22731.7 23379 458.978 33157.1 38437.3 22521.8 10152.6 22534.4 306.591 231.307 4426.55 118.999 22814 9411.47 33909.7 5001.22 15903 8529.81 110.794 12369.1 1387.32 1850.14 224.474 21269.3 19497.2 3561.28 1036.85 8421.19
internal_count=229506 112726 116780 34700 78026 105704 11076 7407 43673 34353 27293 29117 98560 29984 38440 38098 17471 7815 2493 9159 15860 1917 20627 2825 592 2802 7144 9656 13689 5236 1901 11433 452 186 13684 10411 342 5985 19573 15433 6664 11852 143 136 3735 100 1422 3894 11959 5322 7721 9485 91 8769 1449 694 171 12953 11987 3409 1006 6769
is_linear=0
shrinkage=0.05


Tree=2
num_leaves=63
num_cat=0
split_feature=17 13 13 13 13 11 13 11 13 14 11 36 14 24 19 41 13 23 48 28 11 36 14 2 11 42 15 46 42 24 43 48 27 13 23 14 24 14 2 1 11 12 48 14 14 2 24 28 46 25 11 14 14 24 36 2 2 13 23 46 24 13
split_gain=400145 65402.2 24363.3 11372.4 11060.1 2199.1 2083.38 1678.46 1538.28 1274.62 1212.61 1095.14 621.938 582.903 622.466 566.43 550.444 486.179 465.504 437.003 394.095 386.007 354.141 352.929 309.819 309.107 299.723 295.901 240.421 573.144 303.845 226.711 206.427 177.777 176.343 166.962 165.232 164.968 161.695 156.097 155.775 154.756 154.054 152.167 151.574 142.914 139.21 133.561 201.302 152.634 128.428 126.97 124.893 115.026 114.926 114.616 110.675 108.704 108.639 236.492 100.074 84.7157
threshold=2.5000000000000004 7.1250000000000009 1.0000000180025095e-35 15.625000000000002 3.6250000000000004 3.5000000000000004 33.625000000000007 5.5000000000000009 10.625000000000002 0.26136363636363641 1.5000000000000002 1.5000000000000002 4.7638888888888902 0.0025314668667273505 24.500000000000004 5.2000000000000011 2.6250000000000004 9.9861502359538061 29.550000000000004 1.1299344590128177 9.5000000000000018 2.5000000000000004 2.4226190476190479 -0.060268340127661552 7.5000000000000009 26.900000000000002 2.4494897427831805 15.300000000000002 5.1000000000000005 0.042677559686008761 -11.249999999999998 24.700000000000006 3.4160668320402103 21.375000000000004 3.6154505583779444 5.3484848484848486 0.010319520866151852 1.6833333333333336 -0.060268340127661552 1.5000000000000002 13.500000000000002 1.0000000180025095e-35 22.650000000000002 7.1742424242424248 2.9583333333333335 0.8542199457734333 0.053502382503327207 1.6446721307804613 10.550000000000002 1.205289373814042 3.5000000000000004 3.3484848484848491 8.1742424242424256 0.032964204975335705 2.5000000000000004 -0.060268340127661552 -0.060268340127661552 0.87500000000000011 31.949779473795171 35.100000000000001 0.017653604139147905 0.62500000000000011
decision_type=2 2 2 2 2 2 2 2 2 10 2 2 10 2 8 2 2 2 2 2 2 2 8 2 2 2 2 2 2 2 2 2 2 2 2 8 2 10 2 2 2 2 2 10 10 2 2 2 2 2 2 10 8 2 2 2 2 2 2 2 2 2
left_child=2 4 9 8 5 11 33 12 20 13 21 16 45 -1 15 17 44 27 -17 -16 52 37 54 -14 35 28 -7 42 29 -21 -31 -27 -32 -5 -34 -9 -11 -4 -18 -38 -10 -24 53 -25 57 50 -29 -33 49 -49 -6 -40 -3 -15 -13 -46 -54 -2 -30 -60 -23 -12
right_child=1 3 10 6 7 26 -8 24 40 36 61 22 23 14 19 18 38 -19 -20 25 -22 60 41 43 -26 31 -28 46 58 30 32 47 34 -35 -36 -37 39 -39 51 -41 -42 -43 -44 -45 55 -47 -48 48 -50 -51 -52 -53 56 -55 -56 -57 -58 -59 59 -61 -62 -63
leaf_value=-0.099794282433806933 0.0040264603681709633 0.033371539798236143 -0.046450383995138692 0.063971310733615436 0.0015586465090101614 0.0037232971297546042 0.088439932820788394 0.019845805204863346 0.050641112303294503 -0.087420810226937484 -0.0099802078787397212 -0.038178217913438936 0.015039108211984585 -0.077400483704949452 -0.099525843709236936 -0.090739205186248936 -0.0071245317031303178 0.066620097933799499 0.038440415432450109 -0.088272784391736844 0.045398198108012836 -0.076014720912641554 -0.040335434565169796 0.02476929972847202 0.033047396601111646 -0.094243655462729364 0.018792952303530539 -0.036600654708771642 -0.092411257851893469 -0.098624760156818161 -0.049247703602740417 0.021172273387781469 -0.049551364883289026 0.072565274786024245 0.047211581895146598 0.027415184385809106 -0.0360369639017376 -0.032327594048796461 -0.0024364623626462073 -0.066133174124782521 0.057418332615693506 -0.015671624388899564 -0.081391813198904775 0.042795155145582145 -0.013435923550804557 0.016356858059436274 0.036608644024575358 0.002007059216880604 -0.096484429090619106 -0.093661073149829965 0.0094961121057226382 0.011861376123099239 0.036765082174535717 -0.018995787129226331 -0.059696510961411264 0.0025665164734796739 0.046015596774221949 -0.018268332983431123 -0.098058948062330883 0.073697750486052579 -0.055488755190984042 -0.025553948966445285
leaf_weight=48981.435692310333 565.09762269258499 16467.963801622391 9243.1326794624329 17389.979949772358 7246.4873444437981 15055.368794381618 19639.382593631744 13474.952067315578 20836.382238328457 726.88831579685211 975.94365561008453 2153.2071585059166 15251.606397330761 132.26788157224655 14710.667610168457 2216.5779470801353 10995.574592769146 88.986643373966217 71.427863597869873 1620.5217162370682 19810.458090960979 1142.4316624999046 823.37155431509018 7124.542165517807 13739.241677761078 233.82138234376907 4225.4083284139633 159.86079382896423 10162.401355683804 119.17974370718002 176.72253447771072 88.795130610466003 63.000324368476868 9364.9154706001282 177.53662437200546 15924.436453163624 532.89255577325821 2681.7442234158516 4310.5860694646835 2363.7932657003403 14505.769349515438 2803.6761758327484 626.91719621419907 1404.5638495087624 2968.1872032284737 5085.3342564105988 107.88065350055695 186.14515513181686 130.87955236434937 52.675822615623474 17188.392856299877 2425.4355074763298 10319.782521903515 232.89410972595215 880.88231581449509 1794.4700643420219 4756.5192551612854 16216.669445157051 53.094379425048828 30.909010291099548 1285.7886227369308 8529.9899105429649
leaf_count=59515 300 5820 7805 3227 3902 7929 1143 5809 5369 818 601 1696 7025 138 17847 2548 6527 16 23 1837 5679 1187 665 2884 4892 272 1854 127 11790 143 156 39 56 1313 52 6191 421 2034 2441 2322 3206 1821 677 428 1879 2309 37 104 155 61 8466 1172 3449 160 817 971 1352 10737 64 4 1171 6053
internal_value=-2.89572e-05 0.0301296 -0.0824067 0.056087 0.00875888 -0.00714461 0.0760674 0.0195137 0.0453941 -0.0950651 -0.0378128 -0.0130928 0.0135789 -0.0963731 -0.0910404 -0.0715304 -0.00991281 -0.0457673 -0.0866892 -0.0935893 0.0398666 -0.0469869 -0.031838 0.0195966 0.0268461 -0.0869132 0.0070269 -0.0537562 -0.088732 -0.073446 -0.0285659 -0.0542397 -0.00835542 0.0669822 0.021747 0.0239468 -0.0660143 -0.0432778 -0.00338752 -0.0606126 0.0534244 -0.0212815 -0.0663344 0.027743 -0.0152826 0.00873051 -0.00705748 -0.0336671 -0.0468735 -0.0193758 0.00714252 0.00271201 0.0363912 -0.0403182 -0.0444448 -0.00740621 0.0396868 -0.0175171 -0.0919419 -0.0346788 -0.0651752 -0.0239568
internal_weight=402656 294749 107907 133091 161657 65217.9 46394.3 96439.6 86696.9 84048.2 23859 45937.2 53300.9 80424.6 31443.2 3636.81 39276 1348.81 2288.01 27806.4 51354.7 14353.1 6661.14 23780.7 43138.6 13095.7 19280.8 1259.82 12403.4 2156.96 536.439 692.317 417.259 26754.9 240.537 29399.4 3623.57 11924.9 17731.6 2896.69 35342.2 3627.05 992.079 8529.11 21544.4 29520.2 267.741 458.496 369.701 238.821 24434.9 6736.02 31544.3 365.162 3034.09 4762.66 15076.3 16781.8 10246.4 84.0034 2428.22 9505.93
internal_count=229506 111273 118233 30558 80715 38809 5683 41906 24875 99382 18851 29026 25014 95821 36306 3726 24027 1155 2571 32580 16300 12197 4999 10337 16892 14733 9783 1139 14102 2244 407 631 264 4540 108 12000 3561 9839 10140 2743 8575 2486 975 3312 13887 14677 164 359 320 165 12368 3613 10621 298 2513 2850 4801 11037 11858 68 2358 6654
is_linear=0
shrinkage=0.05


Tree=3
num_leaves=63
num_cat=0
split_feature=13 13 36 13 13 13 13 18 13 18 13 24 50 36 22 24 60 60 18 42 15 44 13 36 13 22 22 1 24 21 27 13 13 20 1 13 1 23 24 13 44 24 44 1 1 18 46 49 26 44 59 44 26 15 13 18 3 22 13 24 18 23
split_gain=372403 66953.4 15794.2 12076.8 11841.5 2187.29 2169.78 1807.63 1725.37 1273.61 1210.39 864.479 681.575 549.972 549.949 458.144 548.694 617.08 358.151 325.307 323.618 313.711 279.206 267.403 257.699 251.743 322.305 244.052 231.614 230.793 221.525 210.862 202.2 194.717 182.205 180.443 173.702 146.044 145.598 138.957 133.023 127.455 120.009 115.453 112.084 111.455 109.05 367.003 108.037 107.263 106.629 410.796 149.637 106.356 101.798 96.9193 95.7484 95.1444 93.6673 92.6409 89.8356 82.7424
threshold=1.1250000000000002 6.8750000000000009 7.5000000000000009 15.625000000000002 3.1250000000000004 33.625000000000007 4.8750000000000009 0.49999999999999989 9.8750000000000018 0.7000000000000004 2.1250000000000004 0.0025314668667273505 1.980201388888889 2.5000000000000004 1.1080571117335825 0.016745260580905454 8.1500000000000021 11.300000000000002 0.60000000000000042 27.850000000000005 2.4494897427831805 8.8500000000000014 3.8750000000000004 1.5000000000000002 12.125000000000002 2.7845022624434392 3.2583120204603584 1.5000000000000002 0.014237177420765803 1.0000000180025095e-35 2.7106192749049893 5.8750000000000009 8.3750000000000018 0.049999999999999954 1.5000000000000002 21.375000000000004 1.5000000000000002 2.6901798460087174 0.095325146339043765 2.6250000000000004 15.050000000000002 0.050038344122028358 14.950000000000001 8.5000000000000018 1.5000000000000002 0.3999999999999998 0.15000000000000005 45.900000000000013 62.500000000000007 15.050000000000002 16.935714285714287 13.65 53.000000000000007 1.4999999999999989 1.6250000000000002 2.0499999999999901 1.0000000180025095e-35 3.5160189075630259 1.0000000180025095e-35 0.017653604139147905 -5.9144035705715206e-16 3.1678639290814075
decision_type=2 2 2 2 2 2 2 2 2 2 2 2 2 2 2 2 2 2 2 2 2 2 2 2 2 2 2 2 2 2 2 2 2 2 2 2 2 2 2 2 2 2 2 2 2 2 2 2 2 2 2 2 2 2 2 2 2 2 2 2 2 2
left_child=2 4 7 8 9 35 18 13 32 10 23 -4 38 59 43 19 29 30 22 50 -11 25 42 40 -10 -19 -27 -8 -15 57 61 45 44 53 -30 -5 -12 -32 -13 60 54 -39 -6 58 -3 -29 47 -45 -21 -24 -16 -52 -53 -9 -2 -20 -36 -17 -14 -1 -38 -18
right_child=1 3 11 5 6 -7 27 33 24 20 36 12 14 28 15 16 17 21 55 48 -22 -23 49 -25 -26 26 -28 31 34 -31 37 -33 -34 -35 56 -37 39 41 -40 -41 -42 -43 -44 46 -46 -47 -48 -49 -50 -51 51 52 -54 -55 -56 -57 -58 -59 -60 -61 -62 -63
leaf_value=-0.049394102985552218 -0.029538510510858536 0.046644026672359715 -0.099771562620606782 0.062043099256661405 9.5080002041292365e-05 0.087438378667333394 0.036939596141325491 -0.011110775323600034 0.046336425890740419 -0.0018236496751806643 0.0064075629785550845 -0.038045781667586556 -0.099670301670513065 -0.078562078944745553 -0.093303685814448242 -0.090185560148793142 -0.090706693196208971 -0.072237487628285732 0.014573488358776943 -0.014860094970282562 0.018303593102763895 -0.086574268745272381 0.0086410342970140493 -0.037006303967775434 0.054107437713955868 0.041445207876872059 -0.095128510537176261 0.017154618277873509 -0.029887321314219235 -0.037339672870749477 -0.091075576962796181 0.026087020301775718 0.040058659778023503 -0.029593308619272153 -0.050931171423330618 0.070802317124422351 -0.018207267075256543 -0.013858079727873358 0.041034288732115121 -0.0061336187879099148 -0.013737865782288623 0.043732580506621328 0.009861406944732044 -0.099737768524808895 0.032729131509491485 0.024323237812730339 -0.092921733456454145 -0.02069044237040352 -0.096737470459120581 0.01675251519108276 -0.094793171260537823 0.025244686608773766 -0.061699262529729772 0.010394817400427485 -0.020910850525412153 0.026914826542672566 -0.07021055521511875 -0.067301089474852138 0.0067973467407357567 -0.039444323219477807 -0.0091367505314194752 -0.028262534548461834
leaf_weight=4275.0262534022331 5574.8711035847664 1540.2038184404373 46617.350445091724 17042.965896964073 14560.97644251585 18890.236422538757 3079.4056829810143 1445.9776947498322 22028.115822672844 6721.7991697788239 1816.2846366167068 333.09113103151321 10202.623387038708 1831.8540437817574 7816.8946041464806 2903.2002940773964 79.759119153022766 220.62472212314606 10893.855545163155 190.15161257982254 2840.0037571191788 917.54511320590973 20277.522980034351 3571.7046347856522 20873.897891104221 155.49570298194885 58.66789835691452 17793.318638324738 549.77102607488632 259.02684885263443 31.53867244720459 21237.741447269917 20788.199298381805 922.12272131443024 1184.821995973587 9124.4329186081886 5598.157640516758 166.82049542665482 69.566453576087952 13016.414002180099 3823.1727324724197 223.99769228696823 4011.616128385067 399.40959966182709 25919.566442430019 7820.2110428214073 5683.8266185522079 233.14701479673386 50.375671684741974 5104.7123147249222 585.02572584152222 115.32286190986633 85.140371203422546 952.80428642034531 8912.2006720304489 1865.7366600632668 1466.564946949482 559.93514949083328 20.488160967826843 5282.6127550005913 5340.8597721457481 160.14143049716949
leaf_count=3777 4142 424 59533 3227 7981 1143 1019 910 6037 3779 935 270 13019 2020 9538 3478 93 235 5002 126 1244 1074 10032 2855 4845 51 72 7883 422 213 37 8295 6431 682 1081 1313 3736 114 22 7679 2478 72 1974 507 9088 3134 6961 167 62 2291 718 53 87 470 6127 721 1513 580 11 4333 3265 125
internal_value=-4.25249e-05 0.0273861 -0.0857307 0.053291 0.00585275 0.0744672 0.0156979 -0.0433784 0.0428223 -0.0124976 -0.0158392 -0.0954382 -0.0890266 -0.050956 -0.0898631 -0.0827577 -0.0717117 -0.0506408 0.00900565 -0.0899142 0.00415522 -0.0699954 0.0068644 -0.0244871 0.0501187 -0.0348787 0.00374078 0.0232989 -0.0643429 -0.0830981 -0.0110652 0.0224014 0.0363333 -0.0100788 -0.0561824 0.0651002 -0.00849569 0.0107252 -0.0243031 -0.00962608 -0.0220428 0.0191647 0.00220526 -0.0961209 0.0335115 0.0193444 -0.0907076 -0.0706891 -0.0323586 0.0102732 -0.091519 -0.0736558 -0.0117801 -0.00256583 -0.0242331 0.0163804 -0.0616195 -0.0865074 -0.0994558 -0.0439 -0.0137804 -0.0493343
internal_weight=396119 300068 96050.7 136208 163861 45057.6 106645 17911.6 91150 57215.5 47653.7 78139.2 31521.8 14590.7 31119.2 14579.7 5736.75 2014.59 56714.4 8842.91 9561.8 1352.33 43954.8 21881.9 42902 434.788 214.164 49930.7 5033.01 3722.16 662.257 46851.3 48248 3320.9 3201.16 26167.4 25771.7 422.357 402.658 23955.4 18310.2 390.818 18572.6 16539.5 27459.8 25613.5 6316.38 632.557 240.527 25382.2 8602.38 785.489 200.463 2398.78 14487.1 12759.6 2651.39 3463.14 10223.1 9557.64 10939 239.901
internal_count=229506 117080 112426 32508 84572 5683 48332 15208 26825 36240 31217 97218 37685 13146 37393 16728 6144 1873 28001 10584 5023 1432 22278 15602 10882 358 123 20331 5036 4271 441 19312 15943 2062 3016 4540 15615 223 292 14680 12747 186 9955 20665 9512 11017 7635 674 188 12323 10396 858 140 1380 10269 5723 2594 4058 13030 8110 7001 218
is_linear=0
shrinkage=0.05


Tree=4
num_leaves=63
num_cat=0
split_feature=17 16 16 17 14 11 16 11 17 14 16 11 11 11 11 23 27 50 60 0 11 60 60 39 17 23 46 14 14 46 23 22 2 14 42 46 22 22 23 37 14 22 0 14 0 14 45 22 16 25 0 0 14 57 39 0 11 27 0 21 45 22
split_gain=348804 67125.5 12834.6 12323 6867.05 2701.42 2192.78 2101.73 2009.62 997.365 697.471 661.705 607.052 545.762 487.293 432.512 434.365 537.826 358.582 344.787 341.926 331.926 371.784 289.904 255.5 246.791 321.034 220.757 214.227 183.54 305.195 420.354 181.904 178.937 174.411 221.041 249.241 625.144 217.554 173.879 173.646 170.742 272.58 166.691 148.288 147.551 147.219 209.839 144.077 132.21 131.939 130.734 128.4 120.937 119.87 124.247 118.282 100.37 98.6848 90.749 90.6921 92.061
threshold=1.5000000000000002 6.7500000000000009 16.750000000000004 4.5000000000000009 1.0000000180025095e-35 2.5000000000000004 10.750000000000002 5.5000000000000009 43.500000000000007 4.3484848484848486 1.7500000000000002 2.5000000000000004 1.0000000180025095e-35 8.5000000000000018 1.0000000180025095e-35 1.5451920405208079 0.6741452991452993 1.3939041666666669 6.9500000000000002 27.500000000000004 8.5000000000000018 13.450000000000001 13.350000000000003 1.058562026918801 3.5000000000000004 9.9861502359538061 7.4500000000000011 2.4226190476190479 12.174242424242426 1.0000000180025095e-35 4.4479007617924431 3.0737999213063159 0.8542199457734333 7.5916666666666677 26.700000000000006 1.7000000000000004 1.726914697502933 1.6546380090497739 2.6901798460087174 0.73214285714285732 0.95833333333333337 1.6546380090497739 32.500000000000007 4.9583333333333348 5.5000000000000009 6.1742424242424248 8.2500000000000018 44.669377599524665 23.250000000000004 1.205289373814042 26.500000000000004 18.500000000000004 8.6833333333333353 -3.9357894990192182 1.5143755588800742 2.5000000000000004 1.5000000000000002 3.3207720474597116 2.5000000000000004 1.0000000180025095e-35 17.800000000000001 9.5926299283154144
decision_type=2 2 2 2 10 2 2 2 2 10 2 2 2 2 2 2 2 2 2 2 2 2 2 2 2 2 2 10 10 2 2 2 2 8 2 2 2 2 2 2 10 2 2 8 2 10 2 2 2 2 2 2 8 2 2 2 2 2 2 2 2 2
left_child=4 3 6 5 15 10 13 9 48 11 14 23 40 33 39 -1 -17 -18 59 45 43 22 25 32 -7 34 -27 -12 -8 30 -23 -32 58 -3 35 36 37 53 -36 -2 -6 -40 -43 -9 -42 -11 -28 -48 -4 -44 -35 -29 -15 -20 55 -16 -21 -25 -5 -19 -37 -62
right_child=1 2 8 7 12 24 28 20 -10 19 27 -13 -14 52 54 16 17 18 21 56 -22 29 -24 57 -26 26 46 51 -30 -31 31 -33 -34 50 38 60 -38 -39 41 -41 44 42 49 -45 -46 -47 47 -49 -50 -51 -52 -53 -54 -55 -56 -57 -58 -59 -60 -61 61 -63
leaf_value=-0.098938701749788444 -0.05259693317990416 0.026601339189049129 0.061378849613196354 0.020315152940630875 -0.071015918892787813 -0.0086941358736522794 0.046353999191035389 0.017180081257830954 0.086511486046041863 0.018615214117425661 -0.021431711211328808 0.0069472310561490142 -0.041652792132161859 0.036454183881394896 0.0049257469316552355 -0.099958769691976812 -0.014568474001433396 -0.095262668096050093 -0.01470199605146187 -0.001444678563344492 0.034200095008140023 -0.091215083027112981 0.039284026764666774 -0.035670451788061212 0.00071734923919928456 -0.08963449545392152 0.070907985454310304 0.0021092352830451894 0.053869318383323983 -0.095003280857993283 0.065953969017215994 -0.094958915875775513 0.011735124405652171 0.040670690287738516 -0.098745247045733398 -0.090453329192351786 -0.081951354750881319 0.060981917041860283 0.029783538483769141 -0.033244343173826706 -0.030899579208033701 -0.097468173939320155 0.0050933637171233408 0.024463047035847549 -0.060441874596780944 0.031734554799332113 -0.09618548343609698 0.073895309468100634 0.070123619080047633 -0.076370003305458123 0.030846645649378741 -0.013788085423868958 0.043111860867170025 -0.099338012592866606 -0.0086686514064243311 -0.028008403581365082 0.012144725390702453 -0.011334981097071893 -0.0096211252780955079 -0.042949983709811713 -0.073907690384391572 0.038577032517120899
leaf_weight=44732.490166008472 2791.2012193202972 16402.251966893673 15524.691618323326 288.05886906385422 4142.6528795957565 11871.507020413876 19380.972993016243 13872.476798593998 18015.220256328583 8836.5164655447006 10792.518440186977 23711.023907661438 5027.9235417246819 14875.78043192625 294.53054511547089 9064.7729073166847 256.49189639091492 8852.8080736398697 58.240648150444031 1764.8447331786156 6136.0517900586128 297.32680684328079 72.958337306976318 1147.1200551986694 18365.313554942608 112.56211614608765 74.798269510269165 1663.6997625231743 18769.392181038857 3706.3761186599731 89.858127117156982 72.348314106464386 1410.5362691879272 5133.5377734303474 189.78839695453644 2571.3130758404732 412.32686990499496 132.07070833444595 82.018256604671478 2004.4234231710434 532.76816254854202 170.62916481494904 191.5090423822403 18181.464261651039 2180.0267223715782 2835.3384363651276 44.142326354980469 29.360710740089417 6889.1093822717667 66.215344548225403 10360.787583827972 5795.0282507538795 14280.641504466534 157.61328911781311 976.92422765493393 9705.51979804039 17183.04438239336 674.68861663341522 5772.1970645189285 86.383826553821564 868.52698945999146 17.941676020622253
leaf_count=59707 2614 6207 2893 124 4519 7268 5157 6063 1121 3826 7542 11936 4297 4796 162 12172 180 11490 41 982 2087 374 24 898 10014 138 11 911 4256 4809 16 94 679 1543 251 3238 489 31 32 1603 421 223 107 7189 2194 1012 57 4 977 77 3662 3739 4088 206 602 7233 8105 432 3505 77 994 7
internal_value=-5.55582e-05 0.0247743 0.0503259 0.00329081 -0.0901044 -0.0138528 0.0406478 0.0141113 0.0740719 0.00854521 -0.0235169 0.00251502 -0.0548677 0.03477 -0.0312184 -0.0958862 -0.0909493 -0.0865564 -0.0875611 0.0150444 0.0233836 -0.0807158 -0.0723106 -0.00879322 -0.00297777 -0.0738909 -0.0263416 -0.0168598 0.0500529 -0.0912913 -0.0611998 -0.00592882 -0.0044297 0.0302471 -0.0764061 -0.0802562 -0.0556847 -0.024396 -0.0531233 -0.0445178 -0.0645515 -0.0359885 -0.0486338 0.0213119 -0.0546554 0.0218051 0.0219434 -0.0280998 0.0640699 -0.0160314 0.0341043 -0.0102416 0.0397166 -0.0766981 -0.0254041 -0.0270375 0.0108787 -0.026672 -0.00819424 -0.0947626 -0.0856395 -0.0715845
internal_weight=390001 305706 139632 166074 84294.2 64260.7 99203.4 101813 40429 63623.4 34023.8 33003.6 11883.4 61053 15772.6 72410.9 27678.4 18613.6 18357.1 30619.7 38190 9417.92 5252.02 9292.6 30236.8 5179.06 260.863 18251.2 38150.4 4165.91 459.533 162.206 7470.79 31896.6 4918.19 4218.03 760.252 347.925 700.16 4795.62 6855.45 510.372 428.354 32053.9 2712.79 11671.9 148.301 73.503 22413.8 257.724 15494.3 7458.73 29156.4 215.854 10977 10000.1 18947.9 1821.81 6060.26 8939.19 3457.78 886.469
internal_count=229506 123226 34700 88526 106280 41688 29709 46838 4991 31499 24406 17574 11431 20296 12214 94849 35142 22970 22790 13925 15339 11223 5930 5638 17282 5906 210 12192 9413 5293 484 110 4308 11412 5696 5006 767 278 690 4217 7134 439 407 13252 2615 4838 72 61 3870 184 5205 4650 8884 247 7997 7395 9087 1330 3629 11567 4239 1001
is_linear=0
shrinkage=0.05


Tree=5
num_leaves=63
num_cat=0
split_feature=17 13 13 13 14 11 13 13 11 13 14 36 11 36 23 25 11 19 59 0 42 23 22 41 42 0 23 11 57 44 22 22 51 14 14 13 25 11 11 2 0 13 22 45 2 14 11 14 14 39 57 44 14 40 37 14 11 0 44 3 23 22
split_gain=326714 62940.1 13167 10739.6 7266.76 2483.3 2368.56 2034.39 1325.57 894.955 619.83 618.841 526.354 507.746 459.444 423.234 422.355 338.855 385.339 335.698 304.429 510.666 552.024 341.929 296.42 270.822 257.232 245.641 223.309 219.726 205.24 269.041 198.014 195.2 186.535 182.104 181.791 177.678 170.004 151.793 151.195 149.546 131.667 199.243 130.693 129.187 119.466 118.089 117.933 112.661 110.169 102.975 100.98 99.8473 98.9527 97.5823 95.0838 87.9813 84.7704 131.65 182.618 316.842
threshold=1.5000000000000002 6.3750000000000009 15.625000000000002 3.1250000000000004 1.0000000180025095e-35 2.5000000000000004 33.625000000000007 9.8750000000000018 5.5000000000000009 1.6250000000000002 4.5227272727272743 2.5000000000000004 4.5000000000000009 1.5000000000000002 1.5451920405208079 2.1545581427015255 9.5000000000000018 24.500000000000004 8.8571428571428594 3.5000000000000004 5.1000000000000005 3.6154505583779444 2.0259803921568635 -0.14285714285714277 27.850000000000005 26.500000000000004 9.9861502359538061 12.500000000000002 1.3437374393780768 13.950000000000003 2.7845022624434392 3.0737999213063159 2.5000000000000004 2.4226190476190479 7.041666666666667 21.375000000000004 0.42507002801120458 7.5000000000000009 4.5000000000000009 0.8542199457734333 3.5000000000000004 1.0000000180025095e-35 44.669377599524665 35.100000000000001 -0.12053668025532319 3.041666666666667 3.5000000000000004 0.59166666666666679 7.0871212121212128 1.5869840952317451 3.4008387035633052 17.100000000000005 4.6833333333333345 1.4757674721138667 0.46428571428571436 57.791666666666679 1.0000000180025095e-35 34.500000000000007 15.550000000000002 -0.70581670320594803 2.6901798460087174 2.5512371615312794
decision_type=2 2 2 2 10 2 2 2 2 2 10 2 2 2 2 2 2 8 2 2 2 2 2 2 2 2 2 2 2 2 2 2 2 10 8 2 2 2 2 2 2 2 2 2 2 8 2 10 10 2 2 2 8 2 2 8 2 2 2 2 2 2
left_child=4 3 7 5 14 9 35 16 10 13 38 -6 46 49 -1 24 34 18 26 -11 21 -19 -23 -24 42 48 28 -9 -17 -13 -25 -32 -30 51 -3 -4 -26 52 39 45 -15 58 -16 -44 -36 -5 -7 -31 -12 -2 -49 56 -10 -14 -42 -8 -21 -35 -22 60 -60 -62
right_child=1 2 6 8 11 12 55 27 37 19 25 29 53 40 15 17 -18 20 -20 33 41 22 23 30 36 -27 -28 -29 32 47 31 -33 -34 57 44 -37 -38 -39 -40 -41 54 -43 43 -45 -46 -47 -48 50 -50 -51 -52 -53 -54 -55 -56 -57 -58 -59 59 -61 61 -63
leaf_value=-0.09882909937777011 -0.02652156400687954 0.025260169339588315 0.058166470111274807 -0.005777466282688765 -0.042172762493920053 -0.0073240678003422075 0.079697921312046727 0.042753976175736313 0.014745003777879705 0.011450045783625108 0.019558573076846639 -0.073016111519084256 0.0085504171587784516 -0.0098305979465482043 -0.096851298256701898 -0.079495531960638813 0.038983295043693453 -0.089523845419768003 -0.09395721593185101 -0.034587110693451877 -0.093256754886633361 0.065122367026721195 -0.093161187996922454 -0.098105275013120732 -0.099220935646027381 0.010938135840661709 0.060848260844790197 0.050442013945865505 -0.077657002206602141 -0.067219128044518475 0.04229888138712283 -0.089777282634871058 0.0058099673462654027 -0.006202690002608105 0.029318594470219492 0.067156797687012743 -0.027291882607296775 0.027621182034239869 0.010296144353875145 0.010911595383468609 -0.059894936642293763 -0.039141080748167106 -0.086037254085211859 0.071339722800313171 0.036708068321729924 0.003051513268127077 0.00076880937778210591 -0.048188232286927916 0.03747340779063546 -0.0084300506169343817 -0.003504684198450389 -0.0062616685682197817 0.021552145060489278 0.024417770250904462 -0.042561762893372553 0.087831789196386956 -0.020652336247658762 -0.015842774251498489 -0.095532781843159151 -0.089557296530723585 0.017544285483580353 -0.093056986938281655
leaf_weight=42596.890484333038 9603.337062895298 16893.086181879044 16431.112749934196 5399.2464153170586 6221.7168697118759 16027.205052435398 5596.5270411968231 22222.409802675247 8623.8237633705139 1108.4921219944954 8113.9909084439278 3424.523010134697 3169.8305545449257 294.84052586555481 15760.677096843719 240.94597011804581 15539.613327562809 900.88599854707718 405.9734006524086 1408.7892807722092 6041.8951705694199 120.08503127098083 265.36549836397171 54.41701340675354 133.77705591917038 17132.261684417725 66.136396944522858 19667.685891985893 96.939458966255188 804.14867454767227 157.36073780059814 49.967009902000427 258.10921376943588 4386.7621451616287 16431.863968253136 8695.0744481086731 256.46906530857086 8169.631326675415 9828.792588531971 4629.6123405694962 1104.4653443098068 146.31082159280777 61.574423789978027 28.715950727462769 9470.2216867208481 17796.256365060806 6371.6921252608299 1088.8059934973717 1037.621789932251 947.41891711950302 158.40242677927017 1081.0406393408775 14878.941916048527 1444.1409193277359 3366.668200314045 11930.460699081421 9518.3786050677299 5150.2106477022171 177.25023645162582 998.85773867368698 150.82240903377533 112.05644112825394
leaf_count=59707 7183 6439 3227 3130 5475 9692 503 6198 3853 546 3422 3913 1554 196 21749 295 4695 1182 548 1125 8132 24 348 72 189 8148 15 4684 118 898 51 66 145 2644 5863 1313 203 3018 4715 2222 1116 131 80 4 2998 9388 3466 1044 330 585 101 664 6054 572 2976 640 6653 3414 243 1321 76 150
internal_value=-6.76514e-05 0.0237192 0.0478602 0.00224117 -0.0894297 -0.0134425 0.0711275 0.0379575 0.0129009 -0.0216865 0.00875696 -0.0529776 -0.0018538 -0.0310223 -0.0956012 -0.0904059 0.0319194 -0.0824099 -0.0556418 -0.015373 -0.085519 -0.0651927 -0.0312305 -0.0532726 -0.0954434 0.0146493 -0.0320355 0.0463648 -0.0424357 -0.0652432 -0.0126126 0.0101657 -0.0171192 -0.0167537 0.0293535 0.0612804 -0.0521526 0.0212658 0.00464349 0.0026463 -0.04457 -0.0896349 -0.0965055 -0.0356971 0.0320218 0.000996005 -0.00502178 -0.0522355 0.0215942 -0.0248984 -0.0425245 -0.0209958 0.0190554 0.0135221 -0.046857 0.0852396 -0.0224523 -0.0114102 -0.0906164 -0.0794697 -0.0564139 -0.0297564
internal_weight=384251 303472 142878 160593 80779.1 64983.3 42653.2 100225 95610.2 37970.4 63937.8 11697.6 27012.9 15316.7 69081.5 26484.6 58334.8 10243.4 1068.1 22653.7 9175.27 1548.08 647.195 527.11 16241.2 26283.9 662.131 41890.1 595.995 5475.88 261.745 207.328 355.049 21545.2 42795.2 25126.2 390.246 31672.4 37653.9 27825.1 4765.97 7627.19 15851 90.2904 25902.1 23195.5 22398.9 2051.36 9151.61 10550.8 1247.21 12008.2 23502.8 4613.97 4471.13 17527 10927.2 9536.97 7480.88 1438.99 440.129 262.879
internal_count=229506 123226 36560 86666 106280 42386 5683 30877 44280 27102 31355 11431 15284 12056 94849 35142 19995 12917 1121 15046 11796 1743 561 537 22225 11900 573 10882 558 5956 189 117 263 14500 15300 4540 392 12925 19455 14740 4288 10053 21833 84 8861 12518 13158 2043 3752 7768 1145 8442 9907 2126 4092 1143 7778 6058 9922 1790 469 226
is_linear=0
shrinkage=0.05


Tree=6
num_leaves=63
num_cat=0
split_feature=17 13 13 13 14 11 13 13 13 13 36 23 27 50 11 11 36 11 60 60 60 11 0 23 59 22 60 60 44 14 19 23 13 0 46 23 22 14 2 14 48 44 13 0 0 11 0 22 0 23 14 20 11 19 39 44 2 44 13 11 19 22
split_gain=305925 58012.5 11497.8 11156.9 7654.5 2253.77 2058.86 1667.35 1665.91 819.937 604.223 490.973 497.416 536.659 486.374 475.471 473.151 447.655 375.161 350.276 343.894 304.467 303.553 227.281 334.289 279.519 460.389 358.134 217.702 206.357 202.723 361.317 200.568 181.002 178.635 280.196 375.304 177.467 171.939 160.076 159.656 152.085 148.765 140.222 132.059 131.54 125.567 117.937 176.249 257.887 114.48 113.787 107.864 104.172 102.627 99.6825 98.6775 98.6565 96.3219 96.3041 95.5305 399.813
threshold=1.5000000000000002 6.8750000000000009 17.875000000000004 3.1250000000000004 1.0000000180025095e-35 2.5000000000000004 11.125000000000002 4.8750000000000009 39.125000000000007 1.6250000000000002 2.5000000000000004 1.5451920405208079 0.6741452991452993 1.3939041666666669 4.5000000000000009 4.5000000000000009 1.5000000000000002 9.5000000000000018 6.9500000000000002 13.450000000000001 13.350000000000003 6.5000000000000009 3.5000000000000004 2.4256632238642628 17.321428571428573 2.0259803921568635 10.050000000000002 11.300000000000002 13.950000000000003 3.7638888888888893 1.0000000180025095e-35 9.9861502359538061 13.875000000000002 3.5000000000000004 1.0000000180025095e-35 4.4479007617924431 3.0737999213063159 2.4226190476190479 -0.12053668025532319 8.1742424242424256 23.850000000000005 11.250000000000002 24.375000000000004 3.5000000000000004 32.500000000000007 6.5000000000000009 26.500000000000004 2.8454529539088367 28.500000000000004 3.7812116240345515 0.59166666666666679 0.57916727035641857 3.5000000000000004 32.500000000000007 1.5869840952317451 17.100000000000005 0.8542199457734333 17.100000000000005 1.0000000180025095e-35 1.0000000180025095e-35 1.0000000180025095e-35 0.14789731682146542
decision_type=2 2 2 2 10 2 2 2 2 2 2 2 2 2 2 2 2 2 2 2 2 2 2 2 2 2 2 2 2 10 8 2 2 2 2 2 2 10 2 10 2 2 2 2 2 2 2 2 2 2 10 2 2 8 2 2 2 2 2 2 8 2
left_child=4 3 6 5 11 9 17 14 42 16 -6 60 -13 -14 29 52 54 39 58 20 23 33 -11 41 25 26 -25 -28 -12 55 31 -27 -8 -9 35 -21 -37 56 -31 -3 47 -20 -4 -18 -26 -16 -41 48 49 -32 -30 -45 -7 -52 -2 -5 -24 -35 -15 -49 61 -1
right_child=1 2 8 7 10 15 32 21 -10 22 28 12 13 18 45 -17 43 -19 19 34 -22 -23 37 24 44 30 27 -29 50 38 40 -33 -34 57 -36 36 -38 -39 -40 46 -42 -43 -44 51 -46 -47 -48 59 -50 -51 53 -53 -54 -55 -56 -57 -58 -59 -60 -61 -62 -63
leaf_value=-0.099787383521212747 -0.025284623646987994 0.027135425248597075 0.059445072125015458 -0.0014648028808665339 -0.040424211342666577 -0.0069597556349106394 0.045043245104908765 0.040692971783768461 0.085097848747402449 0.01088520411452755 -0.071266947692277718 -0.099951125371455313 -0.01284571623379481 -0.094319880089681701 0.011580966254119057 0.012861865909339543 -0.0093452572771167367 0.038808112605596259 -0.057757022176939149 -0.089577712564678946 0.037818634084479094 0.025354765778098864 -0.021982402538318367 -0.09940528669826755 -0.096898796332986911 -0.081158373932690875 0.032027660183635002 -0.098455668131085666 -0.065339390773837713 0.0040236071686505078 -0.095385810084768249 0.051024876899796782 0.052497376441590554 0.015683665596485603 -0.094007553129020344 0.063005911426241942 -0.094092544132847733 -0.010848236575329724 0.013992938565476169 0.040087612719319987 -0.096054516198615256 -0.096799390967613252 0.06901198116711868 -0.051962237125930434 -0.015461026933993857 0.021246574861097354 0.030569050124884985 -0.085323461690090904 -0.080977603604581214 0.023552141256609864 -0.091209170383861185 -0.035679989509081522 0.00073037703604932134 -0.036570879711844209 -0.0080118435870550724 0.011263808656885504 -0.0096198950861084553 0.025372498924696698 -0.041858404759782628 -0.0066542029300206036 -0.099985152989693696 -0.073828803772465174
leaf_weight=6587.3942810297012 9570.4016716480255 21406.636699974537 11923.907117068768 14479.397836446762 6167.7581108212471 16023.013504683971 20126.772538661957 800.46658784151077 15426.299005270004 1107.7827061414719 3335.4699676036835 8215.5230695605278 254.87929672002792 8086.0186067819595 17117.690782546997 4608.6398826241493 294.70089203119278 23229.248424291611 328.46188116073608 273.37928551435471 72.397951483726501 18257.196305394173 10052.528031945229 175.55566084384918 55.677875339984894 135.9632420539856 231.08964103460312 66.99056738615036 786.40783184766769 12119.930588960648 66.101049244403839 82.142326056957245 16525.385065436363 27580.347001731396 3389.9182122945786 86.779826641082764 66.057958662509918 9529.8462108373642 6726.5411354899406 5282.6253427267075 1069.1873850822449 1129.074186861515 6278.2915244102478 2534.5530941486359 417.26714080572128 4435.5164363384247 10202.984617829323 689.18872028589249 194.13549226522446 141.11471194028854 94.268436968326569 1887.4988438487053 6371.6737345457077 1140.5907568335533 947.0901255607605 1719.9381885528564 1927.4560329914093 2908.7663127779961 91.064539968967438 41.560049474239349 32042.865924477577 1937.4909210205078
leaf_count=9750 7183 7770 2187 8036 5475 9692 5224 236 972 546 3913 12172 180 11482 7993 2126 196 6854 368 374 24 6896 7207 251 78 180 95 96 898 6290 93 24 3625 12079 4809 16 94 6058 3066 1534 1513 1619 856 2463 318 1791 3486 919 254 69 122 1629 3466 1023 585 825 1235 1120 85 29 47519 2438
internal_value=-7.90184e-05 0.0226973 0.0478168 0.00354142 -0.0887122 -0.0127973 0.0390639 0.0135245 0.0730033 -0.0206697 -0.0511088 -0.0952845 -0.0898035 -0.0849348 0.00766092 -0.00176158 -0.0296368 0.0333682 -0.0860216 -0.0787652 -0.0698698 0.0202222 -0.0146287 -0.0714946 -0.0643003 -0.0706726 -0.0354194 0.00245496 -0.0634003 0.00402565 -0.0775544 -0.0313474 0.0484056 0.0172265 -0.0901551 -0.0593545 -0.00503131 -0.0159434 0.0075826 0.0299418 -0.0821141 -0.0880501 0.0627488 -0.0427975 -0.0252431 0.0135712 0.0338188 -0.0688708 -0.046862 -0.0146405 -0.0503876 -0.0450231 -0.00477162 -0.0408164 -0.0237306 -0.000112443 -0.0199948 0.016609 -0.0937414 -0.0808713 -0.0987084 -0.0938976
internal_weight=378855 301403 130402 171001 77451.8 64855.2 96773.7 106146 33628.5 37851.9 11524.5 65927.3 25359.5 17144 56599 27003.3 15234.2 60121.5 16889.1 8712.04 4895.91 49546.8 22617.6 4823.51 3365.97 2893.03 473.636 298.08 5356.74 35045.8 2419.39 218.106 36652.2 31289.6 3816.14 426.217 152.838 21509.8 18846.5 36892.2 2201.29 1457.54 18202.2 4716.75 472.945 21553.2 15485.6 1132.1 401.351 207.216 2021.27 4422.05 22394.7 1234.86 10517.5 16199.3 11980 30489.1 8177.08 730.749 40567.8 8524.89
internal_count=229506 123226 32508 90718 106280 42386 28493 48332 4015 27102 11431 94849 35142 22970 28001 15284 12056 19644 22790 11223 5930 20331 15046 5906 3919 3523 442 191 5956 18217 3081 204 8849 13435 5293 484 110 14500 9356 12790 2877 1987 3043 4288 396 9784 5020 1364 416 162 2043 4092 13158 1145 7768 8861 8442 13199 11567 948 59707 12188
is_linear=0
shrinkage=0.05


Tree=7
num_leaves=63
num_cat=0
split_feature=17 13 13 13 14 13 11 13 13 13 11 23 27 60 11 11 11 60 19 11 11 23 13 23 26 59 0 37 0 49 25 46 44 0 14 44 0 27 14 14 44 60 11 57 23 25 46 19 23 42 44 0 11 21 14 11 37 20 23 23 25 39
split_gain=286428 53457.5 10743.6 10633.1 8042.67 2095.97 2044.31 1743.47 1239.35 755.55 571.629 522.372 529.436 488.245 439.805 429.38 414.917 408.215 469.648 372.414 330.74 258.861 242.191 237.732 253.48 423.977 388.469 236.513 227.009 218.007 202.59 195.31 209.665 188.143 186.347 184.545 155.494 144.597 134.835 129.423 128.971 124.197 119.485 117.029 115.348 108.536 162.666 108.009 419.654 373.655 123.216 106.155 105.769 103.408 98.5403 97.3851 96.9122 95.6546 94.0695 133.677 93.4835 93.3822
threshold=1.5000000000000002 7.1250000000000009 3.1250000000000004 19.625000000000004 1.0000000180025095e-35 11.375000000000002 2.5000000000000004 4.8750000000000009 39.125000000000007 1.8750000000000002 1.0000000180025095e-35 1.5451920405208079 0.6741452991452993 6.9500000000000002 4.5000000000000009 4.5000000000000009 1.0000000180025095e-35 18.000000000000004 24.500000000000004 9.5000000000000018 6.5000000000000009 8.0781816363128947 14.125000000000002 2.4256632238642628 89.500000000000014 17.321428571428573 32.500000000000007 0.64583333333333337 3.5000000000000004 54.900000000000013 1.205289373814042 2.2500000000000004 15.550000000000002 2.5000000000000004 3.7638888888888893 13.050000000000002 27.500000000000004 5.0540293040293047 9.0416666666666696 0.91287878787878796 17.100000000000005 15.050000000000002 6.5000000000000009 3.4008387035633052 1.5996330397435272 2.7143062659846549 1.7000000000000004 1.0000000180025095e-35 0.54853950022769093 8.8500000000000032 13.65 26.500000000000004 1.5000000000000002 1.0000000180025095e-35 5.6833333333333345 3.5000000000000004 1.0000000180025095e-35 0.080487567987567912 3.6154505583779444 4.4839321749607182 4.4706047358551375 1.058562026918801
decision_type=2 2 2 2 10 2 2 2 2 2 2 2 2 2 2 2 2 2 8 2 2 2 2 2 2 2 2 2 2 2 2 2 2 2 10 2 2 2 10 10 2 2 2 2 2 2 2 8 2 2 2 2 2 2 8 2 2 2 2 2 2 2
left_child=4 2 6 5 11 19 9 14 -5 16 35 47 -13 53 34 55 27 18 21 38 33 29 -7 -20 25 45 -27 -2 -11 41 -28 37 -33 -9 61 56 -36 -26 -3 -37 -30 -15 -16 -41 -43 -25 58 48 -1 50 -50 -40 -18 -14 -35 -8 -6 -17 -47 -60 -46 -4
right_child=1 3 7 8 10 22 15 20 -10 28 -12 12 13 17 42 57 52 -19 23 -21 -22 -23 -24 24 31 26 30 -29 40 -31 -32 32 -34 54 36 39 -38 -39 51 43 -42 44 -44 -45 60 46 -48 -49 49 -51 -52 -53 -54 -55 -56 -57 -58 -59 59 -61 -62 -63
leaf_value=-0.099982783162847103 -0.047270572081063417 0.027201796374991039 0.00040004081588072821 0.062804641107028783 -0.082344450389161758 0.043907049964005899 -0.006613392763784697 0.040988632322123353 0.083881170510302985 0.011768197446286368 -0.036377302209227483 -0.099946677593902702 -0.093763330094604927 -0.073882177026918378 0.011009341212523366 0.01862920211964247 -0.027045695371771785 -0.092926096058679297 -0.090724824404710247 0.037550378122864436 0.024592320203013347 0.029110630598592088 0.051851640183679354 -0.093944046946870169 -0.031001883280200322 -0.096966874206661127 0.013567127998820769 -0.02684263605484476 -0.014868030841227693 0.0099772707389516758 -0.066435696624541837 -0.074786086369321658 -0.012057104816173992 0.013471353190963277 0.013306434832956061 -0.059312242910126059 0.0038227531582253355 0.051983668164281939 0.041542623626317235 -0.043928495271216422 0.00084832826626239351 0.046599808466589926 0.020230187637175018 -0.00018943431499635836 -0.07725178705880649 -0.074211944366985735 -0.08413775697127672 -0.09998376847213114 -0.024652818991011446 -0.085477107521533383 -0.0984088746314144 0.030584903560371808 -0.018245030743933952 -0.037232336760864432 0.019020740650186215 0.00069386578535721687 -0.06225282226471214 0.0041103913974593074 0.035100814406053504 -0.085923109999856639 0.034417832859930074 -0.028524438530104779
leaf_weight=6097.6811379790306 3053.2982935905457 22442.347657084465 15915.097294270992 13175.652666926384 788.98119777441025 18850.264019966125 16019.229440331459 774.66433930397034 14881.499443531036 933.9622797369957 4907.2889811396599 7815.186410009861 7741.6120823025703 415.97015428543091 17106.497668087482 2573.9173208475113 5748.4506638050079 2503.7552142739296 1576.1538940668106 24321.398658156395 21726.681782782078 135.58517456054688 19715.367334604263 1434.1150819063187 244.83556938171387 184.88452136516571 279.22793126106262 2657.1580947637558 15469.818715572357 138.02824985980988 109.26644641160965 583.46526294946671 173.34733802080154 17201.063165783882 6720.119011759758 1604.9736211895943 12118.9738484025 65.753669321537018 3300.8208111524582 1154.2815764546394 1424.8707274794579 44.326793491840363 4425.7524275779724 176.53816503286362 74.273094356060028 66.617859244346619 480.01049160957336 30480.528002679348 412.70504873991013 1578.025760948658 64.991028785705566 6800.9031580090523 8458.2772445678711 83.820978760719299 14999.808875977993 6371.6571279168129 2732.947435259819 2031.0047019720078 79.263779938220978 30.878434896469116 24.232753157615662 283.02246743440628
leaf_count=9503 2949 7985 8655 2118 1041 4875 9692 222 972 450 4297 12172 11490 539 7993 1091 4434 3699 2294 7169 8166 59 4249 2112 225 277 149 2117 10373 76 130 757 131 7698 3066 1787 6290 19 913 1114 812 13 1791 111 87 87 664 47519 369 2219 97 2277 5967 77 6195 3466 3081 1035 32 44 9 206
internal_value=-8.99968e-05 0.0217079 0.00401425 0.0469271 -0.0879754 0.0389709 -0.0121802 0.0134368 0.0739864 -0.019694 -0.0492573 -0.0949681 -0.0891984 -0.084092 0.00728194 -0.00167391 -0.0263871 -0.0758694 -0.0688995 0.032867 0.0198015 -0.0339119 0.0479698 -0.0743781 -0.0674499 -0.0757129 -0.037516 -0.0377724 -0.0122155 -0.0462058 -0.00903412 -0.0467692 -0.0604595 0.0166441 0.00382543 -0.059037 0.00720648 -0.0133068 0.0293658 -0.0497302 -0.0135423 -0.0600854 0.0129057 -0.0381346 -0.019636 -0.0861622 -0.0690453 -0.0985923 -0.093378 -0.0737453 -0.0348825 0.0341697 -0.021808 -0.0931633 0.016057 -0.00453384 -0.0667773 0.012229 -0.0277893 0.000658884 -0.0496606 -0.000106765
internal_weight=373785 299502 176013 123488 74283.6 95431.1 64741.6 111272 28057.2 37745.8 11365 62918.5 24284.6 16469.4 56569.5 26995.8 19917.2 8643.99 6140.24 56865.5 54702.2 832.416 38565.6 5307.82 3731.67 2664.26 573.379 5710.46 17828.7 696.831 388.494 1067.4 756.813 32975.5 35037.2 6457.72 18839.1 310.589 32544.1 2935.79 16894.7 558.803 21532.3 1330.82 142.833 2090.89 656.771 38633.9 8153.4 2055.72 477.696 10101.7 14206.7 7825.43 32200.9 22390.9 3521.93 4604.92 176.76 110.142 98.5058 16198.1
internal_count=229506 123226 92668 30558 106280 27468 42386 50282 3090 27102 11431 94849 35142 22970 28001 15284 15467 11403 7704 18344 22281 783 9124 6921 4627 3495 556 5066 11635 724 279 1132 888 14115 18217 7134 9356 244 11175 3012 11185 648 9784 1225 109 2939 827 59707 12188 2685 466 3190 10401 11567 13893 13158 4122 2126 163 76 96 8861
is_linear=0
shrinkage=0.05


Tree=8
num_leaves=63
num_cat=0
split_feature=17 13 13 13 14 11 13 13 13 13 24 50 36 28 36 11 60 24 48 2 0 60 11 11 24 0 34 42 25 11 11 27 28 44 13 12 0 2 0 14 14 24 24 48 0 2 28 59 0 14 11 24 59 21 28 20 0 57 46 2 28 42
split_gain=268083 49249.1 10239.8 9904.21 8416.44 2374.19 1931.16 1130.55 1059.76 947.032 938.391 845.728 574.657 486.495 467.637 462.345 451.059 468.848 543.585 495.526 647.336 384.363 355.896 350.779 316.439 267.187 256.12 308.891 227.49 224.898 204.257 196.039 186.277 174.36 172.196 161.709 157.083 155.133 148.809 148.088 133.7 132.873 131.966 119.666 116.588 110.042 280.93 192.152 109.783 108.842 107.626 106.33 104.563 102.96 100.076 96.3973 96.2637 96.1403 133.066 94.8833 90.9572 201.102
threshold=1.5000000000000002 7.3750000000000009 3.6250000000000004 20.625000000000004 1.0000000180025095e-35 2.5000000000000004 11.875000000000002 5.3750000000000009 39.125000000000007 1.8750000000000002 0.0019294107114778503 1.980201388888889 2.5000000000000004 1.1299344590128177 1.5000000000000002 4.5000000000000009 6.9500000000000002 0.023756192985842504 27.700000000000006 -0.70581670320594825 36.500000000000007 8.1500000000000021 5.5000000000000009 10.500000000000002 0.013704720297674802 3.5000000000000004 1.0000000180025095e-35 4.1000000000000005 1.205289373814042 16.500000000000004 7.5000000000000009 2.7106192749049893 0.30021793861631557 14.15 2.6250000000000004 1.5000000000000002 3.5000000000000004 -0.70581670320594825 26.500000000000004 3.5227272727272729 8.9583333333333339 0.023113350512029604 0.028896411694386503 20.600000000000005 26.500000000000004 -0.95297903005573337 0.42036814284020613 9.3357142857142872 37.500000000000007 4.3484848484848486 2.5000000000000004 0.018301725364524204 -3.6357142857142852 1.0000000180025095e-35 2.4533183558325962 0.083333333333333273 3.5000000000000004 1.065914060847994 1.3500000000000003 0.8542199457734333 1.6446721307804613 27.250000000000004
decision_type=2 2 2 2 10 2 2 2 2 2 2 2 2 2 2 2 2 2 2 2 2 2 2 2 2 2 2 2 2 2 2 2 2 2 2 2 2 2 2 8 8 2 2 2 2 2 2 2 2 10 2 2 2 2 2 2 2 2 2 2 2 2
left_child=4 2 5 6 10 9 23 22 -5 14 -1 51 -6 26 42 39 53 19 21 20 28 43 38 40 -14 -11 -13 32 -18 -8 36 -23 -28 48 -27 41 -9 -33 49 -7 -3 -16 -2 -19 -42 46 -29 -48 -26 -4 -40 -12 -47 -15 -35 -17 -37 58 -56 -36 61 -39
right_child=1 3 7 8 12 15 29 30 -10 25 11 13 24 16 35 55 17 18 -20 -21 -22 31 -24 -25 33 34 27 45 -30 -31 -32 37 -34 54 59 56 -38 60 50 -41 44 -43 -44 -45 -46 52 47 -49 -50 -51 -52 -53 -54 -55 57 -57 -58 -59 -60 -61 -62 -63
leaf_value=-0.099810907317080103 -0.024176742283611254 0.027156886686463474 0.0081124234239376026 0.061910856022451645 -0.036998213724532658 -0.0048453387952423861 0.044376706827155527 0.041371207280669779 0.082593837865268208 0.013429597055684028 -0.059711888147914984 -0.099523814416323075 -0.076109117337806911 -0.091386412203237191 -0.054217384417473084 0.016912487012638946 0.018113244611017678 -0.0019067347759268703 -0.095169615096020191 -0.091331369869795898 -0.083003346776895789 -0.0417659336471966 0.016853336290356423 0.03814166341221898 -0.048131358739538443 -0.015095554534250264 -0.068145147441716458 -0.089155640789722684 -0.057350495185859274 0.052605104776986114 0.026393550724232093 -0.079237662095256317 0.02390245088639906 -0.062485331201616694 -0.0080333095780385708 0.013305053250849824 0.018301328030993973 -0.081834832521650955 -0.0026848626518774623 0.0031319152620407583 0.039697612895948413 -0.033676101663396768 -0.014294190131428811 -0.088393192268434798 0.030393693258044804 -0.021235183959264388 0.030039751073596195 -0.057490002585097191 -0.072068032544351332 0.016631646192990786 0.0067459633990695871 0.0038232778256768653 -0.094364329026055641 -0.03398688292224844 -0.08196232476006593 0.0058193759767917802 -0.029980650622641155 -0.012398571866507389 -0.027696572159477757 0.0068203022087032416 0.030137338146265465 0.039704439491001262
leaf_weight=35602.520721435547 8942.8715497255325 21394.580979287624 9013.0187256932259 10926.721326351166 6070.6665734648705 23313.026081264019 22810.594701886177 755.59874135255814 14370.863999843597 1148.6394435763359 85.263641178607941 8911.5876633524895 1878.224837243557 5317.7046583890915 1741.134327173233 3464.4849116802216 312.93965882062912 46.962385952472687 430.99328017234802 2672.6286706328392 670.11948591470718 329.12736809253693 14872.546795725822 18702.440742254257 996.24092930555344 12231.054451584816 121.09769082069397 931.20789808034897 145.44891238212585 13156.069534063339 12406.698043823242 45.808541595935822 99.137314677238464 285.03971266746521 6862.0686842799187 136.00381594896317 31567.003710031509 64.138573467731476 3522.5764951109886 7750.622071325779 4845.3494683504105 1454.90116751194 5443.7199962735176 275.08625686168671 11210.881722688675 50.587585687637329 83.478335380554199 243.96726340055466 948.1578443646431 6428.2975398898125 21375.160948574543 277.35933768749237 2863.246200978756 81.136444926261902 156.93499904870987 4511.6383256912231 2121.7078896760941 476.41723966598511 405.45762073993683 1273.698775947094 334.82821875810623 70.322368383407593
leaf_count=58237 6765 7465 4398 1735 5475 13715 5648 211 972 537 95 14526 2458 8138 1805 1488 160 35 667 4058 968 339 6259 5329 1056 8325 150 1403 173 2714 4441 62 50 329 4206 72 12966 85 1953 4128 1352 1280 3764 405 3679 46 34 306 1192 2749 10593 169 4494 74 201 2239 1781 364 356 657 152 23
internal_value=-0.000100212 0.0207513 0.00434283 0.045952 -0.0871964 -0.00894109 0.0383413 0.0150289 0.0736633 -0.0172892 -0.0946212 -0.0870647 -0.047432 -0.0882051 -0.0251685 -9.73655e-05 -0.0802881 -0.0700285 -0.0472375 -0.0795891 -0.0517195 -0.0294537 0.0102418 0.0325459 -0.059729 -0.0100223 -0.0946233 -0.0846599 -0.0058936 0.0473881 0.0209373 -0.0116832 -0.0267672 -0.0502936 -0.0113458 -0.0376379 0.018842 0.00757256 0.00780373 -0.00285475 0.0297504 -0.0448816 -0.0204389 -0.0758418 0.033204 -0.0877073 -0.0751453 -0.0351366 -0.0598373 0.0116602 0.00541142 -0.0112251 -0.0931042 -0.0905312 -0.0362379 0.0106399 -0.0273662 -0.0289779 -0.0429668 -0.00570673 0.0162074 -0.0184097
internal_weight=369038 297754 180336 117418 71283.8 80395.6 92119.9 99940.9 25297.6 41355.8 60066.7 24464.2 11217.1 24101.6 19840.3 39039.8 10797.2 5398.4 1597.27 3801.14 1128.51 1166.27 55211.6 56153.3 5146.47 21515.5 13304.3 4392.72 458.389 35966.7 44729.3 844.225 220.235 3268.25 20366.8 5453.75 32322.6 515.098 40339.1 31063.6 37450.8 3196.04 14386.6 322.049 16056.2 4172.49 1258.65 327.446 1944.4 15441.3 24897.7 362.623 2913.83 5398.84 1323.85 7976.12 2257.71 1038.81 562.393 8135.77 469.289 134.461
internal_count=229506 123226 94332 28894 106280 50762 26187 43570 2707 29192 94849 36612 11431 36348 15467 21570 15339 7127 1768 5359 1301 1101 25952 17825 5956 13725 21009 6483 333 8362 17618 661 200 3498 13188 4938 13177 322 19693 17843 12496 3085 10529 440 5031 6283 1743 340 2248 7147 12546 264 4540 8212 1250 3727 1853 921 557 4863 260 108
is_linear=0
shrinkage=0.05


Tree=9
num_leaves=63
num_cat=0
split_feature=17 13 13 13 14 13 13 13 24 19 18 41 22 36 36 13 24 59 0 60 48 48 22 25 24 14 18 24 14 22 13 14 0 24 0 37 39 0 27 24 0 3 32 18 43 43 18 22 0 49 24 22 14 22 45 18 22 22 41 36 50 37
split_gain=250893 45308.1 9771.2 9265.6 8772.33 2100.25 1819.49 1162.07 1007.02 937.802 908.773 686.753 677.687 595.716 556.63 512.18 436.535 439.089 638.123 433.458 521.276 394.638 320.584 319.197 313.981 313.302 308.763 306.459 244.376 234.749 216.956 211.794 207.149 173.473 169.324 168.834 168.466 160.63 153.743 150.1 143.003 149.771 139.783 137.634 133.651 131.452 118.378 116.216 115.926 112.087 136.818 145.42 110.308 106.835 187.341 106.648 105.674 100.549 94.3128 92.2255 89.3302 88.1555
threshold=1.5000000000000002 7.6250000000000009 3.6250000000000004 24.375000000000004 1.0000000180025095e-35 12.625000000000002 2.1250000000000004 5.3750000000000009 0.0010102827829464502 24.500000000000004 0.89999999999999969 5.2000000000000011 1.1080571117335825 1.5000000000000002 2.5000000000000004 39.125000000000007 0.015031831250366652 16.935714285714287 32.500000000000007 9.2500000000000018 27.700000000000006 29.550000000000004 3.4477124183006542 1.205289373814042 0.010319520866151852 9.1742424242424256 0.99999999999999944 0.095325146339043765 3.3484848484848491 3.0963154492566263 16.375000000000004 4.6833333333333345 5.5000000000000009 0.028896411694386503 24.500000000000004 0.46428571428571436 1.5143755588800742 27.500000000000004 2.7106192749049893 0.024278318395965403 5.5000000000000009 1.0000000180025095e-35 1.0000000180025095e-35 1.7499999999999913 -5.4999999999999991 -6.6499999999999995 -0.2000000000000012 2.6022875816993465 27.500000000000004 49.150000000000006 0.026450252579685401 4.3865884072927432 7.0871212121212128 1.6157993966817499 21.750000000000004 0.29999999999999971 3.3926921343249945 1.5076208621100264 3.7500000000000004 1.5000000000000002 34.02375833333334 0.35416666666666669
decision_type=2 2 2 2 10 2 2 2 2 8 2 2 2 2 2 2 2 2 2 2 2 2 2 2 2 8 2 2 10 2 2 8 2 2 2 2 2 2 2 2 2 2 2 2 2 2 2 2 2 2 2 2 8 2 2 2 2 2 2 2 2 2
left_child=4 2 6 5 8 25 10 31 -1 11 13 27 -11 33 -6 -5 17 -14 -19 22 29 -13 -18 -20 -16 -3 28 45 46 38 -7 43 -9 -2 -27 -15 -12 -30 57 -40 61 -42 52 -4 58 -10 59 -35 -33 50 51 -47 -34 54 -41 -37 -29 -21 -43 -8 -24 -26
right_child=1 3 7 15 14 30 26 32 9 12 36 21 16 35 24 -17 19 18 23 20 -22 -23 60 -25 40 34 -28 56 37 -31 -32 48 42 47 -36 55 -38 -39 39 53 41 44 -44 -45 -46 49 -48 -49 -50 -51 -52 -53 -54 -55 -56 -57 -58 -59 -60 -61 -62 -63
leaf_value=-0.099939167022324985 -0.020653213031181294 0.02839676476639413 0.0063364544194734881 0.063595377871600134 -0.035391025335276695 0.044214993340258926 -0.0089305505342316283 0.033170384465651494 -0.098049902523804772 -0.099110876157057409 -0.0055777476435076839 -0.084211269567669084 -0.093979510143955447 -0.050929341286892818 -0.079570621313652376 0.081236079832158581 -0.087109127891807595 -0.097181244492379984 0.015716516061873447 -0.089646891704963538 -0.09009131237229949 0.035902053836805108 -0.065511851803529891 -0.072122291343604136 -0.060520794122835155 0.041331970401206647 0.0083725218688245947 -0.0045262133177065489 0.0087067116787586003 -0.084921901142621908 0.052126995393738641 0.018225161557003194 0.016060596988522191 -0.015987304826795539 0.033282123027847471 -0.031866158262995714 0.013289977373617071 -0.002458904651115223 -0.069419430709409216 -0.08050599431473307 -0.041007833979838759 -0.051796598402360366 0.024429393065390086 0.020802749974963154 -0.072731612451899019 -0.073782631761595413 -0.0041345910365390157 -0.0043607342478471142 0.010785171533739374 -0.058005362552201213 -0.0011980049203253111 0.035803300702834398 0.022128688059812728 0.037725836295859773 0.038047817657205149 0.0049537047093628763 0.068577314053539576 -0.023538419922734546 0.0071892387592396682 -0.022681259254809218 -0.013251421995466424 -0.016448201455859648
leaf_weight=33155.297122478485 13280.541953265667 26707.43986427784 30452.21761995554 5887.3508187532425 6030.1455836296082 18635.605528116226 7487.7972417473793 2950.9452211856842 93.449380099773407 10636.135787248611 2678.4644941687584 1726.0026448369026 5822.7156708240509 1251.6652490496635 1259.7526119947433 13892.77282166481 2157.6303993463516 479.12132000923157 299.42551422119141 72.277434110641479 428.8099377155304 70.618610620498657 137.88270622491837 156.74311417341232 153.15678805112839 9591.6175010204315 6083.1250214576721 119.21382719278336 5145.5449155569077 131.04608762264252 16346.98749601841 8084.2865040898323 24074.225845754147 5880.2017660737038 20728.055433988571 4721.4844560027122 2117.2549629807472 8607.7763944268227 54.899794101715088 62.008471667766571 1218.860234439373 594.48608589172363 10956.807655870914 1737.6760425567627 1306.5188726782799 163.13897609710693 17989.776551663876 3390.8762027025223 14900.395722031593 341.91314417123795 326.67575454711914 36.411380171775818 10898.827905416489 246.45880615711212 69.773019313812256 204.70590174198151 83.178301990032196 275.46736991405487 76.047571063041687 1457.3379383683205 201.2133526802063 436.75995302200317
leaf_count=57063 9752 8928 15038 856 5475 4515 4673 937 150 18162 1583 2632 9461 1299 1754 972 3348 790 158 106 678 23 186 213 178 2528 2942 91 2550 188 3267 3325 10025 4117 6301 4098 980 4920 73 85 1261 669 4049 684 1703 215 10559 2109 6905 419 232 18 4134 93 23 121 13 250 50 1059 179 341
internal_value=-0.000109883 0.019828 0.00459846 0.0449428 -0.0864021 0.0382676 -0.00850545 0.0147104 -0.0942702 -0.086497 -0.0173953 -0.0600886 -0.0901762 -0.0207585 -0.0456574 0.0759892 -0.0811983 -0.0888635 -0.0569417 -0.0676785 -0.0446824 -0.0794699 -0.0800026 -0.0145464 -0.0579166 0.0323495 -0.00213298 -0.0301264 -0.00370391 -0.0232493 0.0479137 0.00973654 0.0203243 -0.0169884 0.0358301 -0.0345154 0.00275213 0.00171847 -0.0127978 0.00707204 -0.0506907 -0.0548708 0.0194981 0.00711815 -0.0633897 -0.0418925 -0.00647279 -0.0117364 0.0134029 -0.0357359 -0.0211744 -0.053683 0.0179523 0.0183414 -0.017885 -0.0303344 0.0256825 -0.0375108 -0.0450986 -0.0111737 -0.0346463 -0.027982
internal_weight=364565 296142 184352 111790 68423.2 92009.7 80296.6 104055 57347.5 24192.2 33525.2 2960.6 21231.6 28729.5 11075.7 19780.1 10595.5 6758.01 935.29 3837.47 1340.74 1796.62 2496.73 456.169 5045.58 57027.1 46771.4 1163.98 40688.2 911.931 34982.6 55174.6 48880.8 22551.6 30319.7 6177.86 4795.72 13753.3 780.885 433.14 3785.83 3195.91 45929.9 32189.9 1977.05 961.589 26934.9 9271.08 22984.7 868.139 526.226 199.55 34973.1 378.24 131.781 4926.19 202.392 347.745 670.534 8945.14 339.096 589.917
internal_count=229506 123226 95859 27367 106280 25539 50762 45097 94849 37786 24059 3793 33993 21496 11431 1828 15831 10622 1161 5209 1496 2655 3713 371 5956 17757 26703 1138 23761 818 7782 25952 19145 15978 8829 5518 2563 7470 630 274 4202 3683 18208 15722 2422 1034 16291 6226 10230 884 465 233 14159 201 108 4219 104 356 719 5732 365 519
is_linear=0
shrinkage=0.05


Tree=10
num_leaves=63
num_cat=0
split_feature=17 13 14 13 13 13 17 24 13 50 36 36 36 13 22 24 60 48 59 44 24 14 22 17 18 0 25 14 60 22 40 23 13 44 14 24 0 44 46 49 0 22 18 0 50 25 22 0 50 22 49 59 32 0 39 24 41 0 40 49 40 0
split_gain=234769 41642.2 9120.23 9037.55 8830.97 1973.02 1656.05 1074.5 1060.41 838.181 606.018 571.134 536.854 530.954 492.165 503.772 531.936 556.616 415.208 642.354 312.495 290.436 284.62 261.326 248.9 243.198 236.977 236.842 222.36 295.115 220.783 215.471 210.353 198.862 195.146 176.298 168.947 163.033 158.735 473.554 158.202 134.352 127.906 127.745 123.37 121.967 117.821 175.631 114.57 264.287 155.346 117.891 113.804 107.078 106.077 104.864 104.081 100.129 99.0798 96.8304 95.3835 100.08
threshold=1.5000000000000002 7.6250000000000009 1.0000000180025095e-35 24.375000000000004 3.6250000000000004 12.625000000000002 3.5000000000000004 0.0010102827829464502 5.6250000000000009 1.980201388888889 1.5000000000000002 1.5000000000000002 2.5000000000000004 50.125000000000007 1.1080571117335825 0.015031831250366652 8.1500000000000021 27.700000000000006 16.935714285714287 13.65 0.013704720297674802 9.1742424242424256 3.4477124183006542 2.5000000000000004 1.4000000000000004 36.500000000000007 1.205289373814042 4.6833333333333345 8.2500000000000018 3.0963154492566263 -0.28867513459481248 3.6154505583779444 17.625000000000004 19.450000000000003 3.5916666666666672 0.026242403891485206 5.5000000000000009 14.15 0.15000000000000005 45.900000000000013 24.500000000000004 4.2556048154555954 1.7499999999999913 5.5000000000000009 34.02375833333334 2.5207430073478672 2.0259803921568635 23.500000000000004 39.609341666666673 0.38102532679738566 61.400000000000013 -3.6357142857142852 1.0000000180025095e-35 37.500000000000007 1.2000000000000004 0.014631176375777351 7.6785714285714297 34.500000000000007 0.83333333333333415 53.800000000000004 0.49999999999999856 26.500000000000004
decision_type=2 2 10 2 2 2 2 2 2 2 2 2 2 2 2 2 2 2 2 2 2 8 2 2 2 2 2 8 2 2 2 2 2 2 10 2 2 2 2 2 2 2 2 2 2 2 2 2 2 2 2 2 2 2 2 2 2 2 2 2 2 2
left_child=2 4 7 5 6 21 10 -1 27 55 23 24 -4 -5 25 18 22 28 -16 -20 -14 -3 -17 -2 34 -11 -21 42 -18 31 54 33 -7 -30 60 41 -10 53 39 -27 -23 -13 -6 -29 -24 -33 -47 -48 51 56 -51 -40 58 -22 -12 -9 -50 -36 -38 -39 61 -8
right_child=1 3 12 13 8 32 11 9 36 14 30 35 20 -15 15 16 17 -19 19 26 37 40 44 -25 -26 38 -28 43 29 -31 -32 45 -34 -35 57 -37 52 59 48 -41 -42 -43 -44 -45 -46 46 47 -49 49 50 -52 -53 -54 -55 -56 -57 -58 -59 -60 -61 -62 -63
leaf_value=-0.099932945963704445 -0.018798286405367036 0.027086277248239629 -0.033833824971304889 0.064039261050381671 0.0062383509841630195 0.043205744889165995 -0.0015464483920070975 -0.059762028391321199 0.032599831239907638 -0.099383024177145299 -0.029211896895627722 -0.03971084043185738 -0.072913428709718522 0.081083329969985185 -0.092182921672499862 -0.086027764003740223 0.067476763937227902 -0.089329922408541595 -0.095947681308820545 0.012068168607769679 -0.044500527814485907 0.039604123447531052 -0.069385565188413226 -0.0096738396761207514 0.012091359295695141 -0.09964420858050077 -0.068650720796243778 0.023768043745432236 -0.064114221723351975 -0.086196214955952935 0.00087102256239119161 -0.04368433039695753 0.051421968252222484 0.026559322769172999 0.0095305302422625249 -0.0096369239877400256 0.016328688231153413 -0.052488879564059565 -0.017500162893122697 -0.0027240284723890873 0.031794328856399372 -0.011858680197354726 0.019540104269505004 0.012133320575247743 -0.011134055647673342 0.064931789063986153 0.021302027862443132 -0.091304761672143769 -0.028384731172243157 -0.076149599603215157 -0.0093956602017968363 -0.095358804799785701 0.024037261845048286 -0.068562166779632755 -0.045046115576746176 0.0032602068059720021 -0.093697365529659779 -0.00032857989328767724 0.023436264149635587 -0.023386813873240056 0.00046298814983573768 -0.01015742578545222
leaf_weight=31540.207618296146 12898.022356271744 26602.442365050316 5993.3160817027092 7581.2612770795822 31906.764413774014 22617.499180078506 6509.0992475152016 84.635519087314606 2535.0943198800087 7578.2781273126602 2686.6253828406334 1222.4576320648193 1776.5951568484306 11635.631728887558 5896.3843601346016 2089.3289540410042 65.751314282417297 416.07697975635529 473.962786257267 306.78429168462753 973.08458054065704 9511.7220593690872 168.36446982622147 20059.166746675968 4245.8891308903694 294.11672919988632 128.05988186597824 2605.8142464160919 266.45347106456757 171.41266459226608 460.35533666610718 87.543905556201935 11970.882958173752 77.43192446231842 5552.7733649015427 2515.2964716553688 24121.332668185234 427.75018179416656 50.191171646118164 220.26324284076691 20616.111582398415 672.81681966781616 1915.4934639334679 25095.211441159248 197.69968384504318 109.06149411201477 210.26943850517273 40.412270665168762 66.79986584186554 154.14419430494308 200.06964588165283 2670.7198697924614 9571.9293608665466 902.65435004234314 1760.6757995486259 287.00470232963562 903.51204097270966 4800.0368645787239 6168.5567806959152 871.6960232257843 9814.5281543731689 7009.7640790343285
leaf_count=57063 9497 8928 5475 1041 15694 5429 3743 102 796 13636 2312 1081 2458 787 9942 3367 10 685 816 170 1056 2528 239 12888 1923 520 175 974 350 259 276 96 2353 32 2704 1660 9874 488 46 164 6301 459 757 11243 174 21 105 55 70 236 173 4633 3501 1192 1800 179 1531 2661 2258 762 5317 4441
internal_value=-0.000118912 0.0189375 -0.0855856 0.0431969 0.00437393 0.0366375 -0.00808997 -0.0939148 0.0139938 -0.0857342 -0.0156873 -0.00129571 -0.0439119 0.0743632 -0.0869461 -0.0791007 -0.0647267 -0.0405982 -0.0873264 -0.0557451 -0.0560995 0.0308974 -0.0788962 -0.0132454 0.000684473 -0.0938577 -0.0117947 0.00980059 -0.0208083 -0.0269078 -0.0320791 -0.0139637 0.0460509 -0.0436651 -0.000753446 -0.0183233 0.0200782 -0.0466701 -0.0846538 -0.0582374 0.0342614 -0.0298375 0.00699239 0.0132288 -0.0380554 0.00890688 0.0218045 0.00283823 -0.0879962 -0.0757384 -0.0385918 -0.0939314 0.019281 -0.0561126 -0.0354905 -0.0112006 -0.08924 0.00495932 0.017777 -0.0330034 -0.00328847 -0.00601218
internal_weight=360363 294663 65700 110536 184128 91318.7 80207.5 54754.9 103920 23214.7 37864.8 42342.7 10945.1 19216.9 22843.1 10705 3899.81 1444.41 6805.19 908.807 4951.78 56730.3 2455.39 32957.2 37932.1 12138.1 434.844 61523.3 1028.34 962.585 4907.66 791.173 34588.4 343.885 33686.2 4410.57 42396.9 3175.19 4559.82 514.38 30127.8 1895.27 33822.3 27701 366.064 447.287 359.743 250.682 4045.44 1324.53 354.214 2720.91 39861.8 1875.74 4447.3 371.64 970.312 10352.8 30289.9 1299.45 23333.4 13518.9
internal_count=229506 123226 106280 27367 95859 25539 50762 94849 45097 37786 26773 23989 11431 1828 37505 16496 5393 1613 11103 1161 5956 17757 3780 22385 20789 21009 345 28668 928 918 4388 659 7782 382 18866 3200 16429 3498 7373 684 8829 1540 16451 12217 413 277 181 160 6689 2010 409 4679 15633 2248 4112 281 1601 5365 12132 1250 13501 8184
is_linear=0
shrinkage=0.05


Tree=11
num_leaves=63
num_cat=0
split_feature=13 13 13 13 14 13 11 13 13 24 14 11 0 44 11 11 11 24 11 11 0 25 42 0 43 44 36 44 0 20 15 14 7 0 14 46 44 45 41 60 45 24 41 24 14 27 57 44 41 24 14 57 44 44 36 14 38 44 44 27 44 24
split_gain=219744 40874.6 10310.1 8069.3 4234.96 2206.53 1582.17 1489.35 1139 1108.21 644.444 531.461 502.256 402.284 397.882 364.036 302.477 337.976 292.741 284.274 272.965 811.811 280.522 231.845 197.675 196.877 175.193 172.128 148.659 143.489 140.149 133.619 130.249 121.682 121.33 118.485 197.246 138.148 245.756 157.862 228.361 195.225 189.8 113.915 113.294 112.175 107.425 105.612 192.051 156.136 104.035 102.562 101.948 98.8502 97.4923 96.508 95.6121 94.3221 137.425 93.9768 91.7204 91.7146
threshold=0.37500000000000006 6.6250000000000009 20.625000000000004 2.6250000000000004 1.0000000180025095e-35 11.125000000000002 1.5000000000000002 4.3750000000000009 39.125000000000007 0.0010102827829464502 1.6833333333333336 3.5000000000000004 32.500000000000007 4.5000000000000009 9.5000000000000018 4.5000000000000009 1.0000000180025095e-35 0.010319520866151852 6.5000000000000009 16.500000000000004 34.500000000000007 1.205289373814042 4.1000000000000005 34.500000000000007 -6.6499999999999995 14.950000000000001 2.5000000000000004 13.450000000000001 3.5000000000000004 0.020835769980506805 0.499999999999997 7.5916666666666677 1.5000000000000002 26.500000000000004 2.5227272727272729 6.3000000000000016 7.8500000000000005 7.2500000000000009 9.9785714285714295 4.0500000000000016 13.350000000000003 0.15408030408030407 4.4000000000000012 0.021787398919625302 13.591666666666669 5.4208741416188237 1.7228725164566727 9.1500000000000004 0.90714285714285736 0.047574555431899361 72.125000000000014 2.46009452808164 15.65 17.100000000000005 2.5000000000000004 5.6833333333333345 1.0000000180025095e-35 13.65 13.950000000000003 3.7076997420423803 17.100000000000005 0.024127035830451855
decision_type=2 2 2 2 10 2 2 2 2 2 10 2 2 2 2 2 2 2 2 2 2 2 2 2 2 2 2 2 2 2 2 8 2 2 8 2 2 2 2 2 2 2 2 2 10 2 2 2 2 2 8 2 2 2 2 8 2 2 2 2 2 2
left_child=4 3 5 6 9 14 10 15 -4 -1 26 34 47 -14 31 25 17 -6 28 44 21 -15 24 52 45 43 60 -19 -9 -13 35 -3 -27 -33 56 57 46 38 -38 40 -39 -41 -43 -5 -7 -22 -37 48 49 -11 -10 -29 -12 55 -25 -30 -8 -24 -59 -51 -2 -48
right_child=1 2 8 7 16 19 11 18 50 12 23 29 13 20 -16 -17 -18 27 -20 -21 22 -23 30 54 -26 32 -28 51 53 -31 -32 33 -34 -35 -36 36 37 39 -40 41 -42 42 -44 -45 -46 -47 61 -49 -50 59 -52 -53 -54 -55 -56 -57 -58 58 -60 -61 -62 -63
leaf_value=-0.09992608069515066 -0.032596851654882075 0.019832235759513182 0.056111173671775462 -0.0068318565896717661 -0.076266254078011242 0.035462851458630762 -0.00024676273074999814 0.030344459349655357 0.074019429750440777 -0.081180488579480667 -0.013500890647580652 0.012881584648963074 -0.0055958554574333345 0.0087171520296115326 0.031215462091531809 0.0095548288614086818 -0.020978984850044013 -0.056132595853359182 0.01949861473218897 0.046943747317625364 -0.073739349126702658 -0.090153885489010335 -0.09610748743200484 -0.021746012911080262 -0.0077164326769752663 0.0041187534237639885 -0.048677220851673905 -0.041162307034050327 0.0086296982736871371 -0.0024154042061008654 -0.021516676575583343 0.030804986093987574 0.019690678092244229 0.022972078425117743 -0.0057263488714946317 -0.078546630169031906 0.034761075014627406 -0.024507109537072136 -0.079917418945001789 -0.091815002501304865 -0.080548543106250023 0.040206352586519722 -0.089063629224091681 0.00017363725082858677 0.04198159335362614 -0.0035455007816505863 -0.058818269973479886 -0.09356557138975892 -0.09865116969933109 -0.059160305554653438 0.08308190498970415 -0.012426666676155142 0.0017589709825464126 0.018934870417915077 -0.044815836620079506 0.01392680228434609 -0.014393306750393931 0 -0.082336777410541281 -0.0056535904274113181 -0.016122710863422089 0.025809068636545536
leaf_weight=30003.984061300755 9070.3671675920486 18394.353911697865 10362.714445114136 7399.9997834563255 1227.3413990139961 17312.047939181328 1286.8256888985634 1046.9554450511932 6826.4894621372223 453.63454163074493 3637.50125426054 3058.4531322717667 195.4774341583252 341.96565443277359 23057.662405610085 14418.023704171181 840.11127948760986 1996.5657731890678 17018.52036434412 12970.421826720238 536.18317121267319 526.46046835184097 2619.3590126037598 3982.5797043442726 190.10307085514069 7190.6588222980499 1647.6843595504761 1388.2256564497948 24467.016437232494 3071.1917290091515 90.846954345703125 7470.8435448408127 1650.922847867012 14868.828696548939 7253.2517208456993 76.004441976547241 70.283366322517395 254.26171600818634 135.36222869157791 2671.9675018787384 649.47407001256943 56.3403360247612 55.328539371490479 26867.726462185383 10950.58056807518 63.946328282356262 49.015657842159271 10952.266752541065 675.2464611530304 188.40803182125092 6205.5180532932281 402.02691781520844 1564.3143347501755 3821.8834153413773 518.45466649532318 13274.786999046803 16766.775737583637 53.210877180099487 1059.1323992013931 145.59595346450806 936.3799147605896 87.930418372154236
leaf_count=57063 8063 6956 1735 4401 1793 4746 753 343 612 738 2598 1397 142 206 7026 6704 702 2471 6593 2786 816 923 4740 3052 147 3759 1786 1477 11416 1707 86 2322 696 5276 4504 114 23 283 221 4704 1064 25 96 14730 2625 55 58 19765 1253 261 360 319 939 1549 523 5701 11606 44 1776 118 721 38
internal_value=-0.000127206 0.0171906 0.0384799 0.00110354 -0.089128 0.0317928 -0.0151263 0.00841722 0.0684974 -0.0936509 -0.0256276 -0.00799115 -0.0851646 -0.0766609 0.0259651 0.0026775 -0.048788 -0.0534413 0.0139544 0.0408078 -0.0781086 -0.0512498 -0.0807771 -0.0161051 -0.0522305 0.000377079 -0.033553 -0.046024 0.0117395 0.00521724 -0.0836148 0.0229923 0.00702885 0.025593 -0.0111907 -0.0843311 -0.0783815 -0.0809473 -0.0407211 -0.0831777 -0.0648316 -0.0891067 -0.0240206 -0.00133918 0.0379902 -0.0662866 -0.0312926 -0.091858 -0.0790152 -0.0620711 0.0783412 -0.0347226 -0.00891146 0.0112701 -0.0244138 0.0104933 -0.0133853 -0.0908534 -0.0784012 -0.0359376 -0.0310576 -0.00465126
internal_weight=356426 298370 128419 169950 58056.1 105025 52793.8 117156 23394.7 52201.8 21357.3 31436.5 22197.8 9782.65 63791.7 57527.3 5854.27 5014.16 59629.2 41233.1 9587.18 868.426 8718.75 9702.85 790.233 43109.3 11654.4 3786.82 42610.6 6129.64 7928.52 40734 8841.58 22339.7 25306.9 7837.67 4105.97 3893.02 205.646 3687.37 903.736 2783.64 111.669 34267.7 28262.6 600.129 212.951 12415.2 1462.88 787.639 13032 1790.25 5201.82 41563.7 4501.03 37741.8 18053.6 3731.7 1112.34 334.004 10006.7 136.946
internal_count=229506 127985 34444 93541 101521 31737 37649 55892 2707 94759 17682 19967 37696 15561 21580 30290 6762 6060 25602 10157 15419 1129 14290 7112 1018 23586 10570 4267 19009 3104 13272 14554 4455 7598 16863 13186 6626 6416 244 6172 1347 4825 121 19131 7371 871 210 22135 2370 1117 972 1796 3537 18666 3575 17117 12359 6560 1820 379 8784 96
is_linear=0
shrinkage=0.05


Tree=12
num_leaves=63
num_cat=0
split_feature=13 13 13 13 14 13 11 24 13 19 13 22 14 41 11 24 2 0 11 42 44 11 23 13 36 44 24 25 22 22 24 11 43 22 0 44 22 22 44 41 44 0 19 3 22 22 39 11 11 24 0 22 2 14 14 14 20 44 22 52 20 50
split_gain=206053 38537.1 10308.1 7595.11 2402.42 2394.06 1721.24 1182.7 1161.8 1045.12 994.056 760.603 678.629 622.546 480.042 443.417 462.225 698.861 428.977 345.517 416.652 328.729 303.069 297.255 287.51 285.409 284.094 240.078 236.925 285.24 229.401 222.896 208.854 260.888 206.238 177.765 163.033 162.729 199.381 171.433 155.738 145.393 144.281 143.414 142.801 136.505 134.931 134.874 134.455 123.691 119.703 111.483 114.868 110.676 109.948 109.8 105.016 102.577 97.3725 95.9791 90.7486 90.298
threshold=1.0000000180025095e-35 6.3750000000000009 21.375000000000004 2.6250000000000004 0.15476190476190474 11.125000000000002 1.5000000000000002 0.0010102827829464502 4.3750000000000009 24.500000000000004 39.125000000000007 1.1080571117335825 1.6833333333333336 5.2000000000000011 3.5000000000000004 0.012799894670272201 -0.70581670320594825 35.500000000000007 8.5000000000000018 5.1000000000000005 15.550000000000002 4.5000000000000009 8.0781816363128947 14.375000000000002 2.5000000000000004 12.250000000000002 0.0077482089513054514 1.205289373814042 1.5076208621100264 1.726914697502933 0.018301725364524204 6.5000000000000009 -4.6999999999999984 2.7845022624434392 34.500000000000007 14.950000000000001 3.5160189075630259 0.17993867587520837 11.65 9.4428571428571448 13.450000000000001 3.5000000000000004 32.500000000000007 -0.70581670320594803 1.3122373949579835 2.5678104575163401 1.5869840952317451 1.0000000180025095e-35 11.500000000000002 0.025002501736799954 3.5000000000000004 1.6546380090497739 0.51639395938746258 2.7638888888888893 72.125000000000014 2.5227272727272729 0.43469641516516516 17.100000000000005 0.14789731682146542 2.5000000000000004 0.2477418414918415 46.762395833333336
decision_type=2 2 2 2 10 2 2 2 2 8 2 2 10 2 2 2 2 2 2 2 2 2 2 2 2 2 2 2 2 2 2 2 2 2 2 2 2 2 2 2 2 2 8 2 2 2 2 2 2 2 2 2 2 8 8 8 2 2 2 2 2 2
left_child=4 3 5 6 7 18 12 -1 21 13 -4 -11 24 22 55 16 17 27 41 28 36 35 25 -7 -2 30 -6 -13 -17 51 -9 50 61 -34 -14 53 -21 -15 -39 -40 -28 -3 -42 49 -45 -44 -16 56 -20 -22 -10 52 -30 -5 -12 -8 -26 -43 -32 -36 -47 -31
right_child=1 2 10 8 26 23 14 9 31 11 54 15 34 37 46 19 -18 -19 48 20 43 -23 -24 -25 47 -27 40 -29 29 32 58 -33 33 -35 59 -37 -38 38 39 -41 42 57 45 44 -46 60 -48 -49 -50 -51 -52 -53 -54 -55 -56 -57 -58 -59 -60 -61 -62 -63
leaf_value=-0.099915493509522779 -0.029483932887583615 0.042765305084616706 0.05497592169983493 -0.006456188812234075 -0.084590072159438465 0.0352469199022796 -0.012728383383129311 -0.070664996526769691 0.028168206797977043 -0.098849236286611561 0.072300438473376125 0.015739679142358413 -0.0089925785150742343 -0.099784188662010748 0.00052113558844858136 -0.099222253920299305 -0.094633132738007372 -0.092191391672986747 0.026418754310702904 -0.087181428860696311 -0.071965954265498802 0.0090812697201682266 0.045096719175998924 0.043655000377003039 -0.062990622189081982 -0.071241101389739797 -0.055551912054707824 -0.062673459718804322 -0.09675797314422005 -0.081221265584069946 -0.067266062031649185 0.018195997459984695 -0.098384901052938345 0.018438421284533452 -0.020992915841363785 0.0066805583846877127 -0.050659128507434127 -0.075576005278672309 -0.092584969605078296 0.0029123440177192088 -0.093519731608749573 0.019095589352139255 -0.057987505166939401 0.036981234095855416 -0.066723324638034279 -0.015024485109787667 0.017367054861054464 -0.0092526327099347362 0.033611759408098761 0.022156630980722361 0.010427584777328271 0.051484529245592207 0.019300793492363362 0.00028513435835870278 0.081750749012757737 -0.0054409638932138241 -0.040768686890393611 0.028216422468023163 0.0077459219273192008 -0.045024381375220413 -0.06373350312556654 0.052892926088353803
leaf_weight=28557.742193579674 11033.420079231262 715.26569664478302 8929.7668340206146 7916.4245203733444 521.93113869428635 21443.317566990852 18036.666041076183 146.55547434091568 974.23411452770233 9222.0129430890083 6644.0857639312744 298.55307334661484 5379.3341341018677 485.53606885671616 4514.1745203733444 134.00550210475922 4545.861302793026 616.68932861089706 24430.744202494621 2166.751836180687 43.968390047550201 14411.60602504015 127.91611868143082 20723.96483707428 1123.7088741660118 369.66280078887939 1558.9615294337273 143.79991310834885 31.387146890163422 278.94893103837967 46.928632855415344 13951.615033268929 64.011496782302856 179.43810969591141 4125.2842080593109 8837.863820374012 362.37898999452591 906.76849555969238 64.002753555774689 169.09363734722137 90.644746899604797 31556.333900213242 305.01870322227478 37.292797207832336 261.16203057765961 945.13151895999908 1612.9076283574104 198.74206876754761 8888.1216158866882 154.95411115884781 39198.346272289753 125.40944415330887 61.525077879428864 26349.613609373569 5996.6037638187408 7252.0919252634048 1031.3276274204254 3424.1845346689224 443.33285391330719 462.68304741382599 105.68599039316177 12.43887549638748
leaf_count=57089 9761 179 1484 4753 843 5791 12359 205 325 18162 612 156 3698 922 2425 240 8519 1138 7991 3844 66 6704 40 4617 1427 573 2005 210 56 455 66 5453 103 103 3233 4455 497 1502 117 127 143 11839 376 22 399 823 679 152 2557 82 17708 40 41 14378 360 4504 1107 1130 282 443 131 5
internal_value=-0.000134458 0.0160389 0.0361308 1.05046e-05 -0.0904272 0.0299933 -0.0152398 -0.0932382 0.0074924 -0.0843646 0.0677626 -0.0885977 -0.02552 -0.0555959 -0.0075968 -0.0786556 -0.0876923 -0.0578334 0.0242574 -0.0656935 -0.0737432 0.00254423 -0.0271288 0.0393803 -0.0328748 -0.0363488 -0.0505188 -0.00982342 -0.0381748 -0.0271891 -0.0160065 0.0127504 -0.046826 -0.0125349 -0.0156389 0.000358326 -0.0819725 -0.0754316 -0.0649756 -0.0235711 -0.044574 0.020447 -0.0327089 -0.0318072 -0.0536682 -0.0285737 0.00495862 -0.0487481 0.0283387 0.00107154 0.0108586 0.020888 -0.0204652 -0.0012723 0.0767901 -0.0106391 -0.0523821 0.0199893 0.000433165 -0.0234268 -0.0199841 -0.0753177
internal_weight=352748 299162 132752 166410 53585.5 111182 54770.3 50058.1 111640 21500.4 21570.5 18740.6 23354.5 2759.8 31415.8 9518.58 5604.9 1059.04 69014.6 3913.67 3026.51 57515.5 1134.4 42167.3 13387.2 1006.48 3527.37 442.353 887.165 753.159 636.817 54124.2 534.837 243.45 9967.3 43103.9 2529.13 1625.4 1139.86 233.096 3005.44 35695.8 1446.48 497.377 298.455 1355.84 6127.08 2353.78 33318.9 198.923 40172.6 218.322 92.9122 34266 12640.7 25288.8 2155.04 34980.5 490.261 4587.97 1050.82 291.388
internal_count=229506 130124 36560 93564 99382 34104 39788 95061 53776 37972 2456 34138 19821 3834 19967 15976 10023 1504 23696 5953 4910 30290 1166 10408 12447 1126 4321 366 1043 803 553 23486 666 206 7374 23586 4341 2668 1746 244 3478 13148 1473 569 421 1330 3104 2686 10548 148 18033 137 97 19131 972 16863 2534 12969 348 3676 954 460
is_linear=0
shrinkage=0.05


Tree=13
num_leaves=63
num_cat=0
split_feature=13 13 13 13 14 11 13 13 24 19 28 13 41 13 11 24 2 1 11 48 46 11 11 24 42 36 24 7 50 11 25 24 43 43 59 24 2 28 1 52 24 14 43 20 43 37 14 2 24 2 14 18 2 42 28 24 58 28 24 28 28 28
split_gain=193568 35255.5 8493.81 8491.79 2513.01 1763.65 1754.21 1372.23 1253.6 1064.21 798.524 744.646 600.349 569.963 469.134 458.294 388.522 524.183 340.873 338.803 304.606 304.498 289.177 281.568 277.479 270.846 250.56 239.924 234.232 204.692 190.252 177.046 174.174 276.106 158.398 156.318 151.917 157.792 151.554 151.192 142.05 133.065 129.128 127.37 126.985 117.021 111.333 118.257 108.976 108.828 112.76 106.938 106.53 104.798 103.788 106.182 99.2176 139.608 112.88 122.386 98.0275 96.5038
threshold=1.0000000180025095e-35 7.3750000000000009 24.375000000000004 2.8750000000000004 0.15476190476190474 1.5000000000000002 12.625000000000002 4.6250000000000009 0.0010102827829464502 24.500000000000004 1.1299344590128177 1.3750000000000002 5.2000000000000011 50.125000000000007 3.5000000000000004 0.0089572397709962014 -0.70581670320594825 8.5000000000000018 10.500000000000002 29.550000000000004 17.000000000000004 6.5000000000000009 4.5000000000000009 0.0077482089513054514 5.1000000000000005 2.5000000000000004 0.095325146339043765 1.5000000000000002 12.558562500000003 16.500000000000004 1.205289373814042 0.05114975792107971 5.0000000000000009 6.0500000000000007 6.4642857142857153 0.016838302093575005 -0.66312265824079508 2.5869614198689526 1.5000000000000002 4.5000000000000009 0.026843263778919654 2.3484848484848491 -6.6499999999999995 0.020835769980506805 9.2500000000000018 0.73214285714285732 8.1742424242424256 -0.060268340127661552 0.017938720682760801 0.8542199457734333 3.5916666666666672 0.19999999999999987 0.8542199457734333 27.850000000000005 3.5122514331893284 0.016838302093575005 1.0000000180025095e-35 0.26235602733659741 0.025993329492000405 5.0710837041936303 2.4533183558325962 2.6382794454119556
decision_type=2 2 2 2 10 2 2 2 2 8 2 2 2 2 2 2 2 2 2 2 2 2 2 2 2 2 2 2 2 2 2 2 2 2 2 2 2 2 2 2 2 8 2 2 2 2 8 2 2 2 10 2 2 2 2 2 2 2 2 2 2 2
left_child=4 3 6 5 8 11 18 22 -1 12 -11 25 26 -4 41 16 17 30 46 -14 24 39 38 -6 28 48 42 45 31 -8 -12 -17 54 60 -29 -27 -25 -38 -5 52 -39 -7 -10 -16 -22 -13 -3 -48 -2 50 -40 -37 -9 -35 -26 -56 57 -44 59 -58 -34 -50
right_child=1 2 13 7 23 14 29 21 9 10 15 27 19 -15 43 20 -18 -19 -20 -21 44 -23 -24 36 32 35 -28 34 -30 -31 -32 -33 33 53 -36 51 37 40 49 -41 -42 -43 56 -45 -46 -47 47 -49 61 -51 -52 -53 -54 -55 55 -57 58 -59 -60 -61 -62 -63
leaf_value=-0.099906815889071229 -0.033553648352444031 0.020305442639931798 0.05832780086841536 0.014742959040346887 -0.083352001016951879 -0.011965150962891883 0.036947395883600596 0.010250271695463862 -0.09754027530128237 -0.098731036200107994 0.011067658924834411 -0.028759328602127199 -0.079090949127859356 0.076621075922643347 0.011581663976091387 -0.047965949243042705 -0.096391978756217675 -0.093778222606067788 0.031345849478226072 0.033121429144516865 -0.015346916724043669 0.01873802102622818 0.0092238668201205867 -0.062717802522439706 -0.087193670419461522 -0.060007375454602753 0.025232584198243035 0.011274117213787795 -0.078432317748479072 0.044776562021848786 -0.06505152936548235 0.012732941952140579 -0.092310336334740284 -0.089320809427821696 -0.016139161067526876 -0.038700674917711259 -0.059757278913666168 -0.038317980157764324 -0.0033405700776237193 0.031386046796980718 -0.0067386905786511464 -0.005139375695615349 -0.099066909240321244 -0.0010456673445718855 -0.074889144367579666 -0.014541411255229716 0.023218429948968056 0.03093119501426991 -0.02889329323081723 0.0072549157564950287 0.0025750084964532675 0.01639142277248181 0.017698884499506767 -0.019251726861561971 -0.078244716225013458 -0.03424118059823044 -0.062402577932335182 -0.021812650369543461 -0.0038299890480972148 0.04605995837327518 0.012224119311722841 -0.016197041601427178
leaf_weight=27167.266061455011 4705.5769809484482 15655.917311549187 7164.6488775014877 2069.6170431375504 503.6812316775322 17805.302574157715 17562.492122650146 34034.000252842903 79.754802525043488 8782.4946762621403 249.24918526411057 1840.581966817379 1503.9297371506691 10592.496933698654 3458.4187096357346 292.17489302158356 3581.2660203278065 462.292281717062 22204.639198660851 69.828114748001099 377.63722038269043 25659.348595619202 17855.466430723667 729.62035006284714 2276.6661996841431 1105.1493749022484 195.04200828075409 1380.4789556264877 312.67390951514244 16033.702402949333 121.1804735660553 202.77199399471283 24.977571219205856 297.45808923244476 850.86908119916916 1511.3076673150063 546.35665637254715 1183.4073516726494 15515.779347121716 959.43726968765259 510.49681383371353 11929.25596600771 111.52924638986588 4722.2930706143379 116.84638434648514 6809.632301568985 14833.525501251221 7507.947903752327 3475.5412119030952 5645.4362941980362 16751.851627647877 92.866683781147003 5593.3059092760086 65.995451748371124 426.20180881023407 206.21400326490402 197.78463160991669 123.70863962173462 382.20555132627487 29.131050884723663 162.99991235136986 2642.1446377038956
leaf_count=57089 4443 5633 1041 918 843 12166 4402 15129 151 18162 138 1558 2645 787 1588 387 7109 902 6426 23 356 9744 8225 1019 4229 1436 104 717 551 3380 186 131 42 555 627 1607 719 1326 8914 295 414 7359 212 2584 203 4877 5006 2219 3117 2789 8735 53 2245 56 752 255 267 135 285 12 124 2104
internal_value=-0.000141559 0.0153023 0.0375348 0.00199757 -0.0898564 -0.0130594 0.0315312 0.00956101 -0.0928398 -0.0835387 -0.0879365 -0.0235405 -0.0541863 0.0692441 -0.00630989 -0.0775953 -0.089226 -0.0583229 0.026422 -0.074091 -0.0667985 0.0144741 0.00393351 -0.0487683 -0.0711048 -0.0313711 -0.0261507 -0.0137998 -0.0446068 0.0406852 -0.0139282 -0.0231129 -0.0772729 -0.0513124 0.000815959 -0.045517 -0.0428753 -0.0363855 0.00157065 0.0117778 -0.0288134 -0.00922714 -0.0370165 0.00429272 -0.0295496 -0.0175702 0.0235438 0.0258118 -0.0278257 0.00085109 -0.000269338 -0.0355 0.0113022 -0.0766992 -0.0821728 -0.0639809 -0.0311852 -0.0587253 -0.0204623 -0.0483154 -0.00205444 -0.0234143
internal_weight=349262 297969 111555 186414 51292.8 62329.4 93798.2 124084 47819.3 20652 17959.1 24414.1 2692.91 17757.1 37915.3 9176.61 4413.99 832.722 60202 1573.76 4762.62 66246.1 57838.2 3473.56 4268.13 13532.6 1119.16 10881.6 807.621 33596.2 370.43 494.947 3460.51 551.431 2231.35 2709.32 2969.88 2240.26 39982.7 40586.7 1693.9 29734.6 924.114 8180.71 494.484 8650.21 37997.4 22341.5 10823.3 37913.1 32267.6 1604.17 39627.3 363.454 2909.08 632.416 844.359 235.238 609.121 226.916 187.977 6117.69
internal_count=229506 130124 28894 101230 99382 44236 27066 56994 95061 37972 34138 20539 3834 1828 23697 15976 8335 1226 19284 2668 7641 27413 29581 4321 7082 12760 1166 7779 1069 7782 324 518 6013 777 1344 3096 3478 2459 21356 17669 1740 19525 1062 4172 559 6435 12858 7225 9664 20438 17649 1660 17374 611 5236 1007 911 347 564 279 166 5221
is_linear=0
shrinkage=0.05


Tree=14
num_leaves=63
num_cat=0
split_feature=13 13 13 13 14 13 11 13 24 19 22 14 41 24 11 13 2 0 60 48 24 11 48 11 24 23 44 14 23 0 24 44 59 11 25 0 11 12 44 2 22 23 24 14 20 22 23 46 14 44 7 7 20 27 11 52 22 22 0 14 60 24
split_gain=181766 32219.4 7998.06 7879.91 2619.89 1622.3 1604.22 1375.78 1337.43 1083.01 845.046 683.408 574.932 477.836 423.624 416.454 395.755 511.983 344.099 394.794 341.697 320.253 318.905 316.719 278.05 264.545 261.329 254.071 242.002 206.804 203.233 203.158 215.694 189.97 175.764 175.657 163.393 162.927 149.394 144.811 149.017 138.801 130.203 130.134 127.034 124.091 178.703 157.822 121.142 120.096 119.787 119.459 115.054 114.027 112.741 109.333 105.694 104.84 101.427 100.54 99.6113 98.0195
threshold=1.0000000180025095e-35 7.6250000000000009 2.8750000000000004 26.375000000000004 0.15476190476190474 13.375000000000002 1.5000000000000002 4.8750000000000009 0.0010102827829464502 24.500000000000004 1.1080571117335825 1.6833333333333336 5.2000000000000011 0.0089572397709962014 3.5000000000000004 51.875000000000007 -0.70581670320594825 35.500000000000007 9.2500000000000018 27.850000000000005 0.024278318395965403 4.5000000000000009 29.550000000000004 11.500000000000002 0.0077482089513054514 8.0781816363128947 12.250000000000002 6.1742424242424248 4.5601812741481309 18.500000000000004 0.016160320196515855 13.450000000000001 17.421428571428574 1.0000000180025095e-35 1.205289373814042 21.500000000000004 19.500000000000004 1.5000000000000002 14.950000000000001 -0.66312265824079508 2.5678104575163401 2.0697051859511464 0.026843263778919654 9.8452380952380967 0.43469641516516516 0.17993867587520837 0.77935826657944762 14.350000000000003 2.5227272727272729 12.050000000000002 1.5000000000000002 1.5000000000000002 0.020835769980506805 2.7106192749049893 6.5000000000000009 2.5000000000000004 0.34221813725490197 3.5160189075630259 26.500000000000004 3.5916666666666672 9.2500000000000018 0.016838302093575005
decision_type=2 2 2 2 10 2 2 2 2 8 2 10 2 2 2 2 2 2 2 2 2 2 2 2 2 2 2 8 2 2 2 2 2 2 2 2 2 2 2 2 2 2 2 8 2 2 2 2 8 2 2 2 2 2 2 2 2 2 2 10 2 2
left_child=4 2 6 5 8 23 11 21 -1 12 -11 33 25 16 48 -5 17 34 31 20 -20 38 45 43 -6 26 30 54 41 50 -10 -15 57 37 -12 -29 -7 44 59 60 -41 -22 49 -3 -2 -14 47 -47 -8 -42 -13 -40 -16 -43 -9 -31 -48 -33 -45 -4 -26 -59
right_child=1 3 7 15 24 36 14 27 9 10 13 29 22 18 52 -17 -18 -19 19 -21 28 -23 -24 -25 39 -27 -28 35 -30 55 -32 32 -34 -35 -36 -37 -38 -39 51 40 42 53 -44 58 -46 46 56 -49 -50 -51 -52 -53 -54 -55 -56 -57 -58 61 -60 -61 -62 -63
leaf_value=-0.09989723834542219 -0.052019208435948872 0.021715433750291807 -0.0025972872210427572 0.05861627995781258 -0.082043928763935819 0.037852872221802204 -0.011065355438058354 0.0097092764595086371 -0.068650215093418024 -0.098600912706321903 0.010522950135982086 -0.011124491442581872 -0.099764042931558231 -0.086048529214688294 0.011010139818711136 0.075308498061510382 -0.096035632426856976 -0.093198672564615004 -0.063728329062056402 -0.083144407443622892 -0.092435526960205405 0.0091708802815248722 0.031662990021197858 0.031751319829471839 -0.081736144692888646 0.042786482310136958 -0.068429206022733224 0.024675708819728859 -0.098430535170749442 -0.016014536112903696 0.00035322271794836681 -0.073154677541036828 0.032050763161298977 -0.02509016213298261 -0.063163828015698642 0.015801190390131781 0.045753543035402716 -0.024023975306940712 0.004769981780507037 -0.057807801407771843 -0.060929616021188529 -0.019869319498745017 -0.0064038724414538679 0.033870221123195418 -0.033678944047933347 0.01666448953506364 -0.09846717891056822 -0.097530018199701696 -0.0043288167927070373 -0.0260762368208729 0.0082840423552081165 0.019554374642019742 -0.00099340053598146751 0.025375156697499204 0.015588237446067799 -0.039733293367839588 -0.06224554476076425 -0.060364061463153734 0.024926464440062218 0.0028451198821828824 -0.043916838664359838 0.0005494785181637986
leaf_weight=25844.719563126564 1912.9126707315445 26780.868267714977 15891.566195607185 6038.4734765291214 486.58005613088608 20223.095434069633 19592.422169625759 22155.050538182259 135.17365881800652 8364.9222584664822 249.09945404529572 1795.4196419715881 443.99620500206947 1802.9218015670776 3456.1562551259995 9934.4139664173126 3418.9377958476543 442.4189749956131 462.56658157706261 519.92662075161934 35.847200155258179 22514.928371846676 69.448340892791748 18029.565778970718 317.27877432107925 125.84390819072723 351.56231892108917 7746.5561363697052 65.901785910129547 7205.1941725611687 492.41959077119827 824.48072773218155 60.852253019809723 7936.6596027612686 118.65734001994133 19975.543367505074 9744.9758239984512 1638.7839854955673 7090.2966556549072 536.82473516464233 355.64114797115326 228.18250125646591 510.383409678936 4435.4976223707199 1888.9141516685486 104.05735373497009 335.49561193585396 41.510434687137604 10128.172170460224 819.28678315877914 1424.9486646652222 1692.3533574342728 4722.2678592801094 353.85014319419861 12922.689713001251 520.97480005025864 532.96246990561485 174.70702931284904 11262.38283097744 18206.792141318321 398.32687550783157 105.52741706371307
leaf_count=57089 2295 9177 9058 836 843 4821 13327 9846 200 18162 138 1287 922 3459 1588 750 7109 902 725 982 64 10296 23 5041 517 40 573 2645 120 5437 353 1473 34 6888 186 7907 1938 1425 3604 719 491 222 414 1209 1940 85 682 85 6198 835 777 690 2584 178 5074 490 871 288 3595 9401 502 96
internal_value=-0.000147909 0.014595 0.00227912 0.0366257 -0.0892301 0.0309091 -0.0124293 0.00941826 -0.0923911 -0.0826188 -0.0871852 -0.0224504 -0.0527089 -0.0764016 -0.00599706 0.0690025 -0.0885776 -0.0570188 -0.0652736 -0.0470288 -0.030586 0.00434217 -0.072579 0.0261961 -0.0470234 -0.0251966 -0.0339738 0.014704 -0.00809819 -0.0131829 -0.0145866 -0.0754938 -0.0591035 -0.030032 -0.0133455 0.018282 0.0404236 -0.0372343 0.00180655 -0.0411953 -0.0348608 0.00167187 -0.0275185 0.0238375 -0.0429195 -0.077566 -0.0677528 -0.0163086 -0.00877007 -0.0366732 -0.00253515 0.0076213 0.00407934 0.00762509 0.0118756 -0.0176195 -0.0763413 -0.0641536 0.0274559 0.000308533 -0.0607825 -0.0374878
internal_weight=345998 296868 190419 106449 49130.3 90476.4 62222.8 128196 45706 19861.3 17228.8 24323.8 2632.47 8863.88 37899 15972.9 4229.11 810.176 4634.76 1666.27 1146.35 65395.9 1527.47 60508.3 3424.32 1105 979.156 62799.8 683.782 10946.5 627.593 2968.49 1165.57 13377.3 367.757 27722.1 29968.1 5440.61 42881 2937.74 2222.14 617.88 1685.31 42478.7 3801.83 1458.02 1014.03 145.568 29720.6 1174.93 3220.37 8782.65 8178.42 582.033 35077.7 7726.17 868.458 1104.72 15697.9 34098.4 715.606 280.234
internal_count=229506 130124 102757 27367 99382 25781 44236 58521 95061 37972 34138 20539 3834 15976 23697 1586 8335 1226 7641 2291 1309 33049 2668 19022 4321 1166 1126 25472 584 7991 553 5350 1891 12548 324 10552 6759 5660 22753 3478 2459 464 1740 13981 4235 2645 1723 170 19525 1326 2064 4294 4172 400 14920 5927 1553 1857 4804 18459 1019 384
is_linear=0
shrinkage=0.05


Tree=15
num_leaves=63
num_cat=0
split_feature=13 13 13 13 14 13 11 24 11 19 22 13 24 0 14 13 2 0 11 60 48 24 11 48 24 23 36 23 0 48 22 7 14 22 23 45 25 24 14 0 24 43 2 11 2 22 23 24 43 59 17 43 39 22 37 14 60 24 24 14 47 39
split_gain=170686 29422.4 7541.85 7227.11 2718.9 1504.65 1457.81 1419.32 1253.18 1091.13 890.678 648.099 494.703 489.082 488.661 421.683 402.664 499.345 382.509 334.537 380.742 317.081 293.325 287.939 272.82 245.777 245.173 230.746 226.757 222.144 202.603 201.564 195.04 171.73 188.849 177.1 162.174 160.026 156.121 154.019 149.11 142.515 139.974 164.994 138.292 139.985 130.866 121.472 119.753 118.016 115.522 115.318 112.673 107.286 102.686 101.002 99.5128 99.2916 98.4052 97.095 95.9863 90.995
threshold=1.0000000180025095e-35 7.6250000000000009 26.375000000000004 2.8750000000000004 0.15476190476190474 13.375000000000002 1.5000000000000002 0.0010102827829464502 5.5000000000000009 24.500000000000004 1.1080571117335825 1.3750000000000002 0.0089572397709962014 45.500000000000007 4.5916666666666677 51.875000000000007 -0.70581670320594825 35.500000000000007 3.5000000000000004 9.2500000000000018 27.850000000000005 0.024278318395965403 10.500000000000002 29.550000000000004 0.0077482089513054514 8.0781816363128947 2.5000000000000004 4.5601812741481309 26.500000000000004 27.550000000000004 3.5160189075630259 1.5000000000000002 6.1742424242424248 0.17993867587520837 0.86796791997452283 14.250000000000002 1.205289373814042 0.024127035830451855 18.041666666666668 17.500000000000004 0.016838302093575005 -6.6499999999999995 0.8542199457734333 3.5000000000000004 -0.66312265824079508 2.5678104575163401 2.0697051859511464 0.016160320196515855 5.9000000000000012 14.564285714285718 2.5000000000000004 8.4000000000000021 1.5143755588800742 0.34221813725490197 0.73214285714285732 6.6833333333333345 9.2500000000000018 0.016838302093575005 0.018077001837694555 10.34848484848485 1.6450000000000002 1.058562026918801
decision_type=2 2 2 2 10 2 2 2 2 8 2 2 2 2 10 2 2 2 2 2 2 2 2 2 2 2 2 2 2 2 2 2 8 2 2 2 2 2 10 2 2 2 2 2 2 2 2 2 2 2 2 2 2 2 2 10 2 2 2 10 2 2
left_child=4 3 5 6 7 22 11 -1 14 13 -11 26 16 23 42 -4 17 36 50 30 21 -21 59 33 -6 29 58 46 55 37 -14 54 -10 -9 35 49 -12 -15 -7 -33 -28 -39 43 61 56 -46 -23 -47 57 -35 -8 -50 -20 -36 -13 -16 -26 -32 -2 -3 -49 -5
right_child=1 2 15 8 24 38 18 9 32 10 12 31 19 25 28 -17 -18 -19 52 20 -22 27 -24 -25 44 -27 40 -29 -30 -31 48 39 -34 34 53 -37 -38 41 -40 -41 -42 -43 -44 -45 45 47 -48 60 51 -51 -52 -53 -54 -55 -56 -57 -58 -59 -60 -61 -62 -63
leaf_value=-0.099886667308335397 -0.030738821163635029 0.020529898425740156 0.056659909424297827 -0.0025359572190979448 -0.080666313271442039 0.036159977989212881 -0.012956138794123785 -0.099765156820884382 0.012498550560522646 -0.098457714796788956 0.010004462114239979 -0.02630481097150375 -0.081458410651882557 -0.061070240034971746 0.013078789080667423 0.073632242307940687 -0.095646309427371234 -0.092570773036670023 0.0008413680599095928 -0.06180476138217849 -0.081824664688191787 -0.091873120932048982 0.029058579496219612 0.030254490925455638 -0.080347621442971473 0.041040379311337735 -0.056776647524771878 -0.098352603442835362 0.0066920487761867806 -0.097425909204942859 -0.074449621440018529 0.011751001986539684 0.018810271541891729 0.022216363888337864 -0.099614463601710501 -0.091867851311354776 -0.061255698881821558 -0.097561627381117566 0.043872571554091265 -0.015111515335158296 -0.032569605253589533 -0.0029459864044706192 0.007937990434321791 0.0033917155391672347 -0.05585682165267284 -0.044117459073751461 0.0072641138699682363 -0.008252295704245783 0.030381463135623673 -0.095774213629946814 -0.0062302338775377776 -0.076350821535200689 0.015229685703345484 -0.060555988351371375 -0.012942965880651004 0.024538896584860026 -0.042133236191705906 -0.030063522549849942 -0.021092349084879114 0.026767313874035577 -0.044788986196708881 -0.025822127265834435
leaf_weight=24586.795583039522 4779.9497826695442 26681.693796813488 5937.2965866327286 16683.149727880955 470.57285207509995 19858.436410188675 9295.4126762747765 446.10687530040741 30367.754644870758 7968.2493232190609 248.96416509151459 1826.519437789917 2194.1168203353882 210.28593680262566 8175.2549113631248 9659.6520051956177 3265.1093317270279 423.63244760036469 6452.8234436511993 453.3848263323307 502.36289244890213 34.308448076248169 25444.340990662575 69.103100776672363 306.9069858789444 124.71049338579178 1072.715087980032 62.736930578947067 19182.512722074986 117.59679076075554 376.55764701962471 1343.992733001709 20528.538106799126 142.99606961011887 271.34782621264458 64.974968880414963 116.32757803797722 42.061507165431976 9868.887571811676 883.49740844964981 1583.0395990610123 528.2994764149189 7718.1628344655037 22505.737594366074 528.05993616580963 608.55579370260239 580.47638618946075 839.28675937652588 78.773750185966492 23.847446322441101 20412.560551762581 36.061876982450485 1723.5345902442932 528.74981924891472 6793.1668366193771 2518.0125986933708 394.5706160068512 192.86309364438057 5961.6565660834312 8173.1587995290756 228.18893545866013 429.42938089370728
leaf_count=57089 4552 9197 836 9432 843 4770 6654 968 12669 18162 138 1558 4290 309 3461 750 7109 902 3441 725 982 64 7333 23 517 40 1436 120 9030 236 702 688 7633 107 584 135 186 86 1989 656 1660 414 3716 11409 719 764 400 714 49 50 12871 69 731 882 4877 863 502 240 5112 2492 262 308
internal_value=-0.000153672 0.013916 0.0350767 0.00216702 -0.0885936 0.0295149 -0.011827 -0.0919348 0.00895377 -0.0816958 -0.0864094 -0.0214009 -0.0751907 -0.0513479 0.00493856 0.0671757 -0.0878886 -0.0556949 -0.00569951 -0.0637627 -0.0456285 -0.0294873 0.0249752 -0.0690808 -0.0453399 -0.0244825 -0.0287569 -0.00779441 0.00994539 -0.0336206 -0.0740314 -0.0123132 0.0150447 -0.0737457 -0.0624068 -0.0225139 -0.01278 -0.0238903 0.038722 0.00109218 -0.0423669 -0.0100907 0.00177832 0.00057804 -0.0395911 -0.0334036 0.00158337 -0.0262974 -0.0501247 0.00485169 -0.00833526 -0.00346233 0.00387646 -0.0739165 -0.0157777 0.0157799 -0.0589503 -0.0595039 -0.0253879 0.0219934 -0.0161018 -0.00312208
internal_weight=342928 295861 105623 190237 47066.9 90026.5 62128.9 43690.8 128109 19104 16533.9 24244.5 8565.68 2570.08 77212.3 15596.9 4054.03 788.924 37884.3 4511.64 1633.27 1130.91 60299.2 1547.13 3376.14 1022.95 13397.4 677.522 29875.8 898.244 2878.37 10847.2 50896.3 1478.02 1031.92 231.818 365.292 780.647 29727.3 2227.49 2655.75 570.361 47336.5 39618.3 2905.57 2204.09 614.785 1676.03 684.256 166.844 29708 114.836 8176.36 800.098 8619.69 10693.3 701.478 569.421 10741.6 34854.9 1067.48 17112.6
internal_count=229506 130124 27367 102757 99382 25781 44236 95061 58521 37972 34138 20539 15976 3834 38219 1586 8335 1226 23697 7641 2291 1309 19022 2749 4321 1085 12760 584 13354 1045 5350 7779 20302 2726 1758 292 324 809 6759 1344 3096 500 24865 21149 3478 2459 464 1740 1060 157 19525 118 4172 1466 6435 4324 1019 942 9664 11689 976 9740
is_linear=0
shrinkage=0.05


Tree=16
num_leaves=63
num_cat=0
split_feature=13 13 13 13 24 28 14 11 19 13 24 13 60 13 42 11 11 28 14 11 60 2 0 36 11 23 46 59 26 7 44 28 44 44 11 2 43 46 25 59 24 59 0 24 23 0 0 0 48 36 23 41 14 44 25 28 59 23 24 23 0 14
split_gain=160249 26843.2 7191.62 6529.94 2851.46 1805.35 1400.83 1324.15 1154.62 1146.04 745.781 591.735 471.057 424.369 411.967 345.378 317.048 289.995 264.278 263.549 245.949 230.754 279.665 228.129 224.746 223.695 433.594 215.099 184.846 182.239 171.921 227.379 170.942 166.648 166.567 164.36 221.01 158.78 156.356 152.097 151.575 203.949 238.049 143.831 141.494 139.149 138.836 135.928 130.748 286.918 141.683 256.627 130.317 121.241 119.473 117.898 121.54 114.533 114.107 114.161 104.223 103.888
threshold=1.0000000180025095e-35 7.6250000000000009 26.375000000000004 2.8750000000000004 0.0046906644566655506 1.4437308574321379 12.845238095238097 1.5000000000000002 1.0000000180025095e-35 4.8750000000000009 0.012799894670272201 1.3750000000000002 8.1500000000000021 51.875000000000007 9.0500000000000025 3.5000000000000004 11.500000000000002 0.41055711061529465 0.087121212121212113 4.5000000000000009 18.450000000000003 -0.70581670320594825 35.500000000000007 2.5000000000000004 7.5000000000000009 2.0344398289843695 21.550000000000004 8.9500000000000011 70.500000000000014 1.5000000000000002 13.65 0.21785265937962559 12.850000000000003 13.65 17.500000000000004 -0.61559370248597534 5.9000000000000012 27.500000000000004 1.205289373814042 -3.3714285714285706 0.0010102827829464502 16.935714285714287 32.500000000000007 0.022656104016381354 3.6154505583779444 17.500000000000004 45.500000000000007 5.5000000000000009 30.050000000000004 7.5000000000000009 3.6899206532858599 -0.14285714285714277 7.0871212121212128 17.100000000000005 1.205289373814042 3.5122514331893284 2.9214285714285717 1.073890541690097 0.016745260580905454 3.0327822176031849 27.500000000000004 2.9128787878787885
decision_type=2 2 2 2 2 2 10 2 8 2 2 2 2 2 2 2 2 2 8 2 2 2 2 2 2 2 2 2 2 2 2 2 2 2 2 2 2 2 2 2 2 2 2 2 2 2 2 2 2 2 2 2 10 2 2 2 2 2 2 2 2 8
left_child=4 3 6 7 40 8 16 11 14 19 21 23 18 -4 33 58 -3 30 32 47 28 22 -7 -2 52 -10 39 -19 -14 -13 -16 -32 -12 -6 60 36 -20 -28 -23 -27 -1 -42 -43 -25 46 -31 -30 -5 50 -50 -46 -52 -11 61 -44 -34 -57 -29 -9 -60 -8 -49
right_child=1 2 13 9 5 10 34 15 25 24 12 29 20 -15 17 -17 -18 27 35 -21 -22 38 -24 43 -26 26 37 57 44 45 31 -33 55 -35 -36 -37 -38 -39 -40 -41 41 42 54 -45 48 -47 -48 53 49 -51 51 -53 -54 -55 -56 56 -58 -59 59 -61 -62 -63
leaf_value=-0.099875134180076652 -0.024199743664003709 0.021198275738098293 0.054706057211719165 0.013648481664150317 -0.0064382498737667179 -0.0068132722217015291 0.038492403611550964 -0.013693338019762153 -0.099891469450604634 0.010341559439642094 -0.089935962627490554 -0.015010111216256601 -0.060419714681743023 0.071900942364303971 -0.090587108376167083 0.0036837414129525601 0.029012217215711858 0.021982910618052187 -0.080113090022494213 0.0082625875372563246 -0.056212908735539684 -0.098056281756365937 -0.071601688909113462 -0.050899690185163028 0.018498464633825019 -0.014927038272849934 0.026323830365499252 -0.015581988371704297 -0.019077741046947153 0.011171611292973432 -0.098617728156394857 0.018033905284555573 -0.067914622868226512 -0.098096857996743489 0.041324373864493114 -0.031024711742135787 0.0042592401368253662 -0.073310809426756177 -0.072579133879562302 -0.092537102668246107 -0.093213845651838781 -0.095763505124229237 0.0044813196100732594 -0.027254909914369685 0.056601104916333911 -0.014373225768177469 -0.0749745361592946 -0.0054154264740097456 0.018320838883341975 -0.097898380696608833 -0.086289981893189538 0.0079106055948123775 0.017121277879593059 0.0094974771073557361 -0.068829755104491047 -0.081431929145584267 0.0060914866974813974 -0.093232728195874304 -0.0097469100557097486 -0.0027079715642257507 0.030598184548270426 0.0013397470503731385
leaf_weight=23415.575743675232 10706.649459064007 40292.59443962574 5844.3452808856964 2211.669737637043 493.84828698635101 247.3296380341053 7038.5944228172302 6647.7089122533798 6559.9794367551804 38136.210821330547 773.01297977566719 8607.9717983007431 245.31124541163445 9404.2520425319672 809.05895361304283 8174.3853372335434 19179.181096434593 134.11310493946075 450.24577394127846 22494.951699733734 627.1366371512413 969.22100538015366 511.65168502926826 1488.0218408107758 15813.018336653709 67.303917169570923 123.7363443672657 83.684723436832428 419.3926440179348 1343.0870105624199 74.961903214454651 92.124807834625244 508.06679421663284 54.171920865774155 12668.232938766479 942.60444793105125 93.48697766661644 57.848068118095398 1670.0441285073757 1180.3522122502327 2556.7975642681122 203.74815529584885 152.63784229755402 1142.6624581217766 116.60672199726105 882.512331366539 150.86985298991203 7029.4579675197601 108.58862942457199 102.33601906895638 80.295947521924973 652.15945765376091 8713.1853713989258 3741.8640814423561 86.190515160560608 56.427788525819778 127.55599293112755 110.78320017457008 11617.323617041111 11431.469790041447 10440.566279053688 29885.695344269276
leaf_count=57142 9664 13419 836 975 409 210 1627 4677 15839 16393 1636 6435 372 750 1739 4172 5351 80 840 10296 925 2216 967 1933 5766 88 74 102 441 688 163 72 946 117 2634 1059 84 118 3135 2600 5692 468 103 1163 31 656 243 4151 63 221 129 456 3313 1778 156 103 118 225 7793 7055 2750 15849
internal_value=-0.000158854 0.0132648 0.0335722 0.0020603 -0.0879247 -0.0729709 0.0281705 -0.0112526 -0.0877121 0.00851184 -0.0565732 -0.0203957 -0.0450999 0.065315 -0.0520983 -0.00541651 0.0237187 -0.0673716 -0.0586341 0.00387977 -0.0291202 -0.0749675 -0.0505324 -0.0274467 0.0133434 -0.0959629 -0.0778709 -0.0266133 -0.0200333 -0.011713 -0.0810449 -0.0345464 -0.0737233 -0.01567 0.0369513 -0.0437179 -0.0656161 -0.00561746 -0.0819706 -0.0883698 -0.0985044 -0.0877715 -0.0561802 -0.0406455 -0.0139198 0.00103822 -0.03398 0.00157967 -0.00310102 -0.0382385 0.00565668 -0.00251295 0.0116029 0.000922707 -0.0221317 -0.0555031 -0.02102 -0.0600938 -0.0079217 -0.00625631 0.0337794 5.3166e-05
internal_weight=340045 294936 104868 190068 45109.3 18694.3 89619.2 62041.8 9841.97 128026 8852.34 24170.9 5454.1 15248.6 1852.75 37870.9 59471.8 1304.73 2951.4 65363.6 2502.7 3398.25 758.981 13337.3 62662.4 7989.22 1429.24 328.581 1875.56 10833.6 976.146 167.087 1465.06 548.02 30147.4 1486.34 543.733 181.584 2639.27 1247.66 26414.9 2999.37 442.577 2630.68 1630.25 2225.6 570.262 42868.7 1059.99 210.925 849.062 732.455 46849.4 40657 238.828 692.051 183.984 194.468 29696.5 23048.8 17479.2 36915.2
internal_count=229506 130124 27367 102757 99382 35821 25781 44236 21626 58521 14195 20539 7667 1586 2907 23697 18770 2381 4786 33049 2881 6528 1177 12760 25472 18719 2880 407 1956 7779 1974 235 2803 526 7011 1983 924 192 5351 2688 63561 6419 727 3096 1584 1344 684 22753 900 284 616 585 19706 21778 259 1167 221 327 19525 14848 4377 20000
is_linear=0
shrinkage=0.05


Tree=17
num_leaves=63
num_cat=0
split_feature=17 13 13 13 24 22 11 19 13 11 24 14 60 42 14 11 16 22 14 23 45 60 14 36 59 0 11 29 0 0 44 44 26 24 59 0 44 59 14 45 45 14 0 42 50 50 11 23 0 48 36 22 41 23 22 59 44 22 29 22 59 11
split_gain=150444 24486 6413.18 6375.58 2987 1859.73 1394 1178.99 1149.75 1046.27 727.06 627.994 445.75 398.765 353.062 347.008 332.66 312.654 261.876 236.091 420.467 227.069 226.282 219.908 211.765 239.119 208.695 191.917 188.887 179.155 175.269 174.008 171.078 165.967 206.087 234.554 160.358 151.751 147.593 147.549 146.846 143.921 135.794 135.318 149.912 134.12 130.532 128.778 132.38 121.128 274.663 130.257 240.561 120.469 133.293 161.539 114.256 113.733 111.256 111.11 114.376 110.511
threshold=1.0000000180025095e-35 8.1250000000000018 3.1250000000000004 28.125000000000004 0.0046906644566655506 1.4240518575851395 1.5000000000000002 1.0000000180025095e-35 13.875000000000002 5.5000000000000009 0.012799894670272201 1.6833333333333336 8.1500000000000021 9.0500000000000025 4.9583333333333348 3.5000000000000004 58.250000000000007 0.17993867587520837 0.087121212121212113 2.0344398289843695 21.750000000000004 18.450000000000003 10.34848484848485 2.5000000000000004 16.935714285714287 32.500000000000007 7.5000000000000009 1.2306153768786678 26.500000000000004 34.500000000000007 11.65 12.850000000000003 70.500000000000014 0.0010102827829464502 16.935714285714287 32.500000000000007 13.65 -3.3714285714285706 2.2613636363636371 7.2500000000000009 27.650000000000002 18.522727272727277 24.500000000000004 6.1500000000000012 35.292001388888892 36.916020833333341 1.0000000180025095e-35 3.6154505583779444 45.500000000000007 30.050000000000004 7.5000000000000009 2.0259803921568635 -0.14285714285714277 1.2517618977093428 0.20631926683716964 10.235714285714286 17.100000000000005 0.38102532679738566 1.2306153768786678 3.5160189075630259 2.9214285714285717 3.5000000000000004
decision_type=2 2 2 2 2 2 2 8 2 2 2 10 2 2 10 2 2 2 8 2 2 2 8 2 2 2 2 2 2 2 2 2 2 2 2 2 2 2 8 2 2 10 2 2 2 2 2 2 2 2 2 2 2 2 2 2 2 2 2 2 2 2
left_child=4 2 6 8 33 7 11 13 22 14 24 23 18 36 56 38 -5 -15 31 -9 37 32 -3 -2 27 -26 -11 -7 -16 -13 53 -12 -14 -1 -35 -36 -6 -21 -8 -32 -22 -10 -24 -20 -45 -46 -25 48 -34 51 -51 -49 -53 54 -19 -56 61 -57 -37 -33 -61 -4
right_child=1 3 9 16 5 10 15 19 41 26 12 29 21 17 28 -17 -18 30 43 20 40 -23 42 46 25 -27 -28 -29 -30 -31 39 59 47 34 35 58 -38 -39 -40 -41 -42 -43 -44 44 45 -47 -48 49 -50 50 -52 52 -54 -55 55 57 -58 -59 -60 60 -62 -63
leaf_value=-0.099862269528958214 -0.023431520434843148 0.02088285877696754 -0.0017072972424185932 0.055744868463029243 -0.0061182595319770067 -0.097015981819868133 -0.0099162190473360695 -0.099880936516021895 0.033806058349470806 0.011812390171348448 -0.089047237483100283 -0.0049176062135926953 -0.05847946930934303 -0.099765958187714943 0.015805922925011266 0.0035248192411797192 0.071319982039514493 -0.096712577530493782 -0.016929514341619167 -0.014207539863789739 0.025105397091327544 -0.054264763240390569 0.032990368191448197 -0.044340710409197258 -0.081348829422071833 -0.0071081351356382444 0.017928223324727512 -0.069268436030649624 0.0067197722594586609 -0.017320400223829469 0.0076211571019174189 -0.066049818937453694 -0.018159220369538005 -0.092577509044059481 -0.095373892829122703 0.0042591433656647823 -0.098003004337416336 -0.091847424190654725 -0.0034171989294757366 -0.083237529770881363 -0.071636454085434439 0.041469297298589315 0.02490615770982807 -0.078367243951845328 0.015538958677931841 -0.04680863173976231 -0.0030755818239343547 0.054672253299855228 -0.073313068651934071 0.01744253548875364 -0.09773812045227212 -0.085204674558035987 0.0075180377092300748 -0.092206419794667163 0.02665186990534725 -0.098678012634800139 0.010185585560543178 -0.014830184298393324 -0.067017759791413958 -0.080091539040288762 0.0057903650352946123 0.0037148502264066651
leaf_weight=22276.383785516024 10992.718352019787 29494.848394155502 14769.893774211407 6092.0209847688675 493.74813029170036 941.70993104577065 17525.744648933411 6240.6875341832638 18249.257268190384 34195.629564225674 742.47894415259361 6473.4667775630951 240.92515069246292 447.63778388500214 8962.4744767546654 10946.267505407333 7942.4640746116638 89.382059156894684 393.66803550720215 67.229320824146271 123.31421613693237 617.45743671059608 7518.3153560161591 2066.4738786518574 198.21445497870445 238.90209856629372 23584.1173620224 1918.1213154494762 15823.598242342472 5294.5712093114853 196.27664864063263 496.6157038807869 418.64620622992516 2448.4112139344215 194.58741396665573 152.6226863861084 51.578982502222061 1131.0152343511581 17426.858898937702 56.775064378976822 56.303360134363174 9287.5741991996765 16965.081438422203 346.2960592508316 99.326703786849976 628.48380944132805 211.68092083930969 114.76787906885147 146.70455890893936 108.40880596637726 97.502306938171387 77.340965062379837 651.9599916934967 218.71873044967651 92.589714229106903 78.425872564315796 4444.7676712870598 83.58406525850296 84.17409285902977 54.567940533161163 127.53258195519447 25826.205375671387
leaf_count=57142 9869 9657 8090 808 409 2244 11979 15839 4354 14152 1636 4336 372 1062 3524 5592 623 208 397 88 74 925 1951 2566 424 204 8546 3656 7298 4172 152 946 441 5692 468 103 117 2600 10609 116 118 1855 5064 639 82 865 161 31 243 63 221 129 456 488 73 180 2037 102 156 103 118 12881
internal_value=-0.000163442 0.0126405 0.00263185 0.0334373 -0.0872407 -0.0717324 -0.0094205 -0.0871034 0.0280774 0.00933193 -0.0549902 -0.0189101 -0.0436129 -0.0507634 0.00521328 -0.00424329 0.064564 -0.0661802 -0.0569549 -0.0957224 -0.076825 -0.0280126 0.0238349 -0.0263668 -0.0734756 -0.0408935 0.0143091 -0.0784379 0.010006 -0.0104992 -0.0476445 -0.072271 -0.0192529 -0.0983874 -0.0869458 -0.0548304 -0.0149817 -0.087511 -0.00667624 -0.0129918 -0.00542058 0.0363923 0.0273901 -0.0420823 -0.0512721 -0.0382833 -0.0405117 -0.0133667 -0.0325843 -0.00299322 -0.037282 0.00539986 -0.00241139 -0.0631687 -0.0444769 -0.0258124 0.00257557 -0.0558063 -0.0212319 -0.0538073 -0.0202144 0.00174202
internal_weight=337337 294094 198544 95549.6 43243.1 18086.9 70937.8 9427.27 81515.1 127607 8659.63 25038.9 5362.68 1808.72 69826.9 45898.9 14034.5 1263.39 2888.97 7618.55 1377.86 2473.71 53978.2 13270.9 3296.95 437.117 57779.7 2859.83 24786.1 11768 815.752 1421.2 1856.26 25156.2 2879.8 431.384 545.327 1198.24 34952.6 253.052 179.618 27536.8 24483.4 1467.77 1074.11 727.811 2278.15 1615.33 565.351 1049.98 205.911 844.069 729.301 562.7 343.982 254.6 45040.9 162.01 236.797 678.716 182.101 40596.1
internal_count=229506 130124 105812 24312 99382 35821 49284 21626 22881 56528 14195 21104 7667 2907 33830 28180 1431 2381 4786 18719 2880 2881 16672 12596 6528 628 22698 5900 10822 8508 1319 2803 1956 63561 6419 727 526 2688 22588 268 192 6209 7015 1983 1586 947 2727 1584 684 900 284 616 585 1051 563 355 23008 282 259 1167 221 20971
is_linear=0
shrinkage=0.05


Tree=18
num_leaves=63
num_cat=0
split_feature=37 11 16 16 36 11 22 14 27 11 22 60 11 14 60 16 14 0 14 14 14 26 2 0 60 11 22 2 48 49 22 0 48 49 14 0 46 11 0 20 20 44 0 25 11 25 3 20 27 41 22 25 41 49 46 59 14 39 44 50 50 42
split_gain=137937 23626.3 6810.38 6365.71 2124.24 1435.83 1372.3 1265.58 1227.91 637.273 540.753 474.475 446.016 418.66 395.142 377.781 365.941 354.142 321.677 309.331 267.605 266.256 277.748 286.006 210.412 204.708 201.22 429.831 241.282 200.47 199.918 516.571 312.736 384.673 178.126 169.664 166.108 150.322 148.435 158.874 149.01 146.271 145.705 143.947 135.48 135.348 129.835 121.624 117.396 116.491 116.04 113.463 104.287 103.917 103.202 103.09 101.394 99.7977 98.3748 95.592 94.1868 92.3358
threshold=1.0000000180025095e-35 7.5000000000000009 27.750000000000004 2.7500000000000004 2.5000000000000004 13.500000000000002 0.49571078431372556 4.9583333333333348 0.75802418621567569 2.5000000000000004 0.38102532679738566 6.9500000000000002 1.0000000180025095e-35 1.6833333333333336 18.000000000000004 58.250000000000007 1.0000000180025095e-35 27.500000000000004 8.6833333333333353 0.95833333333333337 8.1742424242424256 89.500000000000014 -0.70581670320594825 34.500000000000007 8.1500000000000021 3.5000000000000004 1.3122373949579835 -0.91023613416931237 30.050000000000004 63.20000000000001 0.14789731682146542 38.500000000000007 23.500000000000004 45.900000000000013 15.183333333333335 26.500000000000004 12.450000000000001 1.5000000000000002 5.5000000000000009 0.63691391941391962 0.055555555555555559 6.4000000000000012 34.500000000000007 1.205289373814042 4.5000000000000009 1.205289373814042 1.0000000180025095e-35 0.049999999999999954 3.0034289253299238 10.414285714285716 17.644050802139041 0.62176916221033884 -5.1785714285714279 63.900000000000006 13.350000000000003 0.90714285714285736 3.4226190476190479 0.66666666666666374 16.250000000000004 0.74237500000000012 37.991251388888898 13.350000000000003
decision_type=2 2 2 2 2 2 2 8 2 2 2 2 2 10 2 2 8 2 8 10 10 2 2 2 2 2 2 2 2 2 2 2 2 2 8 2 2 2 2 2 2 2 2 2 2 2 2 2 2 2 2 2 2 2 2 2 10 2 2 2 2 2
left_child=6 3 5 4 9 18 30 25 -8 13 -6 16 19 37 21 -4 50 20 -3 46 -9 22 23 45 -23 35 27 -26 48 57 -1 -32 33 41 -7 55 -34 -2 -21 40 -40 -33 56 59 -19 -13 -12 -11 -28 51 52 -35 -10 -31 -38 -5 -15 -18 -16 -24 -48 -43
right_child=1 2 15 7 10 34 8 17 11 47 12 14 -14 42 58 -17 29 44 -20 38 -22 24 43 -25 26 -27 28 -29 -30 53 31 32 36 49 -36 -37 54 -39 39 -41 -42 61 -44 -45 -46 -47 60 -49 -50 -51 -52 -53 -54 -55 -56 -57 -58 -59 -60 -61 -62 -63
leaf_value=-0.099897266247555308 -0.022366698374657126 0.016992761827269973 0.053135396392709415 -0.0054952746767758243 -0.092027624661163959 0.029621629936942097 -0.099853939254970922 0.014597602891779894 0.036592904415386561 0.0050532363448531018 -0.036479271150515205 0.010903189960068942 0.0029875803890742794 -0.0063042978243606487 -0.083218746650040282 0.069523381478476948 -0.081658216222946445 0.0049835120305532169 0.02409732422886985 -0.0036619277856199707 0.028593846803813935 -0.07116373518594632 0.025389374094535469 -0.068684023249692056 0.025579503282654931 0.0044140256789214037 -0.024862957067579315 -0.099530438197069124 -0.096213808401902301 -0.0084824781920619773 -0.099976964845554489 0.0054140197412985511 -0.099892181608957076 -0.097422281998407037 0.03711529191116477 -0.0046462671914769054 -0.030687034599345991 -0.012762111333034383 -0.030605404483043375 -0.016255083945415465 -0.060600916233406216 -0.097614724374501693 -0.012521978241715035 -0.062163573583142201 0.011406530489010809 -0.052148884448717292 -0.051687904742666463 -0.0042365864844581538 0.010066397242025989 -0.072800959267252635 -0.017543921531278334 -0.010535240419985019 -0.087332786222008907 -0.058728782110404054 -0.082363998034839264 0.006197978644978233 0.0065707108917393252 -0.034490766065375093 -0.037057165449256683 -0.097297903859571322 -0.076019575364869418 -0.042545752592294317
leaf_weight=15858.786305695772 10824.81101834774 30865.241285145283 6495.4347010850906 2434.0871510505676 451.58139118552208 14831.737716436386 4415.604962438345 17463.401261687279 16.482496201992035 5356.8888306617737 850.16612887382507 290.96942767500877 675.17285561561584 8261.9010566473007 1496.6639369130135 7745.4462792873383 501.09662580490112 12210.058074295521 32983.382922887802 480.74766504764557 4248.0731910467148 328.21308648586273 15.920124858617781 356.91802707314491 98.483028590679169 41499.048522830009 522.50308799743652 222.61273711919785 85.055596917867661 277.47824490070343 4557.2503146827221 44.085484027862549 972.85983026027679 39.733703196048737 17160.747440338135 15206.856452405453 165.14002552628517 6545.8767732977867 1040.1151760518551 854.5900242626667 693.32145112752914 485.60661938786507 9583.530632019043 1135.9768601059914 25094.776680469513 119.12250024080276 1138.430957108736 10287.477232396603 444.03613606095314 113.7621885240078 62.035939872264862 493.79824250936508 4250.984654545784 163.21571531891823 239.44130223989487 8338.0307524204254 1875.2281151413918 147.70179945230484 127.98931697010994 528.74323403835297 627.0949392914772 93.325252771377563
leaf_count=42750 9763 11057 894 1396 1125 3893 11877 6871 12 2781 1082 165 417 5560 3371 623 1026 5758 9904 382 1231 656 11 708 58 20175 603 566 199 275 12168 31 2549 95 3713 8968 246 4730 1192 792 913 1241 6943 2130 10277 195 1666 6148 331 239 89 505 10045 256 556 4230 1021 161 204 1305 1227 151
internal_value=-0.000167453 0.0114306 0.0297907 0.000566638 -0.0129133 0.0249962 -0.0889761 0.0069124 -0.0775097 -0.00951887 -0.039189 -0.0686858 -0.0354224 -0.0130884 -0.0586834 0.0620532 -0.0793284 0.0122601 0.0206633 -0.0399852 0.0173375 -0.0504696 -0.0610381 -0.0360205 -0.0352313 0.00223508 -0.0265906 -0.0611823 -0.0159754 -0.053325 -0.0967317 -0.0897506 -0.0721162 -0.0541331 0.0336424 -0.00124542 -0.0886458 -0.0187486 -0.0291966 -0.0339347 -0.0426336 -0.0821596 -0.0081018 -0.0724244 0.00930457 -0.00748216 -0.0526245 -0.00105516 -0.00881714 -0.0270649 -0.085857 -0.0171855 -0.0868445 -0.0271939 -0.0614107 0.00355502 -0.00392169 -0.0709976 -0.0796103 -0.0936627 -0.0603712 -0.0888348
internal_weight=334795 296123 110082 186041 59546.9 95841.1 38671.6 126494 15607.8 52735.7 6811.22 11192.2 6359.64 37091.3 5773.21 14240.9 5419 59016.3 63848.6 5684.47 21711.5 4148.55 2447.65 767.01 1700.9 67478 1372.69 321.096 1051.59 1089.49 23063.8 7205 2647.75 1270.31 31992.5 25979 1377.44 17370.7 3068.77 2588.03 1733.44 623.017 19720.7 1680.64 37304.8 410.092 2615.69 15644.4 966.539 647.294 4329.5 533.532 4267.47 440.694 404.581 10772.1 10137.1 648.798 1624.65 544.663 1765.53 578.932
internal_count=229506 134732 30084 104648 45742 28567 94774 58906 34243 36946 8796 22366 7671 28017 10502 1517 11864 24137 20961 7254 8102 6927 4514 1068 2413 34769 1757 624 1133 1718 60531 17781 5613 2262 7606 14594 3351 14493 3279 2897 2105 1423 13524 3446 16035 360 3975 8929 934 839 10146 600 10057 531 802 5626 6581 1187 3575 1316 2893 1392
is_linear=0
shrinkage=0.05


Tree=19
num_leaves=63
num_cat=0
split_feature=13 13 13 13 24 22 19 11 13 13 24 12 60 42 22 11 23 45 44 16 11 24 59 25 60 11 14 24 59 44 44 44 20 11 52 44 59 24 44 11 14 1 45 45 19 14 22 14 23 22 59 23 43 59 14 14 22 25 44 49 45 11
split_gain=132454 20415.7 5561.66 5433.75 3305.05 1975.36 1240.13 1149.07 959.547 957.205 713.255 533.162 403.524 377.288 327.268 286.952 268.824 409.302 267.704 267.617 250.585 232.904 204.65 221.087 202.171 200.958 195.628 193.835 208.294 199.031 184.577 180.976 176.426 170.228 166.441 166.116 164.518 157.427 150.807 149.785 140.242 139.081 134.182 131.281 128.481 131.914 130.606 126.952 124.825 135.793 142.557 123.639 132.981 123.476 185.334 122.797 120.327 116.755 116.072 112.424 194.72 111.792
threshold=1.0000000180025095e-35 8.3750000000000018 30.625000000000004 3.1250000000000004 0.0046906644566655506 1.4240518575851395 1.0000000180025095e-35 1.5000000000000002 13.875000000000002 5.6250000000000009 0.012799894670272201 1.5000000000000002 8.1500000000000021 9.0500000000000025 0.17993867587520837 3.5000000000000004 2.0344398289843695 21.750000000000004 13.450000000000001 72.750000000000014 5.5000000000000009 0.022656104016381354 16.935714285714287 1.205289373814042 18.450000000000003 1.0000000180025095e-35 0.15476190476190474 0.0010102827829464502 16.935714285714287 13.65 13.65 8.9500000000000011 0.41662210338680922 12.500000000000002 4.5000000000000009 11.65 -3.3714285714285706 0.029551211686679606 13.65 19.500000000000004 3.7638888888888893 1.5000000000000002 7.2500000000000009 27.650000000000002 32.500000000000007 0.52272727272727282 3.5160189075630259 2.5227272727272729 1.2517618977093428 0.20631926683716964 10.235714285714286 3.7812116240345515 2.8500000000000001 -0.14285714285714277 0.95833333333333337 2.1547619047619051 0.38102532679738566 1.205289373814042 17.100000000000005 68.40000000000002 10.750000000000002 7.5000000000000009
decision_type=2 2 2 2 2 2 8 2 2 2 2 2 2 2 2 2 2 2 2 2 2 2 2 2 2 2 8 2 2 2 2 2 2 2 2 2 2 2 2 2 8 2 2 2 8 8 2 8 2 2 2 2 2 2 10 10 2 2 2 2 2 2
left_child=4 3 8 7 27 6 13 11 33 20 22 21 18 38 -15 47 -8 36 26 -4 40 25 23 -7 37 32 -12 -1 -29 -30 -24 -28 -2 -3 55 48 -18 -14 -6 -10 -5 -11 -37 -19 -20 46 51 -9 49 -16 -51 52 -46 54 -39 -13 -52 -31 61 -38 -61 -43
right_child=1 2 19 9 5 10 16 15 39 41 12 34 24 14 35 -17 17 43 44 -21 -22 -23 30 -25 -26 -27 31 28 29 57 -32 -33 -34 -35 -36 42 59 53 -40 -41 -42 58 -44 -45 45 -47 -48 -49 -50 50 56 -53 -54 -55 -56 -57 -58 -59 -60 60 -62 -63
leaf_value=-0.099834854862292599 -0.052165525395570789 0.020275995248175655 0.056214666035221163 8.1216025589377652e-05 -0.0047069358061593855 -0.096563956733230691 -0.099857497464854603 -0.008555400988295301 0.030715054740449468 0.024047278292303961 -0.085206097383391868 -0.01602423709452664 -0.031990308683518674 -0.099743223660622604 -0.096197901649843903 0.0032235091224274643 -0.0092669644246575322 0.025083953987923187 -0.098605533312546012 0.071238277386239335 0.0099553791259371898 -0.01673928543681763 -0.072432583212866664 -0.065670280703735054 -0.050480050453806435 -0.022812583088660205 -0.0064639130650772873 -0.091321328316178285 -0.087376912522644082 0.0055216484117029856 -0.0063810374856806658 -0.062443250533092111 -0.028041381969653251 0.026874528964122509 0.013570246779352969 0.0086747766865031741 -0.096002505266630192 -0.083967677999031334 -0.097801392706311371 0.038245902988134933 0.0052405671606065426 0.010377539980717783 -0.0804844900475397 -0.068157791395756895 -0.058081666935626865 -0.0085503233457092324 -0.0073973221746606536 -0.0024208028375661307 -0.090990597075816484 0.026706483316693015 -0.098550062832970506 -0.098533891772345353 0.011953135015544363 0.0064729718146447389 0.015996098271403074 -0.0049416776928692535 -0.010123307191712047 -0.077707172502061064 0.020375368195585386 0.040545340229055864 -0.095533452419905629 0.015432396918529129
leaf_weight=20175.645955383778 1446.0895398855209 36551.464304447174 7832.066640496254 20462.478979587555 491.63430836796761 860.89553371071815 5653.4823310673237 20688.856847822666 17271.76967716217 3088.3535869121552 753.46489214897156 5036.0815704464912 892.41953936219215 407.91618072986603 82.148255974054337 10943.619254112244 66.813805878162384 122.43879550695419 74.297603696584702 4819.0914840698242 19559.49920552969 6646.0139333307743 202.3023584485054 1828.6024169623852 598.83547699451447 4449.7368142604828 186.8884753882885 2258.5010018348694 203.71261930465698 150.14305487275124 221.28402128815651 640.60325381159782 1605.1324589848518 13370.882028698921 771.1498064994812 195.36434692144394 937.27337288856506 101.87988871335983 46.757505536079407 10755.289042830467 36973.589300990105 28287.773081958294 52.7509605884552 53.37607678771019 301.26672464609146 414.35635429620743 180.18976798653603 14242.859887778759 202.58949562907219 92.574614405632019 71.41693115234375 132.37416738271713 86.83758944272995 746.46679347753525 83.783789157867432 4967.3004344701767 82.920833051204681 57.464306980371475 4976.0938613414764 42.916249692440033 64.929553002119064 17860.724668741226
leaf_count=57142 1909 11675 936 10930 409 2244 15839 14017 4176 981 1767 4082 1124 1062 208 5592 88 74 156 352 8315 5700 442 3656 925 4047 184 5692 510 98 186 1113 1685 3681 383 152 2396 229 117 2176 17799 11598 116 118 558 399 196 8571 488 73 180 326 87 553 50 3298 102 119 1745 34 170 6476
internal_value=-0.000170587 0.0114724 0.0311932 0.00262741 -0.0857252 -0.0690036 -0.0857059 -0.00853629 0.0262017 0.00865112 -0.0515675 -0.0171786 -0.0402081 -0.0477307 -0.063461 -0.00384101 -0.0951402 -0.074365 -0.0532454 0.061943 0.00506739 -0.023561 -0.0704983 -0.0755933 -0.0252866 -0.0296015 -0.0667359 -0.0981455 -0.085345 -0.0523761 -0.0380349 -0.0498295 -0.0394897 0.0220439 -0.00879668 -0.044371 -0.0855648 -0.016992 -0.0129675 0.0336064 0.00340259 0.0137406 -0.010508 -0.00342064 -0.0352674 -0.030958 -0.044171 -0.0060544 -0.0601157 -0.040874 -0.0221336 -0.0568539 -0.0424082 -0.00260847 -0.0389866 -0.0105226 -0.0514443 -0.0177536 0.0131174 -0.0904242 -0.0414612 0.0123343
internal_weight=332425 292606 90600.6 202005 39819.5 16974.1 8667.3 70796.8 77949.4 131209 8306.75 24921.5 5193.66 1726.07 1187.68 45875.3 6941.23 1287.75 2770.28 12651.2 76995.6 14147 3113.08 2689.5 2423.39 7500.96 1580.96 22845.5 2669.82 411.32 423.586 827.492 3051.22 49922.3 10774.5 779.765 1111.93 1824.55 538.392 28027.1 57436.1 54212.9 248.115 175.815 1189.32 1115.02 700.668 34931.7 531.65 329.061 246.912 520.478 388.104 932.13 185.664 10003.4 154.338 207.607 51124.6 1045.12 107.846 46148.5
internal_count=229506 130124 22996 107128 99382 35821 21626 49284 21708 57844 14195 21104 7667 2907 2381 28180 18719 2880 4786 1288 37044 13341 6528 5900 2881 7641 3064 63561 6419 727 628 1297 3594 15356 7763 1319 2688 1956 526 6352 28729 20800 268 192 1722 1566 1167 22588 1051 563 355 971 645 832 279 7380 282 217 19819 2600 204 18074
is_linear=0
shrinkage=0.05


Tree=20
num_leaves=63
num_cat=0
split_feature=17 13 13 13 24 22 19 17 24 14 14 14 11 3 22 11 36 46 22 59 3 11 22 59 25 1 44 11 44 24 22 45 59 59 22 45 19 44 49 23 44 14 19 23 22 11 23 22 59 24 24 22 44 19 36 22 20 59 24 17 20 39
split_gain=124260 18604.9 5112.58 5088.55 3446.09 1743.32 1368.5 1327.02 996.065 805.411 678.038 383.535 365.271 346.949 329.652 329.107 288.074 278.28 268.982 257.46 269.342 218.628 202.85 284.315 198.512 183.59 170.003 165.937 161.568 156.969 154.387 147.832 196.447 219.822 249.519 163.323 162.992 210.842 151.721 143.704 141.165 137.457 133.999 133.027 132.251 129.237 129.129 133.261 137.912 128.531 124.776 124.485 123.028 121.01 119.206 118.332 118.28 116.37 108.478 107.543 107.399 105.047
threshold=1.0000000180025095e-35 8.6250000000000018 3.6250000000000004 30.625000000000004 0.0025314668667273505 1.1080571117335825 1.0000000180025095e-35 2.5000000000000004 0.0089572397709962014 13.591666666666669 6.041666666666667 0.52272727272727282 3.5000000000000004 0.78574730703237883 0.17993867587520837 1.0000000180025095e-35 1.5000000000000002 15.300000000000002 44.669377599524665 16.935714285714287 -0.70581670320594803 5.5000000000000009 1.6546380090497739 -1.9357142857142853 1.205289373814042 6.5000000000000009 15.050000000000002 12.500000000000002 11.65 0.026450252579685401 1.3122373949579835 0.95000000000000007 -1.3714285714285712 0.90714285714285736 1.726914697502933 2.2500000000000004 1.0000000180025095e-35 13.450000000000001 63.550000000000004 4.4479007617924431 13.65 19.091666666666669 2.5000000000000004 5.1231308478118587 2.473717320261438 6.5000000000000009 1.2517618977093428 0.20631926683716964 10.235714285714286 0.023756192985842504 0.025993329492000405 4.2556048154555954 17.100000000000005 32.500000000000007 1.5000000000000002 0.38102532679738566 0.2477418414918415 17.321428571428573 0.014631176375777351 7.5000000000000009 0.2477418414918415 1.1547005383792543
decision_type=2 2 2 2 2 2 8 2 2 10 8 10 2 2 2 2 2 2 2 2 2 2 2 2 2 2 2 2 2 2 2 2 2 2 2 2 8 2 2 2 2 10 8 2 2 2 2 2 2 2 2 2 2 8 2 2 2 2 2 2 2 2
left_child=4 2 7 9 -1 6 13 15 19 27 21 17 16 14 -6 58 26 22 -5 42 -21 52 23 30 57 -12 49 -3 46 51 -10 -26 -33 34 -34 39 -35 38 -38 -36 50 -11 -7 44 -13 -27 47 -16 -49 -9 -15 -18 54 -45 -4 -50 61 -24 -2 -14 -46 -17
right_child=1 3 10 18 5 8 -8 12 11 41 25 43 59 40 28 56 29 -19 -20 20 -22 -23 24 -25 31 45 -28 -29 -30 -31 -32 32 33 36 35 -37 37 -39 -40 -41 -42 -43 -44 53 60 -47 -48 48 55 -51 -52 -53 -54 -55 -56 -57 -58 -59 -60 -61 -62 -63
leaf_value=-0.099155256403613071 -0.039745121144386074 0.019377673962239855 0.0035995691061390697 0.05367927193365675 -0.0997368990533085 -0.050803623524785915 -0.097785795879608159 -0.0097598755143560971 0.053853289038415332 0.029764557339130079 0.017862319103012027 -0.048078429968734321 0.0020025829971368901 -0.064904773130961643 -0.09588697801431241 -0.012970053477444069 -0.030740000167749304 -0.023125902155244023 0.068620593910264774 -0.08594832570759342 -0.011417676179694605 0.0097370469832524092 -0.095690229320815237 -0.091262307673170728 -0.073652546524843543 0.0080177811763872536 0.0027823839379712842 0.025723524679853584 -0.011643887801909057 -0.0077183754519680702 -0.09575557200871937 -0.074537636221570322 0.057570180556743483 0.021147272011509635 -0.057037824740621745 -0.07683026641978874 -0.071635863430954336 -0.029375930072609732 -0.012941101794877617 0.041002396327666439 -0.097751377281633287 0.037339285943523245 -0.087731696641602477 -0.092209376061225312 -0.0069730833593302137 0.014646761262308756 -0.09071866398144339 0.027851319102576558 -0.098477889265758664 -0.003026105379710849 0.0037795923604210706 -0.0090312215417709587 0.011962181011649562 -0.021894117346545713 -0.013903820346227792 -0.0096281427671309344 -0.018964378981292388 -0.023218505449887097 -0.02347425080762524 0.018623336753276511 -0.048398432061088875 -4.1158830708138441e-05
leaf_weight=20166.413525432348 1560.2100536823273 31576.105514287949 36910.132146179676 7152.7219114303589 398.08636331558228 278.59247308969498 6150.3873488306999 10978.353577613831 55.914209425449371 18127.573285102844 18906.985575139523 334.13356345891953 18158.094043493271 77.205780446529388 78.392123818397522 8515.9829857349396 2002.0507751107216 726.51570221781731 5258.4690139293671 217.70269232988358 273.16751477122307 28277.100677371025 349.55404734611511 660.41228890419006 457.47402042150497 13805.67723596096 7950.9461839199066 15325.512714624405 261.89744478464127 3270.2108651399612 23.738315790891647 413.51884013414383 118.48965466022491 90.771229118108749 59.847411721944809 106.84961897134781 812.42934021353722 863.10531494021416 128.15770128369331 95.883379757404327 45.695250004529953 8996.3805811405182 2497.2230800390244 131.00348889827728 1113.5656068921089 15753.242704629898 205.29660874605179 89.741672337055206 67.983154535293579 20000.053072214127 426.80626499652863 987.89641630649567 4409.633286356926 115.97863641381264 997.98869520425797 82.878642618656158 7068.2097725272179 66.919543623924255 3014.5449126958847 1027.5099577903748 181.24357652664185 1927.4242386817932
leaf_count=59617 1932 10060 18073 882 1089 500 17847 7332 30 4430 6650 479 9384 123 208 6654 1920 874 406 553 243 11734 906 1634 983 5972 4495 4157 295 2338 60 881 30 68 91 192 1736 1285 167 42 120 1806 6367 266 1056 5794 517 69 180 12200 314 741 1905 128 595 102 5901 81 3037 399 249 1327
internal_value=-0.000173511 0.0109249 0.00273943 0.0303875 -0.0849452 -0.0690699 -0.0867223 -0.00651459 -0.0553799 0.0254193 0.0094597 -0.0446051 -0.0028861 -0.047444 -0.062674 -0.0170897 -0.00534017 -0.0518037 0.0600151 -0.0781349 -0.04459 0.00633303 -0.0566379 -0.0805136 -0.0516561 0.0140136 -0.00373891 0.0214518 -0.0437981 -0.0152948 0.00856992 -0.0473294 -0.0428236 -0.037028 -0.00235618 -0.0295328 -0.0439947 -0.0472857 -0.0636661 0.00317006 -0.0145695 0.0322784 -0.0840469 -0.025285 -0.0200712 0.0115512 -0.0597977 -0.0396609 -0.0209998 -0.00541287 -0.00683943 -0.0235744 0.00405813 -0.0594321 0.00313828 -0.0500844 -0.0139681 -0.0841409 -0.029032 0.00289391 -0.0128084 -0.0105846
internal_weight=330182 291959 205522 86436.8 38223 18056.6 7884.37 86461.5 10172.2 74025.6 119061 6905.51 64375.1 1733.98 1184.28 22086.4 45189.5 5029.58 12411.2 3266.69 490.87 70594.9 4303.06 740.065 3563 48465.9 38929.4 46901.6 786.19 6260.16 79.6525 3146.53 2689.05 2275.53 381.07 262.58 1894.46 1803.69 940.587 155.731 549.707 27124 2775.82 1875.92 1628.94 29558.9 524.292 318.996 240.603 30978.4 504.012 2989.95 42317.8 246.982 37908.1 150.862 17511.6 416.474 4574.75 19185.6 1294.81 10443.4
internal_count=229506 130124 108383 21741 99382 39765 20864 57660 18901 20453 50723 11238 38809 3017 2460 18851 29026 9060 1288 7663 796 32307 8186 1724 6462 18416 24027 14217 1371 4999 90 5475 4492 3611 355 325 3256 3188 1903 133 557 6236 6867 2178 1784 11766 1076 559 351 19532 437 2661 20573 394 18668 282 13882 987 4969 9783 1305 7981
is_linear=0
shrinkage=0.05


Tree=21
num_leaves=63
num_cat=0
split_feature=13 11 17 13 24 22 14 17 24 11 0 60 2 13 0 44 50 0 13 39 16 26 14 14 51 35 47 41 22 41 0 23 51 7 11 59 11 14 59 14 22 23 41 40 60 14 24 0 14 59 14 0 59 57 14 24 45 2 0 22 50 24
split_gain=116524 16982.9 5061.94 4409.27 3594.79 1783.51 1210.64 977.459 976.665 709.647 624.16 446.056 365.856 360.132 325.601 312.615 300.417 295.164 240.346 225.309 225.057 217.727 215.17 213.309 195.993 184.374 253.876 236.579 309.194 270.681 202.001 181.798 174.339 167.586 162.159 159.109 153.29 150.896 172.983 142.445 142.007 269.013 192.257 138.283 125.091 120.023 118.299 116.371 113.86 110.413 107.224 107.134 107.034 106.022 97.5237 97.2792 93.8009 92.5058 84.3577 91.9189 83.7143 81.7792
threshold=1.0000000180025095e-35 8.5000000000000018 40.500000000000007 2.6250000000000004 0.0025314668667273505 1.1080571117335825 5.3484848484848486 16.500000000000004 0.0089572397709962014 1.5000000000000002 36.500000000000007 8.1500000000000021 -0.70581670320594825 1.1250000000000002 35.500000000000007 13.450000000000001 1.980201388888889 26.500000000000004 4.1250000000000009 1.4142135623730965 73.750000000000014 89.500000000000014 10.34848484848485 0.15476190476190474 1.5000000000000002 3.5000000000000004 2.4500000000000006 2.8428571428571434 0.17993867587520837 -1.7214285714285713 43.500000000000007 2.9700026888703319 3.5000000000000004 1.5000000000000002 19.500000000000004 14.885714285714288 4.5000000000000009 0.52272727272727282 17.421428571428574 8.9583333333333339 0.38102532679738566 0.86796791997452283 9.5000000000000018 -0.49999999999999817 18.150000000000002 0.26136363636363641 0.015031831250366652 17.500000000000004 1.0000000180025095e-35 14.564285714285718 2.9583333333333335 17.500000000000004 0.90714285714285736 -3.270511141024516 0.15476190476190474 0.037075770366305501 0.95000000000000007 0.8542199457734333 42.500000000000007 0.34221813725490197 0.74237500000000012 0.029400427152631504
decision_type=2 2 2 2 2 2 8 2 2 2 2 2 2 2 2 2 2 2 2 2 2 2 10 8 2 2 2 2 2 2 2 2 2 2 2 2 2 8 2 8 2 2 2 2 2 10 2 2 10 2 8 2 2 2 10 2 2 2 2 2 2 2
left_child=4 3 7 9 -1 10 18 39 12 13 -6 15 14 43 -7 23 -12 22 51 50 -4 61 -8 -10 53 -18 27 29 -29 -27 32 35 40 -15 -9 -23 -19 38 56 -3 41 49 -42 46 -33 -32 -2 -35 60 -30 -11 52 -5 -25 -26 -46 -17 -20 -43 -60 -14 -13
right_child=1 2 20 6 5 8 17 34 11 19 16 21 48 33 -16 37 25 36 57 -21 -22 31 -24 24 54 26 -28 28 30 -31 45 44 -34 47 -36 -37 -38 -39 -40 -41 42 58 -44 -45 55 -47 -48 -49 -50 -51 -52 -53 -54 -55 -56 -57 -58 -59 59 -61 -62 -63
leaf_value=-0.099067890506016873 -0.040683653512991386 0.016344964547935582 0.053465663377126743 -0.0018701621427286682 -0.098336408901000705 -0.0057060878196251979 0.014933442346790553 0.02778306212521128 -0.082108262856126726 -0.0081713496596207188 -0.0075965016225461104 -0.052032504859387721 -0.0013694131164908334 -0.013769604558230605 -0.072905289611462767 -0.080632565658910207 -0.099803180649879253 0.0041475741604214481 0.0045177965497615559 0.0072810996645038791 0.067826921620307762 -0.059327336549297498 0.031464471145592032 -0.0076355133441957925 0.024059725514944532 -0.098871815010961261 -0.099782732968489662 -0.09979550906188063 0.016777148211663474 -0.0012743876616892252 -0.094275480533693584 0.00099807941272080634 -0.093613224716103713 0.010503399326831468 0.035235500280580097 0.0062468758267287192 0.011195861548874218 -0.015147204209525384 0.029835413147089929 0.021723094376145516 -0.097435903117369521 -0.099394186064185805 0.021130845998434202 -0.018446722755382707 -0.017418753938309734 0.03976507897610105 -0.023980876433399696 -0.011710054913287395 -0.060029576171144287 -0.095871272519589545 -0.00049200114213852929 -0.0011817785395857204 0.0080591616581020438 -0.081985419795693848 -0.037481507217298926 -0.077658233786409958 -0.044978037698232581 0.01099443841901126 -0.096223624415395212 0.027089833662281806 -0.092037384511821141 -0.021809566698174188
leaf_weight=19199.387105882168 1650.7808187603951 21834.633221745491 7085.0783046483994 4304.5976957678795 4370.6647398471832 299.28555762767792 20154.298345088959 18632.140523791313 1141.1591446399689 22119.99542671442 186.93144708871841 961.21600753068924 25.927201092243195 9645.6020539402962 453.59440284967422 241.92632237076759 532.48413118720055 10377.879284620285 30510.628924131393 3268.6416022777557 4487.1707873344421 379.68889251351357 2182.4632851481438 54.649927288293839 74.99643549323082 92.069843173027039 482.27626731991768 512.47018584609032 149.35334014892578 300.74652314186096 291.3974586725235 976.56906732916832 121.27358388900757 1374.4102363586426 12060.344572782516 121.78825590014458 30100.362326800823 496.3278369307518 65.941144496202469 28330.814052224159 39.950090736150742 172.32054248452187 206.06680074334145 6055.2914335727692 238.27372014522552 17.127929210662842 2991.9917635917664 1030.906828045845 360.87702915072441 24.431564688682556 5723.0240976810455 33370.943256556988 7339.5802516937256 412.70894375443459 425.83948683738708 92.910469233989716 813.37236130237579 6731.3634986281395 26.804437786340714 32.283098608255386 2021.6533088982105 295.27909737825394
leaf_count=59617 2115 7519 846 2347 13398 260 7483 4639 2871 14858 159 1653 25 7592 1066 573 1628 4869 14218 1679 342 676 558 59 56 275 1470 1486 133 247 834 856 324 741 2478 94 11852 541 42 8388 94 485 159 5490 283 11 3086 797 704 64 3366 18467 3533 926 596 180 1475 2861 73 24 5608 357
internal_value=-0.000175727 0.0104017 0.028111 0.00217332 -0.0841212 -0.0677299 0.00670903 0.0236838 -0.0538136 -0.0100433 -0.0860461 -0.0431157 -0.0767773 -0.016755 -0.0462418 -0.05474 -0.0691692 0.0119358 0.00271745 -0.00513515 0.0590401 -0.0289695 0.0165502 -0.0674313 -0.0500603 -0.072999 -0.0671771 -0.0592117 -0.0677805 -0.0243553 -0.0525204 -0.0178449 -0.0387629 -0.0108254 0.0307126 -0.0434114 0.00938908 -0.0381557 -0.0483136 0.0193827 -0.0284127 -0.0465703 0.00154033 -0.0234323 -0.0080115 -0.0867136 -0.0299283 0.000979837 -0.0862974 0.000453951 -0.00659314 0.000258985 0.00438823 -0.073337 -0.0282266 -0.0345163 -0.0532251 0.00568883 -0.0817565 -0.0294372 -0.090893 -0.044957
internal_weight=328075 291363 92430.2 198933 36712 17512.6 145072 80857.9 9953.98 53860.6 7558.65 6792.65 3161.34 22749 752.88 3726.92 3187.99 62815 82257.1 31111.7 11572.2 3065.73 22336.8 2109.35 968.195 3001.06 2468.57 1986.3 1593.48 392.816 1081.01 1809.23 772.483 12050.9 30692.5 501.477 40478.2 1617.57 1121.24 50165.4 651.21 405.193 246.017 10698.1 1307.75 308.525 4642.77 2405.32 2408.46 173.785 27843 45015.1 11644.2 467.359 500.836 331.184 1055.3 37242 231.408 59.0875 2047.58 1256.5
internal_count=229506 130124 24212 105912 99382 39765 66188 23024 18901 39724 20864 11238 7663 19821 1326 7139 7466 24762 41426 19903 1188 4099 8041 4508 1637 7307 5679 4209 3687 522 2201 2089 1356 9130 7117 770 16721 2631 2090 15907 1032 779 253 10691 1319 845 5201 1538 6337 197 18224 24347 5880 985 652 463 2048 17079 582 97 5633 2010
is_linear=0
shrinkage=0.05


Tree=22
num_leaves=63
num_cat=0
split_feature=13 13 13 13 14 23 13 25 14 14 18 60 60 19 22 19 22 42 42 49 36 48 26 22 13 44 14 20 14 2 14 18 2 14 19 23 23 25 18 23 41 59 23 59 22 57 23 41 36 14 20 20 41 22 48 42 23 43 21 14 20 1
split_gain=109229 15451.6 4376.14 4331.14 3431.7 1224.25 1019.39 995.285 703.187 610.18 496.552 465.638 373.321 326.855 310.937 294.538 869.243 302.34 286.37 283.226 281.328 229.633 240.911 215.602 209.959 186.937 163.772 161.823 158.865 153.124 150.101 147.826 147.758 141.663 147.023 134.792 132.407 130.399 128.979 127.395 161.597 211.103 148.227 254.708 122.372 123.609 122.128 121.753 119.985 119.637 117.594 172.034 117.116 109.536 127.722 108.775 103.763 101.669 101 100.641 99.8135 98.8607
threshold=1.0000000180025095e-35 8.8750000000000018 33.625000000000007 3.6250000000000004 1.0000000180025095e-35 1.5451920405208079 1.8750000000000002 0.77113572701807998 15.183333333333335 6.1742424242424248 0.49999999999999972 6.9500000000000002 18.000000000000004 24.500000000000004 1.3122373949579835 1.0000000180025095e-35 0.14789731682146542 8.8500000000000032 27.850000000000005 72.90000000000002 2.5000000000000004 27.700000000000006 89.500000000000014 0.17993867587520837 77.875000000000014 12.65 3.5916666666666672 0.049999999999999954 1.591666666666667 0.17992617227144034 11.683333333333335 2.0499999999999901 0.8542199457734333 0.91287878787878796 32.500000000000007 4.7696315513601784 4.7118082978876954 0.42507002801120458 1.9999999999999996 2.0485051412335351 9.828571428571431 7.4000000000000012 2.0697051859511464 -1.7214285714285713 0.34221813725490197 2.2833841861232735 0.86796791997452283 -5.1785714285714279 11.500000000000002 4.041666666666667 0.57916727035641857 0.049404761904761861 10.092857142857145 1.726914697502933 24.000000000000004 26.700000000000006 9.9861502359538061 5.9000000000000012 0.37500000000000006 2.041666666666667 0.2477418414918415 8.5000000000000018
decision_type=2 2 2 2 10 2 2 2 10 8 2 2 2 8 2 8 2 2 2 2 2 2 2 2 2 2 10 2 10 2 8 2 2 10 8 2 2 2 2 2 2 2 2 2 2 2 2 2 2 10 2 2 2 2 2 2 2 2 2 8 2 2
left_child=4 3 8 6 5 15 10 18 30 32 20 39 13 56 19 16 -1 -18 48 -15 28 22 53 -19 -4 44 31 -12 -2 -11 -3 -8 38 -6 36 -24 -35 -20 49 -9 42 52 43 -41 45 -25 -47 -44 -7 -5 51 59 -42 54 -16 -23 -13 -46 -53 -22 -36 -28
right_child=1 2 24 9 33 7 26 11 -10 29 27 12 -14 14 21 -17 17 23 37 -21 50 55 35 25 -26 -27 61 -29 -30 -31 -32 -33 -34 34 60 -37 -38 -39 -40 40 41 -43 47 -45 57 46 -48 -49 -50 -51 -52 58 -54 -55 -56 -57 -58 -59 -60 -61 -62 -63
leaf_value=-0.099426641028111704 -0.018561904096443049 0.018281591770331101 0.052427794504390585 0.00085405171827137292 -0.043985587920186843 -0.096323188888153777 -0.0038136177620213606 -0.098425146370014246 0.031446867141193852 0.011079617038543394 0.0037755298260556038 -0.020003506513674166 -0.079489985225312698 -0.099486413023605502 -0.079140212023517217 -0.099936603373113303 -0.011211900407418915 -0.09942118270289374 -0.098198762023308864 0.0150934419073718 -0.037285084389761018 -0.087798943834524398 -0.010967974370233254 -0.09951286496275584 0.066935283367358572 0.015716658271683663 0.0071065490213498258 -0.010149723984904598 -0.0095099266839740442 0.017032310478577364 0.023867086001906793 0.01419999185970057 0.010923451374055808 -0.023942810757101463 -0.009466965360216472 -0.089098117166384258 -0.09280558322557389 -0.009622362948647243 0.014811825374306531 0.048887206242972409 -0.048310178989255603 -0.078812965982687888 0.057671382302762121 -0.089783889013259552 -0.0028478185817162032 0.016493779172219666 -0.097381549070837778 -0.085251292102253351 0 0.0058100987683566176 -0.018548946832762543 -0.063770469252277542 0.012461735649405954 -0.060643438181357291 0.027176455717171984 0.0229710796179407 0.046010327933377171 -0.097171558001674818 -0.026390930208319802 -0.0027544304521411388 -0.051495217941130988 -0.0017023938219298349
leaf_weight=2988.839460849762 11663.894505858421 30268.566702842712 7287.9837021827698 17211.858674407005 1846.4990999698639 5084.738990098238 41037.230271399021 684.34827050566673 20753.655435800552 31861.351548373699 4485.6233667135239 539.93039739131927 1115.0124257206917 490.64672538638115 42.322429060935974 14472.214830338955 364.44905966520309 304.68176907300949 57.293241292238235 60.221236348152161 516.18020811676979 342.91711327433586 739.12989366054535 214.54598206281662 3832.7891983985901 97.499034494161606 7056.2484634518623 3898.2622651457787 8305.2211407423019 16363.865463018417 20013.668334245682 1170.3457272052765 12115.268603861332 154.24508413672447 1016.8460923433304 58.739108473062515 128.37532857060432 146.11401453614235 3107.8991485834122 57.878929406404495 194.04195767641068 371.87157911062241 14.321360141038893 74.826415181159973 124.77777776122093 56.314791679382324 39.100044965744019 2035.6640720665455 32.470938503742218 41648.922194480896 1111.7190800607204 697.06813302636147 132.81589406728745 828.36344087123871 80.189400941133499 23.220251053571701 65.897832721471786 36.122910797595978 247.3647266626358 357.28331342339516 163.33185905218124 5802.9718568325043
leaf_count=9750 10413 9455 853 8700 2980 15951 25045 2145 4569 12467 2511 703 2957 1520 100 47519 390 913 189 72 689 924 868 626 290 86 3487 2705 6224 5662 5420 478 5110 203 1011 130 284 115 1161 36 419 987 7 213 157 60 116 5555 46 18777 1156 1056 143 1784 53 18 24 90 273 313 238 3310
internal_value=-0.000177432 0.00990188 0.028269 0.00266992 -0.0832579 -0.0882752 -0.0059034 -0.0766434 0.0237024 0.00872266 -0.0131111 -0.0654235 -0.0544843 -0.0459386 -0.0534716 -0.0965272 -0.0848301 -0.0495202 -0.0933967 -0.0869468 -0.0169227 -0.0447129 -0.03713 -0.065475 0.0574338 -0.047126 -0.00180857 -0.00269915 -0.0147981 0.0130999 0.0205053 -0.00331369 0.00587307 -0.0347719 -0.0231159 -0.0168305 -0.0554571 -0.0349543 0.00488544 -0.0788604 -0.0741794 -0.0530806 -0.0809039 -0.0293523 -0.0601548 -0.0784963 -0.0306454 -0.0842228 -0.0957115 0.00436099 -0.0313929 -0.0392302 -0.0236381 -0.0541222 -0.00985417 -0.0807169 -0.0127507 -0.0245242 -0.0540236 -0.0231856 -0.0153264 0.00313113
internal_weight=326096 290815 82156.7 208659 35280.8 31971.5 86349.4 13273 71035.9 122309 31282.6 7952.36 4386.59 3271.58 2665.75 18698.5 4226.33 1237.49 5320.62 550.868 22898.7 2114.88 1748.74 873.042 11120.8 568.361 55066.8 8383.89 19969.1 48225.2 50282.2 42207.6 74083.9 3309.3 1462.8 797.869 282.62 203.407 61968.7 3565.77 2881.42 698.729 2182.69 132.705 470.862 309.961 95.4148 2049.99 5117.21 58860.8 2929.62 1817.9 326.858 950.875 122.512 366.137 605.828 160.901 944.433 873.464 1180.18 12859.2
internal_count=229506 130124 20587 109537 99382 94666 57660 34959 19444 51877 25340 18658 9153 6196 5469 59707 12188 2438 16301 1592 20124 3877 2935 2048 1143 1135 32320 5216 16637 18129 14875 25523 33748 4716 1736 998 487 304 28638 9505 7360 1549 5811 249 1049 802 176 5562 15997 27477 3487 2331 562 1937 153 942 727 247 1329 1002 1249 6797
is_linear=0
shrinkage=0.05


Tree=23
num_leaves=63
num_cat=0
split_feature=17 11 17 24 14 28 19 24 11 17 14 2 36 0 14 0 28 48 51 41 0 24 16 11 0 50 44 23 19 11 44 28 59 14 17 20 29 23 14 44 0 23 49 29 24 44 2 2 11 24 23 41 28 23 44 20 20 28 28 28 49 2
split_gain=102337 14112.9 4447.94 3923.1 3652.08 1759.4 1416.76 1185.76 970.199 822.338 700.881 429.43 413.905 397.3 336.062 311.701 275.122 235.447 274.156 244.172 232.856 232.317 219.054 213.859 195.949 179.687 199.746 187.572 175.884 174.965 173.552 190.85 167.189 166.066 150.069 149.18 149.136 154.004 145.399 142.815 141.939 140.229 169.387 136.968 131.813 134.316 125.6 124.77 123.482 123.162 123.056 121.319 116.592 147.282 140.133 115.553 113.743 113.353 111.089 110.923 111.12 109.905
threshold=1.0000000180025095e-35 8.5000000000000018 40.500000000000007 0.0010102827829464502 3.2613636363636371 1.1299344590128177 1.0000000180025095e-35 0.0089572397709962014 2.5000000000000004 16.500000000000004 5.7638888888888902 -0.70581670320594825 2.5000000000000004 35.500000000000007 0.52272727272727282 46.500000000000007 0.41055711061529465 28.250000000000004 1.5000000000000002 -1.6785714285714284 26.500000000000004 0.015031831250366652 73.750000000000014 4.5000000000000009 27.500000000000004 15.712825000000002 13.950000000000003 4.4479007617924431 1.0000000180025095e-35 1.0000000180025095e-35 13.65 0.21785265937962559 8.9500000000000011 10.958333333333334 24.500000000000004 0.57916727035641857 0.83954846046276022 3.6154505583779444 1.0000000180025095e-35 18.150000000000002 26.500000000000004 3.7098818233679531 52.750000000000007 1.2306153768786678 0.025993329492000405 13.65 -0.66312265824079508 -0.66312265824079508 11.500000000000002 0.022656104016381354 1.073890541690097 14.564285714285718 2.7888476607143056 4.1379853012627477 6.9500000000000011 0.30952380952380959 0.061734949832775853 1.7433819244929099 4.3770037726552413 1.3288593994561475 53.800000000000004 -0.95297903005573337
decision_type=2 2 2 2 8 2 8 2 2 2 10 2 2 2 10 2 2 2 2 2 2 2 2 2 2 2 2 2 8 2 2 2 2 10 2 2 2 2 10 2 2 2 2 2 2 2 2 2 2 2 2 2 2 2 2 2 2 2 2 2 2 2
left_child=3 4 9 -1 8 6 15 11 12 48 23 13 21 43 17 16 30 18 25 -20 33 -2 -4 24 -6 27 -27 -9 58 55 -5 -32 -18 -12 -11 49 47 39 -30 -38 -23 -39 52 -7 -17 -46 -16 -21 -3 -14 -34 -44 -43 -54 -55 -26 -10 -19 -13 -28 -61 -8
right_child=1 2 22 5 10 7 61 14 56 34 20 28 35 -15 46 44 32 57 19 36 -22 40 -24 -25 29 26 59 -29 38 -31 31 -33 50 -35 -36 -37 37 41 -40 -41 -42 42 51 -45 45 -47 -48 -49 -50 -51 -52 -53 53 54 -56 -57 -58 -59 -60 60 -62 -63
leaf_value=-0.099759930764569654 -0.017904713377898996 0.015638508604356557 0.0496507127161986 -0.087547406469123859 0.0061119310389517248 0.015258252023731262 -0.055182048526093222 -0.061505194965988476 0.003311695058611177 0.025724790819107377 0.014571733400031876 -0.059962049271485809 -0.054504625278717772 -0.072016587235496102 -0.045414600999424432 -0.068490909258040342 0.017486125236328021 -0.094868213281171232 -0.086535345913262562 0.015831833151285626 0.0090216917647638773 -0.0047057825462294769 0.064081435285166841 0.0068657503445168347 -0.036186181293499035 -0.076242107214493648 0.039234671876331388 0.039353446730819946 -0.092641514536693378 5.4176384950819584e-05 -0.098180503576594746 0.017848402274183241 -0.0080315374443663528 0.030635003116892792 0.033393197515582215 -0.01819225240425747 -0.046851974116695332 0.036311404886113216 -0.056684676896035728 0.018808640258273779 -0.01185213731182495 -0.090916076885053224 0.024728368285396207 -0.049823083541314338 0.0051338020993238389 -0.096985409269926715 -0.01446528188058163 -0.098966471375177542 0.02075077149876025 -0.024111078460978826 -0.091341370126998875 -0.081299517773500918 0.019018568917361055 0.013042027454050656 -0.069585479624495655 -0.0081180744999832053 -0.0028357097996494405 -0.057574985907391713 0.032924952418655354 -0.06397138223767361 -0.018032877485306919 -0.098531492537013626
leaf_weight=16560.17203104496 9033.3746220469475 30770.513924241066 6896.8012526035309 623.12396878004074 15007.960320115089 252.40261366963387 155.27447289228439 86.305377870798111 11727.772300362587 21275.526741862297 17085.878212630749 107.98624157905579 858.22266921401024 571.14671891927719 426.72941184043884 89.945662260055542 150.35549527406693 259.14804318547249 155.94782999157906 30.437903702259064 30578.622224330902 12473.064405977726 4294.3760104179382 36392.763277232647 511.64503827691078 861.73792216181755 42.078831672668457 96.66055554151535 2285.6467302143574 23611.37847507 56.708275020122528 91.073935329914093 81.071503341197968 1777.2350399494171 9148.5461242198944 1122.3252779245377 517.62419393658638 172.91692674160004 328.28955405950546 97.865708291530609 15700.177340984344 71.798757940530777 286.01340466737747 117.70624741911888 424.96963274478912 33.830598711967468 1415.533937394619 100.59370285272598 19218.638168215752 550.08311855792999 97.735605508089066 28.785901784896851 140.03318095207214 72.428149461746216 171.95331248641014 1293.4869353175163 20989.464671552181 1018.9888184070587 44.851531445980072 307.55272552371025 232.0666084587574 5263.9522203207016
leaf_count=57142 7658 10328 846 1807 7281 138 386 154 6141 5281 6203 219 1309 1457 687 165 113 758 409 27 12332 8622 342 16018 514 2173 30 46 7005 12844 172 72 102 446 1836 1157 913 100 666 60 11897 154 192 215 314 102 1491 284 5579 601 257 67 112 40 341 875 12014 2199 36 673 328 17776
internal_value=-0.000178647 0.00942426 0.0256608 -0.082344 0.00193929 -0.0657344 -0.0849509 -0.0525418 -0.00700859 0.02155 0.00707414 -0.0751656 -0.0122585 -0.0459025 -0.0398078 -0.0443227 -0.0596685 -0.0468388 -0.0400598 -0.0268458 0.0117176 -0.0109268 0.0551939 0.00408528 0.00158189 -0.0550323 -0.0609464 -0.00827031 -0.0850989 -0.00109295 -0.0759974 -0.0270023 -0.0212961 0.016087 0.0280319 -0.0318232 -0.0212885 -0.0169517 -0.0881509 -0.03639 -0.00868871 -0.00424662 -0.0133844 -0.00550467 -0.0134974 -0.00257985 -0.0216576 -0.0723437 0.0176044 -0.042662 -0.0538511 0.0147904 -0.0328265 -0.0217561 -0.0451232 -0.0160921 -0.000631933 -0.0652085 -0.0326342 -0.0381865 -0.0442944 -0.0973008
internal_weight=324247 290318 91604.4 33929.4 198713 17369.3 7068.04 10301.2 72454.5 80413.2 126259 3708.03 39737.2 941.256 6593.2 1648.81 1100.07 4750.94 3472.8 1846.4 49441.7 37206.6 11191.2 76817.2 40424.5 1626.4 1443.44 182.966 2766.77 25416.5 770.906 147.782 329.163 18863.1 30424.1 2530.63 1690.45 1559.42 2613.94 615.49 28173.2 943.93 771.013 370.109 548.746 458.8 1842.26 131.032 49989.2 1408.31 178.807 314.799 456.213 384.415 244.381 1805.13 32717.2 1278.14 152.838 581.698 539.619 5419.23
internal_count=229506 130124 24212 99382 105912 42240 21266 20974 49399 23024 56513 9736 31244 1810 11238 3104 2523 9060 6103 2699 18981 28177 1188 37532 21514 3404 3204 200 7926 14233 2051 244 472 6649 7117 3067 2290 1979 7671 973 20519 1006 906 353 581 416 2178 311 15907 1910 359 259 647 493 381 1389 18155 2957 255 1031 1001 18162
is_linear=0
shrinkage=0.05


Tree=24
num_leaves=63
num_cat=0
split_feature=17 11 17 14 14 23 27 11 11 14 60 60 19 19 23 12 28 49 42 26 59 0 48 11 0 14 11 29 2 44 11 28 44 14 28 11 20 23 17 14 29 23 41 59 23 59 44 19 3 7 0 41 23 23 57 14 20 46 46 43 44 41
split_gain=95902.2 12814 4155.21 3564.6 3297.91 1361.99 1199.77 896.138 776.902 633.943 578.314 407.861 376.102 322.773 878.052 310.987 288.244 285.1 281.613 238.853 427.358 268.763 232.161 224.029 211.094 197.325 190.209 184.095 175.624 167.796 163.684 158.759 202.552 156.872 151.106 148.892 180.005 140.04 137.206 134.324 131.519 151.124 186.774 229.547 137.354 233.045 126.128 165.233 120.073 118.888 121.222 118.229 117.476 116.61 155.323 110.085 103.533 101.957 100.671 97.8647 92.7132 92.3991
threshold=1.0000000180025095e-35 8.5000000000000018 43.500000000000007 1.0000000180025095e-35 3.2613636363636371 1.5451920405208079 0.75802418621567569 1.5000000000000002 14.500000000000002 5.6833333333333345 6.9500000000000002 18.000000000000004 24.500000000000004 1.0000000180025095e-35 0.54853950022769093 1.5000000000000002 1.3288593994561475 72.90000000000002 8.8500000000000032 89.500000000000014 17.321428571428573 32.500000000000007 27.550000000000004 3.5000000000000004 26.500000000000004 72.125000000000014 4.5000000000000009 1.2306153768786678 -0.060268340127661552 16.250000000000004 1.0000000180025095e-35 0.21785265937962559 12.65 10.34848484848485 0.41055711061529465 1.0000000180025095e-35 0.43469641516516516 19.180863774672392 24.500000000000004 8.9583333333333339 1.2306153768786678 2.0485051412335351 9.828571428571431 7.4000000000000012 2.0697051859511464 -1.7214285714285713 13.450000000000001 32.500000000000007 -0.17992617227144048 1.5000000000000002 17.500000000000004 -5.1785714285714279 4.7696315513601784 0.77935826657944762 2.2833841861232735 0.34848484848484851 0.30952380952380959 1.7000000000000004 7.9500000000000011 5.9000000000000012 13.65 10.092857142857145
decision_type=2 2 2 10 8 2 2 2 2 10 2 2 8 8 2 2 2 2 2 2 2 2 2 2 2 8 2 2 2 2 2 2 2 10 2 2 2 2 2 8 2 2 2 2 2 2 2 8 2 2 2 2 2 2 2 10 2 2 2 2 2 2
left_child=3 4 8 5 7 13 -7 15 39 26 37 12 -12 14 -1 35 17 -14 60 20 27 -22 52 -9 33 -4 28 -18 30 -13 56 -20 34 -11 53 36 -2 40 -10 -3 -8 -42 44 61 45 -43 48 -48 -5 -17 -51 -46 -21 54 -33 -49 -6 -29 -50 -36 -16 -44
right_child=1 2 25 46 9 6 10 23 38 24 11 29 16 -15 18 49 19 -19 31 22 21 -23 -24 -25 -26 -27 -28 57 -30 -31 -32 32 -34 -35 59 -37 -38 -39 -40 -41 41 42 43 -45 51 -47 47 55 58 50 -52 -53 -54 -55 -56 -57 -58 -59 -60 -61 -62 -63
leaf_value=-0.099959937817803657 -0.037729286751847134 0.013946279162023956 0.048008289381479968 -0.018505987092595117 -0.034618241025750264 -0.09975368900543588 -0.098732333529811867 -0.0053951045883291011 0.024946060993796686 0.013507661486546205 -0.010241795866947175 -0.08328949819015885 -0.099426430871207561 -0.099923504990399148 -0.0073669355682234681 -0.011100096600028371 -0.099744899123471037 0.014660424728124084 -0.099268762990574202 -0.0089208179308999883 -0.089566532680486144 0.0020774078783969167 -0.085630449668107206 0.0016239639672238815 0.0084845187839224841 0.061834042151274485 0.0064747620777154333 -0.028246462009622431 0.0058661970321651959 -0.01852103887118841 4.525194937564659e-05 -0.098067168341528163 0.014584815629353105 0.027757569363720209 -0.0017307809707765697 -0.015850430293901527 -0.018439136095420864 -0.0039429077792541593 0.03250765188402982 0.019097901802573057 -0.098084494214810442 0.047045151609594771 -0.038698344806431459 -0.076135183865012168 0.058070758276009875 -0.088352757007573099 -0.089526789641336812 -0.044392379431529412 -0.063979379941192779 0.012607171726123176 -0.012720030184606863 -0.082773048900316379 -0.086594984832367272 -0.099596351900242575 0.019908570920329549 -0.010505800591953092 -0.0080138661788748174 -0.069012995354146053 -0.035635032083504416 -0.096961216645994178 -0.096675731768479378 0.016982043864056783
leaf_weight=2619.9256272017956 2181.6443331241608 21465.90028834343 6271.5221676826477 437.34378781914711 511.28264394402504 3376.2878204584122 788.23386341333389 32840.055675446987 19431.442364573479 17412.266718804836 639.03541776537895 1184.3189470469952 465.99679639935493 13102.107796579599 369.38104996085167 7673.6816022992134 410.60187855362892 61.679863393306732 245.71389508247375 722.28175956010818 99.87175926566124 386.00968334078789 132.47529664635658 17384.417033851147 31638.967730164528 4435.7810974121094 35152.542466282845 210.59921243786812 14291.572378396988 110.15574020147324 23742.094368219376 53.324441313743591 97.094012081623077 2173.6519407629967 123.75369912385941 7628.806660592556 2724.5974763631821 61.178215861320496 8714.4616038799286 30920.96394765377 608.51187825202942 57.088868081569672 172.66040259599686 309.43474611639977 14.328969717025755 69.293576180934906 83.353642076253891 301.4130165874958 595.22996431589127 1200.1369063854218 777.65316009521484 1728.6280739307404 51.256350427865982 259.12757167220116 56.667692929506302 1163.9833056032658 1283.8457583487034 589.36592003703117 675.21587041020393 33.553302347660065 30.585898816585541 129.56770119071007
leaf_count=9503 2722 7431 769 571 517 12192 2616 21325 4826 6389 780 3511 1587 47519 369 5848 1341 77 813 856 306 324 368 8850 12811 366 15504 356 6938 184 12917 176 86 565 157 6708 2716 97 1727 9093 2098 36 369 875 7 213 192 517 1181 623 607 5027 122 837 60 1203 872 1484 1052 90 97 133
internal_value=-0.000179543 0.0089685 0.0244792 -0.0814493 0.00184311 -0.0869527 -0.0743199 -0.00666267 0.0205879 0.00672337 -0.0647707 -0.0535682 -0.0452262 -0.0961511 -0.0834185 -0.0150314 -0.0523614 -0.0860789 -0.0492173 -0.0454924 -0.0565648 -0.0168948 -0.0247151 -0.00296548 0.0110108 0.0537417 0.00379419 -0.0724558 0.00142812 -0.0778003 -0.00105553 -0.065182 -0.0516039 0.0150907 -0.0638257 -0.0202259 -0.0270238 -0.0791535 0.0272885 0.0169874 -0.0803375 -0.0756123 -0.0700613 -0.0459275 -0.0779266 -0.027263 -0.031802 -0.0214395 -0.0411785 -0.00828298 0.00264477 -0.0815797 -0.0141793 -0.0812902 -0.0376095 -0.0175048 -0.0156091 -0.0583357 -0.0489587 -0.022559 -0.014433 -0.0148339
internal_weight=322484 289857 91240.1 32626.6 198617 29370.1 12378.9 72411 80532.8 126206 9002.57 5063.65 3769.17 16991.2 3889.13 22186.5 3130.14 527.677 1269.2 2602.46 1696.45 485.881 906.013 50224.5 51224.9 10707.3 74981.3 1210.57 39828.8 1294.47 25537.2 869.235 623.521 19585.9 526.427 12535 4906.24 3938.93 28145.9 52386.9 3877.75 3089.51 2481 611.663 1869.34 126.382 3256.54 1548.75 1707.79 9651.47 1977.79 1742.96 773.538 369.12 109.992 1465.4 1795.13 799.965 1270.45 157.307 399.967 302.228
internal_count=229506 130124 24212 99382 105912 94666 34959 49399 23077 56513 22767 11296 7601 59707 12188 19224 6821 1664 2685 5157 3811 630 1346 30175 19765 1135 36748 3181 21244 3695 14306 2219 1406 6954 1320 12146 5438 11471 6553 16524 11374 8758 6660 1377 5283 249 4716 1912 2804 7078 1230 5034 978 1073 236 1720 1389 1840 2233 247 466 502
is_linear=0
shrinkage=0.05


Tree=25
num_leaves=63
num_cat=0
split_feature=13 13 14 16 13 22 27 19 22 17 14 11 60 41 59 3 41 44 25 22 43 36 17 22 11 25 48 25 41 59 11 44 22 22 41 44 22 44 11 11 20 2 14 59 60 44 28 22 22 46 41 14 2 20 41 20 14 47 22 43 22 59
split_gain=89826.9 11657.3 3610.44 3585.93 3214.4 1415.32 996.166 1030.08 1114.72 863.549 527.7 485.925 364.272 329.272 243.423 368.588 361.529 292.738 265.678 342.513 256.785 243.004 230.353 224.162 216.419 209.342 189.461 183.208 167.762 207.818 159.372 154.459 146.21 250.627 193.57 184.359 177.78 142.23 140.876 138.946 185.957 120.221 131.542 158.224 120.708 113.534 109.344 150.573 139.733 105.08 104.049 103.219 102.494 104.724 101.819 98.6663 98.192 95.0238 94.465 92.7022 106.293 88.6747
threshold=1.0000000180025095e-35 8.8750000000000018 1.0000000180025095e-35 32.250000000000007 3.6250000000000004 0.17105263157894732 0.75802418621567569 24.500000000000004 0.6243872549019609 2.5000000000000004 15.183333333333335 6.5000000000000009 6.9500000000000002 5.2000000000000011 -0.14285714285714277 -0.70581670320594803 13.085714285714287 15.350000000000003 1.7648819844813388 1.5076208621100264 1.0500000000000003 1.5000000000000002 80.500000000000014 3.0963154492566263 1.0000000180025095e-35 1.205289373814042 29.550000000000004 1.205289373814042 9.828571428571431 7.4000000000000012 4.5000000000000009 15.250000000000002 1.726914697502933 2.7065496786950081 -0.14285714285714277 14.15 4.2556048154555954 15.050000000000002 13.500000000000002 1.0000000180025095e-35 0.2477418414918415 -0.66312265824079508 0.95833333333333337 2.9214285714285717 9.2500000000000018 4.0000000000000009 0.23945382919755137 0.17993867587520837 0.34221813725490197 18.550000000000004 10.092857142857145 1.1742424242424245 -0.91023613416931237 0.049999999999999954 -5.1785714285714279 0.2477418414918415 4.6833333333333345 1.6450000000000002 6.3762147402820784 5.9000000000000012 0.49571078431372556 0.3714285714285715
decision_type=2 2 10 2 2 2 2 8 2 2 10 2 2 2 2 2 2 2 2 2 2 2 2 2 2 2 2 2 2 2 2 2 2 2 2 2 2 2 2 2 2 2 10 2 2 2 2 2 2 2 2 10 2 2 2 2 8 2 2 2 2 2
left_child=2 4 5 10 9 45 -7 13 -9 24 38 31 25 -8 -14 17 18 -16 -17 -20 32 30 -5 -19 -2 -10 46 -18 54 50 37 56 35 -34 -35 -21 -36 -11 -3 40 52 44 43 -43 -4 -1 47 -15 -48 -49 -30 -42 -23 -54 -27 -26 -6 -44 -56 60 -50 -33
right_child=1 3 41 22 11 6 7 8 12 21 -12 -13 14 26 15 16 27 23 19 20 -22 39 -24 -25 55 28 -28 -29 29 -31 -32 61 33 34 36 -37 -38 -39 -40 -41 51 42 57 -45 -46 -47 48 49 59 -51 -52 -53 53 -55 58 -57 -58 -59 -60 -61 -62 -63
leaf_value=-0.036682310663726174 -0.023482407538816401 0.015947318322383826 -0.071035179928055109 0.044575170654405194 0.0015427330796401037 -0.099748154216870333 -0.0092717145835744339 -0.099966802585084169 -0.099858099795341437 -0.0035449166119200606 0.027287998761918827 0.011512002833098708 -0.088921272425211945 -0.097618919517519928 -0.092335768775251764 -0.087648494037567887 0.018778704304699551 -0.012697755840980872 -0.099466139160149278 0.037097507446441545 -0.08259257559820446 -0.074324708252533206 0.05910960693992226 -0.095643444052074991 -0.0080748810729213832 0.045796296772001706 0.026579268753947855 -0.035700015048104043 -0.042031265968180853 -0.074465046991570402 0.0054817344487593468 0 -0.082397687800942629 -0.059697001207753245 0.021587418723037152 -0.096488969646265424 -0.087045637441949458 0.003096920365962476 0.021756562645574289 0.0065469605333431762 -0.028355263479476856 -0.053174773718526559 -0.0040990326388018186 -0.019786373812063537 -0.030723660880466609 -0.09896275745203148 -0.09727878906884202 0.034751035392882879 -0.0016449617402878253 -0.094496559580584186 0.016162827533017718 -0.00751690666561623 -0.0083808157398782071 -0.048064182501273173 -0.079908914784213983 -0.015746762093131937 0.0056182756550896109 -0.043178718523229132 -0.011621910701488009 -0.093308812136361372 -0.057545536671873822 0.011071847876928829
leaf_weight=75.393451362848282 4486.8698065280914 35086.345323085785 322.44256141781807 6200.2871649265289 25703.890356898308 3449.6676914095879 772.41208937764168 3161.8968781530857 738.95664948225021 39875.712949633598 20015.806488513947 46515.200627088547 430.051284968853 43.097627431154251 692.59393864870071 359.59759899973869 352.85191994905472 269.89420518279076 195.68046832084656 188.89496311545372 175.56919679045677 145.92995563149452 4910.6049544811249 116.01469269394875 10411.308637320995 16.086851119995117 68.80400276184082 272.65444764494896 186.19762507081032 343.02806290984154 7799.8620220422745 2099.5673172473907 160.28262475132942 143.25950929522514 318.88810661435127 28.905751138925552 41.686323404312134 10100.774897694588 14882.609093785286 928.11210459470749 695.47912791371346 645.7261643409729 837.92031270265579 792.06812357902527 444.53007414937019 12662.368193328381 252.31550022959709 88.528271317481995 123.75183591246605 18.078974604606628 129.38367480039597 4071.0784328579903 336.80090025067329 329.00704684853554 1857.587002068758 7024.1926135420799 34786.934499621391 190.19620418548584 52.620944917201996 104.12515333294868 272.57137095928192 13030.726537942886
leaf_count=152 4969 10956 711 805 12862 13062 927 11901 2580 24396 4488 17292 1350 152 2272 1116 207 394 634 97 496 209 422 375 7981 11 24 519 423 1008 3672 1002 378 318 273 83 111 5609 3916 505 730 1169 799 1088 687 47877 834 61 157 61 133 3035 277 376 5607 5901 15297 262 92 314 667 5424
internal_value=-0.000180127 0.00853355 -0.0805071 0.0246169 0.00227308 -0.0862519 -0.0760517 -0.069218 -0.0752724 -0.0051193 0.0204269 0.00749073 -0.0642162 -0.033663 -0.0534906 -0.0488698 -0.0372661 -0.07289 -0.0497746 -0.0388414 -0.0275351 -0.00219669 0.051004 -0.0378292 -0.0136885 -0.0762853 -0.0530257 -0.00497934 -0.0695084 -0.0475719 -0.00116487 0.00501703 -0.0164876 -0.0281398 -0.0107401 0.0189856 0.00880842 -0.0022024 0.017678 -0.0113568 -0.0143372 -0.0304479 -0.0250479 -0.0348114 -0.0477479 -0.0985974 -0.059123 -0.019883 -0.0668835 0.0121117 -0.0181811 -0.0105637 -0.0364485 -0.0280404 -0.0769775 -0.0111666 0.00388662 -0.0113684 -0.0780375 -0.0513854 -0.0401512 0.00953548
internal_weight=320834 289437 31396.6 81095.7 208341 28163.7 15425.9 11976.3 10232.6 86205.1 69984.8 122136 7070.69 1743.68 3746.83 3316.77 2238.27 1078.5 1612.76 1253.17 1057.49 64282.8 11110.9 385.909 21922.4 3323.86 971.273 625.506 2584.9 658.609 57776.3 75621.1 881.917 664.117 503.834 217.801 360.574 49976.5 49969 6506.41 5578.3 3232.88 2465.91 1437.79 766.973 12737.8 902.469 149.705 752.764 106.607 315.581 4766.56 811.738 665.808 1926.29 17435.5 60490.8 1028.12 1910.21 500.448 396.323 15130.3
internal_count=229506 130124 99382 20587 109537 94666 46637 33575 30378 57660 19360 51877 18477 3197 8623 7273 4232 3041 3506 2390 1756 38809 1227 769 18851 9854 2270 726 7274 1564 33677 34585 1260 1080 702 180 384 30005 14872 5132 4627 4716 3318 2257 1398 48029 2246 274 1972 122 556 3765 862 653 5710 13882 28159 1061 5699 1138 824 6426
is_linear=0
shrinkage=0.05


Tree=26
num_leaves=63
num_cat=0
split_feature=13 11 24 17 14 28 24 11 0 14 11 2 60 0 36 44 50 11 14 35 47 41 28 41 43 14 25 23 46 0 46 0 11 13 45 49 28 41 20 25 36 60 23 58 28 14 60 24 14 20 23 25 0 2 14 28 24 20 60 23 44 23
split_gain=84120.2 10614.5 4398.18 3271.12 3061.95 1843.24 1169.26 795.418 713.474 662.728 527.104 433.624 366.707 337.566 334.599 295.827 281.835 217.127 208.637 205.163 272.139 226.278 312.796 236.274 203.278 194.728 171.385 171.757 178.714 167.527 167.296 162.534 160.692 160.259 140.009 138.537 137.832 164.248 133.509 131.384 171.074 126.128 125.637 170.958 205.675 124.889 122.822 120.868 119.966 114.192 111.838 111.394 109.436 108.647 99.3886 99.0824 113.929 95.5004 95.4562 179.416 94.8698 93.2529
threshold=1.0000000180025095e-35 9.5000000000000018 0.0010102827829464502 47.500000000000007 3.3484848484848491 1.1299344590128177 0.0089572397709962014 2.5000000000000004 36.500000000000007 6.6833333333333345 16.500000000000004 -0.70581670320594825 8.1500000000000021 35.500000000000007 2.5000000000000004 13.450000000000001 1.980201388888889 5.5000000000000009 1.591666666666667 3.5000000000000004 2.4500000000000006 2.8428571428571434 0.41055711061529465 -1.7214285714285713 2.3500000000000001 0.15476190476190474 1.6079262213359924 2.7958977827482148 17.000000000000004 27.500000000000004 7.9500000000000011 26.500000000000004 1.0000000180025095e-35 77.875000000000014 0.95000000000000007 37.250000000000007 1.9395122059367091 -0.14285714285714277 0.57916727035641857 1.205289373814042 11.500000000000002 9.9000000000000021 0.73921559889135746 1.0000000180025095e-35 0.21785265937962559 11.04166666666667 14.250000000000002 0.022656104016381354 11.683333333333335 0.066263597513597464 12.858821850773944 1.205289373814042 27.500000000000004 -0.61559370248597534 0.52272727272727282 2.4533183558325962 0.027835415777006902 0.30952380952380959 10.750000000000002 9.9861502359538061 17.100000000000005 3.5227190751902699
decision_type=2 2 2 2 8 2 2 2 2 10 2 2 2 2 2 2 2 2 10 2 2 2 2 2 2 8 2 2 2 2 2 2 2 2 2 2 2 2 2 2 2 2 2 2 2 10 2 2 8 2 2 2 2 2 8 2 2 2 2 2 2 2
left_child=2 4 -1 10 7 8 11 14 -4 17 48 13 15 51 18 25 -10 29 60 -18 21 23 35 -21 -24 -8 41 28 -28 -6 53 45 57 -5 -17 -23 -29 -38 47 40 -13 -14 43 44 -37 -11 -26 -16 -3 -9 54 -7 -20 -27 -36 -39 -57 -31 -58 -60 -2 -41
right_child=1 3 5 33 9 6 12 49 16 31 -12 39 26 -15 38 34 19 -19 52 20 -22 22 24 -25 46 30 27 36 -30 32 -32 -33 -34 -35 50 42 37 55 -40 61 -42 -43 -44 -45 -46 -47 -48 -49 -50 -51 -52 -53 -54 -55 -56 56 58 -59 59 -61 -62 -63
leaf_value=-0.099692839453624699 -0.014935901248472022 0.015107870617612405 -0.097670700941177899 0.046058021595069248 0.006060131353779836 0.013890614109754493 -0.075115503136278031 0.0032349271748521001 -0.0044208298417878766 0.014251057116712372 0.026749981524174307 -0.09796514897119768 -0.0051642743463527459 -0.067141134329956817 -0.050585114160026513 -0.058629035872155691 -0.099752943013896936 0.0076572480599129342 -0.0019669416296257849 -0.098586682165620984 -0.099726662490931525 -0.0017339407836779953 -0.087364150038554411 0.00089086071372431364 0.013477596725364248 -0.083499945391067726 -0.060679367999837912 0.038618440351599809 -0.0037183818293742513 -0.031128418639666595 -0.018022386595660828 0.0095958345580685889 0.0013869345191703576 0.059400551867786838 -0.034385826382004367 -0.098187158064941146 -0.046979893498606734 -0.09654801274480837 -0.015387868440374961 -0.086768427504540876 0.037478931571437453 -0.073565455824797302 -0.098705439746031812 -0.098464956759582237 0.019260031297344365 0.027107648390712398 -0.046323930039022118 -0.020419540278712411 0.020264908676525108 -0.0025860377336580989 0.066902634142182935 -0.045426966082272674 -0.0091702138225594788 -0.037078912214927415 -0.0028259658354304476 -0.017964726030362928 0.04396949425172484 -0.0064885855850437026 0.00831354592407124 -0.097593232976108224 -0.0020556105472821322 -0.060145419745744194
leaf_weight=14290.025431185961 14578.951560914516 28830.756336450577 3495.4909563660622 6309.0038322210312 22666.849115729332 252.04904899001122 971.69542351365089 14047.681389689445 188.05919545888901 13692.158735990524 20357.264467954636 1094.0474058389664 92.470489114522934 527.83023908734322 834.97156283259392 329.67585605382919 424.00316083431244 34207.479674220085 9045.4164072275162 73.293267548084259 383.14047291874886 53.876622825860977 112.85632184147835 303.10807514190674 212.96970352530479 268.15581527352333 395.07070767879486 132.53710669279099 211.60100081562996 541.81719514727592 390.78264731168747 25761.775943040848 35483.480955898762 3539.3856735229492 789.95759400725365 56.920107632875443 312.09498524665833 29.417261779308319 1129.0830092132092 594.60419398546219 23.280781328678131 250.7387281358242 553.9750699698925 139.15996399521828 103.75142526626587 2193.5704295039177 142.40874397754669 555.57917767763138 18567.572786688805 21047.156369864941 33.556153029203415 114.15336865186691 12650.273416161537 243.37640836834908 365.19152188301086 814.11053273081779 155.86629015207291 1432.9295665919781 478.6629279255867 42.626989632844925 1586.4206619262695 776.16159811615944
leaf_count=57142 12483 9156 13636 753 10563 138 2871 7331 171 4719 4500 4013 101 1457 1313 739 1656 14044 5826 277 1496 70 386 259 211 757 821 68 223 535 502 9740 18295 290 1506 204 529 68 1166 1884 16 635 1981 524 101 555 294 611 4993 11996 12 215 9141 378 374 1070 64 936 406 114 1178 2013
internal_value=-0.000180329 0.00811837 -0.0795494 0.0239341 0.0023139 -0.0614775 -0.0478165 -0.00576197 -0.0826687 0.00679645 0.0200198 -0.0715377 -0.035087 -0.0415877 -0.0105471 -0.0462646 -0.0635522 0.00447695 -0.00937222 -0.0678915 -0.0615193 -0.0531103 -0.0625062 -0.0186762 -0.0292102 -0.0595602 -0.0220666 -0.017621 -0.040859 0.00266737 -0.0427388 0.0120498 0.000614093 0.0508592 -0.0298233 -0.0796257 -0.010428 -0.0139967 -0.0281883 -0.0822764 -0.0951076 -0.0552193 -0.0845272 -0.0580735 -0.0226663 0.0160283 -0.010535 -0.0385597 0.0171286 -0.000255867 -0.0217875 -0.00465972 -0.00616747 -0.061539 -0.0244238 -0.0071977 -0.00536828 -0.013264 0.00977257 -0.000507379 -0.0136724 -0.0717523
internal_weight=319282 289060 30222.8 77604 211456 15932.7 9689.72 75475.5 6243.01 135980 67755.6 3382.13 6307.59 894.033 40380.7 3392.39 2747.52 94332.6 37861.1 2559.46 2135.46 1752.32 1375.92 376.401 468.235 1874.01 2915.2 2571.99 606.672 60125.1 902.315 41647.5 37458.2 9848.39 1518.38 907.683 1965.32 1832.78 2519.63 2488.09 1117.33 343.209 853.807 299.831 160.672 15885.7 355.378 1390.55 47398.3 35094.8 1188.71 366.202 21695.7 511.532 1155.15 1520.68 1491.27 1974.75 677.156 521.29 16165.4 1370.77
internal_count=229506 130124 99382 19692 110432 42240 20974 51045 21266 59387 18649 9736 11238 1810 31718 7139 7630 44373 28628 7459 5803 4307 3771 536 891 4508 4099 3363 1044 30329 1637 15014 19766 1043 2631 2880 2319 2251 3090 7926 4029 736 2810 829 305 5274 505 1924 14149 19327 1892 353 14967 1135 1880 1722 1654 1471 584 520 13661 3897
is_linear=0
shrinkage=0.05


Tree=27
num_leaves=63
num_cat=0
split_feature=13 11 24 17 13 22 19 24 13 17 2 11 60 0 42 22 44 24 36 19 43 39 29 26 12 13 0 11 24 22 42 36 45 2 22 22 59 42 44 24 44 60 19 22 50 24 29 22 22 44 0 20 11 24 22 24 22 24 24 60 59 42
split_gain=78743.5 9630.54 4544.09 3345.36 2471.84 1862.08 1514.25 1135.82 662.985 630.366 430.657 420.473 341.014 316.139 293.12 322.788 282.656 276.435 185.181 182.823 176.376 172.937 170.17 161.571 157.585 155.064 153.041 149.468 144.755 147.037 139.154 138.403 130.992 128.682 273.958 120.09 117.136 116.726 116.654 114.138 117.221 107.837 107.636 116.942 107.298 103.418 101.536 98.6561 98.1976 95.91 95.2933 93.7836 90.4302 85.8486 99.7935 84.9545 84.5464 133.946 82.3197 78.9311 75.1724 171.161
threshold=1.0000000180025095e-35 8.5000000000000018 0.0010102827829464502 47.500000000000007 2.6250000000000004 1.1080571117335825 1.0000000180025095e-35 0.0089572397709962014 5.3750000000000009 16.500000000000004 -0.70581670320594825 1.5000000000000002 8.1500000000000021 35.500000000000007 9.0500000000000025 0.17993867587520837 13.450000000000001 0.015031831250366652 7.5000000000000009 1.0000000180025095e-35 5.9000000000000012 1.4142135623730965 1.2306153768786678 89.500000000000014 1.5000000000000002 77.875000000000014 2.5000000000000004 24.500000000000004 0.023113350512029604 4.9903393665158378 17.400000000000002 2.5000000000000004 0.95000000000000007 -0.95297903005573337 0.6243872549019609 3.0328941359152366 -1.6785714285714284 12.450000000000001 17.100000000000005 0.025993329492000405 13.65 18.450000000000003 28.500000000000004 3.5160189075630259 56.886218055555567 0.037075770366305501 1.2306153768786678 4.3865884072927432 1.3122373949579835 11.65 3.5000000000000004 0.39583333333333343 11.500000000000002 0.017260325369110204 3.0328941359152366 0.0046906644566655506 6.3762147402820784 0.042677559686008761 0.052921335167587957 11.65 8.5428571428571445 11.350000000000001
decision_type=2 2 2 2 2 2 8 2 2 2 2 2 2 2 2 2 2 2 2 8 2 2 2 2 2 2 2 2 2 2 2 2 2 2 2 2 2 2 2 2 2 2 8 2 2 2 2 2 2 2 2 2 2 2 2 2 2 2 2 2 2 2
left_child=2 4 -1 9 11 6 14 10 28 52 13 17 16 46 39 -16 18 31 -9 47 36 53 -21 -14 -19 -5 -10 -11 29 -6 37 -2 -18 34 -8 -30 -20 -17 56 -4 -41 48 -34 -44 -22 -43 -7 -12 -25 -39 -26 -33 -3 -13 -55 -24 57 -28 -37 -48 61 -50
right_child=1 3 5 25 8 7 33 12 26 27 19 21 23 -15 15 30 32 24 20 22 44 -23 55 41 50 -27 38 -29 35 -31 -32 51 42 -35 -36 58 -38 49 -40 40 -42 45 43 -45 -46 -47 59 -49 60 -51 -52 -53 -54 54 -56 -57 -58 -59 -60 -61 -62 -63
leaf_value=-0.099661088535537568 -0.018630176554880758 0.012742669382418826 -0.062976180972552448 0.044224900104828192 -0.006273795489793333 0.013211604676201328 -0.09886973262408448 -0.028229005499617921 0.026840448974581422 0.021895527926318079 -0.053666165641678046 -0.010070215172648464 -0.035573623411794396 -0.065262405859318973 -0.099632333085922814 -0.074966890149175722 -0.056681513431788823 -0.013730070529802095 -0.030688679956267548 -0.099896477233130138 0.0074843872058539696 0.0070439924132912925 -0.087233056576336218 -0.096344412246918448 0.014740395608642093 0.057445429503758652 0.0034329325689526147 0.030974404021377817 0.0005939498264360668 0.0027661332715453383 -0.096731344109795003 -0.054824608842666947 -0.094998416104528624 -0.098030948169360893 0.047554820222295673 0.0040439273437515456 -0.079622007311996229 -0.035159660400207647 0.015555808690092522 0.0078481046899539983 -0.09635728770337737 -0.018855028045064927 -0.029097170317667172 0.0048184655551138343 -0.061999821147219129 -0.077704535105352038 -0.085714011913224961 0.034795982461241791 -0.0056307213561547853 0.0093616950650054816 -0.0056329313178739744 -0.02331813432019994 0.017130839156761127 -0.0064715760330974689 0.00049076231344624189 -0.060468412802070229 0.012382223361738142 0.0091478216475028209 0.010766507454753875 -0.0023628557811322861 0.014269607441941976 -0.098030357655614908
leaf_weight=13597.317267671227 5207.3007454872131 30639.569373130798 80.867242008447647 6243.7414380311966 9194.5916997790337 251.81064936518669 91.898372754454613 413.38058602809906 1178.8724265098572 25359.11016356945 101.90918669104576 6656.0402795672417 1161.826437830925 516.20412328839302 284.58457663655281 108.67984530329704 324.13197141885757 9230.8207998275757 140.54058358073235 1013.2696449756622 117.67099848389626 3265.2083098292351 533.50623390078545 27.72315126657486 628.25182592868805 3478.476233959198 16324.435416102409 5533.3914855718613 26729.089639544487 8803.889646589756 83.45566201210022 483.54139095544815 46.013161569833755 4339.5272795706987 47.888710826635361 35332.645408570766 1060.48878505826 312.61955496668816 5532.3761162757874 422.21258041262627 27.824675530195236 271.72580319643021 755.27755969762802 382.08340421319008 103.75090998411179 102.6604115664959 55.344768315553665 44.548499882221222 844.30256456136703 196.11502689123154 6523.0408279895782 467.33605539798737 19080.694292068481 12298.49954110384 8847.6487981081009 707.85574135184288 8849.5592828989029 27590.833724200726 5228.6320199966431 57.648651748895645 430.18090602755547 52.309170722961426
leaf_count=57142 4904 10328 155 753 5314 138 354 586 319 6219 219 4687 2010 1457 1092 318 739 8377 296 3960 132 1679 1815 89 315 290 6965 1043 13909 4417 281 830 117 17776 32 17206 3212 669 1942 313 102 385 1347 428 282 239 132 36 874 174 4827 568 5579 8200 5337 1896 3220 10622 2274 83 340 162
internal_value=-0.000180068 0.0077227 -0.0785583 0.0212551 0.00156019 -0.0600544 -0.0818828 -0.0462938 0.00495663 0.0179131 -0.070102 -0.00761154 -0.0337492 -0.040121 -0.038655 -0.0547787 -0.0446248 -0.0128103 -0.0578036 -0.0810793 -0.0663689 -0.00383928 -0.084598 -0.021158 -0.00941382 0.048961 0.00900857 0.0235228 0.00213088 -0.00185176 -0.0364431 -0.0218417 -0.0285447 -0.0965035 -0.0486901 0.00319622 -0.0739304 -0.0281426 0.00864744 -0.00867024 0.00119491 -0.0114528 -0.0207923 -0.017705 -0.0251835 -0.0351695 -0.00445069 -0.026671 -0.00487277 -0.0180024 -0.00384059 -0.0393859 0.0144271 -0.00511784 -0.00355838 -0.0720362 0.00792272 0.00702369 0.00491088 -0.0436263 -0.00288659 -0.0111302
internal_weight=317817 288708 29109.2 90335 198373 15511.8 5995.67 9516.16 144765 80612.8 3282.1 53607.7 6234.07 881.008 1516.36 985.455 3343.34 22540.3 1835.83 2401.09 1422.45 31067.4 2254.63 2890.73 16382.1 9722.22 59476.1 30892.5 85288.8 17998.5 700.87 6158.18 1507.51 4479.31 139.787 67290.4 1201.03 617.414 58297.2 530.904 450.037 1728.9 1183.37 1137.36 221.422 374.386 364.804 146.458 1354.52 508.735 7151.29 950.877 49720.3 27802.2 21146.1 1241.36 52764.8 43915.3 40561.3 112.993 1326.79 896.612
internal_count=229506 130124 99382 24212 105912 42240 21266 20974 66188 23169 9736 39724 11238 1810 3104 2534 7139 19821 4508 7926 3922 19903 7671 4099 13519 1043 23068 7262 43120 9731 1442 6302 2631 18162 386 33389 3508 1161 22749 570 415 2089 1892 1775 414 624 353 255 1465 843 5142 1398 15907 18224 13537 3711 20807 17587 19480 215 1376 1036
is_linear=0
shrinkage=0.05


Tree=28
num_leaves=63
num_cat=0
split_feature=37 13 11 24 17 28 19 14 24 24 14 17 0 0 11 42 45 24 19 28 14 60 47 28 36 43 25 23 44 0 0 28 14 0 24 59 14 28 27 11 60 23 44 28 24 59 57 41 20 14 45 43 11 18 25 0 57 23 36 28 24 0
split_gain=73724.3 9206.34 3847.09 3348.58 2061.89 1193.62 1482 794.146 784.48 663.406 579.715 425.403 416.254 415.426 361.423 320.047 294.323 262.535 250.633 232.967 232.964 230.308 207.568 194.88 193.363 179.617 173.523 169.133 168.982 166.367 162.836 162.299 161.844 148.034 143.715 134.509 149.945 126.284 125.176 127.403 119.793 114.833 209.722 159.025 130.508 125.427 143.924 109.919 108.636 107.647 124.183 105.189 101.338 100.031 98.3188 98.2442 97.5423 165.421 96.1375 96.1128 93.7407 89.3369
threshold=1.0000000180025095e-35 6.1250000000000009 25.500000000000004 0.0010102827829464502 2.5000000000000004 0.78781137129374801 1.0000000180025095e-35 11.683333333333335 0.0089572397709962014 0.00065816849892975004 3.7638888888888893 68.500000000000014 32.500000000000007 35.500000000000007 1.0000000180025095e-35 9.0500000000000025 0.8500000000000002 0.024127035830451855 2.5000000000000004 0.41055711061529465 10.591666666666669 0.95000000000000007 3.5700000000000007 4.2444891263813238 1.5000000000000002 -4.6999999999999984 0.77113572701807998 3.6899206532858599 13.65 32.500000000000007 27.500000000000004 0.21785265937962559 7.8452380952380958 5.5000000000000009 0.014237177420765803 -0.14285714285714277 0.42261904761904762 2.1470940490963044 3.3207720474597116 1.0000000180025095e-35 24.300000000000001 3.6154505583779444 14.300000000000002 1.4437308574321379 0.024609496024777404 10.178571428571429 -1.9610695331961436 -5.0142857142857133 0.28525736872776347 1.0000000180025095e-35 9.2500000000000018 -6.6499999999999995 16.500000000000004 1.7000000000000002 1.205289373814042 5.5000000000000009 2.2833841861232735 0.73921559889135746 8.5000000000000018 3.6254826819714814 0.025993329492000405 34.500000000000007
decision_type=2 2 2 2 2 2 8 8 2 2 8 2 2 2 2 2 2 2 8 2 8 2 2 2 2 2 2 2 2 2 2 2 10 2 2 2 10 2 2 2 2 2 2 2 2 2 2 2 2 8 2 2 2 2 2 2 2 2 2 2 2 2
left_child=3 4 7 -1 9 6 15 32 12 -2 17 -4 58 54 20 51 -10 23 -15 28 34 25 26 24 -6 -18 29 -19 56 -23 -9 -30 -3 -12 -11 36 47 -22 39 48 -21 42 43 -37 -44 49 -47 -28 -35 -43 -51 -5 -32 -29 -14 -36 -17 -58 -7 -24 -53 -31
right_child=1 2 11 5 10 8 -8 30 16 14 33 -13 13 18 -16 19 21 27 -20 40 37 22 59 -25 -26 -27 35 53 31 61 52 -33 -34 38 55 41 -38 -39 -40 -41 -42 45 44 -45 -46 46 -48 -49 -50 50 -52 60 -54 -55 -56 -57 57 -59 -60 -61 -62 -63
leaf_value=-0.099648993558835219 -0.096170694853392677 0.008528070495190913 0.033418005251147034 -0.096580202672834264 -0.007953261715250794 -0.092333983470233416 -0.09815211465023492 0.023861553527728209 -0.07473684393943289 -0.031738713814940471 0.012303844824123991 0.050811483127104796 0.013002907003241113 -0.029368666327671357 -0.0096768319594449995 -0.098042867055902996 -0.018354358708962498 -0.0014171936665104386 -0.086004488756982897 -0.00052228026888718874 -0.098124058520608973 -0.099294048300817131 -0.07849818039761769 -0.001108227434879128 -0.026970111329286672 -0.080129674167192549 0.066158177230677004 0.0041098260368080284 -0.097713406544148215 0.023686886689568726 0.014992111365450013 0.018264894222921779 0.013153790278135985 -0.045788064528311939 -0.000225458370060177 -0.080858208157751438 0.016490589505366565 -0.038687799625193128 0.0064664220235802726 0.0025228838481903258 -0.097218330351854731 0.0062517671877016061 -0.036402871354647648 -0.03065902189270896 0.022935604119626349 0.027609721121297 -0.06456285928732379 -0.07318647204627543 -0.0067300496974189482 -0.053082195530031961 0.0055392293954937269 -0.054993038254925825 0.02197466606383227 0.019579675755404407 -0.044146265796288275 -0.019431066978941296 0.015663626956063794 -0.098494908938258949 -0.058284821510047741 -0.021729832223789547 0.0077118202049168295 -0.065902239687550365
leaf_weight=12706.130485504866 244.24216304719448 36167.02683866024 7523.5559347867966 29.703573912382126 11809.80182158947 1454.7636379152536 3817.6869473308325 14817.208400249481 501.47533959150314 2098.0186772346497 5737.5001358985901 6621.6482970714569 253.55888503789902 291.68237206339836 17349.967737734318 380.41193614900112 163.27285015583038 31629.308330416679 601.36044935882092 212.24753427505493 143.31754195690155 147.73538815975189 291.1545100659132 10974.625493705273 1507.0090800523758 429.17877984046936 14.121037274599074 10176.033667445183 44.919837534427643 59.10588064789772 16497.270868778229 87.076860308647156 39673.817659139633 224.86737507581711 822.74651169776917 219.97610725462437 66.830095142126083 242.34252868592739 27632.063211858273 35762.33833616972 36.747113525867462 912.18536201119423 149.85101442039013 562.6364394724369 239.22086454927921 54.800999253988266 177.57863509654999 278.00604742765427 845.07518693804741 193.9893950521946 167.75176545977592 68.425686597824097 7604.6304414272308 1163.9982418417931 105.8327514231205 3503.5805320739746 57.652444705367088 68.763220757246017 250.76420246064663 101.76198977231979 420.12124148011208 50.87560760974884
leaf_count=56133 1022 13716 1254 114 7456 5573 16456 3547 1502 3031 2309 645 139 594 13843 1463 311 18425 2105 243 569 520 899 6453 1518 1343 5 5417 172 35 4876 69 12917 221 691 685 58 506 12472 17196 114 940 288 946 201 46 454 814 516 376 150 124 1753 425 215 3954 75 268 706 181 310 147
internal_value=-0.00017944 0.00699132 0.0169609 -0.0814042 -0.000948165 -0.0635146 -0.0819894 0.0139281 -0.0510354 -0.0143411 0.00142957 0.0415636 -0.0712794 -0.0493146 -0.0135097 -0.0380631 -0.0384986 -0.00188761 -0.0675654 -0.0562732 -0.023271 -0.0342351 -0.0295686 -0.00604217 -0.0101076 -0.0631731 -0.0254546 0.000461012 -0.0722473 -0.0647949 0.0197345 -0.0216041 0.0109481 0.00460784 -0.0209971 -0.0220943 -0.0508131 -0.0609849 0.00392261 0.00201396 -0.0151447 -0.0182254 -0.0299612 -0.0448605 3.38414e-05 -0.0090795 -0.0427796 -0.066231 -0.0149785 -0.00289953 -0.0259433 -0.00680919 0.0171963 0.00569976 -0.00388816 -0.0157807 -0.0853584 -0.0466788 -0.0873677 -0.0639008 -0.00115478 -0.0179309
internal_weight=316441 290772 128905 25669.4 161867 12963.2 5223.76 114760 7739.47 24404.2 137463 14145.2 2957.96 1252.43 24160 1406.07 4781.51 67260.8 893.043 887.819 6810.01 4280.03 3687.58 24291.4 13316.8 592.452 3294.66 42969.3 638.824 257.717 38919.1 131.997 75840.8 70201.8 6424.35 3036.95 358.957 385.66 64464.3 36832.3 248.995 2677.99 1171.68 782.613 389.072 1506.31 232.38 292.127 1069.94 1273.93 361.741 518.251 24101.9 11340 359.392 4326.33 506.828 126.416 1705.53 392.916 488.547 109.981
internal_count=229506 134732 38708 94774 96024 38641 19408 36809 19233 23616 72408 1899 9332 3053 22594 2952 9901 39694 2699 2404 8751 8399 6745 15427 8974 1654 5665 24267 2047 702 10176 241 26633 32714 7676 4963 877 1075 30405 17933 357 4086 2120 1631 489 1966 500 819 737 1466 526 548 6629 5842 354 4645 1806 343 6279 1080 434 182
is_linear=0
shrinkage=0.05


Tree=29
num_leaves=63
num_cat=0
split_feature=37 11 24 16 13 22 19 24 24 14 11 2 11 14 42 22 0 45 19 22 39 29 2 0 24 0 2 22 22 42 42 22 24 22 14 2 11 14 22 20 14 29 42 42 47 47 45 45 22 45 57 22 22 45 22 59 22 11 43 24 22 41
split_gain=69143.6 8372.72 3457.39 2864.18 2563.02 1208.97 1486.1 763.175 718.041 666.017 473.252 463.546 461.372 304.782 304.654 292.699 287.505 280.476 258.891 210.868 206.265 191.612 205.399 177.259 169.48 164.902 159.401 303.186 157.396 328.576 274.562 283.136 181.652 173.489 143.213 140.798 145.931 136.17 152.275 135.229 132.754 128.132 123.731 134.857 122.77 114.714 114.328 178.582 139.325 111.568 129.791 111.465 103.904 103.647 130.624 159.752 103.621 101.913 100.406 100.131 95.2543 93.1722
threshold=1.0000000180025095e-35 8.5000000000000018 0.0010102827829464502 31.750000000000004 2.3750000000000004 0.73190045248868796 1.0000000180025095e-35 0.0089572397709962014 0.00065816849892975004 4.9583333333333348 1.0000000180025095e-35 -0.70581670320594825 14.500000000000002 0.95833333333333337 9.0500000000000025 0.17993867587520837 35.500000000000007 0.8500000000000002 1.0000000180025095e-35 44.669377599524665 1.4142135623730965 0.83954846046276022 -0.66312265824079508 27.500000000000004 0.010319520866151852 34.500000000000007 -0.95297903005573337 0.6243872549019609 3.0328941359152366 15.700000000000001 4.1000000000000005 1.6157993966817499 0.023756192985842504 1.726914697502933 0.26136363636363641 0.8542199457734333 3.5000000000000004 1.0000000180025095e-35 2.0446568627450987 0.2477418414918415 8.9583333333333339 1.2306153768786678 17.400000000000002 12.450000000000001 1.0000000180025095e-35 1.5750000000000004 1.7500000000000002 7.4500000000000011 3.0963154492566263 11.300000000000002 2.2584060431096882 3.3872874083320332 2.4108018207282922 1.7500000000000002 1.3122373949579835 0.4071428571428572 1.8064503579209463 4.5000000000000009 -6.6499999999999995 0.028896411694386503 3.0963154492566263 4.7571428571428589
decision_type=2 2 2 2 2 2 8 2 2 8 2 2 2 10 2 2 2 2 8 2 2 2 2 2 2 2 2 2 2 2 2 2 2 2 10 2 2 10 2 2 10 2 2 2 2 2 2 2 2 2 2 2 2 2 2 2 2 2 2 2 2 2
left_child=2 4 -1 12 8 6 14 11 -2 35 13 16 -3 37 58 -16 -7 -9 -13 -5 24 22 -19 40 -12 -15 27 -8 29 30 31 -23 -31 -33 53 36 -6 38 -10 -22 -11 -20 43 -17 -34 -35 60 -48 -49 50 -50 59 -36 54 55 -32 -55 -25 -4 -26 -30 -37
right_child=1 3 5 19 9 7 26 17 10 23 20 18 -14 25 15 42 -18 21 41 -21 39 28 -24 57 51 -27 -28 -29 46 32 34 33 44 45 52 61 -38 -39 -40 -41 -42 -43 -44 -45 -46 -47 47 48 49 -51 -52 -53 -54 56 -56 -57 -58 -59 -60 -61 -62 -63
leaf_value=-0.09961272882646674 -0.095204400733493649 0.013287236605507175 -0.096416781851536862 0.037617759352246878 -0.0027845136910214542 -0.0037129669170959225 -0.098754108486343931 -0.073048707106695573 -0.098042153993245423 0.0092990907431131364 -0.017087140715451862 -0.0095175524534995698 0.021344725235378153 -0.005599170046866035 -0.099595188164102288 -0.088263503453184539 -0.065292715794602454 -0.0078279113391244801 -0.099887107875217027 0.051845390424821551 0.0080464362332582865 -0.098752631676087346 -0.097092122031607636 0.0019021094762059977 -0.012817755681838634 -0.021108213153019806 -0.099970094621471106 0.06108446263292111 0.05659479584107905 -0.038572307542767192 0.056826179634905105 0.041955553076388555 0.02955090871475919 0.013274194565173387 -0.07872074050296779 5.3504187485797378e-07 0.0020030552349421522 -0.025805979118704477 -0.034895414443664598 -0.018069588774091355 0.019026625222792325 -0.074151825782959105 -0.09850296679927921 -0.01724629341661358 -0.053566090560255609 -0.061268520941022836 -0.051538489303365069 -0.097680555100652822 0.023643215936539057 -0.023928280881173349 -0.045404392641715023 -0.0019372311276738834 0.0036875496201649936 -0.09658772058765154 -0.065939175246816792 -0.095679406603224895 -0.060638994358861747 0.0071528562673409115 -0.0011068078338788453 -0.0053006807922679599 -0.0097524923628266175 0.0088784249957377347
leaf_weight=12090.737642601132 239.53285147249699 52099.770627498627 28.303267523646355 6325.7134704589844 27117.501355051994 358.16503867506981 83.277000725269318 487.78725533187389 141.53682254254818 23468.269195258617 3864.6451700329781 116.92797985672951 26972.728484749794 4357.3144203424454 258.37976780533791 77.541467428207397 402.34498202800751 91.704523399472237 929.09144970774651 4458.5630068778992 3643.1451216340065 83.177221745252609 218.30442455410957 12844.454212963581 7399.5548365712166 2826.684268116951 3510.0740998834372 44.914778828620911 84.046933710575104 253.92533211410046 57.538682788610458 159.54824435710907 293.67094121873379 94.273165792226791 53.222107112407684 4576.8862735033035 38532.552347481251 3319.9911977052689 296.6191390901804 572.65913665294647 4125.8821853399277 1062.5424551218748 69.138725012540817 457.47053292393684 51.339390158653259 112.02262634038925 401.22159332036972 44.269452199339867 356.75777480006218 502.46017877757549 83.050557106733322 10895.981653809547 129.22054946422577 376.7312388420105 155.23546406626701 23.302217394113541 450.4140410721302 32974.985123753548 487.39919677376747 11052.777648985386 147.76591747999191 8346.3462405204773
leaf_count=56133 1031 16530 114 853 15912 354 354 1502 578 9112 3290 179 6424 3728 1092 274 1211 133 3996 405 2011 274 805 6143 5800 3039 16082 20 21 549 30 77 236 73 122 2343 18870 4383 568 464 1197 3592 258 780 128 255 869 129 298 797 156 7284 135 1414 400 97 1165 13226 434 7701 236 3840
internal_value=-0.000178598 0.00664946 -0.0805101 0.0193332 0.000967716 -0.0621677 -0.0812153 -0.0495523 -0.00902573 0.00416402 -0.00859691 -0.0698865 0.0160361 -0.0177437 -0.0369568 -0.055118 -0.036341 -0.0371552 -0.0819602 0.0435046 -0.00592235 -0.032992 -0.0708128 0.0075882 -0.00724481 -0.0117043 -0.0979649 -0.0426732 -0.0299771 -0.038406 -0.0496515 -0.0160701 -0.00654884 0.00293268 -0.0617299 0.000964587 2.5407e-05 -0.029281 -0.0554818 0.0044943 0.0107544 -0.0862039 -0.0359549 -0.0276939 0.0170491 -0.0272801 -0.0180209 -0.0234501 -0.0119809 -0.00785 0.0105199 -0.00594804 -0.0206234 -0.0687528 -0.0392309 0.0121737 -0.0771151 0.00568111 -0.00652385 -0.0083159 0.0144209 0.00573487
internal_weight=315141 290454 24687.3 89856.8 200597 12596.6 5016.5 7580.06 48610.4 151987 48370.9 2869.07 79072.5 10942.1 1378.23 862.53 760.51 4710.99 2108.56 10784.3 37428.8 4223.2 310.009 73413.6 33213 7184 3638.27 128.192 3913.19 2293.62 1694.69 449.021 598.936 365.844 1245.66 78573.3 65650.1 3758.15 438.156 4215.8 27594.2 1991.63 604.151 535.012 345.01 206.296 1619.57 1387.76 986.538 942.269 439.808 29348.3 182.443 1063.22 236.076 80.8409 827.145 45819.4 515.702 18452.3 231.813 12923.2
internal_count=229506 134732 94774 24212 110520 38641 19408 19233 39877 70643 38846 9332 22954 12296 2952 2404 1565 9901 7767 1258 26550 8399 938 29678 24075 6767 16456 374 7461 4955 4042 679 913 405 3363 40965 34782 5529 1146 2475 10309 7588 1312 1054 364 328 2506 2249 1380 1251 454 20785 257 3106 527 127 2579 19369 548 13501 257 6183
is_linear=0
shrinkage=0.05


Tree=30
num_leaves=63
num_cat=0
split_feature=13 11 24 17 14 22 19 24 14 11 2 17 60 35 44 42 22 44 14 29 19 24 11 51 0 29 22 49 57 29 23 3 0 14 42 11 19 22 23 24 60 23 22 57 14 22 48 57 22 22 59 42 11 44 24 3 23 14 44 23 14 22
split_gain=64533.5 7252.63 4928.48 2425.39 2085.22 1881.94 1558.78 1029.46 526.511 515.938 411.552 390.329 292.454 274.373 251.796 244.228 324.297 183.195 179.659 177.709 217.822 162.404 162.319 161.854 157.299 149.194 143.795 467.377 223.695 141.707 148.304 154.955 140.097 134.976 134.242 130.852 119.802 150.809 172.248 120.003 118.616 114.721 111.78 184.143 110.54 109.409 113.453 108.721 108.242 105.373 115.947 103.431 101.407 100.247 101.984 90.5978 113.465 89.5979 85.4423 109.534 111.916 87.7557
threshold=1.0000000180025095e-35 9.5000000000000018 0.0010102827829464502 48.500000000000007 3.041666666666667 1.1080571117335825 1.0000000180025095e-35 0.0089572397709962014 6.1742424242424248 1.5000000000000002 -0.70581670320594825 20.500000000000004 8.1500000000000021 3.5000000000000004 13.450000000000001 9.0500000000000025 0.17993867587520837 17.100000000000005 1.0000000180025095e-35 1.2306153768786678 1.0000000180025095e-35 0.015031831250366652 4.5000000000000009 1.5000000000000002 27.500000000000004 1.2306153768786678 0.6243872549019609 68.40000000000002 1.7371582307423852 1.6156893892254909 2.7958977827482148 -0.88545602565320969 26.500000000000004 72.125000000000014 17.400000000000002 4.5000000000000009 32.500000000000007 3.5160189075630259 3.7812116240345515 0.027474330175524753 9.9000000000000021 3.5227190751902699 2.0259803921568635 -3.1599764131075729 11.04166666666667 1.4240518575851395 20.850000000000005 -3.270511141024516 2.4448585885967296 2.0259803921568635 -0.14285714285714277 12.450000000000001 1.0000000180025095e-35 13.65 0.025993329492000405 0.5163939593874618 2.1131182783550204 11.522727272727273 11.65 1.2517618977093428 0.26136363636363641 0.20631926683716964
decision_type=2 2 2 2 8 2 8 2 10 2 2 2 2 2 2 2 2 2 8 2 8 2 2 2 2 2 2 2 2 2 2 2 2 8 2 2 8 2 2 2 2 2 2 2 10 2 2 2 2 2 2 2 2 2 2 2 2 8 2 2 10 2
left_child=2 4 -1 11 9 6 15 10 22 17 13 57 14 -7 18 53 -17 21 55 20 -12 -2 24 47 -6 -15 -8 -28 -29 40 31 -31 44 -5 51 -11 -16 38 39 -38 -14 -21 -32 -44 -10 -33 -47 -20 -45 50 -41 -18 -26 54 -4 56 -9 -3 59 61 -61 -53
right_child=1 3 5 33 8 7 26 12 32 35 19 -13 29 25 36 16 34 -19 23 41 -22 -23 -24 -25 52 -27 27 28 -30 30 42 45 -34 -35 -36 -37 37 -39 -40 49 -42 -43 43 48 -46 46 -48 -49 -50 -51 -52 58 -54 -55 -56 -57 -58 -59 -60 60 -62 -63
leaf_value=-0.099544899341277596 -0.020661021846859702 0.012427181037603503 -0.056531346392262129 0.038520083295133595 0.0046312492478877256 -0.083665424881987166 -0.099968241978293224 0.028572469517389072 0.011282296553601417 -0.0037107796999837628 0.0051596467631907393 0.022876929871676638 -0.0012431137282986823 0.0066661424322572889 -0.095706091069385102 -0.099574602885394367 -0.070871566451137846 0.0026244724248004224 0.0037853824736768789 -0.082767946248531066 -0.099880278451123891 -0.010530671433884052 0.0051005062156470405 -0.018344198542972309 -0.011723895624384598 -0.042200496751026301 -0.096940897825754019 -0.097058886062134725 0.049140480020748618 0.0051406276859916186 0.037103902672696004 -0.098925465912889157 0.0072127216599631259 0.050749191369398143 -0.096038574368373819 0.0036450293301940211 -0.043269343826132567 0.00037289369978961553 -0.091390953890538196 0.024894957589116799 -0.068597158844457842 -0.05173676699843878 -0.073246197019157119 -0.096790209291845342 0.023251645038720185 0.0058410973610842302 -0.058095320869520496 -0.071418777816790832 -0.00492576097508232 0.015119490507555436 -0.074682876229810818 -0.088586895695554752 -0.00044191350379996127 -0.096497582314933938 0.0071435961929795138 -0.085255468624981068 -0.060927467267720983 0.016731722036429333 0.010642072271909053 -0.098683073423766726 0.065317342790740252 0.0012082282955184786
leaf_weight=11717.294664904475 5619.1848996579647 28674.753527879715 72.858716994524002 5240.4099179506302 18292.384044349194 223.21341168880463 3305.2512825727463 38.734729915857315 17440.136908233166 37002.2830747962 52.101276308298111 17801.347884178162 91.444700449705124 295.31991258263588 56.826346755027771 245.82819040119648 99.361184239387512 1933.7476723194122 55.473409861326218 521.83730044960976 876.03509506583214 13397.564996033907 46592.884519398212 493.41684263944626 2142.4719074964523 329.63037310540676 446.66576221585274 34.700759038329124 96.945908039808273 161.56085160374641 129.49318024516106 96.716769769787788 31163.115638136864 4009.7525269985199 73.022547751665115 7225.1427324414253 444.75589254498482 485.95656450092793 113.82273416221142 43.614415913820267 229.89036092162132 718.93319673836231 109.87497583031654 31.712413221597672 2170.3128147125244 100.38799372315407 221.46129995584488 348.05570660531521 1655.6624939143658 237.40049189329147 84.864785835146904 30.923982515931129 28160.155966132879 28.979291290044785 421.95989996194839 450.47044871747494 348.98664942383766 20954.132999300957 194.82219690084457 78.731096550822258 11.219857096672056 183.35867780447006
leaf_count=57142 5797 9134 137 657 8965 816 15930 51 6165 23493 69 3881 101 229 159 1092 318 1399 62 1884 3960 11312 20243 685 1642 765 2000 156 76 151 68 321 12058 361 281 3388 959 608 349 42 635 2013 234 85 555 105 467 977 1932 263 251 118 15415 120 313 1650 1083 5659 174 301 4 246
internal_value=-0.000177542 0.00664803 -0.0754747 0.0198184 0.00186481 -0.055845 -0.0794323 -0.0419559 0.00518524 -0.00557095 -0.065801 0.0165242 -0.0300166 -0.036196 -0.0403653 -0.0349829 -0.0505254 -0.0120343 -0.0532612 -0.0773539 -0.0939792 -0.0135252 0.00299188 -0.0376248 0.000969968 -0.0191268 -0.0959115 -0.0725845 0.0101249 -0.0182868 -0.0142646 -0.0364081 0.00929699 0.0438266 -0.0324387 -0.00250894 -0.0250855 -0.0221708 -0.0340143 -0.0258491 -0.0495086 -0.0648479 -0.00757929 -0.0108204 0.0126083 -0.0524314 -0.0381811 -0.0610843 -0.00671152 -0.00459949 -0.0409097 -0.0245222 -0.0012401 -0.00771117 -0.00231713 -0.069923 -0.0519227 0.014245 -0.0151609 -0.0316814 -0.0776786 -0.0120785
internal_weight=313909 287820 26089.6 76680.4 211139 14372.3 5324.63 9047.65 145961 65177.9 3017.07 67430.2 6030.58 848.164 3202.38 1441.07 917.268 20950.5 1735.14 2168.91 928.136 19016.7 95187.9 896.946 48595 624.95 3883.56 578.312 131.647 2828.21 2506.87 580.127 50773.6 9250.16 671.44 44227.4 1467.24 1410.41 924.458 810.636 321.335 1240.77 1926.74 1797.25 19610.4 418.566 321.849 403.529 1687.37 365.88 128.479 598.417 30302.6 523.798 494.819 838.192 387.721 49628.9 499.056 304.234 89.951 214.283
internal_count=229506 130124 99382 19692 110432 42240 21266 20974 65043 45389 9736 18674 11238 1810 7139 3104 2534 18508 4508 7926 4029 17109 46265 1724 26022 994 18162 2232 232 4099 3363 1044 18778 1018 1442 26881 2631 2472 1864 1515 736 3897 2319 2251 6720 893 572 1039 2017 556 293 1161 17057 570 450 2784 1134 14793 843 669 305 364
is_linear=0
shrinkage=0.05


Tree=31
num_leaves=63
num_cat=0
split_feature=37 11 24 17 17 22 19 24 24 14 14 17 0 0 42 22 45 19 25 24 0 13 22 0 22 42 42 22 24 23 22 45 23 22 14 22 14 14 24 25 42 42 0 47 45 45 22 47 45 57 3 23 24 43 44 23 44 23 22 22 22 18
split_gain=60824.2 6897.38 3642.9 2690.87 1892.45 1225.5 1515.95 708.712 651.024 542.916 463.153 446.513 416.686 352.195 273.386 290.6 262.697 255.014 182.974 180.638 179.654 169.748 162.152 147.771 147.197 303.72 249.625 263.116 160.288 152.682 206.771 263.889 172.314 147.306 134.875 183.361 130.798 127.909 127.871 123.025 119.459 125.755 116.615 108.284 103.066 161.282 133.336 102.272 100.686 116.483 95.2082 93.9968 98.9446 91.5249 89.5269 88.0187 87.7675 154.925 92.967 87.5592 86.7237 85.81
threshold=1.0000000180025095e-35 7.5000000000000009 0.0010102827829464502 40.500000000000007 3.5000000000000004 0.73190045248868796 1.0000000180025095e-35 0.0089572397709962014 0.00065816849892975004 12.261363636363638 4.5227272727272743 1.5000000000000002 32.500000000000007 35.500000000000007 9.0500000000000025 0.17993867587520837 0.8500000000000002 2.5000000000000004 0.77113572701807998 0.026242403891485206 27.500000000000004 77.875000000000014 3.7199853203313418 32.500000000000007 3.0328941359152366 15.700000000000001 4.1000000000000005 1.6157993966817499 0.023756192985842504 3.2569001944681593 2.2134823687539535 1.7500000000000002 2.2715942837281107 1.726914697502933 10.591666666666669 2.0446568627450987 8.1742424242424256 19.091666666666669 0.015671098078801207 1.205289373814042 17.400000000000002 12.450000000000001 34.500000000000007 1.0000000180025095e-35 1.7500000000000002 7.4500000000000011 3.0963154492566263 1.5750000000000004 11.300000000000002 2.2584060431096882 0.56806474673115548 3.5227190751902699 0.0046906644566655506 -6.6499999999999995 18.150000000000002 2.6809346778244545 11.65 1.2517618977093428 0.20631926683716964 3.5389689966895852 3.5486853832442073 -1.000000000000002
decision_type=2 2 2 2 2 2 8 2 2 8 8 2 2 2 2 2 2 8 2 2 2 2 2 2 2 2 2 2 2 2 2 2 2 2 8 2 10 10 2 2 2 2 2 2 2 2 2 2 2 2 2 2 2 2 2 2 2 2 2 2 2 2
left_child=2 4 -1 9 8 6 14 12 -2 54 19 34 39 -14 53 -16 -9 -15 23 22 36 -5 61 -18 25 26 27 -20 -27 30 31 32 -28 -29 -10 -36 -12 -11 -13 -7 41 -17 -25 -30 -26 50 -47 -35 49 -48 -46 -41 -53 -4 -3 -21 57 58 -43 -40 -50 -6
right_child=1 3 5 21 10 7 -8 16 11 37 20 38 13 17 15 40 18 -19 24 55 -22 -23 -24 42 44 28 29 33 43 -31 -32 -33 -34 47 35 -37 -38 -39 59 51 -42 56 -44 -45 45 46 48 -49 60 -51 -52 52 -54 -55 -56 -57 -58 -59 -60 -61 -62 -63
leaf_value=-0.099528590695351193 -0.094403379556298628 0.01014003108716096 -0.096067525797066761 0.036164540808673817 -0.022608956154067536 -0.099850331238747828 -0.097871925157119732 -0.07034414874336746 -0.016742452358561071 0.016720928710640192 0.0076769794628886575 -0.011280888165603187 -0.0031703970737864923 -0.024252706178993309 -0.099552979868756358 -0.086494269493717427 -0.099376218367541819 -0.082717836606324674 -0.098635392368038657 -0.0015489507140132991 0.0039934269577059324 0.049999024583778452 -0.00043004418334616326 0.02354619978129522 0.01479322071123915 -0.03567581437321387 0.02223765976901234 0.039510570064454492 0.028697633699233449 -0.087320274080296689 -0.018763492524107375 -0.092821062087362793 -0.097507657125410513 0.013222924741536976 -0.096950727664975742 -0.024229522633622283 0.017305035335441844 0.023610373146888193 -0.0059028852755426166 -0.088265276587122438 -0.098352431453040998 -0.096281469070671241 -0.072228512569176062 -0.050579011817392119 -0.031835248332477355 -0.097504839546988784 0.02338599262465535 -0.057833775929694242 -0.063932132502099323 -0.042472753284730588 -0.085521676950172668 -0.082677198978023655 -0.033148337652866879 -0.00097388922309491464 0.01803346842178213 0.0034170467800099984 0.012018369873940171 -0.098468511581963042 0.0011481527332943906 0.00017393220536535652 -0.011471247503910249 -0.0072166102502877532
leaf_weight=10949.357551634312 218.81533370912075 55285.373264431953 25.700747311115265 6908.3301169872284 1044.5527656972408 700.5492018610239 3295.2468874454498 464.3230936974287 8663.6437148451805 27092.055072069168 22324.077345430851 8064.042460590601 357.08408243954182 286.10005648434162 233.88875032961369 72.261353224515915 167.32813686132431 542.31850749254227 75.945194751024246 12391.847433000803 44202.711915552616 3287.4108729362488 15322.893787920475 59.070193707942963 229.86907739937305 249.39311085641384 103.74587900936604 156.61717453598976 290.36289671063423 342.07190324366093 360.05811692774296 340.65525749325752 41.129034921526909 93.712033003568649 122.77611413598061 293.68615068495274 4191.12822920084 8985.3939551115036 20690.860136628151 404.45209613442421 62.730277076363564 27.236957550048828 66.725153252482414 49.572638511657715 271.83385434746742 41.08146208524704 355.41805654764175 108.1611730158329 97.414673790335655 81.725580036640167 119.45112523436546 175.22067278623581 242.56373183429241 486.28774592280388 3844.865739941597 31857.480658233166 173.88362243771553 67.560753554105759 183.35733583569527 8305.4180090725422 400.25060424208641 6798.8098952174187
leaf_count=56133 1031 18713 114 900 844 3330 16456 1502 9646 7140 9090 6494 354 594 1092 274 674 2105 274 6848 19600 290 8339 35 257 549 131 77 236 1151 602 1325 154 73 563 545 1258 1864 14698 1635 258 115 229 128 517 129 298 255 248 156 352 689 625 434 1177 16142 141 278 246 5421 549 4129
internal_value=-0.000176275 0.00601465 -0.0787112 0.0162182 0.00018514 -0.0595535 -0.0796732 -0.0467426 -0.00855597 0.0136035 0.00311884 -0.0081467 -0.0670105 -0.0447115 -0.0346385 -0.052505 -0.0347075 -0.0625861 -0.0306559 0.000153458 0.00594563 0.0406301 -0.00342338 -0.0686959 -0.0277095 -0.0360647 -0.0472283 -0.0147388 -0.00530123 -0.0590861 -0.0475687 -0.0688373 -0.0121584 0.00324546 -0.0180834 -0.0458611 0.00919962 0.0184375 -0.00571155 -0.0843264 -0.0336139 -0.0256862 -0.0273848 0.0170076 -0.0161215 -0.02133 -0.0104272 -0.0249211 -0.00649502 0.0109932 -0.0484136 -0.0709887 -0.0540807 -0.0059351 0.0106537 0.00202622 -0.0157852 -0.0331647 -0.0118246 -0.00416218 -0.0218578 -0.00926977
internal_weight=312748 289896 22851.7 105403 184493 11902.4 4628.15 7274.2 46359.2 95207.7 138134 46140.4 2708.29 1185.5 1332.91 820.919 4565.92 828.419 4101.59 67415.6 70717.9 10195.7 23166.3 293.123 3808.47 2211.42 1622.1 434.436 589.329 1187.66 845.588 485.53 144.875 358.49 9080.11 416.462 26515.2 36077.4 37060.3 1522.79 587.03 524.3 125.795 339.936 1597.04 1367.18 975.89 201.873 934.809 437.144 391.285 822.237 417.784 511.988 59130.2 44249.3 452.039 278.155 210.594 28996.3 497.665 7843.36
internal_count=229506 134732 94774 30084 104648 38641 19408 19233 38398 28894 66250 37367 9332 3053 2952 2404 9901 2699 8399 36302 29948 1190 13312 938 7461 4955 4042 679 913 3363 2212 1610 285 405 10754 1108 10348 9004 26613 6279 1312 1054 264 364 2506 2249 1380 328 1251 454 869 2949 1314 548 19890 22990 780 639 361 20119 797 4973
is_linear=0
shrinkage=0.05


Tree=32
num_leaves=63
num_cat=0
split_feature=37 13 24 17 17 22 19 24 24 11 2 17 14 19 0 22 45 0 24 22 60 2 22 47 44 43 25 25 2 11 14 14 24 18 14 48 44 22 27 24 22 28 57 47 24 25 11 44 22 3 44 24 44 44 60 36 45 22 24 43 22 0
split_gain=57018.7 6279.13 3728.28 2100.14 2067.52 1222.4 1518.08 679.683 621.247 566.859 443.981 404.802 349.448 260.213 257.525 286.913 246.78 240.789 227.375 221.123 199.546 173.106 284.622 168.819 167.265 167.144 162.416 148.158 201.017 128.808 188.163 124.244 115.562 108.947 103.538 102.378 125.295 101.365 98.4247 98.0523 97.6009 157.863 140.281 96.2856 96.032 95.6206 94.8363 91.7901 90.7751 240.112 127.274 116.569 96.9431 272.128 96.9324 145.221 123.087 88.0135 88.8692 86.413 83.8416 89.6506
threshold=1.0000000180025095e-35 8.8750000000000018 0.0010102827829464502 48.500000000000007 3.5000000000000004 0.73190045248868796 1.0000000180025095e-35 0.0089572397709962014 0.00065816849892975004 5.5000000000000009 -0.70581670320594825 1.5000000000000002 15.183333333333335 1.0000000180025095e-35 46.500000000000007 0.17993867587520837 0.8500000000000002 35.500000000000007 0.022841733786961405 4.2556048154555954 0.95000000000000007 -0.95297903005573337 0.6243872549019609 3.5700000000000007 14.950000000000001 -4.6999999999999984 1.205289373814042 0.77113572701807998 -0.66312265824079508 1.0000000180025095e-35 10.591666666666669 72.125000000000014 0.015671098078801207 -1.000000000000002 7.2613636363636367 29.550000000000004 12.65 2.1347916666666671 3.9150706436420726 0.014237177420765803 0.34221813725490197 0.23945382919755137 2.2833841861232735 5.7750000000000012 0.0046906644566655506 1.5086916669346799 2.5000000000000004 18.150000000000002 1.4240518575851395 0.5163939593874618 14.300000000000002 0.022841733786961405 8.8500000000000014 11.65 10.250000000000002 9.5000000000000018 7.4500000000000011 0.14789731682146542 0.032773010481160506 5.9000000000000012 2.4607969639468696 32.500000000000007
decision_type=2 2 2 2 2 2 8 2 2 2 2 2 10 8 2 2 2 2 2 2 2 2 2 2 2 2 2 2 2 2 8 8 2 2 8 2 2 2 2 2 2 2 2 2 2 2 2 2 2 2 2 2 2 2 2 2 2 2 2 2 2 2
left_child=2 4 -1 12 8 6 14 10 -2 18 17 29 47 -12 15 -4 -9 -7 19 33 25 22 -8 27 38 -18 -15 28 -22 30 39 -5 -13 -6 -11 36 40 -32 46 -10 41 42 -17 -25 -28 -46 -20 -3 49 50 -29 -52 -50 -54 55 -55 -56 -16 -59 -42 -41 -62
right_child=1 3 5 31 9 7 21 16 11 34 13 32 -14 26 57 35 20 -19 24 -21 23 -23 -24 43 -26 -27 44 48 -30 -31 37 -33 -34 -35 -36 -37 -38 -39 -40 60 59 -43 -44 -45 45 -47 -48 -49 52 -51 51 -53 53 54 56 -57 -58 58 -60 -61 61 -63
leaf_value=-0.099479899996046076 -0.093890326348186545 0.011922960713760219 -0.099528479279675577 0.03518771858444264 -0.023961729529439358 -0.0030124721677963992 -0.098557679199424444 -0.068531167939720208 -0.031069136701583667 0.0059456015890496546 -0.0056959598681623706 -0.010723743399619583 0.02019355834902857 -0.099869077908403103 -0.065794173164899897 -0.096555983143153515 -0.014207017910125342 -0.060256075891016725 -0.0047223194944443344 0.00076061412944382399 0.0020180715253981154 -0.09996529744856944 0.060709754501930391 -0.086948771761513916 0.0070112910478641079 -0.075618003094805819 -0.086749392234697353 -0.050746537144237769 -0.095181289147437106 -0.011418878256064463 -0.097416599028885859 0.047020959371779608 -0.0039545708651028888 -0.0075687896758813676 0.010097545349566615 0.024725680159588981 0.010242249493560991 -0.038488108182960168 0.00424582468491799 -0.028289576347681929 -0.0048781088158172132 -0.099379765928183261 0.040439684037886114 -0.03451672125528344 0.011528703053258331 -0.061548022741186738 0.0011860382992519877 0.020848882392975734 0.0027458285265903079 -0.099136801893021556 -0.082688932079750865 0.029354586453934708 -0.055404216655025144 0.0043715363938197247 -0.073436708956119603 -0.045441976013869151 -0.0085785629696017076 -0.03983193903661722 0.013062965829835791 -0.096691746422191749 -0.0010580993337314585 -0.02422366921434066
leaf_weight=10420.323937684298 209.25818195939064 46469.744345068932 221.68374532461166 5194.2838690280914 1205.7156577110291 357.06645704805851 71.7993383705616 453.09340153634548 1421.3585335016251 46910.816805779934 116.0319627225399 8059.0387027561665 20857.119574189186 801.00368569791317 53.660206481814384 29.487655654549599 156.67356434464455 378.03761704266071 8698.7210206091404 11824.107607871294 83.022419631481171 3024.7141239345074 44.742095470428467 157.35327160358429 16490.56334784627 383.74430249631405 438.44172798097134 147.28258594870567 146.34705141186714 4661.2430566251278 116.62279552221298 3914.3535118103027 28992.761934220791 6360.3535425961018 22098.614409804344 67.963959097862244 98.479127407073975 199.97508500516415 19271.153734624386 802.65462151169777 134.44648870825768 168.29092542827129 47.286690771579742 202.08538055419922 48.781469747424126 493.24663025140762 30966.246996283531 3073.5600998401642 602.9864207804203 120.64067454636097 26.458369269967079 149.26511174440384 425.17264059185982 964.21046169102192 122.54885695874691 171.43895079195499 180.58739115297794 101.04087324440479 356.92766225337982 30.738800406455994 1227.3689175248146 632.52043855190277
leaf_count=56133 1031 14049 1089 663 989 354 354 1502 2276 19117 179 6494 4692 3996 136 123 311 1211 5229 6251 103 16082 20 592 7596 1343 1862 457 599 4354 564 361 20119 3933 7839 23 94 470 9334 1083 196 729 32 488 85 1645 15461 820 543 508 91 102 1057 1200 367 366 272 164 251 115 1160 847
internal_value=-0.000174794 0.00571891 -0.0777801 0.0176871 0.0011907 -0.0582406 -0.0788023 -0.0453858 -0.00813581 0.00382788 -0.065563 -0.00774453 0.0147636 -0.0783455 -0.0335462 -0.0512762 -0.03355 -0.0324995 0.00131864 -0.00351028 -0.0296094 -0.0976574 -0.0373736 -0.0252264 0.00256012 -0.0578826 -0.0830686 -0.0214947 -0.0601213 -0.017217 -0.0233536 0.0402781 -0.0054273 -0.0101846 0.00727536 -0.032579 -0.040278 -0.0604493 0.00131448 -0.0204625 -0.0524127 -0.0724001 -0.0126786 -0.0576616 -0.0692505 -0.0549529 -0.000109654 0.0124772 -0.0184295 -0.0392411 -0.0166181 0.0120837 -0.0146703 -0.0203056 -0.0098989 -0.00317733 -0.0349704 -0.00582334 0.00132059 -0.0224725 -0.0147889 -0.00894783
internal_weight=311655 289658 21997.1 79509.1 210149 11576.8 4451.26 7125.52 46322.8 163826 2632.61 46113.5 70400.4 1897.51 1310.01 798.377 4492.91 735.104 94816.9 19390.2 4039.82 3141.26 116.541 3499.4 75426.7 540.418 1781.47 3139.96 229.369 9061.74 4400.5 9108.64 37051.8 7566.07 69009.4 576.694 508.73 316.598 58936.1 4083.9 410.251 245.065 76.7743 359.439 980.47 542.028 39665 49543.3 2910.59 443.647 323.006 175.723 2466.94 1863.96 1438.79 1135.65 303.136 511.629 457.969 165.185 2662.54 1859.89
internal_count=229506 134732 94774 20585 114147 38641 19408 19233 38398 75749 9332 37367 19561 7767 2952 2401 9901 1565 48793 11173 8399 16456 374 6745 37620 1654 7588 5665 702 10754 6400 1024 26613 4922 26956 1312 1289 1034 30024 5366 1195 884 155 1080 3592 1730 20690 14869 4963 1158 650 193 3805 3262 2205 1566 639 551 415 311 3090 2007
is_linear=0
shrinkage=0.05


Tree=33
num_leaves=63
num_cat=0
split_feature=37 11 24 17 17 23 0 24 24 14 0 11 0 17 47 42 45 14 36 43 57 23 25 44 0 14 25 23 24 58 41 24 23 44 44 59 24 47 49 14 34 12 59 23 23 59 20 14 49 50 38 57 0 23 40 24 0 23 41 59 7 37
split_gain=53415.1 5709.7 3817.01 1905.44 1884.05 1226.03 802.314 620.258 592.238 585.212 420.017 371.905 304.336 300.63 255.826 310.368 222.279 196.032 195.884 182.385 174.219 172.228 171.327 158.548 145.073 141.508 140.998 140.949 136.664 133.721 133.464 126.924 140.064 123.635 401.406 144.239 158.813 131.373 126.817 122.287 197.589 118.396 117.529 177.659 137.748 116.941 115.961 113.694 113.028 111.15 108.652 107.166 104.489 99.9192 99.2602 98.9244 94.4432 91.6436 91.8954 91.1455 90.7163 90.4905
threshold=1.0000000180025095e-35 9.5000000000000018 0.0010102827829464502 3.5000000000000004 48.500000000000007 2.0605079480907817 36.500000000000007 0.0089572397709962014 0.00065816849892975004 5.0871212121212128 32.500000000000007 1.0000000180025095e-35 36.500000000000007 20.500000000000004 2.4500000000000006 7.8500000000000005 0.95000000000000007 10.591666666666669 1.5000000000000002 1.6000000000000003 -3.0666158138767252 0.95017100590034098 0.77113572701807998 15.250000000000002 32.500000000000007 1.0000000180025095e-35 1.205289373814042 0.73921559889135746 0.014016846781364452 1.0000000180025095e-35 -1.7214285714285713 0.045620653487704055 2.6662197764528348 12.050000000000002 9.3000000000000025 6.135714285714287 0.025218092252574955 1.3650000000000002 53.100000000000001 0.26136363636363641 1.0000000180025095e-35 75.500000000000014 8.8142857142857149 2.0344398289843695 1.073890541690097 9.5000000000000018 0.18749999999999997 1.7638888888888891 55.600000000000001 11.334050000000003 1.0000000180025095e-35 1.6117979138837744 34.500000000000007 3.5227190751902699 -0.51732112403655928 0.0046906644566655506 34.500000000000007 2.4256632238642628 8.1285714285714317 16.407142857142862 1.5000000000000002 0.58571428571428574
decision_type=2 2 2 2 2 2 2 2 2 8 2 2 2 2 2 2 2 8 2 2 2 2 2 2 2 10 2 2 2 2 2 2 2 2 2 2 2 2 2 10 2 2 2 2 2 2 2 8 2 2 2 2 2 2 2 2 2 2 2 2 2 2
left_child=2 3 -1 8 13 6 25 10 -2 18 26 17 -12 -3 15 30 -9 28 31 20 -17 27 24 -11 -18 -4 -7 29 54 45 -8 32 -5 34 37 39 59 -24 -38 40 -35 -6 -23 44 51 -21 -36 50 49 -14 -13 -44 -26 -28 -10 -55 -30 -19 -59 -37 -25 -20
right_child=1 4 5 9 41 7 14 16 11 23 12 47 48 -15 -16 19 22 57 61 21 -22 42 33 60 52 -27 53 -29 56 -31 -32 -33 -34 35 46 36 38 -39 -40 -41 -42 -43 43 -45 -46 -47 -48 -49 -50 -51 -52 -53 -54 55 -56 -57 -58 58 -60 -61 -62 -63
leaf_value=-0.09942619536565446 -0.093333981826768914 0.012306501358981998 -0.097846636501989312 -0.0093467093580614641 0.034043379097278462 -0.099828477768577617 -0.094270911043977487 -0.063658038644266071 -0.01484725994509207 0.0057021213453183721 -0.002526029508126013 0.0033040404335785965 -0.0017233492276165253 0.019903624921398216 -0.098611598554493654 0.0034849032002665283 -0.099291612907622839 -0.089936317286211459 -0.024865417006362849 -0.096458036317837573 -0.095044761626617555 0.0050980118843150356 -0.0062171356531265211 0.009482699242843097 0.022356892483627211 0.0015846899275288374 -0.087027604388504889 -0.099084720045850921 -0.0061093538121733803 -0.098343714102951257 -0.0044286645736886223 0.0047075578291645367 0.0008297443838047472 -0.024525652668187743 -0.073393982779095243 -0.041016440048496139 -0.087030518554923109 -0.082408403339784775 0.026964767624087033 0.0029478978100876897 -0.081276384870266422 0.045824648603022648 0.019488916872684829 0.036053202041565334 -0.094101389241707536 0.016669596702740305 -0.011933845506928636 -0.0027070953898208367 -0.081709611559368067 -0.057946445386035356 -0.0096864630442329517 -0.096344293607691964 -0.069410122893537637 -0.079857431045996755 -0.035123088484015526 -0.029204153608629692 -0.019015392835149136 -0.0042220105422768554 -0.063363600650374122 0.007926086849697124 0.019259400335102088 -0.0061404365321742985
leaf_weight=9917.3415334969759 200.21550664305687 49493.651826500893 2412.8768236488104 3592.4976848363876 5485.4927455186844 611.16554337739944 44.679549500346184 482.7069455832243 1204.0779972076416 65094.637105941772 360.01082693040371 1805.9815335273743 123.53557799756527 17681.229490280151 281.95703233778477 49.961995378136635 147.22404463589191 111.14664188027382 805.39617156982422 28.644572734832764 424.79384584724903 187.24561724066734 739.43496987223625 12704.171567857265 58.893581390380859 36.188832014799118 342.50177630782127 205.77041226625443 3757.1424453556538 62.394852414727211 437.95690011978149 21374.585957169533 57233.764654397964 764.52742747962475 560.78462840616703 259.64350125193596 24.959799945354462 60.310724273324013 408.81492227315903 255.20052447915077 191.60892751812935 3523.8240947723389 64.586887061595917 53.6577537804842 146.07449366152287 98.567926377058029 89.623333364725113 20718.516728311777 308.86689415574074 305.92933683097363 14729.496697723866 27.722219109535217 63.543443858623505 163.48851653933525 1216.9790576696396 238.73146110773087 2278.5267318785191 124.19629387557507 139.23606564104557 149.11383172869682 2920.3503460288048 3240.9344016313553
leaf_count=56133 1031 14793 13249 2197 692 3210 228 1586 1307 26165 385 1210 209 3881 1516 70 650 525 768 145 2172 223 898 4734 35 41 1488 1017 3532 320 413 10248 29365 1551 1921 578 75 242 340 279 690 326 60 56 618 116 104 13675 1268 1025 11858 126 229 689 2095 625 2579 182 404 194 913 2252
internal_value=-0.000173015 0.00543732 -0.0767982 0.00123981 0.0171866 -0.0568852 -0.0768855 -0.0432752 -0.00773668 0.00372829 -0.063297 -0.00736268 -0.0402478 0.0143065 -0.0542694 -0.0473923 -0.0317173 -0.0165877 0.000864498 -0.0596944 -0.0846797 -0.0460457 -0.0276146 0.00678809 -0.0659804 -0.0963753 -0.0819209 -0.0704555 -0.0150149 -0.0390026 -0.0129338 0.00139327 0.000228481 -0.0246426 -0.0358225 -0.0167329 -0.000835278 -0.0120649 0.0202088 -0.0277764 -0.0359767 0.0386565 -0.0257943 -0.0455681 -0.064035 -0.00931813 -0.064964 -0.0051753 -0.0586059 -0.0418271 -0.00826724 -0.0159042 -0.0254051 -0.067104 -0.0250516 -0.0499523 -0.0109847 -0.0519478 -0.0356214 -0.0231743 0.0113115 -0.00987398
internal_weight=310627 289436 21191 213252 76184.2 11273.7 4563.08 6710.62 46285.5 166966 2454.23 46085.3 1098.34 67174.9 2114.01 1832.06 4256.39 8831.31 86247.2 1349.42 474.756 874.665 3773.68 80719.2 269.661 2449.07 1355.89 395.378 8456.73 189.607 482.636 82200.8 60826.3 3504.02 1450.15 2053.87 842.532 799.746 433.775 1211.34 956.136 9009.32 479.287 292.041 238.384 127.212 650.408 37254 738.332 429.465 16535.5 92.3091 122.437 744.722 2421.06 402.22 6035.67 374.579 263.432 408.757 15624.5 4046.33
internal_count=229506 134732 94774 115040 19692 38641 20370 18271 38398 76642 8899 37367 2887 18674 7080 5564 9372 10624 44830 4923 2242 2681 7786 31812 914 13290 6012 1598 9513 581 641 41810 31562 6872 3165 3707 1187 1140 415 2520 2241 1018 1083 860 804 261 2025 26743 2502 1234 13068 186 264 2802 3402 1314 6111 1111 586 772 5647 3020
is_linear=0
shrinkage=0.05


Tree=34
num_leaves=63
num_cat=0
split_feature=14 13 16 22 17 27 14 23 0 14 14 22 60 47 59 0 22 23 42 26 17 22 36 0 51 25 35 23 41 0 2 18 0 23 59 22 46 0 51 27 51 41 41 22 23 44 13 59 2 44 2 22 20 18 43 0 43 22 39 22 50 23
split_gain=49956 5469.87 2328.69 1888.01 1681.11 1185.58 851.865 780.681 911.138 538.367 511.301 461.363 426.211 271.296 268.326 274.455 448.884 292.861 267.905 254.334 221.476 220.78 216.382 204.923 240.823 192.446 178.682 172.472 168.6 159.395 157.237 152.265 150.288 143.997 202.358 147.957 133.845 131.374 131.001 128.518 121.723 115.609 115.21 111.701 224.812 108.235 104.847 101.094 99.9506 99.1055 99.0852 97.4824 95.0802 94.622 93.532 91.2185 89.2423 87.5563 85.6949 84.7406 84.1256 81.8613
threshold=1.0000000180025095e-35 6.1250000000000009 27.750000000000004 0.14789731682146542 1.5000000000000002 0.75802418621567569 10.591666666666669 2.0605079480907817 36.500000000000007 2.9128787878787885 10.34848484848485 2.0446568627450987 6.9500000000000002 2.4500000000000006 -0.14285714285714277 32.500000000000007 3.0963154492566263 3.7812116240345515 7.8500000000000005 53.000000000000007 68.500000000000014 0.17993867587520837 1.5000000000000002 43.500000000000007 4.5000000000000009 1.205289373814042 3.5000000000000004 3.5552261608514732 9.828571428571431 34.500000000000007 0.51639395938746258 1.3000000000000005 27.500000000000004 2.0697051859511464 -1.6785714285714284 3.0963154492566263 17.000000000000004 47.500000000000007 1.5000000000000002 2.2833517277961728 3.5000000000000004 -5.1785714285714279 -1.7214285714285713 0.38102532679738566 0.86796791997452283 14.950000000000001 3.8750000000000004 7.6785714285714297 0.8542199457734333 18.150000000000002 -0.98182534576205283 2.0446568627450987 0.32500000000000012 0.39999999999999991 -12.899999999999999 42.500000000000007 3.8000000000000003 2.0259803921568635 1.5143755588800742 1.3122373949579835 41.778440277777783 3.7124692240326786
decision_type=8 2 2 2 2 2 8 2 2 8 8 2 2 2 2 2 2 2 2 2 2 2 2 2 2 2 2 2 2 2 2 2 2 2 2 2 2 2 2 2 2 2 2 2 2 2 2 2 2 2 2 2 2 2 2 2 2 2 2 2 2 2
left_child=3 4 10 -1 6 -5 -2 8 -7 22 49 -8 25 18 -14 16 17 36 42 -13 -4 -20 31 40 -25 37 -17 38 33 45 -19 48 -12 34 -27 41 -16 -9 -28 -39 43 -35 -10 44 -23 -11 -31 60 58 -3 -29 -30 53 -24 -18 -46 -45 59 -6 -38 -21 -52
right_child=1 2 20 5 9 7 11 12 13 29 32 19 14 -15 15 26 54 30 21 47 -22 23 52 24 -26 28 27 50 51 46 -32 -33 -34 35 -36 -37 57 39 -40 -41 -42 -43 -44 56 55 -47 -48 -49 -50 -51 61 -53 -54 -55 -56 -57 -58 -59 -60 -61 -62 -63
leaf_value=-0.099725760584226164 -0.01566781121974823 0.0070536001228119665 0.026492254520716664 -0.099426389748740351 -0.0052782645930918651 -0.097519213337000935 -0.098902334379602427 -0.099758160263102455 -0.09688381227713086 0.0026929229308951964 0.017620295264650147 -0.087128661917500447 -0.080071281420257823 -0.098941276744672263 -0.069227681338569852 -0.073397432926848513 -0.022548015871750839 -0.06962651088197977 -0.099139775677898834 0.024488008071844994 0.04026309971676191 0.0069443112109658566 -0.027351134626127649 -0.093845508301159911 0.023458896941594101 0.053192770106610734 -0.0055314388760336151 -0.09594879872867898 0.0065968063473709595 -0.0026311372495577742 0.030865227989651328 0.0059219286159737598 0.012074841903130205 0.061321975385941578 -0.097076560047946611 -0.047990597274225583 -0.08614961101711649 0.076933481791635797 -0.062467426946449446 -0.095016041713364849 -0.088543696628975765 -0.084514007361736601 -0.00052824235359599867 -0.084031104305091878 -0.099146315815006519 0.0075295726058547882 0.0022141055489732255 -0.056748816438420981 0.001742457175057802 0.014957312822924918 0.033779331349818968 -0.046243103916685381 -0.0090685821981645702 0.016451091798139552 -0.092348497913499694 -0.019322548781696536 0.02062143896985396 -0.0704746533414745 0.0060428599632125872 0.013507470537281855 -0.027155719707686345 -0.0037030927690329001
leaf_weight=7046.7072865515947 9585.489326864481 60490.211490571499 5466.2982535362244 2267.1922405362129 34512.084678709507 2197.2197050303221 483.94497372210026 433.17182530462742 32.695017546415329 35526.897894829512 20168.181729197502 153.3581597507 295.65088413655758 242.59337586164474 290.59007631242275 122.43376033008099 54.988890200853348 45.010205313563347 223.97854854166508 177.93575271964073 6301.2774791717529 155.0690820813179 1433.3152932226658 278.65006066858768 51.373333886265755 58.541251957416534 178.48738248646259 24.918238312005997 145.10372321307659 18796.96565335989 252.14773468673229 4576.6827655434608 31062.096286177635 13.125344663858412 34.916592001914978 563.33227197825909 23.806196480989456 21.439763262867928 233.05261567234993 20.067592054605484 69.352823227643967 754.99865679442883 392.68834264576435 21.778156086802483 121.99630454182625 17155.486570596695 27495.627684175968 95.24950860440731 7136.8662327528 4245.9464551210403 176.94752396643162 216.65075680613518 4019.4210308492184 134.08824515342712 436.22802416980267 51.516393601894379 191.72523422539234 58.944466844201088 1755.3985055685043 151.25096057355404 139.97108240425587 801.55176542699337
leaf_count=42000 11423 21915 867 13320 23110 12644 2717 2280 180 17011 5049 685 1220 1394 1052 480 152 150 1228 154 652 197 1646 1495 42 34 275 112 271 11175 143 2068 8863 6 166 1848 101 8 692 105 332 3192 376 72 580 7673 12859 270 4323 1367 121 682 3578 82 2014 116 175 206 988 147 287 1136
internal_value=-0.000171 0.00492779 0.0126769 -0.0792689 -0.00113813 -0.0669456 -0.0203568 -0.0591328 -0.0757972 0.000201966 0.0105261 -0.0630834 -0.0466985 -0.0497233 -0.0347744 -0.0300478 -0.0468323 -0.0241705 -0.0421572 -0.0323559 0.0338695 -0.0545457 -0.00383556 -0.0438373 -0.0755544 -0.0632626 -0.0156891 -0.0106439 -0.0556756 0.00238725 0.0154446 -0.00275091 0.0142584 -0.0634179 -0.00332948 -0.0676262 -0.0466069 -0.0916323 -0.0378593 -0.00636102 -0.0266144 -0.081939 -0.00815572 -0.0185337 -0.0367908 0.00426814 0.000246587 -0.0118517 -0.00366563 0.00757229 0.000539816 -0.0250749 -0.0131477 -0.0235927 -0.0846066 -0.0757216 0.00958119 -0.0183194 -0.00473002 -0.000428945 0.00172028 0.00309753
internal_weight=309665 290913 127734 18751.9 163179 11705.2 10635.9 9437.99 4030.64 152543 115966 1050.46 5407.36 1833.42 3146.01 2850.36 1312.97 821.75 1590.82 566.515 11767.6 1165.44 53567.9 941.461 330.023 2261.35 1537.39 1414.96 1786.67 98975 297.158 47981 51230.3 1424.91 93.4578 1331.46 524.592 474.679 411.54 41.5074 611.438 768.124 425.383 542.085 328.582 52682.4 46292.6 413.156 43404.3 64736.2 1003.42 361.754 5586.82 1567.4 491.217 173.513 213.503 234.002 36267.5 175.057 317.907 978.499
internal_count=229506 138762 38713 90744 100049 48744 15536 35424 18831 84513 37194 4113 16593 6187 8001 6781 3965 1799 4793 1396 1519 4237 35795 3009 1537 8592 2816 2336 6199 48718 293 30489 13912 5246 200 5046 1506 2393 967 113 1472 3198 556 1140 893 24684 24034 711 28421 23282 1369 953 5306 1728 2166 696 247 454 24098 248 441 1257
is_linear=0
shrinkage=0.05


Tree=35
num_leaves=63
num_cat=0
split_feature=14 11 24 11 17 19 22 24 14 24 2 14 41 17 14 22 41 22 46 22 25 2 2 36 42 11 2 23 14 2 42 23 48 26 60 23 22 48 25 3 36 14 23 20 2 23 24 24 36 23 22 23 41 0 20 23 0 22 22 0 42 43
split_gain=46870.8 4987.28 3049.63 2108.71 1546.88 1097.47 1569.59 854.41 604.267 521.372 637.071 391.967 329.908 256.654 236.446 325.672 225.877 223.898 222.62 243.996 214.518 300.157 202.997 179.319 171.26 165.119 162.894 167.73 160.532 157.78 152.287 151.417 167.079 136.916 131.73 198.333 192.248 125.062 103.303 102.771 104.716 100.793 97.7115 96.8794 108.031 96.2379 93.959 93.3415 104.225 92.6011 92.5153 210.06 90.8342 88.2495 87.0626 85.7621 85.5707 173.753 85.2812 109.789 84.838 83.1744
threshold=1.0000000180025095e-35 6.5000000000000009 0.00044644531534855007 25.500000000000004 1.5000000000000002 24.500000000000004 0.6243872549019609 0.0010102827829464502 2.9128787878787885 0.0087169184677292517 -0.70581670320594825 9.8452380952380967 5.2000000000000011 68.500000000000014 10.591666666666669 2.0446568627450987 13.371428571428575 0.17993867587520837 17.000000000000004 1.6546380090497739 1.205289373814042 -0.4096640295431519 -0.12053668025532319 1.5000000000000002 27.850000000000005 2.5000000000000004 0.61559370248597556 2.6901798460087174 7.2613636363636367 0.91023613416931248 17.250000000000004 9.9861502359538061 27.550000000000004 53.000000000000007 2.850000000000001 4.888668234007044 3.5160189075630259 32.70000000000001 1.205289373814042 1.0000000180025095e-35 8.5000000000000018 16.408333333333335 3.7124692240326786 0.12499999999999988 0.8542199457734333 3.5227190751902699 0.0046906644566655506 0.010319520866151852 2.5000000000000004 3.6154505583779444 0.38102532679738566 0.77935826657944762 -1.7214285714285713 5.5000000000000009 0.32500000000000012 9.9861502359538061 33.500000000000007 2.9565489657401427 0.34221813725490197 42.500000000000007 14.9 -10.749999999999998
decision_type=8 2 2 2 2 8 2 2 8 2 2 8 2 2 8 2 2 2 2 2 2 2 2 2 2 2 2 2 10 2 2 2 2 2 2 2 2 2 2 2 2 10 2 2 2 2 2 2 2 2 2 2 2 2 2 2 2 2 2 2 2 2
left_child=2 4 -1 11 7 12 -7 -2 23 10 16 -3 31 -5 39 -16 -8 -14 19 26 24 -22 25 43 -21 -10 -11 29 -24 61 46 32 52 -17 36 37 42 49 -12 -9 47 -13 -23 -6 -45 -40 -19 48 -41 -36 51 -48 -4 -49 -25 -52 57 -20 -53 -60 -35 -28
right_child=1 3 5 13 8 6 9 14 22 18 38 41 17 -15 15 33 -18 30 56 20 21 34 28 54 -26 -27 27 -29 -30 -31 -32 -33 -34 60 35 -37 -38 -39 45 40 -42 -43 -44 44 -46 -47 50 53 -50 -51 55 58 -54 -55 -56 -57 -58 -59 59 -61 -62 -63
leaf_value=-0.099987744246542373 -0.096420985506802184 0.0072274851158552825 -0.090677517319819476 0.024629745504565748 -0.00024634639423888718 -0.099957471001675902 -0.08731762028315411 -0.0080579583541655671 -0.0044513462217420285 -0.091826488873496134 -0.099040588800062876 0.011968347795589224 -0.099347269640206348 0.038488079364286443 -0.097336617929782931 -0.077560843014555139 -0.0058382021563994158 -0.067328633337224539 -0.00050029095642845751 -0.097006969423288167 -0.071664450247749367 -0.036060442776398575 0.0040783447319508439 -0.022610184390856609 0.0090181644927613807 0.0019640430055399261 -0.094561085206228523 -0.098891503209845702 0.013818176029617386 -0.094103542705378185 -0.096243543621303385 0.060872937345186666 -0.0921294148956881 0.0023814429734855007 -0.022033614560616227 -0.086262764814526785 0.0047193345301007406 -0.043313988618291346 -0.089322016107250268 -0.019064729454597022 -0.050356586978444889 0.01715878457741921 -0.099151159206291806 -0.0064062803202265331 0.0017105996059350701 -0.055916393168139913 0.024669753327869449 -0.00012098504508554105 -0.050018506248008569 0.019976454630353264 0.012762454853523836 -0.092977669336644489 -0.00053739325911955139 -0.01757384332784975 -0.0086912720198694168 -0.094770417012412997 0.034803164270760613 -0.088988667603801613 -0.096207619411363521 0.03485842140385173 -0.052625698482230726 0.015369337887418422
leaf_weight=8566.4047183543444 347.53173242509365 58494.193179309368 27.995851919054985 7310.6534857749939 18080.571286022663 2467.9036689698696 105.58857634663582 3591.1296174526215 12473.692942708731 368.29104712605476 763.54235582053661 38957.147401094437 159.86274895071983 6173.384349822998 206.99473936855793 91.275620058178902 422.7524087280035 110.70406450331211 293.06245167553425 203.06328228116035 308.58779500424862 126.05798026919365 36957.584079325199 1560.5074220597744 46.525274410843849 51170.045226335526 18.305321738123894 93.722872391343117 4777.4837712645531 53.284652233123779 85.895198613405228 82.423827856779099 56.351053729653358 311.82696437835693 174.75945052504539 70.154840260744095 145.81372956931591 133.82351753115654 464.99706111848354 796.26329123973846 250.81256386637688 12326.996526837349 122.69810779392719 22815.849607467651 4995.4955654740334 419.7194766253233 91.093832075595856 908.3663677573204 414.56884576380253 516.05114483833313 240.96892793476582 118.29292185604572 777.43000777065754 3584.9682051390409 4022.6090351641178 19.078082755208015 99.883363515138626 67.465614765882492 26.687094569206238 36.852065443992615 89.337899893522263 157.11616621911526
leaf_count=53744 2069 21338 122 1254 10954 15222 489 3833 7590 1724 4417 11276 922 645 1133 341 589 424 402 957 1125 363 17261 1728 31 24562 97 406 1527 287 399 19 252 421 387 223 253 401 2321 851 590 2821 532 15649 3039 1588 81 823 961 500 269 561 863 4266 3582 63 83 219 96 25 248 288
internal_value=-0.000168782 0.00468468 -0.0783632 0.0123177 -0.000934171 -0.0588071 -0.0671414 -0.0194258 0.000314737 -0.0514753 -0.0701096 0.0100254 -0.0240467 0.0309772 -0.0168044 -0.044853 -0.0222654 -0.0458808 -0.0379289 -0.0437295 -0.0342128 -0.027441 0.00248376 -0.00412551 -0.077266 0.000706546 -0.0690912 -0.0429029 0.0051937 -0.0196067 -0.0340385 -0.00344695 -0.00966798 -0.0226291 -0.0168056 -0.00616945 -0.0408366 0.000734573 -0.08542 -0.0147443 -0.0187736 0.0132164 -0.0674721 -0.00309587 -0.00494813 -0.0735607 -0.0255934 -0.0173755 -0.0296994 0.00932514 -0.0168053 -0.0370863 -0.00378534 -0.0140475 -0.0125859 0.00452144 -0.00591386 -0.0172733 -0.0680177 -0.0207509 -0.0099564 0.00339873
internal_weight=308753 290709 18043.2 123262 167447 9476.81 7643.17 10593.1 156854 5175.27 2176.6 109778 1833.64 13484 10245.5 699.435 528.341 889.435 2998.67 2538.26 1847.54 1597.95 105379 51475 249.589 63643.7 690.72 322.429 41735.1 228.706 729.572 944.201 861.777 492.44 1289.36 894.789 394.57 824.634 1648.26 9546.11 5954.98 51284.1 248.756 45891.9 27811.3 884.717 643.677 5704.17 1210.83 690.811 532.973 272.926 805.426 4493.33 5583.12 260.047 460.411 360.528 181.832 63.5392 401.165 175.421
internal_count=229506 138762 90744 37334 101428 37000 32904 15536 85892 17682 9404 35435 4096 1899 13467 2143 1078 2840 8278 7574 4772 3784 50940 34952 988 32152 2802 1078 18788 672 1918 1256 1237 1010 2659 1511 1148 1288 8326 11324 7491 14097 895 29642 18688 3909 1519 6901 1812 887 1095 763 985 5089 5310 332 704 621 682 121 669 385
is_linear=0
shrinkage=0.05


Tree=36
num_leaves=63
num_cat=0
split_feature=14 11 24 11 17 19 22 24 14 24 2 11 41 11 14 14 22 22 41 41 42 22 22 0 59 24 22 59 23 25 22 3 25 27 57 23 26 7 25 0 22 57 42 23 23 22 3 23 14 24 23 22 22 0 11 39 25 58 57 41 24 59
split_gain=43992.8 4507.38 3108.79 1922.25 1403.78 1058.65 1590.2 826.031 548.412 501.691 625.091 358.009 310.251 258.942 237.874 222.548 320.07 220.594 215.137 184.514 298.046 284.793 237.779 159.503 155.17 147.76 163.238 146.53 139.16 133.427 129.108 125.378 189.615 119.935 118.414 117.626 115.987 112.027 111.911 111.618 119.285 144.919 102.189 99.6412 96.3092 108.796 93.4818 92.858 91.3623 90.3886 90.2074 121.153 97.7105 88.9751 87.3376 86.9606 86.3306 84.9889 91.8356 88.7305 84.0223 83.6106
threshold=1.0000000180025095e-35 6.5000000000000009 0.00044644531534855007 25.500000000000004 1.5000000000000002 24.500000000000004 0.6243872549019609 0.0010102827829464502 3.7638888888888893 0.0087169184677292517 -0.70581670320594825 11.500000000000002 5.2000000000000011 2.5000000000000004 55.291666666666679 10.591666666666669 2.0446568627450987 0.17993867587520837 13.371428571428575 9.828571428571431 5.1000000000000005 1.5076208621100264 3.5160189075630259 3.5000000000000004 14.564285714285718 0.023113350512029604 4.2556048154555954 -2.2428571428571424 9.9861502359538061 1.205289373814042 1.726914697502933 -0.70581670320594803 1.205289373814042 3.9150706436420726 1.1178277344549159 2.3459958708675344 83.000000000000014 1.5000000000000002 1.205289373814042 46.500000000000007 2.6601540616246502 -1.7365025211499814 15.500000000000002 3.5227190751902699 4.6965847451231886 1.1080571117335825 1.0000000180025095e-35 2.0605079480907817 7.8452380952380958 0.010319520866151852 1.2517618977093428 2.2134823687539535 0.20631926683716964 5.5000000000000009 1.0000000180025095e-35 0.76594168620507064 1.9359907512044252 1.0000000180025095e-35 0.70162834656228068 -1.7214285714285713 0.0046906644566655506 7.6785714285714297
decision_type=8 2 2 2 2 8 2 2 10 2 2 2 2 2 8 8 2 2 2 2 2 2 2 2 2 2 2 2 2 2 2 2 2 2 2 2 2 2 2 2 2 2 2 2 2 2 2 2 8 2 2 2 2 2 2 2 2 2 2 2 2 2
left_child=2 4 -1 11 7 12 -7 -2 13 10 18 48 28 25 -5 46 -17 -14 -8 20 21 -11 27 -10 42 26 55 35 57 -18 -23 32 -21 -25 44 47 -24 -27 -12 40 41 -32 50 -40 45 -34 -9 -22 -3 54 52 -52 -19 -51 -48 -6 -42 58 -4 -59 -45 -31
right_child=1 3 5 14 8 6 9 15 23 19 38 -13 17 -15 -16 16 29 24 -20 31 22 30 36 33 -26 37 -28 -29 -30 61 39 -33 34 -35 -36 -37 -38 -39 43 -41 56 -43 -44 60 -46 -47 49 -49 -50 53 51 -53 -54 -55 -56 -57 -58 59 -60 -61 -62 -63
leaf_value=-0.099987116036220125 -0.096081379368679151 0.0055183481390987457 -0.0087420403036074981 0.022889409077613374 -0.0088723705421269988 -0.09995529237279005 -0.086285292297603358 -0.0076576612864907995 0.014371812268508033 -0.098932300835892342 -0.098948549337934955 0.013151248924051992 -0.099314244457554268 8.1920767337055687e-05 0.036216314728436637 -0.097094671094504856 -0.094377868433632467 -0.096008941334827264 -0.0055479289858642632 -0.098790486900233884 -0.0932387921255734 0.026482409131872053 -0.044054947774212323 0.0014204871135145361 -0.076507544064782149 -0.00442709833699964 -0.0027404183927436151 -0.078486601860854072 0.058960185188193119 -0.00031269828587034111 0.064615921087464653 0.0092050677931440113 -0.088122994616691611 0.00573180729120843 -0.07804626952917415 -0.064446482328231802 0.01700392349557826 0.0052026116645162643 -0.088392920673443912 -0.076403710157055313 -0.066236942720499917 -0.085062831451982276 0.013727171953950817 -0.077287270449816051 -0.091154009057102664 0.012239594045659824 -0.042499684967548135 0.042767182772499579 0.0091979905911078255 -0.00069061280790765588 -0.098864207552447875 -0.023964351161961866 0.0083384877399822581 -0.018057939463395026 -0.016483890849387447 -0.018184362565282743 0.015108449215393763 -0.090011420182094709 -0.092141173270712695 0.0010242257431892423 -0.031914331978815762 -0.052543886245053011
leaf_weight=8148.6658787578344 331.72549057006836 35324.268275856972 74.975752145051956 6686.1101688146591 5647.2071884572506 2347.5925456732512 101.62239615619183 3589.9923645853996 3185.7162303328514 97.342307955026627 726.96381343901157 42073.08483672142 152.11578762531281 44805.172431945801 6731.7114834785461 197.38046300411224 54.972528517246246 25.308808967471123 422.68184666335583 85.811792299151421 14.529769524931906 194.13661336898804 206.82441924512386 45901.521701067686 158.82795509696007 18030.079784452915 6244.170524418354 867.79929998517036 80.914607375860214 335.11762562394142 19.127069145441055 301.63496549427509 28.817190110683441 24875.340061545372 66.158593758940697 99.368285432457924 123.45647674798965 3626.5565559864044 446.86286038160324 77.254957437515259 36.230682104825974 84.443548649549484 155.97004315257072 199.59418599307537 28.894184172153473 284.85118243098259 650.07673770189285 64.574845045804977 32321.187532901764 920.34665006399155 91.446467861533165 132.49942623078823 151.25860378146172 3724.2996229678392 645.25803145766258 4518.4456649422646 261.93694213032722 26.829875662922859 58.514703795313835 697.91220247745514 213.70988866686821 98.410657688975334
leaf_count=53744 2069 13649 149 1167 4268 15222 489 3833 1176 477 4417 11221 922 24473 732 1133 260 138 589 424 83 143 626 21625 630 12653 4436 3760 19 471 10 420 152 10756 263 371 185 2199 2321 219 134 246 133 944 97 332 1384 55 10565 847 464 336 217 4597 663 4306 281 122 245 721 644 279
internal_value=-0.000166688 0.00445327 -0.0774888 0.0117144 -0.000888469 -0.0575712 -0.0659466 -0.0185443 0.000299018 -0.0501338 -0.0687382 0.00952951 -0.0232341 -0.00249416 0.0295781 -0.0160169 -0.0435123 -0.0447764 -0.0213407 -0.0367665 -0.0443905 -0.0194453 -0.0583248 0.0034287 -0.0330491 -0.00552633 -0.009105 -0.0699971 -0.00330523 -0.0216978 -0.00781348 -0.0161707 -0.0316457 0.00293588 -0.0173297 -0.0284829 -0.0212341 -0.00281414 -0.0843694 -0.0217503 -0.0110643 -0.0570193 -0.0205215 -0.0719415 -0.00539597 0.00275249 -0.0140331 0.0168714 0.00727668 -0.0178836 -0.0338722 -0.0548749 -0.00704676 -0.0146185 -0.0295667 -0.0130133 0.005019 -0.00924325 -0.04575 -0.0024584 -0.0539717 -0.0122743
internal_weight=307876 290518 17357.5 123136 167382 9208.79 7402.22 10547.6 156834 5054.63 2111.43 109719 1806.57 82871.6 13417.8 10215.9 685.881 867.427 524.304 2943.19 2147.03 770.472 1376.55 73962.6 715.311 38066.5 16409.8 1046.27 939.147 488.501 673.13 796.168 494.533 70776.9 408.721 178.473 330.281 21656.6 1587.13 478.993 401.738 103.571 556.483 860.167 342.563 313.668 9529.97 79.1046 67645.5 5939.98 400.513 223.946 176.567 4644.65 1295.33 10165.7 298.168 858.233 133.49 724.742 413.304 433.528
internal_count=229506 138762 90744 37334 101428 37000 32904 15536 85892 17682 9404 35435 4096 52335 1899 13467 2143 2840 1078 8278 6590 1510 5080 33557 1918 27862 13010 4269 1256 1010 1033 1688 1268 32381 844 509 811 14852 8326 890 671 256 1288 3909 581 484 11324 138 24214 7491 1155 800 355 5444 2047 8574 415 1237 394 843 1588 750
is_linear=0
shrinkage=0.05


Tree=37
num_leaves=63
num_cat=0
split_feature=37 11 22 27 17 17 19 22 17 22 13 29 0 0 42 19 23 50 42 22 23 11 42 42 50 23 22 22 59 22 12 44 27 11 35 51 41 49 42 16 42 45 36 49 11 22 22 41 49 22 50 52 44 18 20 25 23 59 0 22 25 22
split_gain=41062 3902.68 2848.23 1885.98 1396 1205.06 683.133 1126.15 463.978 351.582 292.264 254.853 482.94 273.436 254.046 250.29 240.58 172.397 249.101 170.402 218.833 167.642 167.126 162.628 173.166 180.905 156.746 152.773 151.59 168.092 131.455 121.297 121.294 111.003 145.284 107.413 106.787 104.685 104.282 103.723 103.319 102.209 101.809 99.9085 99.6851 95.9967 244.525 117.401 132.821 128.646 102.135 97.7757 93.5697 91.7796 100.57 90.5714 84.2523 75.2889 73.8837 90.522 73.8207 72.2662
threshold=1.0000000180025095e-35 10.500000000000002 0.49571078431372556 0.75802418621567569 4.5000000000000009 48.500000000000007 1.0000000180025095e-35 0.14789731682146542 1.5000000000000002 0.17993867587520837 5.6250000000000009 0.66669747656443723 32.500000000000007 34.500000000000007 9.0500000000000025 1.0000000180025095e-35 2.9275181802671209 18.364606944444446 13.000000000000002 0.17993867587520837 1.2517618977093428 17.500000000000004 11.350000000000001 15.500000000000002 64.4007763888889 2.0697051859511464 17.644050802139041 1.5076208621100264 -2.2428571428571424 1.1080571117335825 2.5000000000000004 17.100000000000005 3.7076997420423803 1.0000000180025095e-35 1.0000000180025095e-35 3.5000000000000004 7.6785714285714297 76.700000000000017 17.400000000000002 87.250000000000014 26.900000000000002 13.950000000000001 1.5000000000000002 53.45000000000001 1.5000000000000002 2.0259803921568635 2.6022875816993465 -0.14285714285714277 60.650000000000006 4.3865884072927432 10.812693055555558 2.5000000000000004 14.750000000000002 -1.500000000000002 0.27816656382832855 0.62176916221033884 5.5358463734687033 10.235714285714286 7.5000000000000009 2.2190408421433094 0.6287242169595112 3.7199853203313418
decision_type=2 2 2 2 2 2 8 2 2 2 2 2 2 2 2 8 2 2 2 2 2 2 2 2 2 2 2 2 2 2 2 2 2 2 2 2 2 2 2 2 2 2 2 2 2 2 2 2 2 2 2 2 2 2 2 2 2 2 2 2 2 2
left_child=2 4 6 -4 8 21 7 -1 9 -2 32 12 -5 -14 55 -15 23 22 57 -16 38 -3 37 27 35 -26 41 28 29 -13 44 56 42 34 36 -25 -11 45 60 -7 -27 43 -6 -20 52 -18 -47 48 -48 51 -51 -49 -10 54 -44 -9 -12 61 -29 -60 -21 -19
right_child=1 5 3 11 10 39 -8 14 30 33 31 16 13 15 19 -17 17 18 26 20 -22 -23 -24 24 25 40 -28 58 -30 -31 -32 -33 -34 -35 -36 -37 -38 -39 -40 -41 -42 -43 53 -45 -46 46 47 49 -50 50 -52 -53 -54 -55 -56 -57 -58 -59 59 -61 -62 -63
leaf_value=-0.098588768251957115 -0.097200892255675353 0.010755352981179123 -0.099177488430210611 -0.099785591155638384 0.0010258491860402617 0.029032788211161092 -0.099984828971715844 -0.095800788446445156 -0.011896404604685424 -0.011377475487412036 0.0046189730874883666 -0.097984183348545723 0.011337872331502869 0.01334696816163726 -0.099283008648119175 -0.098666031232993459 0.031412170334475041 -0.076604885873688147 -0.043122317003254952 -0.095477888399233768 -0.099049650014825574 0.016715864901654592 -0.080738116696356665 0.019045740816061561 -0.089525590565313395 -0.04703920440279713 0.056690825308089055 -0.015597624257332427 -0.093075575577784744 0.020652292969751667 -0.00035025911900370837 0.012340237134065395 0.0047228014222168817 -0.0084038673790688377 -0.016912346196335852 -0.059935380963669044 -0.072016002809860494 -0.092218073347952678 -0.097226977302958567 0.04107046115285997 0.010716053148008803 -0.053230504322188191 -0.051648667096176409 -0.014526310466175344 -0.0032063305949388363 -0.080006159426722068 -0.067383144109908755 0.013994249175422226 -0.0021966848003206725 -0.0076823400088998368 -0.097988936617301958 -0.074116642481793935 -0.0010182510499074323 -0.0016226302593915804 -0.012720187524011837 0.0019959620808839714 0.008792764765130549 0.0062078134149755569 -0.078230643909669356 -0.031898728300951716 -0.002968005707898496 -0.045797661584671058
leaf_weight=1434.4406081587076 127.16734802722931 38882.003806710243 1734.2595264613628 488.71860425174236 48781.504712462425 6234.6314054727554 6920.0865627080202 24.004694014787674 7629.5873374938965 110.20811432600021 52605.038217663765 51.088070571422577 223.24309596419334 70.426898941397667 145.44528099894524 167.46681182086468 121.7327521443367 475.51983998715878 457.30125646293163 22.219241201877594 109.48561228811741 16949.556606054306 96.635397300124168 188.51931196451187 185.8953782916069 240.42496438324451 52.28784254193306 158.65357412397861 492.93464151024818 69.191281214356422 28081.915031462908 7348.122700214386 24902.952995479107 4647.0584029555321 4029.5926247090101 54.69691601395607 215.46808959543705 39.723528519272804 36.864818096160889 2527.5339059829712 113.34206262230873 383.73831430077553 201.21577155590057 923.82988387346268 24274.235287845135 128.67800594866276 151.03148533403873 700.10273994505405 161.26888851821423 79.016922041773796 51.211183845996857 31.966119900345802 2669.6546287834644 1860.2101222574711 935.14554709196091 443.24676558375359 15706.652353405952 39.698000758886337 218.12621207535267 208.58428598940372 305.93548303842545 330.07542312145233
leaf_count=9750 851 11258 11877 2960 23851 785 47872 110 6934 221 20100 319 135 111 897 952 76 1950 1468 120 630 3749 377 218 1028 779 36 374 2669 93 16588 2457 11592 4356 5390 222 951 193 193 231 136 1331 209 1852 15943 395 469 875 285 119 210 143 2040 1125 643 439 5458 72 834 587 520 1098
internal_value=-0.000164352 0.00444298 -0.0727275 -0.0524038 0.00132215 0.0152713 -0.0918541 -0.0695083 -0.00442632 -0.0149566 0.00403095 -0.0410539 -0.0651919 -0.0283816 -0.0310799 -0.0655673 -0.0373483 -0.0305887 -0.0383262 -0.0520371 -0.0373665 0.0125652 -0.0173753 -0.0517324 -0.0339233 -0.0496855 -0.0278641 -0.0633227 -0.0807983 -0.0300892 -0.00289167 0.00623572 0.00185542 -0.0137836 -0.0195193 0.00109051 -0.051609 -0.0131394 -0.0186312 0.03251 -0.0285431 -0.0304027 0.000476183 -0.0240226 -0.00495569 -0.0108683 -0.0148424 -0.00763746 -0.0338519 0.00187911 -0.0437089 0.0100442 -0.00907755 -0.00846758 -0.019657 -0.00321146 0.00557883 -0.0607515 -0.0449006 -0.0557219 -0.00951805 -0.0640609
internal_weight=307051 288719 18331.1 8889.39 224126 64593.7 9441.73 2521.64 71784.9 9129.49 152341 7155.13 949.855 461.137 1087.2 237.894 6205.27 4223.82 2662.45 619.95 474.505 55831.6 1561.37 1981.46 782.879 539.662 1817.16 1198.58 613.214 120.279 62655.4 75659.8 76681 9002.33 4355.27 243.216 325.676 1464.73 365.02 8762.17 353.767 1764.87 51778.1 1381.13 34573.5 1425.01 1303.28 1174.6 312.3 862.297 130.228 732.069 10299.2 2996.57 1136.36 467.251 68311.7 845.293 585.364 426.71 328.155 805.595
internal_count=229506 134732 94774 34243 118709 16023 60531 12659 53274 11769 65435 22366 4158 1198 2909 1063 18208 10949 7807 2360 1463 15007 3142 7259 2383 1943 4687 4876 3081 412 41505 28015 37420 10918 6562 440 1172 2765 833 1016 915 4651 25828 3320 24917 2572 2496 2101 754 1347 329 1018 8974 1977 852 549 25558 3120 1795 1421 640 3048
is_linear=0
shrinkage=0.05


Tree=38
num_leaves=63
num_cat=0
split_feature=37 24 11 17 22 17 0 24 24 24 2 22 47 42 22 11 35 25 45 51 57 22 24 36 60 60 43 11 0 25 2 47 20 25 41 24 47 59 24 16 44 36 0 59 50 45 24 22 22 35 44 44 22 59 13 30 50 22 24 20 20 36
split_gain=38386.7 4201.39 3529.52 1266.27 1215.61 1100.78 989.533 561.708 469.424 415.198 402.566 399.3 244.974 254.712 306.673 240.457 226.967 201.612 188.204 187.315 282.901 182.399 166.585 162.216 157.19 155.296 155.041 152.184 149.737 126.225 190.093 122.25 121.946 113.849 113.072 108.309 100.915 98.5974 96.6503 96.4979 92.7979 91.4206 91.4093 87.2802 95.7896 105.071 84.0486 86.6417 82.8697 98.0864 81.1068 249.875 113.34 80.4517 78.7839 78.5999 78.2506 78.0607 77.5175 76.3124 76.0721 73.3892
threshold=1.0000000180025095e-35 0.0010102827829464502 10.500000000000002 3.5000000000000004 0.73190045248868796 48.500000000000007 36.500000000000007 0.0089572397709962014 0.00065816849892975004 0.043880731548761258 -0.70581670320594825 4.9903393665158378 2.4500000000000006 7.8500000000000005 0.17993867587520837 1.0000000180025095e-35 3.5000000000000004 1.205289373814042 0.8500000000000002 2.5000000000000004 -2.5192365763591247 2.7506363122171948 0.022841733786961405 11.500000000000002 22.600000000000005 0.95000000000000007 -4.6999999999999984 19.500000000000004 34.500000000000007 0.77113572701807998 -0.66312265824079508 3.5700000000000007 0.31250000000000011 1.205289373814042 -1.7214285714285713 0.004452113058987601 5.7750000000000012 -1.9357142857142853 0.0077482089513054514 87.250000000000014 17.100000000000005 8.5000000000000018 27.500000000000004 -0.14285714285714277 7.6387597222222237 2.2500000000000004 0.014016846781364452 2.6022875816993465 2.1347916666666671 1.0000000180025095e-35 11.65 8.8500000000000014 1.5076208621100264 0.3714285714285715 1.0000000180025095e-35 2.4053593855976616 18.816404166666668 0.20631926683716964 0.046372718666637405 0.062500000000000069 0.069444444444444461 1.5000000000000002
decision_type=2 2 2 2 2 2 2 2 2 2 2 2 2 2 2 2 2 2 2 2 2 2 2 2 2 2 2 2 2 2 2 2 2 2 2 2 2 2 2 2 2 2 2 2 2 2 2 2 2 2 2 2 2 2 2 2 2 2 2 2 2 2
left_child=1 -1 3 8 6 27 -3 10 -2 11 16 22 13 34 -15 28 -6 23 37 20 -16 -11 61 -12 57 26 -20 -4 38 30 -27 43 48 -18 -8 -35 -33 -9 -10 -7 -24 -28 53 44 -31 -46 -17 -48 49 -30 51 52 -45 -23 -53 56 -19 -21 -38 -49 -54 -5
right_child=2 4 5 9 7 39 12 18 15 21 17 -13 -14 14 19 46 33 55 25 24 -22 42 40 -25 -26 29 41 -29 32 31 -32 36 -34 35 -36 -37 58 -39 -40 -41 -42 -43 -44 50 45 -47 47 59 -50 -51 -52 54 60 -55 -56 -57 -58 -59 -60 -61 -62 -63
leaf_value=-0.099193309602222002 -0.090709236899266354 -0.09994097467813641 0.010553466616558534 -0.0053444608930446735 -0.081595892425423422 0.027698213548167719 -0.096909224349098488 0.018326440235363794 -0.036188286541427805 0.0022714648042381487 -0.097795321762964404 0.004894296020628984 -0.099469404464002556 -0.09927750515119374 -0.019075572836141481 -0.0089571646837607235 0.012527942950817784 -0.01176680228669323 -0.0067522648875137621 -0.094839500312540487 -0.098647731631775426 0.0035965596745975862 -0.0009160515616311734 0.03736939446611811 -0.097760281146755834 0.003809977546395814 -0.082867995982911724 0.016845189613025204 -0.096220925850107164 0.0096399246120069757 -0.094362704031462796 -0.081086727986587948 -0.011976144418539864 -0.063429454428145501 -0.0021249692267858791 -0.0015138174481734996 -0.0072298552176922257 -0.066962342766892155 -0.0059660396091080932 0.039349885058385783 0.0062932547599400881 -0.020252821942045293 0.0057250287852112017 -0.096453521214502305 -0.012547878343036726 -0.082869877346867446 -0.0058794388940775861 0.0043247803988914124 -0.025319053628064199 -0.034577021100202658 -0.002237557717850982 -0.066812121102029096 0.0085536116790733262 0.011261958635134961 -0.017417962506783399 -0.06807041395955464 -0.058197978790128585 0.0062289497102287691 -0.091472110382238014 -0.0028834758911885695 -0.06343675217707799 -0.017927684563417156
leaf_weight=7760.6533050835133 162.46816255152225 1777.8975423574448 43434.647537589073 11221.094557702541 141.42946548759937 6209.0065299272537 32.972054868936539 36.896344721317291 279.31574046611786 23448.841203212738 612.78224508464336 40758.376420050859 196.89084693789482 272.93374612927437 218.61383125185966 7120.1671557724476 268.52293375134468 160.71091414988041 148.3290988355875 19.346866846084595 229.07063089311123 4165.8338794112206 43039.03210195899 22.484460920095444 45.880884110927582 79.986942544579506 252.68792216479778 12351.894957065582 94.086480513215065 76.728526279330254 126.85192738473415 122.83813670277596 1891.2050357758999 142.26409994065762 428.89385072886944 139.75381982326508 151.83066394925117 358.44627684354782 4746.3735971152782 2506.7388896942139 4979.1077204942703 76.998297870159149 29767.213746368885 28.606831550598145 88.837190613150597 133.34362784028053 13554.695646047592 5498.7313928604126 1525.0703511685133 208.86038494110107 1455.6926803439856 271.73463344573975 553.41600985825062 19279.533376514912 116.35743460059166 562.91539359092712 210.23811693489552 311.93544384837151 32.399884387850761 11045.293509721756 38.291616350412369 1292.0383673906326
leaf_count=56133 1031 12716 12376 6428 670 785 220 71 510 11044 4011 17385 1390 1825 447 5784 172 406 311 115 1494 1651 21864 16 278 103 1177 2631 575 116 677 546 2015 477 400 246 306 1431 4789 231 2221 166 11791 120 216 545 9907 3463 2415 320 2276 1003 492 6797 144 2443 891 523 150 7589 51 1130
internal_value=-0.000161743 -0.0716197 0.00422294 0.00125612 -0.0500959 0.0145292 -0.0736412 -0.0371057 -0.00612637 0.00316977 -0.0571571 0.00106856 -0.0469771 -0.0402877 -0.0533857 -0.00582532 -0.0253262 -0.0711659 -0.0261692 -0.0380926 -0.0599312 0.0059459 -0.00150743 -0.0929523 -0.0120676 -0.0227003 -0.0493108 0.0119469 -0.013286 -0.0188031 -0.0565385 -0.0162416 -0.0208914 -0.0107402 -0.00909706 -0.0328786 -0.0461317 -0.0589638 -0.00765358 0.0310541 -0.000168283 -0.0683648 0.00756492 -0.0129025 -0.0383816 -0.0549568 -0.00407193 -0.00291586 -0.0301005 -0.0539919 -0.00979534 -0.0206875 -0.000975281 0.00990038 -0.0520985 -0.0562567 -0.0381812 4.38557e-05 -0.022486 -0.000487252 0.00378724 -0.00664546
internal_weight=306286 17706.5 288580 224077 9945.81 64502.3 3534.44 6411.38 46126.3 177951 2261.1 101290 1756.54 1559.65 1097.78 45963.8 691.97 1569.13 4150.27 824.848 447.684 76661.4 60531.3 635.267 377.163 3754.93 478.015 55786.5 8744.91 3276.92 206.839 3070.08 3719.22 550.541 461.866 282.018 307.069 395.343 5025.69 8715.75 48018.1 329.686 53212.6 2763.01 298.909 222.181 37218.9 30098.7 1828.02 302.947 2464.1 1008.41 620.314 23445.4 388.092 933.864 370.949 331.282 184.231 16544 591.708 12513.1
internal_count=229506 94774 134732 118709 38641 16023 19408 19233 38398 80311 9332 49028 6692 5302 4682 37367 1565 7767 9901 2857 1941 31283 31643 4027 916 8399 1654 15007 10624 6745 780 5965 5325 895 620 723 1002 1502 5299 1016 24085 1343 20239 4963 877 761 26743 20959 3310 895 4086 1810 663 8448 1147 3740 1297 638 456 11052 543 7558
is_linear=0
shrinkage=0.05


Tree=39
num_leaves=63
num_cat=0
split_feature=14 11 24 11 24 19 22 13 24 2 14 18 14 41 22 14 22 41 43 41 22 59 22 12 20 25 59 57 25 2 44 2 25 43 44 36 50 25 11 22 24 48 24 22 14 0 36 49 11 20 44 24 0 44 37 59 22 41 19 24 25 20
split_gain=36286.9 3372.68 3301.86 1461.26 1021.82 981.684 1639.07 808.423 464.462 594.321 309.654 306.417 299.747 268.232 212.934 211.588 308.664 190.133 172.894 284.33 203.53 171.113 164.582 163.786 146.767 145.957 143.601 139.766 130.657 129.703 126.707 125.045 114.304 106.579 106.501 102.386 112.475 96.9664 96.9281 94.3762 111.866 94.5101 93.398 116.812 93.2273 92.7679 91.685 90.7103 89.383 136.295 124.975 88.5692 85.2724 85.193 82.1747 81.7425 77.0435 78.9819 78.8707 75.1745 74.3112 71.0896
threshold=1.0000000180025095e-35 6.5000000000000009 0.00044644531534855007 27.500000000000004 0.0010102827829464502 24.500000000000004 0.6243872549019609 1.3750000000000002 0.0087169184677292517 -0.70581670320594825 12.174242424242426 0.29999999999999971 4.041666666666667 5.2000000000000011 0.17993867587520837 10.591666666666669 2.0446568627450987 13.371428571428575 1.6000000000000003 1.6928571428571428 1.5076208621100264 -3.3714285714285706 3.5160189075630259 75.500000000000014 0.049999999999999954 1.205289373814042 14.564285714285718 -4.131404984536144 1.205289373814042 -0.060268340127661552 14.15 0.8542199457734333 1.205289373814042 -6.6499999999999995 13.450000000000001 3.5000000000000004 55.667344444444446 1.205289373814042 2.5000000000000004 3.3926921343249945 0.032773010481160506 27.550000000000004 0.058856209150326758 4.6712569726166331 7.2613636363636367 12.500000000000002 10.500000000000002 41.95000000000001 1.0000000180025095e-35 0.24999999999999997 9.9500000000000011 0.0046906644566655506 27.500000000000004 17.250000000000004 0.61250000000000016 7.6785714285714297 2.6022875816993465 -1.9357142857142853 32.500000000000007 0.0046906644566655506 1.6079262213359924 0.87529761904761916
decision_type=8 2 2 2 2 8 2 2 2 2 8 2 8 2 2 8 2 2 2 2 2 2 2 2 2 2 2 2 2 2 2 2 2 2 2 2 2 2 2 2 2 2 2 2 10 2 2 2 2 2 2 2 2 2 2 2 2 2 8 2 2 2
left_child=2 4 -1 10 -2 13 -7 11 9 17 42 15 31 33 -15 30 -17 -8 19 20 21 -10 46 -5 -13 -22 59 -27 -11 48 35 38 -18 -4 37 -6 47 -20 54 40 -35 -42 43 -3 -31 -33 -21 -37 49 50 -14 -30 -12 -24 -9 -34 -32 -58 -59 -16 -53 -49
right_child=1 3 5 23 7 6 8 12 18 28 52 24 29 14 26 16 32 -19 34 22 25 -23 53 -25 -26 27 -28 -29 51 44 56 45 55 39 -36 36 -38 -39 -40 -41 41 -43 -44 -45 -46 -47 -48 61 -50 -51 -52 60 -54 -55 -56 -57 57 58 -60 -61 -62 -63
leaf_value=-0.099985052069201039 -0.09134719094907652 0.0021384458433975902 -0.091029670671428115 0.023049565040814863 -0.012675622056262981 -0.099948134401716682 -0.083403860156858065 -0.014806561471224578 0.0056021795724189695 -0.098621013200987831 0.015373181146166703 0.0047851961236541254 0.0087992093078720253 -0.099205025228431984 -0.058279532327580208 -0.096491584167508498 -0.093552582229989592 -0.0042123817230716532 -0.098093087446991023 -0.08079243132075975 -0.097914951175374298 -0.099271207413208717 -0.042391041517006234 0.036118287892196295 -0.0093728426438494019 -0.083384577347097089 -0.073375155251101457 -0.0049911026215930885 -0.083857152934537188 0.0045265441567096431 -0.014694521507519535 -0.001282398207505537 -0.0042854887663299947 -0.04452955816378934 -0.0006554964864920645 -0.01088972377318633 -0.0093534096571777445 -0.024149125246496934 -0.00079432183013951037 0.025516088864434572 0.0088269069155192635 -0.095416373402857135 0.0087556819784504452 0.0072181798753847091 0.012396429440506862 0.0075464620416746233 -0.0060430671109573172 -0.043994541795598648 0.0019383957327217005 -0.0038013162559312405 -0.066346362677388235 0.023249622415941903 0.010279841541141012 0.031909866295249979 -0.0039738279287682629 -0.050333970598790703 -0.017841009705794421 -0.035115264434306931 0.0045331663300686078 -0.0091196328294418216 -0.056760152706600377 -0.0045934858126833759
leaf_weight=7023.3836027979851 309.94491310417652 19141.614076495171 31.223876610398293 8769.7559595108032 6842.8939527869225 2023.4632950425148 91.634304195642471 1899.1343308091164 53.016230627894402 630.81791435182095 13257.029901862144 4273.8996217548847 79.75518587231636 131.07966309785843 93.433045163750648 179.33101481199265 49.676619470119476 418.52380678057671 54.062829092144966 594.72304910421371 49.358532980084419 143.07391335070133 152.44150671362877 3309.128794670105 3199.9939206838608 60.071625843644142 147.23123675584793 830.06310130655766 418.45447409152985 20516.569275617599 1584.4178846627474 5801.9136376976967 417.68956336379051 164.95264515280724 535.74087443947792 362.36372354626656 774.78822676837444 235.73308524489403 38856.362325787544 280.18651875853539 425.91478575766087 21.907625168561935 28956.527939081192 27702.604375243187 4609.6171364188194 6103.7444183826447 44.393816277384758 1029.4322181344032 42796.823698163033 1544.0367647409439 177.29041096568108 30.99532975256443 21686.32594370842 50.642648741602898 22352.666471332312 124.48553308844566 581.82367192208767 131.12090891599655 2471.3953693062067 446.2030658274889 351.8787499666214 129.39115042984486
leaf_count=53744 2095 7471 162 1338 6814 15222 489 1557 94 4417 3170 2750 51 922 378 1147 260 589 312 2946 267 831 507 321 2621 279 630 1336 2366 8902 1691 3343 575 392 861 571 1044 676 21424 219 360 123 9589 9574 1467 3122 110 2130 19943 858 187 60 5871 59 15281 323 676 206 2226 910 1483 164
internal_value=-0.000159023 0.00382885 -0.0746065 0.0101198 -0.000792398 -0.0536545 -0.062269 -0.000623646 -0.0461845 -0.0649814 0.00831846 -0.00951854 0.000737775 -0.0201632 -0.0409994 -0.0137144 -0.0391965 -0.0185818 -0.0331406 -0.0411626 -0.0247945 -0.071007 -0.063171 0.026633 -0.00127643 -0.0150785 -0.0297562 -0.0103748 -0.0814818 0.0030979 -0.0122983 -0.00145587 -0.0216941 -0.00169239 -0.0138893 -0.015746 -0.0248851 -0.0382508 -0.0023426 0.00152418 -0.00946148 0.00351492 0.00652304 0.00514268 0.00597098 0.00324378 -0.0756256 -0.0327813 0.00147902 -0.00942882 -0.0430673 -0.0678772 0.0122127 -0.0237727 -0.00482291 -0.0149408 -0.0056883 -0.00120233 0.00252094 -0.0177325 -0.0502263 -0.0396072
internal_weight=305558 290024 15534.6 122823 167201 8511.22 6769.09 166891 4745.63 1942.3 110744 22152.7 144738 1742.13 817.947 14678.8 771.183 510.158 2803.32 1977.78 1135.58 196.09 842.201 12078.9 7473.89 939.493 686.867 890.135 1432.15 69724.1 13907.6 75013.8 591.852 924.185 825.537 9138.87 2295.98 289.796 63108.2 892.962 612.775 447.822 75800.7 46844.2 25126.2 11905.7 639.117 1521.19 44597.9 1801.08 257.046 801.329 34943.4 203.084 24251.8 542.175 4768.76 3184.34 2602.52 539.636 382.874 1158.82
internal_count=229506 138762 90744 37334 101428 37000 32904 99333 17682 9404 35675 23198 76135 4096 2840 17827 2305 1078 8278 6429 2807 925 3622 1659 5371 1882 1918 1615 8326 31408 15522 44727 1158 1256 1849 10723 3909 988 38262 1094 875 483 26634 17045 10369 6465 3056 2865 21039 1096 238 3909 9041 566 16838 898 4799 3108 2432 1288 1543 2294
is_linear=0
shrinkage=0.05


Tree=40
num_leaves=63
num_cat=0
split_feature=14 24 11 13 24 19 22 13 24 2 40 14 11 42 14 22 14 41 46 22 25 2 51 49 42 24 59 41 22 25 44 23 48 20 25 16 23 44 24 22 22 57 46 44 23 18 50 24 23 45 22 23 23 22 49 25 44 24 22 23 59 23
split_gain=33970.8 3367.33 3046.95 1335.71 964.525 942.463 1658.09 736.887 448.25 578.822 282.118 270.63 254.805 249.22 193.049 308.121 185.922 179.921 178.34 235.315 201.433 250.921 175.212 186.738 158.875 156.724 155.658 143.352 207.218 139.04 124.443 117.925 137.205 117.124 116.585 115.616 113.905 113.641 115.593 113.445 112.834 105.124 105.808 101.566 94.7543 91.4883 87.7 84.0252 82.9737 78.3454 203.305 127.935 111.199 97.9548 81.1513 76.9808 74.9779 74.4163 83.3639 187.568 110.269 80.3716
threshold=1.0000000180025095e-35 0.00044644531534855007 6.5000000000000009 24.375000000000004 0.00065816849892975004 24.500000000000004 0.6243872549019609 1.3750000000000002 0.0087169184677292517 -0.70581670320594825 1.3055824196677344 4.041666666666667 12.500000000000002 17.250000000000004 10.591666666666669 2.0446568627450987 57.791666666666679 13.371428571428575 17.000000000000004 1.6546380090497739 1.205289373814042 -0.4096640295431519 1.5000000000000002 68.40000000000002 27.850000000000005 0.014016846781364452 -2.2428571428571424 5.2000000000000011 0.17993867587520837 1.205289373814042 15.250000000000002 9.9861502359538061 27.550000000000004 0.049999999999999954 1.205289373814042 1.0000000180025095e-35 3.5227190751902699 17.100000000000005 0.025993329492000405 4.3290924922600631 2.6022875816993465 3.4008387035633052 12.200000000000001 14.15 3.0760179840636139 -1.000000000000002 15.616020833333335 0.0046906644566655506 2.3459958708675344 4.1500000000000012 3.0328941359152366 3.1992604458853671 4.888668234007044 3.2012014180672277 53.45000000000001 0.52408963585434187 14.950000000000001 0.0046906644566655506 0.38102532679738566 0.77935826657944762 6.7214285714285724 9.9861502359538061
decision_type=8 2 2 2 2 8 2 2 2 2 2 8 2 2 8 2 8 2 2 2 2 2 2 2 2 2 2 2 2 2 2 2 2 2 2 2 2 2 2 2 2 2 2 2 2 2 2 2 2 2 2 2 2 2 2 2 2 2 2 2 2 2
left_child=1 -1 4 12 -2 13 -7 10 9 17 14 37 56 27 25 -16 -5 -8 19 22 24 -22 23 26 -21 35 48 31 -29 -11 -13 32 55 -12 -17 -6 -31 38 39 45 -27 42 49 -42 -40 -9 -28 -38 -10 50 51 -23 -51 -52 -55 -3 -4 -30 59 -59 -61 -60
right_child=2 5 3 16 7 6 8 11 18 29 33 30 -14 -15 15 34 -18 -19 -20 20 21 41 -24 -25 -26 40 46 28 57 36 -32 -33 -34 -35 -36 -37 47 -39 44 -41 43 -43 -44 -45 -46 -47 -48 -49 -50 52 53 -53 -54 54 -56 -57 -58 58 61 60 -62 -63
leaf_value=-0.099984285904378412 -0.094024748929661423 -0.095152117818445445 0.0054031571051261886 0.019100300739160355 -0.029389689902395339 -0.099945477990340467 -0.082138961512258302 -0.02057594965220132 0.03009033435156995 -0.098487980147259138 0.007128467248514141 0.0018913860943321073 0.011355655919437525 -0.096338373345952202 -0.093270609756503337 -0.093127534918025057 0.031090110467183209 -0.0040026212841163698 -0.0028356801176020346 -0.096234027321066118 -0.064628935753402547 -0.010025409539521961 -0.096432137644071728 0.054294541710909451 0.0080710385233616812 -0.012971196359224037 -0.0034488016998299961 -0.098933171860732416 -0.059892870681427561 -0.085126171701553455 0.0071863042909025166 0.056356135153817322 -0.089292772885535499 -0.013884871416684458 -0.012818682977936367 -0.013042676409060611 -0.07150811652437454 0.0045978321939615435 -0.0026819157390907938 -0.0007770512654457709 -0.0080330016816315304 -0.063419675668552111 -0.081843280904569188 0.0045903504868980314 0.0021470048152987427 -0.0062110186755679996 -0.089456272094142544 -0.024605487940550341 -0.09383016216866108 0.012426213234957887 0.053807558497675149 -0.089069578900066726 -0.072334138830231126 -0.046637712856553437 0.021066494868310939 0.00041746979242551281 0.0094015270695002508 0.024526055219490021 0.01491207932702205 -0.0028421328222356353 -0.091913598751979686 -0.094213837963490518
leaf_weight=6680.8990114703774 275.72036284208298 20.658942207694054 60292.334700345993 6838.6636712551117 1545.8503309190273 1924.827764891088 88.48905910551548 1200.2258368730545 64.45299930870533 600.8444352298975 3227.7203671038151 55865.724457889795 34886.809239029884 98.198340803384781 179.34255012869835 48.087423086166382 6152.7069804668427 418.48740971088409 443.23432792723179 166.19462952017784 275.72244438529015 87.828346446156502 249.44500859081745 43.712317138910294 46.407517820596695 5338.0322844088078 35.245520651340485 97.422600731253624 100.05883528292179 394.89688187837601 13848.11159414053 79.03552058339119 46.948895409703255 833.44957509636879 582.36950725317001 3616.243113130331 180.49669708311558 7178.8496685624123 20852.774078607559 11526.481038540602 4201.7524028420448 90.809912949800491 45.293568715453148 2565.1686226725578 19806.45792901516 14446.620309174061 192.37070353329182 205.91856351494789 16.018275499343872 588.82473185658455 83.587359711527824 123.18972493708134 40.408454596996307 84.554395586252213 90.71315923333168 772.55468343198299 14563.96709382534 90.356584846973419 239.0033961981535 50.117496997117996 113.65851855278015 17.146743789315224
leaf_count=53744 2029 94 21535 1153 2917 15222 489 991 93 4417 1920 25756 9080 600 1162 264 673 589 704 957 1125 215 1396 41 31 5444 75 721 424 2321 5652 19 252 674 936 3618 944 3815 12737 6858 4224 378 198 2103 10750 9578 1120 644 77 813 21 531 124 244 135 891 4893 81 269 99 583 63
internal_value=-0.000156235 -0.073555 0.0036391 0.00962118 -0.000753692 -0.0522895 -0.0609115 -0.000598981 -0.0447594 -0.0635405 -0.00909436 0.000700541 0.00782631 -0.0193751 -0.0117696 -0.0356193 0.024781 -0.0177854 -0.0319215 -0.0374611 -0.0280322 -0.0215851 -0.0643905 -0.0414482 -0.0735114 -0.0106488 -0.0551803 -0.0146705 -0.0315677 -0.0802949 0.00294334 -0.00163438 -0.00715611 0.00281244 -0.0190899 -0.0179437 -0.0661897 -0.00138381 -0.00201699 -0.00454172 -0.00753635 -0.0119284 -0.00778627 -0.0032471 -0.000329471 -0.00731448 -0.0762335 -0.0466549 0.00451294 -0.00465825 -0.0200874 -0.0563965 0.00686895 0.00959556 -0.011647 -0.00218198 0.00618126 -0.0206624 -0.012858 -0.0330939 -0.0648696 0.00724975
internal_weight=304861 14988 289873 122734 167139 8307.13 6581.97 166863 4657.15 1889.13 22138 144725 109743 1725.16 18076.8 809.799 12991.4 506.976 2768.01 2324.78 1723.53 1510.93 601.245 351.8 212.602 17267 308.087 1626.96 707.764 1382.16 69713.8 919.198 840.163 4061.17 630.457 5162.09 781.312 75011.4 67832.6 27173.3 12105 1235.21 1144.4 6766.92 40659.2 15646.8 227.616 386.415 80.4713 1099.11 469.873 211.018 629.233 258.855 175.268 793.214 74856.3 610.342 510.283 254.133 163.776 256.15
internal_count=229506 90744 138762 37334 101428 37000 32904 99399 17682 9404 23262 76137 35508 4096 20668 2362 1826 1078 8278 7574 4772 3784 2802 1406 988 18306 1365 3496 2240 8326 31408 1256 1237 2594 1200 6535 3909 44729 40914 17427 11771 2659 2281 6327 23487 10569 1195 1588 170 2083 1146 746 937 400 379 985 26428 1519 1095 763 682 332
is_linear=0
shrinkage=0.05


Tree=41
num_leaves=63
num_cat=0
split_feature=14 24 14 14 17 19 22 24 24 59 24 22 59 0 36 22 24 14 20 46 22 25 51 49 24 42 11 59 22 30 29 20 20 19 24 42 42 22 22 0 3 22 60 22 22 24 22 22 46 38 49 22 27 35 0 60 59 42 0 0 22 25
split_gain=31828 3409.3 2788.45 1041.87 996.212 903.438 1665.35 770.811 427.011 368.769 355.376 357.788 239.978 206.333 203.334 231.35 216.154 197.263 190.592 168.008 228.557 193.437 172.475 173.613 167.712 155 148.722 147.326 131.214 130.94 125.504 119.149 185.859 133.525 133.488 108.65 199.6 143.194 114.802 104.107 98.5518 90.3625 88.1001 86.3776 86.3267 85.2847 83.3256 91.2619 82.0977 81.1208 80.4707 79.8333 78.2685 77.8992 76.7335 76.2711 75.897 72.8711 72.8696 69.8799 160.693 67.9662
threshold=1.0000000180025095e-35 0.00044644531534855007 7.5227272727272743 36.292857142857152 2.5000000000000004 24.500000000000004 0.6243872549019609 0.0010102827829464502 0.0087169184677292517 16.750000000000004 0.045620653487704055 3.7625891265597153 14.564285714285718 32.500000000000007 2.5000000000000004 2.2190408421433094 0.0077482089513054514 13.591666666666669 0.49551572814440464 17.000000000000004 1.6546380090497739 1.205289373814042 1.5000000000000002 68.40000000000002 0.018675079967194804 27.850000000000005 14.500000000000002 -2.2428571428571424 0.14789731682146542 0.73730022697899111 0.72792537378270761 0.083333333333333273 0.70084776334776355 9.5000000000000018 0.024609496024777404 5.1000000000000005 13.000000000000002 3.0963154492566263 1.726914697502933 46.500000000000007 0.29696027566504679 2.473717320261438 3.1500000000000008 1.4240518575851395 3.0328941359152366 0.021287145683084655 0.34221813725490197 0.49571078431372556 0.55000000000000016 92.625000000000014 50.600000000000001 0.28608597285067877 4.3703868225012519 2.5000000000000004 24.500000000000004 27.100000000000005 0.3714285714285715 20.850000000000005 4.5000000000000009 33.500000000000007 2.9565489657401427 1.205289373814042
decision_type=8 2 10 10 2 8 2 2 2 2 2 2 2 2 2 2 2 10 2 2 2 2 2 2 2 2 2 2 2 2 2 2 2 10 2 2 2 2 2 2 2 2 2 2 2 2 2 2 2 2 2 2 2 2 2 2 2 2 2 2 2 2
left_child=1 -1 4 17 7 12 -7 -2 9 30 11 24 28 -11 -9 18 -17 54 40 20 22 25 23 27 -6 -22 41 -10 -3 -30 -8 33 53 34 -18 38 37 -37 -23 44 -16 -12 46 -29 50 -13 -31 -48 -36 -5 -40 -26 -39 -33 -4 -32 -53 -38 -19 60 -21 -15
right_child=2 5 3 49 10 6 8 14 19 13 26 45 -14 61 15 16 31 58 -20 59 21 35 -24 -25 51 -27 -28 43 29 42 55 32 -34 -35 48 36 57 52 39 -41 -42 -43 -44 -45 -46 -47 47 -49 -50 -51 -52 56 -54 -55 -56 -57 -58 -59 -60 -61 -62 -63
leaf_value=-0.099983480482111309 -0.092456987731339826 -0.074088661785232587 0.0096026340755780652 0.024655114259816327 -0.011350914565498665 -0.099942685674080156 -0.099440648010585178 -0.0059175964508505364 0.0042802975090481974 -0.069531011025668249 0.0012817545854656605 -0.00035994893378208032 -0.075604953761424884 0.0098602739013793975 -0.022899113351179945 -0.04184617391158383 -0.010570436814754962 0.023989261355916294 -0.0057298387986505755 0.0024626739987005032 -0.095893802786481894 0.044458751438829998 -0.096099664121312711 0.052415636398765481 -0.035366557057543865 0.0076785365312799225 0.018621974406690486 -0.089678642419544791 -0.097421519429753314 -0.086001698767704526 -0.070384028088274472 -0.023094236939967792 9.8423016049736223e-05 -0.097188493850163551 -0.031280678751458839 -0.071418906300464269 0.0016678902220423474 -0.0096659870557609176 -0.087814785579604815 -0.07029799410475368 -0.071731034226561102 0.0056697905065065156 -0.001740128463930292 -0.0080951575399478542 0.0230368833292139 0.003485569109662134 0.022601339725906461 -0.067168443177291273 0.015822534765104701 0.036404955858761225 0 -0.00776572931887946 -0.089744053276050645 -0.058923134656200929 0.0058383251093785202 -0.01937534296378246 -0.0013784919188625081 -0.057490246942497651 0.011819068656987668 0.034231802661490868 -0.086810134268635056 -0.038359016973162074
leaf_weight=6355.1176971048117 273.8766620978713 80.87037555873394 21598.291030853987 6527.5607087612152 5815.95649766922 1831.0027028992772 411.10765951871872 19718.290010392666 79.447348788380623 185.4201721996069 17362.579666793346 21201.83708524704 166.05233287066221 246.75694070756435 142.30834349989891 554.39419873058796 1767.299494177103 1291.9684780836105 247.97552612423897 284.53317767381668 158.63972516357899 108.63513369858265 238.08345544338226 43.067951068282127 180.86450639367104 46.39225260913372 1861.3727269172668 180.11615623533726 39.72165647149086 61.344756051898003 810.75798739492893 307.81239035725594 500.84043498337269 36.346530437469482 100.81122519075871 321.89784602820873 420.85707747936249 217.53819631040096 42.165739983320236 65.880805760622025 392.02610795199871 36205.641845315695 1240.7733079791069 39.94834965467453 157.63027183711529 45043.004750967026 68.544924914836884 46.771495014429092 1012.087482586503 1906.7441663742065 65.736701458692551 5305.2969472706318 34.602613925933838 303.53909036517143 36335.79160925746 81.872579284012318 37697.543866634369 58.373921051621437 26052.638376176357 98.460827216506004 60.222837194800377 102.63092915713787
leaf_count=53744 2081 408 6612 824 4173 15222 3177 16371 170 1113 8846 11550 838 172 219 1442 2574 279 297 402 957 34 1396 41 169 31 405 1091 232 356 4412 406 553 114 162 1457 789 528 149 190 1673 15220 2004 104 168 20321 66 192 979 175 132 3207 161 595 12327 275 20927 176 6261 83 219 255
internal_value=-0.000153465 -0.0725707 0.00345855 0.0105528 6.71015e-05 -0.0510417 -0.0596658 -0.00917991 -0.0434765 -0.0620968 0.00144104 -0.000141238 -0.018675 -0.0270511 -0.0082668 -0.0168966 -0.0125999 0.00889448 -0.0420145 -0.0308807 -0.0363565 -0.027065 -0.0634308 -0.0404987 -0.00338055 -0.0725109 0.0047308 -0.0540058 -0.0124802 -0.00900911 -0.0764374 -0.00856464 -0.022482 -0.00324981 -0.0020293 -0.0207776 -0.029488 -0.0493506 7.926e-05 -0.014543 -0.0588021 0.00424768 -0.00646102 -0.074995 -0.000479105 0.00225474 -0.0393934 -0.0140301 0.011527 0.027316 -0.0347746 -0.00230675 -0.0209864 -0.0409588 0.00724192 -0.065738 -0.00216677 -0.00563231 0.0123951 -0.00269432 -0.0133232 -0.00435868
internal_weight=304196 14451 289745 93713 196032 8095.86 6391.78 25357.6 4560.78 1838.55 170674 115245 1704.08 534.808 25083.7 5365.44 4583.13 85278.7 782.31 2722.23 2279.01 1698.35 580.663 342.58 48999.7 205.032 55429.6 299.512 1538.03 1457.16 1303.74 4028.74 1112.19 2916.54 2880.2 1493.32 1053.27 574.039 440.049 331.414 534.334 53568.2 1417.43 220.065 265.533 66244.8 176.661 115.316 1112.9 8434.3 107.902 43183.7 252.141 611.351 57934.1 892.631 43002.8 479.231 27344.6 443.217 344.756 349.388
internal_count=229506 90744 138762 26478 112284 37000 32904 27466 17682 9404 84818 60347 4096 1540 25385 9014 6825 25479 2189 8278 7574 4772 2802 1406 28476 988 24471 1365 3258 2850 7864 5383 1554 3829 3715 3784 3111 2146 673 639 1892 24066 2618 1195 449 31871 614 258 1141 999 281 24303 689 1001 18939 4687 24134 965 6540 704 621 427
is_linear=0
shrinkage=0.05


Tree=42
num_leaves=63
num_cat=0
split_feature=14 24 14 11 14 24 23 0 36 24 0 47 24 22 24 28 14 7 0 43 42 22 48 50 23 38 0 0 22 45 25 20 20 12 23 48 24 23 43 25 2 22 23 42 14 0 0 23 22 21 59 26 39 24 22 24 23 22 38 52 42 46
split_gain=29783.2 3460.16 2524.29 962.278 886.76 805.542 788.408 954.971 430.007 339.525 488.47 267.014 218.813 206.37 198.665 190.772 220.411 188.179 231.537 182.776 181.718 304.778 166.652 171.842 149.956 149.061 146.411 217.692 146.304 145.59 128.202 126.508 175.828 182.63 102.046 101.365 99.2695 130.653 96.7531 94.2938 159.59 93.6998 92.6042 199.06 92.0321 90.2565 89.823 88.743 87.4525 85.9858 84.4219 94.1044 83.989 82.1844 81.8297 87.6833 79.3656 76.5119 74.9016 72.9279 68.6532 67.8018
threshold=1.0000000180025095e-35 0.00044644531534855007 8.1742424242424256 2.5000000000000004 36.292857142857152 0.0010102827829464502 2.0485051412335351 36.500000000000007 2.5000000000000004 0.0087169184677292517 32.500000000000007 2.4500000000000006 0.058856209150326758 3.3926921343249945 0.0074369841095883009 2.0479710623806562 5.7638888888888902 1.5000000000000002 17.500000000000004 1.2500000000000002 7.8500000000000005 0.17993867587520837 27.700000000000006 71.545341666666673 7.1150422443429768 17.875000000000004 43.500000000000007 49.500000000000007 2.0446568627450987 0.95000000000000007 1.205289373814042 0.027777777777777752 0.57916727035641857 1.0000000180025095e-35 4.0509451898255824 24.550000000000004 0.024609496024777404 8.0781816363128947 -6.6499999999999995 0.77113572701807998 -0.46472317204376817 6.3303279645191415 2.0344398289843695 17.250000000000004 1.591666666666667 24.500000000000004 12.500000000000002 3.6899206532858599 0.73190045248868796 0.37500000000000006 -0.14285714285714277 53.000000000000007 1.6920273112243476 0.033735458853942211 2.0446568627450987 0.041175445261592704 2.988667676062351 4.9903393665158378 92.625000000000014 1.5000000000000002 13.000000000000002 0.55000000000000016
decision_type=8 2 10 2 10 2 2 2 2 2 2 2 2 2 2 2 8 2 2 2 2 2 2 2 2 2 2 2 2 2 2 2 2 2 2 2 2 2 2 2 2 2 2 2 8 2 2 2 2 2 2 2 2 2 2 2 2 2 2 2 2 2
left_child=1 -1 3 5 25 -2 7 48 17 10 30 20 13 -5 -10 16 60 44 52 35 38 -22 29 28 47 45 42 -28 -24 -11 -8 36 33 49 -21 50 56 61 -9 40 -31 -32 43 -23 -7 -4 -30 -14 -3 -33 -12 -52 -19 57 55 -25 -17 -15 -6 -46 -16 -38
right_child=2 6 4 12 58 8 9 11 14 22 19 -13 24 53 15 31 -18 18 -20 34 21 26 23 54 -26 -27 27 -29 46 39 41 32 -34 -35 -36 -37 37 -39 -40 -41 -42 -43 -44 -45 59 -47 -48 -49 -50 -51 51 -53 -54 -55 -56 -57 -58 -59 -60 -61 -62 -63
leaf_value=-0.099982633791794714 -0.091858341125122978 -0.09992816827594099 0.01043652587303065 -0.0017003540538434191 0.023494015810176426 -0.0078368100046382477 -0.097726418125929651 -0.096385120920309986 -0.042217239733282931 -0.06165989813075598 0.047695156717639242 -0.099413781450141375 0.0039796046651232467 -0.00042701887790445219 -0.040516473214368555 -0.036161744004550682 -0.086595133301924143 0.012728528251948474 -0.0045946363137011077 -0.031159524728045347 -0.099052485481993732 -0.010007298562843849 -0.093867551869027274 -0.0227722433442865 0.029083846504179407 0.013506377734703829 -0.089033780215259525 0.029919343930724096 -0.017171310079244072 0.0013473673968686893 -0.065698824309956438 -0.051098662580305182 -0.0044659022283776448 -0.0057312441149693638 0.011719210566744529 -0.080125357228943872 -0.028423146166405278 -0.073053402412958518 -0.0020067464981589965 -0.0097059731765278684 -0.09871723112784811 0.030229797890357957 0.051468727445818374 -0.098597720775207315 -0.0017304790678807835 0.006391958651523511 -0.063464473965566079 0.0099985067155853053 -0.054285277096799325 -0.0095041999665096428 -0.092300355337956608 -0.012370151658426427 -0.024980646838470372 0.0048927529235297754 -0.043749534137801027 0.058174333247602718 -0.0068803934830533849 0.0034695021876101299 0.034816574034138847 -0.0084126398214242337 -0.0066261372456522562 0.013382516844422111
leaf_weight=6045.2248729690909 265.10427100211382 1460.7496847733855 21398.812905550003 35107.321813344955 6508.2128639221191 13684.504700213671 430.44427002221346 28.046614751219749 661.64151634275913 169.81879594177008 30.239785194396973 178.11408641934395 21139.772148549557 23813.743166446686 279.42047990858555 269.17998579144478 171.73804228007793 4380.1544839143753 4450.5926408469677 260.37569750845432 215.25925849378109 417.28061917424202 192.69739966094494 64.668395578861237 702.4538745880127 14307.061519294977 186.15428557991982 47.805787354707718 204.48174959421158 77.400132730603218 547.15930657088757 743.72427219152451 1175.122900635004 474.24765354394913 294.73821839690208 183.28664257377386 104.79469852149487 48.300082162022591 420.05239406228065 1626.8885606303811 80.854184553027153 26.070379450917244 43.959633708000183 73.878097131848335 24113.558349907398 38873.553247660398 216.93119049817324 8625.4778676629066 117.81343156844378 150.12259522080421 58.127559706568718 99.081613212823868 151.8249004483223 31351.979895055294 86.086865976452827 67.299708381295204 1625.1357640773058 26744.059368789196 1894.4165725708008 4915.7021874785423 321.82339781522751 1163.81657782197
leaf_count=53744 2089 12716 6147 18353 824 11779 3469 222 1684 801 32 1508 9081 12040 529 511 1101 2110 3209 664 1704 840 1174 181 104 3135 1392 30 591 107 2879 1243 1176 347 354 1149 166 129 401 3112 522 48 26 511 15404 12316 941 3053 628 160 392 292 158 12803 267 47 2268 11808 175 3379 377 1104
internal_value=-0.000150487 -0.071505 0.00328691 0.000328739 0.0106529 -0.00505899 -0.0497187 -0.0689252 -0.00466658 -0.0367195 -0.0528451 -0.0417917 0.00248961 0.00150681 -0.0161236 -0.0134718 -0.0367825 -0.00307295 0.00350468 -0.026601 -0.034559 -0.0465663 -0.025539 -0.0442749 0.0062639 0.00891768 -0.0317597 -0.0646825 -0.0577964 -0.0175426 -0.0769987 -0.0103339 -0.0186627 -0.0308412 -0.0084039 -0.0537386 -0.00373231 0.00680594 -0.00812651 -0.0133108 -0.0500444 -0.0612823 -0.0172623 -0.0235161 -0.00445637 0.00782815 -0.0411074 0.00572423 -0.0965614 -0.0441368 -0.027623 -0.0423523 0.0114589 0.00288149 -0.00608129 0.0185975 -0.0110608 0.00163409 0.0260512 -0.00286243 -0.0224257 0.00990552
internal_weight=303568 13951 289617 206635 82982.1 59150.5 7905.76 3189.11 58885.4 4716.65 1929.52 1610.55 147485 117017 7189.07 6527.43 772.982 51696.3 8982.57 925.85 1432.44 984.338 2787.13 832.165 30467.7 74579.4 769.078 233.96 614.11 1954.96 1003.67 5754.44 2543.22 1368.09 555.114 370.736 3211.23 1316.91 448.099 1785.14 158.254 573.23 535.118 491.159 42713.8 60272.4 421.413 29765.3 1578.56 893.847 187.449 157.209 4531.98 81909.8 218.055 131.968 1894.32 50557.8 8402.63 29029.3 601.244 1268.61
internal_count=229506 90744 138762 116165 22597 48923 37000 19978 46834 17022 9279 6634 67242 55004 10795 9111 2007 36039 5477 2883 5126 4503 7743 3201 12238 21598 2799 1422 2706 4542 6396 7104 2926 1750 1018 1865 4178 1399 623 3741 629 2927 1377 1351 30562 18463 1532 12134 13344 1403 716 684 2268 36651 495 228 2779 23848 999 18783 906 1270
is_linear=0
shrinkage=0.05


Tree=43
num_leaves=63
num_cat=0
split_feature=37 22 17 27 11 16 22 0 36 22 60 29 49 46 44 3 29 59 44 22 49 22 23 49 11 2 22 0 12 23 27 49 35 22 29 11 20 22 59 50 7 50 27 0 57 46 22 59 23 13 22 46 41 22 23 57 23 3 41 44 22 0
split_gain=27277.8 3034.84 2192.36 1842.28 770.889 737.947 533.421 892.021 366.304 281.935 263.082 329.88 215.492 278.845 205.936 196.049 241.495 187.286 249.469 186.61 171.745 144.822 141.274 138.079 130.641 163.739 128.458 127.92 124.667 121.923 121.703 118.086 124.428 117.792 114.974 113.127 110.038 112.93 104.754 103.179 99.9987 99.6013 99.2275 94.6613 90.9019 89.8871 86.7732 86.2444 142.973 130.558 84.5166 83.3527 81.6238 81.1259 157.949 136.487 124.965 144.127 102.604 159.219 105.691 99.6562
threshold=1.0000000180025095e-35 0.49571078431372556 12.500000000000002 0.75802418621567569 3.5000000000000004 38.750000000000007 0.11184210526315787 38.500000000000007 2.5000000000000004 0.20631926683716964 6.9500000000000002 1.2306153768786678 49.850000000000009 12.450000000000001 17.100000000000005 -0.70581670320594803 1.2306153768786678 -0.14285714285714277 15.050000000000002 0.73190045248868796 61.750000000000007 1.3122373949579835 5.5358463734687033 45.900000000000013 1.0000000180025095e-35 -0.88545602565320969 3.0963154492566263 47.500000000000007 2.5000000000000004 0.73921559889135746 1.0083196944899073 37.250000000000007 3.5000000000000004 0.38102532679738566 2.9443373168190847 5.5000000000000009 0.38333333333333341 2.1347916666666671 4.1428571428571441 45.773159722222232 1.5000000000000002 50.957227777777788 2.2833517277961728 2.5000000000000004 1.1178277344549159 13.350000000000003 2.4448585885967296 -0.62142857142857133 2.0697051859511464 1.0000000180025095e-35 17.644050802139041 1.5000000000000002 5.5000000000000009 2.6022875816993465 3.7124692240326786 -3.1599764131075729 3.6154505583779444 0.91023613416931248 6.9857142857142867 12.050000000000002 3.8039705882352943 49.500000000000007
decision_type=2 2 2 2 2 2 2 2 2 2 2 2 2 2 2 2 2 2 2 2 2 2 2 2 2 2 2 2 2 2 2 2 2 2 2 2 2 2 2 2 2 2 2 2 2 2 2 2 2 2 2 2 2 2 2 2 2 2 2 2 2 2
left_child=1 6 4 -3 8 22 -1 -8 14 -10 11 27 23 -14 28 16 -12 18 -17 -13 39 -18 -4 31 25 36 44 -5 -2 45 -19 32 -9 -31 52 -6 37 -11 -22 47 -16 -41 -29 -30 -23 -15 -20 48 -21 -49 51 -40 -27 54 56 -55 57 -32 60 -60 -57 -58
right_child=2 3 5 10 35 -7 7 12 9 24 15 19 13 29 40 17 21 30 46 20 38 26 -24 -25 -26 34 -28 42 43 33 53 -33 -34 -35 -36 -37 -38 -39 50 41 -42 -43 -44 -45 -46 -47 -48 49 -50 -51 -52 -53 -54 55 -56 58 61 -59 59 -61 -62 -63
leaf_value=-0.099976413424112925 -0.004816236614716001 -0.098683393357118135 0.0067398346189722182 -0.099673056744808072 0.0014297227509870738 0.024947408733945256 -0.099925002906052884 -0.097218505339013883 -0.089918092489550031 -0.092295754477542694 -0.099386455256993231 -0.099128893035319965 -0.099650409465005918 0.035769068581531761 0.002893966531903323 -0.085959466860483891 -0.095099077836219112 0.035302013477039269 -0.086353698869286191 0.029952390814787927 -0.055957955440058507 0.0092550015724762093 0.011548128042044088 -0.012057583557372225 0.0038116839765021688 -0.025740846732001468 -0.05725844284816748 0.073946710314033395 0.01389708538357701 -0.080751191897217189 -0.017175264279653834 -0.087254684076096059 0.010533309324296129 0.024011985097021155 0.00105290746965716 0.0044137836933138786 -0.0069191135505413393 -0.035782450755943662 -0.048007841220221281 0.010632449463795851 0.016889219455414186 -0.041520897592035304 -0.093260942352616463 -0.0011224563302767567 -0.052548563479459992 -0.093444232066321867 0.017152465764938268 -0.076428163075062866 -0.055015115707641254 -0.011915705338174697 0.085550393411566311 -0.00765816809725825 -0.0087995858389632933 -0.059616886879932211 -0.086615936297035109 0.014689472298522738 -0.068170046752103614 -0.076119420221153145 -0.059349234604145901 -0.001484951731832336 -0.023631890175786596 0.044225972210567871
leaf_weight=4450.6847423166037 36548.858385562897 1294.9953013285995 31043.947769105434 320.15664823353291 53060.954791605473 8357.833554983139 1399.0542484223843 36.749488241970539 120.5781279578805 101.36954667419195 170.13666313141584 119.53628803044558 299.35138108581305 83.48944054543972 5770.5743522644043 216.25240657478571 77.632239587605 119.70643658190966 23.420676857233047 67.246541030704975 166.87619411945343 268.17182528972626 30104.130141317844 543.68347738683224 971.05703577399254 1402.0567023456097 172.07708837091923 19.605924725532532 1080.4860678315163 113.27031805366278 479.1696697846055 141.1138361543417 91.530968993902206 34.467997595667839 1247.2890051007271 79146.396312117577 286.12249490618706 687.34817372262478 156.692418217659 122.6214789301157 1638.5708653628826 354.62125664204359 14.58081344515085 34953.396387130022 75.367044344544411 15.016430273652075 117.50367553532124 536.76594253629446 180.61496350169182 92.515062808990479 20.336797654628754 685.22883173823357 1447.1102999895811 123.58782629668713 102.29785458743572 693.37448997795582 23.169507503509521 131.83564711362123 189.08645274490118 317.99599105119705 241.82497154176235 106.93177716434002
leaf_count=41667 27270 11877 9257 2521 25661 983 12852 338 935 572 1332 998 2612 60 3449 1233 584 63 161 93 790 421 7563 1072 587 2138 743 8 410 642 1234 1019 104 60 1245 30310 317 1461 578 244 696 1411 112 20084 327 105 214 2801 706 126 3 1473 1794 424 352 921 81 631 758 368 624 31
internal_value=-0.000147361 -0.0658573 0.00327797 -0.0442364 0.000817127 0.0110124 -0.0892482 -0.0719023 -0.00285999 -0.014504 -0.0333863 -0.0447528 -0.0429908 -0.0672901 -0.0019481 -0.0244756 -0.0470031 -0.0185012 -0.0523515 -0.0383284 -0.0352368 -0.0318297 0.00910726 -0.0266166 -0.0130083 -0.0161679 -0.0221285 -0.0898849 -0.00275872 -0.0276866 -0.0136997 -0.0558273 -0.0208097 -0.0562788 -0.0116034 0.0032162 -0.0335326 -0.0431598 -0.0198026 -0.0469376 0.00599163 -0.0281161 0.00186602 -0.000671579 -0.00440239 0.0152802 -0.000501574 -0.0571287 -0.031915 -0.0669856 -0.0127428 -0.0152217 -0.0171441 -0.01615 -0.0286473 -0.00940163 -0.020533 -0.0300053 -0.00505695 -0.0231462 0.00476029 0.0238041
internal_weight=302978 15010.3 287968 7801.94 218462 69505.9 7208.41 2757.73 86254.8 6262.93 6506.94 2857.4 1358.67 545.596 79991.9 3649.54 763.385 2886.16 357.177 2503.06 2383.52 593.248 61148.1 813.078 6142.35 5171.3 515.616 354.343 72582.7 246.244 2528.98 269.394 128.28 147.738 4096.46 132207 1074.84 788.718 1029.13 1354.39 7409.15 477.243 34.1867 36033.9 343.539 98.5059 140.924 877.143 247.862 629.281 862.258 841.921 2849.17 2409.27 843.404 1565.87 741.107 611.005 1442.28 507.082 935.199 130.101
internal_count=229506 94774 134732 34243 116929 17803 60531 18864 60958 9049 22366 11864 6012 3479 51909 10502 3407 7095 1608 9223 8225 2075 16820 2533 8114 7527 1491 2641 47764 867 5487 1461 442 702 5177 55971 2350 2033 2844 5381 4145 1655 120 20494 748 165 375 3726 799 2927 2054 2051 3932 5424 2329 3095 1977 1865 2671 1126 1545 112
is_linear=0
shrinkage=0.05


Tree=44
num_leaves=63
num_cat=0
split_feature=37 28 11 25 19 28 11 17 28 25 2 19 0 28 42 13 11 41 57 28 50 28 44 28 57 26 0 11 28 57 0 20 41 11 44 28 13 50 50 59 42 28 41 59 44 18 37 57 25 28 28 48 41 28 35 43 41 39 36 28 43 20
split_gain=25431.6 3037.66 1995.08 1685.23 844.261 1098.75 702.534 645.132 275.772 265.233 776.032 390.01 287.729 205.958 195.679 190.283 156.303 156.152 178.777 188.774 145.865 139.486 143.024 168.725 127.168 123.671 120.672 110.581 107.112 105.585 104.146 103.52 101.067 90.731 88.3459 84.3093 83.8898 81.8699 86.8496 79.3885 77.5621 76.4264 82.3321 74.8288 73.2835 85.8872 99.3082 72.0745 71.7869 70.6866 152.73 79.2696 70.1857 67.8365 82.5341 66.8015 91.4569 66.6741 66.5965 66.0955 63.6786 62.9985
threshold=1.0000000180025095e-35 0.52812325505882451 9.5000000000000018 0.42507002801120458 1.0000000180025095e-35 0.15172600745330697 33.500000000000007 3.5000000000000004 0.15172600745330697 1.205289373814042 -0.70581670320594825 1.0000000180025095e-35 35.500000000000007 2.6673840311916455 9.0500000000000025 5.1250000000000009 1.0000000180025095e-35 9.7071428571428573 -0.9493271632635869 1.6446721307804613 93.424408333333346 0.21785265937962559 12.65 0.41055711061529465 2.2833841861232735 89.500000000000014 34.500000000000007 16.500000000000004 0.23945382919755137 -3.7896608782507175 49.500000000000007 0.31250000000000011 17.050000000000001 1.0000000180025095e-35 17.100000000000005 1.6749528766319248 80.125000000000014 18.816404166666668 31.205923611111118 -2.2428571428571424 11.350000000000001 2.6149070043531437 -2.9071428571428566 9.7071428571428573 17.100000000000005 -0.30000000000000099 0.64583333333333337 -1.1778985918350149 0.62176916221033884 1.1299344590128177 1.3288593994561475 29.550000000000004 -5.1785714285714279 1.6749528766319248 1.0000000180025095e-35 -4.8499999999999988 -0.42857142857142855 1.5869840952317451 9.5000000000000018 1.5384784224852228 5.9000000000000012 0.12499999999999996
decision_type=2 2 2 2 8 2 2 2 2 2 2 8 2 2 2 2 2 2 2 2 2 2 2 2 2 2 2 2 2 2 2 2 2 2 2 2 2 2 2 2 2 2 2 2 2 2 2 2 2 2 2 2 2 2 2 2 2 2 2 2 2 2
left_child=1 4 7 -3 5 -1 27 8 -2 10 12 -12 -5 17 48 30 26 18 19 33 32 -16 23 24 -23 55 -10 -4 -26 -27 44 53 -19 58 -17 -21 -8 40 -39 49 -31 42 -37 47 45 46 -9 -44 -7 -20 -51 -52 -13 54 -28 56 -15 -47 -11 -41 -25 -18
right_child=2 3 6 9 -6 14 36 15 16 13 11 52 -14 25 21 34 61 20 39 35 -22 22 -24 60 28 29 31 -29 -30 37 -32 -33 -34 -35 -36 41 -38 38 -40 59 -42 -43 43 -45 -46 57 -48 -49 -50 50 51 -53 -54 -55 -56 -57 -58 -59 -60 -61 -62 -63
leaf_value=-0.099891243471506533 -0.098650804434416275 -0.099905487776368207 0.0069831423220389393 0.018113066879792073 -0.099978483632389439 -0.094820639655990482 0.019784881064763601 -0.011187519718272922 -0.0054183676130295996 -0.089806060950738301 0.036231509522247601 0.075443790615168524 -0.079347639259574054 -0.03112923023729014 -0.098972665968155904 0.003343254444740016 -0.00071817937133384366 -0.010776764349565702 -0.096774308536418302 0.024526758944190093 -0.093079941900483798 -0.099331763690982122 0.022361535208379173 0.010054637409466648 0.022439046690928739 -0.060946402083641049 -0.098430531979694424 0.011507841157121262 -0.096489822483573823 0.015140886112133267 -0.0071689420166400454 -0.0091211820431060103 -0.064945861937321922 0.027358488593317843 0.0090481972461106033 0.017627452739428236 0.030086996675180167 -0.075716730044329758 -0.0099380225725607032 -0.091480923654112131 -0.074702618301668161 0.02889649588765146 -0.082021824852685998 -0.0060015361738107662 0.0054148331882121455 0.0012433944196085483 -0.00092809803000413246 0.018369413535499157 0.0012747420823387456 0.048582045521233366 -0.092747168895009294 0.021686741567809236 -0.099838384793743754 -0.022254670623754309 -0.031427210854607347 -0.034525801634964486 0.013353144561073355 0.011952417899082522 0.014713146505567066 -0.059360197741364668 -0.093774090915607525 -0.0048628223747010334
leaf_weight=964.45928280800581 76.824151426553726 1109.96740680933 46827.228800177574 347.44934985041618 4879.0058588162065 19.272773668169975 6546.4703954458237 2647.2599458098412 5001.6901923567057 165.49516825377941 58.084386564791203 5.0492847785353652 95.754524543881416 271.86808387190104 101.20629001408815 70084.659843623638 16412.680751413107 749.68498588353395 31.551160328090191 121.28855891525745 67.266578555107117 156.13004304468632 89.38683745265007 117.59725186228752 50.700047023594379 84.757105231285095 65.901649884879589 18988.656703948975 28.913017079234123 507.19489447772503 4206.6333151459694 1882.0422332286835 96.465320989489555 21.34158980846405 7514.7186356782913 58.89709085226059 2843.7984185218811 54.316017493605614 550.84635043144226 246.60146549344063 24.215616449713707 56.103466853499413 129.99755621701479 70.871833346784115 8093.8744438588619 51076.921579241753 21593.85958942771 20.234596714377403 467.94143455475569 54.780503690242767 52.905224688351154 20.493927352130413 648.69134051352739 1588.5529617592692 153.3661190867424 1218.0009044110775 199.4726587459445 1495.1749892234802 16.40141236782074 498.93577382713556 15.865006953477858 20781.452945560217
leaf_count=9412 724 10887 14157 207 47828 114 905 1984 5324 1125 69 2 585 870 843 27418 11362 1855 253 106 434 1116 86 157 83 244 573 4355 210 595 2428 2015 502 11 2629 98 275 230 1120 1737 99 92 582 164 3812 25872 11841 42 535 32 275 34 5426 2757 252 4107 400 658 26 2091 90 15391
internal_value=-0.000144255 -0.0646464 0.00311496 -0.0429576 -0.0887311 -0.0614111 0.0101145 0.000639723 -0.00460485 -0.0332853 -0.0550356 -0.0873385 -0.00306336 -0.0286141 -0.0258987 0.00208569 -0.00444514 -0.0392069 -0.0487947 -0.0289371 -0.0227294 -0.0460374 -0.0341543 -0.0478741 -0.0732195 -0.019579 -0.0104818 0.0082888 -0.0213514 -0.00744345 0.000509303 -0.0173407 -0.0170276 -0.0689147 0.00389589 -0.0110509 0.0229082 -0.00339913 -0.0159654 -0.0632326 0.0109048 -0.0239392 -0.0346088 -0.0485625 0.000889853 0.000412922 -0.0020491 -0.0684351 -0.0027027 -0.0309126 -0.0140385 -0.0608666 -0.0983638 -0.0258851 -0.0519434 -0.02834 -0.0123052 0.00154828 -0.0803254 -0.0700998 -0.00285618 -0.00303412
internal_weight=302427 14545.5 287882 7654.98 6890.48 2011.47 75206.2 212676 45962.5 6545.02 1155.03 711.825 443.204 5389.99 1047.01 166713 45885.7 2479.32 1565.9 660.631 913.417 559.798 458.592 369.205 235.743 2910.67 8691.55 65815.9 79.6131 1221.33 89113.7 3689.86 846.15 203.238 77599.4 457.393 9390.27 1136.57 605.162 905.268 531.411 336.105 280.001 221.104 84907.1 76813.2 24241.1 150.232 487.214 159.731 128.18 73.3992 653.741 1807.82 219.268 1689.34 471.341 52572.1 181.897 745.537 133.462 37194.1
internal_count=229506 94774 134732 34300 60474 12646 19692 115040 38398 23413 6289 5497 792 17124 3234 76642 37674 9459 6668 2246 2791 2585 1742 1656 1409 7665 10921 18512 293 2288 46595 5597 2357 1162 30047 1084 1180 2044 1350 4422 694 978 886 788 44167 40355 13825 624 649 594 341 309 5428 3582 825 5377 1270 26530 1151 3828 247 26753
is_linear=0
shrinkage=0.05


Tree=45
num_leaves=63
num_cat=0
split_feature=14 24 14 19 22 24 14 24 24 2 22 23 59 24 34 25 36 49 57 24 0 22 25 2 23 38 22 30 22 59 57 23 24 59 24 23 22 3 32 49 57 24 22 0 22 14 22 23 20 20 21 50 2 49 60 22 24 36 25 46 0 20
split_gain=24366 3596.31 1903.19 794.221 1680.67 762.566 667.296 592.557 382.039 500.476 380.406 339.647 214.595 199.937 187.21 171.117 164.494 152.914 138.158 134.544 132.393 131.458 146.463 220.415 128.424 125.351 115.333 114.327 106.214 176.781 169.59 131.434 104.795 95.2111 91.1414 89.3561 87.7305 193.686 149.894 221.883 102.772 86.2383 82.8477 80.293 72.4258 71.9087 78.1004 70.7125 74.0281 71.5939 80.8486 68.2446 65.6315 63.7194 63.627 145.923 70.0107 66.355 63.0473 78.7085 63.0394 62.9917
threshold=1.0000000180025095e-35 0.00044644531534855007 8.1742424242424256 24.500000000000004 0.6243872549019609 0.00044644531534855007 41.375000000000007 0.023113350512029604 0.0087169184677292517 -0.70581670320594825 3.7625891265597153 2.6809346778244545 14.564285714285718 0.056787466174977951 1.0000000180025095e-35 1.205289373814042 2.5000000000000004 72.90000000000002 -4.5195927650817707 0.058856209150326758 43.500000000000007 0.90455840455840464 0.77113572701807998 -0.66312265824079508 3.5227190751902699 19.125000000000004 3.7625891265597153 0.73730022697899111 0.20631926683716964 3.9428571428571435 -4.1028335559647156 0.84936827197630216 0.0070546002442906505 0.3714285714285715 0.15408030408030407 9.9861502359538061 1.4240518575851395 0.61559370248597578 1.0000000180025095e-35 70.40000000000002 3.4008387035633052 0.0046906644566655506 6.3303279645191415 24.500000000000004 2.0446568627450987 5.9583333333333348 1.4240518575851395 2.6662197764528348 0.038952272035669804 0.6196180555555556 0.37500000000000006 94.331154166666678 0.35460488704253573 75.600000000000009 2.850000000000001 2.6022875816993465 0.013704720297674802 10.500000000000002 1.6079262213359924 29.900000000000002 17.500000000000004 0.090922381711855418
decision_type=8 2 10 8 2 2 10 2 2 2 2 2 2 2 2 2 2 2 2 2 2 2 2 2 2 2 2 2 2 2 2 2 2 2 2 2 2 2 2 2 2 2 2 2 2 8 2 2 2 2 2 2 2 2 2 2 2 2 2 2 2 2
left_child=1 -1 5 12 -5 -2 25 10 9 20 16 19 18 26 21 -11 61 -16 -3 44 -6 -10 23 -23 -17 43 33 -20 29 -29 31 -31 -18 -13 36 -15 37 38 51 -40 53 -26 -12 52 45 -9 -47 -34 -49 50 -50 -24 -4 54 55 57 -57 -38 -43 -60 -35 -7
right_child=2 3 6 4 8 7 -8 11 14 15 42 13 -14 35 17 24 32 -19 27 -21 -22 22 34 -25 41 -27 -28 28 -30 30 -32 -33 47 60 -36 -37 40 -39 39 -41 -42 58 -44 -45 -46 46 -48 48 49 -51 -52 -53 -54 -55 -56 56 -58 -59 59 -61 -62 -63
leaf_value=-0.099979865577827787 -0.097395869307221716 -0.093646810914526368 0.015680230492987935 -0.099930189032582439 -0.0039502651276997142 -0.0039637566293519123 0.023017137896746087 -0.0095922761214950955 -0.081584255419202389 -0.097829570022156379 -0.0027829614070599478 -0.0057829734910326974 -0.071777059422726108 0.0065216113970830453 -0.070671504180085776 -0.080635123760371796 -0.044568290792159966 0.039766389858511095 -0.096925716355668587 0.0010617678960561075 -0.078951714126810457 0.015308001389801302 0.019837682386830147 -0.099158219249270665 -0.064581903587753162 0.012550977795094707 0.0035709340457603851 0.0058474620516631402 0.0049683664228394857 0.028177598094306894 -0.098184653564246882 -0.096509954455153729 -0.036884560509598881 0.0050153186552988902 -0.087232868092326138 0.025685359745395393 -0.093793738014798622 -0.098815131009379942 -0.098817052299679423 0.060174546638487217 -0.057973534128041709 0.059666698698216517 0.0027186353091900161 0.0055667196500790508 -0.0035487123788696222 -0.097830192352894169 -0.015816294729724439 -0.0048165935078155007 -0.053212250578335764 -0.0077580012992925209 -0.0057106479652393148 -0.092767859475524156 0.0081463825903394013 -0.07161411786352595 0.0035384687490154238 -0.033049907882709707 0.027405056139055906 -0.0088839659211782992 -0.039856057227062452 0.053471996140779937 3.1103498271894641e-05 -0.010362114214179818
leaf_weight=5213.9497562870383 198.72677665948868 46.008067242801189 3408.4892424345016 1503.061666585505 422.10558130592108 6032.5430718660355 7932.42644739151 5179.2814152687788 84.916431166231632 476.11159989237785 20249.126336455345 5874.7186318486929 150.38423688709736 24763.886336818337 320.96355643868446 345.71334982663393 413.83551047742367 34.025520160794258 33.154298089444637 13179.282527938485 67.427789650857449 62.980281144380569 182.98603910207748 123.73556791245937 163.91908310353756 11577.122140288353 54472.375496789813 230.52435201406479 966.97444392740726 70.03460618853569 114.98282482475042 29.085567265748978 377.25112780928612 7956.2149034291506 41.047944813966751 622.93630033731461 76.060624405741692 87.617392159998417 87.761320531368256 28.357097595930099 92.579755730926991 23.523311644792557 10333.908827885985 40767.005682051182 12907.084933251143 47.391386277973652 74.201289907097816 1096.5562847107649 294.29355378448963 333.20306371152401 129.31172749400139 13.518523201346396 19138.285116791725 32.876711770892143 1075.6679150760174 78.369765788316727 119.70248793065548 33.317908391356468 149.41659134626389 25.648969650268555 31300.45863173157 10639.017981916666
leaf_count=53744 1936 285 928 15222 622 4201 935 4055 655 4417 13496 3475 838 9863 1812 2321 1164 28 220 7115 456 40 232 924 944 2449 24125 242 1493 38 935 45 778 4028 160 110 421 594 523 17 431 23 5217 12785 8379 446 82 1565 565 388 108 80 5500 178 1654 254 184 91 590 31 16734 8335
internal_value=-0.000141101 -0.0681788 0.00282439 -0.0457444 -0.0544957 0.000255854 0.00922752 0.000350428 -0.0384077 -0.0570072 -0.00439356 0.00186425 -0.0150474 0.00303197 -0.0263048 -0.0745744 -0.00988664 -0.0599901 -0.00927708 -0.00278566 -0.014431 -0.0208951 -0.0184437 -0.0606456 -0.0588179 0.00776657 0.00202228 -0.00652396 -0.00433004 -0.0245292 -0.0571341 -0.00895896 -0.0214715 0.000152937 -0.0143709 0.00699304 -0.0127566 -0.0335418 -0.0149752 -0.059765 -0.0072202 -0.037833 -0.000923798 0.00689146 -0.00557068 -0.0104914 -0.0483597 -0.0171662 -0.0131321 -0.0251517 -0.0387711 0.0116352 0.00928617 -0.00385977 -0.00219507 -0.0222174 0.00341431 -0.0682894 -0.015516 -0.0259281 0.00104149 -0.00804757
internal_weight=301907 12608.5 289299 7394.56 5753.41 206476 82823.3 206277 4250.35 1673.87 49899 156378 1641.15 124991 2576.48 1184.33 19316 354.989 1490.76 31387.2 489.533 2221.5 2136.58 186.716 708.221 74890.9 99603.8 1444.76 1411.6 444.627 214.103 99.1202 2644.45 45131.4 1949.86 25386.8 1908.82 400.24 312.623 116.118 1508.58 362.508 30583 63313.8 18208 5300.87 121.593 2230.62 1853.36 756.808 423.605 196.505 22546.8 1416 1383.12 307.451 198.072 109.379 198.589 175.066 39256.7 16671.6
internal_count=229506 90744 138762 37000 32904 116165 22597 114229 17682 9404 35817 78412 4096 58335 8278 8326 17104 1840 3258 20077 1078 6438 5783 964 3909 21662 48362 2973 2753 1260 1018 83 4568 24237 4819 9973 4659 1446 852 540 3213 1588 18713 19213 12962 4583 528 3404 2626 1061 673 312 6428 2782 2604 950 438 512 644 621 20762 12536
is_linear=0
shrinkage=0.05


Tree=46
num_leaves=63
num_cat=0
split_feature=14 24 14 24 23 1 38 11 36 24 2 47 24 44 24 42 22 2 22 22 20 23 36 48 50 22 20 20 12 2 45 24 11 41 44 50 22 22 44 2 14 37 41 24 23 24 2 57 57 59 59 22 44 44 7 44 22 24 26 41 22 46
split_gain=22774.7 3620 1719 723.55 719.204 901.897 608.367 603.928 312.883 294.241 407.138 244.965 189.156 174.775 170.534 167.136 267.059 180.01 165.96 157.157 178.647 141.293 140.632 139.555 149.279 150.322 127.236 158.64 156.938 119.159 118.991 117.284 115.464 114.058 110.984 144.544 109.676 103.166 102.662 100.22 95.9552 89.6996 88.2487 87.4941 121.468 87.2614 86.7467 84.5976 79.7569 78.8054 78.4697 140.504 149.812 101.532 77.4178 74.5147 71.0063 74.4794 68.394 69.2482 67.7632 67.6035
threshold=1.0000000180025095e-35 0.00044644531534855007 8.1742424242424256 0.00044644531534855007 2.0485051412335351 8.5000000000000018 27.291666666666668 2.5000000000000004 2.5000000000000004 0.0087169184677292517 -0.35460488704253573 2.4500000000000006 0.0070546002442906505 17.100000000000005 0.043880731548761258 9.0500000000000025 0.17993867587520837 -0.85421994577343319 4.9903393665158378 2.2190408421433094 0.45697011322011333 3.6899206532858599 10.500000000000002 27.700000000000006 71.545341666666673 2.0446568627450987 0.038952272035669804 0.57916727035641857 1.0000000180025095e-35 -0.61559370248597534 0.45000000000000007 0.028896411694386503 1.0000000180025095e-35 1.6928571428571428 11.450000000000001 18.364606944444446 0.73190045248868796 4.2556048154555954 14.950000000000001 -0.85421994577343319 82.708333333333357 0.64583333333333337 -1.7214285714285713 0.024609496024777404 8.0781816363128947 0.015671098078801207 -0.17992617227144048 -0.99294717318314729 -2.5320530524567677 -1.7214285714285713 10.235714285714286 0.38102532679738566 13.65 10.900000000000004 1.5000000000000002 8.7500000000000018 2.0446568627450987 0.041175445261592704 53.000000000000007 -5.1785714285714279 1.1080571117335825 4.6000000000000005
decision_type=8 2 10 2 2 2 2 2 2 2 2 2 2 2 2 2 2 2 2 2 2 2 2 2 2 2 2 2 2 2 2 2 2 2 2 2 2 2 2 2 10 2 2 2 2 2 2 2 2 2 2 2 2 2 2 2 2 2 2 2 2 2
left_child=1 -1 3 -2 5 36 38 8 13 10 34 15 -10 31 18 29 -17 50 -9 20 32 -16 58 30 25 -25 43 28 -28 -7 -11 37 39 46 35 -6 -3 -5 -4 -14 -8 -23 -31 -21 55 -44 -27 -38 -36 -50 -18 52 -52 -53 -33 -45 57 -26 59 -12 -32 -56
right_child=2 4 6 7 9 11 40 14 12 23 22 -13 19 -15 21 16 17 -19 -20 26 -22 41 -24 24 56 33 27 -29 -30 42 60 54 -34 -35 48 -37 47 -39 -40 -41 -42 -43 45 44 -46 -47 -48 -49 49 -51 51 53 -54 -55 61 -57 -58 -59 -60 -61 -62 -63
leaf_value=-0.099978833685008831 -0.097160747451972493 -0.099909952518652007 0.0060848254645374878 -0.0083405836361205438 0.0038548917925371462 -0.09709363610615114 0.017057000912898204 -0.00099451245858962517 -0.039726664412333954 -0.058917577713430175 0.075732356827295177 -0.099295173729767289 -0.090471503115852808 0.0063424671480633247 0.0022484324309258639 -0.099418280375471041 0.003802739117116539 -0.082978379044607309 0.0034553407520701491 -0.0083856777453775438 -0.0042627570643848324 0.014145983893121017 -0.024629110288186311 -0.09244402098807214 -0.018964193107611743 -0.070901958608840868 -0.041378866497933792 -0.0031477664161534248 -0.004489454173497112 -0.095694423664183195 -0.066348194211485953 -0.0022986920271839757 0.0054547124873465837 -0.060262175437382472 -0.07056291626133547 -0.075663889472126017 0.0074746514981987727 -0.0015658161854350554 0.01066718905074049 -0.040841214523504213 0.027974487287552433 0.0058255195993454842 -0.083962739914834383 0.035892955239526979 -0.070357445803019378 0.0073075335029870172 0.011599167990610851 -0.082264481101410436 -0.085017519278721768 -0.0026961959309599916 -0.099049964234603827 0.019741044071414506 0.010650335249570868 -0.084953713383900689 0.010857726533686034 0.0053416365677129637 -0.039201537640231439 0.056800653842482264 -0.064572074172387792 -0.09802758771223509 -0.0087998557527288242 -0.0022850053246572678
leaf_weight=4959.7123414650559 189.48328910768032 1165.0514922589064 56044.697803348303 15779.013238817453 82.520451210439205 35.127616442739964 8442.5527627468109 55938.909150242805 638.34861461818218 136.2671056240797 5.1012438684701911 147.972880885005 165.34076131880283 4943.5437149405479 36347.755451083183 179.49932574480772 235.2252052873373 131.49309556931257 33500.188676476479 1885.229284837842 372.13043408095837 3967.4221106171608 134.78710994869471 166.60534632951021 62.35067380964756 39.898406222462654 844.33736853301525 1139.5243839323521 438.4341199696064 23.386979073286057 51.811651833355427 18205.809874266386 79.928872913122177 216.82576863467693 53.172087833285332 183.33750859647989 43.298659235239029 8731.1348299384117 15640.311439365149 272.31708569824696 2649.9457030296326 17680.833216428757 26.843590289354324 248.96778833866119 46.05135640501976 438.93291264772415 143.13900706917048 64.778931900858879 29.715711064636707 548.45838897675276 109.52215487509966 121.36899743974209 42.959695219993591 27.56289966404438 2340.6247643828392 995.68409223854542 82.453436583280563 65.617217808961868 365.65128404647112 373.75189336389303 1696.3557034060359 1679.3243600726128
leaf_count=53744 1936 12342 16757 12955 180 366 1258 28550 1755 717 2 1508 1168 2898 16273 1731 371 1113 14453 2786 412 1125 515 1174 181 215 1362 1142 321 222 314 11930 52 1040 350 1221 133 6048 4324 580 258 6841 91 158 129 347 277 487 219 1080 853 191 45 178 1129 1065 267 47 2123 3589 3511 1097
internal_value=-0.000138041 -0.0670804 0.00268389 0.000242822 -0.0445036 -0.064383 0.00877127 0.000332807 -0.00395129 -0.0319793 -0.0477384 -0.0383342 -0.0137722 -0.0025967 0.0020416 -0.0316879 -0.0454032 -0.0307572 0.000672183 -0.0112121 -0.0307234 0.00415333 -0.0719065 -0.0214439 -0.0392699 -0.0526085 -0.00810536 -0.0167342 -0.0287878 -0.00946039 -0.0140752 -0.00354247 -0.0496932 -0.0358091 -0.0239935 -0.0510411 -0.0954223 -0.00592761 0.00708482 -0.0597657 0.0196679 0.0073512 -0.00297186 -0.0015193 0.00850473 0.00186813 -0.00664476 -0.0465279 -0.0125333 -0.00707528 -0.0178216 -0.0346706 -0.0682428 -3.89018e-05 -0.000911814 0.0114807 -0.00325888 0.0199856 -0.0804145 -0.0954815 -0.0105453 0.00536693
internal_weight=301398 12190.6 289208 206430 7230.84 2793.02 82777.5 206241 58805.7 4437.82 1776.5 1519.9 7126.29 51679.5 147435 1371.92 847.631 668.132 89439.1 6487.95 889.717 57996 879.292 2661.32 776.89 566.469 5598.23 2422.3 1282.77 524.291 1884.43 46735.9 517.587 399.863 897.204 265.858 1273.13 24510.1 71685 437.658 11092.5 21648.3 489.163 3175.93 1290.7 465.777 183.037 108.078 631.346 578.174 536.639 301.414 152.482 148.932 22225.8 1244.65 210.421 127.968 744.504 378.853 1748.17 4019.95
internal_count=229506 90744 138762 116165 37000 19978 22597 114229 46987 17022 9279 7016 10930 36057 67242 5508 4482 2751 43003 9175 2212 24239 6229 7743 3201 2706 6963 2825 1683 1026 4542 33159 1800 1532 3050 1401 12962 19003 21081 1748 1516 7966 660 4138 1352 438 492 620 1649 1299 1638 1267 898 369 14156 1223 495 228 5714 3591 3825 2226
is_linear=0
shrinkage=0.05


Tree=47
num_leaves=63
num_cat=0
split_feature=14 24 14 19 22 24 14 17 24 2 24 22 42 25 34 42 23 24 41 23 57 25 2 22 3 2 25 36 14 24 24 22 1 2 22 13 14 22 20 16 20 23 24 19 24 57 24 2 48 24 43 23 20 23 41 50 2 39 45 22 22 2
split_gain=21249.2 3654.97 1553.18 728.225 1674.17 681.874 614.284 461.641 345.485 462.415 234.439 233.276 210.92 187.093 167.196 175.609 149.166 133.629 133.083 128.713 125.27 123.996 214.75 146.356 187.267 146.236 110.491 109.318 109.013 108.895 99.7494 99.217 96.1934 96.8799 95.0637 170.838 105.831 141.06 105.012 103.852 102.966 93.8822 92.8042 92.3786 99.0788 91.4626 82.3886 71.4523 71.1778 87.559 69.4387 68.5414 68.5381 68.0328 67.8089 66.1223 66.7459 63.7056 63.455 63.4524 58.3932 137.638
threshold=1.0000000180025095e-35 0.00044644531534855007 7.1742424242424248 24.500000000000004 0.6243872549019609 0.00044644531534855007 22.696969696969699 2.5000000000000004 0.0087169184677292517 -0.70581670320594825 0.040702751564369706 3.7625891265597153 17.250000000000004 1.205289373814042 1.0000000180025095e-35 13.700000000000001 3.7124692240326786 0.0066472235382774502 13.371428571428575 3.5227190751902699 -4.5195927650817707 0.77113572701807998 -0.66312265824079508 1.4240518575851395 0.61559370248597578 0.91023613416931248 0.52408963585434187 3.5000000000000004 61.333333333333336 0.015875643155520102 0.15408030408030407 0.73190045248868796 6.5000000000000009 -0.35460488704253573 2.5678104575163401 1.0000000180025095e-35 1.9583333333333337 2.2190408421433094 0.083333333333333273 1.0000000180025095e-35 0.81267883947837538 3.8200350189530803 0.072321503342032314 9.5000000000000018 0.019445048210738506 3.4008387035633052 0.0046906644566655506 0.8542199457734333 23.850000000000005 0.021074030865134253 4.0500000000000007 2.6662197764528348 0.038952272035669804 5.2233093838153888 -5.1785714285714279 96.566243055555603 0.35460488704253573 1.1547005383792543 8.8000000000000025 0.11184210526315787 1.3122373949579835 0.35460488704253573
decision_type=8 2 10 8 2 2 10 2 2 2 2 2 2 2 2 2 2 2 2 2 2 2 2 2 2 2 2 2 10 2 2 2 2 2 2 2 8 2 2 2 2 2 2 10 2 2 2 2 2 2 2 2 2 2 2 2 2 2 2 2 2 2
left_child=1 -1 5 12 -5 -2 32 17 9 18 11 29 20 54 21 -16 47 27 -6 -15 -3 22 -10 24 25 31 -22 -7 -8 -9 45 -23 55 53 35 36 -19 -38 43 40 -40 59 -18 44 58 -25 -21 -12 -33 -50 -43 -31 -53 -34 -11 56 -4 -46 -36 -28 -51 -62
right_child=2 3 6 4 8 7 28 10 14 13 16 -13 -14 19 15 -17 42 34 -20 46 26 23 -24 30 -26 -27 41 -29 -30 51 -32 48 33 -35 38 -37 37 -39 39 -41 -42 50 -44 -45 57 -47 -48 -49 49 60 -52 52 -54 -55 -56 -57 -58 -59 -60 -61 61 -63
leaf_value=-0.099977748930897004 -0.096904265953869195 -0.092945469005037321 0.012581522654080982 -0.09992291825160575 -0.075019777057614589 -0.012656679143567729 0.014205167911146042 -0.011322165135475756 0.015098820518135825 0.074742805638337267 0.00090705625110629466 0.0014280172110453777 -0.09456098700218063 -0.077998570170732584 -0.074741468492081617 0.015344806586972352 0.0055618593167572339 -0.020877069508343449 -0.0022538153480152995 -0.061075313729086561 -0.096868070211639401 -0.096459049370942185 -0.099103605911884218 -0.0030127878769242288 -0.099001887794146787 -0.098092831344374229 -0.095321209084777564 -0.04127650645533993 0.02366366918262159 -0.0078366491721040682 -0.086083712987577721 -0.057263624673293573 0.0037206759416383382 -0.00058668589337447193 -0.010034490817651114 -0.007158071255669027 -0.096263907558684719 -0.0084562073523139856 -0.035805411169099945 -0.0046204786648675255 -0.0013033948083379372 0.024578614816215164 0.015416030071355259 -0.069028481569701913 0.0047582391316501951 -0.05486255322004259 -0.01243178546191843 0.0063552648867360147 -0.061040960320428217 0.050521488104152627 -0.057580346028174328 0.0034756327996201195 -0.0027901918745933283 0.0078183970234890002 -0.099755808207970934 0.0012304775867438297 0.0074073190899776806 0.021616181183929391 0.0032419312310005017 -0.010321588389866181 0.033436416899637111 -0.096326116723124744
leaf_weight=4717.8743836954236 180.70995119959116 42.777400992810726 8205.7573646903038 1361.190170660615 73.188010588288307 1581.3110624998808 8150.5826663374901 4002.4752475917339 62.995762258768082 4.9280007481575003 38872.204259514809 59507.694186806679 75.673189975321293 325.83543988317251 272.86564390361309 66.924366474151611 16298.488146156073 569.55379056930542 412.15996674448252 157.27569882571697 32.525655776262283 28.653053939342499 116.13598002493382 1407.0460598692298 104.19859328866005 54.05543502420187 21.441695280373096 422.86452715843916 4877.0908589363098 5391.6734152436256 39.102112844586372 44.777582295238972 22294.390727162361 7532.3761177659035 1846.9435325860977 8245.7395619004965 122.04003757238388 73.339779570698738 567.01186767220497 6108.5527493059635 349.80038534104824 313.72886493802071 2800.3605461418629 44.867347091436386 2578.1404900550842 89.562870405614376 195.60842844843864 7120.2095819711685 34.865442901849747 100.02310460805893 27.030898213386536 5252.9592888653278 25760.493798226118 18578.769413664937 428.98988265544176 3295.2909803986549 26014.941757619381 715.87975984811783 1752.9936806857586 1098.3165987879038 70.68964684009552 27.580113217234612
leaf_count=53744 1936 285 2317 15222 489 1611 1407 2973 40 2 19008 29182 600 2321 1722 118 6630 1045 589 944 228 252 924 2782 819 438 144 1366 523 3665 160 204 7619 2531 2174 7219 1074 132 923 5170 368 286 786 122 2228 431 644 3142 142 84 116 2647 14700 5508 4415 1030 7630 461 1635 2437 24 138
internal_value=-0.000134881 -0.0658767 0.00255034 -0.0431738 -0.0518638 -9.31758e-05 0.0076308 -5.55387e-07 -0.0359544 -0.0541414 0.000958386 -0.000562748 -0.0136131 -0.0718946 -0.0244003 -0.0569906 0.00329338 -0.00633512 -0.0133685 -0.055337 -0.00956245 -0.0192938 -0.0590531 -0.0157034 -0.0402571 -0.0230437 -0.00710947 -0.0187153 0.017748 -0.00349461 -0.0082467 -0.00951948 0.00609655 0.00462331 -0.00525417 -0.00925801 -0.0318493 -0.0635399 -0.00266977 -0.0069786 -0.0226627 -0.00504222 0.00700772 0.00169246 0.0021634 -0.00615358 -0.034237 0.00175074 -0.00022507 0.0109055 0.0178973 -0.0026336 -0.00172867 0.00558355 -0.0975952 0.00799712 0.00864852 0.00842889 -0.00356903 -0.0120373 0.0238236 -0.00353548
internal_weight=300924 11808 289116 7090.15 5478.65 190166 98949.2 189986 4117.46 1597.99 165007 99915.3 1611.49 1112.64 2519.48 339.79 65091.3 24979 485.348 678.72 1535.82 2179.69 179.132 2000.55 464.843 360.644 1493.04 2004.18 13027.7 40407.6 1535.71 306.589 85921.5 48405.5 22974.9 9010.67 764.934 195.38 13964.2 7025.37 916.812 1460.52 19098.8 6938.82 6893.96 1496.61 352.884 45992.4 277.936 233.158 340.76 36405.1 31013.5 40873.2 433.918 37516 34220.7 3294.02 3599.94 1119.76 198.293 98.2698
internal_count=229506 90744 138762 37000 32904 110197 28565 108261 17682 9404 82733 53167 4096 8326 8278 1840 29566 25528 1078 3909 3496 6438 964 5474 2101 1282 3211 2977 1930 23985 3373 844 26635 15658 22551 9470 2251 1206 13081 6461 1291 2983 7416 6620 6498 3213 1588 22150 592 388 402 21012 17347 13127 4417 10977 9947 2689 3809 2581 246 162
is_linear=0
shrinkage=0.05


Tree=48
num_leaves=63
num_cat=0
split_feature=14 22 11 27 19 22 17 22 11 27 60 29 59 22 2 29 22 3 27 23 11 14 22 22 46 44 29 59 57 59 11 36 50 41 3 0 2 14 59 36 23 3 60 22 60 48 44 44 20 59 22 41 22 23 48 23 22 50 44 57 60 57
split_gain=19829 2441.89 1429.17 1301.76 666.218 1613.54 583.984 449.344 437.405 244.917 216.62 302.314 196.829 181.135 172.168 445.7 243.469 144.716 134.999 123.348 118.317 134.012 235.142 116.97 121.145 113.765 113.191 100.177 99.4147 98.8598 96.2384 111.914 93.3531 86.4015 81.6259 96.3141 93.5421 80.7367 80.647 79.193 77.1744 103.334 95.4816 86.5056 75.9628 72.0601 71.2709 70.0911 67.6016 67.5087 69.9919 62.8863 124.798 83.938 98.3936 69.1693 198.225 84.472 62.4432 62.3232 61.4105 60.3355
threshold=1.0000000180025095e-35 0.14789731682146542 10.500000000000002 0.75802418621567569 24.500000000000004 0.6243872549019609 2.5000000000000004 0.14789731682146542 39.500000000000007 3.3207720474597116 6.6000000000000005 1.2306153768786678 14.564285714285718 4.9903393665158378 -0.70581670320594825 1.2306153768786678 1.3122373949579835 0.61559370248597578 0.15149572649572651 4.4839321749607182 1.0000000180025095e-35 3.7638888888888893 1.8064503579209463 6.0018382352941186 0.65000000000000013 15.250000000000002 1.2306153768786678 -0.14285714285714277 -4.5195927650817707 7.6785714285714297 1.5000000000000002 2.5000000000000004 62.790887500000011 -5.1785714285714279 -1.0000000180025095e-35 5.5000000000000009 -0.29696027566504662 15.04166666666667 -1.0000000180025095e-35 10.500000000000002 3.6154505583779444 -0.85421994577343296 10.750000000000002 1.9206932773109247 9.9000000000000021 23.850000000000005 13.950000000000003 15.050000000000002 0.11868686868686866 0.3714285714285715 2.3296130952380958 5.2000000000000011 0.17993867587520837 9.9861502359538061 27.550000000000004 0.77935826657944762 0.34221813725490197 47.232166666666679 17.100000000000005 -1.6284308549045086 18.150000000000002 2.2833841861232735
decision_type=8 2 2 2 8 2 2 2 2 2 2 2 2 2 2 2 2 2 2 2 2 8 2 2 2 2 2 2 2 2 2 2 2 2 2 2 2 8 2 2 2 2 2 2 2 2 2 2 2 2 2 2 2 2 2 2 2 2 2 2 2 2
left_child=1 -1 6 -3 12 -6 7 -2 37 13 11 -7 28 30 32 -16 -17 23 -9 27 21 34 -23 24 -13 44 -24 47 -5 -28 31 38 -12 -19 -20 -36 39 -4 -8 -37 42 -42 -29 -44 -11 59 -45 -18 -32 -27 -51 53 -53 54 -30 -54 -57 -58 -40 -26 -43 -31
right_child=2 3 8 4 5 10 9 18 -10 25 14 17 -14 -15 15 16 19 33 20 -21 -22 22 26 -25 45 49 29 40 51 61 48 -33 -34 -35 35 36 -38 -39 58 -41 41 60 43 46 -46 -47 -48 -49 -50 50 -52 52 55 -55 -56 56 57 -59 -60 -61 -62 -63
leaf_value=-0.099352031617577594 -0.099195029571228999 -0.098517396297163051 0.005896027898309333 -0.09069870352186149 -0.099913695606608108 -0.099566869243995937 -0.015730749998144746 -0.09740558037702883 0.019935619720071698 0.0038268196425097116 -0.041712075346256282 -0.063719601043306456 -0.068491565905747662 0.0027840668476670841 -0.099520012361867513 -0.095968447729702686 -0.076987157183249999 0.051686430198411751 -0.0021046542901683972 -0.055880935182502735 -0.0037043596256588055 -0.098310832108518972 -0.097550258611370524 0.044792383247470612 -0.0049339049931276654 -0.0023581435921599808 -0.00081191347119194445 -0.059479070243908562 0.0030924337455121007 -0.062054175122685233 0.0010081557796578634 -0.022750932831343364 0.0055445344936041795 -0.069950056405808633 0.00024579085225016309 -0.0098391663108375865 -0.028838381036588645 0.0097728191483165069 -0.0039385794582681511 -0.074821145129361805 -0.076725192956186766 0.017325847096464016 0.014778546781508079 -0.073627086652017393 0.00037472071090220721 -0.01383502354585815 -0.0049524200592026904 0.0013788921020349409 -0.0022030183727481598 -0.0019028092115336008 0.0086399103265425402 -0.097652686076777406 0.030912728023643046 0.053992557468812701 -0.083199911160175805 -0.08854609170580538 0.0063197023603330394 -0.077508645997461836 0.011139588806242355 -0.066956153879868766 -0.050992405191924023 0.042439331778249864
leaf_weight=3519.8388543352485 129.4395742341876 1147.5623171404004 33470.697494864464 33.245235957205296 1215.624042801559 241.4210207760334 1325.0884203016758 39.471479274332523 8025.0935730934143 39994.771543830633 127.38185155391693 243.56209100782871 140.05000196397305 37108.155867427588 217.75563380867243 104.39467681199312 88.49629070609808 14.458901047706602 2626.5833481103182 175.36813872307539 17297.220757931471 111.4696392416954 41.861667148768902 49.73370935767889 57.373966693878174 1855.198357462883 408.84273489564657 116.8549355044961 723.132169239223 118.9938071668148 28886.875564098358 923.98048636317253 560.6673599332571 371.18812399357557 1012.8910875096917 2149.0500080212951 1158.1544625088573 22451.790798544884 6267.4355848133564 46.990231812000275 33.474530443549156 481.13322383165359 194.03678303956985 66.964947983622551 26496.786353945732 554.81387962400913 85.798248417675495 41.653996713459492 37877.333481490612 1737.0954710245132 16684.29573071003 43.731980226933956 83.282815456390381 75.870152473449707 33.611957028508186 80.865711092948914 307.16720425337553 32.296461433172226 770.00640919804573 139.64592774957418 34.310276739299297 14.846459239721296
leaf_count=42000 1500 13320 9913 209 14293 2431 1013 434 963 17540 630 1408 854 16139 2108 900 551 11 3050 761 13882 1054 284 71 200 856 619 490 882 399 14113 1059 691 2423 1045 3123 1935 5147 4343 156 193 474 271 382 12230 1863 281 115 20018 915 6639 436 61 18 214 578 580 138 385 777 130 8
internal_value=-0.000131758 -0.0647006 0.00242339 -0.0492834 -0.040923 -0.0494819 0.0005493 -0.00663037 0.00901963 0.00145274 -0.0341348 -0.0478685 -0.0121644 -7.96518e-05 -0.0242527 -0.0330547 -0.0228138 -0.0390782 -0.00614747 -0.0169477 -0.00599922 -0.0111595 -0.0320718 -0.0293613 -0.0331126 0.00345124 -0.0192855 -0.0109248 -0.00653433 -0.0130708 -0.00147706 -0.00624598 -0.00324489 -0.0652548 -0.00907326 -0.0132619 -0.0173413 0.00745272 -0.00441923 -0.0112653 -0.00558787 0.00708787 -0.0205883 -0.00733629 0.00245126 -0.0231191 -0.0353721 -0.0520491 -0.00081357 0.00672984 0.00764544 -0.00443886 -0.0175892 0.00421062 -0.000838517 -0.0104471 -0.0187078 -0.00184524 -0.00228673 -0.0490361 0.0126787 -0.0501972
internal_weight=300467 11436.8 289030 7916.93 6769.37 5216.11 225083 25155.8 63947.6 199927 4000.49 1672.2 1553.25 113159 2328.29 1640.24 1422.49 1430.78 25026.4 1318.09 24986.9 7689.68 696.014 1045.13 995.396 86768.1 584.545 1142.72 1413.2 542.683 76050.7 9286.51 688.049 385.647 6993.67 4367.09 3354.19 55922.5 8362.53 2196.04 1012.57 548.918 463.655 346.8 66491.6 751.834 152.763 130.15 66764.2 20276.6 18421.4 1379.96 547.344 832.614 756.744 503.612 420.329 339.464 7037.44 197.02 515.444 133.84
internal_count=229506 90744 138762 48744 35424 31454 122739 27489 16023 95250 17161 9184 3970 57070 7977 6656 4548 6753 25989 3648 25555 11673 2364 4319 4248 38180 1310 2887 3116 1026 40931 6800 1321 2434 9309 6259 5214 15060 5741 3279 2221 797 1424 934 29770 2840 663 666 34131 8410 7554 2907 1793 1114 1096 1357 1296 718 4728 977 604 407
is_linear=0
shrinkage=0.05


Tree=49
num_leaves=63
num_cat=0
split_feature=24 37 11 22 19 24 11 24 22 22 2 29 2 22 24 24 42 24 29 2 22 3 43 44 50 27 36 22 24 22 50 37 58 22 57 60 24 57 57 60 3 22 22 1 20 44 42 3 1 17 47 24 60 3 44 1 22 1 44 20 48 30
split_gain=18070 4552.1 1234.48 935.515 1465.77 502.367 359.242 322.838 265.231 262.716 255.504 235.478 210.765 169.376 154.486 136.445 133.724 122.002 119.475 153.834 123.13 254.2 171.027 115.759 119.846 114.672 96.1887 94.7686 93.3355 79.2699 79.1732 77.7932 74.999 153.405 92.7437 74.867 72.2854 70.7823 73.6548 95.0927 104.487 68.2662 169.632 139.225 68.1423 74.435 67.1139 66.6277 65.7551 79.7629 64.2 64.1651 64.0377 63.7402 63.5414 63.2931 62.9052 62.0143 64.1695 61.2642 61.1278 64.0207
threshold=0.0010102827829464502 1.0000000180025095e-35 11.500000000000002 0.73190045248868796 1.0000000180025095e-35 0.023113350512029604 40.500000000000007 0.0089572397709962014 3.7625891265597153 3.0328941359152366 -0.35460488704253573 1.2306153768786678 -0.95297903005573337 0.6243872549019609 0.00044644531534855007 0.054004346776356356 17.250000000000004 0.045620653487704055 0.83954846046276022 -0.51639395938746191 2.5512371615312794 -0.40966402954315212 -8.9999999999999982 11.450000000000001 18.364606944444446 3.1911936738089581 1.5000000000000002 6.3303279645191415 0.025218092252574955 3.7625891265597153 42.481738888888906 0.18333333333333338 1.0000000180025095e-35 0.17993867587520837 -4.5195927650817707 25.950000000000006 0.0046906644566655506 -3.7896608782507175 -2.0628648275079535 8.1500000000000021 0.5163939593874618 2.473717320261438 2.2134823687539535 2.5000000000000004 0.041666666666666657 14.950000000000001 12.450000000000001 0.8542199457734333 7.5000000000000009 1.0000000180025095e-35 0.59500000000000008 0.027835415777006902 2.7500000000000004 0.17992617227144028 12.250000000000002 1.5000000000000002 1.6546380090497739 1.5000000000000002 18.150000000000002 0.090922381711855418 24.550000000000004 2.4053593855976616
decision_type=2 2 2 2 8 2 2 2 2 2 2 2 2 2 2 2 2 2 2 2 2 2 2 2 2 2 2 2 2 2 2 2 2 2 2 2 2 2 2 2 2 2 2 2 2 2 2 2 2 2 2 2 2 2 2 2 2 2 2 2 2 2
left_child=14 3 5 4 16 8 57 10 26 17 23 -12 13 -6 -1 27 32 53 19 54 21 28 25 24 -5 -23 59 44 -20 -16 60 -19 33 -2 -34 37 -13 52 51 40 -40 42 43 -24 -11 -46 -35 -31 -33 -50 -28 -39 -22 -7 -9 -17 -27 -4 -59 -3 61 -25
right_child=1 2 6 7 12 9 -8 18 -10 15 11 36 -14 -15 29 55 -18 31 20 -21 35 22 41 30 -26 56 50 -29 -30 47 -32 48 34 46 -36 -37 -38 38 39 -41 -42 -43 -44 -45 45 -47 -48 -49 49 -51 -52 -53 -54 -55 -56 -57 -58 58 -60 -61 -62 -63
leaf_value=-0.099868146661992119 -0.098477343654001626 -0.0024034273632721932 0.014627561732145918 0.0010627831083571096 -0.096885566093972947 -0.00085853912129338751 0.019110619611440675 -0.074024824173775969 -0.00076064281402404485 0.0046433501206076368 -0.098300098344894782 -0.063886632716425251 -0.099920189682551369 0.052998236734317333 -0.08366410760312723 0.013677473530329677 -0.097847905460672929 0.018111079024414691 -0.022361756890356476 -0.098914694313117779 0.0080252055982102718 -0.03325711053083364 -0.02532065258454971 0.02641026088655278 -0.069365414446140569 -0.03541993236847845 -0.012160495407164322 0.0059609460644167965 0.023403829347945132 -0.055230500081822231 0.00029640339090439581 0.0031784087995185674 -0.095919432603329732 -0.086928049727650877 0.00093715481732464237 -0.064917016169621658 -0.028129425786487347 0.034343190798744823 -0.0046339461372070468 0.006822412337080812 -0.042881876121688561 -0.095834878343867114 -0.0041680277347853128 -0.082567611536339125 -4.8043414680038335e-05 0.0042923638687577485 -0.0070519587769941718 0.028011112967342905 -0.064332059423346674 -0.0010038770331778182 -0.028575450682175346 -0.027989233252158942 -0.057130649120319489 -0.0058443159819925499 0.015852409788272726 0.0055338094905722085 0.045702312713176957 0.0065703316550019611 0.014250343844648006 -0.0090101917935720543 -0.060497124090783276 -0.061794098734733682
leaf_weight=4439.0437141954899 67.958435878157616 5787.3040990531445 2902.0484228134155 84.032645925879478 32.713992066681385 13498.089486539364 7839.150491476059 26.295610010623932 31153.276879668236 15163.095871031284 287.01576855033636 242.37556287646294 1314.6193754971027 41.75802955031395 118.94979123771191 2592.9864028096199 47.789678186178207 674.26897571980953 180.22800508886576 95.746936157345772 56.163113117218018 188.22208832204342 166.64863642305136 56.207216449081898 212.30118279904127 30.144261933863163 3302.7689234465361 15461.986982285976 288.08378975093365 60.546382576227188 439.56864429265261 17092.093128472567 24.73171566426754 28.353460788726807 623.29935596138239 51.481936305761337 346.39847561717033 217.90148957073689 516.50722824037075 766.9435977935791 272.42175634950399 79.529686279594898 172.9231536462903 299.20325642079115 46051.108919948339 12573.199284106493 257.29490375518799 38.55838293582201 48.867691941559315 17390.430783092976 727.77345691621304 49.995290189981461 111.65552277117968 12212.78171505034 69.335760898888111 29981.127915501595 103.00985014438629 41092.086497068405 2913.9816297292709 8924.9397685229778 118.27509049326181 31.116589307785034
leaf_count=55680 600 3932 719 160 354 8107 937 173 18421 6998 3225 1541 16082 20 1044 851 459 318 485 832 75 617 580 114 1382 113 4218 5619 354 384 610 8015 207 194 926 164 1397 242 964 1017 998 431 328 1895 22123 5553 566 80 313 9088 1078 112 377 8523 69 10743 75 10775 689 6657 729 174
internal_value=-0.000128649 0.00141222 0.00244779 -0.0357917 -0.0616098 0.000858025 0.00920293 -0.0244579 -0.00358847 0.00207215 -0.0417463 -0.0611806 -0.0952867 -0.0131877 -0.0978405 0.00341275 -0.0169798 -0.000608757 -0.0160526 -0.0544513 -0.013967 -0.0248007 -0.0385681 -0.0236173 -0.0494406 -0.00819731 -0.00828817 0.00240169 0.00577035 -0.0562721 -0.0116904 0.00130335 -0.0130227 -0.0315109 -0.00289371 -0.00595995 -0.0429411 -0.00440161 -0.00153074 -0.00570613 -0.0178851 -0.0521191 -0.0465272 -0.0621975 0.00165572 0.000882819 -0.0152735 -0.0228377 0.000974502 -0.0011853 -0.015132 0.0226312 -0.0353772 -0.00322714 -0.00931956 0.00618262 0.027173 0.0075467 0.00707931 -0.00641199 -0.0372197 -0.00530727
internal_weight=300039 295382 287383 7998.25 2438.52 232636 54747.3 5559.73 49896.1 182740 1817.29 875.79 1389.09 74.472 4657.1 121824 1049.43 60916.5 3742.44 191.378 3551.06 1507.99 1039.68 941.501 296.334 321.376 18742.8 89249.4 468.312 218.055 645.168 35205.7 1001.64 353.607 648.031 2043.07 588.774 1991.59 1823.77 1555.87 788.929 718.305 638.775 465.852 73787.4 58624.3 285.648 99.1048 34531.4 17439.3 4030.54 267.897 167.819 25710.9 95.6314 32574.1 133.154 46908.1 44006.1 14712.2 205.599 87.3238
internal_count=229506 172318 133677 38641 19408 120557 13120 19233 34306 86251 9332 6163 16456 374 57188 51887 2952 34364 9901 1074 8827 4878 4039 3169 1542 805 15885 40293 839 1508 1627 17734 2493 1360 1133 3949 2938 3785 3333 2979 1962 3234 2803 2475 34674 27676 760 464 17416 9401 5296 354 452 16630 242 11594 188 12183 11464 10589 1017 288
is_linear=0
shrinkage=0.05


Tree=50
num_leaves=63
num_cat=0
split_feature=37 22 27 13 22 19 11 13 22 2 44 29 0 37 46 22 42 60 44 11 11 20 0 12 20 49 37 59 50 49 23 15 0 60 23 48 2 2 60 57 20 59 22 23 48 22 59 23 23 47 57 44 48 22 19 60 44 60 44 41 0 60
split_gain=16567.4 3129.06 1529.34 1129.48 767.427 1450.22 424.854 370.666 219.385 209.842 203.397 201.355 428.263 167.638 163.586 154.553 121.534 121.132 118.083 114.679 104.299 127.6 102.69 100.864 97.5339 97.2324 88.826 89.461 112.357 88.1028 85.8321 82.2579 82.1921 80.4898 78.0195 74.6055 78.7087 73.0484 84.3878 137.36 90.5388 70.4314 158.426 83.0051 201.728 68.194 62.9826 61.7646 94.5755 81.5406 81.4681 69.3325 69.6551 91.5306 106.006 94.3874 67.8115 67.941 65.0961 61.2028 58.9709 58.7272
threshold=1.0000000180025095e-35 0.14789731682146542 0.75802418621567569 9.8750000000000018 0.73190045248868796 1.0000000180025095e-35 2.5000000000000004 50.125000000000007 0.14789731682146542 -0.95297903005573337 17.100000000000005 0.66669747656443723 32.500000000000007 0.81666666666666676 6.4500000000000011 0.6243872549019609 17.400000000000002 0.95000000000000007 12.850000000000003 5.5000000000000009 1.0000000180025095e-35 0.57147817460317485 5.5000000000000009 1.5000000000000002 0.049999999999999954 36.350000000000009 0.15476190476190479 8.5428571428571445 33.702988888888896 71.800000000000011 7.1150422443429768 2.3804761428476184 3.5000000000000004 0.25000000000000006 15.052852310195295 29.550000000000004 -0.85421994577343319 0.91023613416931248 1.4500000000000002 -3.9357894990192182 0.069444444444444461 5.3357142857142863 0.17993867587520837 1.2517618977093428 29.550000000000004 2.6022875816993465 1.0000000180025095e-35 3.6154505583779444 3.7124692240326786 2.7650000000000001 -3.7047561885507299 16.250000000000004 33.150000000000013 1.4240518575851395 1.0000000180025095e-35 2.6000000000000005 18.050000000000004 21.750000000000004 13.050000000000002 -5.1785714285714279 14.500000000000002 9.6000000000000032
decision_type=2 2 2 2 2 8 2 2 2 2 2 2 2 2 2 2 2 2 2 2 2 2 2 2 2 2 2 2 2 2 2 2 2 2 2 2 2 2 2 2 2 2 2 2 2 2 2 2 2 2 2 2 2 2 8 2 2 2 2 2 2 2
left_child=1 -1 59 6 5 16 8 30 -2 15 13 12 -6 20 -14 -7 41 18 -13 -8 21 22 -10 26 -22 -19 -24 -28 -29 34 -5 -30 -15 -12 37 36 -16 38 40 -40 -27 -4 -43 -44 -45 -39 -34 51 49 -49 -50 52 53 54 -41 -56 57 -52 -59 -3 -20 -48
right_child=3 2 4 7 11 9 19 -9 10 -11 33 17 14 32 35 -17 -18 25 60 -21 24 -23 23 -25 -26 29 27 28 31 -31 -32 -33 46 -35 -36 -37 -38 45 39 47 -42 42 43 44 -46 -47 61 48 50 -51 56 -53 -54 -55 55 -57 -58 58 -60 -61 -62 -63
leaf_value=-0.099263725294348182 -0.098263428799550287 0.051192848323984574 0.0041626529174831322 0.0055320426119433476 -0.099604027443433399 -0.096562235373694558 0.00059434526621847871 0.019005743480660836 7.1781465265184936e-05 -0.099910988685590021 0.022187585229139502 -0.069408688880073108 -0.084853634025730096 0.0077522632963054582 -0.094298370526041397 0.051130867214523312 -0.097471758358589122 -0.060049594883257555 -0.011078721650570902 0.003248982040858734 0.0021411692653287204 -0.0029487390574213638 -0.0051192501823322696 -0.008275068547706153 -0.0072157618567107911 0.022689452901961386 -0.034173783193230965 0.018886402003771778 -0.018790098616306105 -0.050986450680613388 0.0097232027433634214 -0.070925914237939175 -0.0079753458700462573 0.0039208463350039998 0.042461233963604614 -0.091259396012772165 0.012504873316410771 -0.07496682467745347 -0.059617166991875171 0.026007069765803782 -0.06010013737123085 -0.09829046801702114 0.0036053268966929268 -0.095173616012350332 0.021181219657699125 -0.022274405958635377 0.00090344189495379266 -0.02290484599216611 -0.078312367108459957 0.042799688755711086 -0.0064578676813277797 0.0045312969834181037 0.028419337806175032 -0.022306785418220801 -0.0081853431819159245 -0.08980331127663313 -0.095483445273753298 -0.078103788879054226 -0.0050546264894649195 -0.099221887378773396 -0.064830613889736086 -0.0040295607256127805
leaf_weight=3246.6541306376457 59.463976353406906 6.1947907283902159 453.35377285629511 41917.738151431084 264.16989184916019 29.543103270232677 82897.739328026772 6893.0784440040588 913.8084295541048 1178.6253172531724 690.41586634516716 241.55070228874683 70.486875765025616 2217.184772670269 17.415788061916828 41.17079958319664 40.530840359628201 135.05683652311563 241.50240474194288 79899.948879778385 4027.4926325976849 3083.8685608655214 583.96280690282583 1756.2273044884205 9018.7510096728802 245.81627631932497 1656.2476133182645 189.60308073461056 1014.7395555824041 182.71676447242498 17251.545713543892 81.063879013061523 4097.565576583147 4736.6948368698359 56.161076568067074 20.282060734927654 271.00812713056803 96.863258987665176 176.28235246241093 32.225560024380684 37.128157794475555 60.420319154858589 281.25062194466591 81.067199617624283 67.553796291351318 169.4971449971199 13644.489932447672 67.695179231464863 44.796796083450317 150.70193780958652 1491.0838074982166 207.73356736451387 54.117554791271687 962.97997789829969 46.486477315425873 152.73213569074869 22.247808642685413 66.574048556387424 56.133280485868454 1054.5188046172261 64.029777936637402 10812.810147315264
leaf_count=42750 750 16 515 11782 2930 334 42185 787 907 15153 315 1444 612 1099 138 20 402 738 764 30633 2987 2899 909 1429 7044 283 3465 180 1473 871 3994 111 2858 2980 66 208 222 623 898 53 53 610 518 621 24 639 8585 203 154 71 3461 407 108 3093 177 1056 137 375 142 13528 357 7360
internal_value=-0.00012545 -0.057224 -0.0419464 0.00229545 -0.0343488 -0.0591562 0.000583277 0.00803294 -0.00306799 -0.0948947 -0.00296951 -0.0245247 -0.0508491 -0.00391195 -0.0166975 -0.0109892 -0.0137333 -0.0211284 -0.0433286 0.00189726 -0.00721023 -0.0112626 -0.0153988 -0.0180758 -0.00432687 -0.018392 -0.0229527 -0.0264883 -0.0165628 -0.0170749 0.00675426 -0.0227126 -0.00151865 0.00624925 -0.015564 -0.000895493 0.00573501 -0.016374 -0.0145964 -0.016702 0.0116347 -0.010032 -0.0231492 -0.0123725 -0.0424645 -0.0416637 -0.00223893 -0.0144288 -0.00847746 0.0223993 -0.0125033 -0.0221758 -0.0266235 -0.0291432 -0.0573482 -0.0709192 -0.0106516 -0.00942057 -0.0450384 -0.0982913 -0.0225345 -0.00127736
internal_weight=299631 12186.4 8939.7 287444 7878.99 2233.52 221382 66062.4 58584.4 1249.34 58524.9 5645.48 643.363 53097.8 379.193 70.7139 984.177 5002.11 547.083 162798 22325.8 9279.52 6195.65 5281.84 13046.2 4455.03 3525.62 2941.65 1285.41 4319.97 59169.3 1095.8 30772.1 5427.11 4137.26 308.706 288.424 4081.1 3814.73 3531.79 282.944 943.646 490.292 429.872 148.621 266.36 28554.9 3355.51 1899.23 218.397 1680.84 1456.28 1248.54 1194.42 231.444 199.219 1636.04 1613.79 122.707 1060.71 305.532 24457.3
internal_count=229506 94774 52024 134732 38480 18197 118169 16563 45351 15507 44601 20283 4110 41306 1180 354 2690 16173 2565 72818 21404 11373 8474 7567 10031 13608 6138 5229 1764 12870 15776 1584 19902 3295 11999 568 360 11933 10671 10335 336 2288 1773 1163 645 1262 18803 9437 4543 274 4269 4894 4487 4379 1286 1233 4115 3978 517 13544 1121 15945
is_linear=0
shrinkage=0.05


Tree=51
num_leaves=63
num_cat=0
split_feature=24 37 17 28 0 11 24 24 16 0 25 2 47 35 23 24 28 0 42 28 23 28 41 48 28 3 23 28 59 42 50 28 0 44 23 2 24 28 0 0 41 48 41 59 59 41 57 50 3 24 59 24 41 49 44 23 25 24 24 50 44 44
split_gain=16317.7 3819.79 1033.41 873.825 1046.83 471.094 298.324 244.506 243.161 240.27 216.844 226.63 211.51 199.941 176.483 164.703 142.225 138.179 131.962 206.351 149.054 206.69 119.205 117.276 105.904 232.699 221.367 199.232 176.548 140.748 114.339 105.059 104.474 103.221 98.1636 97.5112 88.4884 115.642 88.2923 87.7575 83.8015 77.6507 77.0217 75.8566 142.001 89.2263 79.637 95.6902 143.146 98.2994 74.7232 74.252 72.2362 70.3323 67.19 66.535 66.21 65.9735 65.4338 63.5781 60.6636 60.494
threshold=0.0010102827829464502 1.0000000180025095e-35 16.500000000000004 0.78781137129374801 36.500000000000007 4.5000000000000009 0.005101643471491551 0.021287145683084655 53.250000000000007 32.500000000000007 0.77113572701807998 -0.66312265824079508 2.4500000000000006 3.5000000000000004 2.6809346778244545 0.00044644531534855007 3.7576100329208719 5.5000000000000009 9.0500000000000025 0.41055711061529465 0.81944630442984656 0.21785265937962559 3.1357142857142857 27.550000000000004 2.6149070043531437 -0.40966402954315212 3.7124692240326786 1.4437308574321379 -2.2428571428571424 5.6500000000000012 93.424408333333346 2.2238038754588501 18.500000000000004 12.250000000000002 2.3459958708675344 -0.95297903005573337 0.058856209150326758 4.9730785492350398 36.500000000000007 47.500000000000007 3.9428571428571435 27.450000000000003 6.7214285714285724 0.4071428571428572 -2.2428571428571424 1.0214285714285716 3.4599041932921764 19.48759166666667 0.61559370248597578 0.13108195115123522 14.564285714285718 0.03929616868624921 -1.7214285714285713 64.250000000000014 16.400000000000002 7.1150422443429768 1.205289373814042 0.0062764003165746004 0.025218092252574955 53.910616666666677 6.8000000000000016 13.15
decision_type=2 2 2 2 2 2 2 2 2 2 2 2 2 2 2 2 2 2 2 2 2 2 2 2 2 2 2 2 2 2 2 2 2 2 2 2 2 2 2 2 2 2 2 2 2 2 2 2 2 2 2 2 2 2 2 2 2 2 2 2 2 2
left_child=15 3 5 4 -2 7 9 16 55 -5 11 33 13 -6 51 -1 40 -16 52 20 21 -20 -19 50 25 30 27 28 34 53 58 -31 59 -8 -27 -30 37 -7 56 -17 -3 -40 -21 44 45 -26 47 54 49 -49 -23 -9 -15 -29 -45 -4 -11 -42 61 -24 -13 -12
right_child=1 2 8 6 12 36 10 14 -10 38 24 60 -14 18 17 39 -18 22 19 42 -22 23 32 -25 43 26 -28 29 35 31 -32 -33 -34 -35 -36 -37 -38 -39 41 -41 57 -43 -44 46 -46 -47 -48 48 -50 -51 -52 -53 -54 -55 -56 -57 -58 -59 -60 -61 -62 -63
leaf_value=-0.099846259228652964 -0.099888093443392223 -0.015877429300801656 0.0060806361539483995 -0.075925474744793053 -0.09878408150665359 0.00037406549229168043 -0.096333396074773689 -0.0076725258948010834 0.018541835785150489 0.015391764765708998 0.020059618357058991 0.061243301054709903 -0.099008835657218436 -0.094583610512702809 0.0091313578631478116 -0.072032894166654968 -0.0021351652557909588 -0.0036723491893124773 -0.098760945216561299 -0.083976723150824537 -0.099242432311976159 0.025978078159964915 0.012205154987085272 -0.09632299884495317 -0.06030682722851919 0.031739622669853439 -0.086904156609422648 0.021727749832126809 0.022966473350989842 -0.064338923935090081 -0.090850213999621066 -0.0079472856507936326 0.00090380288774288744 0.0083776704961566213 -0.094852169374228953 -0.099402909046119509 0.0049303244283573876 0.0040187324183340416 -0.025021692773135859 0.003460192374226935 -0.01807909845249708 -0.077313265468184761 0.0069603334936119881 0.01504354298108266 -0.060907571234626104 0.018684707806283198 -0.067016397616327647 -0.0027180623447922827 -0.059367553610117134 -0.096345400461809727 -0.092847619276243812 -0.0016771213558088801 0.0039075857266091937 -0.071286002330334344 -0.051197735115237258 0.010519357800208556 -0.043971783917325147 -0.0053368131032637545 0.025153164189421786 0.0028107095592916475 -0.095960224076664033 -0.034049531727240324
leaf_weight=4023.5491917133331 937.28282437473536 3249.5229767113924 20674.87262827158 422.24444169551134 85.354472421109676 44803.908794760704 27.636853650212288 7374.7708265557885 6335.6842660903931 161.61510074138641 87.273022443056107 5.6618232727050772 104.93601430952549 18.385607376694679 5469.4084066152573 158.35115133970976 18260.466429561377 11713.783664733171 83.742015771567822 24.604914985597134 137.60147635638714 133.40185661613941 3603.6157169044018 27.555878981947899 45.351190827786922 60.445391960442066 184.35894580185413 264.89981361478567 17.498565033078194 148.12338953465223 29.210564993321896 186.38419954478741 35308.126027733088 131.12461041659117 19.396941475570202 174.85260556638241 42383.844251036644 42328.814160883427 215.99674051254988 50.476012781262398 1137.2596663460135 106.31968452781439 255.79984050244093 735.86390898376703 175.05273855477571 155.28450440615416 47.710240878164768 1169.3800835087895 133.60376907885075 27.7309180945158 13.680426567792891 17237.638016209006 468.29035422205925 21.014732763171196 39.383811987936497 14288.51767718792 65.039826363325119 9502.132992759347 280.33965936303139 3604.2042646110058 186.86871714144945 123.55844450742006
leaf_count=55680 12716 3287 5381 3768 1122 19196 237 5932 714 88 190 1 1390 220 2678 1326 12595 6937 963 253 1368 121 1570 290 168 95 957 316 32 758 177 417 19675 90 138 1571 14761 15558 834 182 1393 787 431 857 768 283 235 2554 672 134 100 11057 434 100 127 3019 188 8009 324 1915 1998 369
internal_value=-0.000122275 0.00127633 0.00221027 -0.0333831 -0.0592923 0.000981435 -0.0224821 -0.00132607 0.00952886 -0.0475952 -0.0170248 -0.0546896 -0.0311205 -0.0253354 8.85985e-05 -0.0975903 -0.00503606 0.00155748 -0.0198607 -0.0341301 -0.0573238 -0.034684 0.000793365 -0.0035421 -0.0138049 -0.0238823 -0.0371381 -0.0267681 -0.0623545 -0.0110723 0.00356076 -0.0330503 0.00202391 -0.0103078 0.000130617 -0.0881837 0.00305637 0.00214472 -0.0256974 -0.053832 -0.00884923 -0.0424719 -0.00127149 -0.00743189 -0.0281349 0.000594325 -0.00380673 -0.00234122 -0.0104755 -0.0049697 0.0143397 -0.003474 0 0.0146492 0.0116103 0.007895 -0.00173928 -0.00670089 0.00935884 0.00750928 -0.0910189 -0.0116387
internal_weight=299249 295016 287277 7739.86 2290.64 245977 5449.23 116461 41299.1 971.216 4478.01 351.292 1353.35 1248.42 84311.5 4232.38 32149.4 59699.1 1163.06 676.386 395.982 258.38 54229.7 174.638 4126.72 1597.36 1076.97 892.616 272.194 620.422 520.382 334.508 42515.9 158.761 79.8423 192.351 129517 87132.7 548.971 208.827 13888.9 322.316 280.405 2529.36 375.688 200.636 2153.67 2105.96 1330.71 1197.11 147.082 24612.4 486.676 285.915 775.248 34963.4 226.655 10639.4 491.171 7207.82 192.531 210.831
internal_count=229506 172318 133677 38641 19408 124563 19233 75048 9114 5665 13568 2326 6692 5302 49764 57188 25284 32775 4180 3526 2842 1474 30097 511 11242 5444 4384 3427 1836 1591 1060 1175 23160 327 233 1603 49515 34754 1897 1508 12689 1621 684 5798 1219 451 4579 4344 3360 2688 221 16989 654 416 984 8400 276 9402 883 3485 1999 559
is_linear=0
shrinkage=0.05


Tree=52
num_leaves=63
num_cat=0
split_feature=24 14 38 28 0 11 14 60 25 47 24 48 24 0 35 50 0 42 28 0 24 28 36 24 2 60 42 28 23 11 20 23 28 14 16 21 37 24 60 23 28 0 28 23 59 0 28 24 23 16 60 0 60 41 41 28 41 21 60 27 23 47
split_gain=15486.6 3656.74 953.332 627.624 1019.18 433.896 260.854 247.783 327.699 221.654 213.692 178.068 173.084 169.197 132.104 131.574 124.975 120.953 196.45 158.452 116.667 128.292 115.546 109.588 104.655 121.263 115.172 99.5368 153.288 90.0144 119.87 115.392 156.791 129.047 112.463 89.6517 88.7318 84.0058 108.628 123.297 129.505 82.8237 79.0816 137.797 94.9559 94.7766 98.477 75.6345 74.4431 81.4869 74.123 74.0212 72.628 68.4014 68.3663 66.1921 110.869 64.4037 68.5891 63.712 63.8705 128.794
threshold=0.0010102827829464502 1.0000000180025095e-35 11.583333333333334 0.94245538981019794 36.500000000000007 3.5000000000000004 49.291666666666679 6.6000000000000005 1.205289373814042 2.4500000000000006 0.016838302093575005 30.050000000000004 0.00044644531534855007 26.500000000000004 3.5000000000000004 97.067380555555573 33.500000000000007 9.0500000000000025 0.21785265937962559 44.500000000000007 0.058856209150326758 4.9730785492350398 2.5000000000000004 0.0055969376001819013 0.35460488704253573 1.0500000000000003 7.5500000000000007 3.5122514331893284 3.8459926309196368 1.0000000180025095e-35 0.32175984297960109 5.1231308478118587 2.2301066663879903 4.9583333333333348 1.0000000180025095e-35 1.0000000180025095e-35 0.53571428571428581 0.013704720297674802 2.3500000000000001 2.0697051859511464 2.3390937324866208 47.500000000000007 0.42036814284020613 0.84936827197630216 14.564285714285718 42.500000000000007 0.41055711061529465 0.0070546002442906505 3.7098818233679531 2.7500000000000004 24.300000000000001 3.5000000000000004 39.000000000000007 -1.7214285714285713 -1.9357142857142853 1.8232309457285238 10.178571428571429 0.37500000000000006 15.050000000000002 0.75802418621567569 3.6154505583779444 1.4350000000000003
decision_type=2 8 2 2 2 2 10 2 2 2 2 2 2 2 2 2 2 2 2 2 2 2 2 2 2 2 2 2 2 2 2 2 2 8 2 2 2 2 2 2 2 2 2 2 2 2 2 2 2 2 2 2 2 2 2 2 2 2 2 2 2 2
left_child=12 3 5 4 -2 10 51 8 -5 14 22 15 -1 24 -6 52 23 53 -19 42 21 -7 -3 -10 -12 26 -26 28 37 30 31 32 33 -15 -34 -33 -37 -25 39 -39 -41 -14 43 44 -20 -45 -47 -24 -22 -50 -44 -4 59 -16 -49 56 -40 58 -36 -9 61 -61
right_child=1 2 6 7 9 20 -8 11 16 -11 13 -13 41 29 17 -17 -18 18 19 -21 48 -23 47 27 25 -27 -28 -29 -30 -31 -32 35 34 -35 57 36 -38 38 55 40 -42 -43 50 45 -46 46 -48 54 49 -51 -52 -53 -54 -55 -56 -57 -58 -59 -60 60 -62 -63
leaf_value=-0.099831533635707417 -0.098303127119238887 -0.0052692033790593387 0.017840165018421537 -0.092143923994602916 -0.0981310738180078 7.4404360991550754e-06 0.017265215957196729 -0.094846598952919609 -0.060417507065682954 -0.099002208943566469 0.0072722847720800878 -0.051688123679349968 -0.070279006527821528 -0.024222541944558997 -0.094335456901371573 -0.073607584777253543 -0.058219357835256481 -0.098921492226895988 0.01832372195705333 -0.093746560852366004 0.0027414144850440975 0.003515517670978133 -0.032246205763537823 -0.047022541254705674 -0.002475502954602405 -0.002114003158085328 0.011201888288805072 0.012904335275933316 -0.086241312717479493 -0.001922309458060392 -0.0030490621442290449 -0.071851896109979718 0.006338227562704267 -0.090035181262853287 -0.063089365256424265 0.024099803326978475 -0.050393261648055521 0.027987147266012941 -0.08053235245237933 -0.094407245828741299 0.0096376628286537237 0.0032907464848409861 0.021095883081325702 -0.098730219405701702 -0.095056798199660411 -0.095577360824292315 0.034094671554278318 -0.048464250464683417 0.031590044296035256 0.006541544395918847 -0.093171802153335731 0.0064292042224292235 -0.083297676381400176 0.0036425482617237822 -0.0096633330918746967 0.053342668253738706 0.043947944446443336 -0.011734341511412514 0.0098600517912348796 -0.0086815011246663965 0.00081189845494907215 -0.065276753039950522
leaf_weight=3827.8692206591368 916.83124925196171 15671.002041012049 1469.717333316803 256.6118815690279 55.181994244456291 62667.291817545891 6886.6188254356384 19.374893985688686 152.39142713695765 104.23245254904032 7309.2150981128216 293.78724341094494 154.31701584160328 288.64641939103603 17.536358214914799 78.205884046852589 305.13202406466007 96.356739208102226 140.26000484824181 66.70123066753149 23769.894349992275 44619.117790520191 596.8735421821475 142.72857334464788 2472.4384077340364 15083.915009975433 4072.8361401855946 237.86403708904982 87.034298725426197 34888.418106675148 3739.1945161819458 159.53811658918858 849.86721996963024 100.15960654616356 138.98544374108315 68.437757164239883 93.379966050386429 65.283499047160149 30.358505755662918 80.017664276063442 47.007337100803852 50.472919896245003 183.48437633365393 81.691451162099838 20.24129344522953 22.741480104625225 37.23420637845993 119.91079767048359 329.94505369663239 17714.947482466698 14.377410314977167 42988.123995184898 30.541778869926929 455.64199057221413 1905.9879944100976 99.225186809897423 40.637521997094154 524.20965567231178 41.389578998088837 668.67671845853329 1305.0378024503589 117.48312681168318
leaf_count=55680 12900 12237 352 2944 774 28546 797 222 1045 1442 3992 1695 1326 486 220 625 1828 1179 165 784 9514 17314 1618 687 1658 9843 2013 503 491 21942 2923 410 1059 985 187 49 103 109 179 601 121 182 197 720 192 192 25 255 91 5725 89 11070 258 412 2995 100 50 470 33 1753 2509 640
internal_value=-0.000119281 0.00121195 0.00203281 -0.0365612 -0.057983 0.000695769 0.00821007 -0.0248671 -0.0406273 -0.0293946 -0.00208566 -0.0151683 -0.0974272 -0.00082532 -0.023223 -0.0103105 -0.0302936 -0.0194977 -0.0332618 -0.0219348 0.00233973 0.00146647 -0.006896 -0.0215657 0.00210022 0.00035192 0.00603498 -0.0143636 -0.0253261 -0.00289577 -0.00855052 -0.0176266 -0.0130191 -0.0413767 -0.00590094 -0.0453463 -0.0189026 -0.0146735 -0.00182957 -0.0275254 -0.0560904 -0.0521947 -0.0121775 -0.0282366 0.00349396 -0.0639931 -0.0157533 -0.0166085 0.00458009 0.00700155 0.0123408 0.00680694 -0.00796291 -0.000169336 -0.0119852 0.0271625 -0.00959068 -0.0206589 -0.0463605 -0.00683145 -0.00596866 -0.0172176
internal_weight=298873 294840 288570 6269.91 2212.51 237226 51344.5 4057.4 1544.29 1295.68 88124.4 2513.11 4032.66 69830.6 1191.45 2219.32 1287.68 1136.27 663.088 566.731 149101 107286 18293.8 982.548 28938.4 21629.2 6545.27 830.157 592.293 40892.2 6003.81 2264.61 1943.26 388.806 1554.45 321.356 161.818 505.258 362.53 192.309 127.025 204.79 500.03 302.168 160.501 141.667 59.9757 2622.77 41814.8 18044.9 197.862 44457.8 2141.11 473.178 2025.9 170.221 70.996 704.585 180.375 2110.57 2091.2 786.16
internal_count=229506 172318 136667 35651 19291 124448 12219 16360 8658 6391 63258 7702 57188 46153 4949 6007 5714 4175 3543 2364 61190 45860 17105 3886 17506 13514 3671 2841 2338 28647 6705 3782 3220 1471 1749 562 152 1847 1160 831 722 1508 1580 1294 357 937 217 4868 15330 5816 286 11422 5382 632 3250 329 229 690 220 5124 4902 2393
is_linear=0
shrinkage=0.05


Tree=53
num_leaves=63
num_cat=0
split_feature=14 11 27 36 11 60 3 17 14 26 13 57 27 50 44 19 44 41 45 19 47 11 52 49 57 37 47 17 44 27 59 26 44 60 50 20 14 60 15 36 3 45 20 36 60 37 59 3 37 57 43 50 50 57 1 3 41 59 42 60 27 41
split_gain=13975.8 888.913 766.265 557.571 415.154 385.258 423.189 312.94 279.737 237.902 220.625 186.357 167.962 165.555 160.275 151.648 148.344 130.011 126.815 152.4 113.762 134.868 111.786 110.562 107.302 105.869 104.39 94.1356 93.5673 92.7606 87.2739 77.2429 74.4882 76.0772 73.6266 68.8113 65.7209 64.4426 63.0861 62.1617 62.0694 61.4117 59.7242 59.4278 58.9258 57.7786 55.9304 50.6671 50.3351 49.6594 47.8722 45.9227 45.8741 53.9181 45.5457 45.517 45.213 57.8677 44.8376 43.8631 52.3478 43.0893
threshold=1.0000000180025095e-35 6.5000000000000009 0.43287037037037041 10.500000000000002 22.500000000000004 2.850000000000001 -0.70581670320594803 1.5000000000000002 10.591666666666669 19.500000000000004 1.0000000180025095e-35 3.4008387035633052 3.3207720474597116 42.481738888888906 8.8500000000000014 1.0000000180025095e-35 15.350000000000003 8.1285714285714317 21.300000000000004 1.0000000180025095e-35 8.6100000000000012 1.5000000000000002 2.5000000000000004 41.600000000000001 1.7371582307423852 0.61250000000000016 2.7650000000000001 98.500000000000014 18.150000000000002 3.7076997420423803 10.235714285714286 100.00000000000001 12.950000000000003 1.2000000000000004 62.790887500000011 0.24999999999999997 12.261363636363638 1.3500000000000003 3.6968455021364734 2.5000000000000004 -1.0000000180025095e-35 22.200000000000006 2.0567460317460324 10.500000000000002 11.65 0.22500000000000003 -2.4142857142857141 0.40966402954315179 0.22500000000000003 2.079488858975485 -6.6499999999999995 12.558562500000003 60.262079166666673 -4.0242621273932864 1.5000000000000002 0.95297903005573359 8.9500000000000011 -2.2428571428571424 7.5500000000000007 5.1500000000000012 4.7937467294610165 6.4642857142857153
decision_type=8 2 2 2 2 2 2 2 8 2 2 2 2 2 2 8 2 2 2 8 2 2 2 2 2 2 2 2 2 2 2 2 2 2 2 2 8 2 2 2 2 2 2 2 2 2 2 2 2 2 2 2 2 2 2 2 2 2 2 2 2 2
left_child=2 7 -1 5 28 56 16 8 40 13 14 18 20 15 -10 -8 35 -16 19 30 21 22 25 -21 26 38 31 -6 36 -26 50 -25 -14 58 -20 59 55 47 -9 -24 48 -18 -33 -42 -31 -35 -5 -27 -2 -15 -11 -28 53 -48 -47 -3 57 -4 -34 60 -7 -50
right_child=1 4 3 46 27 6 9 12 10 11 -12 -13 32 49 17 -17 41 -19 34 23 -22 -23 39 24 29 37 51 -29 -30 44 -32 42 33 45 -36 -37 -38 -39 -40 -41 43 -43 -44 -45 -46 54 52 -49 61 -51 -52 -53 -54 -55 -56 -57 -58 -59 -60 -61 -62 -63
leaf_value=-0.099896683204970055 0.010628670426397018 0.0030919095813234636 -0.058868370263291163 -0.094537695503523825 0.01094017561359935 -0.080875854639871111 0.028716936426835385 -0.011746237768901199 0.00082432607557507561 -0.095201380486209256 0.010271549340465628 -0.090954155478405393 0.00036509131520524906 0.042420159653286799 -0.023486577614204633 -0.094124742812417672 -0.040091341526016108 -0.085745499853219526 -0.082955572041380765 -0.096079075530670688 0.0077690692503913812 -0.00074516810743301923 -0.018035334956489436 -0.052722526498654901 -0.049549929871529341 0.012802454470702704 -0.033443966535152379 0.021185222891986578 0.0097538451597645234 -0.036691763263670296 -0.054669371444320616 -0.090059577717827688 -0.0041723033137239214 0.020432715858739649 -0.044521097086179275 0.048519723433094915 0.0056379956589866576 -0.0043198408964674586 -0.041195848938887308 -0.060202074432370835 -0.0094788175496924327 -0.095046791793967966 0.074691873080029253 -0.06343803931448011 -0.0013834264364708186 0.010486927575689343 -0.08174261608960133 -0.005398629323335985 0.0085904523747738545 -0.0046654606816408607 -0.020266173931220828 -0.065736923339917527 -0.025231649408847819 0.005904628903077868 0.0018293098691157283 -0.002739508598262034 -0.059263836309386378 -0.084623126669058663 0.010947642244476675 -0.092302444721984456 -0.023982740469670638 -0.0073232930631435857
leaf_weight=1015.2916878089309 682.01784318685532 67567.660190343857 274.07721514999866 18.222655944526196 12973.361205101013 152.86513408273458 37.052957639098167 2294.0258773416281 102.02974119782448 20.881293088197708 167.88471627235413 233.05302847921848 29006.808833271265 121.98637527227402 116.41406140476465 74.272440277040005 325.24189184606075 310.2091194614768 321.46302475035191 120.01294992119074 3399.7621328234673 80251.405734837055 902.14679324626923 331.02649018913507 474.31159681081772 1080.5058222711086 466.76492585986853 2713.6081557273865 6628.1526153087616 224.80190987884998 249.34474958479404 323.49941935390234 546.11717814207077 452.6112340092659 211.71990633755922 8.8342040330171567 28709.192062497139 8993.9599043428898 196.96153342723846 96.258098676800728 5742.9434885308146 60.561420120298862 4.8529858589172354 50.553671009838581 248.70499343425035 1629.2787804305553 17.345670476555824 590.30292132496834 517.35998342931271 102.15609925985336 1054.3032405376434 146.45918645709753 242.01220590621233 400.82859860360622 22363.855298191309 3519.0063853263855 320.4931798055768 1367.7014664337039 4720.0809726715088 800.72502635419369 56.694157458841801 2367.0588900893927
leaf_count=15292 802 23822 2577 89 2238 1798 112 2380 331 258 183 2937 15205 169 583 826 2421 3016 3783 1493 1597 43306 762 2745 3638 606 2775 271 1972 1303 2034 4099 289 217 1737 9 7695 6725 176 171 7392 773 1 177 903 655 85 443 457 162 5191 1373 818 738 11381 1336 3086 16442 1979 10661 416 2595
internal_value=-0.00011624 0.00187992 -0.0587495 -0.0539974 0.00512044 -0.0576295 -0.0514731 -0.000495519 -0.00904487 -0.0443446 -0.0395933 -0.0474175 5.3788e-05 -0.00371924 -0.0554278 -0.0533026 -0.0756069 -0.068863 -0.0449784 -0.0416371 -0.00121527 -0.00153894 -0.00603878 -0.0493154 -0.0467435 -0.00481321 -0.0562497 0.012714 0.00400099 -0.0339287 -0.0280388 -0.0700997 0.00216767 0.00392722 -0.067815 -0.0856338 0.00361876 -0.00264426 -0.0140924 -0.0221619 -0.00676703 -0.0489543 -0.08739 -0.00996139 -0.0181989 0.00275241 -0.0104221 0.00636957 -0.00157521 0.0210126 -0.0218133 -0.0412593 -0.00795324 0.0020708 0.00241784 0.00280313 -0.0769532 -0.0803651 0.00937822 -0.0868587 -0.0656947 -0.00446522
internal_weight=298519 288692 9827.56 8812.27 122111 8133.86 6171.59 166581 10056.5 4766.67 696.538 4431.2 156524 335.468 528.653 111.325 1404.92 426.623 4198.15 3664.96 97805.3 94405.6 14154.2 2340.43 2220.42 13155.8 1272.6 15687 106424 947.819 1324.53 659.379 58718.8 29711.9 533.183 1019.12 99795.9 10664.8 2490.99 998.405 9359.93 385.803 328.352 5793.5 473.507 24445.7 678.409 1670.81 3566.44 224.142 1075.18 613.224 660.186 418.174 23993.1 71086.7 1962.27 1641.78 5266.2 1010.28 209.559 2884.42
internal_count=229506 138762 90744 75452 37334 73722 51617 101428 15536 35539 4113 34270 85892 1269 3930 938 16078 3599 31333 25813 56166 54569 11263 18330 16837 10330 10993 2509 34825 5844 7483 6845 29726 14521 5520 12884 32853 7774 2556 933 11423 3194 4100 7569 2206 12253 1730 1049 3854 331 5449 4148 1641 823 12036 25158 22105 19019 2268 12875 2214 3052
is_linear=0
shrinkage=0.05


Tree=54
num_leaves=63
num_cat=0
split_feature=14 23 27 11 28 19 11 23 36 2 60 25 48 19 23 11 20 2 28 20 21 28 50 23 44 20 42 28 23 28 23 46 23 44 17 45 43 51 27 28 20 2 0 46 25 60 26 60 26 43 46 44 2 23 57 58 23 28 23 23 20 23
split_gain=12922.3 2565.46 1246.58 805.798 549.593 1367.29 412.944 369.117 214.387 203.699 183.607 210.484 164.81 159.178 142.785 129.382 188.327 196.351 141.552 130.187 161.961 158.121 129.104 124.364 132.537 116.665 115.411 112.877 111.7 110.796 99.9767 92.1684 91.1632 89.9221 85.4816 81.1675 80.8334 77.8395 72.2869 71.2427 71.0084 70.8733 69.7214 112.968 69.3064 68.8766 68.384 67.7479 65.3812 65.1988 64.8271 64.5319 63.7699 61.8298 57.4612 66.3231 110.887 125.514 56.9736 78.0992 54.5347 54.2189
threshold=1.0000000180025095e-35 0.54853950022769093 0.43287037037037041 5.5000000000000009 0.94245538981019794 1.0000000180025095e-35 22.500000000000004 0.54853950022769093 1.5000000000000002 -0.95297903005573337 6.6000000000000005 1.205289373814042 30.050000000000004 1.0000000180025095e-35 2.0344398289843695 1.0000000180025095e-35 0.32500000000000012 -0.88545602565320969 1.8232309457285238 0.049999999999999954 0.37500000000000006 2.6149070043531437 97.067380555555573 2.6809346778244545 14.950000000000001 0.16563176406926408 17.250000000000004 5.9565599391769952 4.888668234007044 4.2921889349918638 4.888668234007044 0.75000000000000011 7.1150422443429768 7.3000000000000007 98.500000000000014 29.900000000000002 13.450000000000001 1.5000000000000002 0.52078408195429482 2.6382794454119556 0.18749999999999997 -0.98182534576205283 33.500000000000007 0.65000000000000013 4.320368290264688 1.0000000180025095e-35 78.500000000000014 10.750000000000002 19.500000000000004 -1.5999999999999999 0.55000000000000016 15.450000000000001 0.91023613416931248 5.2810808854470777 -4.5195927650817707 1.0000000180025095e-35 1.2517618977093428 0.21785265937962559 0.84936827197630216 0.95017100590034098 0.067857142857142852 3.6154505583779444
decision_type=8 2 2 2 2 8 2 2 2 2 2 2 2 8 2 2 2 2 2 2 2 2 2 2 2 2 2 2 2 2 2 2 2 2 2 2 2 2 2 2 2 2 2 2 2 2 2 2 2 2 2 2 2 2 2 2 2 2 2 2 2 2
left_child=1 -1 -3 7 5 26 30 -2 23 14 11 13 22 -6 -7 16 17 18 25 21 47 -19 36 -9 35 -10 54 33 37 -30 52 -26 -31 -13 -8 44 41 46 -15 -23 -22 -12 43 48 -25 -33 -20 -21 -35 -18 -41 -14 60 -45 -4 56 57 -56 -59 -60 -5 -43
right_child=3 2 4 6 10 9 34 8 15 -11 12 27 51 38 -16 -17 49 19 28 20 40 39 -24 24 31 -27 -28 -29 29 32 -32 45 -34 42 -36 -37 -38 -39 -40 50 -42 61 -44 53 -46 -47 -48 -49 -50 -51 -52 -53 -54 -55 55 -57 -58 58 59 -61 -62 -63
leaf_value=-0.099959096114453347 -0.098905412529124118 -0.099870543296660091 -0.094457999449767099 0.0036903811769070727 0.045656464360553747 -0.096233615545391574 0.010399438039731156 -0.0031211494477794421 -0.094917000866945642 -0.098369642564146292 -0.078375023970526314 -0.091939804243260786 -0.073009873963503238 0.075943165815323066 0.049852631832972075 0.0058885446399846737 -0.0094486330816924476 -0.024484931729339677 -0.062700999708041869 -0.0504687654981281 -0.045642412322851322 0.033685875916746107 -0.072536950071957748 -0.0014496648947446992 -0.0015287380451344073 -0.0012344943639902781 -0.097231839654445346 0.034524610835584925 -0.092866477924214097 -0.0049761085535555633 0.0051736225827299746 0.018559412712880304 -0.078447594020701783 0.061758364371918312 0.020171660908793149 0.0055749315239331286 -0.067924877153393862 -0.0030606322488338066 -0.099483848202053193 -0.021139434668934101 -0.0021095249877546404 -0.016134889065037683 -0.051825275337742463 -0.0089845562909609405 0.0023631007507166333 0.0052177420189940087 -0.019031147100017135 -0.019926233832871218 -0.056562363395442232 0.00013694748751186009 0.0029368106924445841 -0.026277752453524147 0.0064201697930215615 -0.08829267853690706 -0.097176427822436434 0.0034088031189845863 -0.091647547265906501 0.024219280552974336 -0.096297628006021097 0.00012780006591070177 0.00074649490454788787 0.00037414742853379354
leaf_weight=2565.9932965226471 94.926550224423409 810.08198564499617 17.946226917207241 24833.957466125488 21.750325664877892 26.87819492816925 12965.790650248528 26700.413286834955 134.53332901746035 1039.601665340364 33.150464311242104 60.123286344110966 151.49357444792986 5.3217675983905783 40.810579717159271 1992.8937397003174 2533.7199043035507 719.12880904227495 125.37749405950308 444.33765676617622 104.37309622764587 164.67557908594608 80.490176409482956 58432.978250563145 5293.4536865353584 44.207430899143219 36.93132871389389 64.984478645026684 103.1553947776556 131.95908265560865 52458.107191443443 1032.8656073212624 61.302844703197479 11.420246802270411 2707.6679809093475 5595.2931002378464 54.699994541704655 523.80693819373846 202.42852706834674 320.15748649835587 847.68488472700119 789.16332735866308 271.83591216802597 641.33141953498125 14971.163734197617 15172.276823073626 315.71580539643764 311.12735909223557 245.55894774198532 5907.0696548968554 2158.8821828439832 147.5516791343689 8499.1075062155724 24.598759263753891 36.186936758458614 597.84754905104637 50.947287075221539 127.42933887243271 27.360197238624096 80.498061537742615 42934.524133384228 1340.3315231874585
leaf_count=40936 1462 12760 173 8823 38 353 2238 17071 1304 15918 235 558 1196 3 20 1081 2262 1294 642 756 121 130 709 33744 2952 44 440 128 276 274 16333 400 165 13 271 2908 466 701 2653 567 687 2584 1700 2317 7352 7388 587 401 1552 4760 2677 673 2971 156 381 932 447 109 288 138 16120 2868
internal_value=-0.000112484 -0.0571639 -0.0415501 0.00178615 -0.0339495 -0.054906 0.00442651 -0.000857148 -0.000791857 -0.0929017 -0.0234122 -0.0370339 -0.0152723 -0.0811671 -0.00863972 -0.00607498 -0.00767026 -0.0140594 -0.0303489 -0.0094269 -0.020667 -0.0037137 -0.0107134 -8.80095e-05 0.000717811 -0.0719104 -0.0117053 -0.0293004 -0.024403 -0.0512131 0.00349339 0.00419842 -0.0285909 -0.0326345 0.0120891 -0.000229366 -0.00843525 -0.0161173 -0.0946239 0.00194161 -0.00693012 -0.00689757 -0.0295715 -0.0229624 -0.000671941 0.0060695 -0.031569 -0.0379398 -0.0510658 -0.0027406 -0.000177789 -0.0501329 0.00233758 -0.0120496 -0.00823341 -0.0064458 -0.0246881 -0.0118133 0.00164995 -0.0249462 0.0018254 -0.00574624
internal_weight=298241 9604.75 7038.75 288637 6228.67 2082.44 144399 144237 144143 1107.29 4146.23 1549.35 2596.88 229.501 67.6888 16944.1 14951.2 6510.43 1440.06 5070.37 1707.52 3362.84 2297.84 127198 100498 178.741 975.147 1319.85 1261.32 296.417 128726 21498.6 193.262 1254.87 15673.5 78999.4 2217.35 964.9 207.75 2643.72 952.058 2162.65 1194.75 922.909 73404.1 16205.1 441.093 755.465 256.979 8440.79 2479.04 299.045 76267.6 665.93 938.216 920.269 322.422 271.475 235.288 107.858 67768.5 2129.49
internal_count=229506 90744 49808 138762 37048 19199 46756 92006 90544 16291 17849 9118 8731 2694 373 18729 17648 10626 3993 6633 1965 4668 6862 71815 54744 1348 2908 6424 2645 715 44247 10740 439 6296 2509 44004 6153 1930 2656 3374 808 5687 5738 4038 41096 7788 1229 1157 1565 7022 3244 1869 27914 2473 2468 2295 1363 916 535 426 24943 5452
is_linear=0
shrinkage=0.05


Tree=55
num_leaves=63
num_cat=0
split_feature=24 14 24 22 19 22 22 24 0 2 24 24 29 0 23 22 23 42 22 60 22 23 59 49 24 59 0 45 60 20 23 60 23 36 12 22 24 24 48 49 60 24 48 57 58 22 23 0 41 41 27 44 59 27 48 12 49 0 29 2 22 23
split_gain=13442.3 2703.74 736.139 595.445 1315.27 407.012 368.338 210.948 229.157 197.862 186.981 171.75 171.334 264.949 166.102 134.658 114.52 112.642 105.463 100.377 189.273 150.847 126.42 105.163 93.049 91.4975 133.67 87.989 85.7103 81.3743 80.2903 144.021 99.6683 78.3211 77.8756 77.7108 76.4026 74.7647 71.9801 83.6688 70.4759 69.0968 67.436 63.7299 68.6883 133.09 139.75 62.4053 61.1312 61.0943 58.6416 57.4338 56.143 55.4993 68.651 54.5265 54.258 54.0129 51.9022 50.3855 93.6448 91.1554
threshold=0.0010102827829464502 1.0000000180025095e-35 0.043880731548761258 0.90455840455840464 1.0000000180025095e-35 9.2639943074003828 3.7625891265597153 0.0046906644566655506 32.500000000000007 -0.95297903005573337 0.00044644531534855007 0.014631176375777351 0.83954846046276022 32.500000000000007 2.6809346778244545 0.6243872549019609 2.6662197764528348 17.250000000000004 6.3303279645191415 8.1500000000000021 3.0737999213063159 3.7812116240345515 -0.14285714285714277 44.800000000000004 0.035630622123750559 1.0000000180025095e-35 17.500000000000004 0.55000000000000016 14.050000000000002 0.038952272035669804 2.0697051859511464 2.3500000000000001 3.7124692240326786 10.500000000000002 75.500000000000014 3.7625891265597153 0.019968661857801703 0.015031831250366652 29.550000000000004 47.350000000000009 6.9500000000000002 0.0034206338447311502 32.70000000000001 -4.5195927650817707 1.0000000180025095e-35 0.17993867587520837 1.2517618977093428 47.500000000000007 -3.6357142857142852 -5.1785714285714279 1.4410403050108935 14.65 0.3714285714285715 4.891277738292664 35.050000000000004 1.0000000180025095e-35 55.600000000000001 5.5000000000000009 2.1572832233385308 -0.66312265824079508 1.3122373949579835 5.2233093838153888
decision_type=2 8 2 2 8 2 2 2 2 2 2 2 2 2 2 2 2 2 2 2 2 2 2 2 2 2 2 2 2 2 2 2 2 2 2 2 2 2 2 2 2 2 2 2 2 2 2 2 2 2 2 2 2 2 2 2 2 2 2 2 2 2
left_child=10 3 6 4 17 14 11 8 -5 15 -1 41 13 -9 -4 -6 -13 37 36 20 21 23 27 -14 -22 57 -27 -21 -28 -18 -25 33 42 -32 -7 49 -8 -2 39 -10 -15 -3 48 -39 45 -45 -47 -37 -33 -12 56 -52 -31 54 59 -54 -41 -16 -29 -24 -61 -62
right_child=1 2 5 7 9 34 18 12 38 -11 35 16 19 40 25 -17 29 -19 -20 22 24 -23 53 30 -26 26 28 58 -30 52 31 32 -34 -35 -36 47 -38 43 -40 50 -42 -43 -44 44 -46 46 -48 -49 -50 -51 51 -53 55 -55 -56 -57 -58 -59 -60 60 61 -63
leaf_value=-0.099789641001901616 -0.075431946770381106 -0.031163018200420386 -0.00056986344023704711 -0.075673509785822712 -0.096066758308601133 0.010141244260684291 -0.0028426713588560852 -0.099285959875234586 -0.067703472389390604 -0.09821687725604121 0.079092787218907945 -0.0070286255893374852 -0.085565974745491047 -0.095243146167626275 0.0089871064562362848 0.048018522083979637 0.0028982775102858391 -0.09720625590075585 0.0036732307927679572 0.026011825448280148 0.0057201152656857733 -0.090062861724086424 0.020035370280580462 0.017312218379664217 -0.073476887635893093 0.0087115638341448594 0.005091627976545117 -0.017752524140869117 0.0012628283312797982 -0.0077404620494740456 -0.080903401771696123 0.065617931085118389 0.050645443087690381 0.0037193328742970281 0.01886686021929343 -0.047547099024275098 0.0012200819848689527 -0.094690206445842362 -0.093766491368843741 0.053744869723501523 -0.00055835403653371556 -0.0095533229044648237 0.020538878427085159 -0.097889753911717337 0.0062391912604759852 0.0066960676230738772 -0.097227896645199471 0.035691796961530443 -0.0464042498397437 -0.088275255100169064 -0.043837848846208706 0.0052946711635484048 -0.0085794638421237222 0.03392006495645887 -0.094514584867750551 -0.0010555420895802712 -0.018826705510863379 -0.00073357963342489505 -0.093162007347688411 -0.096131668648097274 0.0029057465746380341 -0.055939779509092562
leaf_weight=3341.8969410769641 39.429176047444344 389.44442699849606 21485.292830422521 331.27833636850119 25.695537228137255 12985.223597049713 15898.808806627989 146.05055970698595 62.036302641034126 995.44848461076617 4.9989495277404776 11640.950377874076 69.60266912728548 21.073413163423538 1625.0778412818909 40.302401125431061 8644.6318397372961 36.583971999585629 32339.00720743835 30.817489668726921 554.74968264997005 113.78923764079809 266.26763056218624 110.92521616816521 38.739367417991161 18015.430449217558 45427.808940574527 34.384753957390785 21557.417829960585 4495.4836417138577 145.41800877451897 12.237419068813322 56.646759770810604 33.379053547978401 3188.3694200515747 57.36740567535162 42511.650926411152 18.774780116975307 30.140671327710152 65.2329231351614 180.32313948124647 7208.5949317291379 65.84621524065733 48.757230013608932 577.53031135350466 220.57787552475929 36.877375610172749 35.691692292690277 165.90903776884079 94.958726853132248 115.90195941179991 120.37732834368944 2647.5508125573397 128.10855153203011 18.141668856143951 26557.534743577242 41.345721609890461 11789.159992411733 71.415379263460636 26.143486544489861 815.00122933089733 70.57868043333292
leaf_count=55680 226 706 12318 3406 354 2396 11049 1890 379 15996 1 9484 484 265 568 20 5529 459 12565 67 1581 773 361 302 201 6018 15991 167 7885 2940 1115 5 72 95 326 408 19951 198 307 56 347 7278 199 547 797 383 311 56 854 1043 542 161 2134 103 122 15019 86 4510 563 234 1381 242
internal_value=-0.000109511 0.00105444 0.0017446 -0.0322146 -0.0541408 0.00441733 -0.000642834 -0.0208553 -0.0443913 -0.0926629 -0.0970183 -0.0036274 -0.0151619 -0.0482531 0.00341288 -0.00860136 -0.00263657 -0.0122974 0.00138251 -0.0110791 -0.0208112 -0.0370877 -0.00195931 -0.0278238 0.000427303 0.00428241 0.00488805 -0.0475731 0.00385954 -0.00142892 -0.0208745 -0.0297376 -0.0085174 -0.0651448 0.0118627 -0.0487428 0.000114121 -0.00889481 -0.0204395 -0.0147511 -0.0109122 -0.0106656 -0.0224241 -0.00590213 -0.00390531 -0.0230126 -0.00848904 -0.0155286 -0.0383579 -0.079155 -0.00498644 -0.0188684 -0.0025391 0.00277509 -0.000581984 -0.00173806 0.0256319 0.00044425 -0.0690966 0.000939324 -0.00464801 -0.00183627
internal_weight=297924 294389 288407 5981.84 2039.98 136074 152334 3941.86 766.313 1061.45 3534.91 61584.2 3175.55 347.447 119900 65.9979 53986.2 978.531 90749.5 2828.1 1367.24 773.754 1460.86 659.964 593.489 98414.9 85000.7 136.618 66985.2 42345.2 590.362 479.436 300.639 178.797 16173.6 193.017 58410.5 941.947 435.035 404.894 201.397 7598.04 243.993 902.518 883.743 306.212 257.455 93.0591 178.146 99.9577 342.858 236.279 33700.6 1324.24 1196.13 29205.1 106.579 13414.2 105.8 1177.99 911.723 885.58
internal_count=229506 172318 136667 35651 19291 50012 86655 16360 4937 16370 57188 43090 11423 2502 47290 374 35106 2921 43565 8921 5681 3899 3240 3126 1782 34972 29894 797 23876 25622 2642 2340 1130 1210 2722 1508 31000 2462 1531 1224 612 7984 1058 2236 2038 1241 694 464 859 1044 845 703 20093 2443 2340 17153 142 5078 730 2218 1857 1623
is_linear=0
shrinkage=0.05


Tree=56
num_leaves=63
num_cat=0
split_feature=14 23 27 17 28 0 23 17 43 60 29 17 48 0 17 59 0 50 3 14 28 29 48 42 0 28 0 41 28 60 3 23 43 27 48 59 23 3 2 43 3 28 23 57 23 23 44 13 7 23 41 43 23 26 23 26 23 41 36 27 29 28
split_gain=11168.7 2558.35 1217.45 677.175 521.228 1004.44 344.294 294.053 181.877 165.009 212.064 153.53 137.035 127.087 126.046 117.549 159.013 116.882 105.576 94.6667 230.828 172.361 93.8033 95.8962 230.107 122.612 92.6224 89.174 88.5506 85.1885 114.5 76.0014 73.5594 68.8157 68.2854 67.5109 67.1603 74.4842 67.0016 66.1897 71.6139 152.856 66.984 106.391 76.3263 62.5105 61.1079 60.5251 59.8433 74.8351 65.449 61.424 128.679 92.8168 69.62 72.0595 61.008 59.1204 58.9914 58.8952 56.4542 54.8317
threshold=1.0000000180025095e-35 0.54853950022769093 0.75802418621567569 16.500000000000004 0.94245538981019794 36.500000000000007 0.54853950022769093 4.5000000000000009 -6.6499999999999995 6.6000000000000005 1.2306153768786678 68.500000000000014 30.050000000000004 47.500000000000007 1.5000000000000002 1.0000000180025095e-35 17.500000000000004 97.067380555555573 0.61559370248597578 10.591666666666669 1.8232309457285238 1.2306153768786678 16.700000000000006 9.1500000000000004 43.500000000000007 0.21785265937962559 50.500000000000007 1.7571428571428573 5.9565599391769952 14.250000000000002 -0.95297903005573337 3.3905335653842763 13.450000000000001 2.317258230452675 15.850000000000001 7.6785714285714297 2.0697051859511464 0.5163939593874618 -0.98182534576205283 -4.8499999999999988 -0.51639395938746235 2.6149070043531437 3.5552261608514732 2.9297847696066044 4.8340041259942224 1.5996330397435272 11.65 1.0000000180025095e-35 1.5000000000000002 2.0697051859511464 6.9857142857142867 -4.6999999999999984 2.9700026888703319 53.000000000000007 4.2938803070115261 80.500000000000014 2.0120681634895772 -5.1785714285714279 11.500000000000002 2.2833517277961728 4.4675165857079255 0.42036814284020613
decision_type=8 2 2 2 2 2 2 2 2 2 2 2 2 2 2 2 2 2 2 8 2 2 2 2 2 2 2 2 2 2 2 2 2 2 2 2 2 2 2 2 2 2 2 2 2 2 2 2 2 2 2 2 2 2 2 2 2 2 2 2 2 2
left_child=1 -1 57 6 5 -4 -2 14 -7 10 13 -5 17 -6 19 -9 -17 32 28 -8 -21 -22 -10 26 25 -25 -24 -20 36 30 -18 -32 38 -14 -29 -23 -12 39 -11 -38 42 -42 43 -41 -44 -31 -16 -37 49 -40 -50 52 -51 -54 -55 -56 -52 -3 -35 -15 -53 -27
right_child=3 2 4 11 9 8 7 15 22 12 18 -13 33 59 46 16 29 -19 27 20 21 35 23 24 -26 61 -28 34 -30 45 31 -33 -34 58 -36 47 37 -39 48 40 41 -43 44 -45 -46 -47 -48 -49 50 51 56 60 53 54 55 -57 -58 -59 -60 -61 -62 -63
leaf_value=-0.099954811223890258 -0.098793853734299775 0.054306781374153436 -0.097552447500911355 0.0063019663287733063 -0.099369377037714091 -0.098632766991419513 -0.0060318426225583095 -0.0015866831891420978 -0.097178750382507131 -0.076762916926377461 0.016478859046624238 0.01503522805269597 -0.011671035084731638 0.069256602323675087 -0.0030215486770487285 0.0054870985283378276 0.0088730123760895722 -0.069624686139546227 -0.027837429314034785 -0.098875438672237942 -0.093764746514458111 0.0080420709697412648 0.0057526129435263194 -0.09738890360749744 -0.088739968380371195 -0.021173795685250362 -0.095577683656842577 0.02854478613902451 0.045828538927200735 -0.032097839040249682 -0.00068942635276024228 0.0028315134072272523 -0.065174336669917732 -0.074340568832922935 -0.090213296444625973 -0.0791557187655728 0.026107855294671047 -0.092275853750086706 -0.057750427623568169 -0.064573986681165749 -0.08662524021498505 -0.020175564252452149 0.022587950577837669 0.046100460521173448 -0.066484650284022465 -0.00032863108124487944 0.00014200646321317463 0.0025844191363033051 0.00063276151153017252 -0.086733103184828755 0.052916543245580219 0.00042691080423426216 -0.069006576248240692 0.015684270320577294 0.0073251804447651316 -0.096661128539632366 -0.071678067260909431 -0.098931442914515097 0.01060430107790547 -0.087996605565442393 0.027044968397752406 0.013823299484568114
leaf_weight=2322.5858334600925 86.054118547588587 5.7164507657289496 759.32616128772497 35343.434695005417 165.50202463194728 75.797443699091673 9342.8795384094119 22689.119359433651 36.217550460249186 31.588182128965855 99.571594648063183 5869.309191942215 96.745751719921827 17.718729227781299 26320.182256922126 30681.547668844461 6262.6487320959568 76.363068986684084 186.7876740321517 92.369741078466177 57.224611919373274 341.69862566888332 448.10897392779589 39.212992634624243 127.916637994349 261.71800589561462 22.743213251233101 12.749312087893484 49.708287946879864 154.4577271938324 21346.098966300488 54327.190105736256 52.158381287008524 163.05733190476894 136.29082047194242 46.805181071162224 61.429947137832642 40.484770953655243 57.025864809751511 90.996118873357773 127.22091302275658 269.90683234483004 159.4308118596673 27.577134482562542 27.290704652667046 39193.631787598133 36332.000627249479 42.69756655395031 85.903181038796902 55.869888834655285 10.235032945871351 1183.1403243914247 49.438797954469919 256.72824912518263 34.979514516890049 30.447751507163048 90.499963015317917 776.9632262326777 22.967420876026154 7.747525591403245 238.63310874998569 193.92728301137686
leaf_count=40936 1462 16 12806 8454 2347 1234 11423 9839 528 233 277 662 445 8 18061 11857 2320 706 988 1192 608 526 441 548 1778 1155 383 45 72 112 9894 21698 465 1280 1299 270 153 271 306 537 1053 1199 341 29 160 16702 23627 55 247 403 21 2378 383 406 86 138 708 13304 62 109 169 291
internal_value=-0.000106559 -0.0546846 -0.0391264 0.00161239 -0.0314407 -0.0525408 0.000623542 0.000658566 -0.0241305 -0.0211055 -0.0343686 0.00754617 -0.01335 -0.0834438 -0.00201639 0.00177015 0.00227138 -0.00921833 -0.0270376 -0.00725186 -0.0268247 -0.0130143 -0.0190451 -0.0163666 -0.0292246 -0.0136823 0.000655351 -0.0511256 -0.0185048 0.00145781 0.00237611 0.00183826 -0.0070658 -0.0461033 -0.0798985 -0.0020942 -0.022095 -0.0268909 -0.00560684 -0.0233028 -0.027662 -0.0416396 -0.00938714 -0.0386218 0.00925789 -0.000454278 -0.00118695 -0.0405084 -0.00449434 -0.00183859 -0.0314383 -8.14262e-05 -0.0166806 -0.00593017 0.00391781 -0.0417181 -0.058574 -0.097738 -0.0638255 0.0197097 0.00491392 -0.00627007
internal_weight=297616 9086.43 6763.84 288529 5981.16 1964.97 247317 247231 1205.64 4016.2 1480.41 41212.7 2535.78 190.968 72575.9 174655 151966 2253.01 1289.44 9923.68 580.796 488.426 1129.84 1093.63 622.775 494.858 470.852 335.828 953.617 121284 81935.9 75673.3 2176.65 282.771 149.04 431.201 903.909 804.337 2124.49 763.852 702.423 397.128 305.295 118.573 186.722 39348.1 62652.2 89.5027 2092.9 1906.26 186.638 1849.24 427.464 371.594 322.156 65.4273 100.735 782.68 186.025 25.4663 1421.77 455.645
internal_count=229506 90744 49808 138762 36488 19164 129646 128184 6358 17324 8888 9116 8436 2464 55762 72422 62583 6649 6424 14074 2651 1459 5124 4596 3772 1994 824 2332 4092 50726 33912 31592 5943 1787 1344 851 4020 3743 5478 3472 3319 2252 1067 566 501 16814 41688 325 5245 4269 976 3963 1416 1013 630 224 729 13320 1342 117 2547 1446
is_linear=0
shrinkage=0.05


Tree=57
num_leaves=63
num_cat=0
split_feature=24 37 28 0 24 28 24 23 0 24 25 2 47 44 51 57 0 23 24 44 28 42 23 28 59 42 50 28 23 36 57 43 23 36 28 23 27 23 41 12 47 46 48 60 28 28 49 0 49 59 59 43 41 23 36 0 59 24 2 0 60 16
split_gain=12159.8 2308.27 674.735 1010.09 627.179 334.554 322.095 278.425 230.101 194.131 183.533 380.427 182.976 142.389 113.196 217.697 132.937 111.812 110.063 96.3873 92.721 202.508 201.848 219.284 189.636 113.906 96.8526 92.3863 92.364 87.9368 82.0566 80.4174 78.0579 74.4809 72.7992 71.9038 70.9068 63.7409 61.1496 61.053 61.0459 60.933 66.8086 60.6784 58.278 130.336 57.9198 57.676 56.8221 56.1778 107.242 100.128 85.7725 81.7508 74.9762 55.9807 55.8447 53.9853 50.154 60.6878 49.9105 49.517
threshold=0.00044644531534855007 1.0000000180025095e-35 0.65823805133587832 38.500000000000007 0.056787466174977951 3.7576100329208719 0.0046906644566655506 7.1150422443429768 32.500000000000007 0.028896411694386503 1.205289373814042 -0.66312265824079508 2.4500000000000006 12.250000000000002 2.5000000000000004 -3.0666158138767252 48.500000000000007 3.9647854184072786 0.021287145683084655 4.9500000000000002 2.5652864733235989 15.700000000000001 3.7124692240326786 1.4437308574321379 -2.2428571428571424 5.6500000000000012 93.424408333333346 2.2238038754588501 3.7124692240326786 2.5000000000000004 -4.5195927650817707 1.6000000000000003 2.3459958708675344 9.5000000000000018 6.5695326117996578 4.4479007617924431 4.3703868225012519 2.6662197764528348 3.2142857142857149 96.500000000000014 1.0000000180025095e-35 7.5500000000000007 20.850000000000005 19.500000000000004 0.26235602733659741 0.21950128520404733 64.250000000000014 49.500000000000007 37.250000000000007 0.4071428571428572 -2.2428571428571424 -1.0000000180025095e-35 1.1642857142857144 8.0781816363128947 11.500000000000002 49.500000000000007 0.84285714285714308 0.015369784714559602 0.40966402954315223 12.500000000000002 7.4500000000000011 1.0000000180025095e-35
decision_type=2 2 2 2 2 2 2 2 2 2 2 2 2 2 2 2 2 2 2 2 2 2 2 2 2 2 2 2 2 2 2 2 2 2 2 2 2 2 2 2 2 2 2 2 2 2 2 2 2 2 2 2 2 2 2 2 2 2 2 2 2 2
left_child=-1 2 3 -2 5 9 8 28 -4 29 11 13 14 -8 15 30 -17 60 56 -13 21 22 23 24 32 46 40 -27 -6 38 -5 -24 -12 -26 47 55 49 -11 -3 -9 -23 42 48 57 45 -32 -25 61 -38 50 52 -51 -22 -53 -55 58 -7 -16 -31 -60 -10 -20
right_child=1 4 6 12 7 18 10 39 17 37 20 19 -14 -15 43 16 -18 -19 34 -21 36 26 31 25 33 27 -28 -29 -30 35 44 -33 -34 -35 -36 -37 41 -39 -40 -41 -42 -43 -44 -45 -46 -47 -48 -49 -50 51 -52 53 -54 54 -56 -57 -58 -59 59 -61 -62 -63
leaf_value=-0.099758638560782265 -0.099852132000681604 -0.009409246747742215 -0.073056312495639694 -0.096003712885261286 0.0019719112463861305 -0.006445066661387837 -0.096650875012402993 0.010092771330255469 -0.08082628882005935 -0.0035530005201203814 0.029077717273481286 0.060733336104442814 -0.098612778194922979 0.017888643768209599 -0.092512752931164718 -0.099287336742302501 -0.0048877952199615172 -0.0043783722957569608 0.015561234631104452 -0.096141578570672556 -0.051072312417372229 0.016285593583477111 -0.099207767288176249 0.023589229072533288 -0.099346918819844615 -0.057453013084264197 -0.088885791950681414 -0.0022824666908804968 0.0054168891038557793 -0.0063197977213307298 0.0064146438066595536 0.0054559326437370013 -0.093593537895017564 0.040437611126172696 0.0052193485840793599 -0.048341807927923336 -0.09036540007763938 0.00040999480349987818 -0.0035644903067235376 0.020236116919313599 -0.039041464005712789 -0.0017813642602460787 -0.051949892817923241 -0.093634741531876134 0.010612550302194206 -0.09776528167851814 -0.064839250061715661 -0.0050801540181237012 0.037405112728302999 0.016059525581107969 -0.048786977927831349 -0.0029271194817515936 0.028936562709464805 -0.097726808717509536 0.0015171894376388546 -0.050164183423698161 -4.5171141854114987e-05 0.0071602828032235393 -0.03631475811581563 -0.0068755377047260971 -0.033317946855587567 0.0020021090201479963
leaf_weight=3028.8531848080456 709.09278872981668 5722.2537409067154 400.6874013915658 25.274388447403908 36750.685300506651 3989.0694381520152 30.351472515612841 13407.030434861779 80.577099267393351 13715.028516337276 61.080325663089752 9.5768432617187482 74.690851755440235 200.604825258255 13.023846019059418 146.33466172963381 50.22948981821537 327.66125102713704 680.09374576807022 212.08767824247479 43.825013600289822 469.50433273985982 131.53681454062462 260.71472681313753 159.77633713930845 135.04731408506632 24.746972899883986 172.22540199756622 41364.407879300416 1734.9999990239739 82.621021669358015 21.080925039947033 15.38970125466585 9.5570176839828473 21025.710615426302 146.2480928003788 9.8982210829853994 38979.917230635881 20562.900078654289 1669.9701242446899 54.767405431717634 226.16751590371132 186.27477829158306 15.495795186609028 230.29519945383072 45.98578742146492 18.946342132985592 2884.6011902987957 42.200808264315128 915.0056819319725 149.04048428684473 671.88026534765959 131.52735324203968 45.190569534897804 32.147324442863464 93.453254148364067 23401.458823792636 430.69188590720296 363.82108034938574 338.6085549890995 182.97835852578282 60218.404452472925
leaf_count=55680 12744 4386 4388 347 16191 2640 319 2333 648 9415 123 2 1310 128 88 2224 47 1104 454 2772 176 861 858 311 1830 759 192 375 12469 2430 201 65 130 10 6449 328 78 19854 14351 161 249 507 809 238 329 196 98 1416 58 1476 652 1356 204 235 20 201 13878 762 690 438 783 25680
internal_value=-0.000103706 0.000922218 -0.0269274 -0.0532368 0.00162629 5.79888e-06 -0.0180853 0.00499711 -0.0438342 -0.00242895 -0.0123234 -0.0424648 -0.0235146 0.00246292 -0.0180266 -0.0326758 -0.0753369 -0.023931 0.00177782 -0.0890991 -0.00889102 -0.018528 -0.0320768 -0.0223223 -0.0618693 -0.00567473 0.00579373 -0.026654 0.00379625 -0.00571732 -0.0106964 -0.0847767 0.00343596 -0.0912372 0.0026678 -0.0143499 -0.00285624 -0.000621416 -0.00483739 0.0112179 0.0104331 -0.0204224 -0.0380066 0.000519483 -0.00442495 -0.0312652 0.0173709 0.00182656 0.0117913 0.0012529 -0.0177461 0.00496765 0.00873574 -0.00857533 -0.0569171 -0.0123654 -0.000977615 0.00402201 -0.0108941 -0.0221605 -0.0481122 0.00215387
internal_weight=297333 294304 7255.79 1823.74 287049 193857 5432.06 93192.1 991.904 81657.2 4440.15 452.621 1114.64 230.956 1039.95 580.741 196.564 591.217 112199 221.665 3987.53 1534.37 985.355 832.737 245.803 586.934 549.019 307.273 78115.1 28962.3 384.176 152.618 76.47 169.333 84808.8 2677.13 2453.16 52694.9 26285.2 15077 524.272 464.541 238.374 459.212 358.902 128.607 279.661 63783.1 52.099 1988.62 324.393 1664.22 175.352 749.218 77.3379 2530.88 27390.5 443.716 2437.43 702.43 263.555 60898.5
internal_count=229506 173826 40062 18486 133764 102610 21576 31154 6923 52093 14653 3221 5742 447 4432 3344 2271 2535 50517 2774 11432 5861 4559 3636 2093 1543 1302 1134 28660 22824 1073 923 253 1840 33999 4087 5571 29269 18737 2494 1110 1452 945 1088 726 397 409 27550 136 4119 1032 3087 380 1611 255 3759 16518 850 3558 1128 1431 26134
is_linear=0
shrinkage=0.05


Tree=58
num_leaves=63
num_cat=0
split_feature=37 22 27 22 19 38 11 22 29 0 44 38 46 36 22 42 23 22 59 42 19 42 0 20 36 22 47 22 0 23 22 39 59 59 45 27 46 20 16 57 48 23 0 57 60 41 44 51 0 41 60 41 27 27 59 43 26 59 41 44 19 60
split_gain=9061.19 3083.81 1369.44 569.601 1385.5 543.07 251.027 151.818 150.756 388.57 148.124 143.206 125.133 115.132 97.2729 155.572 189.289 177.043 143.613 127.22 109.303 96.9321 90.5422 95.5315 117.386 92.2855 91.1808 85.2293 82.4439 83.9849 79.4857 78.9525 74.094 72.5729 79.7919 72.1218 77.3078 70.7867 86.3446 71.8309 69.6148 69.9126 67.0837 64.6277 61.2465 59.839 59.0889 58.1541 58.1504 70.3736 86.7828 57.5697 57.3859 56.7804 55.7866 91.3364 96.3994 72.4213 85.5423 64.3834 63.1727 55.6509
threshold=1.0000000180025095e-35 0.14789731682146542 0.75802418621567569 0.6243872549019609 1.0000000180025095e-35 11.583333333333334 2.5000000000000004 0.14789731682146542 0.66669747656443723 32.500000000000007 17.100000000000005 54.625000000000007 6.4500000000000011 2.5000000000000004 2.5512371615312794 15.700000000000001 3.7124692240326786 1.5076208621100264 -2.2428571428571424 5.6500000000000012 1.0000000180025095e-35 17.400000000000002 5.5000000000000009 0.65805479242979248 6.5000000000000009 0.6243872549019609 0.73500000000000021 2.2134823687539535 49.500000000000007 3.5227190751902699 1.1080571117335825 1.4142135623730965 9.828571428571431 17.335714285714293 2.4500000000000006 4.7937467294610165 7.5500000000000007 0.053146210407239804 1.0000000180025095e-35 -4.1651465756886523 20.850000000000005 3.9647854184072786 4.5000000000000009 -4.3705482749076365 0.25000000000000006 -5.1785714285714279 19.100000000000005 4.5000000000000009 3.5000000000000004 3.2142857142857149 9.6000000000000032 4.5857142857142863 3.9150706436420726 1.2325939832197657 -0.028571428571428498 -0.49999999999999994 36.500000000000007 -2.2428571428571424 1.1642857142857144 7.7000000000000002 1.0000000180025095e-35 8.1500000000000021
decision_type=2 2 2 2 8 2 2 2 2 2 2 2 2 2 2 2 2 2 2 2 8 2 2 2 2 2 2 2 2 2 2 2 2 2 2 2 2 2 2 2 2 2 2 2 2 2 2 2 2 2 2 2 2 2 2 2 2 2 2 2 10 2
left_child=1 -1 45 4 21 6 7 -2 9 -5 13 42 -11 48 15 16 17 18 30 47 51 -4 -15 24 26 -26 37 -21 29 -8 -10 52 -18 34 -17 54 -37 39 -39 -24 -41 -42 -7 -28 -12 -3 -44 -19 -9 -50 61 -20 -31 -27 57 56 -56 58 -16 -58 -61 -51
right_child=5 2 3 8 -6 11 28 10 14 12 44 -13 -14 22 35 33 32 19 20 27 -22 -23 23 -25 25 53 43 -29 -30 31 -32 -33 -34 -35 -36 36 -38 38 -40 40 41 -43 46 -45 -46 -47 -48 -49 49 50 -52 -53 -54 -55 55 -57 59 -59 -60 60 -62 -63
leaf_value=-0.098877061806368446 -0.097493702751765929 0.055094746506122186 -0.0056170763974717347 -0.099453958616389296 -0.099864223055144974 0.013740877075231327 0.00019382014682500285 0.004828410629093483 -0.094136420185536307 -0.078337562696146765 0.019564359084817132 0.013442141149602269 0.0019732874753531993 0.0069043694928833041 -0.057127943585023377 -0.060150021972886936 -0.099241501318558203 0.017230467873211183 0.03658993688756209 -0.061970513127928464 -0.096671214715750631 -0.096540290395293105 -0.095733892411851138 -0.00023913638265895791 -0.096232896247412741 -0.078745737885208875 -0.018735158944743861 -0.01164574108616627 -0.0034851276784667999 0.0015049000990892917 0.025221957533889856 0.01408406977737948 -0.0014235670337565359 -0.061221308811836496 0.0057149957194711186 -0.050108420847151204 -0.0050332396016984334 -0.052640881200946947 -0.016725822955088503 0.015282046446735947 -0.028899284695408062 0.0029479311791603506 0.0043634759166535017 -0.066368299095858216 0.0035814146314169615 -0.098790806138817688 0.012809854822215706 -0.083407616981977337 -0.0061583916160456243 -0.00055036541819140613 -0.0043960094282859746 -0.091747023648540982 0.003927260366830141 -0.00303881205192912 -0.078019962643068874 -0.011906769676870738 -0.092842543603700811 -0.045286128536476747 0.017248373454113917 0.014495548194788863 -0.08125774739821387 0.0066584780316813023
leaf_weight=2221.4715135470033 40.894472043961287 5.7394980043172827 874.40547475591302 191.29311761260033 772.32716619968414 2201.462071120739 60939.060163080692 2696.6436578035355 16.907149441540241 56.927417017519474 686.45717853307724 6012.1633704900742 297.17912993952632 682.96275897324085 51.416313588619232 49.122874978929758 137.43135468661785 280.69298856705427 26.889112740755081 142.85350073128939 175.74927150085568 29.349368009716272 23.612600088119507 1169.68182939291 26.872871812433004 24.216229982674122 111.94374140352011 204.8330285102129 8092.7115377187729 69642.76398563385 62.079177483916283 1453.5681136846542 22.66163694113493 51.11276787891984 555.51599636301398 206.09531041234732 176.88565219193697 296.81830541789532 386.58261305093765 222.04706051200628 446.68443711102009 279.46176274120808 40849.030496284366 201.48894047737122 4698.7575547248125 718.32291952520609 2181.3065241277218 14.128325644880531 11210.981762319803 15098.804411113262 15033.968872785568 11.722682766616343 37686.868920266628 1423.3544808924198 30.330350488424301 1295.9845778793097 13.670016020536421 193.35499311983585 146.24882190674543 924.4016412422061 16.555733904242516 3252.9717087447643
leaf_count=42750 750 16 2247 2930 14627 536 28959 1512 203 612 315 690 568 687 260 347 982 450 38 885 2120 401 74 1238 368 248 180 684 3842 29879 93 595 81 343 1448 1003 504 652 493 251 743 370 10511 454 2971 13528 482 111 8422 10328 11053 66 14046 1986 233 3990 125 992 324 1748 65 2097
internal_value=-0.000100971 -0.0469496 -0.0320578 -0.0253031 -0.0507339 0.00152681 0.000513042 -0.00234281 -0.0173301 -0.0422288 -0.00227392 0.00619206 -0.0111079 -0.00308276 -0.0144957 -0.0238886 -0.0354071 -0.0267469 -0.0588696 -0.0120043 -0.0800208 -0.00867877 -0.0100737 -0.0125895 -0.0167824 -0.00610413 -0.0247703 -0.0324554 0.00144485 0.00167997 -0.00112187 0.00251243 -0.0855209 -0.00460572 0.000265165 -0.00910207 -0.0293701 -0.0200601 -0.0323861 -0.0113626 -0.00915763 -0.0166486 0.005228 -0.0494855 0.00562295 -0.0974898 0.00479205 0.0121252 -0.00229964 -0.00273087 -0.0015796 -0.00357993 0.00235554 -0.00436224 -0.00618521 -0.0031866 0.00828258 -0.0236116 -0.00226327 0.0111086 0.012721 0.00072747
internal_weight=297048 9973.66 7752.19 7028.12 1676.08 287074 235830 58015.2 5352.04 545.4 57974.3 51244 354.107 52589.1 4806.64 1751.7 1095.95 935.855 293.347 642.508 214.361 903.755 5295.73 4612.76 3443.08 1474.44 1968.64 347.687 177815 169722 78.9863 108783 160.093 655.752 604.639 3054.94 382.981 1655.21 683.401 971.806 948.193 726.146 45231.8 313.433 5385.21 724.062 43030.3 294.821 47293.4 44596.7 33385.7 38.6118 107330 1447.57 2671.96 2280.94 984.958 391.02 197.665 954.627 940.957 18351.8
internal_count=229506 94774 52024 38480 17275 134732 122513 45192 21205 4110 44442 12219 1180 41156 17095 7851 5713 4650 2520 2130 2224 2648 7744 7057 5819 2602 3217 1569 77321 73479 296 44520 1063 2138 1795 9244 1507 2583 1145 1438 1364 1113 11529 634 3286 13544 10993 561 33412 31900 23478 104 43925 2234 7737 6161 2171 1576 584 1938 1813 12425
is_linear=0
shrinkage=0.05


Tree=59
num_leaves=63
num_cat=0
split_feature=24 14 24 22 0 22 22 24 0 47 23 25 0 24 23 39 22 48 0 43 60 22 23 3 23 22 23 23 24 3 48 24 41 24 2 22 49 51 22 60 50 0 60 41 41 0 14 24 48 20 39 22 7 3 41 22 23 49 3 15 22 24
split_gain=11012.4 2012.83 565.679 462.154 956.472 328.279 280.734 221.924 224.775 191.675 151.213 138.453 245.929 104.761 100.422 97.393 86.1723 82.9222 82.0272 74.7045 74.3268 162.929 146.012 111.068 106.704 189.601 89.3571 116.026 84.9161 84.7024 77.0092 107.304 74.0178 73.4501 67.8287 71.8238 66.9432 146.481 112.026 108.456 65.7297 65.2934 84.8611 101.413 65.0496 64.7375 63.799 62.992 61.5372 59.049 68.088 57.1865 64.1042 56.8948 56.4479 59.5373 66.9009 56.1205 55.8736 54.4462 51.2666 59.199
threshold=0.00044644531534855007 1.0000000180025095e-35 0.03668949995593946 0.90455840455840464 36.500000000000007 9.2639943074003828 3.5389689966895852 0.0046906644566655506 32.500000000000007 2.4500000000000006 2.6809346778244545 0.77113572701807998 32.500000000000007 0.0034206338447311502 3.7361322743346639 1.999999999999998 6.3303279645191415 16.700000000000006 49.500000000000007 1.6000000000000003 8.1500000000000021 3.0737999213063159 3.7812116240345515 -0.51639395938746235 2.0697051859511464 2.1347916666666671 3.6154505583779444 2.6901798460087174 0.035630622123750559 0.61559370248597578 30.050000000000004 0.0312462985210618 3.3642857142857148 0.045620653487704055 -0.61559370248597534 2.8454529539088367 49.150000000000006 2.5000000000000004 0.38102532679738566 19.500000000000004 7.1140625000000002 5.5000000000000009 14.250000000000002 4.6428571428571432 9.5000000000000018 17.500000000000004 89.291666666666686 0.010694915591794701 29.550000000000004 0.015767045454545454 1.2273062334939318 0.73190045248868796 1.5000000000000002 -0.95297903005573337 5.2000000000000011 0.17993867587520837 1.2517618977093428 64.600000000000009 -0.98182534576205283 4.0824829046386446 1.726914697502933 0.0093243864004261528
decision_type=2 8 2 2 2 2 2 2 2 2 2 2 2 2 2 2 2 2 2 2 2 2 2 2 2 2 2 2 2 2 2 2 2 2 2 2 2 2 2 2 2 2 2 2 2 2 8 2 2 2 2 2 2 2 2 2 2 2 2 2 2 2
left_child=-1 3 6 4 51 10 13 8 -5 17 -4 12 -9 -3 -10 18 47 -6 41 33 21 22 23 26 29 40 27 -13 -23 -25 58 60 -15 -14 -27 -36 54 38 -38 -39 -26 -12 43 -43 -40 -45 -7 -8 -16 50 -49 -2 -53 -47 -19 -56 -57 -17 -22 -51 -32 -62
right_child=1 2 5 7 9 46 16 11 14 -11 15 20 19 32 48 57 -18 36 -20 -21 30 28 -24 24 25 34 -28 -29 -30 -31 31 -33 -34 -35 35 -37 37 39 44 -41 -42 42 -44 45 -46 53 -48 49 -50 59 -52 52 -54 -55 55 56 -58 -59 -60 -61 61 -63
leaf_value=-0.099721887575448642 -0.099836461651360869 -0.036866744642566396 -0.00092129779317559927 -0.071416937034723779 -0.096664347672001161 0.008356144922542514 -0.0062474566573989636 -0.099143615135710073 -0.048555757386597474 -0.098624169414744112 0.0077804670543819322 0.018867006157513324 -0.097185594765701835 -0.0090249899059271152 0.0031032888653536594 0.023583712743677179 0.0026418561523723614 0.0068168573541244424 -0.0029054047208192033 0.0092408884566432172 -0.092879849919684773 0.0073469941187061308 -0.088269731049304911 0.030976408110235013 0.045410238020701536 -0.095306413644955928 0.055464663138739018 -0.079671979863806128 -0.070954053196627967 -0.086759138815935763 -0.093591566461107903 -0.09766178258324551 -0.0034937594224189444 0.038221802886562947 0.012648822808428911 -0.083817239904578122 -0.098962353848743634 -0.00079854052790875776 -0.076277683662797885 -0.096767247258446432 -0.096570515731464829 0.0011251878250251764 0.00067327837853102925 0.0084048615802471815 0.039315114603600265 0.0095576484344431084 0.016698676016632004 0.001574210648318717 -0.08942604693874423 -0.00074857333863719445 0.013719050619039537 -0.091977536112903713 0.070945357359627939 0.0036198884903377916 -0.096119821006802914 0.0026969082298736544 -0.095022223927689581 -0.017663333331015517 0.0050266088783008627 -0.010613240285022647 -0.062590077361513882 0.016380233735591915
leaf_weight=2747.2477055452764 641.05124286562204 255.29630655050278 26282.856575157493 357.49580631032586 30.47810073569417 15991.785505697131 4776.7299495860934 121.60842569544911 186.79846217855811 75.31753583997488 7982.3521670103073 82.57398422062397 36.308060232549906 7873.2338163405657 299.80575032532215 826.50512254238129 27513.239023409784 421.4271481782198 5366.7888892740011 146.31285482645035 13.746880166232584 544.29484189674258 102.30379846692085 78.171568915247917 7.9862902462482444 21.370953053236008 63.892691746354103 45.51710257679224 35.96976076066494 17.927165322005749 15.384659271687267 43.906003713607788 26124.764502458274 13.006184674799441 126.99514970928431 21.718614846467972 100.19056469574571 315.92060358077288 19.156255394220352 31.480059068650007 156.68457869812846 23295.120354562998 27110.676504984498 11432.240592390299 29.710427895188332 4470.7998282909393 2677.6778945922852 9453.1486976668239 18.107949875295162 42596.926186084747 1313.8699898123741 12.088248383253813 10.223113998770714 41411.04658844322 26.060607302933931 102.43674499541521 20.093757227063179 90.727888643741608 1211.5106840729713 1445.3781721591949 29.018099870532751 112.3131358474493
leaf_count=55680 12716 577 15663 4151 498 3051 4333 1890 1086 1442 2896 190 488 6605 835 368 11173 448 2277 103 113 1581 773 136 15 175 48 267 201 188 153 372 19574 21 393 147 1488 928 282 492 1567 9262 10354 3867 19 1444 309 5593 214 22667 749 169 15 15305 397 221 176 63 2130 696 204 268
internal_value=-9.82117e-05 0.00083291 0.00141703 -0.0284661 -0.0491602 0.00330539 -0.00118066 -0.0187412 -0.0411276 -0.0219699 0.00251852 -0.0123966 -0.0436155 -0.00501545 -0.0195644 0.0032597 0.000327417 -0.0166172 0.00313659 -0.00874326 -0.00875414 -0.0173699 -0.033155 -0.0239672 -0.0380373 -0.0513377 0.00761687 -0.016456 0.00237091 0.0082941 -0.000856188 -0.0294948 -0.00477505 -0.0613239 -0.0141294 -0.00187173 -0.0142365 -0.027641 -0.0689347 -0.00976198 -0.0894219 0.00341691 0.00309344 0.00390731 -0.00651915 0.00503797 0.00955378 -0.000741193 -0.00241527 -0.000261116 0.00305781 -0.0970972 -0.0172704 0.00419878 -0.00252505 -0.028922 -0.0139271 0.0194835 0.00384921 -0.00107266 -0.00986714 -0.000124636
internal_weight=296785 294038 288291 5746.36 1835.63 166939 121353 3910.73 862.208 1172.27 148269 3048.52 317.236 34253.3 504.712 121986 87099.3 1096.95 121069 195.627 2731.29 1305.41 725.142 622.838 430.854 334.756 191.984 128.091 580.265 96.0987 1425.88 200.622 33998 49.3142 170.085 148.714 1066.48 496.458 149.057 347.401 164.671 115702 107720 80609.2 48.8667 57314.1 18669.5 59586.1 317.914 54809.3 10767 663.363 22.3114 45881.8 570.018 148.591 122.531 917.233 1225.26 44042.3 156.716 141.331
internal_count=229506 173826 136826 37000 19291 64859 71967 17709 6286 6391 61499 11423 2502 26756 2135 45836 45211 4949 45405 612 8921 5681 3899 3126 2621 2297 505 457 1782 324 3240 997 26179 509 715 540 4451 3209 1789 1420 1582 43128 40232 29878 301 20616 3360 34038 1049 29705 6342 12900 184 16749 1242 794 397 431 2243 23363 625 472
is_linear=0
shrinkage=0.05


Tree=60
num_leaves=63
num_cat=0
split_feature=24 13 22 24 1 22 24 35 47 22 2 23 24 3 26 2 23 26 20 23 35 26 44 59 39 57 42 22 42 41 24 32 22 41 44 59 22 57 3 23 20 23 41 22 42 50 3 24 42 22 44 49 22 26 24 24 39 59 15 50 45 49
split_gain=10468.5 1685.08 743.664 491.107 379.583 591.167 339.575 255.439 252.354 245.633 237.773 229.102 152.027 128.348 122.168 109.639 107.196 103.111 98.467 97.3734 96.0019 105.434 85.3117 81.2038 81.113 79.4956 85.0097 232.042 99.9306 77.9112 77.0862 95.8253 69.8391 68.7169 67.867 67.7744 63.31 104.932 103.349 278.087 82.5287 62.9999 149.045 61.4292 59.585 58.9715 75.1098 58.2357 58.1984 97.453 56.2608 53.726 87.2636 56.2538 53.3984 52.6722 52.5105 52.0679 50.673 49.9374 47.9998 47.4295
threshold=0.00044644531534855007 1.0000000180025095e-35 1.5076208621100264 0.050799660063701207 8.5000000000000018 0.73190045248868796 0.0077482089513054514 3.5000000000000004 2.4500000000000006 4.9903393665158378 -0.35460488704253573 9.9861502359538061 0.018077001837694555 0.61559370248597578 36.500000000000007 0.91023613416931248 2.6662197764528348 83.000000000000014 0.038952272035669804 3.8803053250545592 3.5000000000000004 89.500000000000014 14.950000000000001 1.8357142857142861 0.91624569458170257 -4.5195927650817707 9.0500000000000025 0.17993867587520837 12.450000000000001 3.7500000000000004 0.044497025392945005 1.0000000180025095e-35 2.2708333333333339 -5.1785714285714279 12.050000000000002 0.47142857142857147 2.5678104575163401 -3.1599764131075729 -0.51639395938746235 3.7124692240326786 0.2477418414918415 4.888668234007044 6.7214285714285724 2.6601540616246502 22.150000000000002 17.405047222222226 0.78574730703237883 0.0058710403221239509 5.6500000000000012 1.8064503579209463 16.750000000000004 63.20000000000001 2.8118333872010348 78.500000000000014 0.0034206338447311502 0.025993329492000405 1.2765694770084526 0.3714285714285715 3.8622100754188247 91.066222222222237 58.750000000000007 54.20000000000001
decision_type=2 2 2 2 2 2 2 2 2 2 2 2 2 2 2 2 2 2 2 2 2 2 2 2 2 2 2 2 2 2 2 2 2 2 2 2 2 2 2 2 2 2 2 2 2 2 2 2 2 2 2 2 2 2 2 2 2 2 2 2 2 2
left_child=-1 2 4 9 5 -2 10 -6 25 12 20 19 35 15 33 30 -14 34 24 56 21 -4 58 -16 -18 -9 55 -28 29 -29 31 47 -22 -12 -8 -3 38 -38 59 48 41 -39 45 -25 -30 46 -43 -7 -40 -50 54 52 -45 -53 -37 -27 -5 -24 60 -19 -20 -34
right_child=1 3 6 11 7 13 17 8 -10 -11 14 -13 16 -15 23 -17 18 36 22 -21 32 -23 57 43 -26 26 27 28 44 -31 -32 -33 61 -35 -36 50 37 40 39 -41 -42 42 -44 51 -46 -47 -48 -49 49 -51 -52 53 -54 -55 -56 -57 -58 -59 -60 -61 -62 -63
leaf_value=-0.099694820918753174 -0.099822817516776186 -0.01419979022556242 -0.085559172343698212 0.0013709417849127857 -0.099086826130481157 -0.085564836689821275 -0.026925902385297264 -0.096409743419395941 -0.098915249185776974 0.0023020892371747024 0.078645637874023983 0.010091242244858993 -0.004789002892119182 -0.093682703825832714 -0.071142122114993184 -0.088790586064907528 0.0018621429244053908 0.028938383547682002 -0.001720765850634131 0.0047953027747813298 -0.06309387565269757 0.031969705989780793 -0.0043302438067807612 -0.072851928274246219 0.0114460874754337 -0.038078703646761705 -0.098837534590171958 0.058091543769384225 -0.00013279295341236548 -0.0753017732635759 0.03738756553548412 -0.082426485216619078 0.0055934500125222183 -0.099289188619306468 -0.007289640669339373 -0.021092961970917048 -0.030716831043428247 0.017015251220057512 0.012585414824523015 -0.090144008388493554 -0.030954753715584139 -0.095306652897017508 -0.070978137094338187 0.027330201676806828 -0.087171073298559068 0.03538198593698743 0.0031434523439056584 0.0097272466821416766 -0.058770191089273442 -0.00024990796728679971 0.00476916071812302 -0.039364672452826821 -0.053857932335910234 0.029745476532476608 -0.0049970260293914198 0.0099419854159801674 0.011927809563800284 0.0038524913134474364 -0.0087452046010000895 -0.047889726930687819 0.010780503742615331 -0.019086977121773666
leaf_weight=2613.9551764912903 591.60937136411667 2102.5168327838182 83.558965235948563 47769.479056596756 113.98357925564051 16.836973246186972 672.81238290667534 28.245820637792349 95.796424232423306 62768.384180426598 4.8946170806884757 13780.404460310936 14154.983844608068 52.037077598273754 169.50723251327872 38.343737836927176 11917.12087610364 187.50282408297062 46363.844212412834 48317.906389176846 55.217317786067724 23.993729799985886 2323.8834344446659 66.917184438556433 2709.4570092558861 65.234267383813858 89.325268272310495 11.733067154884337 480.33835655078292 85.914591886103153 94.020378895103931 43.077367026358843 436.76601138338447 146.71851274743676 1274.5877558737993 533.72257548570633 179.03958935290575 1354.3924424424767 253.23093262314796 115.16855795681477 118.16217748820782 21.372093454003334 70.815023593604565 41.277585338801146 19.508064288645983 124.09609527885914 143.53686021268368 157.52278417348862 104.72464206814766 218.04271671175957 1440.4241285920143 44.806233070790768 154.5958785712719 81.3936527967453 14421.058965697885 412.73320432007313 1206.878581315279 11857.418964803219 2553.1575486063957 22.869068846106529 779.68613910675049 349.40565112233162
leaf_count=55680 12342 1874 723 21057 1888 174 2310 415 1730 25853 1 2162 10244 595 1304 486 5881 205 25267 14486 391 62 1273 587 1476 170 1496 8 1344 1035 129 319 1219 2536 3204 617 435 1707 344 771 208 74 262 117 309 133 162 356 579 396 962 324 1039 205 11161 319 610 5651 1183 59 362 1235
internal_value=-9.54935e-05 0.000790617 -0.0206131 0.00146028 -0.0444271 -0.0680707 -0.0118538 -0.027643 -0.0212488 -0.000198375 -0.0313789 0.00405749 -0.00161039 -0.0211792 -0.0532453 -0.0101429 -0.00078412 -0.00518287 -6.18932e-05 0.00320274 -0.0149717 -0.0592408 -0.000909318 -0.0422881 0.0036385 -0.0149306 -0.0128695 -0.0241259 -0.0128017 -0.0587965 -0.000191352 -0.0165602 -0.00924339 -0.0930344 -0.0140867 -0.00574885 0.000770718 0.0057068 -0.0102307 -0.0195697 0.00928326 0.0120762 -0.00649635 -0.0295515 -0.00370698 0.00947668 -0.010083 6.1431e-05 -0.00531821 -0.0193756 -0.004664 -0.0203419 -0.0366714 0.00505261 -0.00557318 0.00331174 0.00163143 0.00251103 -0.00188547 0.0203759 -0.00151368 -0.00537946
internal_weight=296530 293916 8915.67 285000 2396.26 993.448 6519.41 1402.81 1288.83 173926 1659.05 111075 111157 401.838 710.111 349.801 92659.6 4860.35 78504.6 97294.3 948.942 107.553 63878 558.498 14626.6 1193.03 1164.79 686.819 597.494 97.6477 311.458 217.437 841.389 151.613 1947.4 18497.7 2912.95 2011.41 901.539 691.167 1832.37 1714.21 359.82 388.991 499.846 289.005 164.909 174.36 575.998 322.767 16395.2 322.073 195.873 126.2 14954.8 477.967 48976.4 14181.3 49696.7 210.372 47143.5 786.172
internal_count=229506 173826 43707 130119 23115 14401 20592 8714 6826 91804 9743 38315 65951 2059 6113 1464 51337 10849 41093 36153 3630 785 33736 3576 7357 5096 4681 4192 2696 1043 978 849 2845 2537 5514 14614 5335 2981 2354 2090 2546 2338 631 2272 1653 369 236 530 1319 975 12740 1685 1156 529 11778 489 21667 6924 26812 264 25629 2454
is_linear=0
shrinkage=0.05


Tree=61
num_leaves=63
num_cat=0
split_feature=24 14 24 22 0 23 22 24 0 47 25 0 23 35 23 12 59 0 24 22 42 22 0 41 60 22 23 3 59 22 23 59 23 23 24 45 60 45 0 46 48 44 24 22 7 25 48 17 44 23 24 47 45 25 24 50 41 59 18 44 3 23
split_gain=9951.39 1699.34 480.555 416.439 923.864 291.95 223.528 192.564 208.541 179.441 125.554 240.158 114.294 101.962 91.4315 89.5515 89.1951 134.282 87.768 70.8235 69.8612 221.285 110.649 66.9871 66.3463 149.561 139.672 98.5521 118.169 185.78 97.5164 94.4797 80.2074 106.607 77.9238 75.5165 61.9423 73.1472 59.198 58.2284 57.7937 57.4441 56.7044 54.6255 59.1102 53.5429 52.6362 65.798 95.1735 50.5411 50.5212 48.8317 57.0516 50.6986 48.642 48.558 48.8783 48.2779 48.1257 51.6428 47.2853 46.3447
threshold=0.00044644531534855007 1.0000000180025095e-35 0.033241297389130356 0.90455840455840464 36.500000000000007 5.5770374434058443 3.5389689966895852 0.0046906644566655506 32.500000000000007 2.4500000000000006 0.77113572701807998 32.500000000000007 2.5909378338859352 3.5000000000000004 3.7361322743346639 75.500000000000014 1.0000000180025095e-35 17.500000000000004 0.0034206338447311502 6.3303279645191415 9.0500000000000025 0.17993867587520837 44.500000000000007 3.3642857142857148 8.1500000000000021 3.0737999213063159 3.7812116240345515 -0.51639395938746235 -0.62142857142857133 2.1347916666666671 2.5909378338859352 -0.14285714285714277 3.6154505583779444 2.6901798460087174 0.035630622123750559 0.55000000000000016 14.250000000000002 4.9500000000000011 4.5000000000000009 6.4500000000000011 29.550000000000004 14.950000000000001 0.017653604139147905 0.73190045248868796 1.5000000000000002 2.1545581427015255 29.550000000000004 1.0000000180025095e-35 8.8500000000000014 3.1992604458853671 0.015671098078801207 4.7950000000000008 8.8000000000000025 1.205289373814042 0.016420718667909655 100.26056944444446 -5.1785714285714279 10.414285714285716 -1.5000000000000011 6.4000000000000012 -0.98182534576205283 2.2715942837281107
decision_type=2 8 2 2 2 2 2 2 2 2 2 2 2 2 2 2 2 2 2 2 2 2 2 2 2 2 2 2 2 2 2 2 2 2 2 2 2 2 2 2 2 2 2 2 2 2 2 2 2 2 2 2 2 2 2 2 2 2 2 2 2 2
left_child=-1 3 6 4 43 12 18 8 55 13 11 -9 -4 -6 -10 38 -14 -18 -3 41 50 -22 -23 -20 25 26 27 32 30 -30 -29 35 33 54 51 -26 37 -19 -7 -13 -16 58 49 -2 -45 -37 47 48 -39 -31 -15 52 53 -27 -12 56 -5 -28 59 -8 61 -33
right_child=1 2 5 7 9 15 19 10 14 -11 24 39 16 20 40 -17 17 36 23 -21 21 22 -24 -25 31 34 57 28 29 42 -32 60 -34 -35 -36 45 -38 46 -40 -41 -42 -43 -44 44 -46 -47 -48 -49 -50 -51 -52 -53 -54 -55 -56 -57 -58 -59 -60 -61 -62 -63
leaf_value=-0.099665038126283967 -0.099819346766395978 -0.034403677373177288 -0.0013219885343624203 0.06939517964762959 -0.097151685206458976 0.014264710320983266 0.031350033386144983 -0.09908256764549403 -0.045991019436038491 -0.098483404550206724 -0.028130723212632765 -0.068280822279173703 -0.0010429361359549198 -0.075760061948220728 0.0036315488201959256 0.014692121900436393 0.0064691707016085332 -0.0002600364419004816 -0.0091942796779270319 0.0022190057456444412 -0.098759114212629104 -0.0039817109208659168 -0.088132180120785997 -0.0035224369567276419 0.026077903656938097 -0.092977418192540739 -0.098811060582892879 0.032373495128123868 -0.096639905686773803 -0.014435426006956973 -0.059424563824045762 0.038063063850187422 0.05311847673886036 -0.078138292648711111 -0.068785718493165379 -0.011683371162214531 2.0506469260784895e-06 0.031993647879023666 0.0054467378492828551 0.0047020412732109336 -0.088501866255436226 0.0024072005870246055 0.018806165684397413 -0.091379262992501833 0.069552547431781228 -0.091183817195034822 8.5140859773565156e-05 0.0049170814088474709 -0.079597424563848995 -0.096380703667973883 0.0055611641842370323 -0.062269339084271361 0.030523307514075962 0.0013940875066846099 0.049506864576818854 -0.010320366017637281 -0.077576549437305631 0.016334524493637842 -0.0014781763266241105 -0.011529251462153381 0.0050402302105350232 -0.095333938247464542
leaf_weight=2487.1960850767791 580.22402741014957 251.98158291354775 24528.210759308189 4.9984329268336287 35.863902907818556 2015.4890337586403 72.16533887386322 113.4498550593853 182.29436650872231 68.234020195901394 33.156407035887241 31.860127579420805 15998.319367870688 18.956674885004759 299.10092077031732 3176.5613331794739 21635.723462149501 13230.421362370253 6754.262440353632 24990.491927921772 83.616973672062159 454.80890243500471 41.765526618808508 22736.195638116449 30.200892467051744 13.951766014099119 87.314003631472588 89.485794715583324 134.79203994572163 55.335918340831995 41.521421387791634 8.4589609168469924 62.603311851620674 43.423803858458996 34.810887910425663 32.843367628753185 25622.300016894937 29.006838917732239 34300.734347678721 161.26044243201613 17.042704582214355 9835.1332005262375 65.913723826408386 11.179933097213507 9.7482432872056961 61.201239123940468 7104.1752828061581 34540.158856645226 52.322944298386574 28.011164151132107 441.96246136724949 23.063913334161043 211.22713310644031 293.42898259311914 48.424577064812183 32.697047665715218 300.98207581415772 9.7768162712454778 39599.761361293495 1742.1197507977486 1259.3582786805928 21.502916928380728
leaf_count=55680 12716 577 15191 4 774 482 28 1890 1086 1442 138 363 6923 81 835 328 8132 5427 5843 10361 1455 1396 692 17459 67 191 749 186 1500 254 271 17 48 267 201 167 10511 21 8844 249 214 5368 180 169 15 563 2831 13323 238 230 551 155 366 869 52 260 3887 24 23887 1052 2244 182
internal_value=-9.28074e-05 0.000750465 0.00127963 -0.0265767 -0.0468116 0.00283662 -0.00139753 -0.0173476 -0.038539 -0.0204229 -0.0114146 -0.0416839 0.00178387 -0.0153858 -0.0178939 0.00664136 0.00242836 0.00297173 -0.00507385 3.66441e-05 -0.0124739 -0.0240035 -0.0112323 -0.00482191 -0.00794863 -0.0162083 -0.0317276 -0.0226665 -0.036236 -0.0543018 0.00301138 -0.000481601 0.00736088 -0.0157549 0.00264326 -0.0419456 0.00203252 0.00297908 0.00593664 -0.00760229 -0.00158282 -0.00102746 -0.0156459 -0.0969569 -0.0164366 -0.0638874 0.00400625 0.00481067 -0.0398318 -0.0428509 0.00204899 0.0073612 0.0105814 -0.00316076 0.017934 -0.0687659 -0.0749411 -0.0871169 -0.00184329 -0.00980459 0.00353962 -0.0574983
internal_weight=296283 293795 288216 5579.85 1746.36 182233 105982 3833.49 837.116 1145.21 2996.38 306.57 142741 1076.97 498.438 39492.8 118212 102214 29742.4 76239.7 1041.11 580.191 496.574 29490.5 2689.81 1276.24 699.759 602.668 415.06 284.053 131.007 1413.57 187.608 125.005 576.483 124.245 80578.4 54956.1 36316.2 193.121 316.144 51249.2 149.261 601.152 20.9282 94.0446 41725.7 34621.5 81.3298 83.3471 460.919 541.672 518.608 307.381 81.581 338.678 305.981 97.0908 41414 1814.29 1289.32 29.9619
internal_count=229506 173826 136826 37000 19291 72251 64575 17709 6286 6391 11423 2502 62597 4949 2135 9654 47406 40483 23879 40696 4175 3543 2088 23302 8921 5681 3899 3126 2621 2164 457 3240 505 457 1782 797 32351 21840 9326 612 1049 30335 664 12900 184 730 16413 13582 259 484 632 1581 1426 1060 190 4151 3891 773 24967 1080 2443 199
is_linear=0
shrinkage=0.05


end of trees

feature_importances:
store_avg_weekly=359
store_product_share=308
rolling_mean_12w=247
store_std_weekly=237
week=227
lag_1w=226
rolling_mean_4w=172
temp_range=167
temp_mean_lag1w=125
week_sin=112
precip_total_lag1w=107
temp_mean=106
namn_te=96
temp_max=93
product_avg_weekly=86
rolling_return_rate_4w=85
weeks_since_nonzero=81
rolling_max_4w=77
yoy_same_week=73
sunshine_hrs=62
temp_anomaly=61
wind_max=60
precip_total=53
temp_min=50
category_season_avg=49
week_cos=48
gust_max=47
rain_total=46
rolling_median_4w=42
active_ratio_8w=35
snow_total=34
product_id_te=30
trend_4w=28
product_n_stores=27
demand_cv_4w=25
month=24
lag_2w=19
n_holidays=16
rain_days=16
recent_zero_count=15
nonzero_mean_4w=12
lag1_zscore=12
rolling_std_4w=11
censored_ratio_4w=10
snow_days=8
bad_weather=7
typ_te=5
season_spring=4
season_autumn=4

parameters:
[boosting: gbdt]
[objective: tweedie]
[metric: l1]
[tree_learner: serial]
[device_type: cpu]
[data_sample_strategy: bagging]
[data: ]
[valid: ]
[num_iterations: 5000]
[learning_rate: 0.05]
[num_leaves: 63]
[num_threads: -1]
[seed: 42]
[deterministic: 0]
[force_col_wise: 0]
[force_row_wise: 0]
[histogram_pool_size: -1]
[max_depth: -1]
[min_data_in_leaf: 20]
[min_sum_hessian_in_leaf: 0.001]
[bagging_fraction: 0.8]
[pos_bagging_fraction: 1]
[neg_bagging_fraction: 1]
[bagging_freq: 0]
[bagging_seed: 400]
[bagging_by_query: 0]
[feature_fraction: 0.8]
[feature_fraction_bynode: 1]
[feature_fraction_seed: 30056]
[extra_trees: 0]
[extra_seed: 12879]
[early_stopping_round: 0]
[early_stopping_min_delta: 0]
[first_metric_only: 0]
[max_delta_step: 0]
[lambda_l1: 0.1]
[lambda_l2: 1]
[linear_lambda: 0]
[min_gain_to_split: 0]
[drop_rate: 0.1]
[max_drop: 50]
[skip_drop: 0.5]
[xgboost_dart_mode: 0]
[uniform_drop: 0]
[drop_seed: 17869]
[top_rate: 0.2]
[other_rate: 0.1]
[min_data_per_group: 100]
[max_cat_threshold: 32]
[cat_l2: 10]
[cat_smooth: 10]
[max_cat_to_onehot: 4]
[top_k: 20]
[monotone_constraints: ]
[monotone_constraints_method: basic]
[monotone_penalty: 0]
[feature_contri: ]
[forcedsplits_filename: ]
[refit_decay_rate: 0.9]
[cegb_tradeoff: 1]
[cegb_penalty_split: 0]
[cegb_penalty_feature_lazy: ]
[cegb_penalty_feature_coupled: ]
[path_smooth: 0]
[interaction_constraints: ]
[verbosity: -1]
[saved_feature_importance_type: 0]
[use_quantized_grad: 0]
[num_grad_quant_bins: 4]
[quant_train_renew_leaf: 0]
[stochastic_rounding: 1]
[linear_tree: 0]
[max_bin: 255]
[max_bin_by_feature: ]
[min_data_in_bin: 3]
[bin_construct_sample_cnt: 200000]
[data_random_seed: 175]
[is_enable_sparse: 1]
[enable_bundle: 1]
[use_missing: 1]
[zero_as_missing: 0]
[feature_pre_filter: 1]
[pre_partition: 0]
[two_round: 0]
[header: 0]
[label_column: ]
[weight_column: ]
[group_column: ]
[ignore_column: ]
[categorical_feature: ]
[forcedbins_filename: ]
[precise_float_parser: 0]
[parser_config_file: ]
[objective_seed: 16083]
[num_class: 1]
[is_unbalance: 0]
[scale_pos_weight: 1]
[sigmoid: 1]
[boost_from_average: 1]
[reg_sqrt: 0]
[alpha: 0.9]
[fair_c: 1]
[poisson_max_delta_step: 0.7]
[tweedie_variance_power: 1.5]
[lambdarank_truncation_level: 30]
[lambdarank_norm: 1]
[label_gain: ]
[lambdarank_position_bias_regularization: 0]
[eval_at: ]
[multi_error_top_k: 1]
[auc_mu_weights: ]
[num_machines: 1]
[local_listen_port: 12400]
[time_out: 120]
[machine_list_filename: ]
[machines: ]
[gpu_platform_id: -1]
[gpu_device_id: -1]
[gpu_use_dp: 0]
[num_gpu: 1]

end of parameters

pandas_categorical:[]
