tree
version=v4
num_class=1
num_tree_per_iteration=1
label_index=0
max_feature_idx=60
objective=regression_l1
feature_names=week month week_sin week_cos is_december is_summer is_holiday_week n_holidays is_high_impact_holiday is_pre_holiday_week is_post_holiday_week lag_1w lag_2w rolling_mean_4w rolling_mean_12w rolling_std_4w rolling_median_4w rolling_max_4w trend_4w yoy_same_week rolling_return_rate_4w censored_ratio_4w store_avg_weekly store_std_weekly store_product_share product_avg_weekly product_n_stores category_season_avg namn_te product_id_te typ_te season_winter season_spring season_summer season_autumn recent_zero_count weeks_since_nonzero active_ratio_8w nonzero_mean_4w demand_cv_4w lag1_zscore temp_mean temp_max temp_min temp_range precip_total rain_total snow_total wind_max gust_max sunshine_hrs rain_days snow_days is_rainy_week is_snowy_week is_cold is_hot temp_anomaly bad_weather temp_mean_lag1w precip_total_lag1w
feature_infos=[2:51] [1:12] [-1:1] [-1:0.99270887409805397] [0:1] [0:1] none [1:2] none none none [0:150] [0:150] [0:142.5] [0:129] [0:65.70895423507109] [0:142.5] [0:150] [-39.40000000000002:32.5] [0:146] [0:3.625] [0:1] [0.1462848297213622:68.74183006535948] [0.62783924258774848:42.058357266516992] [0.00024752475247519999:0.34588385449904269] [0.33333333333333331:7.2722175201015657] [1:116] [0.27777777777777779:6.9795417348608844] [0.17886389192096011:66.666866483160092] [0.57146051168433953:7.2635620373054453] [0.58687329177311565:6.4100572836714509] [0:1] [0:1] [0:1] [0:1] [0:4] [1:12] [0:1] [0:142.5] [0:2.0000000000001861] [-1.5:1.5] [-5.2142857142857144:21.957142857142856] [1.2:28.399999999999999] [-15.9:16.399999999999999] [3.7000000000000002:22.600000000000001] [0:73.900000000000006] [0:73.900000000000006] [0:17.919999999999998] [13.5:42] [30.600000000000001:91.400000000000006] [0:108.38069444444444] [0:7] [0:6] [0:1] [0:1] [0:1] [0:1] [-6.5695927650817723:6.2439626280130449] [0:3] [-5.2142857142857144:21.957142857142856] [0:73.900000000000006]
tree_sizes=5529 5669 5720 5870 5901 5859 5860 5880 5923 5922 5892 5896 5905 5924 5903 5914 5865 5923 5907 5919 5947 5920 5943 5927 5926 5930 5912 5940 5941 5936 5949 5941 5950 5947 5935 5956 5960 5942 5965 5944 5975 5956 5936 5940 5947 5984 5949 5987 5931 6000 5963 5968 5959 5966 5949 5936 5979 5951 5960 5966 5982 5934 5967 5958 5981 5942 6002 5946 5969 5968 5929 5976 5998 5988 5976 5939 5925 5959 5982 5957 5947 5981 5917 5934 5925 5954 5959 5935 5958 5894 5943 5950 5924 5961 5937 5934 5964 5943

Tree=0
num_leaves=63
num_cat=0
split_feature=16 17 16 17 40 14 14 16 18 14 0 18 16 20 40 24 17 17 23 0 16 39 0 0 0 40 0 21 16 20 16 16 18 0 16 25 38 17 24 24 30 0 51 0 14 0 0 12 14 40 2 20 18 32 14 14 3 45 2 36 23 7
split_gain=41393.7 6215.59 2541.51 1149.13 817.731 455.755 344.539 337.322 257.43 227.32 185.306 184.511 137.48 129.684 128.445 100.552 96.7867 96.6982 92.3901 90.5333 83.0291 80.8339 80.2502 73.4858 72.0234 68.8674 67.8952 66.2395 58.9164 56.9612 52.6029 51.2559 47.2509 46.214 44.8162 41.118 40.4214 40.2379 39.8954 39.196 38.8403 37.7635 34.2865 32.5237 31.4014 31.2574 29.857 29.757 29.7416 29.5064 29.431 29.0256 28.2488 28.1324 27.8788 27.8427 26.4915 25.7847 41.7633 25.5875 24.4731 24.1712
threshold=4.2500000000000009 3.5000000000000004 6.7500000000000009 4.5000000000000009 0.50000000000000078 4.9583333333333348 4.041666666666667 1.0000000180025095e-35 -0.10000000000000074 7.5227272727272743 27.500000000000004 -0.30000000000000032 3.2500000000000004 0.060897435897435855 -0.26111648393354664 0.024790384843355651 2.5000000000000004 5.5000000000000009 2.6901798460087174 3.5000000000000004 3.2500000000000004 0.15318833724101427 27.500000000000004 27.500000000000004 2.5000000000000004 0.49999999999999678 27.500000000000004 1.0000000180025095e-35 5.2500000000000009 0.085714285714285757 10.750000000000002 5.7500000000000009 1.74999999999999 18.500000000000004 5.7500000000000009 1.205289373814042 1.0000000180025095e-35 8.5000000000000018 0.064088937684443306 0.044151534306401508 4.6181705888416014 2.5000000000000004 3.5000000000000004 34.500000000000007 6.041666666666667 2.5000000000000004 26.500000000000004 2.5000000000000004 4.8452380952380958 0.81649658092772637 0.8542199457734333 0.12500000000000008 -1.3000000000000014 1.0000000180025095e-35 3.5916666666666672 3.3484848484848491 -0.99635443704902682 16.200000000000003 0.8542199457734333 1.5000000000000002 3.0327822176031849 1.5000000000000002
decision_type=2 2 2 2 2 8 10 2 2 8 2 2 2 2 2 2 2 2 2 2 2 2 2 2 2 2 2 2 2 2 2 2 2 2 2 2 2 2 2 2 2 2 2 2 10 2 2 2 8 2 2 2 2 2 10 10 2 2 2 2 2 2
left_child=1 7 5 8 6 11 12 13 19 29 42 26 32 15 22 35 45 51 38 47 50 -10 44 57 -18 41 59 -26 49 -4 -11 43 33 61 -24 -1 -27 48 -17 -20 -12 -23 -8 -16 -7 -9 55 -3 -19 -13 -21 -6 -31 -22 -53 -29 -35 58 -14 -2 -37 -5
right_child=2 3 9 4 17 14 10 16 21 30 40 28 23 -15 31 18 24 37 39 20 53 25 34 -25 27 36 -28 46 -30 52 -32 -33 -34 56 -36 60 -38 -39 -40 -41 -42 -43 -44 -45 -46 -47 -48 -49 -50 -51 -52 54 -54 -55 -56 -57 -58 -59 -60 -61 -62 -63
leaf_value=1.5982807636260987 1.6185540199279784 1.5982807636260987 1.6329381227493287 1.5982807636260987 1.6185540199279784 1.6262615501880646 1.6185540199279784 1.5982807636260987 1.6094379425048828 1.6440953016281128 1.6094379425048828 1.6185540199279784 1.6094379425048828 1.5636234045028687 1.6262615501880646 1.5838966608047484 1.5982807636260987 1.6185540199279784 1.5982807636260987 1.5838966608047484 1.5982807636260987 1.6262615501880646 1.6185540199279784 1.5982807636260987 1.5982807636260987 1.6094379425048828 1.6094379425048828 1.5982807636260987 1.6262615501880646 1.6262615501880646 1.6643685579299927 1.6262615501880646 1.6262615501880646 1.6094379425048828 1.6185540199279784 1.5636234045028687 1.6094379425048828 1.6388272762298584 1.6094379425048828 1.6329381227493287 1.6094379425048828 1.5982807636260987 1.6262615501880646 1.6185540199279784 1.6329381227493287 1.5838966608047484 1.5982807636260987 1.6185540199279784 1.6262615501880646 1.6185540199279784 1.5982807636260987 1.6094379425048828 1.6329381227493287 1.6094379425048828 1.6094379425048828 1.5982807636260987 1.5982807636260987 1.6094379425048828 1.6094379425048828 1.5982807636260987 1.5838966608047484 1.6094379425048828
leaf_weight=249 1853 143 3624 724 1279 1104 1187 226 1850 11417 2322 3488 807 876 2122 538 201 2047 402 2647 1271 26 2332 1717 1487 290 2161 3490 2521 1085 13983 4191 65 73 1667 412 4248 573 203 161 439 2260 430 2367 881 11994 7067 93 572 1700 423 920 4023 241 797 184 2272 351 589 88 1178 216
leaf_count=249 1853 143 3624 724 1279 1104 1187 226 1850 11417 2322 3488 807 876 2122 538 201 2047 402 2647 1271 26 2332 1717 1487 290 2161 3490 2521 1085 13983 4191 65 73 1667 412 4248 573 203 161 439 2260 430 2367 881 11994 7067 93 572 1700 423 920 4023 241 797 184 2272 351 589 88 1178 216
internal_value=1.61498 1.58537 1.64407 1.60094 1.60944 1.63244 1.60137 1.5686 1.58999 1.65308 1.61231 1.62512 1.59434 1.58205 1.63833 1.58681 1.56641 1.62402 1.59745 1.58072 1.57916 1.59514 1.63268 1.60133 1.56953 1.59263 1.61655 1.56905 1.62968 1.64611 1.65548 1.64222 1.58712 1.58628 1.62859 1.57928 1.5962 1.63008 1.58586 1.61271 1.60444 1.58554 1.62575 1.63848 1.64091 1.56324 1.56767 1.61089 1.62743 1.62663 1.57443 1.61756 1.64268 1.58879 1.61331 1.57138 1.58252 1.60855 1.6055 1.62334 1.57632 1.59568
internal_weight=120147 59540 60607 30872 17380 26475 11192 28668 13492 34132 4378 11811 6814 4019 14664 3143 24649 6188 1304 4818 4582 8674 5984 3464 12429 6824 4102 12228 7709 8732 25400 8680 3350 3285 3999 1839 4538 3192 741 563 2761 2286 1617 4489 1985 12220 10741 236 2619 5188 3070 2996 5108 1512 1717 3674 2345 1747 1396 1941 1590 940
internal_count=120147 59540 60607 30872 17380 26475 11192 28668 13492 34132 4378 11811 6814 4019 14664 3143 24649 6188 1304 4818 4582 8674 5984 3464 12429 6824 4102 12228 7709 8732 25400 8680 3350 3285 3999 1839 4538 3192 741 563 2761 2286 1617 4489 1985 12220 10741 236 2619 5188 3070 2996 5108 1512 1717 3674 2345 1747 1396 1941 1590 940
is_linear=0
shrinkage=1


Tree=1
num_leaves=63
num_cat=0
split_feature=16 11 38 11 11 16 16 38 38 40 44 16 11 44 38 11 24 16 21 11 2 7 7 50 2 21 25 11 23 38 42 38 1 3 16 24 2 23 24 22 38 16 38 23 24 42 2 59 44 18 19 16 28 24 21 7 20 15 59 37 20 38
split_gain=33160.1 5088.65 2559.18 2528.33 444.69 407.379 389.726 351.318 281.184 179.785 174.645 156.453 145.991 117.009 99.2077 84.3867 84.1127 83.4465 78.8673 77.5704 77.3952 77.0579 73.3365 71.8891 70.7501 68.2166 68.1488 67.0841 59.3947 49.3245 49.0943 48.942 45.8505 43.6246 43.2259 41.9433 41.6126 39.1342 56.0433 41.4075 38.4655 38.192 37.9876 37.2895 65.0541 39.3934 36.2206 36.0986 35.2068 35.0059 34.2925 34.396 34.0523 36.6247 33.7588 32.6 44.4542 32.122 31.9883 31.2947 30.2175 30.1401
threshold=4.7500000000000009 3.5000000000000004 3.1250000000000004 6.5000000000000009 4.5000000000000009 5.7500000000000009 7.7500000000000009 1.0000000180025095e-35 2.1250000000000004 0.49999999999999678 15.65 3.2500000000000004 6.5000000000000009 15.65 8.7083333333333339 4.5000000000000009 0.041442602365860511 10.750000000000002 1.0000000180025095e-35 4.5000000000000009 -0.060268340127661552 1.5000000000000002 1.5000000000000002 95.415438888888914 -0.060268340127661552 0.37500000000000006 1.205289373814042 2.5000000000000004 3.0760179840636139 5.1250000000000009 6.4000000000000012 5.416666666666667 7.5000000000000009 -0.99635443704902682 3.2500000000000004 0.046549403773818207 0.99635443704902704 2.9810219487483494 0.033516847313741611 5.2291666666666679 1.0000000180025095e-35 0.75000000000000011 6.1250000000000009 3.4711011708659578 0.021644845107907054 27.250000000000004 0.91023613416931248 0.3714285714285715 15.15 -0.40000000000000041 11.500000000000002 2.2500000000000004 1.6749528766319248 0.059728937492553855 0.37500000000000006 1.5000000000000002 0.083333333333333356 0.99999999999999978 1.2571428571428573 0.93750000000000011 0.049999999999999954 6.1250000000000009
decision_type=2 2 2 2 2 2 2 2 2 2 2 2 2 2 2 2 2 2 2 2 2 2 2 2 2 2 2 2 2 2 2 2 2 2 2 2 2 2 2 2 2 2 2 2 2 2 2 2 2 2 8 2 2 2 2 2 2 2 2 2 2 2
left_child=1 2 7 5 9 19 29 16 27 -3 11 25 23 18 15 24 26 -8 -10 20 60 36 30 37 -7 35 -1 57 -18 -5 -12 33 -27 -13 50 59 -15 -6 39 -39 -11 -24 46 45 -45 -28 -21 -22 -42 55 -20 -52 53 -14 -53 56 -35 -9 -26 -4 -2 -37
right_child=3 4 10 6 12 14 17 8 13 40 22 31 52 21 -16 -17 28 -19 34 42 47 -23 41 -25 58 32 43 -29 -30 -31 -32 -33 -34 49 -36 61 -38 38 -40 -41 48 -43 -44 44 -46 -47 -48 -49 -50 -51 51 54 -54 -55 -56 -57 -58 -59 -60 -61 -62 -63
leaf_value=-0.0098801147937774628 -0.00045580387115478076 0 -0.010599319934844975 0.016367803812026984 0 0.0086602735519409231 0.032924491167068484 -0.024264217615127561 -0.010599319934844975 0 -0.011157178878784181 0.0086602735519409231 -0.011612982749938961 -0.010599319934844975 0.027656465768814087 0.015982427299022672 -0.010599319934844975 0.052184084653854372 -0.010599319934844975 0.0086602735519409231 -0.00045580387115478076 0.00055785894393920452 -0.023250554800033574 -0.00045580387115478076 0.0082748970389366124 -0.010599319934844975 -0.024264217615127561 -0.010599319934844975 0.0096739363670349087 0.022325171232223509 0 0.00055785894393920452 -0.010599319934844975 -0.010599319934844975 -0.010599319934844975 -0.0098801147937774628 0.00055785894393920452 0 0.0086602735519409231 0.0086602735519409231 0 0.015982427299022672 0.015982427299022672 -0.024264217615127561 -0.0098801147937774628 0.0012770640850067183 0.0086602735519409231 0.015982427299022672 0 0 -0.024983422756195073 -0.010599319934844975 0.016367803812026984 0.016367803812026984 -0.010599319934844975 0 -0.010599319934844975 -0.024264217615127561 0.022658999860286713 -0.0098801147937774628 0 0.016367803812026984
leaf_weight=254 149 5595 1743 2026 1501 1441 10856 11643 1504 307 262 127 76 1375 2611 5434 643 13686 3419 5080 236 259 47 388 180 1136 1376 2112 211 8024 1309 838 1101 324 155 630 83 2212 2081 1001 4246 546 677 967 320 53 595 1060 1014 1469 2203 478 1957 70 2726 451 2168 1996 716 996 1909 95
leaf_count=254 149 5595 1743 2026 1501 1441 10856 11643 1504 307 262 127 76 1375 2611 5434 643 13686 3419 5080 236 259 47 388 180 1136 1376 2112 211 8024 1309 838 1101 324 155 630 83 2212 2081 1001 4246 546 677 967 320 53 595 1060 1014 1469 2203 478 1957 70 2726 451 2168 1996 716 996 1909 95
internal_value=0.00489684 -0.0191093 -0.0285039 0.0336386 0.0015744 0.0195279 0.041832 -0.0361994 -0.0381446 -0.0051505 -0.0100351 -0.0125729 0.00965812 -0.0324383 0.0264129 0.0235712 -0.0219725 0.0452306 -0.0344216 0.0121608 0.00600447 -0.0203114 0.00295381 0.00626322 0.0156095 -0.0183436 -0.0259492 -0.0425625 -0.00812281 0.0335285 -0.00270038 -0.00645128 -0.0251542 -0.0085011 -0.0361996 -0.013938 -0.0247738 0.00745954 0.0094797 0.00533447 -0.0115113 0.0179209 0.0154093 -0.0282646 -0.0220458 -0.0338427 0.0140671 0.0155705 -0.0125157 -0.00933492 -0.0366597 -0.0341522 0.0212429 -0.0020068 -0.0308097 -0.0124813 -0.0147192 -0.0438523 0.0266388 -0.0167682 -2.18553e-05 -0.00323003
internal_weight=120147 65467 45019 54680 20448 20088 34592 31777 27953 11162 13242 11078 9286 12202 10382 7771 3824 24542 10485 9706 3354 1717 2164 7183 2337 5701 2970 15751 854 10050 1571 5377 2237 4539 8981 3464 1458 6795 5294 3213 5567 593 6352 2716 1287 1429 5675 1296 5260 4412 8826 5407 2103 146 3204 2943 2492 13639 896 2739 2058 725
internal_count=120147 65467 45019 54680 20448 20088 34592 31777 27953 11162 13242 11078 9286 12202 10382 7771 3824 24542 10485 9706 3354 1717 2164 7183 2337 5701 2970 15751 854 10050 1571 5377 2237 4539 8981 3464 1458 6795 5294 3213 5567 593 6352 2716 1287 1429 5675 1296 5260 4412 8826 5407 2103 146 3204 2943 2492 13639 896 2739 2058 725
is_linear=0
shrinkage=0.05


Tree=2
num_leaves=63
num_cat=0
split_feature=13 17 13 11 11 14 13 38 14 14 1 14 11 14 2 2 17 1 24 11 11 21 14 25 2 11 14 39 37 23 7 2 14 2 46 47 42 41 13 11 2 47 3 20 24 23 1 13 20 14 20 3 2 7 3 20 20 48 59 2 21 1
split_gain=33376.5 5357.57 4072 685.586 571.676 399.717 391.585 391.246 180.255 175.921 146.829 130.763 130.396 121.3 121.145 106.85 103.26 103.129 92.8187 90.5751 90.3457 81.2178 72.3361 68.5192 66.3619 63.0255 57.609 56.0064 53.8135 61.0607 53.4769 51.2593 48.659 45.3195 52.632 45.1805 42.9773 41.3123 39.5618 38.995 45.2026 38.9096 38.3272 36.5601 39.1599 49.7701 35.679 35.2403 34.8027 34.5833 34.4517 34.1623 33.7794 33.6541 44.8672 31.7007 31.394 31.1625 30.8443 30.0861 29.2986 28.3633
threshold=4.1250000000000009 3.5000000000000004 6.3750000000000009 5.5000000000000009 4.5000000000000009 7.5227272727272743 2.8750000000000004 1.0000000180025095e-35 2.5916666666666672 4.5916666666666677 6.5000000000000009 3.5916666666666672 8.5000000000000018 4.9583333333333348 -0.060268340127661552 -0.060268340127661552 2.5000000000000004 4.5000000000000009 0.041442602365860511 6.5000000000000009 2.5000000000000004 1.0000000180025095e-35 5.2613636363636376 1.205289373814042 0.8542199457734333 7.5000000000000009 3.5227272727272729 0.10497277621629561 1.0000000180025095e-35 1.2517618977093428 1.5000000000000002 0.17992617227144034 6.3484848484848486 0.8542199457734333 15.000000000000002 8.6100000000000012 13.000000000000002 4.7571428571428589 1.0000000180025095e-35 5.5000000000000009 -0.060268340127661552 8.6100000000000012 -0.88545602565320969 0.099999999999999964 0.0128484262638175 2.6901798460087174 5.5000000000000009 5.3750000000000009 0.060897435897435855 3.5227272727272729 0.11111111111111117 -0.99635443704902682 0.99635443704902704 1.5000000000000002 -0.46472317204376873 0.090798452396499918 0.19999999999999998 25.150000000000002 0.3714285714285715 0.78574730703237894 1.0000000180025095e-35 1.5000000000000002
decision_type=2 2 2 2 2 8 2 2 10 8 2 8 2 8 2 2 2 2 2 2 2 2 8 2 2 2 10 2 2 2 2 2 10 2 2 2 2 2 2 2 2 2 2 2 2 2 2 2 2 10 2 2 2 2 2 2 2 2 2 2 2 2
left_child=1 7 3 9 6 19 17 18 16 33 32 24 39 30 21 56 38 26 23 -4 42 -10 25 -1 51 -6 -3 -12 29 -20 50 -18 58 34 -2 -17 -35 -26 -9 40 -7 60 -19 44 -25 -46 -15 -29 -22 -50 -5 -8 53 -33 -55 -21 -13 -30 -11 -52 -16 -53
right_child=2 4 5 13 22 12 11 8 14 10 27 15 -14 46 41 35 31 20 28 55 48 -23 -24 43 37 -27 -28 47 57 -31 -32 52 -34 36 -36 -37 -38 -39 -40 -41 -42 -43 -44 -45 45 -47 -48 -49 49 -51 59 61 -54 54 -56 -57 -58 -59 -60 -61 -62 -63
leaf_value=-0.0093861090540885879 -0.00033713804930448623 -0.010069353938102732 0.015215584993362419 0.015183305934071535 0.0078418833613395755 0.020384488999843599 0.00012484526634215509 -0.023051006734371184 -0.010069353938102732 0.0075273235589265802 0.008227259874343874 0 0.044396474063396453 0.02154274129867554 -0.009368128925561903 0 -0.023770211875438697 -0.010069353938102732 -0.0093501487970352182 0.026568100154399865 0 -0.010069353938102732 0.015164037108421326 -0.023051006734371184 0 0.021212323367595678 0.00055785894393920452 0.0078418833613395633 -0.0093501487970352182 0.015164901852607727 0.0078418833613395633 -0.023734251618385317 0.022225986182689662 7.4162125587462493e-05 0.0078611521869897845 0.016422118425369264 0.0086602735519409231 0 -0.023051006734371184 0.026010241210460663 0.039644082486629484 0.00052996599674224318 -0.023734251618385317 -0.042310600221157083 -0.023051006734371184 -0.010105314195156102 0.015183305934071535 0.008227259874343874 -0.010105314195156102 0 0.008227259874343874 0 -0.010069353938102732 -0.023734251618385317 -0.0093861090540885983 0.02154274129867554 0 -0.023734251618385317 0.014849477306008342 0.015549413621425635 -0.010069353938102732 -0.010069353938102732
leaf_weight=254 3540 2015 2909 1819 4809 1194 161 246 737 317 564 2508 19194 1974 262 1963 4947 607 152 3598 625 3016 679 678 523 439 476 3689 193 224 679 2275 614 573 1528 194 594 805 11888 4969 634 144 2817 380 475 885 4651 1769 1505 423 1350 311 181 367 278 3443 2690 153 1945 508 933 5874
leaf_count=254 3540 2015 2909 1819 4809 1194 161 246 737 317 564 2508 19194 1974 262 1963 4947 607 152 3598 625 3016 679 678 523 439 476 3689 193 224 679 2275 614 573 1528 194 594 805 11888 4969 634 144 2817 380 475 885 4651 1769 1505 423 1350 311 181 367 278 3443 2690 153 1945 508 933 5874
internal_value=0.00507786 -0.0221592 0.0305755 0.0155483 -0.0071706 0.0414931 -0.0106709 -0.0375421 -0.0396833 0.00864576 0.0131582 -0.00582468 0.0447578 0.0250587 -0.0312576 -0.00105968 -0.0418072 -0.0192697 -0.0215891 0.032961 -0.0228329 -0.0358671 0.00670462 -0.0258866 -0.0103902 0.00471423 -0.0107123 0.00871576 -0.0056639 0.00741379 0.0185667 -0.0373953 0.0224522 0.00220414 0.000156836 0.0082924 0.011083 -0.000221971 -0.0447297 0.0387827 0.032474 -0.0183172 -0.0281445 -0.0284808 -0.0257945 -0.0208633 0.0293231 0.00716157 -0.0156989 -0.0190228 0.0209475 -0.0125169 -0.0323162 -0.0336169 -0.0234443 0.0360331 -0.0049423 -0.0198703 0.0190433 0.016135 -0.0212751 -0.0131094
internal_weight=120147 58092 62055 26114 29424 35941 23497 28668 25274 15133 8898 15029 25991 10981 5092 7355 20182 8468 3394 9950 5977 3753 5927 2672 7674 5248 2491 6022 722 376 4356 8048 2876 6235 5068 2157 1167 1328 12134 6797 1828 1339 3424 2418 2038 1360 6625 5458 2553 1928 3677 6346 3101 2920 645 7041 5198 346 2262 1858 1195 6185
internal_count=120147 58092 62055 26114 29424 35941 23497 28668 25274 15133 8898 15029 25991 10981 5092 7355 20182 8468 3394 9950 5977 3753 5927 2672 7674 5248 2491 6022 722 376 4356 8048 2876 6235 5068 2157 1167 1328 12134 6797 1828 1339 3424 2418 2038 1360 6625 5458 2553 1928 3677 6346 3101 2920 645 7041 5198 346 2262 1858 1195 6185
is_linear=0
shrinkage=0.05


Tree=3
num_leaves=63
num_cat=0
split_feature=13 13 13 18 13 15 13 21 15 13 18 18 15 18 24 1 44 1 18 13 7 23 13 20 20 18 44 44 20 13 20 38 13 12 42 45 27 44 38 24 22 15 18 27 22 24 22 24 23 24 23 12 13 12 1 21 43 59 50 20 7 44
split_gain=32263.7 6098.98 2270.72 986.555 666.128 621.951 445.146 375.647 336.201 183.484 165.823 139.535 134.289 128.175 111.397 103.026 100.476 99.2132 97.3369 96.3072 90.1135 72.054 71.0866 92.5755 65.8232 61.9222 69.7565 57.2709 55.9453 63.3248 52.5894 51.7154 46.6009 45.6777 45.4581 44.0263 42.4864 42.0372 41.2285 40.522 55.9809 40.3265 39.8598 39.6344 40.0291 42.6943 38.1812 53.6253 36.6025 47.2507 34.7619 34.2448 33.5859 32.9421 31.9869 31.4623 31.4235 30.621 39.104 30.5696 29.885 29.8499
threshold=3.6250000000000004 5.8750000000000009 2.6250000000000004 0.8999999999999998 7.8750000000000009 0.50000000000000389 4.8750000000000009 1.0000000180025095e-35 0.99999999999999978 3.1250000000000004 0.99999999999999878 -0.20000000000000082 1.8929694486000916 -0.10000000000000082 0.045242364700029458 4.5000000000000009 15.050000000000002 6.5000000000000009 -0.10000000000000074 11.375000000000002 1.5000000000000002 3.7812116240345515 1.8750000000000002 0.083333333333333273 0.099999999999999964 1.4000000000000004 14.950000000000001 15.250000000000002 0.083333333333333273 1.8750000000000002 0.18572330447330446 1.5833333333333337 2.1250000000000004 2.5000000000000004 27.250000000000004 29.900000000000002 5.0540293040293047 18.050000000000004 3.4166666666666674 0.033241297389130356 5.3590926566705122 1.000000000000002 -0.10000000000000055 4.891277738292664 3.9134151338553997 0.046277638248025409 4.3865884072927432 0.043582576347285511 3.6154505583779444 0.022671776197682753 3.5227190751902699 1.0000000180025095e-35 6.6250000000000009 1.0000000180025095e-35 4.5000000000000009 0.37500000000000006 -12.749999999999998 1.0214285714285716 64.890158333333346 0.075031328320801963 1.5000000000000002 12.450000000000003
decision_type=2 2 2 2 2 2 2 2 2 2 2 2 2 2 2 2 2 2 2 2 2 2 2 2 2 2 2 2 2 2 2 2 2 2 2 2 2 2 2 2 2 2 2 2 2 2 2 2 2 2 2 2 2 2 2 2 2 2 2 2 2 2
left_child=2 6 3 7 18 9 10 14 32 24 16 17 51 27 22 20 35 57 37 59 38 36 23 34 -4 26 -13 -8 53 -30 -19 -14 56 -22 48 43 -16 52 -10 40 -15 -25 -11 44 45 -2 47 -20 -1 -50 -41 -5 -3 60 -46 -31 -9 -7 61 -6 -17 -59
right_child=1 4 5 12 19 11 13 8 15 42 -12 25 31 39 21 28 -18 30 46 -21 33 -23 -24 41 -26 -27 -28 -29 29 55 -32 -33 -34 -35 -36 -37 -38 -39 -40 50 -42 -43 -44 -45 54 -47 -48 -49 49 -51 -52 -53 -54 -55 -56 -57 -58 58 -60 -61 -62 -63
leaf_value=-0.021898456397652623 -0.00066831173971295679 0.014424140637367956 -0.0095658862411975975 -0.0065006907612085389 0.03050772054493427 -0.010069353938102732 0.0078158968806266837 -0.021898456397652623 -0.022511578780412669 -0.0091163950771093356 0.0092818421989679274 -0.00039209416806698096 0.0087239832550287232 0.0074396730598062294 -0.010159705442190171 -0.021898456397652623 0.007794246196746824 -0.010069353938102732 0.014107003440707911 0.050581980660557746 -0.0094911834418773718 0.0173270753800869 -0.0095658862411975975 -0.021898456397652623 -0.0095658862411975975 0.0082681793838739418 0.00050346769690513555 0.014440832068771114 -0.022581701281666769 -0.0095658862411975975 -0.0095658862411975975 -0.00039209416806698096 -0.0095658862411975975 0.0017166785776615125 0.0015211701363325059 0.0078342022649943843 0.0022745375216007171 0.025365329118072988 -0.0095658862411975975 0.014106168869137759 0.014424140637367956 -0.022547539037466049 0 0.00050346769690513555 0.0067833112254738759 0 0.020465604233741764 0.020465604233741764 -0.021898456397652623 0.0022763355344533999 0.014492379953712232 -0.0095658862411975975 0.019350541666150103 -0.021898456397652623 0 -0.022547539037466049 -0.022547539037466049 -0.0091163950771093356 -0.0094126073539257064 0.029977754548192029 0.0026521202206611638 0.0074958501368761034
leaf_weight=663 3491 2817 2271 299 5070 511 3957 263 1615 190 2408 5886 650 1426 637 401 3157 807 1241 12120 484 117 1271 1674 374 798 1402 952 2294 1074 2347 1032 2915 218 135 961 115 406 362 2103 959 780 485 1546 1058 2345 3627 3288 487 151 1827 1272 3553 630 3750 1540 12015 246 697 8330 90 557
leaf_count=663 3491 2817 2271 299 5070 511 3957 263 1615 190 2408 5886 650 1426 637 401 3157 807 1241 12120 484 117 1271 1674 374 798 1402 952 2294 1074 2347 1032 2915 218 135 961 115 406 362 2103 959 780 485 1546 1058 2345 3627 3288 487 151 1827 1272 3553 630 3750 1540 12015 246 697 8330 90 557
internal_value=0.00548278 0.0272661 -0.0253355 -0.0328837 0.0399277 -0.0102187 0.0101581 -0.0357258 -0.0385405 -0.0295679 0.00543597 -0.00536862 -0.00672864 0.0180307 -0.0245639 -0.0306976 0.00362653 -0.0117877 0.0315339 0.0448374 -0.0225168 -0.00798276 -0.0273528 -0.0307106 -0.0355045 -0.00126685 -0.00271574 0.0119644 -0.0343275 -0.0366358 -0.0173201 0.00308675 -0.0430331 -0.00710526 -0.020595 0.00170278 -0.013672 0.0270909 -0.0279803 0.022743 0.0175796 -0.0366171 -0.00627959 0.000889591 -0.000196806 -0.00298013 0.0352207 0.0321291 -0.0234601 -0.0148592 0.02587 -0.017236 0.0260862 -0.0241934 0.00318049 -0.0312792 -0.0443925 -0.00310388 0.000496336 0.0418995 -0.0144207 0.00801617
internal_weight=120147 70392 49755 33184 40452 16571 29940 29931 23901 3320 18716 13251 3253 11224 6030 8708 16308 5165 14932 25520 2679 869 5161 3890 2645 8086 7288 4909 6029 4908 3154 1682 15193 702 1436 13151 752 6776 1977 6315 2385 2454 675 12190 10644 5836 8156 4529 1301 638 3930 1571 6370 1121 4808 2614 12278 2011 1500 13400 491 803
internal_count=120147 70392 49755 33184 40452 16571 29940 29931 23901 3320 18716 13251 3253 11224 6030 8708 16308 5165 14932 25520 2679 869 5161 3890 2645 8086 7288 4909 6029 4908 3154 1682 15193 702 1436 13151 752 6776 1977 6315 2385 2454 675 12190 10644 5836 8156 4529 1301 638 3930 1571 6370 1121 4808 2614 12278 2011 1500 13400 491 803
is_linear=0
shrinkage=0.05


Tree=4
num_leaves=63
num_cat=0
split_feature=16 17 11 11 14 14 14 38 11 16 14 0 11 0 0 17 14 21 21 20 11 0 60 0 14 14 2 60 0 11 11 47 38 2 20 0 11 14 23 59 14 17 20 23 14 18 2 42 59 45 2 59 11 14 15 14 0 50 19 46 21 59
split_gain=31090.8 7915.59 2553 790.602 458.099 445.011 436.753 390.809 282.181 186.9 186.2 171.876 165.702 144.122 130.64 103.026 87.0679 81.2178 79.2872 78.1417 75.8813 73.8399 71.0684 70.6542 70.557 64.6426 62.9238 62.2533 61.2937 61.098 61.0962 58.5348 57.3286 53.7727 52.7711 51.2593 48.3379 47.224 43.1951 43.3398 43.0537 39.5288 38.5171 37.7374 35.7376 33.8318 33.7794 33.4734 33.4056 33.3493 43.0062 32.241 31.9156 31.5357 30.8406 43.3563 34.7349 33.9293 30.9345 29.9172 29.2986 29.0388
threshold=4.7500000000000009 3.5000000000000004 6.5000000000000009 3.5000000000000004 6.1742424242424248 3.5227272727272729 7.0871212121212128 1.0000000180025095e-35 5.5000000000000009 2.7500000000000004 2.5916666666666672 26.500000000000004 5.5000000000000009 26.500000000000004 26.500000000000004 2.5000000000000004 4.5916666666666677 1.0000000180025095e-35 0.62500000000000011 0.099999999999999964 4.5000000000000009 27.500000000000004 6.4500000000000011 27.500000000000004 5.5227272727272743 5.3484848484848486 0.29696027566504674 13.850000000000003 18.500000000000004 9.5000000000000018 4.5000000000000009 8.6100000000000012 6.7083333333333348 0.8542199457734333 0.025031328320801956 24.500000000000004 8.5000000000000018 1.0000000180025095e-35 3.0327822176031849 1.0000000180025095e-35 8.5916666666666686 1.0000000180025095e-35 0.20719246031746033 2.959367639255531 4.4226190476190483 0.39999999999999941 0.99635443704902704 26.050000000000004 0.90714285714285736 19.500000000000004 0.8542199457734333 0.47142857142857147 2.5000000000000004 7.5227272727272743 1.0000000180025095e-35 3.5916666666666672 12.500000000000002 93.424408333333346 4.5000000000000009 5.1000000000000005 1.0000000180025095e-35 14.885714285714288
decision_type=2 2 2 2 10 10 8 2 2 2 10 2 2 2 2 2 8 2 2 2 2 2 2 2 10 8 2 2 2 2 2 2 2 2 2 2 2 8 2 2 10 2 2 2 10 2 2 2 2 2 2 2 2 10 2 10 2 2 8 2 2 2
left_child=1 7 4 5 12 9 24 19 32 28 15 26 16 -6 31 41 33 -16 44 22 40 49 -1 48 -4 36 -7 37 -3 -8 34 60 38 52 -25 46 43 -24 61 -40 -15 -9 -14 -10 -13 -39 -17 -20 -18 50 -11 -35 -2 -22 55 56 -41 58 -56 -60 -12 -5
right_child=2 3 6 8 13 11 29 10 25 21 14 18 42 20 17 35 23 -19 47 -21 53 -23 27 30 -26 -27 -28 -29 -30 -31 -32 -33 -34 51 -36 -37 -38 45 39 54 -42 -43 -44 -45 -46 -47 -48 -49 -50 -51 -52 -53 -54 -55 57 -57 -58 -59 59 -61 -62 -63
leaf_value=-0.020803533577769998 -0.0023586059965379604 -0.0090875919291377172 0.018857227451205261 -0.00037248945966362746 0.025599388438202444 0.010148398706912993 0.024216414934992794 -0.020803533577769998 -0.00082829333081840817 -0.009546281532794243 -0.0080982684332877482 -0.0089381450140476274 0.013400860425680873 0.0075277035263553345 -0.0091235521861910869 -0.021299701355248692 0.0067408981857076224 -0.0090875919291377172 -0.010121025622785097 -0.021176387552320965 0.013367491024471812 -0.0093861090540885983 0.0015311144849658011 -0.0012351715153455678 0.019426467162221673 0.015175624837726354 0.00052068329937756677 -0.020771079445779318 -0.021350039584338655 0.041376315026730295 0.0071131241028383309 0.0015396209529042193 0.01517261210098862 -0.00082751662790775393 0.0074251020365953442 -0.021452616217583431 0.020745613854117696 -0.020803533577769998 -0.00034681353360415117 -0.00033916556127369104 0.019347547077387561 -0.020803533577769998 0.007443913227636368 0.0078547704146802455 1.9604708403353489e-05 0.0018462046743929373 -0.0084403073021769633 0.0010361532559990839 0.013719625036902716 0.00097409806460142529 0.00014771358840167116 0.0082569673550501495 0.0067460529742017442 0.018397737466543908 -2.5173384845256219e-05 0 0.00050346769690513555 -0.00076065504536032558 1.9604708403353489e-05 0.000523072405308489 -0.0090875919291377172 1.9604708403353489e-05
leaf_weight=1131 432 1190 3758 3718 2420 702 7907 246 494 1154 262 1848 3372 1162 737 2920 384 3016 725 454 1494 2771 452 100 5608 850 1834 719 3130 17319 1835 144 256 137 1549 4947 501 418 1516 39 497 11888 1089 2442 1762 220 181 65 1468 314 856 522 2290 1337 1583 491 176 606 2651 4099 933 1026
leaf_count=1131 432 1190 3758 3718 2420 702 7907 246 494 1154 262 1848 3372 1162 737 2920 384 3016 725 454 1494 2771 452 100 5608 850 1834 719 3130 17319 1835 144 256 137 1549 4947 501 418 1516 39 497 11888 1089 2442 1762 220 181 65 1468 314 856 522 2290 1337 1583 491 176 606 2651 4099 933 1026
internal_value=0.00543867 -0.0178063 0.0332692 -0.00246046 0.0190898 -0.0106559 0.0415025 -0.0375037 0.00409287 -0.0177352 -0.0396437 -0.0010444 0.0136198 0.0295174 -0.0310809 -0.0418023 0.00960599 -0.0358671 -0.00702 -0.0215596 0.0242029 -0.0112431 -0.0185634 0.0135835 0.0322723 0.0154956 0.00932006 -0.0124006 -0.0253865 0.0449279 0.00938164 -0.0176455 0.00106701 0.00332496 0.00239091 -0.0373953 0.0124331 -0.00485335 0.000688105 0.00238712 0.0156898 -0.0447215 0.0214579 0.00997446 -0.00387566 -0.0136072 -0.0323162 -0.021359 0.021476 -0.00466452 -0.00703381 0.0161288 0.000218509 0.0291826 0.00362275 -0.00642857 0.0122454 0.00441779 0.00524898 0.00672419 -0.0212751 -0.00330769
internal_weight=120147 65467 54680 36799 20088 16351 34592 28668 20448 9415 25274 6936 13178 6910 5092 20182 8717 3753 4400 3394 4490 5095 2940 5336 9366 4287 2536 1809 4320 25226 3484 1339 16161 3381 1649 8048 3437 1090 15905 11161 1659 12134 4461 2936 3610 638 3101 790 1852 2324 2010 659 2722 2831 9645 706 215 8939 8333 6750 1195 4744
internal_count=120147 65467 54680 36799 20088 16351 34592 28668 20448 9415 25274 6936 13178 6910 5092 20182 8717 3753 4400 3394 4490 5095 2940 5336 9366 4287 2536 1809 4320 25226 3484 1339 16161 3381 1649 8048 3437 1090 15905 11161 1659 12134 4461 2936 3610 638 3101 790 1852 2324 2010 659 2722 2831 9645 706 215 8939 8333 6750 1195 4744
is_linear=0
shrinkage=0.05


Tree=5
num_leaves=63
num_cat=0
split_feature=13 17 13 11 11 13 38 14 11 14 0 0 14 0 14 11 17 7 44 14 21 14 18 14 14 0 11 3 41 21 0 44 14 14 14 0 11 48 46 23 13 21 7 32 14 23 44 0 13 18 2 7 0 7 41 21 21 3 23 37 21 59
split_gain=31454.5 7545.6 2452.33 694.17 531.421 452.074 393.364 270.621 214.74 186.2 169.073 130.64 124.214 137.407 110.061 103.709 103.026 101.074 88.5372 84.3269 81.2178 72.9458 70.3495 68.3592 57.2085 56.8341 55.7576 54.692 53.6786 51.3562 51.2593 49.991 46.0146 45.9609 45.6303 43.1427 42.3909 41.6072 40.7223 40.0835 39.5288 38.8776 38.5755 37.8651 37.745 36.4048 38.0264 35.6765 34.2946 34.0015 33.7794 33.6541 44.8672 31.9095 32.556 31.2448 30.8317 42.2561 33.0472 31.5125 28.9028 28.733
threshold=4.6250000000000009 3.5000000000000004 6.6250000000000009 3.5000000000000004 5.5000000000000009 3.1250000000000004 1.0000000180025095e-35 9.5227272727272734 5.5000000000000009 2.5916666666666672 17.500000000000004 26.500000000000004 4.6833333333333345 27.500000000000004 5.5227272727272743 6.5000000000000009 2.5000000000000004 1.5000000000000002 17.100000000000005 3.5227272727272729 1.0000000180025095e-35 1.0000000180025095e-35 0.49999999999999989 4.041666666666667 5.3484848484848486 2.5000000000000004 4.5000000000000009 -0.99635443704902682 0.47142857142857147 0.87500000000000011 24.500000000000004 17.100000000000005 3.3484848484848491 6.4226190476190483 5.041666666666667 5.5000000000000009 11.500000000000002 27.150000000000002 6.4500000000000011 2.9275181802671209 1.0000000180025095e-35 0.37500000000000006 1.5000000000000002 1.0000000180025095e-35 7.041666666666667 3.7124692240326786 19.450000000000003 16.000000000000004 2.6250000000000004 2.349999999999993 0.99635443704902704 1.5000000000000002 17.500000000000004 1.5000000000000002 14.064285714285715 0.62500000000000011 0.87500000000000011 -0.40966402954315212 5.4641648766106572 0.64583333333333337 1.0000000180025095e-35 -0.62142857142857133
decision_type=2 2 2 2 2 2 2 8 2 10 2 2 8 2 8 2 2 2 2 10 2 8 2 10 8 2 2 2 2 2 2 2 10 10 8 2 2 2 2 2 2 2 2 2 10 2 2 2 2 2 2 2 2 2 2 2 2 2 2 2 2 2
left_child=1 6 4 5 12 10 21 15 34 16 17 25 31 33 47 43 40 32 23 27 -13 28 -23 56 39 -11 29 -12 37 -15 50 61 -3 -14 42 -25 -9 -1 -30 -10 -8 -21 -5 -4 -17 46 -40 -6 -29 -41 51 -18 -53 54 -20 -49 59 58 -58 -7 -27 -2
right_child=2 3 7 8 14 18 9 36 24 11 19 20 13 26 -16 44 30 -19 53 41 -22 22 -24 35 -26 60 -28 48 38 -31 -32 -33 -34 -35 -36 -37 -38 -39 45 49 -42 -43 -44 -45 -46 -47 -48 55 -50 -51 -52 52 -54 -55 -56 -57 57 -59 -60 -61 -62 -63
leaf_value=0.009566738002542409 -0.0015901112764105275 -0.0090919019363373543 0.013172001562876623 0 0.013378873863241637 -0.010110243603587156 -0.019763356898881493 0.03022975168604404 -0.00078687866427749062 0.0014626399052590112 0.00060101078127324794 -0.0086673745768815376 0.012584047066824505 0.0071513183500375721 0.013661150131954803 0.021056023009538651 -0.020355177017830309 0.0057724573105275567 -0.00030313515471620535 -0.0079637090914249416 -0.0086332123326808285 -0.020410641525842245 -0.0073254642349295353 0.014342821188539258 0.014031467082835725 -0.0076933550116233601 0.0067549322320278778 -0.020352660106375809 -0.02088008930201829 -0.0011541441139280796 -0.02037998540670426 0.0078528229992110288 0.00044009451022372084 0.023296494743576271 0.00643111584105901 -9.8023542016711929e-07 0.048964421371407808 -0.020412264232441781 -0.018751316790387041 0.0074113487531915273 -0.019763356898881493 -0.009642867288842805 -0.0004651005889549809 0.022752132214469836 0.02539138212636486 0.0013685559052675879 0.030235990943357351 0.011807033228397368 -0.0086182864764332897 0.020336432330824439 -0.0080182919370681126 -0.0073772593615278664 -0.020353468905620276 0.020156560131877655 0.0077631413067579258 0.012756701995700594 -0.0085931130915880335 -0.00909658078849317 0.0010813954841159214 -0.0085931130915880335 -0.0086332123326808285 0.00662449529760889
leaf_weight=192 358 1230 2744 12497 1537 499 246 6718 504 141 147 737 1780 2412 5427 4617 2275 558 398 969 3016 1609 736 241 729 262 2135 2461 252 133 4947 336 375 572 1929 2852 10987 36 347 2325 11888 492 1653 876 7938 197 25 2137 1899 416 181 278 367 211 177 1862 148 321 45 3394 936 2440
leaf_count=192 358 1230 2744 12497 1537 499 246 6718 504 141 147 737 1780 2412 5427 4617 2275 558 398 969 3016 1609 736 241 729 262 2135 2461 252 133 4947 336 375 572 1929 2852 10987 36 347 2325 11888 492 1653 876 7938 197 25 2137 1899 416 181 278 367 211 177 1862 148 321 45 3394 936 2440
internal_value=0.00520687 -0.0183031 0.0330457 -0.00321475 0.0196756 -0.0108384 -0.0374968 0.0413829 0.00302658 -0.0396437 -0.0192136 -0.0310809 0.0114385 0.015128 0.0273117 0.0366991 -0.0418023 -0.00722967 -0.00261796 -0.0235542 -0.0358671 -0.0215007 -0.0264045 -0.00429209 0.0134327 -0.0176455 0.0101677 -0.0269399 -0.010519 0.005163 -0.0373953 0.0031563 -0.0136021 0.0249873 0.000453669 0.00140433 0.0456594 0.0108952 -0.0164781 0.0105807 -0.0447215 -0.0130951 -0.000529645 0.0292171 0.0388535 -0.00902632 -0.0182172 0.0223397 -0.0279512 0.0129632 -0.0323162 -0.0336169 -0.0234443 0.0133355 0.00719618 0.0198363 -0.00829061 -0.0197961 -0.00126289 -0.00676554 -0.0211802 0.000962844
internal_weight=120147 65138 55009 36470 21129 16417 28668 33880 20053 25274 8131 5092 10166 7032 10963 16175 20182 2163 8286 5968 3753 3394 2345 7500 3974 1339 4680 4507 1049 2545 8048 3134 1605 2352 16079 3093 17705 228 821 3245 12134 1461 14150 3620 12555 569 372 5536 4360 2741 3101 2920 645 786 575 3999 4407 514 193 3893 1198 2798
internal_count=120147 65138 55009 36470 21129 16417 28668 33880 20053 25274 8131 5092 10166 7032 10963 16175 20182 2163 8286 5968 3753 3394 2345 7500 3974 1339 4680 4507 1049 2545 8048 3134 1605 2352 16079 3093 17705 228 821 3245 12134 1461 14150 3620 12555 569 372 5536 4360 2741 3101 2920 645 786 575 3999 4407 514 193 3893 1198 2798
is_linear=0
shrinkage=0.05


Tree=6
num_leaves=63
num_cat=0
split_feature=13 17 13 11 11 13 38 14 11 14 0 14 0 0 14 0 17 11 7 20 14 20 59 60 60 14 47 14 11 3 11 44 20 0 50 20 14 14 14 23 13 32 23 0 0 38 44 22 20 13 18 11 2 22 59 7 0 18 20 12 45 60
split_gain=31167.6 7541.15 2400.51 640.483 546.685 484.204 389.535 279.633 225.893 186.2 164.231 136.887 138.6 130.64 110.061 104.036 103.026 94.5482 89.6333 87.5854 86.8557 77.9021 73.9101 68.0486 60.2834 58.8296 58.5348 57.2085 56.9651 54.692 53.6164 53.5618 52.5672 51.2593 47.1502 46.2299 45.9609 44.9002 40.421 40.0835 39.5288 36.9001 36.438 35.6765 35.5588 35.2586 34.8199 34.9071 34.4465 34.2946 34.0015 33.8937 33.7794 33.7442 44.7108 33.6541 44.8672 33.0667 31.9531 31.7336 31.4751 30.7203
threshold=4.6250000000000009 3.5000000000000004 6.6250000000000009 3.5000000000000004 5.5000000000000009 3.1250000000000004 1.0000000180025095e-35 9.5916666666666686 5.5000000000000009 2.5916666666666672 17.500000000000004 4.6833333333333345 27.500000000000004 26.500000000000004 5.5227272727272743 26.500000000000004 2.5000000000000004 6.5000000000000009 1.5000000000000002 0.060897435897435855 3.5227272727272729 0.099999999999999964 0.90714285714285736 6.4500000000000011 18.150000000000002 1.0000000180025095e-35 8.6100000000000012 5.3484848484848486 4.5000000000000009 -0.99635443704902682 10.500000000000002 17.100000000000005 0.025031328320801956 24.500000000000004 53.910616666666677 0.075031328320801963 6.4226190476190483 3.3484848484848491 3.041666666666667 2.9275181802671209 1.0000000180025095e-35 1.0000000180025095e-35 3.6154505583779444 16.000000000000004 34.500000000000007 7.1250000000000009 15.450000000000001 2.4448585885967296 0.42950487012987015 2.6250000000000004 2.349999999999993 4.5000000000000009 0.99635443704902704 1.4240518575851395 3.9428571428571435 1.5000000000000002 17.500000000000004 0.39999999999999941 0.083333333333333356 1.5000000000000002 16.200000000000003 3.5500000000000003
decision_type=2 2 2 2 2 2 2 8 2 10 2 8 2 2 8 2 2 2 2 2 10 2 2 2 2 8 2 8 2 2 2 2 2 2 2 2 10 10 10 2 2 2 2 2 2 2 2 2 2 2 2 2 2 2 2 2 2 2 2 2 2 2
left_child=1 6 4 5 11 10 21 17 45 16 18 31 36 26 43 22 40 41 37 -17 29 23 -7 -1 25 42 -11 39 32 -12 -9 51 -14 52 46 -19 -13 -3 -21 61 -8 -4 53 -6 -22 -5 -24 -48 -15 -31 -41 -2 55 54 -25 -18 -57 -27 -45 -20 -36 -10
right_child=2 3 7 8 14 15 9 30 27 13 20 12 28 48 -16 19 33 35 59 38 44 -23 34 24 -26 57 -28 -29 -30 49 -32 -33 -34 -35 60 -37 -38 -39 -40 50 -42 -43 -44 58 -46 -47 47 -49 -50 -51 -52 -53 -54 -55 -56 56 -58 -59 -60 -61 -62 -63
leaf_value=-0.019364629555144331 -0.00079171697773476883 -0.008637306839520487 0.012513401484732789 0 0.012709930170079554 -0.0086854148098155955 -0.018775189053937415 0.027144439408598467 0.012013105768511445 -0.008201551716046784 0.0005709602422095839 0.011954844713483277 -0.0010964369082316794 -0.008201551716046784 0.012978092625357063 -0.0090597859482873366 -0.019337418166938791 0.022192290426404773 -0.0082063651971057035 -0.0086473204255104186 -0.0072937212300173918 -0.019119338395566683 0.0014080557257570292 -0.018928860647404955 -0.019366252261743867 -0.018742824822589377 0.0013895079099960574 0.013329893728693943 0.0064171856204264799 -0.019335027101057025 0.043535844807622952 0.0074601818492504805 0.006793752432535694 -0.019360986136369052 -7.7764280766257082e-05 0.02198729302471112 0.022131670006397455 0.00041808978471253867 -0.00042053428409584149 0.0070407813155319524 -0.018775189053937415 0.021627447093521518 0.010210351974241706 0.012154323315372306 -0.0086100479490555885 0.015106171262835762 -0.011397661996651444 0.019519188835294545 -0.020563069879429796 -0.0081873721526116282 0.01931961071428322 0.0064683301084943138 -0.0076173773402147043 -0.018928860647404955 0.016548421235027724 -0.0070083963934514772 -0.01933579546033927 -0.0056465601397761968 0.011184990553589165 0.0089752423680476874 0.0066072114430334285 -0.0011805484086606644
leaf_weight=1131 1421 1230 2780 15957 1537 733 246 5077 115 1195 147 1780 137 2965 5427 498 2275 5594 179 947 511 454 615 55 397 519 144 729 2135 2461 12369 336 2408 4947 1097 7176 572 375 3585 2325 11888 884 258 1815 950 122 24 349 788 1899 416 1377 181 126 136 278 367 318 2184 379 438 389
leaf_count=1131 1421 1230 2780 15957 1537 733 246 5077 115 1195 147 1780 137 2965 5427 498 2275 5594 179 947 511 454 615 55 397 519 144 729 2135 2461 12369 336 2408 4947 1097 7176 572 375 3585 2325 11888 884 258 1815 950 122 24 349 788 1899 416 1377 181 126 136 278 367 318 2184 379 438 389
internal_value=0.00508327 -0.0183192 0.0327949 -0.00323531 0.0195667 -0.0105582 -0.0375072 0.0410435 0.0027598 -0.0396437 -0.0192259 0.0112123 0.0150853 -0.0310809 0.0273117 -0.0020508 -0.0418023 0.036355 -0.00741451 -0.00655834 -0.0235039 -0.0215891 0.00491096 -0.0185974 -0.0125663 -0.00771054 -0.0176455 0.0134327 0.0101036 -0.0269399 0.0454574 0.00251834 0.00504517 -0.0373953 0.00897187 0.0383913 0.0249873 -0.0134153 -0.00436687 0.0105807 -0.0447215 0.0292483 0.00459201 0.0223397 -0.0128899 0.000120958 0.0174874 0.0295321 -0.0358671 -0.0279512 0.0129632 0.000248303 -0.0323162 -0.00674528 0.00648437 -0.0336169 -0.0234443 -0.0161635 0.0198363 0.00983005 0.00347982 -0.00236634
internal_weight=120147 65138 55009 36470 21129 16417 28668 33880 20053 25274 8131 10166 7032 5092 10963 8286 20182 16434 2163 5030 5968 3394 3256 2940 1809 1412 1339 3974 4680 4507 17446 3134 2545 8048 2523 12770 2352 1605 4532 3245 12134 3664 575 5536 1461 16079 988 373 3753 4360 2741 2798 3101 317 191 2920 645 837 3999 558 1535 504
internal_count=120147 65138 55009 36470 21129 16417 28668 33880 20053 25274 8131 10166 7032 5092 10963 8286 20182 16434 2163 5030 5968 3394 3256 2940 1809 1412 1339 3974 4680 4507 17446 3134 2545 8048 2523 12770 2352 1605 4532 3245 12134 3664 575 5536 1461 16079 988 373 3753 4360 2741 2798 3101 317 191 2920 645 837 3999 558 1535 504
is_linear=0
shrinkage=0.05


Tree=7
num_leaves=63
num_cat=0
split_feature=13 17 11 11 13 13 38 14 11 14 0 14 0 11 17 14 47 20 14 7 0 21 20 12 60 11 0 60 14 14 11 3 0 0 14 47 14 20 37 20 21 0 23 13 60 59 23 38 42 13 18 18 14 11 60 51 12 44 14 3 21 20
split_gain=30693.6 7552.78 2300.22 639.312 491.086 446.961 390.561 388.12 225.893 182.112 160.473 124.347 124.27 114.344 103.026 102.946 89.5789 96.636 86.8557 86.012 85.1329 81.2178 77.9021 76.0731 68.0486 62.5952 61.6345 60.2834 58.8296 57.2085 55.5741 54.692 53.3318 51.2593 45.2106 45.0085 43.6979 43.5731 41.2791 40.8292 40.2899 40.2149 40.0835 39.5288 38.8865 38.0798 36.438 35.2586 34.7319 34.2946 34.0015 33.0667 32.4164 32.0657 30.7203 30.2466 29.9761 29.8415 29.7427 29.6833 29.2986 29.1644
threshold=4.6250000000000009 3.5000000000000004 6.5000000000000009 3.5000000000000004 3.1250000000000004 5.6250000000000009 1.0000000180025095e-35 9.2613636363636385 5.5000000000000009 2.5916666666666672 17.500000000000004 5.5227272727272743 26.500000000000004 4.5000000000000009 2.5000000000000004 7.041666666666667 8.6100000000000012 0.18749999999999997 3.5227272727272729 1.5000000000000002 27.500000000000004 1.0000000180025095e-35 0.099999999999999964 3.5000000000000004 6.4500000000000011 4.5000000000000009 26.500000000000004 18.150000000000002 1.0000000180025095e-35 5.3484848484848486 10.500000000000002 -0.99635443704902682 26.500000000000004 24.500000000000004 4.6833333333333345 8.6100000000000012 3.3484848484848491 0.075031328320801963 0.64583333333333337 0.049999999999999954 0.37500000000000006 24.500000000000004 2.9275181802671209 1.0000000180025095e-35 1.2000000000000004 -0.32142857142857134 3.6154505583779444 7.1250000000000009 13.000000000000002 2.6250000000000004 2.349999999999993 0.39999999999999941 4.5916666666666677 4.5000000000000009 3.5500000000000003 4.5000000000000009 2.5000000000000004 15.050000000000002 4.5916666666666677 -0.29696027566504674 1.0000000180025095e-35 0.060897435897435855
decision_type=2 2 2 2 2 2 2 8 2 10 2 10 2 2 2 10 2 2 10 2 2 2 2 2 2 2 2 2 8 8 2 2 2 2 8 2 10 2 2 2 2 2 2 2 2 2 2 2 2 2 2 2 10 2 2 2 2 2 8 2 2 2
left_child=1 6 5 4 10 13 22 11 47 14 19 -4 35 20 43 25 17 23 31 36 45 -14 24 -6 -1 32 -17 28 46 42 -9 -12 48 57 -15 60 -3 -13 -19 -22 -20 -39 54 -8 -40 -2 -26 -5 -7 -33 -44 -30 -47 -28 -10 -53 -21 -16 -41 -25 -11 -61
right_child=2 3 7 8 16 15 9 30 29 12 18 37 21 34 33 26 -18 38 40 56 39 -23 -24 59 27 -27 53 -29 51 -31 -32 49 -34 -35 -36 -37 -38 41 44 58 -42 -43 50 -45 -46 52 -48 -49 -50 -51 -52 55 -54 -55 -56 -57 -58 -59 -60 61 -62 -63
leaf_value=-0.018396398077387112 -0.00095642970944308518 -0.008205441497544463 0.015751950406847827 0 -0.008188762451654152 0.004865760850811085 -0.017836429601240544 0.024930697163402751 0.011412450480085878 -0.0068986096752398536 0.00054241223009910973 0.020580570089524908 -0.0077953350370093101 0.0061023049854215805 -0.018370547258591854 0.027299344745644862 0.013525400884543543 -0.0093679745895974328 -0.0071647121994505517 -0.00020659141811252835 -0.0010416150628201005 -0.0077914741302444468 -0.018163371475788344 0.00050788494028337634 -0.0054520932408953842 0.011481244615510311 0.013013001675538356 -0.018397939648656669 -0.017805683581459907 0.01266339904225925 0.041359052567241809 -0.018368275746004172 0.0056408046947955433 -0.0183929368295506 0.0060981215927490284 0.0013200325144962499 0.00039718529547690953 0.022263741471140464 0.0054730133606038182 -0.0010028795062699159 -0.0087672282688041059 0.017457010294308194 0.0066887422497553528 -0.017836429601240544 3.5709637777892049e-05 0.0067236512256465212 0.0096998343755296153 0.014350862699693974 0.017404418369268704 -0.0077780035449810494 0.018353630178569058 0.0025917156904614047 0.012137111383879252 0.015662219796734145 -0.0011215209882276312 -0.019116378386745736 0.0089480486067720962 -0.0066579765737789015 0.0064776291394769486 -0.0092106237017119622 -0.0077914741302444468 -0.0079789253999292941
leaf_weight=1131 222 1230 4082 15957 937 291 246 4696 115 262 147 5168 737 2375 1984 1399 276 354 969 294 198 3016 454 803 317 4335 976 397 519 729 12810 2461 1035 4947 3522 144 375 3731 720 546 492 4580 2325 11888 3990 503 258 122 558 1899 416 275 798 1571 389 43 264 1117 1613 195 933 1011
leaf_count=1131 222 1230 4082 15957 937 291 246 4696 115 262 147 5168 737 2375 1984 1399 276 354 969 294 198 3016 454 803 317 4335 976 397 519 729 12810 2461 1035 4947 3522 144 375 3731 720 546 492 4580 2325 11888 3990 503 258 122 558 1899 416 275 798 1571 389 43 264 1117 1613 195 933 1011
internal_value=0.0048985 -0.0183254 0.0323986 -0.00322983 -0.010546 0.0188384 -0.0375282 0.0401091 0.0027598 -0.0396675 -0.0192751 0.0348505 -0.0311987 0.0112032 -0.0418023 0.0261799 -0.0019784 -0.00294533 -0.0235039 -0.00759935 0.00453363 -0.0358671 -0.0215891 -0.0101442 -0.0185974 0.0221616 0.0325044 -0.0125663 -0.00771054 0.0134327 0.0453816 -0.0269399 0.0145332 -0.0373953 0.0155892 -0.0180933 -0.0134776 0.0371695 0.00124284 -0.00141858 -0.0128899 0.0349068 0.0105807 -0.0447215 0.00248249 0.0137434 0.00459201 0.000120958 0.0238176 -0.0279512 0.0129632 -0.0161635 0.0170084 0.0278434 -0.00236634 -0.0034326 0.00929338 -0.0323162 0.000576389 -0.00464925 -0.0212751 -0.00960646
internal_weight=120147 65138 55009 36470 16417 19942 28668 35067 20053 25274 8131 17561 5092 9777 20182 10165 8286 8010 5968 2163 3880 3753 3394 2946 2940 6219 3946 1809 1412 3974 17506 4507 1884 8048 5897 1339 1605 13479 5064 2357 1461 8311 3245 12134 4710 1523 575 16079 849 4360 2741 837 1301 2547 504 318 558 3101 2159 2009 1195 1206
internal_count=120147 65138 55009 36470 16417 19942 28668 35067 20053 25274 8131 17561 5092 9777 20182 10165 8286 8010 5968 2163 3880 3753 3394 2946 2940 6219 3946 1809 1412 3974 17506 4507 1884 8048 5897 1339 1605 13479 5064 2357 1461 8311 3245 12134 4710 1523 575 16079 849 4360 2741 837 1301 2547 504 318 558 3101 2159 2009 1195 1206
is_linear=0
shrinkage=0.05


Tree=8
num_leaves=63
num_cat=0
split_feature=13 17 13 11 13 13 11 38 11 14 11 0 0 17 44 24 14 0 14 20 21 14 14 0 25 14 0 11 59 3 16 14 0 2 20 47 14 21 24 13 48 2 14 20 28 14 24 14 20 24 18 13 2 44 28 42 14 12 45 14 44 21
split_gain=29827.8 6820.69 2805.6 575.54 565.531 449.19 427.993 388.015 212.281 182.112 165.479 157.603 124.27 103.026 100.284 96.7833 92.3192 91.0285 89.4216 81.6324 81.2178 75.8785 73.8334 72.0983 69.3519 69.3471 68.1177 59.4424 55.4944 54.692 54.2033 51.2733 51.2593 49.1862 48.0602 45.0085 43.5562 41.7271 40.6425 39.5288 39.2043 38.5801 40.6319 39.0915 37.1745 36.6934 36.4856 35.7129 35.7054 37.5975 34.3101 34.2946 33.7794 33.7496 31.0016 33.0093 30.7598 30.3844 32.2612 30.0023 29.7356 29.2986
threshold=4.3750000000000009 3.5000000000000004 5.8750000000000009 3.5000000000000004 9.8750000000000018 3.1250000000000004 5.5000000000000009 1.0000000180025095e-35 5.5000000000000009 2.5916666666666672 5.5000000000000009 17.500000000000004 26.500000000000004 2.5000000000000004 17.100000000000005 0.041442602365860511 4.6833333333333345 27.500000000000004 3.5227272727272729 0.060897435897435855 1.0000000180025095e-35 5.5227272727272743 3.3484848484848491 26.500000000000004 1.205289373814042 4.9583333333333348 27.500000000000004 4.5000000000000009 0.90714285714285736 -0.99635443704902682 13.750000000000002 5.3484848484848486 24.500000000000004 -0.85421994577343319 0.020835769980506805 8.6100000000000012 6.1742424242424248 0.37500000000000006 0.043880731548761258 1.0000000180025095e-35 25.050000000000004 0.91023613416931248 8.5227272727272751 0.062500000000000069 3.0749846461201087 3.041666666666667 0.043880731548761258 4.5227272727272743 0.099999999999999964 0.0128484262638175 2.1499999999999919 2.6250000000000004 0.99635443704902704 17.100000000000005 3.5122514331893284 27.250000000000004 6.4226190476190483 3.5000000000000004 18.000000000000004 7.041666666666667 15.050000000000002 1.0000000180025095e-35
decision_type=2 2 2 2 2 2 2 2 2 10 2 2 2 2 2 2 8 2 10 2 2 8 10 2 2 8 2 2 2 2 2 8 2 2 2 2 10 2 2 2 2 2 10 2 2 10 2 10 2 2 2 2 2 2 2 2 10 2 2 8 2 2
left_child=1 7 6 5 8 11 14 15 23 13 38 22 35 39 16 24 46 28 29 -19 -14 -10 53 36 -1 -8 56 34 -7 -13 -6 50 52 -17 -28 61 -4 -20 -5 -9 -35 42 43 -23 -40 -21 -2 -30 49 -26 -12 -31 -15 57 55 -51 -18 -3 -59 -25 -24 -11
right_child=2 3 4 10 30 17 25 9 21 12 31 18 20 32 -16 33 26 19 37 45 -22 41 60 59 48 -27 27 -29 47 51 -32 -33 -34 40 -36 -37 -38 -39 44 -41 -42 -43 -44 -45 -46 -47 -48 -49 -50 54 -52 -53 -54 -55 -56 -57 -58 58 -60 -61 -62 -63
leaf_value=-0.0046234501197736757 -0.00040651161712407236 -0.008430219708092079 0.011232636965266675 -6.5489118620698507e-06 0.028791772360845604 -0.0082808224984106671 0.010648765685280637 -0.016944608121178519 0.014094663215518451 -0.0065536791914778576 0.006019611765017985 0.00051529161859414918 -0.0074055682851588483 -0.017450311783452233 0.0084524969692004511 -0.017476675138116828 0.0056831114382808641 -0.0081949531350388634 -0.0068064765894780277 -0.0078356128426417815 -0.0074019004237322224 0.015957971163652385 -0.0088269695575127604 0.0051402578328640369 -0.01896939191010736 0.011396022366712466 -0.00098953430967909663 0.0057914202597677102 0.00075688122240002433 -0.017449861958703961 0.047883610162268386 0.012030229090146283 -0.017473289988073071 0.008286074575235048 0.0060745531608971341 0.0012540308887714403 0.022222253508813496 -0.0083288668553639037 1.8624472983186369e-05 -0.016944608121178519 -0.0051954275676939776 0.02378592524292196 0.022696517645740266 0.016280753901327504 0.0005404130819886999 -0.00075399855077613604 0.0062224386108371554 0.011488771332575066 -0.035123352254644989 -0.017469603935932877 0.013894488711228848 -0.0073891033677319978 -0.0069036096445150297 0.00044463295981318486 -0.0045492339608248777 0.0096289866507644831 0.016185104676238193 -0.0073364798190107107 0.0084337166282537623 0.011772435485884948 0.0091824482685046067 -0.0074019004237322224
leaf_weight=254 2956 783 814 10218 8341 655 3312 246 2894 262 2038 147 737 2920 924 261 1286 469 969 872 3016 3914 292 1254 678 4002 160 1867 1882 2461 8053 479 4947 295 2250 144 1079 492 2876 11888 166 1724 4331 6601 1103 3130 1111 428 380 905 592 1899 181 260 418 37 286 476 49 1447 303 933
leaf_count=254 2956 783 814 10218 8341 655 3312 246 2894 262 2038 147 737 2920 924 261 1286 469 969 872 3016 3914 292 1254 678 4002 160 1867 1882 2461 8053 479 4947 295 2250 144 1079 492 2876 11888 166 1724 4331 6601 1103 3130 1111 428 380 905 592 1899 181 260 418 37 286 476 49 1447 303 933
internal_value=0.00460053 -0.0197108 0.0301294 -0.00416575 0.0374582 -0.0111411 0.0137976 -0.0375351 0.0325739 -0.0396675 0.00210868 -0.0192628 -0.0311987 -0.0418023 0.00748962 -0.021648 0.00601946 -0.0022583 -0.0234537 -0.00676319 -0.0358671 0.0348572 -0.00769177 0.0228934 -0.0260363 0.0231435 0.0100419 0.00676601 0.00453304 -0.0269399 0.0446231 0.0125547 -0.0373953 -0.00538728 0.00157404 -0.0180933 0.0303828 -0.0126847 -0.000179251 -0.0447215 0.00442641 0.0361653 0.0353334 0.0336387 0.00410678 -0.00444542 0.000232301 0.00817611 -0.0286461 -0.0259907 0.00980426 -0.0279512 -0.0323162 -0.0133811 -0.0211572 -0.0261877 0.0189415 -0.0166501 -0.00730989 0.0176332 0.00729027 -0.0212751
internal_weight=120147 61541 58606 32873 40452 15567 18154 28668 24058 25274 17306 8131 5092 20182 10840 3394 9916 7436 5968 4471 3753 19464 2163 4594 2672 7314 5849 4277 2965 4507 16394 3109 8048 722 2410 1339 1893 1461 14197 12134 461 16570 14846 10515 3979 4002 4067 2310 2418 2038 2630 4360 3101 1568 1360 942 1572 1308 525 2701 595 1195
internal_count=120147 61541 58606 32873 40452 15567 18154 28668 24058 25274 17306 8131 5092 20182 10840 3394 9916 7436 5968 4471 3753 19464 2163 4594 2672 7314 5849 4277 2965 4507 16394 3109 8048 722 2410 1339 1893 1461 14197 12134 461 16570 14846 10515 3979 4002 4067 2310 2418 2038 2630 4360 3101 1568 1360 942 1572 1308 525 2701 595 1195
is_linear=0
shrinkage=0.05


Tree=9
num_leaves=63
num_cat=0
split_feature=13 13 17 13 40 38 13 13 14 18 40 40 0 0 13 0 17 15 14 21 24 0 21 14 25 14 14 3 60 14 0 32 37 59 45 47 22 0 27 20 13 0 39 14 50 13 0 45 40 14 18 14 14 14 24 0 21 21 20 18 39 24
split_gain=29275.4 4989.06 4187.06 787.702 411.151 402.121 312.627 242.71 182.112 180.929 150.192 139.552 130.562 124.27 113.143 103.874 103.026 98.6052 93.1638 92.1916 88.1664 86.007 81.2178 79.6188 66.4596 64.343 56.6231 55.2412 51.7939 51.6568 51.2593 48.9362 48.5379 46.641 45.6842 45.0085 44.9507 44.7263 41.4818 40.0213 39.5288 38.2756 42.7837 38.2345 37.095 35.7735 33.9833 33.6405 35.2519 32.1204 32.0836 31.9947 31.7055 31.5743 30.6834 30.2799 29.4596 29.2986 29.0806 28.8197 31.7189 37.9382
threshold=3.6250000000000004 5.6250000000000009 3.5000000000000004 8.8750000000000018 0.28867513459481337 1.0000000180025095e-35 4.8750000000000009 2.6250000000000004 2.5916666666666672 0.84999999999999365 -0.050083542247063323 0.12126781251816651 26.500000000000004 26.500000000000004 12.625000000000002 3.5000000000000004 2.5000000000000004 2.4494897427831805 7.041666666666667 0.62500000000000011 0.041442602365860511 5.5000000000000009 1.0000000180025095e-35 3.3484848484848491 1.205289373814042 7.2613636363636367 3.8452380952380958 0.40966402954315179 2.4500000000000006 4.3484848484848486 24.500000000000004 1.0000000180025095e-35 1.0000000180025095e-35 -0.32142857142857134 19.500000000000004 8.6100000000000012 2.5085492530345475 26.500000000000004 4.3703868225012519 0.083333333333333273 1.0000000180025095e-35 27.500000000000004 0.10497277621629561 6.1742424242424248 2.3121722222222227 6.1250000000000009 16.000000000000004 58.750000000000007 -0.57328315257224249 6.4226190476190483 -0.10000000000000005 5.4226190476190483 7.4226190476190483 2.7638888888888893 0.041442602365860511 24.500000000000004 0.37500000000000006 1.0000000180025095e-35 0.041666666666666553 0.49999999999999989 0.38215776067727586 0.022558696794051803
decision_type=2 2 2 2 2 2 2 2 10 2 2 2 2 2 2 2 2 2 10 2 2 2 2 10 2 8 10 2 2 10 2 2 2 2 2 2 2 2 2 2 2 2 2 8 2 2 2 2 2 10 2 8 8 8 2 2 2 2 2 2 2 2
left_child=2 6 5 10 7 20 9 15 16 21 18 33 23 35 52 54 40 39 31 26 24 -2 -15 34 -1 46 -14 28 -23 50 -18 45 36 -8 -9 57 38 -20 -22 -6 -7 49 -43 -13 -29 -3 -12 48 55 -35 -17 58 -5 -41 -4 -30 -48 -10 -11 60 61 -26
right_child=1 3 4 14 17 8 11 12 13 51 25 43 19 22 -16 29 30 -19 37 -21 32 27 -24 -25 59 -27 -28 44 47 -31 -32 -33 -34 41 -36 -37 -38 -39 -40 53 -42 42 -44 -45 -46 -47 56 -49 -50 -51 -52 -53 -54 -55 -56 -57 -58 -59 -60 -61 -62 -63
leaf_value=-0.0043922776137849898 0.0091337706724297311 0.0054819980069288794 -0.0073642063809401864 0.022974907773314169 3.7297957737381093e-05 -0.016097377715119588 -0.0013660567008011216 -0.0073736584372626314 -0.0062259952319039698 0.011700523605947533 0.016020663534940239 0.010336957205392894 -0.0073574838223234964 -0.0070352898709009071 0.042786072911296082 -0.016609822992759437 -0.007205713789250035 0.0078061540464501866 0.022085547726854084 -0.0074783378030019226 -0.0048237969751249834 0.0065908842645499123 -0.00703180540254561 0.0010017250629734131 -0.017274515234552337 0.018709435662065965 -0.0064301925029507604 0.00052659685775302556 0.0014126162676835641 -0.0067546571806999418 -0.016599625488669424 0.014535436654065426 -0.0062127202743159976 0.0060728095061597653 0.00094099873892881112 0.00119132934433287 0.02981925786525921 0.012661973750349442 0.013164079881662806 -0.0095104641205850937 -0.016097377715119588 0.0055018492467793223 0.0057431230317804179 0.011909786106632759 -0.00030341292804567658 0.010337451147009914 0.011402546521691204 0.0087524842988545692 3.2762797158591987e-05 0.01618192546993491 -0.0069696558280601733 0.010965588966973083 0.025381950935887035 -2.3587270009883812e-05 0.0083810516199860473 -0.0014545570163363886 0.013366595361895883 -0.00703180540254561 0.00598188348687494 -0.0058141442422441573 -0.033368038698017757 -0.014108445211231857
leaf_weight=254 663 1182 181 1018 2155 246 529 1663 262 512 2110 3093 2323 737 9544 2386 3101 1572 1375 1203 236 2227 3016 1257 783 4941 1241 680 578 231 4947 1304 346 1362 238 144 74 2737 66 1947 11888 625 2131 819 5056 3022 1627 157 4868 178 947 617 9790 3634 109 1555 4289 933 1803 495 683 457
leaf_count=254 663 1182 181 1018 2155 246 529 1663 262 512 2110 3093 2323 737 9544 2386 3101 1572 1375 1203 236 2227 3016 1257 783 4941 1241 680 578 231 4947 1304 346 1362 238 144 74 2737 66 1947 11888 625 2131 819 5056 3022 1627 157 4868 178 947 617 9790 3634 109 1555 4289 933 1803 495 683 457
internal_value=0.00429924 0.0250493 -0.0250572 0.0356927 -0.00814421 -0.0374968 0.00840114 -0.0143502 -0.0396675 0.00475477 0.0292609 0.0162102 -0.00934204 -0.0311987 0.0428288 -0.024642 -0.0418023 -0.000289505 0.0245188 -0.0145648 -0.021324 0.0026351 -0.0358671 -0.00145457 -0.0255125 0.0327764 -0.0105175 0.0018612 0.00422384 -0.0269832 -0.0373953 0.0202569 -0.00580221 0.0105149 -0.00791009 -0.0180933 0.00661804 0.03022 -0.0019637 -0.00261018 -0.0447215 0.0122399 0.0087033 0.023229 -0.00200366 0.0176207 0.0299981 0.00215044 0.00163453 0.0185561 -0.0285678 0.0161592 0.0393094 -0.00484504 0.00410653 -0.00372306 0.028037 -0.0212751 0.0134478 -0.0280674 -0.0308446 -0.0260234
internal_weight=120147 70392 49755 42939 21087 28668 27453 11779 25274 18716 22587 8737 7925 5092 20352 3854 20182 9308 9620 4767 3394 15784 3753 3158 2672 12967 3564 15121 9385 3564 8048 5508 722 4825 1901 1339 376 4112 302 7736 12134 4296 2756 3912 5736 4204 8026 7158 7001 1540 3333 2932 10808 5581 290 2133 5916 1195 2315 2418 1923 1240
internal_count=120147 70392 49755 42939 21087 28668 27453 11779 25274 18716 22587 8737 7925 5092 20352 3854 20182 9308 9620 4767 3394 15784 3753 3158 2672 12967 3564 15121 9385 3564 8048 5508 722 4825 1901 1339 376 4112 302 7736 12134 4296 2756 3912 5736 4204 8026 7158 7001 1540 3333 2932 10808 5581 290 2133 5916 1195 2315 2418 1923 1240
is_linear=0
shrinkage=0.05


Tree=10
num_leaves=63
num_cat=0
split_feature=13 17 13 14 38 40 13 40 14 14 14 13 0 13 15 0 17 14 0 21 21 24 18 60 18 44 3 13 0 0 47 0 40 13 47 23 24 0 7 44 44 0 44 3 14 22 24 25 24 13 50 24 27 24 22 24 25 44 22 18 22 21
split_gain=28421.5 5889.61 3191.53 724.166 470.854 411.666 475.87 344.841 180.077 175.848 151.588 139.863 124.27 107.897 107.834 96.43 95.6923 93.5089 84.8971 81.7832 81.2178 75.2906 72.5387 59.1638 58.4132 58.2453 56.0334 51.2418 50.7524 48.9595 48.7062 48.5983 49.8809 45.0996 45.0085 44.5443 55.5507 44.3191 43.4709 42.8765 42.6308 42.0274 40.7003 40.2958 38.7677 38.4761 53.8534 38.1341 36.999 36.7752 36.35 36.3117 35.2987 35.0473 42.9657 34.6631 34.3646 33.8607 33.7994 33.7847 32.6526 32.3863
threshold=4.1250000000000009 3.5000000000000004 5.8750000000000009 8.6833333333333353 1.0000000180025095e-35 0.43915503282684026 3.1250000000000004 -0.10660953674235236 4.9583333333333348 2.5916666666666672 3.5227272727272729 12.625000000000002 26.500000000000004 5.1250000000000009 2.4494897427831805 18.500000000000004 2.5000000000000004 7.041666666666667 27.500000000000004 0.37500000000000006 1.0000000180025095e-35 0.059016137326762912 -0.10000000000000074 6.4500000000000011 1.0000000000000011 17.100000000000005 -0.99635443704902682 4.8750000000000009 24.500000000000004 22.500000000000004 6.6500000000000012 24.500000000000004 -0.56373452100212096 1.0000000180025095e-35 8.6100000000000012 3.6154505583779444 0.022558696794051803 24.500000000000004 1.5000000000000002 17.100000000000005 17.100000000000005 5.5000000000000009 19.450000000000003 -0.99635443704902682 0.26136363636363641 4.3865884072927432 0.044151534306401508 1.205289373814042 0.010259027520836652 2.6250000000000004 93.999929166666661 0.022671776197682753 2.317258230452675 0.036249800842063355 4.3290924922600631 0.030257857059112454 4.4706047358551375 15.15 2.2190408421433094 -1.400000000000001 2.0259803921568635 0.37500000000000006
decision_type=2 2 2 8 2 2 2 2 8 10 10 2 2 2 2 2 2 10 2 2 2 2 2 2 2 2 2 2 2 2 2 2 2 2 2 2 2 2 2 2 2 2 2 2 8 2 2 2 2 2 2 2 2 2 2 2 2 2 2 2 2 2
left_child=1 4 7 17 21 6 10 13 24 16 15 31 34 25 48 38 33 22 -12 51 -14 23 39 -1 27 41 -17 50 -18 -10 55 -5 -33 -6 -11 42 47 -19 -3 53 -15 -2 -25 -43 -23 46 -24 -37 -7 -28 -9 -8 -16 54 -4 -21 -45 -50 -59 -39 -54 -20
right_child=2 5 3 11 9 14 19 8 29 12 18 -13 20 40 52 26 28 37 61 30 -22 44 45 35 -26 -27 49 -29 -30 -31 -32 32 -34 -35 -36 36 -38 59 -40 -41 -42 43 -44 56 -46 -47 -48 -49 57 -51 -52 -53 60 -55 -56 -57 -58 58 -60 -61 -62 -63
leaf_value=-0.016286932178163904 0.012338186940796921 -0.0070367280296707475 0.0012382566430758192 0.028033178628052102 -0.015292508829363605 -0.010155199139758398 -0.0070687004256728197 0.0059303011607030331 0.011875112988124159 -0.006680215132418333 0.0017744174930605706 0.040646769265731277 -0.0066835253773558593 0.0055292066946158406 -0.001655452985719419 0.00084759783111808544 -0.0068454280997875322 0.020404550906489894 -0.0064331475555523994 -0.00065142405084439581 -0.006680215132418333 0.0065745717524154481 0.009052580181345516 -0.015056646299692 0.010392968368741762 0.0082366119411954441 -0.015746877711130793 0.0052108581960288447 -0.015769644214235958 0.0072404682168801032 0.0069132731978529321 0.018047072848781442 0.021889845862035736 -0.015292508829363605 0.001131762877116227 0.00075540517919356906 0.011943116465188043 0.01028808141416312 3.3487308232271754e-06 0.015747023039134136 0.011838852042751136 0.011394073022323249 0.021073685202141493 -0.0004195584825972265 -0.016347558139588016 0.014186636398568809 0.014882022990211664 -0.015044042576435901 -9.1351730132638309e-06 -0.0066517740082292168 -0.0020045025843458686 0.0007946885015548133 -0.0011988742854504575 0.011126632577066109 0.0088254953769965061 -0.00028869189631663961 0.0019459787815629182 -0.0011987650460252631 0.00051783387342149159 0.015840267379044239 0.010802686031628728 -0.0075775970038624296
leaf_weight=1246 216 1284 481 3405 246 309 750 2777 1565 1195 742 9436 737 3251 367 151 3101 3052 799 2557 3016 243 1307 970 1459 532 2328 2096 4947 4049 163 2723 5604 11888 144 159 177 643 436 509 332 182 37 3701 97 2583 2618 465 7461 1887 221 3216 225 2566 1214 3096 1222 197 1545 4311 1491 420
leaf_count=1246 216 1284 481 3405 246 309 750 2777 1565 1195 742 9436 737 3251 367 151 3101 3052 799 2557 3016 243 1307 970 1459 532 2328 2096 4947 4049 163 2723 5604 11888 144 159 177 643 436 509 332 182 37 3701 97 2583 2618 465 7461 1887 221 3216 225 2566 1214 3096 1222 197 1545 4311 1491 420
internal_value=0.00409033 -0.0210438 0.0276193 0.0359057 -0.0371724 -0.00532863 -0.0100979 0.0121017 0.0176648 -0.0395211 -0.0191035 0.0422927 -0.0311987 0.00492688 0.00200457 -0.022999 -0.0416189 0.0288927 -0.00700561 -0.00268783 -0.0358671 -0.0196745 0.0259504 -0.0221588 0.0120301 0.000742228 -0.026951 0.00949853 -0.0373705 0.0242378 -0.00646295 0.0386342 0.0365568 -0.044433 -0.0180933 -0.0163599 -0.00753741 0.033033 -0.0129547 0.0212524 0.0117592 -0.000835212 -0.0233581 -0.00175186 0.00262463 0.0293893 0.0262468 -0.014552 -0.000251761 -0.028023 0.0053001 0.00284724 0.0123057 0.0196023 0.0140006 -0.00724178 -0.00260865 0.00031997 0.00659495 0.0300898 0.0153145 -0.0151189
internal_weight=120147 58092 62055 40452 28668 29424 17829 21603 12167 25274 8047 21168 5092 9436 11595 6086 20182 19284 1961 9782 3753 3394 11278 3054 6553 5853 4366 5094 8048 5614 5816 11732 8327 12134 1339 1808 801 8006 1720 4770 3583 5321 1007 5105 340 6508 3925 624 9512 4215 2998 3966 2083 4261 1695 5653 4923 9203 1742 4954 1716 1219
internal_count=120147 58092 62055 40452 28668 29424 17829 21603 12167 25274 8047 21168 5092 9436 11595 6086 20182 19284 1961 9782 3753 3394 11278 3054 6553 5853 4366 5094 8048 5614 5816 11732 8327 12134 1339 1808 801 8006 1720 4770 3583 5321 1007 5105 340 6508 3925 624 9512 4215 2998 3966 2083 4261 1695 5653 4923 9203 1742 4954 1716 1219
is_linear=0
shrinkage=0.05


Tree=11
num_leaves=63
num_cat=0
split_feature=13 13 17 13 11 11 38 14 21 14 11 0 13 0 14 14 17 11 0 60 44 0 13 0 21 38 15 7 18 20 14 44 14 3 60 20 24 14 3 12 25 15 0 60 44 24 0 60 20 11 52 59 59 59 0 14 39 60 45 49 24 0
split_gain=27837.5 5321.51 3221.31 879.351 644.81 544.409 543.715 189.083 184.412 167.213 139.343 130.733 119.61 106.696 101.41 100.466 98.4112 92.66 86.6006 73.5254 71.4944 68.5321 67.4949 62.7119 58.3629 55.3302 50.5729 48.8185 47.107 61.4822 45.9159 45.5789 44.5928 43.5716 43.0472 43.0283 42.288 41.7088 40.7152 40.6672 40.1657 38.357 37.3708 36.9094 32.1693 33.9637 32.0205 48.3401 31.6984 36.2064 31.667 29.7852 29.3197 29.1175 28.7577 30.8876 28.5528 34.7684 30.0352 27.5142 27.4651 27.2706
threshold=3.3750000000000004 5.6250000000000009 3.5000000000000004 7.8750000000000009 5.5000000000000009 3.5000000000000004 1.0000000180025095e-35 12.174242424242426 1.0000000180025095e-35 3.3484848484848491 5.5000000000000009 27.500000000000004 4.8750000000000009 3.5000000000000004 4.9583333333333348 2.4226190476190479 2.5000000000000004 7.5000000000000009 18.500000000000004 6.4500000000000011 17.100000000000005 3.5000000000000004 2.6250000000000004 26.500000000000004 0.37500000000000006 3.2916666666666674 2.4494897427831805 1.5000000000000002 -0.20000000000000154 0.049999999999999954 5.5227272727272743 17.100000000000005 4.5916666666666677 -0.99635443704902682 2.3500000000000001 0.11556080765639586 0.031050637069297806 1.0000000180025095e-35 -0.060268340127661482 4.5000000000000009 1.205289373814042 0.8164965809277257 35.500000000000007 18.300000000000001 17.100000000000005 0.048967292750140459 12.500000000000002 1.6500000000000004 0.083333333333333273 2.5000000000000004 4.5000000000000009 1.0214285714285716 5.9500000000000011 -0.14285714285714277 26.500000000000004 6.2613636363636376 0.11705169667086442 7.2500000000000009 67.15000000000002 65.000000000000014 0.021195123106423602 16.000000000000004
decision_type=2 2 2 2 2 2 2 10 2 10 2 2 2 2 8 10 2 2 2 2 2 2 2 2 2 2 2 2 2 2 8 2 8 2 2 2 2 8 2 2 2 2 2 2 2 2 2 2 2 2 2 2 2 2 2 10 2 2 2 2 2 2
left_child=2 4 6 10 12 9 19 17 15 18 20 -11 21 25 34 48 -15 54 27 -1 32 -2 -20 46 -13 51 -7 -4 29 38 -12 41 -3 -24 -6 -19 40 43 52 -36 -21 -14 -17 -38 45 -31 -18 -48 -8 -50 -34 -10 -23 -43 55 -5 57 -30 60 -29 -58 -32
right_child=1 3 5 7 14 26 8 -9 13 11 30 24 31 16 -16 42 23 35 22 36 -22 28 33 -25 -26 -27 -28 59 56 44 61 -33 50 -35 39 -37 37 -39 -40 -41 -42 53 -44 -45 -46 -47 47 -49 49 -51 -52 -53 -54 -55 -56 -57 58 -59 -60 -61 -62 -63
leaf_value=-0.015317191346377124 0.01156446652129229 0.0026612657162335576 -0.0067280262388301542 0.013396593149240233 0.010535090736592546 -8.1540099338917035e-06 -0.0081345953805168573 0.038614430802444713 -0.014495429255904746 0.0013211683546692 0.0095503966009101056 -0.0061993505377134772 0.0049469033204101905 -0.014527883387895424 0.010051543446198147 -0.0045859909272604749 -0.015878745224890446 0.022311328815203358 -0.014959533825574257 0.0007176349202338895 0.016606773927635828 0.016217555092134819 0.0010363192062972316 -0.0063462043757974151 -0.0077524536622637537 0.0048109745029867651 0.0068757120425462339 0.0022990738884660967 2.5845871186813697e-06 -0.00065844801008397853 0.017915024052823587 0.0098808011293725073 0.0083459352728844308 -0.0066771033828329947 0.0044161917656344923 0.021082061235137884 0.015491762367694829 -0.0049537487632142496 -0.0067020501208203964 0.0054027287894243053 -0.014565512378640245 -0.0024569341015503454 -0.015666114999748317 -0.014501030772517255 0.0056013260492767288 0.00097828141787539304 -0.0054187646588647444 -0.0063462043757974151 -0.014527883387895424 -0.0019310948182116429 0.032859627405002756 -0.0056790594955414223 -0.00078836824653309441 0.0051979974697870081 0.013906693142663252 0.021527232165330992 -0.0004120177721042895 3.126050827739757e-05 0.014184503670955351 -0.007589982699426923 8.4814217590989394e-05 0.01248413044103276
leaf_weight=1357 386 478 1441 168 1042 5502 158 9451 367 1228 3235 1311 961 10728 3488 576 1451 8280 2374 233 450 57 93 6806 834 124 1379 283 692 4705 1944 430 3646 2378 1719 4875 242 355 448 1581 1156 392 632 51 640 1467 482 1599 1903 198 107 250 294 3026 1713 1033 1531 957 45 197 7659 7559
leaf_count=1357 386 478 1441 168 1042 5502 158 9451 367 1228 3235 1311 961 10728 3488 576 1451 8280 2374 233 450 57 93 6806 834 124 1379 283 692 4705 1944 430 3646 2378 1719 4875 242 355 448 1581 1156 392 632 51 640 1467 482 1599 1903 198 107 250 294 3026 1713 1033 1531 957 45 197 7659 7559
internal_value=0.00403956 0.0228921 -0.0266847 0.0343443 0.00729022 -0.00945273 -0.0369143 0.0402568 -0.039438 -0.016819 0.02568 -0.00771932 0.00317821 -0.0411429 0.0197286 -0.0287039 -0.0417997 0.0369474 -0.0213529 -0.0181134 0.0182924 0.00138465 -0.0249164 -0.0383011 -0.0151654 -0.0224326 0.00140148 -0.0123543 0.000948583 -0.00206844 0.0283927 0.0102173 0.0162677 -0.0191121 0.0146201 0.0387386 -0.0120927 -0.00153313 -0.0151813 0.0118131 -0.0170108 0.00868607 -0.0170347 0.012398 -0.000527668 -0.00163535 -0.0328602 -0.0288401 -0.0349314 -0.036558 0.0180994 -0.0285518 -0.00240057 0.00619918 0.0288491 0.0348128 0.0030588 0.00911818 0.00197542 0.00144491 0.00177293 0.0301499
internal_weight=120147 74459 45688 42939 31520 17020 28668 25520 25274 10139 17419 3373 23690 21807 7830 3467 21066 16069 6766 3394 4681 18881 4845 10338 2145 741 6881 1921 18495 7611 12738 4809 4231 2471 4342 13155 2037 648 799 3300 1389 4379 1208 293 6812 6172 3532 2081 2259 2101 3753 617 351 3418 2914 1201 10884 1649 9235 480 9190 9503
internal_count=120147 74459 45688 42939 31520 17020 28668 25520 25274 10139 17419 3373 23690 21807 7830 3467 21066 16069 6766 3394 4681 18881 4845 10338 2145 741 6881 1921 18495 7611 12738 4809 4231 2471 4342 13155 2037 648 799 3300 1389 4379 1208 293 6812 6172 3532 2081 2259 2101 3753 617 351 3418 2914 1201 10884 1649 9235 480 9190 9503
is_linear=0
shrinkage=0.05


Tree=12
num_leaves=63
num_cat=0
split_feature=13 13 17 11 11 21 11 13 38 14 0 14 14 0 44 12 14 14 0 11 20 0 11 14 24 23 15 14 21 20 0 2 0 44 23 57 12 50 24 41 14 22 59 44 34 46 0 50 0 18 20 22 24 24 24 18 23 14 3 21 49 18
split_gain=24814.2 4289.8 3320.11 992.958 509.737 496.828 393.235 248.52 186.608 185.352 143.774 123.876 111.281 102.128 100.379 98.7255 85.4633 78.8443 78.0743 79.5469 75.6818 63.7919 61.8791 61.7407 60.6715 64.636 56.9697 55.5381 52.0102 48.2912 44.9111 43.852 42.9575 45.0925 41.3881 41.3343 40.871 40.6491 39.781 38.5099 37.5277 37.0343 36.1195 35.0963 35.0674 34.8468 34.1365 33.9104 33.432 33.2985 32.3035 31.9065 37.8453 36.6277 31.5257 31.2473 30.4176 30.4039 30.2434 29.8017 29.0326 28.4754
threshold=3.6250000000000004 6.8750000000000009 3.5000000000000004 5.5000000000000009 3.5000000000000004 1.0000000180025095e-35 9.5000000000000018 4.8750000000000009 1.0000000180025095e-35 3.5916666666666672 24.500000000000004 12.845238095238097 5.3484848484848486 35.500000000000007 17.100000000000005 3.5000000000000004 4.6833333333333345 7.041666666666667 27.500000000000004 6.5000000000000009 0.060897435897435855 5.5000000000000009 2.5000000000000004 1.8452380952380951 0.024049064876534503 1.2517618977093428 2.828427124746193 2.683333333333334 0.62500000000000011 0.07738095238095237 26.500000000000004 0.99635443704902704 18.500000000000004 17.100000000000005 3.0327822176031849 -3.270511141024516 4.5000000000000009 96.743886111111138 0.053420811471555106 3.1357142857142857 1.0000000180025095e-35 2.9021578911284798 17.30714285714286 15.65 1.0000000180025095e-35 13.900000000000002 3.5000000000000004 96.566243055555603 3.5000000000000004 0.29999999999999932 0.096158280125671472 3.1516215861344543 0.044694159389080952 0.037332954550832707 0.035267876667395559 -0.20000000000000082 3.0327822176031849 4.5227272727272743 0.23931566428755766 0.62500000000000011 61.750000000000007 -0.40000000000000069
decision_type=2 2 2 2 2 2 2 2 2 10 2 8 8 2 2 2 8 8 2 2 2 2 2 10 2 2 2 10 2 2 2 2 2 2 2 2 2 2 2 2 10 2 2 2 2 2 2 2 2 2 2 2 2 2 2 2 2 10 2 2 2 2
left_child=2 3 5 7 9 20 17 21 22 15 27 50 36 43 16 32 54 29 -19 -20 24 57 45 58 34 -26 38 31 55 -3 35 -10 33 -4 -1 -17 47 -14 42 -23 60 -18 56 -11 -25 -7 -29 -5 -43 -12 -8 53 61 -41 -9 -15 -6 -2 -22 -38 -27 -53
right_child=1 6 4 12 26 8 11 14 10 13 49 -13 37 28 -16 30 41 18 19 -21 23 39 -24 44 25 40 -28 46 -30 -31 -32 -33 -34 -35 -36 -37 59 -39 -40 51 -42 48 -44 -45 -46 -47 -48 -49 -50 -51 -52 52 -54 -55 -56 -57 -58 -59 -60 -61 -62 -63
leaf_value=-0.032698493005479855 0.0064023179653556863 0.012245934674094345 -0.0071732194553324304 0.006105381939500637 -0.0092161069893391574 -0.015974589914260984 0.022891930686733033 -0.0021471214354313872 -0.013769035086509973 -0.00014515821016579668 -0.014665559896944326 0.037450984165306879 0.010474054092056385 -0.0074794550607865662 0.011202199799498125 -0.0078545092362957321 0.003642755039672374 0.019968655075726857 0.012447649617244394 0.01492436009282825 -0.013801489218500652 -0.0003326921593346466 -0.0010713608451175861 -0.0048944437863799491 -0.013777305139020835 0.019534923038299901 0.0087904240667838526 -0.0002694153447569958 -0.0076220158244705849 0.01208599544304364 -0.0065962769557090239 -0.013769035086509973 -0.0074696947268190986 0.0017265063307314978 -0.013563564828682085 -0.0017382527410988891 0.0081863534919264132 0.0051833513577170809 0.0004410047450071675 -0.0015467838251993883 -0.0037219374648859052 0.028258453342281581 0.00052141917674191078 0.0058095265745320319 -0.013801489218500652 -0.011771302990979383 -0.0060288941570075475 -0.0026646775825095895 0.0049667146062289062 -0.013769035086509973 0.021560475534569981 -0.00020273879422533225 0.0065004804345121462 2.8926678878060664e-05 0.0051230282996442061 0.00049929499350400699 -6.6247822206100263e-06 0.012446206110598868 -0.015869758183710513 0.0090987525393274593 -0.0059016786935657817 6.3846945803947014e-05
leaf_weight=241 289 1502 1154 2446 1520 986 5113 1035 5997 1216 10465 8536 7362 929 767 138 1152 3500 1800 4456 765 2983 408 1136 222 254 1015 177 326 2357 1705 400 3785 206 761 1519 2392 409 1155 984 253 144 719 499 756 266 654 208 4439 4114 4731 2220 1078 3141 772 453 4748 350 742 2123 71 4103
leaf_count=241 289 1502 1154 2446 1520 986 5113 1035 5997 1216 10465 8536 7362 929 767 138 1152 3500 1800 4456 765 2983 408 1136 222 254 1015 177 326 2357 1705 400 3785 206 761 1519 2392 409 1155 984 253 144 719 499 756 266 654 208 4439 4114 4731 2220 1078 3141 772 453 4748 350 742 2123 71 4103
internal_value=0.00467128 0.023775 -0.022356 0.012507 -0.00729538 -0.0334332 0.0372967 0.00608939 -0.0365325 -0.0141057 -0.0377634 0.0420703 0.0225818 -0.00427716 0.0130379 -0.0180589 0.0112813 0.0308494 0.0332474 0.0298857 -0.0194435 0.00227705 -0.0203462 -0.0238368 -0.0111453 -0.000867665 0.00157731 -0.0319816 -0.0129286 0.0247785 -0.0113872 -0.0335644 -0.0224145 -0.0147649 -0.019337 -0.00551568 0.0180816 0.0267299 0.000183593 0.00159511 0.0079361 0.0142687 -0.00123712 0.00433858 -0.0177998 -0.025854 -0.0197656 0.0131431 0.0162838 -0.0406272 0.0382321 0.00290579 0.00486963 -0.00061682 0.0017948 -0.00867317 -0.00245573 0.0177266 -0.0313959 0.0209798 0.0191564 0.00339105
internal_weight=120147 70392 49755 38397 21087 28668 31995 23457 23467 11930 21807 18380 14940 3423 8309 8507 7542 13615 9756 6256 5201 15148 1660 3399 1802 800 9157 7228 1708 3859 3362 6397 5145 1360 1002 1657 7169 7771 8142 14509 578 5735 6987 1715 1892 1252 831 2654 4583 14579 9844 11526 7401 4125 1807 1382 6268 639 1507 4515 325 6323
internal_count=120147 70392 49755 38397 21087 28668 31995 23457 23467 11930 21807 18380 14940 3423 8309 8507 7542 13615 9756 6256 5201 15148 1660 3399 1802 800 9157 7228 1708 3859 3362 6397 5145 1360 1002 1657 7169 7771 8142 14509 578 5735 6987 1715 1892 1252 831 2654 4583 14579 9844 11526 7401 4125 1807 1382 6268 639 1507 4515 325 6323
is_linear=0
shrinkage=0.05


Tree=13
num_leaves=63
num_cat=0
split_feature=13 13 17 11 21 11 11 13 38 14 1 1 14 11 3 7 12 14 2 21 1 14 20 14 1 28 24 11 11 2 14 24 11 20 21 42 13 27 28 24 46 28 17 59 28 24 1 2 38 49 14 2 45 2 14 7 2 21 13 3 38 14
split_gain=23213.5 4245.74 3029.87 893.121 541.406 516.393 435.418 246.556 190.725 178.458 133.568 133.302 111.787 108.286 107.625 96.0071 88.0437 78.7091 71.6558 67.6061 64.1385 62.9456 59.0938 65.392 58.0953 54.9933 92.5275 51.7558 51.6859 50.2273 49.5576 49.2724 41.9143 48.2626 41.3619 41.1423 39.1208 36.7966 40.343 39.5198 36.3649 35.917 34.905 34.8741 33.9385 33.8477 33.5517 32.8145 32.7505 32.205 31.3757 31.3625 52.3231 31.0839 30.1828 30.1625 34.6545 31.178 34.5639 29.6355 30.092 29.4048
threshold=3.6250000000000004 6.8750000000000009 3.5000000000000004 5.5000000000000009 1.0000000180025095e-35 3.5000000000000004 10.500000000000002 4.8750000000000009 1.0000000180025095e-35 3.3484848484848491 7.5000000000000009 6.5000000000000009 12.845238095238097 6.5000000000000009 0.95297903005573359 1.5000000000000002 3.5000000000000004 4.6833333333333345 -0.060268340127661552 0.62500000000000011 1.5000000000000002 5.5916666666666677 0.060897435897435855 1.6833333333333336 6.5000000000000009 4.3770037726552413 0.037595823184384307 2.5000000000000004 6.5000000000000009 0.99635443704902704 6.8452380952380958 0.029489371148199755 4.5000000000000009 0.083333333333333273 0.62500000000000011 20.050000000000004 2.8750000000000004 3.4160668320402103 4.5718712386031468 0.027652939498874304 13.900000000000002 3.4422914612268563 1.5000000000000002 -0.028571428571428498 2.4682714154012975 0.035904386472456709 8.5000000000000018 0.8542199457734333 1.0000000180025095e-35 41.95000000000001 4.5227272727272743 -0.060268340127661552 18.000000000000004 0.8542199457734333 4.154761904761906 1.5000000000000002 0.8542199457734333 0.37500000000000006 2.6250000000000004 1.0000000180025095e-35 3.5833333333333335 9.3484848484848495
decision_type=2 2 2 2 2 2 2 2 2 10 2 2 8 2 2 2 2 8 2 2 2 10 2 10 2 2 2 2 2 2 10 2 2 2 2 2 2 2 2 2 2 2 2 2 2 2 2 2 2 2 10 2 2 2 10 2 2 2 2 2 2 10
left_child=2 3 4 7 22 9 13 20 27 16 14 -11 -8 18 29 21 55 45 61 36 50 34 31 -24 43 26 -15 40 48 42 -20 -1 33 -26 47 54 -13 38 39 -22 -6 -12 -10 -19 -41 -9 -25 -5 -7 -44 -2 -18 53 -53 -17 57 -57 58 -4 -51 -61 -3
right_child=1 6 5 15 8 28 12 17 10 11 41 19 -14 25 -16 35 51 24 30 -21 37 -23 23 46 32 -27 -28 -29 -30 -31 -32 -33 -34 -35 -36 -37 -38 -39 -40 44 -42 -43 49 -45 -46 -47 -48 -49 -50 59 -52 52 -54 -55 -56 56 -58 -59 -60 60 -62 -63
leaf_value=-0.01294454805596601 0.0060822020670879056 0.007609611502565606 -0.013836364285744552 0.0073363452787565293 -0.015175860418547939 0.0065316432729785158 0.022538619077779255 -0.0010757888992378283 -0.033353839634064353 0.00095347776483656332 -0.013763828216198605 -0.0055780352368346225 0.037514516796916024 0.0060579190796385407 -0.0033367818443447274 0.00093316381785803486 -0.0061921105075990693 0.002386476696192619 0.012178340469068107 -0.0069026869320369614 -0.0011694015419128178 0.010888876734797361 -0.01376220550959908 -0.0046332559249865901 -0.0027973430461946339 0.016517773774641566 0.015590418016779774 -0.0010177928028617057 0.011160275244778452 -0.006101625651468612 0.021505421427268485 0.00087453488721688237 0.0044352504555922323 0.0050227835193929656 0.0088190839082033286 -0.00049963754598287278 -0.006411796121824926 0.00018419318667661224 4.5004269364079535e-05 -0.0007885530394695639 -0.011182737841430413 -0.013080583332184471 -0.013035757091662759 0.010482991484339444 6.3413436562048675e-05 0.0048721847271521734 -0.013111414757575624 0.010241491359974165 3.3083054315596885e-06 -0.013080583332184471 0.011823895805068929 -0.0062615776791907557 0.0019377864440099147 -0.0008257909958866716 0.008204040733103957 -0.0075246320946755988 0.0028455042451921101 -0.013118867256887068 -0.0054373328869247511 -0.013080583332184471 -0.0050456183921249627 0.014278541065028905
leaf_weight=1159 289 1665 1180 3340 986 586 7150 1172 1318 1602 8061 832 8156 493 405 316 1460 294 573 542 1586 5477 1274 1048 205 6749 5349 408 618 453 1128 643 1911 1960 3238 480 1480 4846 3191 1170 266 4316 726 1894 3716 873 1077 887 7953 3920 350 774 234 480 1202 543 106 1831 866 2516 92 732
leaf_count=1159 289 1665 1180 3340 986 586 7150 1172 1318 1602 8061 832 8156 493 405 316 1460 294 573 542 1586 5477 1274 1048 205 6749 5349 408 618 453 1128 643 1911 1960 3238 480 1480 4846 3191 1170 266 4316 726 1894 3716 873 1077 887 7953 3920 350 774 234 480 1202 543 106 1831 866 2516 92 732
internal_value=0.00469542 0.0231727 -0.0214456 0.0119627 -0.0320275 -0.00705828 0.0366247 0.00587625 -0.0352627 -0.0139129 -0.036507 -0.00598945 0.0427187 0.0310333 -0.0320109 0.0215176 -0.0186348 0.0127972 0.0239558 -0.0124676 0.00207902 0.0230932 -0.017425 -0.0213074 0.0155778 0.0333343 0.0297613 -0.0189013 0.00187213 -0.0331426 0.0318126 -0.0100915 0.0120419 0.00726916 0.0200971 0.0113032 -0.00873109 0.00139524 -0.000387521 -0.00265642 -0.0239385 -0.0399293 -0.0340015 0.022154 -0.000428688 0.00427419 -0.0159196 0.0168271 0.00086007 -0.0326251 0.0175703 -0.0119006 -0.00677972 -0.0108327 0.0153357 -0.0230163 -0.0129923 -0.0246893 -0.0204177 -0.033741 -0.0379053 0.0183674
internal_weight=120147 70392 49755 38397 28668 21087 31995 23457 23467 11930 21807 4456 15306 16689 9430 14940 7474 8309 4098 2854 15148 12942 5201 3399 6264 12591 5842 1660 9157 9025 1701 1802 4076 2165 7465 1998 2312 14509 9663 6472 1252 12377 8572 2188 4886 2045 2125 4227 8539 7254 639 2948 1488 1254 1518 4526 649 3877 2046 6528 2608 2397
internal_count=120147 70392 49755 38397 28668 21087 31995 23457 23467 11930 21807 4456 15306 16689 9430 14940 7474 8309 4098 2854 15148 12942 5201 3399 6264 12591 5842 1660 9157 9025 1701 1802 4076 2165 7465 1998 2312 14509 9663 6472 1252 12377 8572 2188 4886 2045 2125 4227 8539 7254 639 2948 1488 1254 1518 4526 649 3877 2046 6528 2608 2397
is_linear=0
shrinkage=0.05


Tree=14
num_leaves=63
num_cat=0
split_feature=13 17 13 11 21 11 13 11 11 20 16 17 14 0 0 0 14 18 0 20 21 11 14 60 50 11 24 14 0 14 44 20 22 24 60 14 12 44 23 21 46 30 24 14 23 44 57 58 14 2 7 0 20 11 24 22 22 27 24 23 50 2
split_gain=21024.6 4765.9 2063.22 537.053 481.181 378.544 303.066 276.636 181.617 155.984 143.496 133.87 130.949 119.966 104.712 100.794 97.5737 88.1568 86.2278 87.5725 72.757 61.0628 60.6559 57.7359 56.734 54.8933 54.1601 53.307 52.7929 50.9225 46.911 46.0776 45.984 89.2313 45.2553 40.3128 39.639 38.7397 37.7041 37.1765 36.6691 36.6318 35.4391 35.2136 34.8841 34.6487 34.15 33.4296 33.1694 32.1685 30.9569 30.3479 30.1138 30.0658 29.5547 40.0009 37.6513 28.8916 28.081 31.8763 27.8246 27.6387
threshold=4.6250000000000009 3.5000000000000004 7.6250000000000009 3.5000000000000004 0.37500000000000006 5.5000000000000009 3.1250000000000004 11.500000000000002 5.5000000000000009 0.083333333333333356 1.2500000000000002 1.5000000000000002 4.6833333333333345 3.5000000000000004 2.5000000000000004 27.500000000000004 7.2613636363636367 0.099999999999999853 26.500000000000004 0.060897435897435855 0.62500000000000011 7.5000000000000009 13.174242424242426 6.6000000000000005 97.067380555555573 4.5000000000000009 0.026986049417615603 3.7638888888888893 31.500000000000004 4.5227272727272743 17.100000000000005 0.083333333333333273 5.2291666666666679 0.033516847313741611 18.150000000000002 3.041666666666667 2.5000000000000004 14.65 2.9275181802671209 1.0000000180025095e-35 0.75000000000000011 2.8341383903817303 0.060861033737765358 1.6833333333333336 2.5909378338859352 17.100000000000005 0.12952872847395228 1.5000000000000002 9.2613636363636385 0.91023613416931248 1.5000000000000002 9.5000000000000018 0.075031328320801963 4.5000000000000009 0.020107072490126252 3.5160189075630259 5.3590926566705122 4.5258270612748239 0.019026352202769405 2.4256632238642628 10.812693055555558 0.99635443704902704
decision_type=2 2 2 2 2 2 2 2 2 2 2 2 8 2 2 2 10 2 2 2 2 2 8 2 2 2 2 10 2 8 2 2 2 2 2 10 2 2 2 2 2 2 2 10 2 2 2 2 10 2 2 2 2 2 2 2 2 2 2 2 2 2
left_child=1 4 5 6 9 12 13 21 54 23 39 -6 30 36 -13 45 24 28 27 -20 26 48 -9 -1 32 31 -15 51 -16 38 53 -17 33 -7 41 -21 -3 -26 42 43 -29 -25 -10 -11 -28 47 -42 -14 -4 -35 -46 -8 -23 -2 56 -56 -5 -37 -43 -60 -57 -19
right_child=2 3 7 8 11 16 18 22 29 10 -12 14 15 20 17 25 -18 61 19 35 -22 52 -24 34 37 -27 44 40 -30 -31 -32 -33 -34 49 -36 57 -38 -39 -40 -41 46 58 -44 -45 50 -47 -48 -49 -50 -51 -52 -53 -54 -55 55 60 -58 -59 59 -61 -62 -63
leaf_value=-0.013099867490394823 -0.00081705798163449477 -0.0013851308753869531 0.012120749164323119 -0.0013904043166938053 -0.032620821982732709 0.0039356101265469734 -0.0068716811866810891 0.022661616792129594 -0.0035425169865066944 -0.01473704471398567 -0.012392391921374535 -0.00034894178461277185 0.0055847006725995574 -0.0069749544249903764 -0.012426554165575244 -0.0018913113576562225 0.0132435995888616 -0.012392391921374535 -0.0066408218931208081 -0.0064688053741176034 -0.010536873002431769 0.016873958207777151 0.035638790957070211 -0.010825338750703307 0.0068762725449964873 0.0043149684338551712 -0.0060056588029355597 -0.00076516413168468142 -0.012347565680852823 0.0093023578830857441 0.0055367037651368745 0.0047891212923301231 0.0096849258524018822 0.0086710616576956227 -0.01296043321011916 -0.0052539641136452042 0.0086934437340695728 -0.0040497746492761614 0.0049847419112137416 -0.015929916171131715 0.0098949986251166359 -0.0054689042822520578 0.0059028950058698905 -0.012901196291302864 -0.0048033840477713198 0.013610388264281487 0.0019319191723285889 0.01329860159800419 0.019468638269308738 0.012793414697394057 0.0027581073839630823 0.00046367338405522984 0.017362318233387377 0.0046285754907945623 -7.8460863970675202e-06 -5.2111826924527987e-05 6.7941101755431005e-05 0.0018191711909848474 -0.0002363419115428367 0.021659785147863288 0.00017155941147912747 -0.0045905017915688906
leaf_weight=1236 1486 311 2423 1877 2974 2095 497 5121 272 969 4002 266 1628 2633 3423 306 3049 5445 498 947 1392 4455 7410 713 621 2468 1070 325 5735 1314 343 2661 3580 5958 518 2894 166 172 2201 1950 679 282 187 564 2299 606 439 665 1526 989 260 1316 6041 1406 7260 807 956 691 204 257 5179 130
leaf_count=1236 1486 311 2423 1877 2974 2095 497 5121 272 969 4002 266 1628 2633 3423 306 3049 5445 498 947 1392 4455 7410 713 621 2468 1070 325 5735 1314 343 2661 3580 5958 518 2894 166 172 2201 1950 679 282 187 564 2299 606 439 665 1526 989 260 1316 6041 1406 7260 807 956 691 204 257 5179 130
internal_value=0.00494844 -0.0142725 0.0277085 -0.00228113 -0.0295265 0.0182081 -0.00898678 0.03758 0.00320859 -0.0211243 -0.0250795 -0.0345246 0.0112744 -0.0158442 -0.0325963 0.0145885 0.023079 -0.0331577 -0.00225594 -0.00635957 -0.0173605 0.0328565 0.0430215 -0.011895 0.0212392 0.0105675 -0.0150559 0.00408198 -0.0361824 0.0127786 0.00273331 0.00597877 0.0220546 0.0201476 -0.00657975 -0.00416832 0.00846234 0.00824307 0.00879181 -0.0325043 0.01125 -0.00205559 -0.00422826 -0.0266265 -0.0110868 0.022119 0.0155451 0.0192873 0.0275304 0.0228764 -0.0079082 -0.00162348 0.0348571 0.000655029 0.000842351 0.001834 -0.00379146 -0.00174149 0.00570565 0.0133009 0.0048597 -0.0281824
internal_weight=120147 65138 55009 36470 28668 28033 16417 26976 20053 10695 7485 17973 11569 8131 14999 8334 16464 14733 8286 5030 7654 14445 12531 3210 13415 5435 6262 3256 9158 3974 3235 2967 12622 9042 1974 4532 477 793 2660 3483 1443 1456 459 1533 3629 2899 1118 2293 3949 6947 2559 1813 10496 2892 16079 13246 2833 3585 743 461 5986 5575
internal_count=120147 65138 55009 36470 28668 28033 16417 26976 20053 10695 7485 17973 11569 8131 14999 8334 16464 14733 8286 5030 7654 14445 12531 3210 13415 5435 6262 3256 9158 3974 3235 2967 12622 9042 1974 4532 477 793 2660 3483 1443 1456 459 1533 3629 2899 1118 2293 3949 6947 2559 1813 10496 2892 16079 13246 2833 3585 743 461 5986 5575
is_linear=0
shrinkage=0.05


Tree=15
num_leaves=63
num_cat=0
split_feature=13 17 11 17 11 14 21 14 14 13 11 0 11 11 21 0 38 0 16 0 0 0 20 14 20 21 2 12 14 17 12 24 23 2 14 13 14 14 59 24 0 20 2 0 11 12 14 14 20 23 20 13 24 47 38 48 20 57 14 45 21 23
split_gain=18408 3462.83 2108.64 551.608 489.903 477.301 397.44 364.542 305.382 279.731 230.24 310.213 192.612 171.441 112.006 108.865 102.748 94.2085 93.3188 93.2274 91.2978 89.8019 87.3004 82.3102 82.2634 81.6461 59.7945 58.0455 57.826 52.7924 52.2389 51.7699 56.0357 50.4324 55.9336 48.5017 47.1175 46.7964 45.0758 44.2512 42.4979 41.5904 40.5266 39.9282 39.0657 38.4393 36.409 36.3226 36.0666 35.6053 35.5608 34.7309 34.5247 33.9554 33.3316 32.361 32.2261 31.886 32.1141 30.7131 30.4992 30.4597
threshold=4.6250000000000009 3.5000000000000004 7.5000000000000009 2.5000000000000004 3.5000000000000004 2.5916666666666672 1.0000000180025095e-35 9.6833333333333353 7.041666666666667 3.1250000000000004 2.5000000000000004 25.500000000000004 4.5000000000000009 5.5000000000000009 1.0000000180025095e-35 3.5000000000000004 1.0000000180025095e-35 26.500000000000004 14.250000000000002 3.5000000000000004 26.500000000000004 27.500000000000004 0.075031328320801963 4.2613636363636376 0.41654040404040404 0.37500000000000006 0.8542199457734333 3.5000000000000004 4.7638888888888902 1.5000000000000002 2.5000000000000004 0.024049064876534503 1.2517618977093428 0.91023613416931248 6.6833333333333345 2.6250000000000004 4.5227272727272743 1.6833333333333336 0.3714285714285715 0.026986049417615603 31.500000000000004 0.049999999999999954 0.91023613416931248 26.500000000000004 5.5000000000000009 3.5000000000000004 1.0000000180025095e-35 4.5916666666666677 0.12499999999999996 2.9275181802671209 0.031250000000000056 2.1250000000000004 0.060861033737765358 8.6100000000000012 6.7083333333333348 29.650000000000002 0.18749999999999997 -0.70413413583780604 4.5227272727272743 11.300000000000002 0.37500000000000006 3.1159315076425789
decision_type=2 2 2 2 2 10 2 8 10 2 2 2 2 2 2 2 2 2 2 2 2 2 2 10 2 2 2 2 8 2 2 2 2 2 10 2 8 10 2 2 2 2 2 2 2 2 10 8 2 2 2 2 2 2 2 2 2 2 10 2 2 2
left_child=1 3 8 6 9 10 24 22 12 19 30 51 21 54 -7 -8 48 -10 -9 -3 53 38 -4 26 31 39 45 -27 -14 -18 60 61 -33 34 -24 -13 49 -26 -2 -21 -31 -23 50 59 -19 56 55 -43 -17 52 -30 -12 -15 -16 -6 -34 -11 -40 -59 -25 -5 -1
right_child=2 4 7 5 13 14 15 18 17 23 11 35 28 36 20 16 29 44 -20 25 -22 41 33 43 37 27 -28 -29 42 40 -32 32 46 -35 -36 -37 -38 -39 57 -41 -42 47 -44 -45 -46 -47 -48 -49 -50 -51 -52 -53 -54 -55 -56 -57 -58 58 -60 -61 -62 -63
leaf_value=-0.017121796711397332 -0.00041890371964522501 0.0041125202653449653 0.015904361531014041 -0.012974456035480997 1.1732187393076466e-05 -0.0043986020404912732 -0.011722065845642249 0.01928159073243281 0.018099783145422616 -0.0056421579300906244 -0.0016842762496420806 0.00034831591758168747 0.0044164572704835535 -0.0033653911371813619 -0.0040667936400040853 -0.012941337204154447 -0.030989780883596076 0.0075295203363058508 0.03642152006461221 -0.0061055231338462412 -0.0040242087115084594 -0.0017774769641232036 0.011344384768730837 0.0068475816460836954 -0.028135945989086666 -0.012687739516979313 0.0013658256548866876 -0.0052025543917544777 0.0064726335335354435 -0.011805226457296493 -0.012701751267730833 -0.012478499157040336 0.016960604632520884 0.019057215636152893 0.014465914790256518 0.00039090084607731337 0.008837239988931456 -0.011836224423628106 0.012971339057720034 -0.0042381151938432338 -0.011764349641010897 -0.0014179931841578508 0.01018691438349506 8.2683133807059949e-05 0.0096519892964731079 -0.0057359268178456442 -0.0046504048584146088 0.0040640375332332114 -0.027864825597084628 0.0047355048156530579 0.0067059671659552792 -0.00068901481535124101 0.0056077502555763941 0.00091076261735996151 0.011805249785177508 -0.0061063940360578939 -0.0062872404929906868 -0.00052136911992767265 0.0080099700989769707 0.012722406597174041 -0.013340169911223243 -0.011590137523943722
leaf_weight=281 443 477 5272 1199 15888 770 433 8464 2250 706 809 1952 4248 272 752 901 3341 1883 7096 1756 2591 242 2354 528 969 2077 961 1281 1810 3031 1948 224 282 1149 4494 604 1314 732 759 2540 4356 700 917 1838 2470 2864 308 2219 168 2201 7126 794 187 82 191 45 1050 345 768 339 1308 788
leaf_count=281 443 477 5272 1199 15888 770 433 8464 2250 706 809 1952 4248 272 752 901 3341 1883 7096 1756 2591 242 2354 528 969 2077 961 1281 1810 3031 1948 224 282 1149 4494 604 1314 732 759 2540 4356 700 917 1838 2470 2864 308 2219 168 2201 7126 794 187 82 191 45 1050 345 768 339 1308 788
internal_value=0.00569918 -0.012286 0.0269959 -0.0252885 -0.00206452 -0.0175679 -0.0315224 0.0363248 0.0167219 -0.00846906 -0.0108294 -0.00236659 0.0135839 0.00317867 -0.0313978 -0.0358348 -0.0367389 0.0260214 0.0415201 -0.0150572 -0.0352729 0.0056226 0.0302295 -0.00200253 -0.0169821 -0.0163939 -0.00547205 -0.0222373 0.0166746 -0.0382137 -0.0187264 -0.00989891 -0.00075 0.0269249 0.0252876 0.00844544 0.0124767 -0.0249971 0.0131023 -0.011821 -0.0358345 0.000140734 0.0187787 0.00515336 0.0217145 -0.00783272 0.00683176 0.00179623 -0.0219112 0.00864149 0.0177459 -0.0196041 -0.00401087 -0.0208323 0.000879664 0.0184299 -0.0136568 0.0164949 0.0110817 0.0139919 -0.0235028 -0.0172383
internal_weight=120147 65138 55009 28668 36470 12809 15859 28829 26180 16417 8614 4159 19577 20053 4195 12230 11797 6603 15560 8131 3425 5476 13269 8286 3629 7654 5581 3358 14101 10728 4455 1928 859 7997 6848 2556 3974 1701 2315 4296 7387 3161 9853 2705 4353 4620 635 2919 1069 2660 8936 1603 459 834 16079 327 1756 1872 1113 867 2507 1069
internal_count=120147 65138 55009 28668 36470 12809 15859 28829 26180 16417 8614 4159 19577 20053 4195 12230 11797 6603 15560 8131 3425 5476 13269 8286 3629 7654 5581 3358 14101 10728 4455 1928 859 7997 6848 2556 3974 1701 2315 4296 7387 3161 9853 2705 4353 4620 635 2919 1069 2660 8936 1603 459 834 16079 327 1756 1872 1113 867 2507 1069
is_linear=0
shrinkage=0.05


Tree=16
num_leaves=63
num_cat=0
split_feature=13 17 11 17 14 11 16 14 14 13 11 0 11 11 0 0 0 11 24 27 0 0 17 14 7 12 2 40 0 2 12 14 13 60 57 14 24 23 13 47 23 24 14 11 3 34 2 44 39 44 60 12 50 0 7 12 40 0 2 23 28 50
split_gain=17422.4 3377.71 2046.43 604.861 533.869 441.635 387.849 355.764 285.216 265.432 177.13 299.784 172.509 160.271 118.924 106.879 102.631 87.498 84.4148 83.8605 82.9467 79.2807 78.8491 63.025 61.9141 59.5285 54.8047 53.8688 52.7808 52.3635 51.3579 51.3421 48.8093 47.6704 44.1055 43.2193 39.7159 78.2556 38.9534 37.5596 36.4124 41.3727 35.9563 35.3529 35.3377 33.3895 32.6635 32.1779 31.1241 31.0123 30.0385 29.8285 29.4069 29.7097 28.8468 28.7022 28.2187 27.7821 28.5751 27.0543 29.9816 26.9351
threshold=4.6250000000000009 3.5000000000000004 7.5000000000000009 2.5000000000000004 2.5916666666666672 3.5000000000000004 1.0000000180025095e-35 9.6833333333333353 7.041666666666667 3.3750000000000004 2.5000000000000004 25.500000000000004 4.5000000000000009 5.5000000000000009 3.5000000000000004 26.500000000000004 3.5000000000000004 13.500000000000002 0.059016137326762912 3.3207720474597116 26.500000000000004 27.500000000000004 1.5000000000000002 6.154761904761906 1.5000000000000002 2.5000000000000004 0.99635443704902704 -0.499999999999999 17.500000000000004 0.98182534576205305 3.5000000000000004 4.7638888888888902 2.6250000000000004 6.6000000000000005 0.18316798440377016 3.041666666666667 0.060861033737765358 2.4256632238642628 2.1250000000000004 8.6100000000000012 3.6154505583779444 0.019241118756377053 4.5916666666666677 5.5000000000000009 -0.40966402954315212 1.0000000180025095e-35 0.91023613416931248 19.450000000000003 0.067923561081132525 15.65 1.4500000000000002 2.5000000000000004 93.999929166666661 34.500000000000007 1.5000000000000002 1.5000000000000002 0.25116550748367655 27.500000000000004 -0.35460488704253573 2.5066151214696393 1.5384784224852228 96.566243055555603
decision_type=2 2 2 2 10 2 2 8 10 2 2 2 2 2 2 2 2 2 2 2 2 2 2 10 2 2 2 2 2 2 2 8 2 2 2 10 2 2 2 2 2 2 8 2 2 2 2 2 2 2 2 2 2 2 2 2 2 2 2 2 2 2
left_child=1 3 8 6 10 9 18 23 12 16 25 38 21 61 55 39 51 57 27 30 -10 34 -16 -4 35 -5 31 -1 -26 44 -18 -14 -13 -29 -2 -11 37 -15 -12 -6 47 45 -23 -22 50 -42 -25 -35 -33 -21 -24 -3 53 -50 -39 -8 -46 -9 -59 60 -20 -7
right_child=2 5 7 4 15 13 14 17 20 24 11 32 26 36 22 -17 19 -19 59 49 43 42 29 46 28 -27 -28 33 -30 -31 -32 48 -34 40 -36 -37 -38 54 -40 -41 41 -43 -44 -45 56 -47 -48 -49 52 -51 -52 -53 -54 -55 -56 -57 -58 58 -60 -61 -62 -63
leaf_value=-0.028326499984530754 0.0094982349714777259 -0.0011148553626489589 0.012892124524555527 -0.01264124048348747 -0.0038634539580038822 1.5090342161516723e-05 -0.011449881828206211 0.021544357166929175 0.017194793988151488 -0.0068084332026043699 -0.001600062437159977 0.00033090012170260423 0.0041710160102404808 -0.0083470416942333821 -0.029440291839416266 -0.0038229982759330318 -0.0065625020915953854 0.032035775405986101 0.0051529579568992852 -0.0046556818676893987 0.0071530443194905537 -0.0014335841045213351 -0.0011919722961662106 0.014247480041840177 0.013320711505245098 -0.012066663704344295 0.013577963310889785 -0.012314876444024582 9.5304067133028528e-05 -0.011214965134431654 -0.0051682495719240999 0.0040310484660033953 0.00037135580377344328 -0.011907812051876222 0.0023600213613812816 9.3209095511359585e-06 0.010789724607102025 0.0056615351648470758 -0.00065456407458367458 0.0015113465258552172 -0.0027526815873813119 0.0091739595629996614 0.0033634649193414524 0.0091693898316494559 -0.011184554843255257 -0.028906967942800694 0.018407175599052149 0.019559589494606146 0.0079897810981936612 0.00080387821327193576 -0.011214965134431654 0.0092970634637237811 0.002045807127645649 0.0053389537409937356 0.00022225345564376165 0.00087980849521972497 -0.011214965134431654 0.016766698581797867 0.013066532558964028 0.023836116092606892 -0.01724606182163322 -0.00076563969752483372
leaf_weight=623 1317 329 3349 2507 941 15232 241 2244 2250 1020 809 1952 4154 141 3430 3160 4062 8250 149 2622 1883 765 90 8665 497 1948 269 1065 536 491 2346 719 604 855 998 4225 587 2775 794 94 371 220 2396 2470 3169 164 1255 39 3829 574 2081 206 603 4527 471 124 2594 4452 614 88 65 847
leaf_count=623 1317 329 3349 2507 941 15232 241 2244 2250 1020 809 1952 4154 141 3430 3160 4062 8250 149 2622 1883 765 90 8665 497 1948 269 1065 536 491 2346 719 604 855 998 4225 587 2775 794 94 371 220 2396 2470 3169 164 1255 39 3829 574 2081 206 603 4527 471 124 2594 4452 614 88 65 847
internal_value=0.00548278 -0.0120142 0.0262015 -0.0248559 -0.0167717 -0.0019192 -0.0313837 0.0353918 0.0160802 -0.00800006 -0.00964539 -0.00222236 0.0130476 0.00305899 -0.0356513 -0.0313978 -0.0130025 0.0405241 -0.0170453 -0.01419 0.0250674 0.00551305 -0.036517 0.0293704 7.88342e-05 -0.016572 0.0159726 -0.0193364 0.0112621 -0.0339004 -0.0174902 0.015535 0.00840634 -0.0162781 0.012541 -0.00212448 0.0120491 0.00996015 -0.0191677 -0.017418 -0.0109364 -0.0028373 0.000362113 0.0210255 -0.0348828 -0.0103451 0.0313774 -0.0177598 0.0175323 -0.00756803 -0.0293946 0.00829291 0.0167238 0.0174937 0.0115476 -0.0075 -0.036944 0.0365196 0.0344375 0.00823432 -0.00137209 0.000836132
internal_weight=120147 65138 55009 28668 12809 36470 15859 28829 26180 16417 8614 4159 19577 20053 12220 4195 10139 15560 3639 9604 6603 5476 11855 13269 6278 4455 14101 3337 1033 8425 6408 13832 2556 2714 2315 5245 3974 3387 1603 1035 1649 755 3161 4353 7934 535 9920 894 9678 3196 2171 535 8959 8356 3246 365 5763 7310 5066 302 214 16079
internal_count=120147 65138 55009 28668 12809 36470 15859 28829 26180 16417 8614 4159 19577 20053 12220 4195 10139 15560 3639 9604 6603 5476 11855 13269 6278 4455 14101 3337 1033 8425 6408 13832 2556 2714 2315 5245 3974 3387 1603 1035 1649 755 3161 4353 7934 535 9920 894 9678 3196 2171 535 8959 8356 3246 365 5763 7310 5066 302 214 16079
is_linear=0
shrinkage=0.05


Tree=17
num_leaves=63
num_cat=0
split_feature=13 17 11 17 14 11 16 14 13 16 11 0 11 20 11 0 0 0 44 11 14 17 24 14 0 12 12 20 13 7 20 23 60 13 22 24 0 20 0 29 14 37 23 24 47 14 23 59 44 38 24 0 41 38 24 0 20 22 24 24 7 50
split_gain=16597.4 3279.24 2032.82 628.146 575.705 421.265 413.071 392.024 247.551 236.956 171.713 260.494 153.26 149.386 146.912 122.344 121.196 106.879 94.9269 94.7844 93.8513 82.2334 72.768 67.818 63.7801 62.984 61.0321 62.1885 55.2144 53.3031 53.0704 52.1144 50.1118 48.8093 47.447 85.9981 46.1001 45.1119 44.6798 40.359 40.1426 39.3234 38.191 39.6679 37.5596 37.5335 36.9206 36.7973 36.0476 35.1344 35.0295 34.5767 53.9783 33.2623 31.4154 30.6139 30.2497 28.4168 48.5646 27.8114 27.1436 40.0421
threshold=4.6250000000000009 3.5000000000000004 8.5000000000000018 2.5000000000000004 2.5916666666666672 3.5000000000000004 1.0000000180025095e-35 6.2613636363636376 3.3750000000000004 14.250000000000002 2.5000000000000004 25.500000000000004 4.5000000000000009 0.12499999999999996 5.5000000000000009 3.5000000000000004 24.500000000000004 26.500000000000004 14.950000000000001 5.5000000000000009 7.4226190476190483 1.5000000000000002 0.029489371148199755 3.683333333333334 27.500000000000004 2.5000000000000004 3.5000000000000004 0.18572330447330446 2.1250000000000004 1.5000000000000002 0.062499999999999958 3.1159315076425789 1.0000000180025095e-35 2.6250000000000004 4.8304665314401634 0.041442602365860511 33.500000000000007 0.33737530851501446 17.500000000000004 3.2304919289981329 2.7638888888888893 0.93750000000000011 2.9275181802671209 0.059728937492553855 8.6100000000000012 9.4226190476190492 5.3668331747089804 0.47142857142857147 12.550000000000002 4.5833333333333348 0.078511728461787875 12.500000000000002 7.4000000000000012 7.1250000000000009 0.044458788936227955 49.500000000000007 0.049075102529049862 4.3865884072927432 0.053268029321017853 0.039556224026161158 1.5000000000000002 60.262079166666673
decision_type=2 2 2 2 10 2 2 8 2 2 2 2 2 2 2 2 2 2 2 2 8 2 2 10 2 2 2 2 2 2 2 2 2 2 2 2 2 2 2 2 10 2 2 2 2 10 2 2 2 2 2 2 2 2 2 2 2 2 2 2 2 2
left_child=1 3 7 6 10 8 13 12 18 20 25 28 24 22 53 -8 45 44 26 -18 -4 -17 31 32 47 -5 27 49 48 30 -10 -1 -20 -13 35 -14 51 -19 59 -24 -32 -29 50 -44 -6 -9 54 -2 -12 -3 -16 -23 -53 60 -21 57 -26 58 -22 -31 61 -7
right_child=2 5 9 4 17 14 15 16 29 -11 11 33 34 -15 42 21 19 37 23 46 55 36 39 -25 56 -27 -28 41 -30 38 40 -33 -34 -35 -36 -37 -38 -39 -40 -41 -42 -43 43 -45 -46 -47 -48 -49 -50 -51 -52 52 -54 -55 -56 -57 -58 -59 -60 -61 -62 -63
leaf_value=-0.013154433037747 -0.00054964561527544038 -0.0059044588241715995 0.015489659486299956 -0.012009178459313097 -0.0036702812601036917 -1.1463414477153045e-05 -0.0096037474072712351 0.011685736905944145 -0.0067207850411179883 0.032998655291082306 0.00014993992422971392 0.00031435511561747067 0.0031544400629143657 -0.026910174985304215 -0.0022142363874237182 -0.027968277247445453 0.0053319592218251336 -0.0036318483621363808 0.016821005808447642 0.0063505477184397753 0.011482205991071815 -0.010655924989920119 -0.0092249044274784094 0.0045122053817369112 -0.0018002127963813953 -0.011463330519127081 -0.0047344784872988379 -0.011692773304559902 -0.00062183587085449252 0.0067556773524601217 -0.006786134905701003 -0.010369688427124969 -0.0044661367174892884 0.00035278801358477055 0.0062363638010189074 0.0061842175481947375 -0.01062209847432365 -0.0040234822817234233 9.0538863776379327e-05 0.0061440532774715284 0.00024923353883655742 -0.0038902504061081645 0.0046263412377825835 0.012700042575059411 0.0014357791995624593 0.026245895433002042 0.010955138198152359 0.0077419003473701842 -0.013025903248220295 0.0062861496391940835 0.0083927326072974658 -0.010654216877710065 -0.010654216877710065 0.01216699756278148 0.0092340814022690461 0.012425647277860052 5.7244394037281322e-05 0.017880856115739453 0.016622944685612494 0.017759292925687894 -0.00038693846487596333 0.00014197689310084806
leaf_weight=606 454 1118 3906 2507 941 8825 365 3482 514 7102 291 1952 4016 749 421 3430 3320 2381 73 1494 664 1282 495 547 170 1948 2980 2480 794 295 669 1341 1500 604 3725 4943 4833 779 536 448 4062 1394 3038 373 94 774 1876 1528 518 47 142 613 1697 122 3462 546 2275 7302 3970 202 1783 5349
leaf_count=606 454 1118 3906 2507 941 8825 365 3482 514 7102 291 1952 4016 749 421 3430 3320 2381 73 1494 664 1282 495 547 170 1948 2980 2480 794 295 669 1341 1500 604 3725 4943 4833 779 536 448 4062 1394 3038 373 94 774 1876 1528 518 47 142 613 1697 122 3462 546 2275 7302 3970 202 1783 5349
internal_value=0.00528303 -0.0117947 0.0255053 -0.0244478 -0.0162096 -0.00184791 -0.0310999 0.0172064 -0.00778688 0.0366394 -0.00880963 -0.0015012 0.0120877 -0.0163036 0.00301411 -0.0355041 0.0232837 -0.0313978 -0.0126179 0.0203088 0.0333269 -0.036382 -0.0111363 -0.00320368 0.0040752 -0.0156295 -0.0151054 -0.0184613 -0.0172974 1.51298e-05 -0.00202917 -0.0166555 -0.0084784 0.00840634 0.0148833 0.0129068 -0.0337105 -0.035968 0.0103917 0.000259534 -0.000368766 -0.0154052 0.0116214 0.0136123 -0.017418 0.0303723 0.0236785 0.0107388 -0.00808025 -0.0285978 -0.000434397 -0.0293891 -0.025701 0.000885883 0.0214031 0.0354478 -0.00132666 0.0359801 0.0328792 0.0211747 0.000685863 0.00141764
internal_weight=120147 65138 55009 28668 12809 36470 15859 31519 16417 23490 8614 4159 17111 3639 20053 12220 14408 4195 10139 10152 16388 11855 2890 2120 4427 4455 8019 5039 1603 6278 5245 1947 1573 2556 12684 8959 8425 3160 1033 943 4731 3874 3974 3411 1035 4256 6832 1982 809 1165 563 3592 2310 16079 4956 12482 2445 11936 4634 497 15957 14174
internal_count=120147 65138 55009 28668 12809 36470 15859 31519 16417 23490 8614 4159 17111 3639 20053 12220 14408 4195 10139 10152 16388 11855 2890 2120 4427 4455 8019 5039 1603 6278 5245 1947 1573 2556 12684 8959 8425 3160 1033 943 4731 3874 3974 3411 1035 4256 6832 1982 809 1165 563 3592 2310 16079 4956 12482 2445 11936 4634 497 15957 14174
is_linear=0
shrinkage=0.05


Tree=18
num_leaves=63
num_cat=0
split_feature=16 11 11 12 11 14 14 14 36 11 39 14 14 14 0 0 11 39 0 0 16 11 44 16 14 20 0 16 12 57 60 18 14 0 0 20 14 11 22 2 0 20 14 2 0 60 7 14 27 20 11 14 0 20 14 0 20 39 45 0 27 7
split_gain=15598.1 2751.99 2054.1 957.842 483.875 371.071 283.384 248.557 325.731 206.787 170.838 222.79 155.782 120.71 110.85 110.359 97.1363 93.7248 89.4211 87.5223 79.4171 75.184 74.9528 70.0143 64.912 139.9 123.052 72.6843 70.0194 56.6872 56.6517 54.8615 54.5657 54.0583 52.9056 52.7817 51.5946 49.6893 46.785 45.076 44.5919 44.2847 41.6241 40.5961 38.755 38.0305 37.99 37.8631 36.5975 36.1275 35.8098 35.3188 34.935 33.5737 33.1013 32.646 32.3204 31.2956 30.8868 29.7646 29.7564 29.6329
threshold=4.7500000000000009 2.5000000000000004 7.5000000000000009 2.5000000000000004 3.5000000000000004 11.845238095238097 6.1742424242424248 2.1547619047619051 4.5000000000000009 5.5000000000000009 0.13205891141466758 2.5916666666666672 4.4226190476190483 7.8452380952380958 27.500000000000004 29.500000000000004 4.5000000000000009 0.21883578073248572 34.500000000000007 26.500000000000004 3.7500000000000004 1.5000000000000002 17.100000000000005 1.0000000180025095e-35 2.5916666666666672 0.18055555555555558 25.500000000000004 2.7500000000000004 3.5000000000000004 0.18316798440377016 6.6000000000000005 -0.20000000000000082 17.041666666666668 26.500000000000004 34.500000000000007 0.21250000000000008 1.591666666666667 4.5000000000000009 4.8304665314401634 0.91023613416931248 3.5000000000000004 0.11556080765639586 8.5227272727272751 0.91023613416931248 27.500000000000004 18.150000000000002 1.5000000000000002 4.6833333333333345 4.7607796964939828 0.38333333333333341 8.5000000000000018 4.5227272727272743 24.500000000000004 0.08294552669552667 3.9128787878787885 23.500000000000004 0.39379960317460322 0.2309401076758506 5.6500000000000012 3.5000000000000004 3.7076997420423803 1.5000000000000002
decision_type=2 2 2 2 2 10 10 8 2 2 2 10 10 8 2 2 2 2 2 2 2 2 2 2 10 2 2 2 2 2 2 2 10 2 2 2 10 2 2 2 2 2 10 2 2 2 2 8 2 2 2 8 2 2 10 2 2 2 2 2 2 2
left_child=1 3 6 7 10 13 16 8 17 -6 11 15 19 35 42 -3 22 53 40 29 24 34 60 -23 26 28 57 -27 59 46 -10 -28 -7 -14 36 43 61 -16 39 47 -9 -15 -8 58 -29 -32 55 -18 -21 -42 51 -11 -43 -1 -46 -5 -25 -12 -4 -26 -2 -19
right_child=2 4 5 12 9 32 14 18 30 50 20 -13 33 41 37 -17 38 21 -20 48 -22 23 -24 56 25 27 31 44 -30 -31 45 -33 -34 -35 -36 -37 -38 -39 -40 -41 49 52 -44 -45 54 -47 -48 -49 -50 -51 -52 -53 -54 -55 -56 -57 -58 -59 -60 -61 -62 -63
leaf_value=-0.025590362814179892 -0.00055178829759781054 -0.00048174258552577956 0.010516186163608776 -0.0062542285088741378 9.0578036656685512e-06 0.020191543647744004 0.010487663545605336 0.00011257368480264152 -0.011439594415279086 0.0033081492670222535 -0.0010683084463416815 -0.0034160936998288596 0.011747876392982482 0.015687202268043699 0.0042857092612802131 0.00036931085710623091 0.0024183480330344787 -0.025635189054701604 -0.011477376845118481 -0.0096205583290264306 0.00063428227718757011 -0.009721793753725989 0.0099220176871741231 -0.01012321414603461 0.0040347839371578601 -0.0033971472011189888 -0.0037890489852130064 0.0023845995255730723 -0.0049768331606773967 -0.0053377485746391564 0.00072302103556829431 0.00029863735983659545 0.040464799949623889 1.1564866138036313e-05 -0.026569863385073181 0.010205365108065384 -0.010705558777040958 0.0070231525638850935 0.0056896037766867476 0.0069760943148992954 -0.010122941142772891 0.017145003117161807 0.022542884595433955 0.016171323202017581 -0.0048151363414779885 -0.010855477591766256 0.0042672937153876876 0.0044848049491812425 -0.0031937332986616885 -0.0061379878827801278 0.017417656405777037 0.0077763077293526942 0.012949350712027753 -0.0091899711622245635 0.00074334668466707887 0.0022064375448735407 -0.010123128740424115 -0.0030755189381902861 0.01302127321403569 -0.0034928408725251828 0.0043107800891559189 -0.011696465462273709
leaf_weight=2508 2447 129 1934 875 16161 5531 2674 509 644 2357 452 988 480 6559 1623 260 2804 2248 3787 3665 1879 450 486 2990 53 1154 265 749 539 1340 881 2692 4012 761 3278 1910 825 4861 3441 937 1323 1910 990 824 712 288 710 4671 534 1323 693 1237 2750 217 565 374 926 1608 3003 1445 1313 593
leaf_count=2508 2447 129 1934 875 16161 5531 2674 509 644 2357 452 988 480 6559 1623 260 2804 2248 3787 3665 1879 450 486 2990 53 1154 265 749 539 1340 881 2692 4012 761 3278 1910 825 4861 3441 937 1323 1910 990 824 712 288 710 4671 534 1323 693 1237 2750 217 565 374 926 1608 3003 1445 1313 593
internal_value=0.00511324 -0.0113513 0.0248257 -0.0219868 -0.00147014 0.0341368 0.0147381 -0.0273834 -0.0308407 0.00337889 -0.00882032 -0.0255044 -0.00791133 0.0300723 0.0212824 0.00652564 0.0106115 -0.0334173 -0.0194865 -0.0106274 -0.00692133 -0.0314026 0.00411938 -0.0262411 -0.00865608 -0.0125613 -0.00459247 -0.00600283 -0.0227895 -0.00452879 -0.0108848 0.00194219 0.0421778 0.00849034 -0.0346429 0.0252275 -0.0304868 0.017347 0.0129361 0.010923 -0.0132589 0.0333819 0.0282387 0.0276198 -0.000293537 -0.00431197 0.000890306 0.00962346 -0.0154155 -0.0158651 0.0131402 0.0111252 0.0296278 -0.0417627 -0.00559077 -0.004356 -0.0283878 -0.0139714 0.02589 -0.0283489 0.00172693 -0.0336893
internal_weight=120147 65467 54680 31529 33938 28433 26247 22790 15848 20448 13490 1377 8739 18890 10148 389 16099 14035 6942 7498 12113 11310 4246 4366 10234 5217 5017 3180 2037 3299 1813 2957 9543 1241 6944 7671 3666 6484 11853 8412 3155 11219 3664 5761 2026 1169 1959 7475 4199 2646 4287 3594 4660 2725 1277 1249 3916 2060 4937 1498 3760 2841
internal_count=120147 65467 54680 31529 33938 28433 26247 22790 15848 20448 13490 1377 8739 18890 10148 389 16099 14035 6942 7498 12113 11310 4246 4366 10234 5217 5017 3180 2037 3299 1813 2957 9543 1241 6944 7671 3666 6484 11853 8412 3155 11219 3664 5761 2026 1169 1959 7475 4199 2646 4287 3594 4660 2725 1277 1249 3916 2060 4937 1498 3760 2841
is_linear=0
shrinkage=0.05


Tree=19
num_leaves=63
num_cat=0
split_feature=13 11 11 12 21 11 14 16 14 38 38 52 11 11 20 1 24 21 14 23 20 14 11 52 1 13 15 13 1 1 20 13 44 14 45 14 24 22 14 20 50 38 19 23 25 59 38 13 20 1 20 22 24 18 20 24 13 23 24 44 38 22
split_gain=15120.3 2599.32 1989.46 1002.57 622.44 369.123 367.236 261.292 160.59 496.49 138.276 126.625 126.451 126.077 125.718 115.283 108.93 107.166 90.4852 88.9326 84.8476 84.1008 83.085 72.5749 72.3562 69.7614 67.7117 62.3172 58.0509 53.6989 52.393 111.562 51.1769 48.731 47.0328 46.6605 45.5631 82.5247 45.0668 43.5682 41.4272 38.5856 37.9832 36.812 35.4584 34.853 33.728 32.5383 32.3849 32.0637 32.0191 31.7715 31.5308 30.5524 30.1423 29.7947 29.5028 29.0863 28.9778 28.8231 28.758 28.0905
threshold=4.6250000000000009 2.5000000000000004 8.5000000000000018 2.5000000000000004 0.37500000000000006 3.5000000000000004 6.2613636363636376 14.250000000000002 2.5916666666666672 3.1250000000000004 3.7083333333333335 4.5000000000000009 5.5000000000000009 4.5000000000000009 0.031249999999999955 6.5000000000000009 0.029390073619777805 0.37500000000000006 7.4226190476190483 3.0912412957499815 0.09166666666666666 2.041666666666667 6.5000000000000009 4.5000000000000009 6.5000000000000009 1.3750000000000002 0.50000000000000178 2.6250000000000004 6.5000000000000009 6.5000000000000009 0.08294552669552667 1.3750000000000002 16.950000000000006 2.5916666666666672 18.300000000000001 8.5227272727272751 0.044458788936227955 4.3290924922600631 3.1547619047619051 0.18749999999999997 96.566243055555603 1.1250000000000002 6.5000000000000009 2.0697051859511464 3.2305894129423547 0.47142857142857147 7.1250000000000009 21.375000000000004 0.096158280125671472 7.5000000000000009 0.049075102529049862 5.3590926566705122 0.060861033737765358 -0.10000000000000032 0.075031328320801963 0.048967292750140459 1.3750000000000002 2.6662197764528348 0.060861033737765358 17.100000000000005 3.7083333333333335 5.2291666666666679
decision_type=2 2 2 2 2 2 8 2 10 2 2 2 2 2 2 2 2 2 8 2 2 8 2 2 2 2 2 2 2 2 2 2 2 10 2 10 2 2 10 2 2 2 8 2 2 2 2 2 2 2 2 2 2 2 2 2 2 2 2 2 2 2
left_child=1 3 6 4 16 8 13 18 24 17 29 21 46 28 -11 35 19 -10 54 56 44 41 -17 32 -3 -22 53 -28 45 34 -21 -32 38 -31 59 40 37 -15 -12 -35 -8 -6 -19 58 -18 -2 -7 -9 -20 -43 -30 55 61 -26 -4 -24 -1 -23 -14 -5 -16 -45
right_child=2 5 7 10 11 12 15 47 9 14 23 -13 43 36 60 22 20 42 48 30 25 57 51 -25 26 -27 27 -29 50 33 31 -33 -34 39 -36 -37 -38 -39 -40 -41 -42 49 -44 52 -46 -47 -48 -49 -50 -51 -52 -53 -54 -55 -56 -57 -58 -59 -60 -61 -62 -63
leaf_value=-0.01717647340866385 -0.00049704396295643938 -0.0010156638096593729 0.016077996244041642 -0.0062149335807835998 -0.025241370215819514 6.7840902151061762e-06 0.010346000690739888 0.022862055146443173 -0.0029302288107117659 -0.0044879473402356651 -0.0059565304581723939 -0.002680887384670361 -0.0124963750901262 0.0025120696455148864 -0.003296039216329916 0.0053938548054089652 -0.008501632430913687 -0.0032794512590381131 0.015342573748038447 -0.0091962580482319867 -0.0099397665340804423 -0.010763631406049129 0.005263811469133961 0.012049760847658976 -0.0036661457431853561 -0.0048524902668489918 0.00028370549184476569 -0.0042600646299098101 -0.0017380608298637635 -0.010410844188929425 -0.013338864280781472 -0.0095429901367272262 0.0060652806935492581 -0.016323977047683968 0.0020961156676298611 0.019786634973331302 0.0059719952879148447 0.0053511510546732201 -8.8616608100677851e-05 -0.003562903692320929 0.003803558679773156 -0.0096169680331223868 -0.0032756139004032959 0.0032654518900141153 0.0053935122329425824 0.007155558139981766 0.011558194794459121 0.054364249390008904 0.015301628446041321 -0.0095781182712208601 8.197158921531279e-05 0.009468226591103468 0.010004007174663205 0.00031668307005021661 0.011971835191628 0.0087975784362867623 -0.010900056006477511 -0.010892095910139454 0.0046676308110778835 0.0010476488563920196 0.00069504700124454208 0.0077306722771516125
leaf_weight=1543 454 2389 1580 1476 2968 15957 3183 4673 813 569 873 380 106 3558 1205 4914 517 904 6082 1363 1051 996 1002 233 56 1874 1873 485 170 1643 1530 1583 333 398 342 1440 4755 4371 2412 958 305 2489 1382 2539 492 1528 122 2429 6400 3201 2275 1566 490 735 2326 1998 379 2365 97 332 2943 742
leaf_count=1543 454 2389 1580 1476 2968 15957 3183 4673 813 569 873 380 106 3558 1205 4914 517 904 6082 1363 1051 996 1002 233 56 1874 1873 485 170 1643 1530 1583 333 398 342 1440 4755 4371 2412 958 305 2489 1382 2539 492 1528 122 2429 6400 3201 2275 1566 490 735 2326 1998 379 2365 97 332 2943 742
internal_value=0.00495676 -0.0113434 0.0242582 -0.0215916 -0.0271839 -0.00160875 0.0160484 0.0352729 -0.00804905 -0.0126641 -0.00746528 -0.0347375 0.00268001 0.0110943 -0.00244701 0.0219304 -0.0181162 -0.0282081 0.0317954 -0.0221433 -0.0115616 -0.035636 0.0187 -0.000297248 -0.00153367 -0.0158732 0.00344286 -0.000803306 0.00382678 -0.0128243 -0.01827 -0.0218513 -0.00204338 -0.0171483 -0.00678522 0.0281386 0.0136299 0.0113045 -0.00393944 -0.0241673 0.0249914 -0.0382486 -0.0337538 0.0106654 0.000935644 0.0101841 0.000705535 0.0432909 0.0338777 -0.0358101 -0.00132666 0.0235592 0.0117829 0.0160922 0.0251331 0.0205248 -0.0311466 -0.028895 -0.0100245 -0.0100028 0.000577248 0.0100076
internal_weight=120147 65138 55009 31731 22731 33407 31519 23490 13354 7816 9000 12399 20053 17111 4717 14408 10332 3099 16388 6398 3934 12019 9480 3851 5538 2925 3149 2358 4427 5149 4476 3113 3618 2999 2150 4928 12684 7929 3285 1356 3488 8658 2286 3974 1009 1982 16079 7102 12482 5690 2445 4566 3771 791 3906 3000 1922 3361 203 1808 4148 3281
internal_count=120147 65138 55009 31731 22731 33407 31519 23490 13354 7816 9000 12399 20053 17111 4717 14408 10332 3099 16388 6398 3934 12019 9480 3851 5538 2925 3149 2358 4427 5149 4476 3113 3618 2999 2150 4928 12684 7929 3285 1356 3488 8658 2286 3974 1009 1982 16079 7102 12482 5690 2445 4566 3771 791 3906 3000 1922 3361 203 1808 4148 3281
is_linear=0
shrinkage=0.05


Tree=20
num_leaves=63
num_cat=0
split_feature=13 17 11 11 21 14 13 14 14 17 18 18 16 11 1 21 1 20 11 20 52 20 1 14 39 24 13 14 1 7 44 14 40 20 1 14 14 1 23 11 22 24 14 59 14 27 23 23 12 24 25 1 3 27 11 22 11 59 32 22 21 50
split_gain=14470.7 3043.92 1906.64 820.891 465.673 370.427 361.933 267.369 160.478 505.391 294.625 136.819 122.605 120.297 114.183 112.316 107.728 96.9384 91.9211 91.9044 87.7587 83.7985 83.6535 81.1686 77.8601 64.4518 62.0636 58.079 58.0564 55.1551 53.4337 52.3449 52.2052 50.1679 48.0581 46.7932 45.4537 44.4356 42.3603 42.2682 39.7905 77.3009 38.1517 37.6511 36.6043 36.0913 34.8512 32.9841 32.3231 31.6924 31.0951 30.6189 29.6376 28.5552 28.1602 27.7304 27.666 26.7973 26.4315 26.7981 26.3287 26.2978
threshold=4.6250000000000009 2.5000000000000004 7.5000000000000009 3.5000000000000004 1.0000000180025095e-35 10.34848484848485 3.3750000000000004 6.2613636363636376 2.5916666666666672 3.5000000000000004 -0.10000000000000032 0.49999999999999989 17.750000000000004 5.5000000000000009 6.5000000000000009 1.0000000180025095e-35 6.5000000000000009 0.075031328320801963 4.5000000000000009 0.12499999999999996 4.5000000000000009 0.18572330447330446 6.5000000000000009 1.6833333333333336 0.21883578073248572 0.024244569265816206 0.62500000000000011 7.2613636363636367 6.5000000000000009 1.5000000000000002 17.100000000000005 2.2613636363636371 0.49999999999999856 0.083333333333333356 6.5000000000000009 2.2613636363636371 4.041666666666667 7.5000000000000009 3.7812116240345515 5.5000000000000009 4.8304665314401634 0.033516847313741611 8.5227272727272751 8.1285714285714317 2.7638888888888893 3.7076997420423803 3.1159315076425789 2.9275181802671209 1.5000000000000002 0.078511728461787875 2.6834847760242311 6.5000000000000009 0.91023613416931248 4.5258270612748239 10.500000000000002 0.27279411764705885 1.0000000180025095e-35 0.47142857142857147 1.0000000180025095e-35 5.3590926566705122 0.37500000000000006 55.667344444444446
decision_type=2 2 2 2 2 8 2 10 10 2 2 2 2 2 2 2 2 2 2 2 2 2 2 10 2 2 2 10 2 2 2 8 2 2 2 10 10 2 2 2 2 2 10 2 10 2 2 2 2 2 2 2 2 2 2 2 2 2 2 2 2 2
left_child=1 4 7 6 19 17 8 18 10 15 35 20 34 -5 36 -10 42 -4 30 25 31 -16 52 -21 28 46 -13 -19 61 33 45 37 -26 -8 -7 60 -11 -6 53 -18 41 -20 -9 -31 -35 56 -1 49 -22 -15 -49 -34 -17 -27 -36 -53 -2 -43 59 -29 -3 -12
right_child=2 3 5 13 11 12 29 16 9 14 24 26 -14 47 21 22 39 27 40 23 48 -23 -24 -25 32 38 -28 58 -30 43 -32 -33 51 44 54 -37 -38 -39 -40 -41 -42 57 -44 -45 -46 -47 -48 50 -50 -51 -52 55 -54 -55 -56 -57 -58 -59 -60 -61 -62 -63
leaf_value=-0.016317649738230657 -0.013997096636426787 -0.0099042464807809049 0.012423716633922499 8.614037327914215e-06 -0.0091379603471241858 0.020213252876811486 -0.0059173950865826393 0.0094154336468926583 -0.0031547900236469253 -0.002647775897067467 6.9754776688135678e-05 -0.0082423582025645484 0.037764448938330732 -0.0021268768488727054 -0.004546484429397063 -0.0031483444584520792 0.0043165391427472449 0.0099365010093989906 0.00085273422843409332 -0.0096597983776935299 -0.01129192673399112 -0.0039391071081495092 -0.0031154786960862048 -0.0085829628539716429 -0.0089473519155338355 -0.0066776487717307605 -0.0091361196314662663 0.010187855466364894 0.00030309022857378799 0.0094699752120129335 0.0083641161018962306 -0.013080548630412116 -0.00086281198237393448 -0.0059139625231269151 0.012375949690918688 -0.007555139430875657 0.0049212580190753146 -0.023979301705028534 0.020752767254722217 0.0066853248287843895 0.005138999831176683 0.0020825557285948926 0.020431324640484218 -7.9475246867721788e-05 0.00033904591117279726 0.0044251781340637012 -0.0087364451458203929 0.0024388042016393499 0.0020348730831695086 0.0069907353436649278 0.0073036148275117509 -0.013386511479561736 0.00025508937013947187 0.0075332698542616818 0.015575393606678145 0.00026952021725252796 -0.00013972347046689037 0.0051006646628980468 0.014976396458493036 0.012689010031371906 -0.010514911491718272 -0.00096317250696636991
leaf_weight=271 144 1772 5968 16079 3870 3450 862 2572 770 1918 144 499 4172 421 756 743 2741 3790 2221 1026 157 3109 2558 790 2808 524 1029 2423 607 590 476 1167 1403 597 1881 1502 540 5399 153 3608 3439 807 1011 443 3786 1503 746 1112 109 142 2299 95 124 119 4346 1728 2503 5155 1364 1435 2203 168
leaf_count=271 144 1772 5968 16079 3870 3450 862 2572 770 1918 144 499 4172 421 756 743 2741 3790 2221 1026 157 3109 2558 790 2808 524 1029 2423 607 590 476 1167 1403 597 1881 1502 540 5399 153 3608 3439 807 1011 443 3786 1503 746 1112 109 142 2299 95 124 119 4346 1728 2503 5155 1364 1435 2203 168
internal_value=0.00464881 -0.0112973 0.0235311 -0.00516528 -0.0303496 0.0324018 -0.0105107 0.0137617 -0.0134208 -0.017967 -0.00957244 -0.0350172 0.0382993 0.00262516 -0.00903621 -0.0314216 0.020225 0.0269471 0.00980953 -0.0146129 -0.0370172 -0.0143934 -0.0353021 -0.0225619 -0.00273871 -0.00664002 -0.0209908 0.0236653 0.0108098 0.000126613 0.0038459 -0.0377403 -0.00480447 -0.00195292 0.0351979 -0.0182448 -0.000607971 -0.0390016 0.00400878 0.0163063 0.0121823 0.0102816 0.027161 0.0106818 0.000215557 0.0020224 -0.0149754 0.0104138 -0.00859551 -0.000789007 0.0122641 -0.000463279 -0.021826 -0.00162267 0.0325538 0.00380757 -0.0014898 0.0132475 0.0270908 0.0249534 -0.0210878 -0.00669329
internal_weight=120147 65138 55009 49279 15859 28829 29226 26180 22948 10518 12430 12230 13849 20053 6323 4195 9932 14980 16248 3629 10702 3865 3425 1816 6953 1813 1528 9012 919 6278 4626 10436 6034 5245 9677 5477 2458 9269 796 6349 11622 8183 3583 1033 4383 4150 1017 3974 266 563 3411 3226 867 643 6227 1823 2647 5962 5222 3858 3975 312
internal_count=120147 65138 55009 49279 15859 28829 29226 26180 22948 10518 12430 12230 13849 20053 6323 4195 9932 14980 16248 3629 10702 3865 3425 1816 6953 1813 1528 9012 919 6278 4626 10436 6034 5245 9677 5477 2458 9269 796 6349 11622 8183 3583 1033 4383 4150 1017 3974 266 563 3411 3226 867 643 6227 1823 2647 5962 5222 3858 3975 312
is_linear=0
shrinkage=0.05


Tree=21
num_leaves=63
num_cat=0
split_feature=13 17 11 11 21 13 38 14 17 14 11 18 11 0 14 21 14 17 44 14 0 24 11 13 7 11 0 13 0 21 14 0 23 37 44 13 50 47 0 23 23 24 7 0 0 0 21 24 2 32 21 21 38 21 14 11 24 23 0 0 3 11
split_gain=13863.8 3042.42 1848.32 794.422 455.467 353.608 351.267 305.736 385.693 290.188 255.709 138.43 112.482 111.365 99.3232 96.1204 92.4557 88.818 87.0874 83.9624 82.7102 74.9513 69.0419 65.5922 63.9691 63.2656 59.6683 58.9893 58.509 58.7355 56.4229 49.9071 49.8433 45.4625 44.1817 43.186 41.881 41.2046 40.693 40.4943 40.3879 45.9859 39.9073 37.6134 37.5809 37.5467 39.1389 36.5683 36.3715 34.4581 34.3631 34.1532 33.7602 33.2192 33.0825 31.9073 31.8849 57.2102 31.8398 38.5675 31.8024 31.5931
threshold=4.6250000000000009 2.5000000000000004 8.5000000000000018 3.5000000000000004 1.0000000180025095e-35 5.8750000000000009 3.7083333333333335 2.5916666666666672 3.5000000000000004 14.651515151515154 2.5000000000000004 0.49999999999999989 5.5000000000000009 3.5000000000000004 5.5227272727272743 1.0000000180025095e-35 3.683333333333334 3.5000000000000004 17.100000000000005 8.7638888888888911 25.500000000000004 0.029489371148199755 5.5000000000000009 0.62500000000000011 1.5000000000000002 4.5000000000000009 26.500000000000004 2.1250000000000004 27.500000000000004 0.62500000000000011 2.5916666666666672 3.5000000000000004 3.0912412957499815 1.0000000180025095e-35 15.250000000000002 2.6250000000000004 93.999929166666661 1.4350000000000003 13.500000000000002 1.2517618977093428 5.3668331747089804 0.041058281375118653 1.5000000000000002 31.500000000000004 17.500000000000004 24.500000000000004 0.62500000000000011 0.045513925424202802 0.8542199457734333 1.0000000180025095e-35 0.87500000000000011 0.37500000000000006 7.1250000000000009 0.37500000000000006 1.5227272727272729 1.5000000000000002 0.073599100941488513 2.2715942837281107 12.500000000000002 18.500000000000004 -0.99635443704902682 14.500000000000002
decision_type=2 2 2 2 2 2 2 10 2 10 2 2 2 2 8 2 10 2 2 8 2 2 2 2 2 2 2 2 2 2 8 2 2 2 2 2 2 2 2 2 2 2 2 2 2 2 2 2 2 2 2 2 2 2 8 2 2 2 2 2 2 2
left_child=1 4 5 6 21 25 7 10 15 19 27 13 52 -6 47 -9 48 20 22 42 38 32 31 -13 37 34 -17 53 -10 -30 43 -16 -1 39 60 -22 -27 -18 -12 -23 41 -24 51 58 -26 -21 -47 -7 -8 -33 -29 -4 -5 55 -35 -3 57 -14 -15 -60 -2 -11
right_child=2 3 9 12 11 14 16 8 28 61 17 23 56 30 18 26 24 -19 -20 45 35 33 40 -25 44 36 -28 50 29 -31 -32 49 -34 54 -36 -37 -38 -39 -40 -41 -42 -43 -44 -45 -46 46 -48 -49 -50 -51 -52 -53 -54 -55 -56 -57 -58 -59 59 -61 -62 -63
leaf_value=-0.012569094232701444 0.0090818754524068634 -0.0097847567759172804 0.011560394922542572 6.0141838379546016e-06 -0.0085611298027724499 0.003973586487376746 -0.0047873429798169116 -0.0030922774272637123 -0.0013379353482553037 0.017260094027700724 6.6267037853728894e-05 -0.0078302402924363187 -0.0048866258642589261 -0.022634463073819347 0.0272755330050597 -0.0029900731794244573 0.00036811998433998743 -0.0034356349748304372 0.014098094466550849 0.017028201064194049 0.00025604420638990487 -0.0094466413747169801 0.004797934339323906 -0.0086793136498929512 0.011416813892869349 0.0038427327743294163 -0.0029597047612818896 -0.0038209286291255697 -0.0038068428018413038 -0.0044684590873574461 -0.012496643700145594 0.0055466125788482205 -0.00827615049972057 -0.009071022681614983 0.0063325891697091465 0.00028858189856379449 -0.00030168414347182538 -0.0075254763913247483 -0.00091501388161805428 0.010577539539387882 0.0086077816336029411 0.0080194596262217806 0.0091514738166727835 -0.02278033661977711 0.00043844222324374574 0.012890142144782081 0.014349548058683537 0.0085112504285959952 0.0011089996331644203 0.012172395000513692 -0.010403625584111854 0.013944665691804747 0.010979854352869767 -0.0099891659171323591 -0.0057448772385031883 -0.0093562799844264296 0.0094450185077067494 0.0038506698429322307 -0.0084182472642171709 -0.0086793730530901787 0.00019728085306388034 0.031059667883890321
leaf_weight=808 121 1415 2034 15957 377 1935 3409 701 1443 1085 843 499 160 1432 142 734 3587 1055 1264 3529 1949 199 1652 1029 497 8837 2559 2428 2211 659 760 2906 1629 243 889 604 638 570 732 311 2678 5308 1145 5658 400 4225 2885 1105 581 636 382 3670 122 1853 439 614 359 3455 755 1720 3408 4917
leaf_count=808 121 1415 2034 15957 377 1935 3409 701 1443 1085 843 499 160 1432 142 734 3587 1055 1264 3529 1949 199 1652 1029 497 8837 2559 2428 2211 659 760 2906 1629 243 889 604 638 570 732 311 2678 5308 1145 5658 400 4225 2885 1105 581 636 382 3670 122 1853 439 614 359 3455 755 1720 3408 4917
internal_value=0.00436915 -0.011239 0.0228512 -0.00510846 -0.0302866 0.014938 -0.010367 -0.0140363 -0.0213944 0.0334679 -0.00888725 -0.0349027 0.00255535 -0.0369144 0.01964 -0.0325895 -0.00217745 -0.000548804 0.0213543 0.0302073 0.00275975 -0.0147231 0.0201602 -0.0207946 0.00231355 0.00897114 -0.0361703 -0.0153436 -0.0110211 -0.0151498 -0.0378893 0.014327 -0.0197477 -0.00443839 0.00402693 0.00831832 0.0112753 -0.000299423 -0.00624683 0.00683953 0.0223877 0.0203699 0.0258752 -0.0389342 0.0144154 0.032993 0.030881 0.0114091 -0.00786645 0.0131513 -0.00981679 0.027589 0.000693097 -0.0193394 -0.012877 -0.014899 0.0100868 0.00866842 -0.035119 -0.0316418 0.00151416 0.042961
internal_weight=120147 65138 55009 49279 15859 31519 29226 20182 8307 23490 11875 12230 20053 10702 17626 3994 9044 5183 14586 17488 4128 3629 13322 1528 5054 13893 3293 6692 4313 2870 10325 3684 2437 1192 4418 2553 9475 4157 1575 510 9638 6960 6849 9565 897 10639 7110 3040 3990 3542 2810 5704 16079 3882 682 2029 3974 3615 3907 2475 3529 6002
internal_count=120147 65138 55009 49279 15859 31519 29226 20182 8307 23490 11875 12230 20053 10702 17626 3994 9044 5183 14586 17488 4128 3629 13322 1528 5054 13893 3293 6692 4313 2870 10325 3684 2437 1192 4418 2553 9475 4157 1575 510 9638 6960 6849 9565 897 10639 7110 3040 3990 3542 2810 5704 16079 3882 682 2029 3974 3615 3907 2475 3529 6002
is_linear=0
shrinkage=0.05


Tree=22
num_leaves=63
num_cat=0
split_feature=13 13 13 18 13 21 16 14 14 39 38 1 18 18 13 39 2 14 2 40 13 44 40 20 18 20 14 1 20 40 20 13 14 39 45 2 59 50 60 39 14 2 22 23 40 20 59 1 1 44 39 40 45 1 18 13 34 50 44 22 3 50
split_gain=13354 2493.31 1815.5 635.345 501.394 454.166 366.044 206.81 191.869 492.557 191.143 127.999 123.104 110.858 104.627 113.333 101.871 95.3471 78.7283 77.8112 75.4093 73.142 70.6785 65.9728 64.2371 62.4988 93.3769 60.0824 58.5899 78.2073 57.7236 57.7116 54.6399 51.3654 49.1274 48.6776 48.0095 46.5963 45.2236 44.638 43 42.5437 42.394 41.8614 41.3924 40.9881 40.6851 40.5517 40.2747 40.1712 38.4188 36.8751 36.5559 33.5324 33.4688 39.1322 33.4239 33.2678 34.5066 33.2603 33.0651 32.9921
threshold=4.6250000000000009 2.1250000000000004 7.6250000000000009 0.50000000000000022 3.1250000000000004 1.0000000180025095e-35 14.250000000000002 5.6833333333333345 2.5916666666666672 0.2700308624336612 2.1250000000000004 8.5000000000000018 -0.3000000000000006 0.99999999999999878 1.1250000000000002 0.40184120650821981 0.17992617227144034 9.0416666666666696 -0.35460488704253573 1.414213562373096 1.6250000000000002 17.100000000000005 0.81649658092772637 0.075031328320801963 -1.4000000000000019 0.060897435897435855 1.6833333333333336 1.5000000000000002 0.24999999999999997 0.81649658092772637 0.26136363636363641 21.375000000000004 4.3484848484848486 0.21883578073248572 58.750000000000007 0.17992617227144034 1.0000000180025095e-35 96.566243055555603 6.6000000000000005 1.1547005383792539 3.041666666666667 0.8542199457734333 4.3865884072927432 3.0327822176031849 0.38729833462074187 0.08294552669552667 -3.1142857142857139 1.5000000000000002 7.5000000000000009 15.65 0.10497277621629561 -0.080410681105634138 29.900000000000002 4.5000000000000009 0.7999999999999996 1.6250000000000002 1.0000000180025095e-35 58.857693055555558 17.950000000000003 5.3590926566705122 0.40966402954315179 10.812693055555558
decision_type=2 2 2 2 2 2 2 8 10 2 2 2 2 2 2 2 2 8 2 2 2 2 2 2 2 2 10 2 2 2 2 2 10 2 2 2 2 2 2 2 10 2 2 2 2 2 2 2 2 2 2 2 2 2 2 2 2 2 2 2 2 2
left_child=1 3 7 5 8 25 17 22 12 30 14 32 -3 21 39 48 24 23 33 54 53 27 36 -4 -9 38 -27 -6 29 -13 -10 -8 -11 -14 40 42 -2 52 46 -7 51 50 -19 61 -35 -41 -1 -18 -16 -12 -38 -29 59 -17 55 -5 -28 -23 -59 -26 -25 -21
right_child=2 4 6 19 13 10 31 16 9 11 49 28 18 -15 15 20 47 35 -20 43 -22 57 -24 60 37 26 56 34 -30 -31 -32 -33 -34 44 -36 -37 41 -39 -40 45 -42 -43 -44 -45 -46 -47 -48 -49 -50 -51 -52 -53 -54 -55 -56 -57 -58 58 -60 -61 -62 -63
leaf_value=0.0064146284210334359 -0.00038452909417059368 -0.0096591797001131519 0.010587021761579508 -0.0082437252607987632 0.0049260412167557062 -0.021690294817332936 0.019504765999370368 0.0020892390738246115 -0.002810203278939505 -0.001593308606520405 -0.0095763439337786596 -0.0045906358897408349 0.00027211936629583099 0.0057004725397639018 -0.0075457903482090364 -0.0082575406004046677 0.015112352833474608 0.010893018883566186 -0.00087097129974718086 0.0051494814498242343 -0.0088747080601879868 0.0079311416961759026 0.0069613789724146946 0.010967529133171961 0.0048325227461052059 -0.0095143301054009706 -0.0031468942129680268 -0.0041435090636418818 -0.0028212814003799602 2.201291742436329e-05 -0.0025790416190247471 0.048204831079397416 0.0058372808599620359 -0.0030412549815809209 0.0079971374740179912 0.016770317315988725 0.0024438599391691297 0.00052430298139569673 -0.00024334652237902878 -0.010245624541982907 -7.9447311139846377e-06 0.0063133983992913981 0.012808906919204111 0.0030300951060268757 0.00027575536136082991 -0.022254168300681026 -0.0092541078879682104 0.0083928290311372066 -0.0066426693340188364 -0.0074571983133747358 0.0028072148042213975 -0.00025088317272139451 0.010327605122872192 -0.0082454333730087922 -0.0031928514869087547 -0.0021720068926347927 -0.0089906613819523036 -0.00088652352196141317 0.0020094941197566275 0.0055990385311293252 0.0070962163704383352 -0.0074713099566940172
leaf_weight=44 1506 1931 3442 842 891 3887 4917 1231 1990 3195 2940 724 516 2914 1552 410 985 3018 2936 178 1301 590 3184 3227 5267 1219 1140 1807 2152 184 278 2443 581 742 191 3395 1092 489 1173 692 13632 1318 4862 988 1388 756 592 3429 2619 553 6710 1934 766 1089 1821 487 623 217 991 2056 1672 448
leaf_count=44 1506 1931 3442 842 891 3887 4917 1231 1990 3195 2940 724 516 2914 1552 410 985 3018 2936 178 1301 590 3184 3227 5267 1219 1140 1807 2152 184 278 2443 581 742 191 3395 1092 489 1173 692 13632 1318 4862 988 1388 756 592 3429 2619 553 6710 1934 766 1089 1821 487 623 217 991 2056 1672 448
internal_value=0.00416857 -0.0111499 0.0223077 -0.0234035 -0.00334033 -0.0272107 0.0315674 0.0133961 -0.00996781 -0.0148484 -0.0313003 -0.00814612 -0.00405177 0.00141337 -0.0342321 -0.0301843 0.0176283 0.0279959 -0.000285689 -0.00694544 -0.0223831 0.000100968 0.00903591 0.0239325 0.0147854 -0.0137197 -0.018168 -0.000836855 -0.0157449 -0.0263971 -0.0350353 0.0410807 -0.00198438 0.00596713 -0.00147993 0.030999 0.00707584 0.0163183 -0.00637845 -0.0395137 -0.00175809 0.00844151 0.0288282 0.00197833 0.00253168 -0.0319496 -0.0171036 0.02394 -0.0354135 -0.0209631 0.00703511 -0.00650588 0.0172244 -0.03003 -0.0115186 -0.0175526 -0.0107965 0.00972485 0.00495864 0.0161312 0.0201929 -0.008126
internal_weight=120147 65138 55009 25354 39784 20590 26976 28033 16617 9104 15799 6836 7513 23167 12306 6971 14223 19616 5582 4764 2800 20253 13810 8341 9809 4791 2982 18455 3060 908 2268 7360 3776 2646 17564 11275 10626 8578 1809 5335 17373 9120 7880 1614 2130 1448 636 4414 4171 3493 7802 3741 8089 1499 3150 1329 1763 1798 1208 7323 4899 626
internal_count=120147 65138 55009 25354 39784 20590 26976 28033 16617 9104 15799 6836 7513 23167 12306 6971 14223 19616 5582 4764 2800 20253 13810 8341 9809 4791 2982 18455 3060 908 2268 7360 3776 2646 17564 11275 10626 8578 1809 5335 17373 9120 7880 1614 2130 1448 636 4414 4171 3493 7802 3741 8089 1499 3150 1329 1763 1798 1208 7323 4899 626
is_linear=0
shrinkage=0.05


Tree=23
num_leaves=63
num_cat=0
split_feature=16 17 11 11 21 11 38 14 17 14 18 11 0 18 0 14 21 14 20 14 14 11 0 24 2 11 0 0 20 14 11 39 12 20 24 20 14 40 7 59 0 38 44 0 11 23 2 20 38 12 16 12 0 2 50 59 59 23 28 24 0 0
split_gain=12490.1 3133.02 1797.4 817.198 474.614 429.169 332.574 317.901 393.99 256.443 238.861 156.914 143.474 133.092 110.954 105.073 100.122 99.4229 89.4413 79.6929 77.2658 70.9813 71.8419 64.1057 62.451 62.0011 59.5234 58.1956 58.6686 56.5305 53.6449 52.7661 51.8755 51.0165 50.75 48.957 48.4599 47.5929 50.4143 46.1269 44.2077 42.884 41.9304 40.6863 38.1544 34.8017 34.2073 32.7922 32.4293 32.9772 32.3332 32.0467 31.5337 31.4478 30.8561 31.3028 30.1564 30.8858 29.8832 30.6908 29.6483 39.7924
threshold=4.7500000000000009 2.5000000000000004 7.5000000000000009 3.5000000000000004 1.0000000180025095e-35 12.500000000000002 3.7083333333333335 2.5916666666666672 3.5000000000000004 5.9583333333333348 -0.10000000000000032 5.5000000000000009 3.5000000000000004 0.59999999999999931 27.500000000000004 4.4226190476190483 1.0000000180025095e-35 14.651515151515154 0.42330911531279181 7.8452380952380958 1.6833333333333336 2.5000000000000004 25.500000000000004 0.024049064876534503 0.8542199457734333 4.5000000000000009 26.500000000000004 27.500000000000004 0.18749999999999997 2.5916666666666672 4.5000000000000009 0.22222222222222213 1.0000000180025095e-35 0.031250000000000056 0.020638919644711155 0.075031328320801963 9.4226190476190492 -0.86602540378443826 1.5000000000000002 1.9214285714285715 26.500000000000004 7.1250000000000009 18.150000000000002 31.500000000000004 9.5000000000000018 3.5552261608514732 0.8542199457734333 0.11556080765639586 3.1250000000000004 1.5000000000000002 23.250000000000004 3.5000000000000004 14.500000000000002 0.91023613416931248 97.067380555555573 0.3714285714285715 17.100000000000005 3.0327822176031849 5.4105367000900806 0.044458788936227955 12.500000000000002 18.500000000000004
decision_type=2 2 2 2 2 2 2 10 2 8 2 2 2 2 2 10 2 8 2 8 10 2 2 2 2 2 2 2 2 8 2 2 2 2 2 2 10 2 2 2 2 2 2 2 2 2 2 2 2 2 2 2 2 2 2 2 2 2 2 2 2 2
left_child=1 4 9 6 18 19 7 10 16 24 37 41 48 29 36 34 -9 -7 23 35 -20 -12 52 56 25 -2 -18 -10 -29 43 -16 -24 -15 -27 -8 -4 54 38 -3 -26 -17 -5 47 60 -13 -25 51 -21 49 -6 -19 -36 -23 -37 55 -11 57 -1 59 -32 -14 -62
right_child=2 3 5 11 12 17 15 8 27 14 21 44 13 32 30 40 26 50 20 42 -22 22 31 45 39 33 -28 28 -30 -31 58 -33 -34 -35 46 53 -38 -39 -40 -41 -42 -43 -44 -45 -46 -47 -48 -49 -50 -51 -52 -53 -54 -55 -56 -57 -58 -59 -60 -61 61 -63
leaf_value=-0.024317418672895996 -4.4370486077338628e-05 -0.0087068101281209901 0.0098580578387062814 6.8232807150403476e-06 -0.0089381400444281285 0.015640348620493082 -0.0064929878385981965 -0.0028448052002308932 -0.0012238944670172947 0.0038307130857069107 -0.0085431031538118155 0.0037443053734204038 -0.020418225179261729 -0.0075944150789478311 0.0031615851381344706 0.0076229628856035354 -0.0027009134126112833 0.020621025814067464 -0.022158820321322388 0.01057594642955717 -0.0074170377802502798 -0.00039900568217373646 0.00026119301673951381 -0.0034099556722768432 0.0016425757547902098 0.0028600986713940182 -0.0026712093592708209 -0.0044292972675809561 -0.0032679898693059543 -0.011537036877865503 0.0031565781003812022 0.00022945422800236815 -0.0078332513802493731 0.0027790513531766314 -0.0038774325595977046 0.0075794385000585553 0.021433708209642102 -0.0089106449479403656 0.00088564446321072194 0.0072406190494645863 0.00024687299007837283 0.010000539414725063 0.018504207557708818 -0.020556805047921602 0.016998305773785961 0.011392696758187604 0.0018171750712159041 0.010916620348271944 0.011298711465887297 0.0028253370122275469 0.052848513132300101 -0.00045837006424949146 -0.00082742273475981958 0.012045732602174654 0.0034222751295509557 0.0097647653716807174 0.0016506853433241432 -0.0082461302770175833 0.0060133564948418932 0.0055660857048588034 -0.0076094305474212927 -0.0078680488496555966
leaf_weight=225 3056 1841 2766 15991 268 4792 1389 701 1440 514 2148 3830 1483 468 2023 985 734 3828 946 5373 682 1042 630 640 589 1916 2559 818 2056 774 1475 2099 785 6716 1820 3730 599 2958 424 1644 1758 170 526 5744 457 254 742 4656 52 113 2033 2281 735 729 287 2742 203 679 1631 3055 782 1761
leaf_count=225 3056 1841 2766 15991 268 4792 1389 701 1440 514 2148 3830 1483 468 2023 985 734 3828 946 5373 682 1042 630 640 589 1916 2559 818 2056 774 1475 2099 785 6716 1820 3730 599 2958 424 1644 1758 170 526 5744 457 254 742 4656 52 113 2033 2281 735 729 287 2742 203 679 1631 3055 782 1761
internal_value=0.00393635 -0.0107968 0.021576 -0.00461197 -0.0301416 0.0302857 -0.00998577 -0.0135463 -0.0210489 0.0121398 -0.00829643 0.00305125 -0.0348537 -0.0358913 0.0173923 -0.00197694 -0.0323642 0.0382246 -0.0142548 0.025527 -0.0229558 -0.00201277 0.00155203 -0.00716533 0.00748779 0.00602233 -0.0360185 -0.0105666 -0.0146765 -0.0377236 0.0140128 0.00664652 -0.0204506 0.00818893 -0.00556634 0.0214704 0.0240635 -0.0162988 -0.0108319 0.01515 0.00617529 0.000794765 0.028301 -0.038757 0.0115543 0.00278771 -0.00314719 0.0275718 -0.0065553 -0.0116361 0.0426041 -0.0049354 -0.00626828 0.0182164 0.0218242 0.02321 -0.0152031 -0.0191105 0.0163332 0.0142342 -0.0348634 -0.0315428
internal_weight=120147 65467 54680 49608 15859 28433 29160 20185 8308 26247 11877 20448 12230 11797 12326 8975 3994 10653 3629 17780 1628 6654 4506 2001 13921 11688 3293 4314 2874 10544 8184 2729 1253 8632 6232 7225 4142 5223 2265 2233 2743 16161 10555 9770 4287 894 4843 10029 433 381 5861 4101 1777 4459 3543 3256 1107 904 6161 4530 4026 2543
internal_count=120147 65467 54680 49608 15859 28433 29160 20185 8308 26247 11877 20448 12230 11797 12326 8975 3994 10653 3629 17780 1628 6654 4506 2001 13921 11688 3293 4314 2874 10544 8184 2729 1253 8632 6232 7225 4142 5223 2265 2233 2743 16161 10555 9770 4287 894 4843 10029 433 381 5861 4101 1777 4459 3543 3256 1107 904 6161 4530 4026 2543
is_linear=0
shrinkage=0.05


Tree=24
num_leaves=63
num_cat=0
split_feature=16 17 11 17 14 14 21 11 11 16 14 11 0 0 21 12 18 11 21 0 20 14 11 0 47 20 23 12 14 23 12 27 60 59 44 15 0 37 44 59 49 0 59 11 0 20 14 58 7 14 42 0 20 28 21 23 23 27 2 14 0 47
split_gain=11796.4 2858.3 1756.74 613.18 715.49 427.671 415.278 321.863 260.355 251.676 184.653 144.775 125.513 123.506 119.95 109.213 106.039 105.026 104.065 87.5846 86.9005 94.4506 86.1121 71.7758 70.7667 60.5284 57.014 54.8413 52.6936 52.2554 51.8755 50.071 49.5069 47.9351 58.4133 47.2007 46.0319 44.7957 40.7111 39.986 54.1753 39.9007 39.5006 39.4291 37.7949 37.6364 35.9926 35.2293 35.0781 34.4311 33.7374 47.2299 37.3504 32.2375 31.7959 31.0539 30.7447 38.4918 31.5848 30.1652 29.2919 29.0165
threshold=4.7500000000000009 3.5000000000000004 9.5000000000000018 2.5000000000000004 2.5916666666666672 6.041666666666667 1.0000000180025095e-35 3.5000000000000004 2.5000000000000004 16.750000000000004 4.4226190476190483 5.5000000000000009 24.500000000000004 3.5000000000000004 1.0000000180025095e-35 3.5000000000000004 0.59999999999999931 5.5000000000000009 0.62500000000000011 26.500000000000004 0.12499999999999996 1.6833333333333336 6.5000000000000009 25.500000000000004 6.6500000000000012 0.098223304473304462 5.3668331747089804 2.5000000000000004 10.34848484848485 2.6901798460087174 1.0000000180025095e-35 4.7607796964939828 6.6000000000000005 1.0000000180025095e-35 15.250000000000002 0.49999999999999972 26.500000000000004 0.84523809523809534 17.100000000000005 -0.028571428571428498 67.500000000000014 3.5000000000000004 -3.1142857142857139 9.5000000000000018 14.500000000000002 0.30893286793689217 9.1742424242424256 2.5000000000000004 1.5000000000000002 2.2613636363636371 13.000000000000002 27.500000000000004 0.060897435897435855 2.9589004805119496 0.37500000000000006 2.9275181802671209 3.6154505583779444 2.5330736767751469 -0.82298386589365657 0.84523809523809534 21.500000000000004 8.6100000000000012
decision_type=2 2 2 2 10 8 2 2 2 2 10 2 2 2 2 2 2 2 2 2 2 10 2 2 2 2 2 2 10 2 2 2 2 2 2 2 2 2 2 2 2 2 2 2 2 2 8 2 2 8 2 2 2 2 2 2 2 2 2 10 2 2
left_child=1 3 5 6 8 22 20 10 27 25 15 -9 28 -8 -6 18 29 53 31 61 32 -22 33 44 50 -4 47 54 39 -15 -18 37 42 -2 35 -35 -12 -3 -39 -7 -41 -20 -1 55 -10 59 -27 -19 -24 -31 52 -52 -17 -14 -5 -13 57 -34 -58 -25 -48 -16
right_child=2 7 9 4 14 12 13 11 23 -11 36 43 17 16 19 24 30 26 41 -21 21 -23 48 45 -26 46 -28 -29 -30 49 -32 -33 56 34 -36 -37 -38 38 -40 40 -42 -43 -44 -45 -46 -47 60 -49 -50 -51 51 -53 -54 -55 -56 -57 58 -59 -60 -61 -62 -63
leaf_value=0.0059256482855251872 -0.00048370951517936469 -0.0092515361800361798 0.013468928079327626 -0.0080080206708320611 -0.0025654652686407432 0.0054857164308072864 -0.0064763313155394523 1.034820550336324e-05 0.00012645253505708665 0.028190373591833386 0.0070942723640247509 -0.00047850316160984456 -0.00023092012793600737 -0.0075006336117281807 -0.0025658677419807211 -0.0064937453989299511 -0.007214694325000443 0.006181221015685601 0.003216304411899107 -0.0025376488913072762 -0.008190022496039907 -0.0071113362668853543 0.0069474224165194222 -6.0493405332540107e-05 0.007906024233131026 0.011057452931834633 0.0077899366025138365 -0.0084423710221193382 0.022261941675293717 -0.019397313920298642 -0.00744158881123691 0.00066741548519082543 -0.0090274904215232096 0.0021864238975450312 0.005432297997022684 0.0021583661825803238 8.709258657425557e-05 -0.0032743912506149387 0.0021338518799087661 0.010341594342843608 0.0045821619112382866 -0.0051900486494174452 -0.0083790959797189202 0.016148390485096666 -0.0007860515980218308 -0.0027673316548791349 0.016307958250681542 -0.0012922188426632841 0.0022162143903849906 -0.010675413206577555 0.0012162216820707839 -0.0037974246447043062 -0.0036637811983017301 0.0043281122591285809 -0.0086138651116993148 0.0042537670834222555 -0.0087990957684438986 0.001147067913465405 0.0060630583614324496 0.00025049488189267112 0.011399514283395829 0.0010592625815971756
leaf_weight=43 1637 1514 7305 1199 770 923 433 16161 966 4820 1016 540 619 4340 752 182 468 6757 93 2591 1026 790 3883 429 155 2343 2691 1948 635 5345 785 777 233 699 1948 7672 1998 3000 354 3819 566 1434 594 457 637 589 1556 228 662 859 1770 1694 2364 2948 1308 3290 89 412 442 1538 2969 82
leaf_count=43 1637 1514 7305 1199 770 923 433 16161 966 4820 1016 540 619 4340 752 182 468 6757 93 2591 1026 790 3883 429 155 2343 2691 1948 635 5345 785 777 233 699 1948 7672 1998 3000 354 3819 566 1434 594 457 637 589 1556 228 662 859 1770 1694 2364 2948 1308 3290 89 412 442 1538 2969 82
internal_value=0.00385895 -0.0104592 0.0210017 -0.0222957 -0.0141565 0.0144627 -0.0288679 -0.00123764 -0.00590772 0.0332866 -0.00646679 0.00294366 0.019539 -0.0332757 -0.0310879 -0.00899273 -0.0342384 0.0168261 -0.0131876 -0.0350978 -0.0140069 -0.0217364 0.00855927 0.00308774 -0.00411044 0.0299242 0.0195303 -0.0143054 0.0255796 -0.0358743 -0.0204506 -0.0100505 -0.00625413 0.0063306 0.00759157 0.00577461 0.00470813 -0.0119316 -0.00870194 0.0239395 0.0259337 -0.0247677 -0.0174687 0.0111112 -0.00520262 0.00828901 0.0265388 0.0171407 0.0144182 -0.0329081 -0.00497338 -0.00175902 -0.00934236 0.00948571 -0.0191966 0.00944792 -0.000165675 -0.0075 0.0087312 0.0116082 0.0291527 -0.0209521
internal_weight=120147 65467 54680 28668 12809 35687 15859 36799 8614 18993 16351 20448 19186 12230 4195 13337 11797 13243 7172 3425 3629 1816 16501 4159 6165 14173 9676 4455 5943 10544 1253 5645 1813 11956 10319 8371 3014 4868 3354 5308 4385 1527 637 4287 1603 2556 6868 6985 4545 6204 6010 3464 2546 3567 2507 3830 1176 645 531 1967 4525 834
internal_count=120147 65467 54680 28668 12809 35687 15859 36799 8614 18993 16351 20448 19186 12230 4195 13337 11797 13243 7172 3425 3629 1816 16501 4159 6165 14173 9676 4455 5943 10544 1253 5645 1813 11956 10319 8371 3014 4868 3354 5308 4385 1527 637 4287 1603 2556 6868 6985 4545 6204 6010 3464 2546 3567 2507 3830 1176 645 531 1967 4525 834
is_linear=0
shrinkage=0.05


Tree=25
num_leaves=63
num_cat=0
split_feature=13 17 13 11 11 21 11 38 14 17 11 0 38 21 12 14 17 20 14 22 14 0 16 11 0 0 0 22 21 59 59 44 44 39 0 20 14 21 25 18 13 20 14 14 44 0 13 0 2 20 59 38 3 0 43 22 0 38 12 36 0 20
split_gain=11395.7 2491.83 1901.18 617.03 392.506 391.988 317.529 262.401 318.576 391.565 220.722 120.542 116.664 102.337 92.0804 87.3551 82.7466 82.0716 82.3282 80.2194 75.0552 74.8724 74.1967 68.0179 64.4792 57.029 56.2494 55.7342 53.4733 53.3942 53.101 57.4811 50.6146 58.8287 49.4197 51.8811 49.1612 45.3907 42.0098 41.1853 41.1163 40.8503 41.064 39.3069 37.5869 36.7226 36.3139 36.2982 36.0821 35.854 34.9727 32.871 32.7253 30.967 30.6437 30.5252 29.6389 29.5636 32.9772 29.4581 29.1419 28.9883
threshold=4.3750000000000009 2.5000000000000004 7.6250000000000009 3.5000000000000004 14.500000000000002 1.0000000180025095e-35 6.5000000000000009 3.7083333333333335 2.5916666666666672 3.5000000000000004 2.5000000000000004 3.5000000000000004 1.0000000180025095e-35 1.0000000180025095e-35 2.5000000000000004 5.9583333333333348 3.5000000000000004 0.42330911531279181 1.6833333333333336 4.3865884072927432 3.5916666666666672 25.500000000000004 23.250000000000004 5.5000000000000009 20.500000000000004 26.500000000000004 26.500000000000004 2.6022875816993465 0.37500000000000006 -0.32142857142857134 0.3714285714285715 15.250000000000002 15.250000000000002 0.086956521739130488 27.500000000000004 0.18749999999999997 5.3484848484848486 0.87500000000000011 3.2305894129423547 0.59999999999999931 2.6250000000000004 0.031250000000000056 9.0416666666666696 11.591666666666669 18.050000000000004 16.000000000000004 1.8750000000000002 14.500000000000002 0.8542199457734333 0.075031328320801963 0.90714285714285736 7.1250000000000009 -0.99635443704902682 25.500000000000004 -12.449999999999998 4.3865884072927432 27.500000000000004 3.1250000000000004 1.5000000000000002 8.5000000000000018 16.000000000000004 0.19999999999999998
decision_type=2 2 2 2 2 2 2 2 10 2 2 2 2 2 2 8 2 2 10 2 10 2 2 2 2 2 2 2 2 2 2 2 2 2 2 2 10 2 2 2 2 2 8 8 2 2 2 2 2 2 2 2 2 2 2 2 2 2 2 2 2 2
left_child=1 5 6 7 19 17 15 8 10 13 14 57 39 -10 28 29 21 38 -19 30 -9 47 43 51 50 -22 -15 -14 46 -2 -4 49 33 -31 -11 -36 -8 -27 59 -13 -23 -21 -43 -6 53 -38 -3 -12 54 -32 -17 -5 -35 -26 -16 -47 -44 58 -7 -1 -50 -29
right_child=2 3 4 23 22 11 36 20 9 34 16 12 27 26 48 24 -18 18 -20 41 25 40 -24 -25 44 37 -28 61 -30 32 31 -33 -34 52 35 -37 45 -39 -40 -41 -42 42 56 -45 -46 55 -48 -49 60 -51 -52 -53 -54 -55 -56 -57 -58 -59 -60 -61 -62 -63
leaf_value=-0.0065430919477298954 -0.00071733276766320915 -0.0078702721833173953 0.0051389179035257974 5.2521368908320378e-06 0.015268933545546683 -0.0081674164764297518 0.0061005330011145832 -0.0035446017439873579 -0.0025742916767873105 -0.0010866997986013094 0.00012012990830423398 -0.015769194008757269 -0.0073237613963312081 -0.0024375743548816888 0.0059021135129891829 0.0024050208031850041 -0.0025185301148625662 -0.020641378180454278 -0.0066906190778935008 0.010113456729200576 0.0026505925122332187 0.00023797013779803812 0.050095342084820228 0.0032103368844870308 -0.0026100597936516423 -0.00037545651892333391 -0.0024107664467419077 -0.0063734382837200903 -0.0084300422927463484 0.0021564868432530806 0.0092865870780162296 0.013933681114409336 0.004703636092197489 0.0072892939015012153 -0.0039703662855000042 -0.0029325367970019726 0.0094673784556275741 -0.0059887781839115363 0.0026459529629586087 -0.0069719919367431382 0.00023560862180790345 0.0094233869338809506 0.015014922686849853 0.018328554692688015 0.01018921748766053 0.0056384140940834776 -0.0061910962597335646 -0.00074674901812074037 -0.0011060723278918383 0.0083064945413128029 0.011510090055522261 0.0096749627140622751 0.001166314028221388 0.0033562324829589985 -0.0081661083492737038 0.0069678915565469686 0.01093150272011666 0.011057592458369897 0.0030078867273931388 -0.022682592940265246 0.0099950294163181526 -0.01855909909951059
leaf_weight=1288 1546 1044 996 14099 902 268 3692 3530 701 1439 943 661 4797 734 81 334 1048 946 682 2604 1822 1949 2027 3109 279 2684 2559 3384 1824 826 2330 1337 2334 307 815 2052 1777 185 507 408 604 2799 2160 4575 170 3009 711 632 369 3557 1077 98 8870 4981 2460 2428 3689 52 113 206 190 2547
leaf_count=1288 1546 1044 996 14099 902 268 3692 3530 701 1439 943 661 4797 734 81 334 1048 946 682 2604 1822 1949 2027 3109 279 2684 2559 3384 1824 826 2330 1337 2334 307 815 2052 1777 185 507 408 604 2799 2160 4575 170 3009 711 632 369 3557 1077 98 8870 4981 2460 2428 3689 52 113 206 190 2547
internal_value=0.0036567 -0.0113702 0.0194362 -0.00544174 0.0291876 -0.0284455 0.0111187 -0.00997974 -0.0130505 -0.0205632 -0.00778888 -0.0327279 -0.033679 -0.0318385 -0.0137942 0.00748347 -3.76666e-05 -0.0140069 -0.0223419 0.0254401 -0.00245013 0.00314725 0.0389067 0.0019989 0.0121083 0.00169331 -0.0355328 -0.0352498 -0.0192584 0.00520347 0.0216756 0.0231689 0.00630126 0.0047526 -0.0100987 -0.013893 0.0180247 -0.00269861 -0.00721528 -0.0178925 0.00843579 0.0281876 0.0265227 0.0358607 0.00962898 0.020429 -0.0130097 -0.00542195 -0.00747985 0.0210335 0.0216324 0.000531413 0.00360046 0.00887569 -0.0100098 0.018379 0.0289137 -0.00678571 -0.0116361 -0.0114348 0.00400893 -0.0319867
internal_weight=120147 61541 58606 45682 26976 15859 31630 28376 20155 8300 11855 12230 11797 3994 6679 20724 5176 3629 1628 19472 8221 4128 7504 17306 6841 4691 3293 10728 3579 13883 8220 7224 12337 10003 4306 2867 10906 2869 2001 1069 2553 11252 8648 5477 5430 7214 1755 1575 3100 5887 1411 14197 9177 5260 2541 5437 5849 433 381 1494 559 5931
internal_count=120147 61541 58606 45682 26976 15859 31630 28376 20155 8300 11855 12230 11797 3994 6679 20724 5176 3629 1628 19472 8221 4128 7504 17306 6841 4691 3293 10728 3579 13883 8220 7224 12337 10003 4306 2867 10906 2869 2001 1069 2553 11252 8648 5477 5430 7214 1755 1575 3100 5887 1411 14197 9177 5260 2541 5437 5849 433 381 1494 559 5931
is_linear=0
shrinkage=0.05


Tree=26
num_leaves=63
num_cat=0
split_feature=13 17 11 17 14 16 14 11 11 16 14 0 20 11 0 0 12 11 11 24 0 20 14 20 20 0 46 23 13 2 0 59 47 44 39 44 3 24 13 7 23 24 28 50 44 25 0 40 28 24 46 25 2 24 2 14 23 28 47 3 20 44
split_gain=10824.7 2615.71 1600.18 570.277 686.342 389.666 354.223 255.581 254.58 247.232 150.002 113.258 112.708 99.5623 96.3019 91.3954 86.2665 81.2145 79.89 77.9272 72.7804 69.3871 68.3533 67.6763 63.4956 61.5983 59.2942 56.7882 54.0521 50.6165 65.7392 48.6713 45.4349 45.0876 44.3765 50.7509 51.9355 41.2428 41.0315 39.0446 38.914 38.6994 51.8658 37.8533 37.5311 40.2109 37.0431 36.6301 36.4219 42.7281 36.191 35.6646 35.5701 35.2626 35.1999 33.4706 33.2071 33.0293 32.4636 32.3425 37.4513 32.059
threshold=4.6250000000000009 3.5000000000000004 9.5000000000000018 2.5000000000000004 2.5916666666666672 1.0000000180025095e-35 6.2613636363636376 3.5000000000000004 2.5000000000000004 17.750000000000004 4.041666666666667 3.5000000000000004 0.12499999999999996 6.5000000000000009 21.500000000000004 26.500000000000004 3.5000000000000004 5.5000000000000009 5.5000000000000009 0.029489371148199755 25.500000000000004 0.43407738095238096 2.1742424242424243 0.096158280125671472 0.18749999999999997 26.500000000000004 15.000000000000002 3.1159315076425789 2.1250000000000004 0.8542199457734333 12.500000000000002 0.3714285714285715 11.935 14.850000000000003 0.080000000000000182 15.250000000000002 1.0000000180025095e-35 0.047342861758438652 2.6250000000000004 1.5000000000000002 5.3668331747089804 0.042518584991668058 3.7977409536829394 58.857693055555558 17.100000000000005 3.5089889495958269 14.500000000000002 0.25116550748367655 4.3770037726552413 0.053420811471555106 0.75000000000000011 3.2305894129423547 0.8542199457734333 0.035267876667395559 0.8542199457734333 29.041666666666668 2.1745140594931933 2.7555612009354626 8.6100000000000012 -0.85421994577343296 0.025031328320801956 12.550000000000002
decision_type=2 2 2 2 10 2 8 2 2 2 10 2 2 2 2 2 2 2 2 2 2 2 8 2 2 2 2 2 2 2 2 2 2 2 2 2 2 2 2 2 2 2 2 2 2 2 2 2 2 2 2 2 2 2 2 8 2 2 2 2 2 2
left_child=1 3 6 5 8 12 13 10 28 23 16 -7 19 34 31 58 24 -16 -9 27 46 -17 29 -4 -3 50 40 -1 54 47 -31 -8 52 48 -2 41 43 -33 -22 -15 53 42 -36 -37 45 -26 -10 -13 49 -25 -12 -21 59 -19 -5 -11 -43 -39 -6 -18 -61 -29
right_child=2 7 9 4 15 11 14 18 20 55 25 22 -14 39 17 21 32 26 -20 51 38 -23 -24 33 44 -27 -28 61 -30 30 -32 37 -34 -35 35 36 -38 57 -40 -41 -42 56 -44 -45 -46 -47 -48 -49 -50 -51 -52 -53 -54 -55 -56 -57 -58 -59 -60 60 -62 -63
leaf_value=-0.0089459917533255325 0.0019499678062763982 -0.004020142548825878 0.012141912865869365 -0.0075192177078360015 -0.0023652956457699938 -0.0057067219517032758 0.0053552596462000945 9.5871212716036616e-06 0.00011412341288902228 0.021468769217153863 -0.0016169521243834528 -0.018111017622123783 -0.018993313585611404 0.0063590143638373453 0.0034759893336359982 -0.0022902281244048142 0.0007222876038756377 0.0019583540160944325 0.0030617502816683074 -0.0045599255539715894 0.00022607163090813121 -0.0025804645355375303 -0.0072352422472908521 0.0025661387069893849 -0.0061644939742142692 -0.0009565079905196395 0.0079806153740419605 -0.008009172543119147 -0.0079804801870125286 -0.0056893847929497809 -0.0057859783399457302 0.0081479722053242054 0.010031456898746611 0.01473798006079865 -0.0018605157220494941 0.010771198313821135 -0.0001573259929182558 0.007366042417698321 0.00022382819071751215 0.0022015409031654332 0.0065333114956390159 -0.0025584122451385474 0.0019966643416418186 0.0040387445551403056 0.00118968164235852 -0.0015961152480772124 -0.00070941156721470171 -0.0066868923040380723 0.011533200468322702 0.0095692815787782777 0.0066323007892191256 0.005427753023482574 0.0015750650151614921 0.0051558911362634911 -0.0074250941683313091 0.062927088499866321 0.0039608188506700896 0.01265301082888598 0.001592817268719471 -0.0055868458107957882 -0.0032659938693529456 -0.0020097191987045629
leaf_weight=606 874 1707 7745 2636 941 365 923 16079 966 2709 327 4801 749 4652 3519 2595 929 782 3974 495 1952 565 1672 458 3037 2933 2824 610 1345 859 713 1458 46 1584 1864 394 617 158 604 759 1922 346 3940 1287 443 1275 637 3810 3430 1849 1183 448 954 4309 474 1449 3237 1920 94 316 3267 731
leaf_count=606 874 1707 7745 2636 941 365 923 16079 966 2709 327 4801 749 4652 3519 2595 929 782 3974 495 1952 565 1672 458 3037 2933 2824 610 1345 859 713 1458 46 1584 1864 394 617 158 604 759 1922 346 3940 1287 443 1275 637 3810 3430 1849 1183 448 954 4309 474 1449 3237 1920 94 316 3267 731
internal_value=0.00347692 -0.0103148 0.0198081 -0.0216155 -0.0137662 -0.0279537 0.0135568 -0.00143114 -0.00568717 0.0314432 -0.00605707 -0.032231 -0.0135838 0.00860247 0.0185533 -0.0303491 -0.00896827 0.0164255 0.00235589 -0.00909547 0.00320793 -0.0345761 -0.0330757 0.0284592 -0.012888 0.0017878 0.0187584 -0.0148075 -0.0139912 -0.0346175 -0.026316 0.0249204 -0.00437058 0.0249993 0.00615804 0.00534357 0.012003 0.0275926 0.00844544 0.0142729 0.0162881 0.00371165 0.00118777 0.0165547 -0.00991274 -0.0113367 -0.00514027 -0.0361292 0.0229252 0.0180438 0.00999007 0.00269597 -0.00479148 0.0139916 -0.0176133 0.0422445 0.00779715 0.0321284 -0.017418 -0.00664635 -0.00880162 -0.00904993
internal_weight=120147 65138 55009 28668 12809 15859 35785 36470 8614 19224 16417 12220 3639 17970 17815 4195 11974 13356 20053 2890 4159 3160 11855 15066 6462 4443 9837 1947 4455 10183 1572 4459 5512 7321 12559 11685 2298 3536 2556 5411 7013 9387 5804 1681 4755 4312 1603 8611 5737 2307 1510 943 5466 5091 3110 4158 3583 2078 1035 4512 3583 1341
internal_count=120147 65138 55009 28668 12809 15859 35785 36470 8614 19224 16417 12220 3639 17970 17815 4195 11974 13356 20053 2890 4159 3160 11855 15066 6462 4443 9837 1947 4455 10183 1572 4459 5512 7321 12559 11685 2298 3536 2556 5411 7013 9387 5804 1681 4755 4312 1603 8611 5737 2307 1510 943 5466 5091 3110 4158 3583 2078 1035 4512 3583 1341
is_linear=0
shrinkage=0.05


Tree=27
num_leaves=63
num_cat=0
split_feature=13 17 11 11 16 13 38 11 18 0 0 21 24 22 22 11 24 20 21 44 44 50 2 11 12 11 50 22 20 22 24 42 21 22 16 3 59 0 24 60 50 48 13 0 13 44 29 22 44 22 24 40 13 11 18 45 3 20 24 38 22 24
split_gain=10270.5 2545.66 1583.05 625.165 442.308 330.028 271.202 260.704 138.077 119.472 111.978 111.11 107.144 125.159 103.787 76.0018 70.8298 66.124 65.4904 64.2214 59.5462 55.7435 54.2893 53.2248 51.72 48.4208 47.3382 45.189 44.5782 44.0651 73.0671 43.4323 43.2286 42.5857 42.3954 41.1732 40.5481 49.4142 36.4305 35.0221 34.8197 34.0766 33.8791 32.6901 37.4659 32.2499 32.0959 32.9611 31.6903 31.6277 58.4676 30.3283 30.1281 29.7366 29.0689 28.5431 28.4618 33.5502 28.4094 28.2229 28.0369 27.9689
threshold=4.6250000000000009 2.5000000000000004 9.5000000000000018 3.5000000000000004 1.0000000180025095e-35 5.8750000000000009 3.7083333333333335 16.500000000000004 0.099999999999999464 33.500000000000007 3.5000000000000004 1.0000000180025095e-35 0.043582576347285511 5.6951349984438222 3.7017589388696659 5.5000000000000009 0.024049064876534503 0.071428571428571466 0.62500000000000011 14.850000000000003 17.100000000000005 57.509234722222224 0.8542199457734333 4.5000000000000009 13.500000000000002 1.5000000000000002 96.566243055555603 3.9134151338553997 0.12499999999999996 2.6022875816993465 0.016688539544812402 26.900000000000002 0.62500000000000011 4.3290924922600631 3.7500000000000004 1.0000000180025095e-35 1.0000000180025095e-35 17.500000000000004 0.053420811471555106 12.550000000000002 45.773159722222232 22.650000000000002 2.1250000000000004 3.5000000000000004 1.8750000000000002 15.250000000000002 3.2304919289981329 2.6299019607843142 17.100000000000005 5.3590926566705122 0.033516847313741611 -1.0000000180025095e-35 33.625000000000007 2.5000000000000004 1.8999999999999997 14.550000000000002 -0.99635443704902682 0.049999999999999954 0.033671305707119306 7.416666666666667 4.1898897058823534 0.076648782300351923
decision_type=2 2 2 2 2 2 2 2 2 2 2 2 2 2 2 2 2 2 2 2 2 2 2 2 2 2 2 2 2 2 2 2 2 2 2 2 2 2 2 2 2 2 2 2 2 2 2 2 2 2 2 2 2 2 2 2 2 2 2 2 2 2
left_child=1 4 5 6 16 23 8 17 9 20 -6 25 13 27 22 59 31 -4 42 32 43 -22 55 45 -9 40 49 58 46 -13 -31 -1 53 38 -34 -32 -16 -38 -19 -39 -12 -28 -11 -3 -45 56 47 -18 51 50 -25 -29 -26 60 -52 -14 -2 -58 -7 -5 -8 -17
right_child=2 3 7 15 10 12 19 24 -10 18 11 29 14 -15 36 61 28 33 -20 -21 21 -23 -24 26 52 -27 41 48 -30 30 35 -33 34 -35 -36 -37 37 39 -40 -41 -42 -43 -44 44 -46 -47 -48 -49 -50 -51 54 -53 -54 -55 -56 -57 57 -59 -60 -61 -62 -63
leaf_value=-0.0096229038497856034 0.0082151234562919395 0.00080618606104077006 0.011391546314909485 6.8036291655970695e-06 -0.0054213858541181104 -0.0040369287387769463 -0.0042842870798365023 0.016893383586296974 -0.0021354758033229728 -0.0073510532633017994 -0.007075007402291722 -0.0065108151542819575 0.0040989904050438347 0.0062950319955614956 0.0057652839663910327 0.002161681789730141 -0.0074073207893105902 0.0044916829994924639 -0.0021757167181845729 0.0023966882111974789 0.0060150461942842411 -0.0023833170624334658 0.008881271899106891 0.00051612877036946172 0.020349162279952072 -0.0038755651408410863 0.0032878180492920241 0.0020658611277172725 -0.017347842156511462 -0.016759755507629592 -0.0051553609973219675 0.0003056149568408939 -0.0046669751659671466 0.011269733855775545 -0.0046748758749137198 -0.0051380422734675531 0.0129647260020896 0.0094550495895390219 0.0097358160674943187 0.0060139543779099474 -0.0030261692635319415 -0.0050438207054845259 -0.0025752056455296993 -0.0081322032538932998 -0.0021759085861163155 0.0050358395392093303 0.0045890444501375362 0.0047602999665062656 0.0089439383063090409 0.0040902782127684167 0.0027046019168801339 0.004477874931184467 0.067622857583326382 0.00045714519238804208 0.011545054151406997 0.0070662940869143827 -0.0020284051026745356 0.00066318132753279135 0.001975878423877231 0.010566849183126765 0.00043194363292364812 0.0087863792496239834
leaf_weight=1939 121 347 5751 15975 365 519 2347 951 7337 1604 478 4727 3514 3944 974 3666 478 617 2800 2120 338 579 904 2277 3402 451 213 1799 276 3197 869 197 604 4913 761 1682 1114 2542 2457 1526 451 356 2753 893 3531 889 508 241 361 1961 4735 1657 1133 2148 262 1794 289 3119 915 104 1064 308
leaf_count=1939 121 347 5751 15975 365 519 2347 951 7337 1604 478 4727 3514 3944 974 3666 478 617 2800 2120 338 579 904 2277 3402 451 213 1799 276 3197 869 197 604 4913 761 1682 1114 2542 2457 1526 451 356 2753 893 3531 889 508 241 361 1961 4735 1657 1133 2148 262 1794 289 3119 915 104 1064 308
internal_value=0.00333876 -0.0100953 0.0192464 -0.00448752 -0.0275186 0.0130287 -0.00915232 0.030819 -0.0123765 -0.0155025 -0.0320755 -0.0329154 0.0169284 0.0128366 0.0199689 0.00231101 -0.0122102 0.0271341 -0.0198023 -0.00195633 -0.0100888 0.00157407 0.0154024 0.00711488 0.0400392 -0.0195474 0.00916828 0.00777704 -0.0038863 -0.034674 -0.031709 -0.0180604 -0.00428809 0.0241794 -0.0122584 -0.0253703 0.0245728 0.0263351 0.0195431 0.0237638 -0.0260699 -0.00481579 -0.015958 -0.0123313 -0.0134904 0.00255601 0.000199511 -0.00659028 0.0106194 0.0100309 0.0085079 0.00913943 0.0422718 -0.00232824 0.0115336 0.0134668 0.000409348 -0.000438545 0.000205575 0.000780162 -0.00523007 0.00850189
internal_weight=120147 65138 55009 49279 15859 35785 29226 19224 20182 12845 12220 11855 21563 9195 12368 20053 3639 13738 7157 9044 5688 917 6212 14222 5486 1380 9804 5251 1503 10475 5748 2136 6924 7987 1365 2551 6156 5182 3074 4068 929 569 4357 4771 4424 4418 1227 719 3817 9235 7274 3456 4535 5559 4997 5308 3529 3408 1434 16079 3411 3974
internal_count=120147 65138 55009 49279 15859 35785 29226 19224 20182 12845 12220 11855 21563 9195 12368 20053 3639 13738 7157 9044 5688 917 6212 14222 5486 1380 9804 5251 1503 10475 5748 2136 6924 7987 1365 2551 6156 5182 3074 4068 929 569 4357 4771 4424 4418 1227 719 3817 9235 7274 3456 4535 5559 4997 5308 3529 3408 1434 16079 3411 3974
is_linear=0
shrinkage=0.05


Tree=28
num_leaves=63
num_cat=0
split_feature=13 17 13 11 16 11 11 0 14 17 11 14 0 21 14 14 21 44 20 7 21 23 24 0 14 17 24 32 44 17 23 28 23 23 59 50 44 28 24 14 17 40 12 24 28 28 24 39 44 25 45 13 3 59 44 42 45 13 38 21 37 3
split_gain=9733.21 2128.08 1954.19 491.338 452.408 429.93 290.731 191.871 137.312 443.053 239.153 125.226 111.341 112.466 94.8509 87.311 82.5134 81.8511 80.2349 72.494 70.7163 68.9148 90.7317 63.5921 63.4622 61.1666 60.2915 58.1345 54.9565 52.53 51.5039 53.4238 56.9543 48.5539 48.2013 54.6047 52.4658 47.9606 65.661 45.0244 82.4579 74.5489 44.4305 44.3706 62.7317 50.4011 45.8643 44.1881 48.9469 42.758 42.5548 39.9227 38.7146 38.4474 36.8864 36.0519 33.7471 33.1086 32.9839 32.4035 32.3369 32.2234
threshold=4.1250000000000009 2.5000000000000004 7.6250000000000009 3.5000000000000004 1.0000000180025095e-35 14.500000000000002 6.5000000000000009 34.500000000000007 2.5916666666666672 3.5000000000000004 2.5000000000000004 3.3484848484848491 3.5000000000000004 1.0000000180025095e-35 18.041666666666668 5.4226190476190483 0.62500000000000011 18.050000000000004 0.025031328320801956 1.5000000000000002 1.0000000180025095e-35 4.888668234007044 0.047342861758438652 20.500000000000004 1.6833333333333336 3.5000000000000004 0.024049064876534503 1.0000000180025095e-35 15.65 7.5000000000000009 2.6662197764528348 1.4437308574321379 1.2517618977093428 1.6648030799354154 0.3714285714285715 67.638020833333357 12.15 2.6149070043531437 0.017146919551611604 2.5916666666666672 3.5000000000000004 0.43915503282683993 2.5000000000000004 0.03410168446545201 5.5360754931935281 3.6969327798373759 0.061484176115445453 0.086956521739130488 17.100000000000005 1.205289373814042 58.750000000000007 2.6250000000000004 1.0000000180025095e-35 0.90714285714285736 18.050000000000004 20.050000000000004 71.300000000000026 3.3750000000000004 7.1250000000000009 0.37500000000000006 1.0000000180025095e-35 -0.99635443704902682
decision_type=2 2 2 2 2 2 2 2 10 2 2 10 2 2 8 8 2 2 2 2 2 2 2 2 10 2 2 2 2 2 2 2 2 2 2 2 2 2 2 10 2 2 2 2 2 2 2 2 2 2 2 2 2 2 2 2 2 2 2 2 2 2
left_child=1 4 6 7 26 17 15 11 10 20 42 33 -6 24 -7 47 57 18 -4 43 -10 22 -20 53 -14 51 49 -24 56 58 31 32 -28 -3 -35 36 -36 -15 -39 41 -41 -37 59 44 -8 46 -45 -2 61 -1 54 -12 -40 -17 -25 -21 -13 -11 -5 -9 -32 -49
right_child=2 3 5 29 12 14 19 8 9 16 25 28 13 37 -16 23 -18 -19 21 55 -22 -23 27 50 -26 -27 30 -29 -30 -31 60 -33 -34 34 35 39 -38 38 52 40 -42 -43 -44 45 -46 -47 -48 48 -50 -51 -52 -53 -54 -55 -56 -57 -58 -59 -60 -61 -62 -63
leaf_value=0.00033977759387676112 0.001649540284788642 -0.0095538691267263234 0.0084033959225904738 8.7675837497469551e-06 -0.0051503165614122052 0.014063678767700073 0.0028963888390835415 -0.0065979388662639697 -0.0018075897422938358 -0.0026814511154754361 0.00030457788859971084 -0.00084606536313884821 -0.0036548823163784052 -0.0061852743965678638 0.027434118773956184 0.0020110854104047004 -0.0046541537634747282 0.014457169163048823 0.0029512027587987213 0.0043497504811416624 -0.002066930882275342 0.010063206893572119 0.0074187300225512457 0.0023229857969434553 -0.0056530350166906114 -0.0018782208412248869 -0.0070522828094140679 0.010976241092822449 0.0050416516961012854 0.0085845364017133781 0.015409898688795859 -0.014210664876364455 0.01007770834945268 -0.0061544105535565 -0.0028559549662729115 -0.0069989780355782742 0.00060486039577765667 -0.015921767732248116 -0.004889242691579288 -0.0020671131568104962 -0.0027017151784715756 0.00013954193670703829 -0.0069835006001367052 0.0038394800943528096 0.0068245175914668612 0.0077630885114466199 0.0077586816703587138 0.0070390150643134704 0.0052294050356214931 -0.0091396664498081433 0.012642606983278671 0.00032142261709087186 -0.0048643473603978476 0.009155360248511336 0.0077456846374955425 -0.0027588920009663288 0.0094184114609920724 0.00018762165474290327 0.0094977969841543389 -0.0074659571786560245 -0.0020745211065112514 0.00026309265942973671
leaf_weight=226 877 71 3463 14057 365 3981 1764 880 431 2432 1501 2500 697 4727 3523 500 1076 1140 1717 1184 2201 6355 5369 7479 683 533 373 1428 1058 680 234 331 122 1476 1621 2233 2154 3364 811 689 1133 1118 1516 1623 1312 3216 1703 305 1345 1910 116 474 1573 1567 260 364 43 1342 85 929 443 11464
leaf_count=226 877 71 3463 14057 365 3981 1764 880 431 2432 1501 2500 697 4727 3523 500 1076 1140 1717 1184 2201 6355 5369 7479 683 533 373 1428 1058 680 234 331 122 1476 1621 2233 2154 3364 811 689 1133 1118 1516 1623 1312 3216 1703 305 1345 1910 116 474 1573 1567 260 364 43 1342 85 929 443 11464
internal_value=0.00320975 -0.0114987 0.0169789 -0.00563397 -0.0271151 0.027097 0.00919741 -0.00959963 -0.013904 -0.0183877 -0.00814964 -0.00553274 -0.0317237 -0.0325612 0.0372678 0.00608618 -0.00941971 0.0231754 0.0223638 0.0158588 -0.0349013 0.0207629 0.017815 0.00967399 -0.019113 0.00350538 -0.0116332 0.0204097 0.0025111 0.00169972 -0.00395279 -0.0123277 -0.00190524 -0.00829316 -0.00800911 -0.00662588 -0.00205111 -0.0343304 -0.0312393 -0.00996231 -0.0162891 -0.006517 -0.0169408 0.0174753 0.0125106 0.0198067 0.0154779 0.00354095 0.00281319 -0.0170309 0.00761774 0.00756326 -0.0248616 0.0174782 0.00716344 0.00580697 -0.00147209 -0.00593245 0.0010461 -0.0222348 0.00626106 0.00177952
internal_weight=120147 58092 62055 42233 15859 26976 35079 27411 13315 7482 5833 14096 12220 11855 7504 23913 4850 19472 18332 11166 2632 14869 8514 9922 1380 2508 3639 6797 3601 14822 1503 826 495 10495 10424 8948 3775 10475 5748 5173 1822 3351 3325 9618 3076 6542 3326 13991 13114 2136 7855 1975 2384 2067 7739 1548 2543 3774 14142 1809 677 11769
internal_count=120147 58092 62055 42233 15859 26976 35079 27411 13315 7482 5833 14096 12220 11855 7504 23913 4850 19472 18332 11166 2632 14869 8514 9922 1380 2508 3639 6797 3601 14822 1503 826 495 10495 10424 8948 3775 10475 5748 5173 1822 3351 3325 9618 3076 6542 3326 13991 13114 2136 7855 1975 2384 2067 7739 1548 2543 3774 14142 1809 677 11769
is_linear=0
shrinkage=0.05


Tree=29
num_leaves=63
num_cat=0
split_feature=13 11 13 38 21 13 11 11 14 38 12 21 7 11 20 20 0 16 21 0 24 22 12 7 24 22 22 24 11 59 0 0 14 24 22 22 15 13 42 46 2 27 19 3 3 0 0 22 3 43 22 12 29 47 39 42 3 24 0 42 42 24
split_gain=9167.6 1717 1641.93 765.219 428.811 407.785 229.917 221.454 259.4 435.63 193.791 135.324 131.276 123.534 121.241 121.198 110.677 95.4063 91.9618 90.3924 79.2573 90.9114 67.0718 66.3689 60.7935 59.4461 59.0188 83.7889 57.8049 51.2485 60.5034 50.9233 47.1082 45.5314 58.8172 55.8841 45.1964 53.1258 44.9644 44.7624 42.9224 39.8537 39.0355 38.8746 38.6465 38.4723 38.3789 38.2251 37.6872 37.0403 36.565 36.2489 35.4328 34.1704 32.7726 35.6502 31.3613 30.7026 30.2992 30.1272 30.0814 29.3717
threshold=4.3750000000000009 2.5000000000000004 7.6250000000000009 2.4166666666666674 0.37500000000000006 17.625000000000004 6.5000000000000009 3.5000000000000004 2.5916666666666672 3.1250000000000004 2.5000000000000004 0.37500000000000006 1.5000000000000002 10.500000000000002 0.062499999999999958 0.35714285714285721 17.500000000000004 1.2500000000000002 0.37500000000000006 3.5000000000000004 0.043582576347285511 3.7199853203313418 2.5000000000000004 1.5000000000000002 0.041442602365860511 2.4607969639468696 2.6022875816993465 0.016688539544812402 5.5000000000000009 1.0000000180025095e-35 17.500000000000004 49.500000000000007 30.56349206349207 0.046277638248025409 3.7017589388696659 5.0875942684766224 0.50000000000000178 2.6250000000000004 26.700000000000006 14.050000000000002 0.78574730703237894 4.5258270612748239 6.5000000000000009 1.0000000180025095e-35 0.23931566428755766 27.500000000000004 26.500000000000004 4.2556048154555954 -0.95297903005573337 5.9000000000000012 4.3865884072927432 2.5000000000000004 3.6414024240976324 7.5950000000000015 0.1032795558988647 13.000000000000002 -0.95297903005573337 0.057723954402534701 18.500000000000004 20.050000000000004 20.300000000000001 0.030807370190263455
decision_type=2 2 2 2 2 2 2 2 10 2 2 2 2 2 2 2 2 2 2 2 2 2 2 2 2 2 2 2 2 2 2 2 8 2 2 2 2 2 2 2 2 2 8 2 2 2 2 2 2 2 2 2 2 2 2 2 2 2 2 2 2 2
left_child=1 3 6 4 15 13 20 8 36 11 19 -10 18 29 48 24 51 44 41 -6 21 -2 -20 33 38 -22 40 -28 -9 -4 -31 50 -7 35 45 61 46 -38 -1 49 -21 47 -13 -29 -17 -35 60 -5 -11 -32 57 -14 -26 -27 -23 -56 -24 -15 -57 -25 -3 -8
right_child=2 7 5 12 10 32 23 28 9 14 -12 42 16 31 -16 17 -18 -19 22 26 25 54 56 59 52 53 27 43 -30 30 39 -33 -34 34 -36 -37 37 -39 -40 -41 -42 -43 -44 -45 -46 -47 -48 -49 -50 -51 -52 -53 -54 -55 55 58 -58 -59 -60 -61 -62 -63
leaf_value=-0.0063320851857099347 -0.00092471630191636736 1.5047449126692759e-05 0.0051889749065491932 -0.0060153511260618298 -0.0044429716969058069 0.019354219665165442 0.00054325264905322743 3.7316133369547091e-06 -0.0015321720530001805 0.0035533912286231598 -0.006365425612493503 -0.0019597469795267553 0.001645670558490553 0.0065792105209510291 0.0002713152796480545 -0.005556391758138041 -0.0043659537771215066 -0.0058029215117402005 -0.0081860340494058215 -0.0067857185179516222 0.00079955499422500469 0.0025023366589747133 0.0016594494566630593 0.0040947115305176142 -0.002343905243837974 0.0038711406212322275 -0.015125679345635712 -0.0047312435511396526 0.0026337941178299464 0.010599579696381867 0.0071408891158953776 0.0056727347055832936 0.056879956542256686 0.0083675459394745976 0.0083435136424188875 0.0062082279829308532 0.0002591965314057143 -0.0022656459745404645 0.0030289543532514896 0.0085542639238338717 -0.0057340868025036133 0.00088364502086265011 -0.001959864107534509 -0.0055293537650265238 -0.016273920998397418 0.0043697208341928698 0.00030535148623632717 -0.00075962982576032183 -0.0028185059637214297 0.0051765413859732549 0.011131737642384155 0.0094911657561180477 0.0074580738041765907 0.016262492699949171 0.00022415064468623848 0.0069399336460539869 -0.0056465440477069702 0.010501367967292242 0.0025548466017352336 -0.002564171928379 -0.00065502896952787106 0.0043802682827263073
leaf_weight=2658 3278 333 1618 3288 249 2770 835 14197 813 41 823 904 502 662 3697 1196 1040 1508 1692 3842 1770 956 294 1146 442 6361 3069 836 3109 1774 3328 471 1386 1187 1596 2524 3378 905 257 3081 631 1062 1382 1670 1361 1525 807 1283 571 2083 6817 651 243 241 3339 701 2721 2986 4078 355 86 1738
leaf_count=2658 3278 333 1618 3288 249 2770 835 14197 813 41 823 904 502 662 3697 1196 1040 1508 1692 3842 1770 956 294 1146 442 6361 3069 836 3109 1774 3328 471 1386 1187 1596 2524 3378 905 257 3081 631 1062 1382 1670 1361 1525 807 1283 571 2083 6817 651 243 241 3339 701 2721 2986 4078 355 86 1738
internal_value=0.00302914 -0.0104489 0.0171822 -0.0186531 -0.025037 0.0262444 0.00945259 -0.00194696 -0.00690084 -0.0130105 -0.0313097 -0.0273048 -0.00908289 0.0236184 -0.00272506 -0.0159333 0.00202598 -0.0218507 -0.0114394 -0.0331759 0.00635923 0.00381243 -0.0165983 0.0153291 -0.00924604 0.0101153 -0.0339133 -0.03046 0.00175045 0.0200837 0.0213884 0.0274568 0.0406531 0.0168876 0.0206765 0.0136809 0.00131488 -0.00110761 -0.0123954 0.0196273 -0.0382085 -0.00712549 -0.0335352 -0.0236518 -0.0277346 0.0161795 0.00977588 -0.00915245 -0.0233197 0.0168782 0.0281813 0.0126906 0.00414723 0.0122967 0.00639063 0.00535719 -0.012117 0.0241148 0.00812657 0.00555593 -0.0024881 0.00848679
internal_weight=120147 61541 58606 31318 18785 26976 31630 30223 12917 7408 11120 3099 12533 22820 4309 7665 2193 4065 10340 10297 20724 12352 4707 10906 3600 8372 10048 5575 17306 11884 10266 10936 4156 9405 4308 5097 5509 4283 2915 8492 4473 5633 2286 2506 2557 2712 1226 4571 612 5411 10465 1153 685 6602 9074 8118 3015 3648 4779 1501 419 2573
internal_count=120147 61541 58606 31318 18785 26976 31630 30223 12917 7408 11120 3099 12533 22820 4309 7665 2193 4065 10340 10297 20724 12352 4707 10906 3600 8372 10048 5575 17306 11884 10266 10936 4156 9405 4308 5097 5509 4283 2915 8492 4473 5633 2286 2506 2557 2712 1226 4571 612 5411 10465 1153 685 6602 9074 8118 3015 3648 4779 1501 419 2573
is_linear=0
shrinkage=0.05


Tree=30
num_leaves=63
num_cat=0
split_feature=13 17 13 17 14 16 11 11 13 11 14 20 22 44 7 24 22 44 0 23 24 24 11 23 24 23 40 13 24 22 13 0 13 50 13 42 47 3 44 40 20 24 23 0 24 2 59 0 3 23 44 49 22 0 44 22 39 48 0 20 39 24
split_gain=8558.87 2199.37 1395.36 459.769 638.233 422.256 331.624 296.398 279.003 183.449 119.87 116.512 112.29 81.5799 78.4082 76.5582 79.3593 72.3275 68.7275 71.5078 69.2526 66.7691 64.8893 63.1517 59.7175 85.6405 57.9787 57.5524 55.8364 51.9794 51.4175 49.5475 48.1978 45.0252 44.8146 42.574 42.2096 52.5771 39.6873 38.0767 37.7564 37.6735 55.3155 37.575 37.4771 37.2398 35.4174 37.4986 34.4669 33.4956 31.9075 31.0138 30.9551 30.379 29.8941 37.0784 30.9036 29.7935 29.7486 29.3731 34.1535 29.2535
threshold=4.6250000000000009 3.5000000000000004 9.3750000000000018 2.5000000000000004 2.5916666666666672 1.0000000180025095e-35 6.5000000000000009 2.5000000000000004 17.875000000000004 3.5000000000000004 4.4226190476190483 0.26136363636363641 2.6022875816993465 18.150000000000002 1.5000000000000002 0.043582576347285511 3.7625891265597153 17.100000000000005 27.500000000000004 5.3668331747089804 0.047342861758438652 0.017146919551611604 5.5000000000000009 2.3459958708675344 0.028680602501267503 2.4256632238642628 -0.14638501094227988 2.1250000000000004 0.062109198406748056 5.0875942684766224 2.1250000000000004 23.500000000000004 30.125000000000004 54.740159722222224 2.6250000000000004 26.900000000000002 8.6100000000000012 1.0000000180025095e-35 10.500000000000002 -0.26111648393354664 0.073867908407382069 0.013622399142902352 3.0327822176031849 26.500000000000004 0.041058281375118653 0.8542199457734333 0.3714285714285715 17.500000000000004 -0.91023613416931237 2.0697051859511464 18.300000000000001 53.800000000000004 4.9903393665158378 26.500000000000004 17.100000000000005 5.6951349984438222 0.080000000000000182 27.450000000000003 18.500000000000004 0.37500000000000011 0.81649658092772726 0.046277638248025409
decision_type=2 2 2 2 10 2 2 2 2 2 10 2 2 2 2 2 2 2 2 2 2 2 2 2 2 2 2 2 2 2 2 2 2 2 2 2 2 2 2 2 2 2 2 2 2 2 2 2 2 2 2 2 2 2 2 2 2 2 2 2 2 2
left_child=1 3 6 5 7 28 15 27 13 10 17 30 31 26 18 16 -2 24 20 44 29 39 -11 -17 52 -26 -4 45 35 -8 -6 -7 -10 51 -9 41 37 -23 -25 -14 -28 -1 -43 -12 -20 -5 -40 -48 -42 -24 -36 -19 -3 -32 55 56 -18 -22 -13 60 -33 -27
right_child=2 9 8 4 11 12 14 34 32 22 43 58 21 -15 -16 23 54 33 19 -21 57 36 49 38 25 61 40 -29 -30 -31 53 59 -34 -35 50 -37 -38 -39 46 -41 48 42 -44 -45 -46 -47 47 -49 -50 -51 -52 -53 -54 -55 -56 -57 -58 -59 -60 -61 -62 -63
leaf_value=-0.015234182247882717 -0.0010301230865241817 -0.0057147124802784726 0.0084411402528155165 -0.0062224831501389577 -0.0027184141669780006 -0.005489578495966963 0.0039020381262532713 0.00026083975323818457 0.018418135251200531 5.8384878529826883e-06 0.0058909345037927779 -0.00035717444568459934 -0.014369395378353928 0.017680502425912802 0.0035159382037886103 -0.00029975041987924113 0.0020978791053825499 -0.0022396416251106222 0.0027545885740362431 0.0063509622092636445 0.0073541080855979105 -0.0040312971689359439 -0.0026313008359549195 0.0022603100946246403 -0.0039927635890800893 -0.0014009428792452817 0.01011166652635539 -0.0066743569097158957 0.0066980107241121469 0.0075642595030017473 -0.0020229068790951102 -0.0053663120168139572 0.055821856923762007 -0.0005018109058712916 0.00029008391192451025 0.0026770898053708916 0.0038422881311727997 -0.0043928295674710016 0.0022447724806161197 -0.0069278474775983645 0.0054258947146826886 -0.008606823300622124 -0.0015135733941108677 2.0040029356355184e-05 0.0051643372915674453 -0.006061512595698277 0.010234842984707882 0.0045111346909640247 0.010195788751627244 0.0029280678604534207 -0.00054139284704677324 0.013077883728508972 -0.0019712676858413825 -0.0018618148693571369 0.0057576685391620367 0.0030410540745628768 0.0010239829570566183 0.010154246635699082 -0.0023572868275921091 -0.011048336229189881 -0.0056513098374991414 0.0023156148349378568
leaf_weight=1022 2696 4041 5830 2636 331 1480 1329 3274 2677 16079 962 254 994 804 2438 973 277 84 1950 2225 1891 1021 203 2279 1998 3691 3666 1345 262 1788 493 2791 1314 897 848 243 139 1925 760 2768 557 1001 1111 1978 4794 474 1057 3231 3358 3771 37 270 1494 1926 716 2597 4492 1310 1191 901 201 1002
leaf_count=1022 2696 4041 5830 2636 331 1480 1329 3274 2677 16079 962 254 994 804 2438 973 277 84 1950 2225 1891 1021 203 2279 1998 3691 3666 1345 262 1788 493 2791 1314 897 848 243 139 1925 760 2768 557 1001 1111 1978 4794 474 1057 3231 3358 3771 37 270 1494 1926 716 2597 4492 1310 1191 901 201 1002
internal_value=0.00293592 -0.00932767 0.0174576 -0.0196901 -0.0126421 -0.0253811 0.0118559 -0.00485142 0.0287799 -0.00118162 -0.0051008 -0.0286332 -0.0298335 0.0254956 0.0167802 0.00727999 0.00449903 -0.00709638 0.0181086 0.0152893 0.0221071 -0.0255761 0.00202678 0.0108897 -0.00826818 -0.00508742 0.0245635 -0.0138117 -0.0104245 0.016788 -0.0346765 -0.0352521 0.0404672 0.00434904 0.00474639 -0.0121507 -0.0201053 -0.021376 0.0124788 -0.0300545 0.0274525 -0.0137145 -0.00988878 0.00404454 0.0127198 -0.017549 0.0149525 0.016716 0.0240156 0.00774717 0.0147235 0.0194225 -0.0121107 -0.0372087 0.00697699 0.0060262 0.00340566 0.0272783 -0.0171127 -0.0382242 -0.0406265 -0.00139433
internal_weight=120147 65138 55009 28668 12809 15859 36803 8614 18206 36470 16417 4195 12220 14215 17725 19078 10778 13477 15287 8969 6318 6847 20053 8300 12226 6691 13411 4455 3639 3117 2750 5373 3991 1251 4159 3377 3085 2946 7327 3762 7581 3134 2112 2940 6744 3110 5048 4288 3915 3974 885 354 5535 2419 8082 7366 4769 3201 1445 3893 2992 4693
internal_count=120147 65138 55009 28668 12809 15859 36803 8614 18206 36470 16417 4195 12220 14215 17725 19078 10778 13477 15287 8969 6318 6847 20053 8300 12226 6691 13411 4455 3639 3117 2750 5373 3991 1251 4159 3377 3085 2946 7327 3762 7581 3134 2112 2940 6744 3110 5048 4288 3915 3974 885 354 5535 2419 8082 7366 4769 3201 1445 3893 2992 4693
is_linear=0
shrinkage=0.05


Tree=31
num_leaves=63
num_cat=0
split_feature=13 17 13 17 14 21 11 13 11 11 22 21 13 21 20 7 44 24 22 13 0 24 14 0 23 24 23 40 13 24 11 44 47 0 13 0 22 0 25 13 20 24 0 7 21 19 0 44 24 14 23 44 59 0 23 27 40 42 20 59 59 0
split_gain=7974.8 1984.39 1323.2 347.521 606.907 453.886 308.827 290.724 272.728 170.02 160.994 131.801 115.469 110.285 89.3949 77.3805 74.0755 73.4422 73.4021 72.6443 75.8655 110.507 67.4056 62.4159 75.2274 69.9519 60.7315 60.6214 58.1354 57.3871 54.3709 53.0511 52.2823 51.8229 50.4144 50.3087 49.6821 47.2699 44.5356 41.6617 39.6054 38.1077 37.8281 36.4576 35.816 35.8866 35.7251 35.1861 34.8787 34.805 34.6683 34.3943 32.7039 39.7931 32.2592 34.0988 32.2286 31.3813 30.7812 30.6082 30.5562 36.8256
threshold=4.6250000000000009 3.5000000000000004 9.3750000000000018 2.5000000000000004 2.5916666666666672 0.37500000000000006 6.5000000000000009 17.875000000000004 2.5000000000000004 3.5000000000000004 2.6022875816993465 0.37500000000000006 3.6250000000000004 0.62500000000000011 0.12500000000000008 1.5000000000000002 18.150000000000002 0.043582576347285511 3.8039705882352943 1.8750000000000002 31.500000000000004 0.016688539544812402 2.1547619047619051 27.500000000000004 5.3668331747089804 0.047342861758438652 2.5909378338859352 -0.14638501094227988 2.1250000000000004 0.029489371148199755 5.5000000000000009 15.250000000000002 8.6100000000000012 26.500000000000004 33.625000000000007 25.500000000000004 5.0875942684766224 23.500000000000004 4.8120849059048085 2.6250000000000004 0.09166666666666666 0.010636986817576801 3.5000000000000004 1.5000000000000002 1.0000000180025095e-35 4.5000000000000009 42.500000000000007 17.250000000000004 0.038154852796108758 3.1742424242424243 3.0327822176031849 12.550000000000002 0.84285714285714308 27.500000000000004 3.9144137066991136 4.5258270612748239 -1.0000000180025095e-35 20.050000000000004 0.062499999999999958 8.9500000000000011 0.90714285714285736 17.500000000000004
decision_type=2 2 2 2 10 2 2 2 2 2 2 2 2 2 2 2 2 2 2 2 2 2 8 2 2 2 2 2 2 2 2 2 2 2 2 2 2 2 2 2 2 2 2 2 2 8 2 2 2 10 2 2 2 2 2 2 2 2 2 2 2 2
left_child=1 3 6 5 8 14 17 16 28 12 37 -6 13 38 29 23 27 18 -2 32 -21 22 -22 25 48 36 -19 52 47 50 -11 -15 41 -13 -9 51 -8 -7 46 -37 -29 56 -28 58 45 -16 49 -5 -25 -3 -1 -10 -4 -54 55 -31 -12 -17 -14 -45 -44 -62
right_child=2 9 7 4 11 10 15 34 35 30 19 33 43 31 44 57 -18 26 -20 20 21 -23 -24 24 -26 -27 42 40 -30 54 -32 -33 -34 -35 -36 39 -38 -39 -40 -41 -42 -43 60 59 -46 -47 -48 -49 -50 -51 -52 -53 53 -55 -56 -57 -58 -59 -60 -61 61 -63
leaf_value=-0.0081258806566915868 -0.00078371520188727506 -0.0025641201608123721 0.004865133777167685 -0.0059383920041812706 -0.001795362377366494 -0.0052282274475522585 0.0037069362199406044 0.017497228488640503 0.00035973335835560728 5.546563460334664e-06 -0.014228820204958338 -0.0018770429019037472 -0.0048461744378747512 -0.0034631200879695736 -0.0092623299606652727 0.0043687217752289122 0.016796477304617165 -9.688079292580198e-07 0.0023563305238730129 -0.0017687398670927835 0.00030142119098865996 -0.0026787132769668601 -0.0025128279332399142 0.0024548982318904123 0.0060334140988004608 0.0082585218548900437 0.017258653219359078 0.0096069908426588361 -0.0063406390642301025 -0.003358894871413809 0.0023915206233894762 -0.00036832452057994347 0.0031509244559521144 -0.0017725062457173758 0.057234918092161302 0.00027800338312515825 0.007186046527851664 -0.0053687443456241881 0.0015313234535672127 0.00028553739984908954 0.0091379915350618957 -0.0043393673235344711 0.0015886394932959069 0.0080250894171129249 -0.0077471934819266734 -0.0027419238867155029 -0.0043348263707892526 0.00042826214785356424 0.0048184360180327131 0.00021209938128912144 -0.0045907532204551241 -0.00055953613140854455 0.012848579554424222 0.0072380307585766636 0.020361398597616966 0.0065897210824187426 -0.014681261073808195 -0.00067714177852481463 0.00029082217079964281 -0.0011761962364883916 0.0088782722999144748 0.0033692908662312838
leaf_weight=562 2870 3444 992 2871 1284 1082 1329 2848 561 16079 370 673 320 2099 584 1886 804 1162 7908 280 217 175 43 1719 2225 3201 232 4193 1345 713 3974 495 124 2238 1143 1952 1788 3141 1319 604 3388 2861 1122 482 1669 1215 2310 239 5025 2263 1472 1042 1476 3362 119 142 1090 552 3420 265 882 4902
leaf_count=562 2870 3444 992 2871 1284 1082 1329 2848 561 16079 370 673 320 2099 584 1886 804 1162 7908 280 217 175 43 1719 2225 3201 232 4193 1345 713 3974 495 124 2238 1143 1952 1788 3141 1319 604 3388 2861 1122 482 1669 1215 2310 239 5025 2263 1472 1042 1476 3362 119 142 1090 552 3420 265 882 4902
internal_value=0.00291844 -0.00891931 0.0169359 -0.0187623 -0.0126343 -0.0237103 0.011481 0.0279615 -0.00503714 -0.00118162 -0.030738 -0.0282281 -0.00495462 -0.00752619 -0.013524 0.0162329 0.0246092 0.0070651 0.00434131 -0.0248004 -0.00997905 0.00308486 0.0237356 0.0175527 0.0148657 0.0213633 0.0106005 0.0237209 -0.0136322 -0.00721004 0.0019071 -0.0166455 -0.0271806 -0.0341157 0.039891 0.00416947 0.0160183 -0.0379841 -0.00499036 0.00852366 0.0266744 -0.0280993 0.012326 0.00188168 -0.0189954 -0.0140806 -0.00639124 -0.0173883 0.0122305 -0.00426507 -0.0119877 -0.0027712 0.0198757 0.0215737 0.0027641 -0.000636682 -0.0346988 0.00795203 -0.000132318 0.0119586 0.0116541 0.0131193
internal_weight=120147 65138 55009 28668 12809 15859 36803 18206 8614 36470 9383 4195 16417 11930 6476 17725 14215 19078 10778 5160 715 435 260 15287 8969 6318 8300 13411 4455 3008 20053 2594 4445 2911 3991 4159 3117 4223 9336 2556 7581 4321 7138 4487 3468 1799 8017 3110 6744 5707 2034 1603 5830 4838 974 855 1460 2438 3740 747 6906 5784
internal_count=120147 65138 55009 28668 12809 15859 36803 18206 8614 36470 9383 4195 16417 11930 6476 17725 14215 19078 10778 5160 715 435 260 15287 8969 6318 8300 13411 4455 3008 20053 2594 4445 2911 3991 4159 3117 4223 9336 2556 7581 4321 7138 4487 3468 1799 8017 3110 6744 5707 2034 1603 5830 4838 974 855 1460 2438 3740 747 6906 5784
is_linear=0
shrinkage=0.05


Tree=32
num_leaves=63
num_cat=0
split_feature=13 17 11 17 14 11 38 11 22 14 11 20 38 20 24 22 0 44 2 24 22 13 22 20 12 22 50 45 13 24 24 22 24 11 22 0 39 60 41 45 32 44 0 13 0 50 3 45 0 22 14 2 2 24 48 24 39 12 44 24 22 22
split_gain=7397.13 2021.6 1097.52 306.108 596.651 305.159 288.646 286.197 227.735 208.212 190.133 135.445 112.428 93.9485 93.5769 105.162 88.4331 80.9347 77.5624 74.4502 76.9425 69.7884 69.0881 64.9671 58.9039 58.8114 58.4084 55.7085 52.6864 49.5664 49.0356 47.7446 53.7517 44.7151 43.9883 41.2355 42.6257 41.1863 40.7841 40.7112 45.7393 39.9813 39.5515 43.0241 38.732 38.6467 38.3653 37.835 37.3444 35.4058 35.1777 34.5351 34.105 32.0127 31.1002 31.057 30.7537 30.7287 30.6978 30.6782 31.6334 30.4935
threshold=4.8750000000000009 3.5000000000000004 9.5000000000000018 2.5000000000000004 2.5916666666666672 17.500000000000004 1.0000000180025095e-35 2.5000000000000004 2.6022875816993465 7.5916666666666677 4.5000000000000009 0.2687500000000001 1.8750000000000002 0.37500000000000011 0.033516847313741611 6.0018382352941186 27.500000000000004 18.150000000000002 0.8542199457734333 0.025956940568196054 2.4448585885967296 33.625000000000007 4.3290924922600631 0.069051781551781502 2.5000000000000004 4.9903393665158378 96.566243055555603 14.550000000000002 2.1250000000000004 0.092453843413316764 0.046277638248025409 2.0259803921568635 0.042110981176505309 3.5000000000000004 3.4477124183006542 23.500000000000004 0.81649658092772726 6.6000000000000005 4.7571428571428589 12.950000000000001 1.0000000180025095e-35 14.950000000000001 26.500000000000004 2.6250000000000004 40.500000000000007 100.26056944444446 -0.91023613416931237 58.750000000000007 3.5000000000000004 3.0328941359152366 2.1742424242424243 0.99635443704902704 0.8542199457734333 0.010259027520836652 27.350000000000005 0.080933273622928764 1.2670604472047693 13.500000000000002 17.250000000000004 0.049702600465364004 5.3590926566705122 3.2583120204603584
decision_type=2 2 2 2 10 2 2 2 2 8 2 2 2 2 2 2 2 2 2 2 2 2 2 2 2 2 2 2 2 2 2 2 2 2 2 2 2 2 2 2 2 2 2 2 2 2 2 2 2 2 10 2 2 2 2 2 2 2 2 2 2 2
left_child=1 3 9 6 7 23 29 24 13 14 17 28 53 35 15 61 39 19 22 25 33 57 27 -4 58 -3 31 -16 -6 37 47 -12 34 -21 -33 -8 -37 -1 -20 40 -11 46 -9 -44 50 -28 54 -22 -14 -18 55 -19 -26 -10 -25 -32 -34 -7 -5 60 -51 -2
right_child=2 10 5 4 11 21 8 42 12 16 26 -13 48 -15 18 -17 49 51 38 20 30 -23 -24 41 52 -27 45 -29 -30 -31 44 32 56 -35 -36 36 -38 -39 -40 -41 -42 -43 43 -45 -46 -47 -48 -49 -50 59 -52 -53 -54 -55 -56 -57 -58 -59 -60 -61 -62 -63
leaf_value=-0.0064451735456681758 -0.0049935291650451963 -0.005151482037726896 0.008914830843657939 -0.0056934261526070621 -0.0025663083759070119 0.014299087465283257 -0.0049536881987909953 -2.1925538193345864e-05 -0.013947198020117785 0.0038028280355473457 -0.00086351223116439284 -0.0017717926565928854 0.0045495257077757039 -0.01035882322339461 0.0014695781811630559 0.003413097685297295 0.0017349335079831496 0.00098387992382059641 0.0033820904280311482 -0.003350355855304599 -7.4037893724665518e-05 0.054373172187553248 0.0045589601185554223 0.0004402322835128203 -0.0059510914759593643 -0.00015332128930743984 -0.0045507011520074967 0.0041471448099067885 -0.0016838809334315031 0.011858652457157049 0.0014531648388043661 -0.00058564701075850543 0.0054500001025036384 -3.1986558806640367e-05 0.0032962210721738552 -0.0048295591986920461 -0.0051003071283429735 -0.0031299010567202691 0.0083502244695542183 0.013371637926947288 0.0086823920384393686 0.010857301505075689 0.00026410321396890256 0.00027211458596164694 -1.0770293007711374e-05 0.0031936867981833764 0.0080168786916573701 0.0087425326907395913 -0.0024661362396253272 0.0016431794218154439 0.0036486980225394761 0.015009441787299904 0.0023333287266009361 -0.0039862080145152473 0.0070642431612342521 -0.0096261217152778591 0.017171176467566551 0.016622367064208478 0.0012259129208683107 0.006339571871291594 0.005307172276127526 0.00052102667143861809
leaf_weight=1098 381 5560 5939 2325 335 690 1094 1633 1552 693 732 1437 248 1557 5935 2671 965 1529 923 2875 9872 1137 2901 549 1616 3039 362 3157 2423 89 52 1659 3018 2006 5207 2734 223 1636 1510 1029 1491 1726 1927 599 1492 260 5815 138 2296 1218 1697 92 332 3332 442 51 162 2888 182 3079 1828 4709
leaf_count=1098 381 5560 5939 2325 335 690 1094 1633 1552 693 732 1437 248 1557 5935 2671 965 1529 923 2875 9872 1137 2901 549 1616 3039 362 3157 2423 89 52 1659 3018 2006 5207 2734 223 1636 1510 1029 1491 1726 1927 599 1492 260 5815 138 2296 1218 1697 92 332 3332 442 51 162 2888 182 3079 1828 4709
internal_value=0.00281191 -0.00796596 0.0170926 -0.0180891 -0.0123376 0.026575 -0.022733 -0.00480499 -0.0258721 0.0114923 -0.00067443 -0.0277991 -0.0201232 -0.033481 0.00876352 0.00433458 0.0173666 -0.00286386 0.0111454 -0.0035207 -0.00170727 0.0376262 0.00949183 0.0229716 -0.0136097 -0.00735407 0.00477984 0.00734576 -0.034286 -0.00823123 0.000262723 0.00564013 0.00653877 -0.00707599 0.00404762 -0.0374988 -0.0405832 -0.00943144 0.0192872 0.0242517 0.0203638 0.0201682 0.0046262 0.00854571 0.00555572 -0.0101043 0.0184362 -0.00147787 -0.0115894 0.0142427 0.0104914 0.00798089 -0.00707799 -0.024564 0.00931956 -0.0177404 0.0119129 0.0341702 -0.0186782 0.0156456 0.0120758 0.000116873
internal_weight=120147 68471 51676 28668 12809 19186 15859 8614 13036 32490 39803 4195 7428 5608 22187 7761 10303 28403 14426 26782 18183 4715 11993 14471 4455 8599 11400 9092 2758 2823 13302 10778 10046 4881 6866 4051 2957 2734 2433 3213 2184 8532 4159 2526 3292 622 6806 10010 2544 7090 1800 1621 1948 4884 991 103 3180 3578 2507 6125 3046 5090
internal_count=120147 68471 51676 28668 12809 19186 15859 8614 13036 32490 39803 4195 7428 5608 22187 7761 10303 28403 14426 26782 18183 4715 11993 14471 4455 8599 11400 9092 2758 2823 13302 10778 10046 4881 6866 4051 2957 2734 2433 3213 2184 8532 4159 2526 3292 622 6806 10010 2544 7090 1800 1621 1948 4884 991 103 3180 3578 2507 6125 3046 5090
is_linear=0
shrinkage=0.05


Tree=33
num_leaves=63
num_cat=0
split_feature=13 17 11 21 17 14 11 11 14 23 13 0 23 24 24 7 17 23 0 12 20 13 59 11 23 0 0 24 11 25 44 42 23 52 12 24 0 13 14 24 23 25 24 49 59 0 0 7 39 45 20 50 24 23 38 23 24 24 24 42 59 39
split_gain=6979.31 2189.97 870.691 345.894 415.65 700.901 288.275 233.877 212.646 198.366 167.081 95.51 90.7677 112.102 87.21 77.2588 76.6716 75.5653 71.3758 66.0001 58.5976 60.7533 57.3059 55.8751 55.0039 51.4627 50.1752 49.4739 47.7519 47.3292 46.4879 44.296 43.5946 43.029 42.9411 42.2363 111.882 104.692 65.6677 41.5135 49.6935 41.1578 39.8854 38.2345 37.7392 37.3004 36.0045 36.4448 35.6709 36.0901 35.1768 34.8467 34.4753 34.1949 34.0749 33.653 32.4377 31.6351 31.6302 31.3429 31.1237 30.337
threshold=5.3750000000000009 3.5000000000000004 12.500000000000002 0.37500000000000006 2.5000000000000004 2.5916666666666672 2.5000000000000004 4.5000000000000009 7.9583333333333348 2.6901798460087174 23.875000000000004 27.500000000000004 2.5066151214696393 0.022848784449288204 0.041058281375118653 1.5000000000000002 1.5000000000000002 4.6965847451231886 27.500000000000004 2.5000000000000004 0.083333333333333356 1.3750000000000002 0.90714285714285736 6.5000000000000009 5.2233093838153888 26.500000000000004 26.500000000000004 0.04772243048639576 3.5000000000000004 2.7057752431681341 18.050000000000004 20.050000000000004 3.5227190751902699 4.5000000000000009 9.5000000000000018 0.016688539544812402 31.500000000000004 1.8750000000000002 2.1547619047619051 0.019391654881832702 3.6154505583779444 1.205289373814042 0.049702600465364004 55.250000000000007 1.8357142857142861 3.5000000000000004 49.500000000000007 1.5000000000000002 0.8473185457363237 16.200000000000003 0.035714285714285761 97.943555555555562 0.010259027520836652 4.3252357087388296 2.7083333333333335 1.7957546306631935 0.040466110360847553 0.053268029321017853 0.030519157170783403 13.500000000000002 1.0000000180025095e-35 0.10526315789473632
decision_type=2 2 2 2 2 10 2 2 8 2 2 2 2 2 2 2 2 2 2 2 2 2 2 2 2 2 2 2 2 2 2 2 2 2 2 2 2 2 8 2 2 2 2 2 2 2 2 2 2 2 2 2 2 2 2 2 2 2 2 2 2 2
left_child=1 3 8 20 9 6 19 12 14 45 34 43 29 28 17 23 52 -2 22 -6 39 -22 -15 60 42 59 -7 48 53 -3 32 -17 -16 35 46 36 -18 -38 -39 41 -41 -1 -13 44 -10 -5 47 -4 49 61 -34 -46 -11 -14 -27 -25 -57 -20 -26 -8 -9 -24
right_child=2 7 10 4 5 26 25 15 11 16 -12 24 13 18 30 31 33 -19 57 -21 21 -23 27 55 58 54 -28 -29 -30 -31 -32 -33 50 -35 -36 -37 37 38 -40 40 -42 -43 -44 -45 51 -47 -48 -49 -50 -51 -52 -53 -54 -55 -56 56 -58 -59 -60 -61 -62 -63
leaf_value=0.00357701046991038 0.0013429621708809403 -0.0073512459763066867 0.012186625510553628 -0.0042724838533275966 -0.0055546312942988396 -0.0016989967101369908 0.00032786346080336819 -0.00043273849661630283 0.0044449126027867438 -0.013249838119111896 0.035630925397633594 0.0017583623838322848 -0.0064548939903674666 -0.00033494315577831113 0.0035879853424850786 0.00012244372314484386 -0.0019873087515745349 0.0036952601756569782 -0.00029705189337691509 -0.0057051668634864111 -0.0060685311204674245 -0.0030639962518472785 -0.00062049260074114048 -0.01234542624460714 0.0050940119006895219 0.00025089805327045412 -0.0015996868867599323 0.0076968890303198536 -0.00010999341925438388 -0.00060931896841440744 0.008620349197434346 -0.0044841115904407534 0.0048348611179271422 0.0045454653477610798 0.010921531217672044 -0.0031637834189764957 -0.0019443749155918068 0.00040965694342049997 -0.0021509636290598655 -0.0030048202935046234 0.0094232830479070613 -0.0054018561162948123 0.0055707079662336741 0.010605402714050451 0.00977704086070217 -0.004636947245729617 -0.009779864495283808 0.003966511476605184 -0.0025121344547807348 0.0038224997588178766 0.0052762343263135563 -0.0011259534178476472 -0.015536213897294517 -0.0020336948865612215 0.00027832568637495839 0.0046293755968029706 0.0084806824024449955 0.0006601825272512297 0.0071358141989094964 -0.00053037977745821194 0.0018389749829332393 0.00052985373791779593
leaf_weight=249 4534 1268 1065 98 1308 673 641 1639 862 756 1876 1502 2200 1811 5069 1526 703 4710 9228 1271 3719 3766 99 68 1227 1492 2238 1156 2699 3504 682 493 1028 88 7402 1755 841 222 43 1190 503 1268 4588 2792 1225 3832 56 323 741 1037 4106 117 1045 2275 404 1500 1146 1525 2407 563 9245 2748
leaf_count=249 4534 1268 1065 98 1308 673 641 1639 862 756 1876 1502 2200 1811 5069 1526 703 4710 9228 1271 3719 3766 99 68 1227 1492 2238 1156 2699 3504 682 493 1028 88 7402 1755 841 222 43 1190 503 1268 4588 2792 1225 3832 56 323 741 1037 4106 117 1045 2275 404 1500 1146 1525 2407 563 9245 2748
internal_value=0.00272119 -0.00669905 0.0181371 -0.0175414 -0.0217784 -0.0138278 -0.00359947 7.17724e-05 0.0143026 -0.0290542 0.0305973 0.0188707 -0.00249059 -0.00130662 0.010961 0.00504194 -0.0228722 0.00738724 0.000765562 -0.0159477 -0.0104193 -0.0128433 0.00447715 0.00639716 0.0159789 0.00667365 -0.0337723 0.00690851 -0.00660557 -0.0088194 0.0139946 -0.00408168 0.0131463 -0.0186956 0.027715 -0.0195498 -0.0141685 -0.00424119 0.0231015 -0.00476331 0.000616883 -0.0107675 0.0130676 0.0244937 0.0195442 -0.0376227 0.0197889 0.0213787 0.00459252 0.00651094 0.0163963 0.0247915 -0.0313235 -0.00977324 0.0118055 0.0128158 0.0137117 -0.00185466 0.0208514 -0.00140664 0.00479513 0.00359726
internal_weight=120147 74576 45571 28668 17973 8590 5679 45908 34849 9383 10722 14720 30291 25519 20129 15617 5453 9244 18345 2579 10695 7485 7592 13598 9724 3100 2911 5781 7174 4772 10885 2019 10203 3652 8846 3564 1809 1106 265 3210 1693 1517 6090 4996 2204 3930 1444 1388 4625 3884 5134 1342 1801 4475 1896 2714 2646 10753 3634 1204 10884 2847
internal_count=120147 74576 45571 28668 17973 8590 5679 45908 34849 9383 10722 14720 30291 25519 20129 15617 5453 9244 18345 2579 10695 7485 7592 13598 9724 3100 2911 5781 7174 4772 10885 2019 10203 3652 8846 3564 1809 1106 265 3210 1693 1517 6090 4996 2204 3930 1444 1388 4625 3884 5134 1342 1801 4475 1896 2714 2646 10753 3634 1204 10884 2847
is_linear=0
shrinkage=0.05


Tree=34
num_leaves=63
num_cat=0
split_feature=13 13 17 21 13 40 22 13 21 13 14 14 15 15 0 0 20 20 17 13 0 27 0 44 44 59 18 20 50 41 39 0 17 14 21 0 13 2 13 14 0 22 23 47 60 45 2 41 0 44 21 23 40 46 27 21 22 23 44 20 59 15
split_gain=6613.64 1740.24 932.251 528.381 441.146 272.199 237.278 233.197 204.314 131.696 107.975 97.6982 138.333 124.195 95.5486 82.6934 79.5962 76.1851 69.8959 68.5423 65.2775 68.2311 64.6681 57.6483 56.4333 50.5406 48.5669 47.4299 47.3441 58.1342 45.4676 45.3959 45.1365 279.341 59.9602 44.0816 42.2877 42.0814 42.6894 47.4421 64.6177 56.5896 42.021 41.4561 40.3783 41.1982 40.2127 39.7289 37.1415 36.5337 35.5602 34.8251 34.1863 37.4708 32.0938 31.6471 31.2182 31.2161 30.9232 29.5213 29.2299 29.1648
threshold=3.6250000000000004 7.6250000000000009 2.5000000000000004 0.37500000000000006 17.625000000000004 0.23570226039551587 2.6022875816993465 5.6250000000000009 0.62500000000000011 1.8750000000000002 10.34848484848485 2.5916666666666672 1.0000000180025095e-35 0.5773502691896174 22.500000000000004 5.5000000000000009 0.08294552669552667 0.025031328320801956 1.5000000000000002 33.625000000000007 5.5000000000000009 3.9150706436420726 27.500000000000004 17.100000000000005 17.100000000000005 0.3714285714285715 -0.49999999999999983 0.12499999999999988 93.424408333333346 3.7500000000000004 0.054054054054054092 33.500000000000007 3.5000000000000004 2.5916666666666672 0.37500000000000006 23.500000000000004 2.1250000000000004 0.40966402954315223 1.8750000000000002 2.1742424242424243 31.500000000000004 4.5884602633323874 3.3905335653842763 8.6100000000000012 6.6000000000000005 0.55000000000000016 0.91023613416931248 -1.9357142857142853 3.5000000000000004 14.950000000000001 0.37500000000000006 5.6014329013980619 0.47529318789335867 20.800000000000004 3.4950396825396832 1.0000000180025095e-35 5.3590926566705122 2.1745140594931933 17.100000000000005 0.031250000000000056 -3.1142857142857139 2.828427124746193
decision_type=2 2 2 2 2 2 2 2 2 2 8 10 2 2 2 2 2 2 2 2 2 2 2 2 2 2 2 2 2 2 2 2 2 10 2 2 2 2 2 8 2 2 2 2 2 2 2 2 2 2 2 2 2 2 2 2 2 2 2 2 2 2
left_child=2 7 3 27 10 8 35 20 9 55 17 12 -10 -13 -12 -9 57 -3 -8 -6 -2 28 25 46 26 -11 54 44 29 -22 -16 -15 33 -18 -35 -5 48 38 43 40 -40 -42 -23 -20 60 -46 51 -47 -14 -34 -24 -19 53 -32 -17 -4 58 -7 -31 -28 -1 -59
right_child=1 4 5 6 19 16 18 15 11 22 14 13 36 31 30 24 32 23 37 -21 21 42 50 -25 -26 -27 59 -29 -30 56 52 -33 49 34 -36 -37 -38 -39 39 -41 41 -43 -44 -45 45 47 -48 -49 -50 -51 -52 -53 -54 -55 -56 -57 -58 61 -60 -61 -62 -63
leaf_value=0.0075719432193996688 0.0055172448415950984 0.0063281623599923849 -0.0049547607931829385 -0.004482730504676658 0.015231459694654337 -0.00056621428032104795 -0.013283457006956323 0.01010134325589287 0.00026440940205620935 -0.0033615294185630473 0.011602711844939096 -0.0014857263097525887 0.0014383668607703959 -0.001745717747953185 0.0074648591896664847 0.00033911205789454173 9.0286979772413736e-05 0.0042653769419395806 -0.0024017232493953491 0.049872967308293915 -0.00036669368848847865 0.00032482939152409521 -0.0017508248699537267 0.010050430437743153 0.0067655641502602174 0.00111858607892526 0.0033642760123669515 -0.0043751285048425461 -0.001692238363398746 3.7702304827735847e-05 0.0058940054543480062 -0.0070190011443515337 -0.00050167416250374572 -0.0012108468610145086 -0.0015262999138251354 -0.0046134444096393445 -0.0048304320077631087 -0.0024586536997452061 -0.001412804383656441 -0.0036908418015614512 -0.00034404910297147762 0.00038917409624947833 0.0030022024840312468 0.004010154365251606 -0.011456554450530232 -0.021230406995006713 0.0075994423386776316 0.0010381536536821724 -0.0058212815545575225 0.00053668220645647911 -0.004573387048116973 0.0067361964825744637 0.0084216828352615247 0.0093434758964293426 0.0040148117097754009 -0.0059230122331697058 0.0019300713340125065 0.00023305162050836216 0.0047230143808930482 0.0034961336253168333 -0.0053802000353196161 0.0084515374644705214
leaf_weight=55 1534 2453 724 1082 3013 952 1628 783 365 749 2778 1298 42 812 611 2443 2846 6166 1931 1143 4356 3835 3771 948 1359 3204 2028 3568 1141 9092 3812 839 5312 546 881 3141 1440 971 88 147 167 138 4091 90 137 55 752 1594 649 1486 2247 1985 2366 949 2066 1930 2430 3239 974 7284 1067 564
leaf_count=55 1534 2453 724 1082 3013 952 1628 783 365 749 2778 1298 42 812 611 2443 2846 6166 1931 1143 4356 3835 3771 948 1359 3204 2028 3568 1141 9092 3812 839 5312 546 881 3141 1440 971 88 147 167 138 4091 90 137 55 752 1594 649 1486 2247 1985 2366 949 2066 1930 2430 3239 974 7284 1067 564
internal_value=0.0026571 0.0125196 -0.011296 -0.0213017 0.022493 -0.00661401 -0.0288837 0.00632229 -0.0108071 -0.00731388 0.0197623 -0.0189029 -0.0116119 -0.0250661 0.0234853 0.0111279 -0.00182568 0.0165782 -0.0216809 0.0374777 0.00352754 0.00293383 -0.0046776 0.0146107 0.0103086 0.00028958 0.00935067 -0.0103126 0.00123069 0.00189848 0.0206222 -0.0159473 -0.00414966 -0.00817618 -0.026222 -0.0376764 -0.0164845 -0.0177172 -0.0143423 -0.00183919 0.00722081 0.0181209 0.00679892 -0.017678 -0.00556721 -0.000892557 0.0133586 0.0013 -0.0266546 -0.00161715 -0.00794069 0.0123338 0.0194928 0.0170401 0.00508758 -0.0172109 0.00363247 0.00358389 0.0024034 0.0114136 -0.0129964 0.0056112
internal_weight=120147 70392 49755 15859 26976 33896 9383 43416 18070 12625 22820 5445 2496 2949 10516 15963 15826 12304 5160 4156 27453 25919 9971 9851 15180 3953 13821 6476 17993 16852 7738 1651 11071 4273 1427 4223 2131 3532 2561 540 393 305 7926 2021 2908 1786 8903 1649 691 6798 6018 8151 7127 4761 4509 2654 12496 4755 10066 9312 1122 3803
internal_count=120147 70392 49755 15859 26976 33896 9383 43416 18070 12625 22820 5445 2496 2949 10516 15963 15826 12304 5160 4156 27453 25919 9971 9851 15180 3953 13821 6476 17993 16852 7738 1651 11071 4273 1427 4223 2131 3532 2561 540 393 305 7926 2021 2908 1786 8903 1649 691 6798 6018 8151 7127 4761 4509 2654 12496 4755 10066 9312 1122 3803
is_linear=0
shrinkage=0.05


Tree=35
num_leaves=63
num_cat=0
split_feature=11 17 11 11 23 14 17 14 37 38 14 11 16 11 20 16 17 16 20 43 38 20 22 24 23 24 24 23 14 24 24 23 46 2 23 22 24 22 24 22 24 2 24 0 23 24 22 24 25 60 36 12 20 24 23 0 20 24 22 22 39 24
split_gain=6081.95 1542.56 1205.16 398.776 240.724 206.888 184.957 207.936 170.779 168.406 131.405 412.607 121.394 115.402 98.0253 91.4533 118.063 91.3149 82.4117 76.1965 66.0901 62.9092 62.3899 58.0238 73.7102 57.82 56.4599 53.2464 49.3157 46.7628 46.6015 51.7229 44.6722 44.5102 46.18 43.5959 42.4395 40.7365 39.7371 39.3368 68.5984 39.1506 39.0592 37.8458 37.784 37.6413 36.0744 36.0668 34.9697 33.6926 33.4962 32.9086 30.5214 29.8108 29.757 28.8239 28.7012 28.6147 37.3405 29.2919 28.3877 28.2352
threshold=4.5000000000000009 3.5000000000000004 8.5000000000000018 16.500000000000004 2.6662197764528348 4.9583333333333348 2.5000000000000004 2.5916666666666672 0.35416666666666669 5.1250000000000009 2.5916666666666672 2.5000000000000004 2.2500000000000004 2.5000000000000004 0.39379960317460322 1.0000000180025095e-35 1.5000000000000002 31.750000000000004 0.069051781551781502 -12.749999999999998 7.8750000000000009 0.33737530851501446 1.4240518575851395 0.020638919644711155 2.5909378338859352 0.033241297389130356 0.019391654881832702 3.0327822176031849 1.8452380952380951 0.047018420716061653 0.041859274639783707 3.8200350189530803 67.15000000000002 0.91023613416931248 4.888668234007044 3.7625891265597153 0.023726855175501504 3.3046475383631719 0.052921335167587957 4.3865884072927432 0.060274116928630508 0.8542199457734333 0.042806567889030304 2.5000000000000004 5.4641648766106572 0.012535292886260952 4.3021734429065761 0.048003085053331306 1.205289373814042 9.2500000000000018 1.5000000000000002 13.500000000000002 0.24999999999999997 0.0093162189766981523 1.6648030799354154 12.500000000000002 0.28571428571428581 0.047342861758438652 5.6951349984438222 2.7506363122171948 0.54545454545454608 0.074132478953384512
decision_type=2 2 2 2 2 8 2 10 2 2 10 2 2 2 2 2 2 2 2 2 2 2 2 2 2 2 2 2 8 2 2 2 2 2 2 2 2 2 2 2 2 2 2 2 2 2 2 2 2 2 2 2 2 2 2 2 2 2 2 2 2 2
left_child=1 4 5 18 6 25 8 13 22 23 11 15 -12 41 43 26 45 51 42 -11 39 -14 61 50 29 37 48 -27 -18 -25 35 -32 -26 34 38 -21 -13 -2 -20 40 -7 60 44 -10 -4 -17 -44 -36 -6 -28 55 -5 -9 -50 -45 -3 -29 58 -22 -59 -8 -1
right_child=2 9 3 17 10 20 7 52 14 19 12 36 21 -15 -16 16 28 -19 33 30 57 -23 -24 24 32 27 49 56 -30 -31 31 -33 -34 -35 47 -37 -38 -39 -40 -41 -42 -43 46 54 -46 -47 -48 -49 53 -51 -52 -53 -54 -55 -56 -57 -58 59 -60 -61 -62 -63
leaf_value=-0.0036079549344053886 -0.001936062868265276 -0.0057444767757227622 0.004465184225727426 0.012025655237772971 0.0033880218048978673 0.0013136284278373878 -0.0052240606661082658 -0.0014114399942649625 0.0038831856743475335 0.012370774059903855 -0.0071445451736280368 0.00018028669934767039 -0.0014454162269343042 0.0002188317536923723 -0.015087811808408944 -0.012279591480740494 -0.0028310780752759169 0.044899479617928041 0.0023384818806297283 -0.0034080891048355101 0.0020926071654321309 -0.00093373186045169203 -0.015430061402160966 -0.0070528397029334224 -3.022800182697072e-05 0.00025229327440500773 -0.0033432150863842106 0.0047199145486681139 -0.0028808038179618523 -0.00033842881325197861 0.0019178355489911647 0.0072970608219145479 0.0083421964161654715 0.0089648003271590501 0.0062262069276435962 0.0013636798672882477 0.00025977649352838529 0.00063643903788555009 0.0059709954215144473 0.0032121422371158559 0.0033355851262699687 0.0016012657766206252 0.0071560631857928887 -0.0029035136509982908 0.0074995156669509181 -0.014477470813100708 0.0074020518804557515 0.009209773679121791 -0.015764375457474646 0.010001175203022052 -0.0088887264132327237 0.01379948593598801 -0.0023369241810406783 -0.0044073985925967007 -0.0041377069245711494 -0.0010239521950849873 0.00081507605994412537 0.0023895889926016881 0.0053467721351386889 0.0061870619225381845 -0.0052030218989160383 0.010001330632192718
leaf_weight=554 1093 651 868 949 197 5068 559 763 56 515 1857 1770 1726 1319 1216 1050 4645 1248 1561 1293 1038 327 487 1599 15466 2562 443 3006 3022 3132 2461 1421 121 1314 2403 3026 1070 5334 3859 6495 3074 212 2526 776 1264 1068 2655 1939 456 403 572 3294 316 876 2683 4174 804 410 1222 3062 721 96
leaf_count=554 1093 651 868 949 197 5068 559 763 56 515 1857 1770 1726 1319 1216 1050 4645 1248 1561 1293 1038 327 487 1599 15466 2562 443 3006 3022 3132 2461 1421 121 1314 2403 3026 1070 5334 3859 6495 3074 212 2526 776 1264 1068 2655 1939 456 403 572 3294 316 876 2683 4174 804 410 1222 3062 721 96
internal_value=0.00245485 -0.0082416 0.0142859 0.0228506 -0.0168089 0.00811888 -0.0231883 -0.014725 -0.0287945 -0.00110784 -0.0135157 -0.0113856 -0.0216812 -0.00755512 -0.0329765 -0.0153931 -0.0175296 0.0346768 0.0193173 0.0048979 0.0112491 -0.0300609 -0.0113752 -0.00314376 -0.00191914 0.00313633 -0.0065846 0.00651106 -0.0146381 -0.00738483 0.00372409 0.00769894 -0.000259494 0.0165925 0.0154251 0.000149306 0.00577086 -0.000209241 0.01234 0.00946475 0.00714663 -0.0170764 0.0234407 -0.0372142 0.0177192 -0.0279825 0.0257902 0.0192712 -0.012317 0.00377214 -0.00775195 0.0311605 -0.033375 -0.0152251 -0.0378743 -0.00639142 0.0102585 0.0158024 0.0114087 0.0186568 -0.0203708 -0.0012212
internal_weight=120147 63099 57048 23880 28668 33168 9758 3890 5868 34431 18910 15000 3910 2811 4731 12160 9785 5491 18389 8716 20369 2053 1137 25715 20318 12799 2375 6372 7667 4731 8201 3882 15587 11076 9762 4319 2840 6427 5420 14637 8142 1492 7313 3515 2132 2118 5181 4342 1529 846 5397 4243 1079 1332 3459 4825 3810 5732 2260 3472 1280 650
internal_count=120147 63099 57048 23880 28668 33168 9758 3890 5868 34431 18910 15000 3910 2811 4731 12160 9785 5491 18389 8716 20369 2053 1137 25715 20318 12799 2375 6372 7667 4731 8201 3882 15587 11076 9762 4319 2840 6427 5420 14637 8142 1492 7313 3515 2132 2118 5181 4342 1529 846 5397 4243 1079 1332 3459 4825 3810 5732 2260 3472 1280 650
is_linear=0
shrinkage=0.05


Tree=36
num_leaves=63
num_cat=0
split_feature=13 13 17 21 17 14 13 11 22 11 11 17 21 7 59 0 11 11 16 16 24 0 39 3 39 0 2 42 23 22 24 0 22 24 24 7 0 32 24 40 24 13 0 14 0 7 24 23 24 11 23 24 20 50 38 22 38 2 0 20 0 23
split_gain=5770.54 1297.27 1238.84 414.234 374.985 656.264 366.563 283.357 261.914 246.558 110.041 89.6101 79.4991 76.039 71.8388 110.826 71.3964 71.1179 64.0638 58.8924 58.4475 57.0718 54.5955 53.4161 55.4987 51.4627 48.6468 46.0554 45.6469 45.5287 85.6932 50.6844 45.1913 53.1414 44.2602 42.4082 42.2724 42.1372 40.3116 40.0926 39.7047 61.4157 83.3093 65.1679 38.9056 37.0231 36.7574 35.643 49.3031 34.5737 34.2751 48.5329 39.6513 34.1191 34.0749 33.2551 32.5897 32.3718 32.384 32.2752 32.0679 31.9875
threshold=4.1250000000000009 8.6250000000000018 3.5000000000000004 0.37500000000000006 2.5000000000000004 2.5916666666666672 17.625000000000004 2.5000000000000004 2.6022875816993465 6.5000000000000009 3.5000000000000004 1.5000000000000002 0.62500000000000011 1.5000000000000002 0.84285714285714308 17.500000000000004 12.500000000000002 39.500000000000007 2.2500000000000004 2.2500000000000004 0.037128954911631352 3.5000000000000004 0.89936881529658264 -0.99635443704902682 0.086956521739130488 26.500000000000004 0.40966402954315223 12.550000000000002 2.5066151214696393 5.3590926566705122 0.044458788936227955 27.500000000000004 3.0328941359152366 0.036249800842063355 0.012535292886260952 1.5000000000000002 3.5000000000000004 1.0000000180025095e-35 0.065791264453806217 1.4756275930887879 0.016688539544812402 1.8750000000000002 31.500000000000004 2.1742424242424243 26.500000000000004 1.5000000000000002 0.033931969361473205 5.3668331747089804 0.050616159413571157 4.5000000000000009 3.0327822176031849 0.011035879053403651 0.062499999999999958 61.265650000000001 2.7083333333333335 3.8435467128027683 5.1250000000000009 0.78574730703237894 12.500000000000002 0.14583333333333337 5.5000000000000009 5.1231308478118587
decision_type=2 2 2 2 2 10 2 2 2 2 2 2 2 2 2 2 2 2 2 2 2 2 2 2 2 2 2 2 2 2 2 2 2 2 2 2 2 2 2 2 2 2 2 8 2 2 2 2 2 2 2 2 2 2 2 2 2 2 2 2 2 2
left_child=2 9 3 38 8 7 16 19 36 14 12 34 20 29 60 45 37 -8 -7 -6 22 -14 55 53 -25 -9 40 -23 -22 30 -11 -32 46 -34 -10 -30 -5 47 50 56 41 -13 -43 -44 -42 -16 -26 48 -3 59 -1 -52 -53 -17 -27 -4 -12 -38 -59 -48 -2 -33
right_child=1 6 10 4 5 18 17 25 11 13 39 26 21 -15 15 23 -18 -19 -20 -21 28 27 -24 24 32 54 -28 -29 35 -31 31 61 33 -35 -36 -37 57 -39 -40 -41 44 42 43 -45 -46 -47 49 -49 -50 -51 51 52 -54 -55 -56 -57 -58 58 -60 -61 -62 -63
leaf_value=-0.0047204808040465507 0.0082720829555125615 0.0017230813321764461 -0.00287433357404433 -0.0027926023408162194 -0.0048656065764038697 -0.0091218632044207104 0.013793624868582334 -2.8586112837586389e-05 -0.011313701942381856 0.0024538685460193444 -3.486006555186716e-06 -0.0017337021361443217 0.0043496606820746632 0.0016582865522148272 0.0038232630171898376 0.0049751937887824726 0.0083475373298711464 0.048260370161872949 -0.0013731454155875844 -0.0051172624251292322 -0.0018478916691949843 -0.0042910259986918831 -0.0071360168783712874 0.001085163618412388 -0.004187680646846703 0.00022480660359370798 -0.0021916808238598541 -0.0020821592468650008 0.00091633694880756129 0.0050489968799999896 0.0061724606989499164 0.0036810767642175171 0.00041638356427946559 0.0030359608582604448 -0.013184273329793146 0.0071291230772797427 -0.0042700100948924848 0.0080465396275946066 0.0021718859565861173 0.0010738475903817046 0.0023971143941848962 -0.0012006102607098224 0.00051375558233510696 -0.0019549154112101122 -0.0027273561765096543 0.010623415674735993 -0.0020637475243167726 0.0062316953649802281 0.005818942929397497 0.0017379347048551597 -0.0066442355562141625 0.0026000315472446689 -0.0018698765629723058 0.011707789965795462 0.00023820010727697573 0.00030611352682607951 0.0052746410003729205 -0.0042251106494255678 -0.0037068993560536835 7.6278401139923135e-05 -0.00054440238029862531 0.0032860758386557224
leaf_weight=4144 122 1173 2619 93 1619 564 3199 1204 878 3427 12776 1048 187 2138 2349 403 6349 957 2347 960 1288 1124 1783 1143 502 1492 971 1991 2473 3770 2682 3368 6875 4863 750 444 3540 2213 418 1276 204 66 221 39 983 1039 599 3344 4242 2148 1468 1184 3481 170 404 2693 770 340 250 1064 3759 157
leaf_count=4144 122 1173 2619 93 1619 564 3199 1204 878 3427 12776 1048 187 2138 2349 403 6349 957 2347 960 1288 1124 1783 1143 502 1492 971 1991 2473 3770 2682 3368 6875 4863 750 444 3540 2213 418 1276 204 66 221 39 983 1039 599 3344 4242 2148 1468 1184 3481 170 404 2693 770 340 250 1064 3759 157
internal_value=0.00239825 0.0130003 -0.00892698 -0.0163241 -0.0209606 -0.0134088 0.0229372 -0.00351144 -0.0278714 0.00774033 -0.00171946 -0.0203052 -0.00480004 0.0126871 0.00466889 0.00581608 0.0197347 0.036275 -0.0327078 -0.0157539 -0.00280462 -0.0116243 -0.00557286 0.00423486 0.00373335 0.00667365 -0.0158208 -0.0132365 0.00186519 0.0140839 0.0122569 0.0157611 0.0029744 0.00458259 -0.0300153 0.00532728 -0.0371082 0.0172874 -0.00853076 0.00131519 -0.0121956 -0.00639636 0.0125229 0.0252682 -0.0188931 0.014103 -0.00140125 0.0157243 0.0132099 0.000274134 -0.00915013 -0.00677291 -0.00427454 0.0192422 0.0118055 -0.00302936 0.00051635 -0.0378589 -0.0268951 -0.00513522 -0.00158295 0.0118108
internal_weight=120147 62055 58092 28668 17973 8590 21477 5679 9383 40578 29424 5160 14602 15542 25036 21155 17321 4156 2911 2579 11300 3302 7095 17767 17194 3100 3532 3115 4205 13404 9634 6207 16051 11738 1628 2917 4223 10972 10695 14822 2561 1374 326 260 1187 3388 4313 8759 5415 3811 10277 6133 4665 573 1896 5312 13546 4130 590 1663 3881 3525
internal_count=120147 62055 58092 28668 17973 8590 21477 5679 9383 40578 29424 5160 14602 15542 25036 21155 17321 4156 2911 2579 11300 3302 7095 17767 17194 3100 3532 3115 4205 13404 9634 6207 16051 11738 1628 2917 4223 10972 10695 14822 2561 1374 326 260 1187 3388 4313 8759 5415 3811 10277 6133 4665 573 1896 5312 13546 4130 590 1663 3881 3525
is_linear=0
shrinkage=0.05


Tree=37
num_leaves=63
num_cat=0
split_feature=13 11 17 21 17 11 13 22 18 18 44 20 17 44 0 13 45 0 22 0 59 7 21 50 11 20 3 0 0 13 22 0 3 44 23 3 59 27 11 0 38 27 44 21 13 27 38 47 47 39 51 23 59 23 39 41 0 3 35 27 37 0
split_gain=5365.82 1501.43 818.483 421.288 392.586 387.731 272.558 248.46 132.926 106.743 92.5013 96.6822 91.3528 84.9808 72.7179 65.8072 64.594 65.765 56.2684 48.2708 49.6056 48.1097 49.1449 43.9673 42.3002 50.8355 47.5372 40.7844 38.8006 51.6444 44.7709 43.8376 38.7653 37.0673 36.6804 36.3977 38.1901 37.0141 36.4982 34.9816 34.3044 33.8037 33.656 36.2899 33.3292 31.7178 30.5509 30.0936 30.023 29.2933 29.2159 28.8511 28.4365 27.7341 27.4028 26.8982 28.6744 27.956 26.5444 26.1319 25.2243 24.8495
threshold=3.6250000000000004 8.5000000000000018 3.5000000000000004 0.37500000000000006 2.5000000000000004 19.500000000000004 5.6250000000000009 2.6022875816993465 -4.0211748466660403e-16 -0.30000000000000071 14.950000000000001 0.088404752926811714 1.5000000000000002 17.100000000000005 31.500000000000004 34.625000000000007 29.900000000000002 5.5000000000000009 4.3865884072927432 5.5000000000000009 -0.14285714285714277 1.5000000000000002 0.62500000000000011 93.424408333333346 4.5000000000000009 0.24999999999999986 -0.99635443704902682 3.5000000000000004 31.500000000000004 1.8750000000000002 4.5884602633323874 2.5000000000000004 -0.91023613416931237 16.650000000000002 4.4839321749607182 -0.91023613416931237 0.4071428571428572 3.3207720474597116 3.5000000000000004 29.500000000000004 1.0000000180025095e-35 4.7937467294610165 11.65 1.0000000180025095e-35 2.1250000000000004 3.3207720474597116 2.4166666666666674 6.6500000000000012 2.7650000000000001 0.039817259944112164 2.5000000000000004 2.0485051412335351 8.1285714285714317 2.6662197764528348 1.1731176284942042 4.5857142857142863 34.500000000000007 0.91023613416931248 1.0000000180025095e-35 2.424231924231925 0.93750000000000011 17.500000000000004
decision_type=2 2 2 2 2 2 2 2 2 2 2 2 2 2 2 2 2 2 2 2 2 2 2 2 2 2 2 2 2 2 2 2 2 2 2 2 2 2 2 2 2 2 2 2 2 2 2 2 2 2 2 2 2 2 2 2 2 2 2 2 2 2
left_child=2 6 3 42 7 10 19 27 14 21 11 49 -9 16 -6 -7 17 -8 35 -2 -21 22 44 24 25 26 -22 -5 31 -30 -31 -14 50 40 48 -19 -37 38 -38 -25 -11 -20 -1 -44 -4 -26 -10 53 -34 -3 -13 -16 54 59 -23 57 -57 -12 -27 -42 -32 -39
right_child=1 5 9 4 8 15 13 12 46 33 55 32 28 -15 51 -17 -18 18 41 20 23 52 -24 39 45 58 -28 -29 29 30 60 -33 34 -35 -36 36 37 61 -40 -41 47 -43 43 -45 -46 -47 -48 -49 -50 -51 -52 -53 -54 -55 -56 56 -58 -59 -60 -61 -62 -63
leaf_value=-0.0044060671955426511 0.0047647090943329752 0.0060972441369032022 -0.0071769101587309319 -0.0026529722237754075 -0.0016545707112664788 0.014422919546487424 0.0094359477764825797 -0.011319697506917865 -0.00061309681247054834 0.0044041284496441849 0.0043639674454551752 -0.00060586790743296097 0.0037051968502945011 0.0069281892362298876 -0.001272210723772327 0.044308765037263179 0.0062186200229239043 -0.0014130865125427607 0.0027864250816970527 -0.00058261589642826244 0.0066010980944816279 0.0043357057433950743 -0.0041104613615706278 -0.0018850045441330177 0.0010632373957000453 0.0026546809695945695 -0.0001009902761489212 -0.0039888739376924831 -0.0019073234319714083 -0.00069189831799747474 -0.00066262956360118588 -0.0020617532913123071 0.0046773835187320367 0.00093793724259868541 0.0068840372324903698 -0.00077758185363238641 -0.007133987444571277 0.0057642353635708023 0.0016777779840495555 0.00064235591572898716 -0.0086294624412291965 0.0042142584110151596 -0.00082912945132463951 -0.0038423539881725314 -0.0016431461671406633 0.0031574606803538188 -0.0013041940010702802 0.006977949200665118 -0.0033333807419503093 0.0065766476730578678 0.0059971662012193727 -0.0013046741563395581 -0.0027184183997224888 -8.491918523519382e-05 -0.014503364940313035 0.010040988996575484 0.0040805044982806125 0.011790604806527894 -0.0017181764678079082 -0.00099053764538110651 0.00048806780321835057 0.003434992350913102
leaf_weight=4477 1370 543 795 93 1717 2514 571 1628 2541 792 655 622 83 1777 525 1089 1198 1055 6444 2672 229 694 1275 1210 6077 3019 6488 4130 1546 250 62 1468 2687 1293 4224 1198 249 741 2567 564 428 1212 3115 3103 4181 4449 1497 224 213 7374 572 2310 556 9016 81 2695 189 347 666 1752 123 2912
leaf_count=4477 1370 543 795 93 1717 2514 571 1628 2541 792 655 622 83 1777 525 1089 1198 1055 6444 2672 229 694 1275 1210 6077 3019 6488 4130 1546 250 62 1468 2687 1293 4224 1198 249 741 2567 564 428 1212 3115 3103 4181 4449 1497 224 213 7374 572 2310 556 9016 81 2695 189 347 666 1752 123 2912
internal_value=0.00229504 0.0111786 -0.010273 -0.015773 -0.0204487 0.0214202 0.00597174 -0.0275197 -0.012722 -0.00279519 0.0187131 0.0170513 -0.0201502 0.0103987 -0.0185801 0.0365275 0.00937541 0.00858083 0.00799774 0.00267321 0.00217911 -0.00754253 -0.0093802 0.00293772 0.00357853 0.00131645 -0.00127196 -0.0365163 -0.0156227 -0.0109712 0.00423165 -0.0215496 0.0132822 -0.000129202 0.01468 0.00524991 0.00644823 0.00796677 0.0036546 -0.0046169 -0.00098215 0.0111264 -0.00791371 -0.00553063 -0.00713181 0.00581315 -0.00611414 -0.00168068 0.0103395 0.0210085 0.00493305 -0.0234996 0.00108483 -0.00204474 0.00727448 0.0256483 0.0281092 0.0185394 0.006035 -0.00710454 0.0228226 0.0112876
internal_weight=120147 70392 49755 28668 17973 23724 46668 9383 8590 21087 20121 16235 5160 19924 4552 3603 18147 16949 16378 26744 25374 7582 6251 22702 20928 10402 6717 4223 3532 1981 435 1551 8318 13505 7124 8722 7667 6469 2816 1774 12212 7656 10695 6218 4976 10526 4038 11420 2900 7917 1194 2835 1331 11196 775 3886 2884 1002 3685 2180 185 3653
internal_count=120147 70392 49755 28668 17973 23724 46668 9383 8590 21087 20121 16235 5160 19924 4552 3603 18147 16949 16378 26744 25374 7582 6251 22702 20928 10402 6717 4223 3532 1981 435 1551 8318 13505 7124 8722 7667 6469 2816 1774 12212 7656 10695 6218 4976 10526 4038 11420 2900 7917 1194 2835 1331 11196 775 3886 2884 1002 3685 2180 185 3653
is_linear=0
shrinkage=0.05


Tree=38
num_leaves=63
num_cat=0
split_feature=13 11 17 21 11 13 11 22 21 17 20 18 0 44 36 0 16 44 45 22 24 24 2 21 24 0 41 60 24 22 18 22 11 20 13 0 24 13 0 0 57 2 0 22 24 24 38 0 16 42 59 60 24 41 37 21 24 44 36 37 0 42
split_gain=5002.51 1422.59 794.107 572.631 372.015 246.016 227.46 225.218 119.445 92.3823 91.7956 86.6521 80.0784 76.0297 75.8559 74.0793 73.7272 66.7352 70.4646 56.6838 83.2794 55.8922 51.1043 50.9129 45.7091 44.6274 46.7243 45.1995 45.0035 53.1313 43.8606 40.6694 40.6299 40.6019 40.1241 39.3155 38.8145 59.0798 83.3093 38.5736 37.2905 37.112 36.9531 36.6374 49.5576 35.4481 35.0106 33.7335 37.6573 33.5889 33.3828 32.6726 32.1941 31.9406 31.4505 30.4737 29.5007 29.4633 29.0264 28.9231 27.5607 27.31
threshold=3.6250000000000004 8.5000000000000018 2.5000000000000004 0.37500000000000006 19.500000000000004 5.6250000000000009 3.5000000000000004 2.6022875816993465 0.62500000000000011 1.5000000000000002 0.055555555555555559 -2.6460479611819473e-16 33.500000000000007 14.950000000000001 1.5000000000000002 3.5000000000000004 37.750000000000007 17.100000000000005 29.900000000000002 4.3865884072927432 0.042518584991668058 0.037128954911631352 0.40966402954315223 1.0000000180025095e-35 0.012535292886260952 5.5000000000000009 3.5214285714285718 11.300000000000002 0.030257857059112454 3.0328941359152366 -0.40000000000000019 5.3590926566705122 14.500000000000002 0.083333333333333273 1.6250000000000002 5.5000000000000009 0.016688539544812402 1.8750000000000002 31.500000000000004 3.5000000000000004 -0.74244316882679218 -0.78574730703237861 26.500000000000004 5.3590926566705122 0.058312359075374257 0.021644845107907054 2.4166666666666674 3.5000000000000004 2.2500000000000004 10.65 2.9214285714285717 9.6000000000000032 0.029489371148199755 3.9428571428571435 1.0000000180025095e-35 0.87500000000000011 0.040608325522323206 14.850000000000003 7.5000000000000009 0.93750000000000011 26.500000000000004 24.750000000000004
decision_type=2 2 2 2 2 2 2 2 2 2 2 2 2 2 2 2 2 2 2 2 2 2 2 2 2 2 2 2 2 2 2 2 2 2 2 2 2 2 2 2 2 2 2 2 2 2 2 2 2 2 2 2 2 2 2 2 2 2 2 2 2 2
left_child=2 5 3 52 10 25 8 39 14 24 32 12 47 43 23 -7 -6 18 19 20 -17 53 36 -4 -9 -2 -27 28 31 -30 -29 -28 56 -8 -16 -25 37 -11 -39 -5 -19 -15 -38 44 -12 -45 -13 -10 -49 -37 -43 -51 61 -21 -54 -41 -3 -35 -14 -40 -32 -1
right_child=1 4 6 7 16 15 33 9 11 22 13 46 58 41 34 17 -18 40 -20 21 -22 -23 -24 35 -26 26 27 30 29 -31 60 -33 -34 57 -36 49 42 38 59 55 -42 50 -44 45 -46 -47 -48 48 -50 51 -52 -53 54 -55 -56 -57 -58 -59 -60 -61 -62 -63
leaf_value=-0.0048163734521325333 0.0045264736396163239 0.0050748326443032406 0.00049889658849670002 -0.0025203236125866391 0.013774444367687579 0.016900447365270344 0.00047010930960565971 -0.010182031969916867 0.002268045420072229 -0.0015439293647714902 0.0022311213708463783 -0.00025571335838721619 -0.0012392544369912218 0.0028962406244530839 -0.0063525725170716866 -0.0014266039551801058 0.043631913401916127 0.0087703692892508577 0.0059076890217777123 -1.0733674075186218e-05 0.0025656171168820575 0.0036581293147967433 -0.0019790091181012492 0.0012560787921800931 -0.011959074787957597 -0.00027227875592149563 -0.00029241989348802736 -0.0014184688769345866 0.00035177168120698044 0.003920699607511036 -0.00079159932210615125 0.0021950561457863061 0.0084394537641214965 -0.00050483291150804632 -0.0048561614888918084 -0.0037653084481504063 0.0020919988319609176 -0.0010374920831087153 0.00051995613783125674 -0.0038230463848089036 0.0038464354145809512 0.0065534575989534055 -0.0024956221960856007 0.0007894338645866195 0.0054438828394410615 0.0069557620715379968 -0.001243847135954268 -0.005279785716710156 -0.001212111450578346 -0.00062353873283920727 0.0095580414246082771 -0.0032769883739230512 0.0043034793507946588 0.0027531710916502972 -0.0018674623603052388 -0.003564411729445105 0.0059830452660878837 0.00051197158350734797 0.000716171395651849 0.0004636644130574297 0.00013520074448943875 0.00015915807166835827
leaf_weight=3980 1370 1483 3143 93 2614 318 3040 878 251 1048 2079 1578 2797 211 883 2195 989 910 1198 1146 6690 3399 971 919 750 5449 2868 2597 3167 4013 643 1402 1708 4735 1781 3322 204 66 104 2283 802 583 983 330 4065 3928 1376 432 1591 3768 1845 2798 535 3266 1467 1847 3889 1382 100 156 5235 494
leaf_count=3980 1370 1483 3143 93 2614 318 3040 878 251 1048 2079 1578 2797 211 883 2195 989 910 1198 1146 6690 3399 971 919 750 5449 2868 2597 3167 4013 643 1402 1708 4735 1781 3322 204 66 104 2283 802 583 983 330 4065 3928 1376 432 1591 3768 1845 2798 535 3266 1467 1847 3889 1382 100 156 5235 494
internal_value=0.00221181 0.0107894 -0.00992333 -0.0191579 0.0207585 0.00572104 -0.00560212 -0.0270508 -0.00809398 -0.0200339 0.0181068 -0.0130624 -0.0169654 0.0156146 -0.00566326 0.00992698 0.0355563 0.00953716 0.00863342 0.00779152 0.00505796 0.0108993 -0.0154812 -0.00418572 -0.0298926 0.00258721 0.00211212 0.00323422 0.00528294 0.00770018 0.000465432 0.00121634 0.0226938 0.00112961 -0.013394 -0.00581467 -0.0117662 -0.00603273 0.0125229 -0.0356167 0.0189696 0.0231989 -0.018388 0.0136879 0.0112116 0.0172564 -0.00622504 -0.00993187 -0.0120776 -0.00673425 0.0249465 -0.0046589 -0.00771885 0.00718219 -0.00244383 -0.0363338 0.0205462 -0.0012169 -0.0224793 0.0252682 0.00285678 -0.0100771
internal_weight=120147 70392 49755 15859 23724 46668 33896 9383 24739 5160 20121 8125 5171 13041 16614 19924 3603 19606 17894 16696 8885 7811 3532 13950 1628 26744 25374 19925 11450 7180 8475 4270 7080 9157 2664 10807 2561 1374 326 4223 1712 2639 1187 10402 6144 4258 2954 2274 2023 9888 2428 6566 6476 4412 2002 4130 5372 6117 2897 260 5878 4474
internal_count=120147 70392 49755 15859 23724 46668 33896 9383 24739 5160 20121 8125 5171 13041 16614 19924 3603 19606 17894 16696 8885 7811 3532 13950 1628 26744 25374 19925 11450 7180 8475 4270 7080 9157 2664 10807 2561 1374 326 4223 1712 2639 1187 10402 6144 4258 2954 2274 2023 9888 2428 6566 6476 4412 2002 4130 5372 6117 2897 260 5878 4474
is_linear=0
shrinkage=0.05


Tree=39
num_leaves=63
num_cat=0
split_feature=13 13 11 21 11 11 14 11 21 14 40 0 18 16 24 40 0 11 22 40 11 14 15 0 18 2 24 20 13 59 0 45 44 20 27 22 38 2 59 3 49 44 59 45 15 32 0 47 49 45 16 38 44 12 22 11 24 50 22 24 21 24
split_gain=4399.98 1066.21 713.676 448.863 302.179 259.541 195.284 156.222 130.945 335.966 277.191 135.689 187.445 136.037 115.089 102.659 84.4577 79.2815 77.5733 75.0912 73.5786 69.4799 62.9428 61.6782 53.6362 52.3069 50.221 47.9547 47.9144 46.8044 65.8618 46.2918 49.4164 44.3989 40.6643 54.0009 40.2476 39.5049 39.0326 43.2111 38.6532 37.77 37.5128 37.1815 36.8508 36.4748 40.1811 34.9077 34.69 34.2102 33.8446 33.421 32.6844 31.6575 31.5344 30.6578 36.168 30.4546 30.0466 39.8926 29.5908 29.5699
threshold=5.3750000000000009 1.8750000000000002 14.500000000000002 0.37500000000000006 2.5000000000000004 3.5000000000000004 8.5916666666666686 25.500000000000004 0.62500000000000011 2.5916666666666672 -0.28867513459481248 29.500000000000004 -0.10000000000000032 2.2500000000000004 0.074132478953384512 -0.83333333333333359 27.500000000000004 7.5000000000000009 2.6022875816993465 -0.14638501094227988 6.5000000000000009 4.4226190476190483 0.57735026918962806 29.500000000000004 -2.6460479611819473e-16 0.8542199457734333 0.04129773235788136 0.07738095238095237 0.87500000000000011 0.90714285714285736 17.500000000000004 29.150000000000002 19.450000000000003 0.060897435897435855 5.0540293040293047 6.0018382352941186 1.8750000000000002 0.91023613416931248 14.885714285714288 -0.98182534576205283 76.700000000000017 14.850000000000003 1.9785714285714289 11.450000000000001 0.81649658092773303 1.0000000180025095e-35 5.5000000000000009 10.815000000000003 65.000000000000014 3.5500000000000003 2.7500000000000004 3.2916666666666674 12.750000000000002 7.5000000000000009 3.5910443722943728 1.5000000000000002 0.0075074200152062008 67.874898611111135 3.1516215861344543 0.036892979308529805 0.62500000000000011 0.020638919644711155
decision_type=2 2 2 2 2 2 8 2 2 10 2 2 2 2 2 2 2 2 2 2 2 10 2 2 2 2 2 2 2 2 2 2 2 2 2 2 2 2 2 2 2 2 2 2 2 2 2 2 2 2 2 2 2 2 2 2 2 2 2 2 2 2
left_child=1 3 6 19 15 8 17 41 21 11 23 13 50 24 51 28 43 29 60 -1 38 25 -12 49 -10 61 54 -19 -5 -2 -31 32 -32 -25 35 -18 -16 -29 39 -7 -41 53 -27 45 -24 46 -8 55 -28 -11 -13 -14 -23 -4 -21 56 -20 -51 -22 -60 -17 -3
right_child=2 5 7 4 -6 20 16 -9 9 10 22 12 14 -15 36 18 34 27 47 26 58 52 44 33 -26 42 48 37 -30 30 31 -33 -34 -35 -36 -37 -38 -39 -40 40 -42 -43 -44 -45 -46 -47 -48 -49 -50 57 -52 -53 -54 -55 -56 -57 -58 -59 59 -61 -62 -63
leaf_value=-0.004890801075889073 0.00016560063914871639 -0.0042699069987325311 0.0036028998366662624 -0.01042944203575984 0.00033288785191714081 -0.004881744759250373 0.012426072237748987 0.026993451631682732 -0.002056802754608178 -0.0046795703895476382 -0.0011772917151416597 -0.0048275221084460368 0.0002253974969182504 5.630574482572426e-05 -0.0036788453067909789 -0.0044956089425752521 0.0030149528237151339 0.00472762991788257 -0.0096684222178106301 -0.0041865075729023375 0.0012276591498676882 1.2335261130341779e-05 -1.1229654102906662e-05 -0.0043781164198621438 -0.0031657597388513926 -0.0016393209235567863 0.0023529796193249687 0.0035036303196132493 -0.0024143522444459668 0.00572682029892424 0.0015130029341056451 0.0043474733270073233 0.0072491309662266138 -0.0027788895250001168 0.0061107493091967727 0.0051152055077345665 2.6943071522733675e-06 0.0066104995204746336 0.00038767791676165287 3.7148087053118231e-05 -0.0070140820082578385 0.01169407542944445 0.0030070748954618923 0.010903008200056498 -0.0019208428648487708 0.007687220255630978 0.0026781191563738926 0.0036841551572071697 -0.0041768247625917354 0.0041393608591308809 -0.0032641211859127995 -0.013036326710191594 0.0038559548312996463 0.008302402847478586 -0.00035050403230353356 -0.0020707581682881892 -0.010942815835061397 -0.0015784920084989662 0.0037776604745907052 0.0078603932181005361 -0.014918278293965949 -0.00097802200763676974
leaf_weight=3414 2308 3058 287 398 1147 455 156 1886 677 300 1474 323 1938 1290 23 1110 4729 3790 544 3432 988 2022 183 606 282 751 1152 4717 1378 1879 8628 974 351 986 2041 2803 319 883 5202 17665 354 1214 1284 1453 610 2230 1048 93 168 507 446 42 1504 4194 1935 1933 1694 330 1357 835 1962 8405
leaf_count=3414 2308 3058 287 398 1147 455 156 1886 677 300 1474 323 1938 1290 23 1110 4729 3790 544 3432 988 2022 183 606 282 751 1152 4717 1378 1879 8628 974 351 986 2041 2803 319 883 5202 17665 354 1214 1284 1453 610 2230 1048 93 168 507 446 42 1504 4194 1935 1933 1694 330 1357 835 1962 8405
internal_value=0.00255056 -0.00492907 0.0147908 -0.0146847 -0.0220512 -0.00126519 0.0119948 0.0287978 -0.00469263 -0.00913176 -0.0184501 -0.000410972 0.00638583 -0.00975333 0.0134718 -0.0250955 0.0165684 0.00918342 -0.0277082 -0.00720105 0.00222642 -0.00199677 -0.031369 -0.00770879 -0.0240052 -0.00362953 -0.00411857 0.0127457 -0.0142909 0.0068167 0.00808713 0.00646424 0.00533909 -0.0140584 0.0138338 0.0121326 0.0402187 0.00980093 0.00126684 0.000189175 0.000574084 0.0246568 0.00375491 0.02192 -0.0199559 0.019067 0.012029 -0.0233283 0.00461393 0.0011819 -0.0149935 0.0088314 0.00425149 0.0225223 -0.0062677 -0.0240041 -0.0280013 0.00637828 0.00936655 0.0126288 -0.0337764 -0.00494112
internal_weight=120147 74576 45571 20360 10259 54216 37990 7581 27360 10336 4996 5340 3091 2249 2322 9112 14460 23530 7336 10101 26856 17024 2267 2729 959 13498 6687 9390 1776 14140 11832 9953 8979 1592 9573 7532 342 5600 23676 18474 18019 5695 2035 4887 793 3434 1204 4264 1320 1137 769 1980 3526 4481 5367 4171 2238 837 3180 2192 3072 11463
internal_count=120147 74576 45571 20360 10259 54216 37990 7581 27360 10336 4996 5340 3091 2249 2322 9112 14460 23530 7336 10101 26856 17024 2267 2729 959 13498 6687 9390 1776 14140 11832 9953 8979 1592 9573 7532 342 5600 23676 18474 18019 5695 2035 4887 793 3434 1204 4264 1320 1137 769 1980 3526 4481 5367 4171 2238 837 3180 2192 3072 11463
is_linear=0
shrinkage=0.05


Tree=40
num_leaves=63
num_cat=0
split_feature=13 13 11 21 11 13 13 14 15 15 11 2 18 24 11 23 44 11 40 0 0 59 23 20 44 20 16 0 24 23 23 15 15 11 44 24 14 20 23 24 32 23 45 44 22 24 45 0 35 22 40 20 13 21 11 12 59 46 23 0 16 14
split_gain=4070.25 1023.11 651.223 419.149 279.017 266.932 196.731 168.876 439.997 117.227 113.845 95.521 172.605 115.835 86.0123 83.4769 82.219 78.9263 73.0753 69.0032 67.4056 64.9986 62.2367 59.4054 57.9326 54.9923 50.9178 49.3913 48.7852 62.2179 54.1909 48.4056 48.2561 46.1981 44.8851 43.2292 43.071 42.3021 41.3643 65.3077 48.8297 40.5327 39.4311 38.5371 40.6694 48.1649 38.148 35.5316 34.3782 33.6372 32.7453 32.657 32.2947 31.6886 37.4569 30.3115 29.8614 29.5982 29.2383 36.9398 28.8728 28.5249
threshold=5.6250000000000009 1.8750000000000002 16.500000000000004 0.37500000000000006 2.5000000000000004 3.1250000000000004 8.6250000000000018 2.5916666666666672 0.57735026918962806 0.49999999999999811 40.500000000000007 -0.35460488704253573 -0.10000000000000074 0.076648782300351923 2.5000000000000004 1.5996330397435272 18.150000000000002 6.5000000000000009 -0.14638501094227988 2.5000000000000004 5.5000000000000009 0.4071428571428572 2.6809346778244545 0.025031328320801956 17.100000000000005 0.20487416457811194 2.2500000000000004 49.500000000000007 0.052921335167587957 2.6809346778244545 2.5909378338859352 1.1547005383792508 0.49999999999999939 5.5000000000000009 15.65 0.04129773235788136 2.3484848484848491 0.12499999999999996 4.888668234007044 0.052921335167587957 1.0000000180025095e-35 2.3459958708675344 67.15000000000002 17.100000000000005 4.9903393665158378 0.020107072490126252 30.750000000000004 37.500000000000007 1.0000000180025095e-35 0.73190045248868796 -0.83333333333333359 0.035714285714285761 2.6250000000000004 0.37500000000000006 2.5000000000000004 13.500000000000002 -1.6285714285714283 21.550000000000004 3.1159315076425789 3.5000000000000004 1.2500000000000002 6.6833333333333345
decision_type=2 2 2 2 2 2 2 10 2 2 2 2 2 2 2 2 2 2 2 2 2 2 2 2 2 2 2 2 2 2 2 2 2 2 2 2 8 2 2 2 2 2 2 2 2 2 2 2 2 2 2 2 2 2 2 2 2 2 2 2 2 8
left_child=1 3 6 18 9 7 20 11 14 -5 55 12 53 37 -9 27 23 28 -1 -11 -2 -22 50 -8 33 -16 32 -13 29 -7 -30 52 -17 -23 -33 57 -15 -14 39 -25 -41 -37 43 44 45 -31 51 -32 -24 -29 60 -35 -10 -3 -55 -4 -47 58 -20 -60 -21 -19
right_child=2 5 10 4 -6 17 16 8 31 19 -12 15 13 36 25 26 -18 61 35 22 21 24 48 38 -26 -27 -28 49 30 42 47 34 -34 46 -36 41 -38 -39 -40 40 -42 -43 -44 -45 -46 56 -48 -49 -50 -51 -52 -53 -54 54 -56 -57 -58 -59 59 -61 -62 -63
leaf_value=-0.0046462610220946226 0.0081644260939456922 -0.0028053707699654262 0.009515310586144566 -0.012290375585486841 0.00031624345932128599 -0.0022150565858862548 0.0050732977279607794 -0.0071571015097415536 -0.0012789889275642841 0.003167986992113403 0.040100645150236175 -0.0026972389806639244 0.00027987735116575819 2.5595917946596994e-06 -0.0011125414748928142 -0.0012888304362871474 0.01073418070900143 0.0031506198839668545 -0.0062523424312533387 -0.014334899430865085 0.00050948715603796877 0.0018077614065116988 -0.0017248899828872901 0.00053029646634630281 0.0057336780104039866 -0.00066070955026473763 -1.2609972304333806e-05 -0.020281831869573521 -1.2846856458659241e-05 -0.003283280685125645 0.0054554730231176577 -0.00083559015432682073 -0.0041239819074136491 0.002470415357714373 0.0013964313948101827 -0.00073736316091330698 -0.0034949030414514249 0.0001010145364011561 0.006071550750019839 0.0041609144922750254 0.0076470036023277071 0.0091411263506648299 0.0070244205165096388 0.0026636732617196846 0.00039544737822115876 -0.0020235632435188777 0.0051368785285680731 0.00054520804224919561 -0.0081688892895113996 2.5595917946596994e-06 -0.0034294750451583367 0.0026794027150528702 -0.0007615810921508759 -0.0047593243296267075 0.0014007781675274946 0.011278955287070526 2.3643538212825277e-07 0.001420130547757803 0.007758021670645477 -0.0023478282932628105 -0.0026021566202451885 0.0075194197915172791
leaf_weight=3414 1004 596 930 1426 1147 1697 3158 680 961 217 935 164 2028 329 1494 459 883 3027 1694 204 2626 3780 1832 1236 1645 216 3103 39 2866 1766 1824 4808 1932 3097 1003 815 29 1621 5835 3951 997 505 154 2022 6393 1217 750 1812 2820 24 2153 8499 1118 884 123 3613 11946 766 196 2711 460 513
leaf_count=3414 1004 596 930 1426 1147 1697 3158 680 961 217 935 164 2028 329 1494 459 883 3027 1694 204 2626 3780 1832 1236 1645 216 3103 39 2866 1766 1824 4808 1932 3097 1003 815 29 1621 5835 3951 997 505 154 2022 6393 1217 750 1812 2820 24 2153 8499 1118 884 123 3613 11946 766 196 2711 460 513
internal_value=0.00249313 -0.00436989 0.0148334 -0.0139873 -0.0211058 -0.00092517 0.0124778 -0.00530006 -0.00994018 -0.0240311 0.0309354 -0.00108939 0.00354571 0.00909306 -0.0287307 -0.00563527 0.0166612 0.0017579 -0.00675559 -0.0215812 0.00933768 0.00871384 -0.0223889 0.0157956 0.00979884 -0.0347136 -0.00440309 -0.0352851 0.00096678 -2.95682e-05 0.00482777 -0.00424471 -0.00988503 0.00888541 -0.00190038 -0.00371486 0.0361978 0.00642329 0.0141884 0.0113331 0.0139008 0.00438683 0.000638112 0.000470979 -0.000154528 -0.00158372 0.0103665 0.00887957 -0.0188255 0.00226562 -0.028263 0.00965724 -0.0107909 -0.0103148 -0.0157192 0.0276507 -0.000542768 -0.00570883 -0.00722403 -0.00417641 -0.0184887 0.0088379
internal_weight=120147 77208 42939 20360 10259 56848 37461 21611 10280 9112 5478 11331 5610 4007 2390 5721 16060 35237 10101 7686 21401 20397 7469 15177 17771 1710 5494 227 31697 25195 6502 7890 2391 16126 5811 6687 358 3649 12019 6184 4948 1320 23498 23344 21322 14929 12346 3636 4652 63 2817 11596 2079 1603 1007 4543 13163 5367 4601 2907 664 3540
internal_count=120147 77208 42939 20360 10259 56848 37461 21611 10280 9112 5478 11331 5610 4007 2390 5721 16060 35237 10101 7686 21401 20397 7469 15177 17771 1710 5494 227 31697 25195 6502 7890 2391 16126 5811 6687 358 3649 12019 6184 4948 1320 23498 23344 21322 14929 12346 3636 4652 63 2817 11596 2079 1603 1007 4543 13163 5367 4601 2907 664 3540
is_linear=0
shrinkage=0.05


Tree=41
num_leaves=63
num_cat=0
split_feature=13 17 11 17 13 14 11 16 17 11 11 11 15 0 14 20 25 44 16 20 22 45 24 18 20 14 13 20 38 7 44 3 50 48 44 59 60 0 17 0 20 0 22 18 59 49 0 22 59 0 15 37 24 24 22 59 0 45 20 20 13 14
split_gain=3828 1105.89 625.035 162.993 292.277 235.632 394.171 173.231 157.682 153.481 138.016 122.294 111.204 384.968 248.081 73.0347 68.9705 68.1055 61.5523 60.1354 59.9196 59.8652 59.3127 58.021 58.0046 51.3313 49.8716 49.5331 48.1885 51.3086 47.7354 49.5578 49.347 46.7466 43.394 43.0608 39.8967 39.8323 38.2749 37.7418 42.3216 36.8505 36.7833 40.5868 36.1153 36.1059 36.0559 35.9266 35.8377 44.0723 45.4191 34.0877 30.6305 30.5321 39.7325 29.444 29.2368 29.0037 28.8486 28.6486 41.1584 34.7379
threshold=5.6250000000000009 3.5000000000000004 14.500000000000002 1.5000000000000002 0.37500000000000006 2.5916666666666672 2.5000000000000004 2.2500000000000004 49.500000000000007 4.5000000000000009 8.5000000000000018 2.5000000000000004 1.0000000180025095e-35 31.500000000000004 2.1547619047619051 0.33737530851501446 4.4706047358551375 17.100000000000005 2.2500000000000004 0.50000000000000011 2.6022875816993465 29.900000000000002 0.080933273622928764 -0.30000000000000121 0.24999999999999986 10.34848484848485 2.6250000000000004 0.07738095238095237 6.5833333333333348 1.5000000000000002 17.100000000000005 -0.99635443704902682 58.857693055555558 25.250000000000004 14.950000000000001 1.0000000180025095e-35 6.6000000000000005 20.500000000000004 5.5000000000000009 17.500000000000004 0.090798452396499918 35.500000000000007 1.3122373949579835 2.6499999999999928 -3.1142857142857139 53.800000000000004 3.5000000000000004 3.0963154492566263 0.3714285714285715 20.500000000000004 1.0000000180025095e-35 0.93750000000000011 0.16303645592985694 0.033241297389130356 5.3590926566705122 0.47142857142857147 2.5000000000000004 0.55000000000000016 0.12499999999999988 0.37946428571428581 1.8750000000000002 0.17424242424242423
decision_type=2 2 2 2 2 10 2 2 2 2 2 2 2 2 8 2 2 2 2 2 2 2 2 2 2 10 2 2 2 2 2 2 2 2 2 2 2 2 2 2 2 2 2 2 2 2 2 2 2 2 2 2 2 2 2 2 2 2 2 2 2 10
left_child=1 3 10 4 24 6 12 41 39 16 17 -9 13 -5 22 -13 18 21 23 51 59 25 -15 -3 36 48 -8 -12 29 35 31 -20 45 -34 -29 -11 44 -27 -18 55 -41 -7 -37 53 -1 -32 -33 -40 -2 -50 -51 -6 -39 54 -44 -4 -22 -38 -53 60 61 -14
right_child=2 9 8 5 19 7 26 11 -10 28 27 15 20 14 -16 -17 38 -19 30 -21 56 -23 -24 -25 -26 37 -28 34 -30 -31 32 46 33 -35 -36 42 57 52 47 40 -42 -43 43 -45 -46 -47 -48 -49 49 50 -52 58 -54 -55 -56 -57 -58 -59 -60 -61 -62 -63
leaf_value=0.00769979753527863 0.00015025198204161039 -0.0064193875392860146 0.0083436200610956801 -0.0016840976500002826 -0.010620610233265118 -0.00032433587629169261 0.00025540821592891504 -0.010388996952916153 0.038095612892724368 -0.00048232627125194272 0.0049519423020483178 -0.0010557672759314242 -0.0016044165236799857 4.0660742985532128e-05 -0.0016959598357574102 -0.00052917459350508849 -2.2176138597229667e-05 0.0058053662942097357 0.0042352313650172004 -0.010957778612883246 0.0029583135794500671 0.0051631766888074471 2.4316122049228284e-06 -0.0020740463241226692 -0.013372769275060571 0.014432173690194006 0.00031048045784617397 0.0040902257056708137 0.0059954525942802709 -0.00092176003684884546 -9.7725586555491573e-05 0.0036561819513421358 0.0020004618684024366 -0.0013741664461203286 0.0066804098994762808 -0.004479128614568762 -0.0085156581514629678 0.0056811311266863791 0.00052526971202885295 0.0082546004316530475 0.0071321244038555446 -0.0070485661338340888 3.9475854720616438e-05 0.014036252781818937 -0.0061024988962541053 0.0082772975768372285 -0.00036898770857871077 0.005977571715803898 0.0035497102618140541 0.0017401986541570437 0.0016204137690366662 -0.011901060057560081 -0.0010550861109104748 0.0029459564308426337 0.0023493352329533868 0.013098725883538977 -0.0024181480590533214 0.001042370987738206 -0.0070880141980756602 -0.003101236810175401 -0.0042489255844525009 -0.0023954840097244914
leaf_weight=49 2248 1674 611 530 2200 940 3274 709 995 2238 6475 1956 203 558 186 225 3562 1777 494 514 177 1198 278 2057 537 320 885 7125 863 2122 218 450 613 615 1836 227 123 1054 1297 3130 1908 1117 3905 308 837 466 18136 1382 2942 557 9799 735 29 6250 1663 935 6624 1359 46 1592 809 2205
leaf_count=49 2248 1674 611 530 2200 940 3274 709 995 2238 6475 1956 203 558 186 225 3562 1777 494 514 177 1198 278 2057 537 320 885 7125 863 2122 218 450 613 615 1836 227 123 1054 1297 3130 1908 1117 3905 308 837 466 18136 1382 2942 557 9799 735 29 6250 1663 935 6624 1359 46 1592 809 2205
internal_value=0.00236995 -0.00428571 0.0143373 -0.0120721 -0.0191056 -0.0100496 -0.00729968 -0.0196736 0.0273674 0.000313034 0.0115436 -0.0275666 -0.0115395 0.00102704 0.0189589 -0.0334303 -0.0018051 0.00879272 -0.00299082 -0.0288458 -0.0132198 0.00787663 0.0305795 -0.00890809 -0.00737956 0.0071118 0.00611659 0.0150933 0.00404477 0.00344891 -0.0019385 -0.00269352 0.0055907 -0.000402766 0.0126808 0.00450555 -0.00400802 0.0162714 0.0028909 0.024555 0.0224439 -0.00857386 0.00566173 0.00603571 -0.0123957 0.0163431 -0.00310943 0.00740485 0.00628385 0.00727085 0.00573477 -0.0315711 0.0116651 0.00556688 0.00287215 0.0314124 -0.0101948 0.00100809 -0.0405946 -0.0174938 -0.0202129 -0.0234932
internal_weight=120147 77208 42939 28668 6400 22268 17321 4947 7579 48540 35360 2890 13162 1552 1022 2181 30964 19924 24723 3495 11610 18147 836 3731 2905 16949 4159 15436 17576 16713 20992 19080 1912 1228 8961 14591 2368 1403 6241 6584 5038 2057 12353 12126 886 684 18586 2679 15546 13298 10356 2981 1083 11818 5568 1546 6801 1482 781 4809 3217 2408
internal_count=120147 77208 42939 28668 6400 22268 17321 4947 7579 48540 35360 2890 13162 1552 1022 2181 30964 19924 24723 3495 11610 18147 836 3731 2905 16949 4159 15436 17576 16713 20992 19080 1912 1228 8961 14591 2368 1403 6241 6584 5038 2057 12353 12126 886 684 18586 2679 15546 13298 10356 2981 1083 11818 5568 1546 6801 1482 781 4809 3217 2408
is_linear=0
shrinkage=0.05


Tree=42
num_leaves=63
num_cat=0
split_feature=13 17 11 21 17 14 11 39 0 14 13 14 11 11 16 23 0 21 24 12 0 24 22 22 11 23 2 12 46 38 7 0 12 45 21 35 24 23 59 23 24 18 45 38 2 30 22 42 59 24 22 18 23 15 32 0 24 14 23 2 59 2
split_gain=3567.85 1033.53 599.119 236.046 474.112 362.084 386.077 198.769 268.556 250.423 158.81 132.532 131.638 126.994 108.389 79.3296 74.7126 63.9339 62.3994 58.3443 57.8437 55.8852 82.4679 58.2395 55.3611 50.4999 45.0246 44.908 44.4971 43.9349 43.8861 41.4044 40.7035 39.4028 39.0013 42.2291 38.7213 38.3271 38.3044 38.3659 37.6896 37.2717 37.1694 37.0605 36.0749 42.0713 36.1627 36.7171 35.4601 34.7612 55.3723 33.8552 31.7622 31.7261 31.2374 35.2556 30.874 30.5621 31.8934 30.2557 29.1084 28.9225
threshold=5.6250000000000009 3.5000000000000004 14.500000000000002 0.37500000000000006 1.5000000000000002 2.5916666666666672 2.5000000000000004 0.21883578073248572 31.500000000000004 2.1547619047619051 47.125000000000007 8.5916666666666686 4.5000000000000009 2.5000000000000004 2.2500000000000004 2.6809346778244545 27.500000000000004 1.0000000180025095e-35 0.080933273622928764 2.5000000000000004 2.5000000000000004 0.042110981176505309 4.3290924922600631 4.2556048154555954 2.5000000000000004 5.5770374434058443 0.8542199457734333 2.5000000000000004 14.550000000000002 6.5833333333333348 1.5000000000000002 2.5000000000000004 2.5000000000000004 11.450000000000001 0.62500000000000011 1.0000000180025095e-35 0.010636986817576801 3.1678639290814075 0.84285714285714308 1.7149495147847735 0.033164560788584561 2.2499999999999902 71.300000000000026 2.5833333333333335 -0.35460488704253573 4.6181705888416014 6.3303279645191415 27.150000000000002 15.842857142857145 0.016688539544812402 2.6022875816993465 0.59999999999999931 0.98480981878222595 1.1547005383792563 1.0000000180025095e-35 5.5000000000000009 0.010259027520836652 1.6833333333333336 5.4641648766106572 0.98182534576205305 17.221428571428575 0.91023613416931248
decision_type=2 2 2 2 2 10 2 2 2 8 2 8 2 2 2 2 2 2 2 2 2 2 2 2 2 2 2 2 2 2 2 2 2 2 2 2 2 2 2 2 2 2 2 2 2 2 2 2 2 2 2 2 2 2 2 2 2 10 2 2 2 2
left_child=1 3 11 36 52 6 7 8 27 18 25 21 17 -7 -15 32 33 -3 49 24 -21 22 -2 26 34 61 28 57 -23 30 38 -17 -9 54 35 -19 48 -38 -14 -40 -27 59 -22 -8 45 46 47 -18 -1 -10 -51 53 -5 -33 55 -13 -54 58 -6 -41 -24 -4
right_child=2 12 10 4 5 13 43 15 9 -11 -12 16 29 14 -16 31 44 19 -20 20 42 23 60 -25 -26 40 -28 -29 -30 -31 -32 51 -34 -35 -36 -37 37 -39 39 41 -42 -43 -44 -45 -46 -47 -48 -49 -50 50 -52 -53 56 -55 -56 -57 -58 -59 -60 -61 -62 -63
leaf_value=-0.011860528690767478 -0.00085677294935928574 0.00084974596534832531 0.0062334614296568839 -0.013024502260793948 -0.001409613475015803 -0.0068087878756013303 0.00023625301043926907 -0.0023699757969483206 0.00041318441285108647 -0.0016325220824109034 0.0391328459886277 0.011225090069976164 -0.00031467510479548104 0.00013111388647846223 -0.0010041260373515938 0.003483214197140139 0.0022978888519078256 -0.00084243428836007223 2.310031594676687e-06 0.0072594823338638205 -0.00014912917007250395 0.0017401211929398475 0.0022022416250729536 0.0041784895812144451 -0.00050939897568586521 0.0046298489608596954 0.005476855110050716 0.0069662348840007111 0.0037214020671992756 0.0056956799645662588 -0.00087567203500640844 -0.0015650295094657542 -0.0041595326610192329 0.0096016754416197621 -0.0086890537599559788 -0.0072698421212120225 -0.0028665569411033378 -0.00036963780511185541 -0.0062671614507757156 0.0014033945366646373 0.010129057391471574 0.0089138423338771863 0.0057118341972541287 0.0003126987662831593 0.0019408150950826154 0.005712955885676641 0.0043197208161554149 0.009136351067070626 -5.1846179953779496e-05 3.7107191277441222e-05 -0.00055981907184678994 -0.0022875945338197037 -0.0083423534980625932 -0.004060076394406387 0.0066633796676110364 0.0020266338829842303 -0.011306007054682078 -0.0017348957853445591 7.2711235391098583e-05 0.0059596174015421393 0.004382211393716951 0.010633384655540958
leaf_weight=1254 2648 5340 2468 272 170 1259 2346 2304 251 224 834 146 2713 202 1855 114 3727 1088 278 355 18601 5003 6035 2922 3866 380 1421 63 2276 863 2122 3154 442 1441 535 1082 4885 4148 154 10479 3614 567 97 754 1213 2080 2273 164 408 230 85 464 842 464 2225 1045 1860 319 21 678 741 283
leaf_count=1254 2648 5340 2468 272 170 1259 2346 2304 251 224 834 146 2713 202 1855 114 3727 1088 278 355 18601 5003 6035 2922 3866 380 1421 63 2276 863 2122 3154 442 1441 535 1082 4885 4148 154 10479 3614 567 97 754 1213 2080 2273 164 408 230 85 464 842 464 2225 1045 1860 319 21 678 741 283
internal_value=0.0022784 -0.00414712 0.013832 -0.0116745 -0.0151744 -0.0115563 -0.0074157 -0.012878 0.00276797 0.0175819 0.0265891 0.0110968 0.000298614 -0.0261366 -0.0337925 -0.0165771 0.0148093 -0.00166301 0.0300533 -0.00270029 -0.00129868 0.00857106 0.00570769 0.0108918 -0.00676278 0.0240357 0.00883749 -0.0248171 0.00724519 0.00375462 0.00318565 -0.0122457 -0.0231871 0.0198528 -0.0122487 -0.0092561 -0.00579142 -0.00449911 0.0041629 0.00538724 0.0276333 0.00571386 -0.00167897 0.00770558 0.0122166 0.0134015 0.0113212 0.00838772 -0.0128052 0.0204497 0.00931962 -0.0130774 -0.0334101 -0.0114382 0.016914 0.0103565 -0.0317407 -0.0297358 -0.013776 0.00507663 0.0086314 0.0188027
internal_weight=120147 77208 42939 28668 17973 14999 11683 8583 1641 1068 7579 35360 48540 3316 2057 6942 14314 30964 844 25624 19053 21046 9424 11622 6571 6745 8700 573 7279 17576 16713 4196 2746 4857 2705 2170 10695 9033 14591 11878 3994 11724 18698 3100 9457 8244 6164 3891 1662 566 315 4082 2974 3618 3416 1191 2702 510 191 11157 6776 2751
internal_count=120147 77208 42939 28668 17973 14999 11683 8583 1641 1068 7579 35360 48540 3316 2057 6942 14314 30964 844 25624 19053 21046 9424 11622 6571 6745 8700 573 7279 17576 16713 4196 2746 4857 2705 2170 10695 9033 14591 11878 3994 11724 18698 3100 9457 8244 6164 3891 1662 566 315 4082 2974 3618 3416 1191 2702 510 191 11157 6776 2751
is_linear=0
shrinkage=0.05


Tree=43
num_leaves=63
num_cat=0
split_feature=13 17 11 17 13 13 13 11 40 44 13 13 23 23 0 22 20 0 20 29 13 59 20 40 46 23 60 59 0 0 23 11 0 59 44 50 44 60 0 20 40 40 46 37 20 0 43 44 17 59 22 46 2 11 20 44 0 57 50 44 49 0
split_gain=3349.14 987.389 584.081 180.322 298.895 176.343 132.198 117.307 103.551 78.4943 74.0848 127.266 72.4608 61.9791 207.26 100.45 61.81 60.1652 59.7993 59.3064 61.4326 55.0439 50.0161 46.2681 44.8525 43.108 42.423 49.7194 42.5265 41.3642 40.2416 42.1475 37.4773 37.1031 38.0882 39.7462 36.9915 36.8646 36.2405 35.6449 45.1337 35.5056 34.337 34.1392 34.0416 33.54 33.1513 38.3059 32.2122 31.4049 30.3321 30.2734 30.6468 29.0051 28.6568 28.1833 27.9627 27.8408 37.4746 36.5952 30.0635 27.5809
threshold=5.6250000000000009 3.5000000000000004 16.500000000000004 1.5000000000000002 0.37500000000000006 8.6250000000000018 47.125000000000007 4.5000000000000009 0.86602540378444115 18.150000000000002 2.8750000000000004 1.8750000000000002 2.9810219487483494 1.6648030799354154 31.500000000000004 0.73190045248868796 0.50000000000000011 5.5000000000000009 0.24999999999999986 4.4675165857079255 2.3750000000000004 0.4071428571428572 0.020835769980506805 0.92094019410681371 71.300000000000026 2.5909378338859352 10.050000000000002 0.84285714285714308 5.5000000000000009 2.5000000000000004 3.0327822176031849 7.5000000000000009 3.5000000000000004 1.0000000180025095e-35 16.650000000000002 54.740159722222224 15.350000000000003 6.6000000000000005 17.500000000000004 0.41654040404040404 -0.83333333333333359 0.25116550748367655 29.900000000000002 0.93750000000000011 0.062499999999999958 34.500000000000007 5.9000000000000012 14.65 5.5000000000000009 -3.1142857142857139 3.0963154492566263 4.9000000000000012 -0.29696027566504662 2.5000000000000004 0.12499999999999988 14.300000000000002 48.500000000000007 1.3723088679495052 97.35508750000001 15.350000000000003 76.700000000000017 42.500000000000007
decision_type=2 2 2 2 2 2 2 2 2 2 2 2 2 2 2 2 2 2 2 2 2 2 2 2 2 2 2 2 2 2 2 2 2 2 2 2 2 2 2 2 2 2 2 2 2 2 2 2 2 2 2 2 2 2 2 2 2 2 2 2 2 2
left_child=1 3 5 4 18 17 38 19 10 22 11 12 39 14 -13 -16 43 -2 37 20 41 -19 -7 36 25 -22 27 -24 -28 -14 -9 57 -27 -34 -35 56 42 49 -4 40 -5 -3 46 -6 -12 -38 61 55 -21 -1 -50 52 -40 -42 -45 -48 -36 58 60 -59 -32 -23
right_child=2 7 6 8 16 9 -8 30 -10 -11 44 13 29 -15 15 -17 -18 21 -20 48 24 23 26 -25 -26 32 28 -29 -30 -31 31 -33 33 34 35 -37 45 -39 51 -41 53 -43 -44 54 -46 -47 47 -49 50 -51 -52 -53 -54 -55 -56 -57 -58 59 -60 -61 -62 -63
leaf_value=0.0074581355055698632 0.0071269458992432979 -0.0055971060709368529 0.011947789757776217 -0.0021799699578037512 -0.0095539934974423896 0.0042802341481974924 0.037176203689196323 -0.00021741751131901799 -0.0001739043424549225 0.0094614377230615391 -0.00092896512903691832 -0.0017607663940893748 0.0043258373315748447 -0.00093223221725134979 -0.0048115678628450897 2.1945300149428529e-06 -0.0098616704516053377 0.00024990822852142273 -0.012469457418724567 -1.4411970869032676e-05 -0.0020840492164266146 0.0025647106894361783 0.0022996558771287367 0.0054551589148752692 0.0064961323346772407 0.0050749118169946435 0.012089229656516466 0.0055749198147793779 0.0029383171199636737 -0.0022787587658450628 0.00092314773308497253 0.0062885370779291131 -0.0016102225664479941 -0.00013302373497173225 0.011652124543090165 0.00037617321759438331 0.0043472223546616512 0.00042501726149074548 0.0091553134587428527 -0.0034156979697422042 -0.0021911050314596058 -0.00076271433509662596 0.0039948247015850315 -0.010740706701947973 0.00026687607347734014 -0.00068875288230783047 0.00060539274187103038 -0.010404896459382963 0.00052485606584532494 -0.0057619466306103933 0.005660090844299354 0.0097958246315607463 0.0028026732899721243 0.00043093870032732132 -0.0065158137055925163 0.0051669102233584344 -0.00014874593629071731 0.0015310373603819928 -0.0046446169327075517 0.0061840805286897177 -0.0085453519090050219 0.0011585514415051958
leaf_weight=49 1004 2055 1087 553 2200 2677 834 3728 3230 883 1245 104 179 7752 90 272 514 2626 537 3562 2618 3793 1286 2823 111 508 261 6427 4526 5204 6633 1487 2455 14152 288 1148 2203 1482 577 1732 1726 1283 988 735 132 327 3746 146 1297 837 1382 2484 496 49 46 245 105 4457 290 799 182 3500
leaf_count=49 1004 2055 1087 553 2200 2677 834 3728 3230 883 1245 104 179 7752 90 272 514 2626 537 3562 2618 3793 1286 2823 111 508 261 6427 4526 5204 6633 1487 2455 14152 288 1148 2203 1482 577 1732 1726 1283 988 735 132 327 3746 146 1297 837 1382 2484 496 49 46 245 105 4457 290 799 182 3500
internal_value=0.00215605 -0.00406941 0.0133499 -0.0114268 -0.0188244 0.0111191 0.0285992 0.000275952 -0.0092997 0.0150797 -0.0107041 -0.00983156 -0.0137913 -0.00527984 0.012409 0.0302893 -0.0286742 0.0081462 -0.00696662 -0.00157581 -0.00267534 0.00755687 0.0142341 0.00855531 -0.00169012 -0.0018564 0.0129026 0.015199 0.00919904 -0.00998236 0.00353843 0.00477977 -0.00101276 -0.00138823 -0.000493501 0.00696822 0.00744498 -0.00354369 0.0252949 -0.0188365 -0.0228832 -0.00898323 0.00632056 -0.031437 -0.0218759 0.0129573 0.00554588 0.00196834 0.00277876 -0.0116065 0.00691978 0.0228345 0.0157775 -0.0267708 -0.0404668 0.00289203 0.0206726 0.00382179 0.00177948 0.00658075 0.00253008 0.00757403
internal_weight=120147 77208 42939 28668 6400 37461 5478 48540 22268 16060 19038 17661 9443 8218 466 362 3495 21401 2905 30964 24723 20397 15177 17771 21385 21274 12500 7713 4787 5383 17576 13848 18656 18148 15693 1541 14948 2368 4644 4060 2328 3338 12418 2981 1377 2530 11430 4137 6241 886 2679 3557 1073 1775 781 3991 393 12361 7105 5256 6815 7293
internal_count=120147 77208 42939 28668 6400 37461 5478 48540 22268 16060 19038 17661 9443 8218 466 362 3495 21401 2905 30964 24723 20397 15177 17771 21385 21274 12500 7713 4787 5383 17576 13848 18656 18148 15693 1541 14948 2368 4644 4060 2328 3338 12418 2981 1377 2530 11430 4137 6241 886 2679 3557 1073 1775 781 3991 393 12361 7105 5256 6815 7293
is_linear=0
shrinkage=0.05


Tree=44
num_leaves=63
num_cat=0
split_feature=13 17 11 21 17 13 13 11 44 18 40 13 0 20 11 17 12 0 11 0 20 59 21 45 18 44 18 28 18 28 11 21 44 57 38 38 59 0 28 45 60 44 48 19 0 40 25 44 57 40 37 50 60 57 44 57 7 48 28 45 48 20
split_gain=3100.44 930.001 555.333 233.693 502.866 163.082 143.09 105.294 79.3813 77.1567 104.747 95.3958 82.589 142.967 81.0928 79.6481 61.1529 69.5047 64.2596 55.3338 51.5669 48.9469 48.6684 41.6748 40.3286 43.5605 39.6509 39.2507 42.9677 38.0855 37.5898 37.4895 42.0467 37.0602 36.5343 39.8421 36.0037 45.6469 40.3839 35.4492 33.8839 33.5533 35.3165 32.271 32.1141 30.9792 30.9181 29.4219 29.3344 29.1031 28.7354 28.5271 28.1496 28.1262 27.9269 27.8591 27.6598 27.2424 27.058 26.4027 26.1227 26.113
threshold=5.6250000000000009 3.5000000000000004 16.500000000000004 0.37500000000000006 1.5000000000000002 8.3750000000000018 48.625000000000007 4.5000000000000009 18.150000000000002 -4.0211748466660403e-16 -0.86602540378442949 1.8750000000000002 30.500000000000004 0.062500000000000069 2.5000000000000004 2.5000000000000004 2.5000000000000004 2.5000000000000004 2.5000000000000004 5.5000000000000009 0.020835769980506805 0.4071428571428572 0.37500000000000006 71.300000000000026 -1.5000000000000011 15.350000000000003 0.59999999999999931 3.5354556262410495 2.349999999999993 2.6149070043531437 1.5000000000000002 1.0000000180025095e-35 11.65 -2.5320530524567677 2.1250000000000004 1.8750000000000002 0.3714285714285715 17.500000000000004 5.9565599391769952 29.900000000000002 16.200000000000003 18.150000000000002 26.450000000000003 2.5000000000000004 34.500000000000007 0.36927447293799837 4.8120849059048085 15.800000000000002 2.9129071296196014 -0.099999999999999908 0.93750000000000011 96.566243055555603 14.550000000000002 1.3723088679495052 17.550000000000004 2.9129071296196014 1.5000000000000002 26.250000000000004 2.848622761846348 39.000000000000007 30.700000000000006 0.067177669643860211
decision_type=2 2 2 2 2 2 2 2 2 2 2 2 2 2 2 2 2 2 2 2 2 2 2 2 2 2 2 2 2 2 2 2 2 2 2 2 2 2 2 2 2 2 2 10 2 2 2 2 2 2 2 2 2 2 2 2 2 2 2 2 2 2
left_child=1 3 5 30 50 19 33 16 20 10 -6 14 15 34 26 58 18 -18 22 -2 49 -21 -3 41 -23 39 29 56 53 -11 31 32 -1 -4 35 -14 -22 -38 52 61 54 46 -43 59 -27 47 -19 -12 -40 -7 -5 -42 -39 -29 60 -55 -9 -54 -13 -37 -35 -26
right_child=2 7 6 4 9 8 -8 27 -10 11 45 12 13 -15 -16 -17 17 23 -20 21 36 24 -24 -25 25 44 -28 28 -30 -31 -32 -33 -34 40 -36 43 37 38 48 -41 51 42 -44 -45 -46 -47 -48 -49 -50 -51 -52 -53 57 55 -56 -57 -58 -59 -60 -61 -62 -63
leaf_value=-0.0044176870007738792 0.0067482706667255981 -0.0031792429740457153 0.005400262925440014 -0.0092476444401445538 -0.0031908722726913252 0.0028261074632711883 0.036026641093847837 0.00053042092243771322 0.0087196087811038936 -0.0010542367696503741 -0.00091354314505529563 -0.0016061306830837065 -0.00033326381640904625 -0.00087314588042074486 0.00027178379693996725 -0.0004647504749992204 0.007423950478410591 -0.0001871350655980375 -0.00021374073550871621 0.00013636172023447359 0.0021478233315794684 0.00035124258734225977 -0.0062597192469365237 0.006037694049065301 0.0018885186856422598 0.0047500376687456217 -0.0021077595113272009 0.00063963709549929584 0.0089093997973917153 -0.0010950662143062284 -0.00037289309177815366 -0.0051859915706863663 -7.063444645683537e-05 0.010560150761199694 -0.00096503154574045791 2.0848035141907139e-06 0.0066833580348258483 0.0041071423433519444 0.0055459580964311141 0.0039924720876071129 0.0088487510300461654 0.0042967903150876287 -0.00083343675536091684 -0.00041951762544594211 -0.0001514068225720644 -0.0008748643077075458 0.00025161558275270667 -0.00091354314505529563 0.0014401211520720049 0.0044161007311214421 -0.010203671366850575 0.00070627553593127779 0.00048327691201521805 0.0044175912107295321 0.015219759199186944 0.0010341077004260458 -0.0020044904302361833 0.0053137521541721583 -0.00079331993872767688 -0.00080958405424410575 0.0066593215770281216 0.0018594362503141617
leaf_weight=1462 957 2321 710 2215 2518 938 812 6295 954 961 2548 248 241 1288 776 1199 401 17458 4665 2480 1918 1771 1347 128 3890 2239 791 5514 462 1518 4172 2765 2296 2190 260 831 1751 4622 2816 934 771 814 369 131 308 1089 3461 314 350 1883 759 212 1608 2613 319 1643 1049 439 257 29 464 7603
leaf_count=1462 957 2321 710 2215 2518 938 812 6295 954 961 2548 248 241 1288 776 1199 401 17458 4665 2480 1918 1771 1347 128 3890 2239 791 5514 462 1518 4172 2765 2296 2190 260 831 1751 4622 2816 934 771 814 369 131 308 1089 3461 314 350 1883 759 212 1608 2613 319 1643 1049 439 257 29 464 7603
internal_value=0.00208364 -0.00390622 0.0128539 -0.0110466 -0.014529 0.0106787 0.0277231 0.000310974 0.0142445 -0.010803 -0.0149219 -0.00767729 -0.00265217 0.00265912 -0.0132431 -0.0113167 -0.0014434 -9.47773e-05 -0.00510499 0.00762498 0.0134231 0.00703969 -0.0100559 -0.00046759 0.00801057 0.00885442 -0.0166906 0.00340189 0.0054036 -0.0135665 -0.00519306 -0.00756361 -0.00430833 0.02434 0.0131916 0.0167843 0.0121359 0.0131868 0.011859 0.00763156 0.0262307 -0.000633172 0.0075549 0.0212147 0.0148136 -0.0200013 -0.0010968 -0.0227366 0.0165125 0.0195765 -0.0333092 0.0181352 0.00964693 0.00469706 0.0288988 0.00775076 0.000611981 0.0047583 -0.0279545 0.0247329 0.0271921 0.00686837
internal_weight=120147 77208 42939 28668 17973 37461 5478 48540 17279 14999 6469 8530 4484 2780 4046 1704 30964 22631 8333 20182 16325 19225 3668 22230 16745 14974 3270 17576 10232 2479 10695 6523 3758 4666 1492 1232 13504 11586 9835 12427 3956 22102 1183 991 2547 3951 20919 2862 3166 2821 2974 983 6669 9770 2973 4256 7344 2047 505 860 2654 11493
internal_count=120147 77208 42939 28668 17973 37461 5478 48540 17279 14999 6469 8530 4484 2780 4046 1704 30964 22631 8333 20182 16325 19225 3668 22230 16745 14974 3270 17576 10232 2479 10695 6523 3758 4666 1492 1232 13504 11586 9835 12427 3956 22102 1183 991 2547 3951 20919 2862 3166 2821 2974 983 6669 9770 2973 4256 7344 2047 505 860 2654 11493
is_linear=0
shrinkage=0.05


Tree=45
num_leaves=63
num_cat=0
split_feature=16 16 38 40 21 16 14 39 39 0 16 16 14 40 16 14 16 40 12 24 23 24 24 23 24 36 0 23 0 49 22 24 0 15 23 18 2 24 23 24 23 49 40 60 15 20 24 22 24 22 0 14 22 24 20 3 0 0 24 22 39 14
split_gain=2768.67 618.273 563.995 273.371 302.798 573.116 253.662 222.148 202.739 202.455 195.094 151.872 130.72 127.495 100.254 98.1738 94.6447 67.1954 66.5229 64.5288 68.2971 64.3814 55.3617 54.841 70.539 51.6783 51.3226 49.3723 48.9002 52.6349 47.0782 80.7057 44.4208 42.9985 39.8824 39.2324 38.8135 38.3405 38.0654 72.0445 37.1919 36.8131 36.805 36.6541 36.5418 42.9981 36.0619 38.2939 35.9505 32.1836 31.8552 31.6089 31.4747 37.5788 31.3776 31.2377 30.8894 30.8488 32.9929 43.5442 30.7633 36.6558
threshold=5.7500000000000009 3.2500000000000004 18.875000000000004 0.86602540378444115 0.37500000000000006 1.2500000000000002 2.5916666666666672 0.2700308624336612 0.21883578073248572 31.500000000000004 9.2500000000000018 2.7500000000000004 2.041666666666667 -1.0000000180025095e-35 2.2500000000000004 41.958333333333336 2.7500000000000004 0.86602540378444648 1.5000000000000002 0.036710996732513053 6.0649038393340291 0.045513925424202802 0.080933273622928764 3.0327822176031849 0.033241297389130356 1.5000000000000002 5.5000000000000009 5.6014329013980619 27.500000000000004 54.550000000000004 3.2012014180672277 0.043582576347285511 6.5000000000000009 1.7078251276599312 0.98480981878222595 -0.40000000000000052 0.46472317204376884 0.037128954911631352 5.3668331747089804 0.033671305707119306 2.5909378338859352 67.500000000000014 0.86602540378443593 1.3500000000000003 0.50000000000000389 0.062500000000000069 0.010259027520836652 2.6022875816993465 0.043880731548761258 3.7625891265597153 24.500000000000004 1.6833333333333336 3.7017589388696659 0.060274116928630508 0.083333333333333273 0.95297903005573359 29.500000000000004 42.500000000000007 0.024049064876534503 6.3762147402820784 0.064516129032257993 9.5916666666666686
decision_type=2 2 2 2 2 2 10 2 2 2 2 2 8 2 2 10 2 2 2 2 2 2 2 2 2 2 2 2 2 2 2 2 2 2 2 2 2 2 2 2 2 2 2 2 2 2 2 2 2 2 2 10 2 2 2 2 2 2 2 2 2 10
left_child=1 3 10 4 21 18 8 13 9 11 17 51 22 -8 36 50 -14 26 34 27 28 25 -11 48 -25 49 -2 -12 29 -21 37 57 -9 -33 -6 -16 44 -3 39 -28 -23 -31 56 -38 45 -10 -36 -48 -5 -1 -4 -7 53 -41 -26 -19 -30 58 59 -32 61 -40
right_child=2 30 15 23 5 6 7 32 14 12 19 -13 16 -15 35 -17 -18 55 -20 20 -22 40 -24 24 54 -27 38 -29 42 41 31 33 -34 -35 46 -37 43 -39 60 52 -42 -43 -44 -45 -46 -47 47 -49 -50 -51 -52 -53 -54 -55 -56 -57 -58 -59 -60 -61 -62 -63
leaf_value=-0.0019017734248428066 0.0058815772545978591 -0.0022176798338870429 0.012428922258905307 -0.0036895040395220403 -0.011497217742089651 -0.00076991805730771692 -0.0018792874912866742 0.00080508874085423736 -0.0018020440705792064 0.00016019459177307738 -0.0019057306993505608 0.0003118056352047927 -0.0013618434276574999 -0.00086767997627117403 -0.0039917628342763358 0.031449244474237935 0.00037218579741885586 0.0053153309683170898 -0.0027824236487087985 0.0040349025496239756 0.0058222662712057675 -0.00067704683805007166 1.9805633384772924e-06 3.6088843031878427e-05 0.0098531386203656538 -0.0046003614612145083 -0.0010725265860943246 0.003784327374194141 -0.0015382348041899309 0.0086657460406271095 -0.00069523477623343883 0.00057207368426551164 -0.0024501488377608686 0.0056043283596463826 -0.0071359060228904014 0.00026563138896582575 -0.00099018583678605059 3.2857977586897569e-05 0.0014245038903771324 -0.00010022983929192097 0.0053509537839562527 0.00489498131946502 0.0065384321505941095 -0.0028053063013300239 -0.0020682633956274898 4.3251643094588402e-05 -0.011657134106468282 -0.0083056508904219232 0.0002529819791774024 0.0003718790215587964 0.0086441026058537984 -0.0014798061422186871 0.0026733560309892823 0.0019677379576024333 0.00088462020067858196 -0.0023175713926107846 0.0033947304858477747 -0.0001828159343275182 0.00051951225127405687 0.0010536730786027237 0.0023581485162147645 -0.00060953676646238188
leaf_weight=4780 784 2538 1053 1834 298 191 575 524 256 647 489 444 216 1586 944 927 443 3503 658 2129 2791 1202 280 4233 583 4287 2733 2248 473 1697 3076 1894 2997 2235 980 2383 367 8657 458 2883 1082 727 967 1130 2841 723 1243 1346 1162 2950 1554 319 5390 3805 696 174 4364 4915 8285 1297 3874 27
leaf_count=4780 784 2538 1053 1834 298 191 575 524 256 647 489 444 216 1586 944 927 443 3503 658 2129 2791 1202 280 4233 583 4287 2733 2248 473 1697 3076 1894 2997 2235 980 2383 367 8657 458 2883 1082 727 967 1130 2841 723 1243 1346 1162 2950 1554 319 5390 3805 696 174 4364 4915 8285 1297 3874 27
internal_value=0.00202122 -0.00365048 0.0121785 -0.00751329 -0.00943308 -0.0131986 -0.00895802 -0.0175603 -0.00458605 0.00782959 0.0104663 -0.0103613 0.0187744 -0.0301781 -0.0082354 0.031314 0.00173485 0.00758484 -0.028998 0.0147517 0.0162062 -0.00379982 0.0308675 0.000540016 0.00349991 -0.00526252 0.00643924 0.00775931 0.0143314 0.0182137 0.00153946 0.00289799 -0.00980835 0.00918765 -0.0315008 -0.00142578 -0.0124944 -0.00109369 0.00592536 0.00471543 0.00389278 0.0232557 0.0112825 -0.0193224 -0.00981288 -0.00147449 -0.0300126 -0.02689 -0.00490324 -0.00281917 0.0263209 -0.028953 0.00637429 0.00408058 0.0137852 0.0137969 0.00949669 0.00141943 0.00272494 -0.000787609 0.0100333 0.0219033
internal_weight=120147 77097 43050 44200 35692 21391 16866 5682 11184 2540 39516 954 1586 2161 8644 3534 659 23631 4525 15885 13148 14301 927 8508 5512 12017 19954 2737 10357 4553 32897 21702 3521 4129 3867 3327 5317 11195 19170 14811 2284 2424 5804 1497 3820 979 3569 2589 2996 7730 2607 510 12078 6688 1279 3677 4837 17573 12658 4373 4359 485
internal_count=120147 77097 43050 44200 35692 21391 16866 5682 11184 2540 39516 954 1586 2161 8644 3534 659 23631 4525 15885 13148 14301 927 8508 5512 12017 19954 2737 10357 4553 32897 21702 3521 4129 3867 3327 5317 11195 19170 14811 2284 2424 5804 1497 3820 979 3569 2589 2996 7730 2607 510 12078 6688 1279 3677 4837 17573 12658 4373 4359 485
is_linear=0
shrinkage=0.05


Tree=46
num_leaves=63
num_cat=0
split_feature=13 17 38 17 13 14 11 13 11 39 1 14 24 11 13 24 22 22 12 20 20 27 13 20 13 38 47 18 20 20 24 22 22 1 44 11 3 24 37 23 20 15 1 44 48 24 42 59 1 20 23 23 44 22 18 45 2 23 20 2 42 22
split_gain=2650.48 756.808 521.336 229.017 308.962 260.802 273.824 209.955 187.12 115.874 212.71 196.678 122.752 100.759 96.8345 87.8708 95.7104 84.2071 80.0898 67.509 67.4739 57.887 56.6769 55.9261 52.5196 49.9129 46.7665 46.227 43.8113 43.764 42.4078 53.4182 49.6165 41.4263 40.9094 40.621 38.7582 36.6858 35.1788 35.1648 35.0032 33.0776 36.7803 33.0737 34.1863 32.9117 33.3509 32.4542 33.731 32.385 32.0064 31.8013 31.4217 31.4023 31.1436 29.6881 29.6446 29.4573 28.6568 28.5041 28.1346 27.4053
threshold=5.6250000000000009 3.5000000000000004 18.875000000000004 1.5000000000000002 0.37500000000000006 2.5916666666666672 2.5000000000000004 2.6250000000000004 12.500000000000002 0.38215776067727586 7.5000000000000009 2.041666666666667 0.07007244788151451 4.5000000000000009 48.625000000000007 0.042806567889030304 5.6951349984438222 3.7017589388696659 2.5000000000000004 0.062499999999999958 0.50000000000000011 4.5258270612748239 2.3750000000000004 0.24999999999999986 2.6250000000000004 2.1250000000000004 8.6100000000000012 -0.30000000000000121 0.14285714285714288 0.055555555555555559 0.033241297389130356 3.5160189075630259 5.3590926566705122 1.5000000000000002 17.800000000000001 2.5000000000000004 -0.99635443704902682 0.060274116928630508 0.93750000000000011 6.3912413771883783 0.083333333333333273 1.1547005383792563 4.5000000000000009 18.150000000000002 26.700000000000006 0.042518584991668058 20.650000000000002 1.0000000180025095e-35 4.5000000000000009 0.38750000000000012 2.9810219487483494 2.6809346778244545 12.450000000000003 3.9134151338553997 2.4499999999999886 29.900000000000002 0.99635443704902704 2.3189592175824556 0.12499999999999988 0.17992617227144034 14.300000000000002 2.7845022624434392
decision_type=2 2 2 2 2 10 2 2 2 2 2 8 2 2 2 2 2 2 2 2 2 2 2 2 2 2 2 2 2 2 2 2 2 2 2 2 2 2 2 2 2 2 2 2 2 2 2 2 2 2 2 2 2 2 2 2 2 2 2 2 2 2
left_child=1 3 8 4 23 6 9 33 15 10 18 12 25 21 59 16 53 37 28 -9 38 22 27 45 -8 -12 36 -3 57 39 32 -32 -15 -7 47 -21 -24 -17 -6 -10 -13 50 52 44 -31 46 -1 -19 -49 -35 -11 -38 -43 -2 -33 61 -53 -5 -40 -4 -55 -39
right_child=2 13 14 5 20 7 24 19 29 41 11 40 -14 30 -16 17 -18 34 -20 35 -22 -23 26 -25 -26 -27 -28 -29 -30 43 31 54 -34 49 -36 -37 51 55 58 -41 -42 42 -44 -45 -46 -47 -48 48 -50 -51 -52 56 -54 60 -56 -57 -58 -59 -60 -61 -62 -63
leaf_value=-0.0039909504921726456 -0.001582213701455193 -0.0056751287586966686 0.0085161684948408707 -0.0015199517476786164 -0.008216869304251773 0.0015617654054135512 0.000299956534334378 -0.00080437617920381399 0.0055040624728085689 -0.0020188104621032543 7.3749472811768254e-05 -0.0019031415343426896 1.8815351715550932e-06 -0.00059237989179607988 0.032652846815443538 0.0008437592513324655 0.0025673643668967408 0.0018840220261430618 0.0060559564614667662 0.0012527950426636791 -0.0084909221624967449 0.00033189737532264845 0.0041664036457379483 -0.011379955621356665 0.00035286996657492021 -0.0041305638610678042 0.0045133244811323414 -0.0017756822333559075 -0.00066731412221938686 0.0034229512687979358 0.00067337866805667896 0.0033587905023718446 0.0019301532040549186 -0.0052308681752789134 0.0075623464455348288 -0.00083145796187591439 -0.0015505789444534514 0.0012533365089099969 -0.009220525059802637 0.0062955798933212129 -0.00041100399178800595 -0.004264443395830742 -0.0032965544314344179 0.0098836640743108287 0.0061710248644762603 0.0039986023710502864 0.0020042357398232127 0.0057453625416520552 0.0033657723028729606 -0.0031068717961558025 -0.0014832782879119488 -0.0001752117512318463 0.0014220393920611031 -0.00031425881906312905 0.011641379754072534 0.0053964786011273082 0.0059563155372768578 -0.001077780573247178 -0.0055793394606811382 0.012261254400344847 0.0025750543779760994 0.0032501760365073909
leaf_weight=1440 1894 1420 1637 305 2200 312 3274 1028 2279 3420 1022 307 310 5576 779 2715 5822 1537 232 124 514 5768 399 537 885 163 655 1908 231 2294 5785 3653 2399 1871 616 460 3307 2247 735 862 428 213 1335 256 1762 473 455 1743 6467 1152 4185 17188 391 2279 163 417 319 620 46 1128 2672 3533
leaf_count=1440 1894 1420 1637 305 2200 312 3274 1028 2279 3420 1022 307 310 5576 779 2715 5822 1537 232 124 514 5768 399 537 885 163 655 1908 231 2294 5785 3653 2399 1871 616 460 3307 2247 735 862 428 213 1335 256 1762 473 455 1743 6467 1152 4185 17188 391 2279 163 417 319 620 46 1128 2672 3533
internal_value=0.00191302 -0.00362516 0.0118711 -0.0100664 -0.0184026 -0.00766963 -0.00477687 -0.0177941 0.0102179 -0.0083108 -0.000689417 0.0088727 0.0192814 0.000179127 0.0302384 0.00855258 0.00531615 0.0106788 -0.0160511 -0.0326069 -0.0284168 -0.00153706 -0.00257154 -0.00634721 0.00640505 0.0119266 -0.00164594 -0.00864974 -0.0214304 0.0173524 0.00320276 0.00544105 0.000507146 -0.010625 0.0137442 -0.0189658 -0.00205265 0.00711264 -0.0313028 0.0218475 -0.0122894 -0.0111991 -0.0170335 0.0140726 0.012964 -0.00303715 -0.00598365 0.0129509 0.0141999 -0.0124157 -0.00970878 -0.00234903 -0.0067686 0.0013066 0.0100327 0.00923604 -0.00149903 -0.0262905 -0.0404668 0.0258297 0.00340166 0.0083022
internal_weight=120147 77208 42939 28668 6400 22268 17321 4947 39395 13162 3618 2230 1495 48540 3544 31942 12667 19275 1388 1612 3495 30964 25196 2905 4159 1185 21868 3328 1156 7453 17576 9601 7975 3335 10363 584 21213 8912 2981 3141 735 9544 1939 4312 4056 2368 1895 9747 8210 3023 7605 20814 604 6845 3816 6197 17507 925 781 2765 4951 5780
internal_count=120147 77208 42939 28668 6400 22268 17321 4947 39395 13162 3618 2230 1495 48540 3544 31942 12667 19275 1388 1612 3495 30964 25196 2905 4159 1185 21868 3328 1156 7453 17576 9601 7975 3335 10363 584 21213 8912 2981 3141 735 9544 1939 4312 4056 2368 1895 9747 8210 3023 7605 20814 604 6845 3816 6197 17507 925 781 2765 4951 5780
is_linear=0
shrinkage=0.05


Tree=47
num_leaves=63
num_cat=0
split_feature=13 17 38 17 21 14 13 39 1 13 13 14 14 24 23 24 38 18 22 20 1 40 17 24 15 24 22 21 21 18 1 20 40 59 45 42 3 23 40 43 2 15 21 15 24 59 2 26 23 24 42 45 1 23 24 2 18 22 2 39 42 39
split_gain=2463.72 719.453 502.713 239.019 490.285 235.748 233.521 192.802 183.299 159.678 159.372 136.882 97.033 92.1301 108.36 96.1402 90.3895 78.8483 71.6612 67.509 66.4651 62.0456 57.4498 57.2064 55.8952 55.2257 52.0107 50.8562 49.0632 72.5 78.9496 46.934 42.5162 42.2797 42.0429 46.0753 49.2616 40.7538 40.7307 39.5509 39.268 38.5434 40.0407 37.4679 36.6841 35.2104 49.5704 56.7819 39.8286 42.229 34.6949 34.5246 33.5938 32.7037 31.9915 31.6393 31.4621 31.064 31.0379 32.4812 30.3154 53.1269
threshold=5.6250000000000009 3.5000000000000004 18.875000000000004 1.5000000000000002 0.37500000000000006 2.5916666666666672 2.6250000000000004 0.21883578073248572 7.5000000000000009 2.6250000000000004 9.3750000000000018 2.041666666666667 49.500000000000007 0.022848784449288204 2.6662197764528348 0.053268029321017853 2.4166666666666674 -0.10000000000000013 5.3590926566705122 0.062499999999999958 1.5000000000000002 0.86602540378444648 2.5000000000000004 0.080933273622928764 0.499999999999997 0.045513925424202802 4.9903393665158378 0.37500000000000006 0.37500000000000006 0.49999999999999989 7.5000000000000009 0.015624999999999951 0.48692584054817684 1.0000000180025095e-35 29.900000000000002 24.950000000000003 -0.88545602565320969 5.5770374434058443 0.49999999999999856 7.8500000000000005 0.17992617227144034 1.1547005383792563 0.87500000000000011 0.99999999999999978 0.044151534306401508 0.47142857142857147 0.17992617227144034 111.50000000000001 5.2233093838153888 0.042806567889030304 26.900000000000002 6.9500000000000002 10.500000000000002 0.98480981878222595 0.010259027520836652 1.0000000180025095e-35 -0.10000000000000032 2.6022875816993465 0.8542199457734333 0.064516129032257993 13.000000000000002 0.054054054054054092
decision_type=2 2 2 2 2 10 2 2 2 2 2 8 10 2 2 2 2 2 2 2 2 2 2 2 2 2 2 2 2 2 2 2 2 2 2 2 2 2 2 2 2 2 2 2 2 2 2 2 2 2 2 2 2 2 2 2 2 2 2 2 2 2
left_child=1 3 10 4 44 7 27 8 9 -5 20 23 -4 18 25 26 -13 41 -3 -8 -2 34 28 -10 -17 -15 33 -7 -19 30 -30 -12 -21 37 35 36 39 -16 -24 -22 -37 42 -9 -29 50 -33 48 -48 49 -47 -1 -20 -26 -6 -55 -50 -18 -56 59 -38 -60 -62
right_child=2 13 12 5 53 6 19 17 11 -11 31 16 -14 14 15 24 56 22 51 32 21 -23 38 -25 52 -27 -28 43 29 -31 -32 45 -34 -35 -36 40 58 -39 -40 -41 -42 -43 -44 -45 -46 46 47 -49 55 -51 -52 -53 -54 54 57 -57 -58 -59 60 -61 61 -63
leaf_value=-0.0068892356123707813 0.0062831297825579951 -0.0025634267554453475 0.0093359102701714887 -0.001283842084254261 -0.010293519267116158 -0.00056154576951146235 -0.00076415737024362331 -0.0023310875447480005 0.00020231911777222056 0.00035939251061880564 0.0042650577169408349 -0.0010968294726073859 0.031020204474671353 -0.0049012552392411202 -0.0017339667376825574 -0.00042269357678936803 -0.0046663556963588487 -0.00016947824377950839 -0.00074125230818456464 -9.7453097716537773e-05 -0.01172905231854462 0.0045403244685047308 -0.003111166551811817 1.7874584129717875e-06 0.0050138410168969697 -0.00012183109985836049 0.0014393631620335245 -0.005358192284204988 -0.001369134401104577 -0.0017379140993649678 3.7852819007921926e-06 0.0020013513981438913 -0.00079064146383317491 0.00010205502437521385 0.0036761888637897202 0.0029396565925256415 0.0012449275046170162 0.00032970252010980919 0.00027106441478684794 -0.0010437585441152365 0.0073150368792563765 -0.0030493555881842549 -0.0040809241652648431 -0.00048880463591758347 0.0034024342713013136 -0.0039518265095693896 0.0042595514099947216 0.0087928820535845727 0.0049401789975315417 0.0032147920093879459 0.0046298074166554624 0.00077679200534053758 0.00077326913432399511 -0.0061343991875164932 -0.010527732668180596 -0.0036158607038821126 0.0003529364534739288 -0.0071374669958288841 0.0009426221391026613 0.0010669297450558613 -0.00269213364587515 0.0056388343265988189
leaf_weight=2704 1130 7108 2752 530 272 1478 1028 3890 669 439 2316 305 792 2019 2773 126 55 1646 1468 210 115 3824 1307 280 3363 5316 4961 1252 943 794 1155 1810 374 17961 1264 1495 854 93 3160 1141 417 1350 487 605 497 300 2067 1251 3212 3609 225 2048 1304 842 957 110 311 903 1320 11732 62 1366
leaf_count=2704 1130 7108 2752 530 272 1478 1028 3890 669 439 2316 305 792 2019 2773 126 55 1646 1468 210 115 3824 1307 280 3363 5316 4961 1252 943 794 1155 1810 374 17961 1264 1495 854 93 3160 1141 417 1350 487 605 497 300 2067 1251 3212 3609 225 2048 1304 842 957 110 311 903 1320 11732 62 1366
internal_value=0.00181147 -0.00352802 0.0114123 -0.00980833 -0.0183245 -0.00735978 -0.0169857 -0.00460946 0.00797104 -0.00922165 0.00978894 0.0182572 0.0294485 0.000181187 0.00133436 0.00264355 0.000959821 -0.00682108 -0.00393365 -0.0326069 0.00733769 0.00676932 -0.0039024 0.0304684 0.00914581 -0.00412282 0.00143453 -0.00942596 -0.00786407 -0.0117853 -0.00690567 0.0139169 -0.0189658 0.000338247 0.00564046 0.00503675 0.00418872 -0.00529997 0.000121979 -0.00532617 0.0123863 -0.011408 -0.00912403 -0.0149327 -0.00542603 0.0126897 0.0137957 0.0188596 0.0114692 0.0080422 -0.00755802 0.00190361 0.0100353 -0.0331748 -0.0314817 0.0154965 0.0176975 -0.0277781 0.0049687 0.00391634 0.00978356 0.0148321
internal_weight=120147 77208 42939 28668 6400 22268 4947 17321 2589 969 39395 1620 3544 48540 37916 30581 671 14732 10624 1612 24720 23590 9005 949 4793 7335 25788 3335 4538 2892 2098 14675 584 20827 19766 18502 16590 2866 4467 1256 1912 5727 4377 1857 3426 12359 10549 3318 7231 3909 2929 3516 4667 2974 2702 3322 366 1860 15334 12586 2748 1428
internal_count=120147 77208 42939 28668 6400 22268 4947 17321 2589 969 39395 1620 3544 48540 37916 30581 671 14732 10624 1612 24720 23590 9005 949 4793 7335 25788 3335 4538 2892 2098 14675 584 20827 19766 18502 16590 2866 4467 1256 1912 5727 4377 1857 3426 12359 10549 3318 7231 3909 2929 3516 4667 2974 2702 3322 366 1860 15334 12586 2748 1428
is_linear=0
shrinkage=0.05


Tree=48
num_leaves=63
num_cat=0
split_feature=13 17 11 17 21 14 11 13 16 11 39 0 14 15 11 40 21 38 11 21 13 21 12 11 36 0 46 21 20 44 23 44 44 3 44 50 27 58 46 15 40 23 23 20 23 11 16 22 2 22 14 17 40 44 60 11 41 60 14 50 2 27
split_gain=2273.53 697.851 493.98 237.608 503.791 227.353 254.168 242.023 152.16 115.192 114.938 207.5 191.605 115.92 87.1935 78.0001 72.7832 69.6215 68.8868 61.3587 54.8125 53.6501 58.5029 58.2238 53.8948 49.0446 47.9387 45.9228 44.2564 43.4622 43.189 43.029 39.0523 39.2446 37.9995 37.6671 37.3282 35.1026 33.9233 33.2781 35.769 32.9445 32.7037 32.6985 32.1783 31.6061 31.1711 30.9908 37.0766 30.6892 30.1519 29.7284 29.6611 29.5225 30.6328 29.3187 28.7332 27.7791 27.5499 43.9083 27.3748 27.1824
threshold=5.6250000000000009 3.5000000000000004 16.500000000000004 1.5000000000000002 0.37500000000000006 2.5916666666666672 2.5000000000000004 2.6250000000000004 48.250000000000007 8.5000000000000018 0.38215776067727586 31.500000000000004 2.041666666666667 0.49999999999999811 4.5000000000000009 -1.0000000180025095e-35 0.37500000000000006 13.125000000000002 2.5000000000000004 0.62500000000000011 2.6250000000000004 0.37500000000000006 2.5000000000000004 2.5000000000000004 1.5000000000000002 2.5000000000000004 58.750000000000007 0.37500000000000006 0.099999999999999964 14.950000000000001 1.6648030799354154 11.65 18.050000000000004 -0.91023613416931237 18.050000000000004 96.566243055555603 4.5258270612748239 1.5000000000000002 0.65000000000000013 0.99999999999999978 1.2247448713915861 2.2715942837281107 0.98480981878222595 0.083333333333333273 4.7118082978876954 8.5000000000000018 2.7500000000000004 4.3865884072927432 0.91023613416931248 4.3290924922600631 10.34848484848485 2.5000000000000004 -0.83333333333333359 13.450000000000001 1.2000000000000004 2.5000000000000004 4.5857142857142863 13.850000000000003 1.0000000180025095e-35 72.081938888888899 0.99635443704902704 3.9150706436420726
decision_type=2 2 2 2 2 10 2 2 2 2 2 2 8 2 2 2 2 2 2 2 2 2 2 2 2 2 2 2 2 2 2 2 2 2 2 2 2 2 2 2 2 2 2 2 2 2 2 2 2 2 10 2 2 2 2 2 2 2 10 2 2 2
left_child=1 3 9 4 53 6 10 27 32 17 11 15 13 30 21 -5 51 26 -9 29 -8 24 23 46 36 -18 34 -7 -20 47 -13 -24 33 37 -2 45 49 -4 -33 40 55 -17 -6 -14 -35 60 -23 48 -11 -3 -19 -12 -27 54 -1 -29 57 -31 59 -56 -16 -26
right_child=2 14 8 5 42 7 20 18 -10 19 16 12 43 -15 35 41 25 50 28 -21 -22 22 31 -25 61 52 -28 39 -30 56 -32 38 -34 44 -36 -37 -38 -39 -40 -41 -42 -43 -44 -45 -46 -47 -48 -49 -50 -51 -52 -53 -54 -55 58 -57 -58 -59 -60 -61 -62 -63
leaf_value=-0.011029531031130213 0.0013815480204453668 -0.00026516196153680285 0.0013389671628924128 0.00031141286373579383 -0.0097788433037603491 -0.00053346848103589248 0.00027140548687831778 -0.0005986897141823655 0.029469194250937792 0.001195701082812306 -0.00072658680018576345 1.6980854923187573e-06 -0.0017531429839951818 4.6180946301377368e-05 0.00089441731547369458 -0.001379001798802554 0.0032090591777644895 -0.002283670533510751 -0.00073897584897002493 0.0036695233985741152 0.00032323230337594211 -0.0064364723643954404 -0.00036978093413507778 -0.000806487318983179 -0.0059156548518387924 -0.0025878767286001861 0.0089004403744948231 -0.0057152739194396901 -0.00066738700356550051 -1.2552922852959725e-05 8.1026164730579891e-05 -0.000552134759780748 0.01374627232254474 0.0044109937275811032 0.0044418398220630317 -0.0014111896338473207 0.0022841152770896214 0.010433158912630081 0.00010112455005361065 -0.0004643644041217088 0.00061778970319971709 -0.00091981916043373249 -0.0074150828172600217 -0.00037627479756369153 0.0081040428616921852 0.006119335189858033 -0.0036431287104745861 0.003547601125964606 0.0053438601004710878 0.0011122712960853543 0.012499057110569679 -0.0026243645746514277 -0.0021722540540069835 0.0001936819957998659 0.0031394823077817713 -0.00033745643853966278 0.0059965966313705104 0.0090380299961104315 -0.009986227154360372 -0.020125580845585161 0.0074858017068671016 0.00095095530046218071
leaf_weight=296 17917 6578 560 501 272 1478 3274 164 813 3462 2526 271 307 700 15526 282 174 122 1251 6282 885 940 5754 2360 1146 1406 163 831 197 444 524 1134 296 520 1088 994 2492 139 6724 605 98 605 2702 428 3150 801 407 5252 296 2891 634 1675 3763 1482 553 323 1635 166 1043 52 255 538
leaf_count=296 17917 6578 560 501 272 1478 3274 164 813 3462 2526 271 307 700 15526 282 174 122 1251 6282 885 940 5754 2360 1146 1406 163 831 197 444 524 1134 296 520 1088 994 2492 139 6724 605 98 605 2702 428 3150 801 407 5252 296 2891 634 1675 3763 1482 553 323 1635 166 1043 52 255 538
internal_value=0.00168413 -0.00344513 0.010907 -0.00963044 -0.0181214 -0.00718914 -0.00448822 -0.0166421 0.0249306 0.00885551 -0.00789296 -0.00030257 0.00914164 0.0194151 0.000207969 -0.0154752 -0.0107695 0.0062532 -0.0325449 0.0118112 0.00628486 -0.0013885 -0.00323585 -0.00880394 0.000955958 -0.0146417 0.00566514 -0.00894634 -0.0360214 0.00959888 0.0324686 -0.00171858 0.0214413 0.0202391 0.00543223 0.00302071 0.00213551 0.00935 0.000686474 -0.0141792 -0.0188308 -0.024375 -0.0331748 -0.0117459 0.0223086 0.00358771 -0.0170957 0.00804517 0.00457435 0.00070169 0.0211295 -0.00584127 -0.0155213 -0.00504669 -0.00909769 -0.0212944 0.0158259 0.00653846 -0.00642511 0.00205446 0.00309498 -0.00741543
internal_weight=120147 77208 42939 28668 6400 22268 17321 4947 5478 37461 13162 3618 2230 1495 48540 1388 9544 19924 1612 17537 4159 30964 17319 3707 13645 5343 19168 3335 1448 11255 795 13612 4665 4369 19005 17576 11961 699 7858 1857 1252 887 2974 735 3670 16582 1347 9010 3758 9469 756 4201 5169 3426 1944 1154 2245 610 1648 605 15781 1684
internal_count=120147 77208 42939 28668 6400 22268 17321 4947 5478 37461 13162 3618 2230 1495 48540 1388 9544 19924 1612 17537 4159 30964 17319 3707 13645 5343 19168 3335 1448 11255 795 13612 4665 4369 19005 17576 11961 699 7858 1857 1252 887 2974 735 3670 16582 1347 9010 3758 9469 756 4201 5169 3426 1944 1154 2245 610 1648 605 15781 1684
is_linear=0
shrinkage=0.05


Tree=49
num_leaves=63
num_cat=0
split_feature=17 17 38 17 21 11 18 21 38 24 22 2 24 20 18 18 16 35 22 17 21 3 22 38 59 49 44 7 60 43 7 40 3 21 22 44 24 15 59 3 2 57 21 40 44 40 22 2 38 38 37 43 24 22 60 42 2 24 2 44 1 24
split_gain=2140.72 652.36 479.751 232.524 512.77 184.649 118.871 115.344 96.349 89.9812 98.5223 84.8849 112.251 79.6194 79.0672 78.2855 68.4225 67.017 57.247 45.7113 61.981 47.9834 52.1103 44.522 39.2151 43.9947 37.6973 40.3958 37.9135 37.2983 37.127 38.7149 38.1595 36.673 35.6838 34.7961 34.7932 34.7715 34.0317 33.6153 33.3107 32.9245 32.594 33.562 31.8737 30.8342 30.0438 29.6291 29.4861 30.3977 29.464 29.2532 29.2002 28.7518 28.2939 29.6404 28.2934 27.5286 27.5169 26.3168 26.144 25.8549
threshold=7.5000000000000009 3.5000000000000004 19.291666666666668 1.5000000000000002 0.37500000000000006 9.5000000000000018 -4.0211748466660403e-16 0.87500000000000011 51.875000000000007 0.043880731548761258 3.9134151338553997 -0.35460488704253573 0.079200233687965069 0.071428571428571466 -0.40000000000000019 0.099999999999999353 2.2500000000000004 1.0000000180025095e-35 3.7017589388696659 2.5000000000000004 0.37500000000000006 0.91023613416931248 2.6022875816993465 5.291666666666667 14.885714285714288 76.700000000000017 14.950000000000001 1.5000000000000002 9.9000000000000021 0.80000000000000016 1.5000000000000002 -0.10580184237878971 -0.95297903005573337 0.37500000000000006 6.0018382352941186 14.950000000000001 0.044151534306401508 1.1547005383792563 -0.028571428571428498 -0.91023613416931237 -0.060268340127661552 1.8223460018326272 0.87500000000000011 0.98211277834314514 13.450000000000001 -1.3174650984805185 7.2590619374300598 0.99635443704902704 1.0000000180025095e-35 3.4166666666666674 0.93750000000000011 -8.9999999999999982 0.04129773235788136 2.4448585885967296 13.350000000000003 2.9500000000000006 0.91023613416931248 0.065791264453806217 -0.82298386589365657 17.250000000000004 6.5000000000000009 0.017967183043633903
decision_type=2 2 2 2 2 2 2 2 2 2 2 2 2 2 2 2 2 2 2 2 2 2 2 2 2 2 2 2 2 2 2 2 2 2 2 2 2 2 2 2 2 2 2 2 2 2 2 2 2 2 2 2 2 2 2 2 2 2 2 2 2 2
left_child=1 3 5 4 36 9 7 17 60 10 -2 12 42 30 16 -14 33 45 -11 20 -13 22 -22 24 25 47 28 41 29 -18 31 32 -7 -3 59 39 44 -19 -20 -15 -9 -28 43 -8 -1 -5 52 48 -16 56 -6 -41 -33 -31 -40 -56 -50 -23 -37 -12 -4 -36
right_child=2 14 8 6 50 13 11 40 -10 18 34 19 15 35 23 -17 26 37 38 -21 21 57 -24 -25 -26 -27 27 -29 -30 53 -32 46 -34 -35 61 58 -38 -39 54 51 -42 -43 -44 -45 -46 -47 -48 -49 49 -51 -52 -53 -54 -55 55 -57 -58 -59 -60 -61 -62 -63
leaf_value=-0.009119412228226792 -0.0025235087795725643 -0.0037218814718727902 0.011107267518960207 0.00099234655136373208 -0.0072315087177491971 0.0097029401124013818 -0.00066786481232082866 -0.00068817906522379297 0.028695040072753697 0.0019741505102708889 0.00063715362906002217 -0.00044795857899060376 1.6131812177078155e-06 -7.489188643394762e-06 0.0018098734515927363 -0.00046109748527543018 -0.0014084485001405189 -0.005558760292183035 0.0012999891085044735 -0.00054337983532942724 -0.0014345381669150115 -0.00037662733714369793 -0.00090884290779827404 0.0012162772719517267 0.00041003221915413284 -0.0086285127892828609 -0.00076027559126301547 0.0053149737086551248 -0.0020094419300241474 -0.0020415174947920832 0.0027339340910659707 0.0034855456101572369 0.0018220504123510617 -0.0054631777947099615 -0.00042417865088257846 -0.0036693182555760373 0.0032226284579462529 -0.0032674786602325812 0.0049072578617859021 -0.0010612787234847377 -0.00078712716131924549 0.0032753997395645442 5.589473504603593e-05 0.00042016168527782006 -0.00075276182076701177 -0.0013351853960131832 0.0053082530066138282 0.0059774864141015184 -0.0012495816728371357 3.2499730047630403e-05 -0.0078625298614628022 0.0036532165375262604 0.0049973759158312928 0.0014830385459635555 0.014366975233886071 0.0017984301979998563 0.0004494101598183309 1.6131812177078155e-06 0.0056519246822410944 0.0051903600988121527 0.0074178594155176253 0.0030008457622491824
leaf_weight=1615 2544 1233 1211 683 2215 193 3550 1492 750 7209 4596 875 287 1041 1134 142 2442 1634 982 2982 654 279 958 5202 6058 408 1407 691 3757 574 1082 611 1215 610 598 88 497 1553 3634 405 617 538 1310 1330 1314 3880 1022 527 5776 13078 759 5793 3112 2585 94 1613 1059 42 1755 411 1307 3134
leaf_count=1615 2544 1233 1211 683 2215 193 3550 1492 750 7209 4596 875 287 1041 1134 142 2442 1634 982 2982 654 279 958 5202 6058 408 1407 691 3757 574 1082 611 1215 610 598 88 497 1553 3634 405 617 538 1310 1330 1314 3880 1022 527 5776 13078 759 5793 3112 2585 94 1613 1059 42 1755 411 1307 3134
internal_value=0.00156844 -0.00354128 0.0102857 -0.00948743 -0.017887 0.00882005 -0.00707239 -0.0111709 0.0287229 0.00610272 0.00280441 -0.00381507 5.21148e-05 0.0129516 7.95455e-05 0.0247558 -0.00309618 -0.00834666 0.00885207 -0.00823606 -0.0128142 -0.0178102 -0.0213236 0.00140165 0.000613209 -0.000368239 -0.00171697 0.00356276 -0.00320494 -0.000597108 0.0168664 0.0183694 0.0110681 -0.0120634 0.00532551 0.009831 -0.00469653 -0.01391 0.0123253 0.00826588 -0.0215379 -0.000125899 -0.0016629 -0.00354333 -0.00677304 -0.00445771 0.020532 -6.00232e-05 -0.000353715 -0.000800693 -0.0330739 0.00966204 0.0184331 0.00298892 0.0138984 0.00857436 -0.00350278 -0.000139752 0.015968 0.0025649 0.0240155 0.00902625
internal_weight=120147 75747 44400 28668 6400 41132 22268 9859 3268 24815 11283 12409 6619 16317 47079 429 13837 7750 13532 5790 2808 1933 1612 33242 28040 21982 11994 2636 9358 5601 7235 6153 1408 1843 8739 9082 3426 3187 6323 7239 2109 1945 6190 4880 2929 4563 4745 21574 21047 19913 2974 6198 3723 3159 5341 1707 6835 321 1843 5007 2518 3732
internal_count=120147 75747 44400 28668 6400 41132 22268 9859 3268 24815 11283 12409 6619 16317 47079 429 13837 7750 13532 5790 2808 1933 1612 33242 28040 21982 11994 2636 9358 5601 7235 6153 1408 1843 8739 9082 3426 3187 6323 7239 2109 1945 6190 4880 2929 4563 4745 21574 21047 19913 2974 6198 3723 3159 5341 1707 6835 321 1843 5007 2518 3732
is_linear=0
shrinkage=0.05


Tree=50
num_leaves=63
num_cat=0
split_feature=13 11 11 12 16 16 13 20 11 7 41 0 15 20 44 35 46 27 20 23 20 40 13 18 20 0 23 23 18 2 15 15 18 60 23 40 13 22 16 22 44 16 49 20 46 16 50 27 22 50 59 0 27 16 42 59 13 59 37 60 44 60
split_gain=1980.28 618.099 382.589 261.967 227.976 212.476 146.425 145.812 100.308 81.0425 85.7516 67.6056 63.7663 59.3175 56.9108 53.4821 52.7262 53.4502 51.0694 47.7727 42.8066 46.3983 47.8339 48.2342 137.712 79.4004 143.977 87.0332 70.7245 56.1645 42.5613 40.7022 40.6811 40.4866 40.4213 38.4845 37.8822 36.6989 34.9107 33.7598 33.3262 31.1561 30.3135 29.734 29.5402 29.0038 28.9921 28.9627 28.9049 28.5914 30.6021 28.5347 28.472 27.9553 27.4651 28.0042 27.2807 26.8367 26.3087 25.5981 25.5954 24.9759
threshold=4.1250000000000009 12.500000000000002 1.5000000000000002 1.5000000000000002 27.750000000000004 1.0000000180025095e-35 7.3750000000000009 0.10664699883449881 3.5000000000000004 1.5000000000000002 6.6571428571428575 5.5000000000000009 0.49999999999999811 0.060897435897435855 17.800000000000001 1.0000000180025095e-35 29.900000000000002 3.9150706436420726 0.50000000000000011 6.3912413771883783 0.38333333333333341 0.98211277834314514 1.6250000000000002 -4.0211748466660403e-16 0.041666666666666553 30.500000000000004 1.5996330397435272 1.6648030799354154 0.19999999999999976 -0.17992617227144048 1.5000000000000011 0.95742710775633777 -1.9500000000000042 14.050000000000002 5.5770374434058443 1.4756275930887879 49.125000000000007 2.8454529539088367 2.2500000000000004 3.7625891265597153 13.550000000000002 2.2500000000000004 55.250000000000007 0.23616332497911449 15.300000000000002 3.7500000000000004 64.4007763888889 3.3207720474597116 2.6022875816993465 88.381702777777804 0.4071428571428572 49.500000000000007 4.5258270612748239 2.2500000000000004 13.850000000000003 7.4000000000000012 2.1250000000000004 17.30714285714286 0.61250000000000016 16.200000000000003 6.4000000000000012 30.750000000000004
decision_type=2 2 2 2 2 2 2 2 2 2 2 2 2 2 2 2 2 2 2 2 2 2 2 2 2 2 2 2 2 2 2 2 2 2 2 2 2 2 2 2 2 2 2 2 2 2 2 2 2 2 2 2 2 2 2 2 2 2 2 2 2 2
left_child=2 6 3 5 19 13 11 12 20 52 -11 -2 -7 44 34 -9 17 32 43 40 21 22 30 24 29 27 28 -25 58 -24 48 56 -13 37 47 57 -6 -19 -26 -34 46 -22 59 -17 -1 -31 51 -8 -4 50 -49 -3 -5 -28 -39 -56 -29 -10 -27 -42 -40 -52
right_child=1 4 8 9 36 7 14 15 35 10 -12 16 -14 -15 -16 18 -18 33 -20 -21 41 -23 23 25 38 26 53 31 -30 45 -32 -33 39 -35 -36 -37 -38 54 60 -41 42 -43 -44 -45 -46 -47 -48 49 -50 -51 61 -53 -54 -55 55 -57 -58 -59 -60 -61 -62 -63
leaf_value=-0.0022604847657309857 0.0040568125900238396 0.0043173457693478582 -0.0015460151019711045 -0.0025802091938606389 0.012250759224146002 -0.0073593375728493284 0.00095746420052755798 -0.002479346992777898 -3.3156219680074986e-05 0.005719280037353492 -0.0032603029709404653 -0.00487023517388594 -0.0076772273187425306 -0.0098317512377650105 0.0058563430273737456 -0.0010919878829690032 0.0034784453050503597 0.00037266060585403049 -0.0066471279958326412 0.0057887139869876149 -0.0012438718807565585 0.00014739497303126181 -0.00064519574706533027 -0.0012390850577960967 -0.0027244885374742012 -0.0028315131172814813 5.3099998293737464e-05 -0.0011282168766299395 -0.012510530503979524 -0.00073682059323837423 0.001445615169008252 -9.3725799181920702e-05 -0.00031251933996767622 2.6663551242778195e-05 0.0031273948483895755 0.001218977674211863 0.026560982534753211 0.0016193503378600705 0.0023331189907481067 0.00081267873687251857 0.0046280100825081714 0.0011112338363316488 0.006846859890880453 -0.0075239605722019045 0.0037366683336921059 0.0025668404598459872 0.0015319898826822609 0.00042769490272105416 -0.00082131459085245113 0.00067471185631630133 0.0035287431754081004 -0.0010274872011290183 0.00082009164911004415 -0.00028268017287058633 0.0066500305328624281 0.0027688802092497022 -0.00034905930225805353 0.00038860443433658132 1.5325221568218696e-06 -0.0023118782692448602 -0.00071583195109229953 -0.00080456697134678734
leaf_weight=1963 1673 2401 570 4927 703 1338 4331 1189 12242 943 446 749 995 790 1161 129 2105 2008 1798 2997 2924 2384 1694 123 1077 24 1667 796 66 753 98 1389 7722 2846 4774 1276 802 2739 211 10849 714 2073 1477 1715 497 96 1334 776 890 1250 5353 228 865 2073 1172 1529 678 1304 281 111 5808 251
leaf_count=1963 1673 2401 570 4927 703 1338 4331 1189 12242 943 446 749 995 790 1161 129 2105 2008 1798 2997 2924 2384 1694 123 1077 24 1667 796 66 753 98 1389 7722 2846 4774 1276 802 2739 211 10849 714 2073 1477 1715 497 96 1334 776 890 1250 5353 228 865 2073 1172 1529 678 1304 281 111 5808 251
internal_value=0.0014669 0.00767766 -0.00516749 -0.0113233 0.0185684 -0.0163893 0.00539092 -0.0211996 -0.00249259 -0.00397452 0.00686691 0.0034347 -0.0314674 -0.0057813 0.00904034 -0.0162345 0.00291756 0.00237363 -0.019241 0.0156315 -0.00438328 -0.00538687 -0.00624187 -0.00546066 -0.007764 -0.00233094 0.00217534 -0.00853532 0.0318414 -0.0177457 -0.0146216 -0.00675454 0.00082268 0.00528363 0.00829619 0.00078223 0.0366169 0.00722177 -0.00418416 0.00128392 0.0131416 -0.000229092 0.017931 -0.0250921 -0.00194839 -0.00722941 0.0103544 0.00674177 -0.0167659 0.00859586 0.00995063 0.0134011 -0.00657604 -0.000773857 0.00935398 0.012933 -0.012539 0 0.0419771 0.010224 -0.0026985 0.0112391
internal_weight=120147 62055 58092 17595 10767 10414 51288 7164 40497 7181 1389 33392 2333 3250 17896 4831 31719 29614 3642 9262 25675 20678 18294 16736 9639 7097 4111 2986 371 2543 1558 2863 19320 10294 16735 14822 1505 7448 7096 18571 6265 4997 2302 1844 2460 849 3963 11961 1460 7630 6380 2629 5792 3740 5440 2701 1474 13546 305 825 6019 5604
internal_count=120147 62055 58092 17595 10767 10414 51288 7164 40497 7181 1389 33392 2333 3250 17896 4831 31719 29614 3642 9262 25675 20678 18294 16736 9639 7097 4111 2986 371 2543 1558 2863 19320 10294 16735 14822 1505 7448 7096 18571 6265 4997 2302 1844 2460 849 3963 11961 1460 7630 6380 2629 5792 3740 5440 2701 1474 13546 305 825 6019 5604
is_linear=0
shrinkage=0.05


Tree=51
num_leaves=63
num_cat=0
split_feature=17 17 11 17 21 24 28 13 13 28 11 11 39 0 23 21 40 0 24 0 38 18 44 50 23 24 48 45 11 12 20 50 28 45 21 28 38 0 40 45 24 23 0 24 20 37 49 28 24 24 28 28 18 18 59 11 42 28 21 57 21 40
split_gain=1868.72 574.711 455.206 247.007 528.72 165.935 144.269 122.241 120.001 106.096 73.4727 65.5771 90.2968 112.946 183.363 80.8924 72.3278 64.9498 62.0902 59.0233 49.3696 48.7976 44.657 49.8178 42.0723 41.7235 40.8126 40.501 37.9968 43.2408 37.8787 37.8427 40.7216 40.6355 37.3053 36.8555 48.5148 36.7646 35.5258 35.1497 33.2529 33.1113 33.0222 32.8864 32.6276 32.3279 31.677 31.284 31.2528 30.6446 38.6864 32.4364 30.5569 40.4365 30.1631 30.1489 29.965 29.5707 29.4506 28.7211 28.6518 28.0818
threshold=7.5000000000000009 3.5000000000000004 19.500000000000004 1.5000000000000002 0.37500000000000006 0.057341948007724804 5.3379499889898439 2.8750000000000004 51.125000000000007 3.3032645089341353 4.5000000000000009 2.5000000000000004 0.38215776067727586 31.500000000000004 1.6648030799354154 0.37500000000000006 -0.49999999999999778 27.500000000000004 0.016688539544812402 2.5000000000000004 2.1250000000000004 0.8999999999999998 17.100000000000005 54.740159722222224 1.6648030799354154 0.042110981176505309 25.250000000000004 71.300000000000026 2.5000000000000004 2.5000000000000004 0.062499999999999958 96.566243055555603 4.6029985294673361 5.1500000000000012 0.37500000000000006 2.6149070043531437 2.1250000000000004 3.5000000000000004 -0.83333333333333359 29.450000000000003 0.032773010481160506 0.98480981878222595 24.500000000000004 0.010259027520836652 0.11250000000000006 0.61250000000000016 53.800000000000004 6.5695326117996578 0.044151534306401508 0.033241297389130356 3.5122514331893284 4.9730785492350398 -0.10000000000000032 0.49999999999999989 17.535714285714288 1.5000000000000002 26.900000000000002 2.6149070043531437 0.37500000000000006 -2.3056989121147553 0.62500000000000011 -1.0000000180025095e-35
decision_type=2 2 2 2 2 2 2 2 2 2 2 2 2 2 2 2 2 2 2 2 2 2 2 2 2 2 2 2 2 2 2 2 2 2 2 2 2 2 2 2 2 2 2 2 2 2 2 2 2 2 2 2 2 2 2 2 2 2 2 2 2 2
left_child=1 3 5 4 48 6 25 11 -4 -7 22 12 13 16 45 -14 -5 31 20 -17 -16 39 27 46 -18 55 -25 28 29 34 42 33 -33 44 -3 36 60 -31 -21 40 -8 -6 -9 -43 -11 -15 -24 -42 56 51 -51 -12 -40 -54 -13 -2 -1 -45 -30 -53 -20 -37
right_child=2 10 8 7 41 9 21 30 -10 17 49 54 15 14 18 19 24 -19 35 38 -22 -23 23 26 -26 -27 -28 -29 58 37 -32 32 -34 -35 -36 61 -38 -39 52 -41 47 43 -44 57 -46 -47 -48 -49 -50 50 -52 59 53 -55 -56 -57 -58 -59 -60 -61 -62 -63
leaf_value=-0.0059394689671982918 -0.0076979642476641685 -0.0030416938289459074 0.008122120132390975 0.00011779168201443425 -0.0085526870086145689 0.002276761722997356 0.0011764992571282606 -0.00032817247066684323 0.026022280489041795 0.0047674975743424615 -0.0007039845072264961 -0.00016236974026034856 -0.0015799458950211732 -0.0026899374614174024 0.00042879848032203462 0.0031704932086116856 -0.0011756102903474619 0.0029204008363798331 -0.0010773673543636286 -0.0024660724602104112 -0.0039398753199131886 0.0053556353279452743 -4.5710504670903877e-05 0.0019276902076658831 -0.00079643563667206605 0.0015652651118944095 -0.00091220348670382762 0.0054219765887804864 0.00025186740075905937 0.0061235927151929055 0.00033169906836932883 -0.0024337252266547708 0.0056177848442837243 0.0077364609302137625 -0.0055687247060061118 -0.0037611165872832256 -0.0040211185463226995 -0.0010563869248064685 -0.0092880830816303214 0.0047490827397961071 0.001642585691596843 -0.0047410724371893427 -0.00061141150598341691 -0.0089010495793786348 0.0045226118805180683 1.455896048985217e-06 0.0094905262873662306 0.0037949444902821042 0.0032327628538626032 0.00042703687763233637 0.0019346428087448021 -0.0010518990602896518 -0.0011598730223770449 -0.0014885395233565858 0.0003863729261469051 -5.1816089171319302e-05 0.0047121241747203006 -0.0057319216207905813 -0.00012546350809434782 0.0012800835239344056 5.0444998379051144e-05 -0.001089886621263847
leaf_weight=2704 513 1818 2835 660 272 5905 3900 203 768 1382 4464 4996 5059 25 534 234 111 6309 88 1621 135 2481 194 914 828 6067 990 126 6162 231 132 219 135 1725 1155 482 315 5214 1138 579 2274 842 1042 957 1502 291 469 1717 497 5948 4322 705 2070 964 386 6089 225 903 11376 2991 589 365
leaf_count=2704 513 1818 2835 660 272 5905 3900 203 768 1382 4464 4996 5059 25 534 234 111 6309 88 1621 135 2481 194 914 828 6067 990 126 6162 231 132 219 135 1725 1155 482 315 5214 1138 579 2274 842 1042 957 1502 291 469 1717 497 5948 4322 705 2070 964 386 6089 225 903 11376 2991 589 365
internal_value=0.00135953 -0.00341455 0.00950418 -0.00899561 -0.0176527 0.00799904 0.00527899 -0.00650658 0.0265386 0.0117386 -1.58241e-05 -0.00555452 -0.00720471 -0.00116297 0.00484779 -0.00961441 -0.0117781 0.0145831 0.000316859 -0.0135277 0.0133507 0.00948183 -0.00160017 0.00469042 -0.0206862 0.00164522 0.000574803 -0.00221964 -0.00235755 -0.00511878 -0.0209325 0.0188648 0.00308451 0.0200748 -0.00996806 -0.00442663 0.00210977 -0.00246878 -0.0145228 0.00767265 0.00679739 -0.0330739 -0.0236316 -0.0313707 0.0164281 0.0406782 0.0164834 0.0100063 -0.00425883 0.00244669 0.00426395 0.000158682 -0.016965 -0.0143311 -0.000797882 -0.0011048 -0.00622696 -0.0276169 -0.0010317 0.00362321 0.00965339 -0.0120814
internal_weight=120147 75747 44400 28668 6400 40797 23620 22268 3603 17177 47079 20891 15509 4423 2824 11086 1599 11272 2508 6027 669 10951 28649 2567 939 12669 1904 26082 25956 8418 1377 4963 354 4609 2973 1839 992 5445 5793 8470 7891 2974 1245 2702 2884 316 663 3991 3426 18430 10270 8160 4172 3034 5382 6602 2929 1860 17538 3696 677 847
internal_count=120147 75747 44400 28668 6400 40797 23620 22268 3603 17177 47079 20891 15509 4423 2824 11086 1599 11272 2508 6027 669 10951 28649 2567 939 12669 1904 26082 25956 8418 1377 4963 354 4609 2973 1839 992 5445 5793 8470 7891 2974 1245 2702 2884 316 663 3991 3426 18430 10270 8160 4172 3034 5382 6602 2929 1860 17538 3696 677 847
is_linear=0
shrinkage=0.05


Tree=52
num_leaves=63
num_cat=0
split_feature=17 17 21 11 17 24 28 16 28 18 18 14 16 2 24 14 17 0 40 21 17 21 24 28 20 24 24 42 28 14 21 17 24 28 50 23 0 45 23 24 50 45 28 20 18 16 0 28 21 23 20 16 23 21 24 38 27 60 40 49 50 26
split_gain=1717.4 565.663 537.164 436.43 247.105 152.435 133.697 119.567 97.2904 88.9821 93.1484 404.261 100.366 71.3773 112.473 77.0451 64.973 62.3548 57.3546 55.9674 53.6679 63.1727 52.3209 55.2651 49.3399 47.4544 45.5996 45.4532 45.1328 41.2006 65.4191 48.7352 39.8228 36.8771 36.8249 44.3004 35.1494 34.2746 33.2477 33.1874 33.1534 39.7612 36.9653 31.4082 31.0905 31.086 30.4114 30.0969 30.0873 30.0455 29.5592 37.1149 29.2364 29.1605 28.707 28.3311 27.8666 27.355 27.2178 26.7214 26.5882 33.1787
threshold=7.5000000000000009 1.5000000000000002 0.37500000000000006 19.500000000000004 4.5000000000000009 0.057341948007724804 6.2852972958620752 53.250000000000007 3.3032645089341353 -4.3156670400473525e-16 -4.5548246203200423e-16 2.5916666666666672 2.2500000000000004 -0.35460488704253573 0.079200233687965069 2.5227272727272729 2.5000000000000004 27.500000000000004 1.2247448713915861 0.37500000000000006 2.5000000000000004 0.37500000000000006 0.022848784449288204 3.5354556262410495 0.062499999999999958 0.032773010481160506 0.033241297389130356 26.050000000000004 6.2852972958620752 2.1742424242424243 0.87500000000000011 2.5000000000000004 0.048967292750140459 3.7977409536829394 13.457394444444445 1.6648030799354154 3.5000000000000004 58.750000000000007 0.98480981878222595 0.010259027520836652 96.566243055555603 5.1500000000000012 4.6029985294673361 0.11250000000000006 1.5499999999999912 1.2500000000000002 31.500000000000004 2.6149070043531437 0.87500000000000011 2.3189592175824556 0.24999999999999986 1.0000000180025095e-35 1.7149495147847735 0.37500000000000006 0.054238101298389706 1.8750000000000002 3.3207720474597116 2.4500000000000006 -0.86602540378442949 53.100000000000001 12.694518055555557 111.50000000000001
decision_type=2 2 2 2 2 2 2 2 2 2 2 8 2 2 2 8 2 2 2 2 2 2 2 2 2 2 2 2 2 10 2 2 2 2 2 2 2 2 2 2 2 2 2 2 2 2 2 2 2 2 2 2 2 2 2 2 2 2 2 2 2 2
left_child=1 2 50 5 9 6 18 57 56 10 12 -12 20 14 29 27 19 40 26 -15 45 -22 28 32 -13 44 -2 48 -6 30 -11 -31 49 -28 52 -36 -23 54 -4 -40 41 43 -42 -10 -8 53 -32 -41 -16 -24 -1 -52 -21 -3 -25 -48 -7 -5 -43 -45 -19 -62
right_child=3 4 38 7 22 8 25 -9 17 13 11 24 -14 16 15 -17 -18 60 -20 34 21 36 23 37 -26 -27 33 -29 -30 31 46 -33 -34 -35 35 -37 -38 -39 39 47 42 58 -44 59 -46 -47 55 -49 -50 -51 51 -53 -54 -55 -56 -57 -58 -59 -60 -61 61 -63
leaf_value=-0.00053029183058705964 -0.0014964170830748858 -0.003974858082032651 -0.0081250526581838397 0.010264664548532277 -0.0015859878759213854 0.00010217839496868831 0.0017804743904515031 0.026001078073443831 0.0045291226956253429 -9.4291660565049012e-05 0.00041636733154505335 -0.00058102694221560112 -0.00021226078431646478 -0.00031213693256749168 0.00081001022507881106 -0.00052464527540994628 -0.0003321087070071616 0.001573751623952452 0.004187568448283008 1.3831012465326253e-06 -0.0026603843036187794 0.0013380253990573077 -0.004737250904850266 0.0007544197954854337 -0.00026320228399698834 0.0037964021645983561 -0.00049323259919333842 -0.0014158449373752548 0.0007410307956979556 -0.00196641422106405 -0.00047792000570685557 -0.0001506245869965728 0.00053454068339227063 0.0016519045769148755 -0.0011175900331095001 -0.0010776420608915704 -0.003288811760182675 0.007732571333202487 -0.0045040188153298742 -0.0084559971004097012 -0.0023120389653220387 0.012191942041304894 0.0053368956020695361 0.0021867981706197304 0.0054094902624623803 -0.00024363199291249638 7.2648036820244241e-05 -0.0054453255397510503 1.3831012465326253e-06 -0.00040927771679329929 -0.0090631702409321672 -0.0026601414077925822 -0.00041331053493598446 -0.015222914642212522 0.0033724132458025969 0.00018331904937237688 0.002836806077921672 0.007187739668438298 0.0058066001897324141 0.0061396313743120384 0.0037259405704447748 0.0022039602670939186
leaf_weight=2400 3511 840 272 628 4518 1561 4290 711 1382 3803 392 924 8260 892 88 166 6246 1576 1798 41 2321 140 699 12490 103 3128 3523 34 1926 595 75 3669 6747 6756 116 1496 1714 148 842 957 219 373 135 865 614 1657 464 903 261 5882 537 489 343 533 1177 587 4344 2264 1352 637 2933 1800
leaf_count=2400 3511 840 272 628 4518 1561 4290 711 1382 3803 392 924 8260 892 88 166 6246 1576 1798 41 2321 140 699 12490 103 3128 3523 34 1926 595 75 3669 6747 6756 116 1496 1714 148 842 957 219 373 135 865 614 1657 464 903 261 5882 537 489 343 533 1177 587 4344 2264 1352 637 2933 1800
internal_value=0.0013021 -0.00327461 -0.0174965 0.00911004 -0.00196177 0.00763628 0.00502921 0.0257894 0.0112205 -0.00485431 -0.00749156 -0.01975 -0.00636525 -0.00249483 0.000481884 0.0224455 -0.00566995 0.0139444 0.00232824 -0.0118709 -0.0106779 -0.0143546 0.00111781 0.00207947 -0.0362305 0.0102695 0.00123233 0.0347526 -0.00293173 -0.000831521 0.00228093 -0.00443025 -0.000217196 0.00291294 -0.0165223 -0.0198357 -0.0212372 0.00429538 -0.0330403 -0.0313337 0.0181396 0.0192722 0.0033662 0.0156655 0.00719572 -0.00560706 0.0128616 -0.0275631 0.0401286 -0.00298466 -0.00399621 -0.0110954 -0.00258442 -0.0111681 0.00403461 0.0150618 0.00601846 0.0212565 0.0252868 0.010642 0.010641 0.0125148
internal_weight=120147 75747 6400 44400 69347 40797 23620 3603 17177 35760 16884 1419 15465 18876 9742 549 9134 11272 15588 2888 7205 4175 33587 27143 1027 8032 13790 383 6444 9193 4929 4264 13328 10279 1996 1612 1854 13815 2974 2702 4963 4609 354 2884 4904 3030 1126 1860 349 6581 3426 1026 384 1373 13667 1051 5905 2892 1725 1502 6309 4733
internal_count=120147 75747 6400 44400 69347 40797 23620 3603 17177 35760 16884 1419 15465 18876 9742 549 9134 11272 15588 2888 7205 4175 33587 27143 1027 8032 13790 383 6444 9193 4929 4264 13328 10279 1996 1612 1854 13815 2974 2702 4963 4609 354 2884 4904 3030 1126 1860 349 6581 3426 1026 384 1373 13667 1051 5905 2892 1725 1502 6309 4733
is_linear=0
shrinkage=0.05


Tree=53
num_leaves=63
num_cat=0
split_feature=17 17 21 38 11 11 14 21 14 15 11 39 1 14 15 40 20 40 14 1 39 36 7 59 44 59 50 44 15 42 59 1 39 14 45 11 14 18 17 13 1 20 37 21 20 7 16 13 20 1 57 44 40 27 44 60 51 44 3 37 7 42
split_gain=1594.56 565.261 544.75 414.883 236.155 142.792 109.912 99.3185 102.913 356.812 201.285 168.229 227.665 185.446 144.284 83.7022 70.8909 69.9525 57.7654 57.938 55.213 49.2574 45.7912 45.8891 45.4124 44.5466 52.2013 44.5183 44.1774 42.8933 35.982 57.3131 35.8149 34.9755 33.504 32.0583 30.6352 29.8077 45.9013 48.9334 30.8478 29.5595 29.3125 29.2915 37.3173 29.0548 28.974 28.5988 28.5722 28.2358 28.0176 27.9484 27.0545 26.8982 27.8043 28.9725 26.8388 33.7176 26.7506 26.4454 30.8223 27.5682
threshold=7.5000000000000009 1.5000000000000002 0.37500000000000006 19.291666666666668 3.5000000000000004 9.5000000000000018 55.291666666666679 0.37500000000000006 2.5916666666666672 0.49999999999999989 2.5000000000000004 0.398519883915809 7.5000000000000009 2.1547619047619051 0.49999999999999811 -1.0000000180025095e-35 0.015624999999999951 0.418609179139461 9.8452380952380967 6.5000000000000009 0.38490017945975102 1.5000000000000002 1.5000000000000002 8.1285714285714317 14.950000000000001 17.30714285714286 97.35508750000001 19.450000000000003 0.49999999999999939 25.250000000000004 0.6714285714285716 4.5000000000000009 0.23094010767585024 1.7638888888888891 67.15000000000002 3.5000000000000004 1.6833333333333336 0.49999999999999989 2.5000000000000004 2.1250000000000004 4.5000000000000009 0.022727272727272752 0.93750000000000011 1.0000000180025095e-35 0.66682330827067682 1.5000000000000002 2.2500000000000004 3.1250000000000004 0.031249999999999955 6.5000000000000009 0.35285102049412093 15.350000000000003 0.25116550748367655 4.7607796964939828 17.100000000000005 0.25000000000000006 1.5000000000000002 16.850000000000005 -0.91023613416931237 0.77500000000000013 1.5000000000000002 27.550000000000004
decision_type=2 2 2 2 2 2 10 2 10 2 2 2 2 8 2 2 2 2 10 2 2 2 2 2 2 2 2 2 2 2 2 2 2 10 2 2 8 2 2 2 2 2 2 2 2 2 2 2 2 2 2 2 2 2 2 2 2 2 2 2 2 2
left_child=1 2 43 5 7 18 49 21 10 47 11 12 15 14 -14 -9 45 22 27 -20 -19 53 29 -24 59 26 -6 30 -12 46 -2 -32 -15 -17 35 -33 42 38 -13 40 -40 -21 -4 51 -45 -7 -11 -10 -48 -5 -28 -1 -30 54 -3 -56 -27 -58 -51 -18 61 -61
right_child=3 4 36 6 25 16 -8 8 9 17 28 37 13 32 -16 33 24 20 19 41 -22 -23 23 -25 -26 56 50 -29 52 -31 31 34 -34 -35 -36 -37 -38 -39 39 -41 -42 -43 -44 44 -46 -47 48 -49 -50 58 -52 -53 -54 -55 55 -57 57 -59 -60 60 -62 -63
leaf_value=-0.0018463368252050194 -0.00033514387921839144 -0.00059298607067039823 -0.0059233807583325311 0.0093741991331778522 8.030556428733627e-05 0.0040848816209710041 0.02538185174343166 -0.00012683059048520517 -0.00056495135828462664 -0.0087543104719374886 0.00039554896496779568 -0.00090926770455415087 3.8756795991479191e-05 -0.0019317549072419673 5.7614509781744874e-05 -0.00096845062318846604 0.0046921757344857654 -0.00065116964410194544 0.0090076466153554916 -0.0023583849441370488 -0.00021333146652112724 -0.0028135140347068767 0.0039741006234547014 -0.0021277834438152786 0.0046147946806352367 0.003791056674922977 -0.001127319378631786 0.0051332949933474929 -0.00093968211568093993 0.0019025094911237995 0.0036215792850725851 -0.0013321030598728912 -0.00028514699445069124 -0.00099986092976847032 0.0094302720045383436 0.0012382484375589088 -0.0067345035947783188 -0.0013661012181180876 -0.0025571997111639212 -0.0030891458998060007 -0.0025992664467419657 0.0027625271518098684 -0.0061282130561921503 -0.0078112520963230349 -0.0082694945682461607 0.0020113503384533104 -0.0030362558888098802 -0.00063373248873415115 -0.0016705176974561476 -0.0010533539765242518 -0.0099235810435139519 0.00313127796036663 0.0003137711858420933 0.0018089355724101364 0.012388168132650196 0.00095172482140339911 0.00058051068126668826 -0.0076935620126590944 0.0066115699208852746 0.0028357801740054311 0.00012462092955001225 -0.0027172704733269496
leaf_weight=1898 3456 9929 1964 1237 26762 2511 659 672 1245 616 397 1840 820 294 1158 588 1264 495 852 99 681 2699 663 521 2582 544 585 874 689 554 3302 2202 338 418 119 12010 332 1017 492 1281 1229 1901 678 766 175 430 634 75 3740 128 207 587 2926 1776 130 851 2370 111 1244 7799 1497 234
leaf_count=1898 3456 9929 1964 1237 26762 2511 659 672 1245 616 397 1840 820 294 1158 588 1264 495 852 99 681 2699 663 521 2582 544 585 874 689 554 3302 2202 338 418 119 12010 332 1017 492 1281 1229 1901 678 766 175 430 634 75 3740 128 207 587 2926 1776 130 851 2370 111 1244 7799 1497 234
internal_value=0.00123968 -0.00317031 -0.0173871 0.0087632 -0.00185795 0.00740026 0.0259085 -0.0044493 -0.0065021 -0.0106119 -0.0038238 -0.00757243 -4.54651e-05 0.00918997 0.0167231 -0.0144104 0.0110335 -0.00659013 0.00501068 0.0117052 -0.0178377 -0.00132881 -0.00462104 0.00429958 0.00948606 0.00142724 0.000794593 0.00414064 0.00565537 -0.0065275 0.0036816 0.00459595 -0.0143681 -0.0235303 0.0032267 0.00300394 -0.0330403 -0.0130794 -0.0114382 -0.0152498 -0.0207578 0.00704398 -0.0348449 -0.00379195 -0.0113004 0.0180642 -0.00799339 -0.0346669 -0.00655886 0.0212816 -0.0118474 -0.000943282 0.00391178 -2.32521e-05 -0.000952708 0.0070723 0.00718605 0.00497381 0.016311 0.00805882 0.00715507 0.0083825
internal_weight=120147 75747 6400 44400 69347 41132 3268 38768 23383 9224 14159 10147 4288 2610 1978 1678 16317 7904 24815 2852 1176 15385 6728 1184 13376 30579 27554 21963 4012 5544 21089 17633 632 1006 14331 14212 2974 5859 4842 3002 1721 2000 2642 3426 941 2941 4990 1320 4374 2609 792 2485 3615 12686 10910 981 3025 2481 1372 10794 9530 8033
internal_count=120147 75747 6400 44400 69347 41132 3268 38768 23383 9224 14159 10147 4288 2610 1978 1678 16317 7904 24815 2852 1176 15385 6728 1184 13376 30579 27554 21963 4012 5544 21089 17633 632 1006 14331 14212 2974 5859 4842 3002 1721 2000 2642 3426 941 2941 4990 1320 4374 2609 792 2485 3615 12686 10910 981 3025 2481 1372 10794 9530 8033
is_linear=0
shrinkage=0.05


Tree=54
num_leaves=63
num_cat=0
split_feature=17 11 17 21 13 14 23 27 0 40 40 23 44 11 14 39 2 0 2 11 14 17 13 11 11 39 17 21 20 0 14 40 60 44 28 50 0 39 43 21 44 20 44 42 45 23 27 20 40 45 48 38 20 13 17 15 28 20 23 44 43 50
split_gain=1656.59 617.68 320.673 544.75 233.877 170.888 122.711 95.7876 81.7656 72.5346 65.0351 62.432 59.8488 58.7923 77.2602 52.0731 49.5768 53.2779 51.2276 52.6028 47.6875 169.631 151.81 85.973 61.6423 50.6427 49.8475 44.6029 43.3315 41.6149 74.1924 42.855 40.9916 56.0756 40.6968 38.2975 37.8342 37.7076 36.9548 36.5601 35.3992 35.259 34.6516 33.7185 33.6903 33.2477 32.5501 31.5573 39.874 30.7234 38.9796 29.7289 28.8328 34.9717 28.6436 28.3733 27.9129 27.0897 26.4591 26.3115 25.7815 24.8012
threshold=4.5000000000000009 12.500000000000002 1.5000000000000002 0.37500000000000006 51.125000000000007 5.2613636363636376 1.7957546306631935 3.3207720474597116 5.5000000000000009 0.86602540378443593 0.25116550748367655 6.3912413771883783 14.950000000000001 3.5000000000000004 1.9583333333333337 0.76594168620507064 0.8542199457734333 12.500000000000002 0.70581670320594825 3.5000000000000004 2.5916666666666672 3.5000000000000004 2.6250000000000004 2.5000000000000004 2.5000000000000004 0.398519883915809 3.5000000000000004 0.62500000000000011 0.20487416457811194 31.500000000000004 2.1547619047619051 -1.0000000180025095e-35 9.9000000000000021 14.65 3.3850145202749107 50.185161111111121 41.500000000000007 0.15318833724101427 0.80000000000000016 0.37500000000000006 12.15 0.015624999999999951 14.450000000000001 27.250000000000004 30.750000000000004 0.98480981878222595 5.4208741416188237 0.031250000000000056 0.13206763594884394 13.350000000000003 34.100000000000001 2.1250000000000004 0.24999999999999986 0.37500000000000006 2.5000000000000004 0.95742710775633699 4.8124232540087455 0.083333333333333273 0.86796791997452283 14.850000000000003 8.4000000000000021 68.877518055555569
decision_type=2 2 2 2 2 8 2 2 2 2 2 2 2 2 8 2 2 2 2 2 10 2 2 2 2 2 2 2 2 2 10 2 2 2 2 2 2 2 2 2 2 2 2 2 2 2 2 2 2 2 2 2 2 2 2 2 2 2 2 2 2 2
left_child=2 5 3 52 11 16 10 8 -7 15 13 41 32 14 -4 20 18 -18 19 49 23 22 39 25 -24 29 55 -27 -26 31 51 -8 38 56 -10 -19 54 -16 -9 -22 -40 -3 -15 61 -36 -5 -17 48 -21 -2 -51 -31 -1 -54 -12 -25 -34 -32 -38 -43 -56 -14
right_child=1 4 6 45 -6 7 9 12 34 -11 36 -13 43 42 37 46 17 35 -20 47 21 -23 24 26 28 27 -28 -29 -30 30 57 -33 33 -35 44 -37 58 -39 40 -41 -42 59 -44 -45 -46 -47 -48 -49 -50 50 -52 -53 53 -55 60 -57 -58 -59 -60 -61 -62 -63
leaf_value=-0.00039052759260117532 -0.0027430023249428617 0.0048009525298106986 -0.00083870715243871134 -0.0074226309873580204 0.022560064264032231 0.0057025918844273273 0.00025639681706065567 0.001132296681503897 -0.00072357714830646464 4.4992520088382728e-06 -0.0014977677824998148 0.0054156370982798132 0.0050608788666105971 7.2091597024637191e-05 -0.00052354201565923963 -0.0038594722960645146 8.1729762448912169e-06 0.012463687464514962 -0.0018669195393378525 -0.00013411642702463312 0.00011617483033824483 -0.00011667904998092783 0.00022182781306052669 0.00036371418929511681 -0.00055438227659810886 -0.001268291235189073 -0.00026955566638321439 -0.0019693934638710386 -0.0002065170867741273 0.00018347935938562988 -0.0012749711877309668 -0.00062984879715302091 0.00078423383269861098 -0.0081911633406001935 0.00084824421203517637 0.00373615935979722 -0.0026072092762854052 -0.0030870455077521286 0.0021304451322014749 -0.0046859226816412637 0.0053096833471669054 0.0026791943121115881 -0.00029191132116290763 0.0077271785988163311 0.0037735225705665789 -0.0054685504155300713 0.0041851770927973765 0.00015300882225424142 0.0038287273992914372 0.0010135087850874746 -0.0054681339768928861 -0.0034087172550488877 -0.0082751976076769884 -0.0021365717325868006 -0.0010205422700715228 0.0003187348843058269 0.0019939366375511971 -0.00044930365277308652 0.00036140923813355875 0.005141411712933564 0.0001816674490014214 0.0022747762599970799
leaf_weight=2400 3900 1344 728 272 768 1162 741 3027 2989 7258 232 3627 1617 121 627 4424 2393 214 2644 1115 789 6568 155 797 1052 2958 1229 1504 119 1345 185 713 3953 234 12906 2247 193 357 3050 1292 2648 4173 45 855 452 2702 127 12189 2726 2778 585 215 537 489 182 857 1796 386 411 880 150 1715
leaf_count=2400 3900 1344 728 272 768 1162 741 3027 2989 7258 232 3627 1617 121 627 4424 2393 214 2644 1115 789 6568 155 797 1052 2958 1229 1504 119 1345 185 713 3953 234 12906 2247 193 357 3050 1292 2648 4173 45 855 452 2702 127 12189 2726 2778 585 215 537 489 182 857 1796 386 411 880 150 1715
internal_value=0.000905092 0.00522189 -0.00707988 -0.0173871 0.0163249 0.00343837 -0.00523461 0.00575731 0.00309223 -0.00434036 -0.0148326 0.0142838 0.00822634 -0.0205934 -0.0233479 -0.00559748 0.000696447 0.00533368 -0.00017137 0.000577187 -0.00454152 -0.0070414 -0.016093 -0.00225917 -0.0293105 -0.00491364 0.00514736 -0.00846852 -0.0332295 -0.000486615 0.00396107 -0.00700687 0.00672343 0.00353359 0.00218039 0.0104976 -0.00555603 -0.0324822 0.00890958 -0.0076585 0.0112818 0.0113074 0.00775449 0.0135017 0.00336066 -0.0330403 -0.0104449 0.00217672 0.00612832 -0.00295223 0.000548454 0.00960602 -0.00379195 -0.0108033 -0.0148584 0.0108127 0.00451217 -0.0114423 0.00313223 0.00938761 -0.00539039 0.0112196
internal_weight=120147 77987 42160 6400 10792 67195 35760 36404 17509 32714 3046 10024 18895 1878 1712 25456 30791 4854 25937 23293 20905 9975 3407 10930 1326 8047 2883 4462 1171 3585 2131 1454 14708 5983 16347 2461 1168 984 8725 2081 5698 6397 166 4187 13358 2974 4551 16030 3841 7263 3363 1560 3426 1026 564 1654 5749 571 604 5053 332 3332
internal_count=120147 77987 42160 6400 10792 67195 35760 36404 17509 32714 3046 10024 18895 1878 1712 25456 30791 4854 25937 23293 20905 9975 3407 10930 1326 8047 2883 4462 1171 3585 2131 1454 14708 5983 16347 2461 1168 984 8725 2081 5698 6397 166 4187 13358 2974 4551 16030 3841 7263 3363 1560 3426 1026 564 1654 5749 571 604 5053 332 3332
is_linear=0
shrinkage=0.05


Tree=55
num_leaves=63
num_cat=0
split_feature=17 38 17 13 11 14 18 18 14 24 22 16 20 23 2 24 14 0 20 20 23 17 44 13 17 20 58 44 19 59 45 22 24 24 37 18 59 45 7 44 59 23 0 44 14 17 18 0 22 20 24 24 13 23 60 7 18 12 13 23 2 22
split_gain=1380.88 581.343 372.071 354.948 238.898 183.437 97.9915 102.733 397.387 86.8341 103.612 84.9889 77.6408 74.9817 66.4488 104.455 76.0636 65.2058 62.7635 60.8529 60.3522 54.5729 51.2689 50.6129 50.5786 49.3399 47.4088 47.4532 43.0534 54.459 41.8633 38.612 41.8605 36.8847 36.2336 35.7179 34.9306 44.6889 33.9688 32.9654 32.5712 30.7991 63.5217 29.4764 28.7786 51.3436 51.1138 34.2997 30.4775 28.6568 27.8039 27.7933 26.7072 26.2672 25.8769 29.1032 25.4013 24.8853 24.6962 24.6482 25.5347 24.6092
threshold=4.5000000000000009 14.29166666666667 1.5000000000000002 0.37500000000000006 8.5000000000000018 46.208333333333336 -4.3156670400473525e-16 -4.5548246203200423e-16 2.5916666666666672 0.043880731548761258 3.7199853203313418 2.2500000000000004 0.50000000000000011 2.6662197764528348 -0.35460488704253573 0.079200233687965069 2.5227272727272729 27.500000000000004 0.015624999999999951 0.24999999999999986 5.5770374434058443 2.5000000000000004 14.950000000000001 1.8750000000000002 2.5000000000000004 0.062499999999999958 1.5000000000000002 19.100000000000005 15.500000000000002 1.0000000180025095e-35 58.750000000000007 5.6951349984438222 0.020638919644711155 0.24472127089928133 0.93750000000000011 -0.80000000000000038 6.4642857142857153 29.900000000000002 1.5000000000000002 15.350000000000003 14.885714285714288 2.2715942837281107 49.500000000000007 15.65 2.1742424242424243 2.5000000000000004 -3.1941319745786759e-16 31.500000000000004 4.5884602633323874 0.12499999999999988 0.032773010481160506 0.036249800842063355 1.6250000000000002 1.6648030799354154 1.4500000000000002 1.5000000000000002 2.8499999999999921 1.5000000000000002 1.8750000000000002 4.888668234007044 0.91023613416931248 2.5678104575163401
decision_type=2 2 2 2 2 10 2 2 8 2 2 2 2 2 2 2 8 2 2 2 2 2 2 2 2 2 2 2 8 2 2 2 2 2 2 2 2 2 2 2 2 2 2 2 8 2 2 2 2 2 2 2 2 2 2 2 2 2 2 2 2 2
left_child=2 4 3 19 9 17 7 11 -9 10 35 24 34 -11 15 44 23 26 40 -1 -19 41 51 61 57 -10 27 -3 33 -30 31 32 -12 -15 -5 54 38 -38 -31 -34 56 42 53 -26 46 58 47 -8 -49 -36 -22 -20 -44 -16 55 -2 -6 -4 -46 60 -53 -17
right_child=1 5 6 12 18 -7 14 8 25 13 30 -13 -14 28 21 16 -18 20 22 -21 50 -23 -24 -25 43 -27 -28 -29 29 36 -32 -33 39 -35 49 -37 37 -39 -40 -41 -42 -43 52 -45 45 -47 -48 48 -50 -51 -52 59 -54 -55 -56 -57 -58 -59 -60 -61 -62 -63
leaf_value=-0.00052869706092834035 -0.0026038154051457765 0.0042483005416766861 -0.0039845333271704029 -0.0053501275886906679 0.0022824810335382974 0.020234669679518081 -0.00042835384130072155 0.00035779783993636349 -0.00049755092640763054 -0.00030490686775878076 -0.001421925821574488 -0.00018918559507568046 -0.0055184928606678675 0.00043426848491072705 -0.00098478012690321752 0.0013918251434430484 -0.00043726635941591653 0.00091137047071003789 0.00061347100574449254 -0.0078614377272931361 -0.0010996579265248219 -0.00030786559477175013 0.0040220533818418726 2.5553207167605676e-05 -0.002716623334516255 -0.00019407548805300268 0.0099069712221135711 0.012050275341681283 -1.8518509266218786e-05 0.0031739408717555654 0.0063961902709174625 0.0012236975277862495 0.00015264589502395065 -0.0018593289979489615 -0.0060423955605794222 -0.00054476746797771369 0.0015421635469678398 0.004742829438264662 0.0083913783007344544 0.0029682962377999503 0.0043560273919456939 -0.00069725817893322444 -0.0011551775508969243 -0.0013317466253548072 -0.0014951711314778794 -5.2600938700808623e-05 2.2162850842977202e-05 3.7142246905541576e-05 0.00036752118917927624 -0.0034701647322152003 0.0045969781064559628 0.0016259896049091839 2.5553207167605676e-05 -0.0011934410256175254 -0.0050746827025698778 0.01124120499059942 0.012331617277427688 0.00037504905688997561 -0.0018009177555237234 0.0032301486732607466 0.0037748763420478284 -0.0020693779911924782
leaf_weight=2368 290 2009 2053 2200 1863 859 56 392 924 4326 2795 8260 514 4233 120 61 166 1242 2645 537 177 6246 2679 302 3539 103 789 214 2069 3382 212 6815 9444 46 735 8137 5488 930 854 2295 684 2142 68 636 481 3963 3781 544 149 46 1957 5677 66 492 2180 111 406 977 219 2697 482 20
leaf_count=2368 290 2009 2053 2200 1863 859 56 392 924 4326 2795 8260 514 4233 120 61 166 1242 2645 537 177 6246 2679 302 3539 103 789 214 2069 3382 212 6815 9444 46 735 8137 5488 930 854 2295 684 2142 68 636 481 3963 3781 544 149 46 1957 5677 66 492 2180 111 406 977 219 2697 482 20
internal_value=0.00105241 0.00499365 -0.00623787 -0.0173403 0.0036117 0.0184803 -0.0042503 -0.00701777 -0.0198908 0.00196883 0.000332869 -0.00583506 -0.0280735 0.00444442 -0.00177438 0.00109771 0.0222636 0.0155572 0.00875131 -0.00442017 0.0107773 -0.00483799 0.00736866 0.0344922 -0.00980364 -0.0362305 0.0209077 0.0171515 0.00593983 0.00739901 0.00233026 0.00210984 0.000653251 0.0015993 -0.0311687 -0.00368458 0.00884045 0.00651114 0.0123661 0.00196295 0.0153842 -0.0105209 -0.0192704 -0.0133728 -0.000168044 -0.0029256 0.00266939 0.0145933 0.0176441 -0.0404668 0.0158759 0.00591593 0.0118148 -0.026093 -0.00880906 0.00284826 0.0124868 -0.00488123 -0.0153994 0.00725923 0.00551055 -0.00054878
internal_weight=120147 77987 42160 6400 70740 7247 35760 16884 1419 53607 32279 15465 3495 21328 18876 9742 549 6388 17133 2905 3376 9134 14180 383 7205 1027 3012 2223 17002 12723 21561 21349 14534 4279 2981 10718 10654 6418 4236 11739 2953 2888 746 4175 9193 4663 4530 749 693 781 2134 11501 134 612 2581 401 2269 3030 700 8856 6159 81
internal_count=120147 77987 42160 6400 70740 7247 35760 16884 1419 53607 32279 15465 3495 21328 18876 9742 549 6388 17133 2905 3376 9134 14180 383 7205 1027 3012 2223 17002 12723 21561 21349 14534 4279 2981 10718 10654 6418 4236 11739 2953 2888 746 4175 9193 4663 4530 749 693 781 2134 11501 134 612 2581 401 2269 3030 700 8856 6159 81
is_linear=0
shrinkage=0.05


Tree=56
num_leaves=63
num_cat=0
split_feature=13 38 17 13 14 13 18 15 14 20 2 20 23 16 40 0 20 23 3 17 49 14 39 15 0 23 18 27 7 0 28 20 40 40 0 20 37 3 41 60 50 44 28 60 59 48 28 0 2 20 44 20 60 50 0 59 0 18 57 20 48 3
split_gain=1288.84 502.929 434.048 354.948 179.172 137.133 126.224 130.645 382.205 77.6408 70.6714 82.6594 70.958 70.6479 67.2375 62.2883 60.8529 56.4055 56.1447 48.1904 47.0312 46.3565 119.042 106.509 83.1363 44.5994 44.441 43.6927 40.9488 40.3321 38.5322 37.4953 36.3753 36.5524 39.4402 36.2868 36.2336 34.5658 34.3517 48.4008 32.6979 38.7192 32.2879 30.3192 48.8509 43.149 29.9949 29.2952 28.9084 28.6568 26.4913 25.7194 25.1311 24.9699 24.8815 24.8297 46.7238 25.0588 24.7646 36.07 24.7515 24.7082
threshold=3.6250000000000004 14.29166666666667 1.5000000000000002 0.37500000000000006 46.208333333333336 6.1250000000000009 -4.3156670400473525e-16 0.49999999999999811 2.5916666666666672 0.50000000000000011 -0.35460488704253573 0.083333333333333273 1.7149495147847735 2.2500000000000004 0.85552773820804551 27.500000000000004 0.24999999999999986 5.5770374434058443 0.95297903005573359 2.5000000000000004 54.550000000000004 2.1742424242424243 0.21883578073248572 0.49999999999999989 31.500000000000004 1.6648030799354154 2.2499999999999902 3.3207720474597116 1.5000000000000002 3.5000000000000004 0.7763249350887339 0.062499999999999958 0.40575133560034465 -1.3055824196677319 3.5000000000000004 0.2687500000000001 0.93750000000000011 -0.99635443704902682 3.5857142857142867 9.6000000000000032 56.886218055555567 10.050000000000002 5.2092036977462035 13.950000000000001 1.1642857142857144 29.250000000000004 3.7576100329208719 5.5000000000000009 -0.46472317204376817 0.12499999999999988 20.250000000000004 0.049075102529049862 1.0000000180025095e-35 96.566243055555603 6.5000000000000009 0.47142857142857147 17.500000000000004 -0.80000000000000138 -1.8919768463362094 0.049075102529049862 32.400000000000013 0.40966402954315179
decision_type=2 2 2 2 10 2 2 2 8 2 2 2 2 2 2 2 2 2 2 2 2 8 2 2 2 2 2 2 2 2 2 2 2 2 2 2 2 2 2 2 2 2 2 2 2 2 2 2 2 2 2 2 2 2 2 2 2 2 2 2 2 2
left_child=2 5 3 16 15 26 7 8 -4 36 11 21 18 32 27 20 -1 -17 -12 -14 50 22 24 -23 -8 -26 37 47 40 -15 -20 -10 33 -9 -35 -36 -5 -2 -31 48 51 -42 -24 44 -29 -46 55 -7 -40 -38 -3 -16 -50 -22 -48 57 -57 -39 59 -21 -45 -37
right_child=1 4 6 9 -6 14 10 13 31 -11 12 -13 19 29 28 17 -18 -19 30 58 53 23 42 -25 25 -27 -28 43 -30 38 -32 -33 -34 34 35 61 49 46 39 -41 41 -43 -44 60 45 -47 54 -49 52 -51 -52 -53 -54 -55 -56 56 -58 -59 -60 -61 -62 -63
leaf_value=-0.00050226220788192062 0.0042519677115518293 0.0033703651130049029 0.00033969591525783165 -0.0050826212092561331 0.019222936195542186 0.0046849380607153716 -0.0011525437363148817 1.4284040453649283e-05 -0.00047267338008725183 -0.0052425682176344751 -0.0014849084072753984 -0.00011550829910610405 -0.00075319284433309494 0.0032990496722806076 0.004775390688167392 0.00086580194717453826 -0.0074683658409284816 0.0041388960630942108 -0.0042080802611511262 0.00046595718672229894 0.0080889396401541361 -0.0018583103893068499 0.00020256443060810982 0.00035621824172373808 2.4275546809227055e-05 8.8361246213675143e-05 0.0059646034731591531 -0.00016814507330591423 0.00066636744141799218 -0.0031260167910340145 2.4275546809227055e-05 -0.00051485190311797437 0.0004310444104649203 0.00099416321290345393 -0.003600131533789375 -0.0016826707907530937 -0.0057402757825504528 -0.0056948439773236159 -0.00035619201458597649 -0.0015115460973851636 -0.00017003427286090835 0.0055113805657479031 0.0077518931785849343 0.00065121993818288986 0.0034125867566989656 0.00095325779564767741 0.0029346517150144803 0.00063336428476540307 0.012581886781141994 -0.0032966564956044388 0.013323535559501044 0.0021959974633048887 0.0010831151155816566 -0.00060873216857877395 0.00018698436588217017 0.0030467131196703304 -0.00013725043039606311 -0.00033282627151152159 5.716478423511973e-07 -0.0064750540143033502 0.0041344317720708014 -0.0041655954612518035
leaf_weight=2368 587 1201 373 2200 859 453 56 833 926 514 347 7466 2626 470 1094 1242 537 2134 118 264 1641 228 1644 1037 250 545 770 1281 1009 2265 49 106 659 503 2030 2393 735 420 2053 3380 249 2160 183 3571 6654 1807 1284 10090 78 46 88 1998 1943 79 14069 2231 11265 1719 7749 876 437 1905
leaf_count=2368 587 1201 373 2200 859 453 56 833 926 514 347 7466 2626 470 1094 1242 537 2134 118 264 1641 228 1644 1037 250 545 770 1281 1009 2265 49 106 659 503 2030 2393 735 420 2053 3380 249 2160 183 3571 6654 1807 1284 10090 78 46 88 1998 1943 79 14069 2231 11265 1719 7749 876 437 1905
internal_value=0.000973341 0.00532716 -0.00518621 -0.0173403 0.0178047 0.00389547 -0.00339157 -0.00631815 -0.0210135 -0.0280735 -0.000904262 0.00191455 -0.00357814 -0.00520148 0.00628311 0.0149147 -0.00442017 0.0102443 -0.0217379 -0.00276528 0.0201478 0.00777003 0.011495 -0.000114534 0.0269308 0.0310867 0.00162138 0.00507306 0.0107963 -0.00240873 0.00205357 -0.0366844 -0.00861905 -0.00958839 -0.0107941 -0.0118652 -0.0311687 0.00133155 -0.00310134 -0.00146144 0.0124945 0.0168651 0.00429158 0.00693004 0.00843631 0.00981387 0.00110346 0.00265032 0.00220736 -0.0404668 0.0129031 0.00908341 0.00645153 0.0255636 0.00267324 -0.000437772 0.000355264 -0.00544159 -0.00100619 -0.00788344 0.0032664 -0.0092568
internal_weight=120147 70392 49755 6400 7244 63148 43355 19917 1405 3495 23438 11409 12029 18512 30803 6385 2905 3376 514 11515 3009 3943 2678 1265 851 795 32345 24293 6510 10189 167 1032 8323 7664 6831 6328 2981 31575 9719 7454 5501 2409 1827 13750 9742 8461 30988 10543 4074 781 1289 3092 2021 1720 15353 15635 13496 2139 8889 1140 4008 4298
internal_count=120147 70392 49755 6400 7244 63148 43355 19917 1405 3495 23438 11409 12029 18512 30803 6385 2905 3376 514 11515 3009 3943 2678 1265 851 795 32345 24293 6510 10189 167 1032 8323 7664 6831 6328 2981 31575 9719 7454 5501 2409 1827 13750 9742 8461 30988 10543 4074 781 1289 3092 2021 1720 15353 15635 13496 2139 8889 1140 4008 4298
is_linear=0
shrinkage=0.05


Tree=57
num_leaves=63
num_cat=0
split_feature=13 11 11 21 24 13 40 21 28 12 23 21 39 40 38 0 24 15 16 11 0 15 23 21 45 59 28 44 24 44 20 12 43 44 43 24 28 45 24 28 50 38 42 23 60 30 49 2 25 37 11 23 23 40 60 28 40 20 23 24 44 41
split_gain=1187.21 483.951 303.672 402.342 165.621 151.403 136.196 114.695 113.327 84.4187 81.2312 77.2393 64.2422 62.9144 94.6174 124.941 169.536 101.255 64.7169 60.2504 53.4716 51.5707 47.839 47.3027 44.3777 44.3597 45.3425 44.6532 42.1906 41.1623 41.031 40.7232 40.6784 39.7245 39.7135 39.4914 40.009 36.4861 35.1859 39.7462 34.8007 33.5721 32.8012 30.9018 46.9718 35.8155 34.8933 30.8839 30.47 30.0062 28.3617 28.2956 28.1913 27.8894 27.8002 27.0537 26.9142 26.8127 26.4708 74.7274 26.2588 44.7432
threshold=3.6250000000000004 16.500000000000004 1.5000000000000002 0.87500000000000011 0.060274116928630508 51.625000000000007 0.26111648393354736 0.37500000000000006 4.9730785492350398 1.5000000000000002 3.8803053250545592 0.37500000000000006 0.80631119367576221 0.23570226039551587 2.1250000000000004 31.500000000000004 0.080314510435272671 0.499999999999999 2.2500000000000004 2.5000000000000004 33.500000000000007 0.57735026918963073 1.6648030799354154 1.0000000180025095e-35 33.400000000000013 0.84285714285714308 4.8124232540087455 16.650000000000002 0.036710996732513053 17.550000000000004 0.083333333333333356 1.5000000000000002 14.800000000000002 15.450000000000001 -12.749999999999998 0.016688539544812402 2.4806185308568121 18.000000000000004 0.036892979308529805 3.5354556262410495 58.857693055555558 1.8750000000000002 24.950000000000003 5.5770374434058443 13.950000000000001 4.6181705888416014 45.550000000000004 0.61559370248597556 2.9438603410712947 0.93750000000000011 25.500000000000004 1.8822187142376614 5.5770374434058443 0.78922832940297061 11.850000000000001 6.2852972958620752 0.86602540378444115 0.20000000000000009 2.6662197764528348 0.018301725364524204 13.050000000000002 5.7428571428571438
decision_type=2 2 2 2 2 2 2 2 2 2 2 2 2 2 2 2 2 2 2 2 2 2 2 2 2 2 2 2 2 2 2 2 2 2 2 2 2 2 2 2 2 2 2 2 2 2 2 2 2 2 2 2 2 2 2 2 2 2 2 2 2 2
left_child=2 4 3 6 8 29 12 -8 25 -5 56 -4 33 14 15 22 30 47 -19 20 -15 58 -13 -14 28 26 -2 38 42 50 35 57 -26 48 -12 49 -37 -35 43 -40 -29 -18 -10 -27 46 -46 -45 51 -1 -17 -3 -16 -53 55 -44 -30 -6 -25 -22 -60 -36 -62
right_child=1 5 11 9 10 -7 7 -9 24 -11 34 13 23 19 17 16 41 18 -20 -21 21 -23 -24 31 32 27 -28 40 53 -31 -32 -33 -34 37 60 36 -38 -39 39 -41 -42 -43 54 44 45 -47 -48 -49 -50 -51 -52 52 -54 -55 -56 -57 -58 -59 59 -61 61 -63
leaf_value=-0.0020848123155817549 -0.0016396983269563181 0.0037985703147256802 0.00021192925461323566 -0.0053189274801815657 0.00075980278652368902 0.019650768343894967 -0.0061205714300965972 -0.0049968236522036531 0.00050213777782222584 -0.0031308080121104642 0.013546664639028606 -0.0008628162147531149 -0.0010096897223221268 -0.0010793881023741902 -0.00044885369955153246 0.00032882894846882895 -0.0022916646409948394 -0.0031611073059628404 -0.001116997861279212 1.2073625675601552e-05 6.0518557814348564e-05 -0.0010695468658147912 -0.00051065902112454873 -0.0039127811567814174 0.0049672607848897932 -0.00039471592767539312 0.00025097484451225283 0.0064007096219171446 0.00094207724924953446 0.0095104518058525718 -0.0014437444119509925 -0.0020021126805241985 -0.00048946744946336003 1.356983843097126e-05 0.0022575010437770218 2.1369813566662899e-05 -0.00054472779577932064 0.0077802313534409253 -0.00015902246790666652 0.0012806527203891528 0.0014783472515081941 2.3061769468768479e-05 0.0059355356216964257 7.3953488139300033e-05 3.0907579609928962e-05 -0.00021162854795637732 -0.0005602213219293551 -0.00014783993933911168 0.0003602964639678519 0.00034472706740962256 0.0089295937410659113 -0.0004456885148762191 -0.00047815194744346148 0.0039905067448262168 0.0010101066213762612 0.002327487399772865 0.0036891470660075699 -0.0068854798275203638 0.00086466021685722711 -0.00098121142776141923 0.0018672091195598428 0.0054323227527673275
leaf_weight=4028 3720 3313 11410 1574 8876 753 806 1174 11892 300 177 92 1615 1416 302 140 23 900 4099 9728 344 786 559 584 598 8027 114 615 2970 369 254 1838 210 1047 4633 334 218 362 6055 5593 1827 285 478 80 147 27 281 204 1764 168 1056 797 146 1272 691 1917 1681 1937 299 222 1155 1865
leaf_count=4028 3720 3313 11410 1574 8876 753 806 1174 11892 300 177 92 1615 1416 302 140 23 900 4099 9728 344 786 559 584 598 8027 114 615 2970 369 254 1838 210 1047 4633 334 218 362 6055 5593 1827 285 478 80 147 27 281 204 1764 168 1056 797 146 1272 691 1917 1681 1937 299 222 1155 1865
internal_value=0.000860147 0.00503878 -0.00505155 -0.0104665 0.00383262 0.0192908 -0.00776227 -0.0199874 0.00224433 -0.0323173 0.00784996 -0.00223348 -0.00592327 -0.00401065 -0.00733924 0.00195034 0.0102565 -0.0103264 -0.006949 -0.00179314 -0.00790254 -0.00178269 -0.0161733 -0.00975649 0.00508238 9.79726e-05 -0.00487484 0.000940052 0.00459888 0.0159728 0.00116143 -0.0124644 0.0165575 -0.0027416 0.0117092 0.00638211 -0.00161844 0.00478369 0.000167978 0.00195682 0.00732501 0.0430259 0.00298921 -0.00226498 -0.0138899 0.0074 -0.0241575 -0.0219621 -0.00457362 0.0206958 0.0146098 -0.0249157 -0.0205985 0.00801055 0.0109786 0.00628989 0.00498627 -0.016592 0.00663395 -0.000469349 0.0111634 0.0147948
internal_weight=120147 70392 49755 17029 64901 5491 15155 1980 46514 1874 18387 32726 13175 21316 8521 2073 1422 6448 4999 12795 3067 1651 651 5974 20028 26486 3834 22652 19220 4738 1114 4359 808 7201 7830 860 552 1409 20210 11648 2442 308 13061 8562 535 174 361 1449 5792 308 4369 1245 943 6159 1169 4887 10557 2521 865 521 7653 3020
internal_count=120147 70392 49755 17029 64901 5491 15155 1980 46514 1874 18387 32726 13175 21316 8521 2073 1422 6448 4999 12795 3067 1651 651 5974 20028 26486 3834 22652 19220 4738 1114 4359 808 7201 7830 860 552 1409 20210 11648 2442 308 13061 8562 535 174 361 1449 5792 308 4369 1245 943 6159 1169 4887 10557 2521 865 521 7653 3020
is_linear=0
shrinkage=0.05


Tree=58
num_leaves=63
num_cat=0
split_feature=17 11 17 13 11 13 18 18 38 20 45 20 16 27 20 22 20 44 0 18 23 23 17 59 60 44 44 37 42 0 40 20 0 17 0 45 46 22 0 58 0 20 39 43 20 45 49 37 0 41 57 18 16 60 45 46 0 57 47 37 22 22
split_gain=1145.86 483.702 394.512 360.135 172.065 154.115 91.7425 111.819 86.1841 77.6408 65.2358 62.2412 60.2416 57.8591 57.4864 48.7981 47.9832 47.0794 43.4019 100.705 128.883 98.7315 41.264 40.5452 39.7191 38.7904 38.2921 36.2336 34.852 34.4387 33.8747 37.5103 33.5215 32.7934 31.7682 31.7093 41.2494 31.2626 30.3843 31.033 30.2646 32.2308 29.4525 39.9359 28.6568 28.3004 28.2813 27.4417 26.9204 25.3754 26.673 27.5914 25.2125 25.1601 34.3343 25.8186 24.5959 36.8711 24.4781 24.2051 26.1918 23.9976
threshold=4.5000000000000009 16.500000000000004 1.5000000000000002 0.37500000000000006 8.5000000000000018 51.625000000000007 -4.3156670400473525e-16 -4.5548246203200423e-16 11.41666666666667 0.50000000000000011 67.15000000000002 0.24999999999999986 2.2500000000000004 3.3207720474597116 0.062499999999999958 4.3865884072927432 0.015624999999999951 15.350000000000003 30.500000000000004 -3.9060362379473075e-16 1.6648030799354154 1.6648030799354154 2.5000000000000004 14.885714285714288 1.0000000180025095e-35 17.550000000000004 19.450000000000003 0.93750000000000011 27.250000000000004 50.500000000000007 0.83333333333333415 0.020835769980506805 3.5000000000000004 2.5000000000000004 24.500000000000004 6.1500000000000012 7.8000000000000007 2.6022875816993465 50.500000000000007 1.5000000000000002 3.5000000000000004 0.2687500000000001 0.28688765527462351 -12.449999999999998 0.12499999999999988 30.750000000000004 48.600000000000009 0.61250000000000016 5.5000000000000009 -1.6928571428571424 -4.2173638639180702 0.49999999999999989 1.2500000000000002 10.050000000000002 0.55000000000000016 5.1000000000000005 30.500000000000004 -1.7561855572403333 1.3650000000000002 0.93750000000000011 4.5884602633323874 9.2639943074003828
decision_type=2 2 2 2 2 2 2 2 2 2 2 2 2 2 2 2 2 2 2 2 2 2 2 2 2 2 2 2 2 2 2 2 2 2 2 2 2 2 2 2 2 2 2 2 2 2 2 2 2 2 2 2 2 2 2 2 2 2 2 2 2 2
left_child=2 4 3 11 8 25 7 12 10 27 13 -1 22 15 34 29 23 -15 21 20 47 -8 52 -6 -19 48 38 -5 30 42 31 -26 -10 37 -9 58 -37 -23 39 45 -24 -42 -2 -44 -29 53 -32 -20 -3 -45 -51 -52 -4 55 -55 -18 57 -41 -17 -22 -61 -34
right_child=1 5 6 9 16 -7 18 14 32 -11 -12 -13 -14 17 -16 35 26 24 19 -21 59 33 40 -25 28 -27 -28 44 -30 -31 46 -33 61 -35 -36 36 -38 -39 -40 56 41 -43 43 49 -46 -47 -48 -49 -50 50 51 -53 -54 54 -56 -57 -58 -59 -60 60 -62 -63
leaf_value=-0.00047858996716244054 0.00023406513665297224 0.010685541782841469 -0.012139112821397258 -0.0045761285822004177 0.0019843863913838523 0.018668229926700208 -0.00081967540401546308 -0.0001708426059868984 0.016185803773102237 -0.0047284635747928579 0.0060950772774698743 -0.0067641331632778802 -0.00017834514372542799 0.00051404607840390695 0.00053488695243023574 0.00016509262123732827 0.0013357252487674277 0.01033052834506591 -0.002177081408945103 -0.00010263946387888968 -0.00015427285689200711 -0.0010486024983376973 0.0011269595547438228 0.0033537159697584976 -0.0021283179088150694 0.0090349292155599507 0.0054868807352051021 -0.0051873156194138514 0.0059588773670857242 -0.0085586366970763494 -0.0017703553410200691 0.0014184605033323973 0.0037646690317209466 -0.00018691754428318275 -0.00042641101457395751 0.0029769354511734571 0.00045691784816440654 -0.00042198227636217056 -0.0046755967999596252 -0.0034465395132445842 -0.0025746351633216314 -0.0020378256259352911 0.0047326121665091205 -0.0047175349009135892 -0.003274209146770696 0.0052105742916747078 0.0054669523350799002 2.1908680995330609e-05 0.004063850911784384 0.0089519340196584484 -0.0016863119399065708 0.00011752738869412749 9.0855730597860784e-06 0.0039118613874712166 0.00010888014773684507 0.0028716661175100856 0.0016252335824671561 0.005299522924368927 -0.0021649899365709323 2.0301322888327533e-05 0.0003259701994803299 0.012923539373257454
leaf_weight=2368 6514 296 1373 2200 2277 753 164 205 162 514 307 537 8260 17405 171 4281 3776 282 21 9308 446 878 279 742 360 369 652 735 896 277 67 2788 1193 5639 1043 1933 5648 1596 226 107 1266 2630 346 843 46 347 688 267 4073 69 5893 3172 1657 460 4217 3104 971 1510 770 415 142 213
leaf_count=2368 6514 296 1373 2200 2277 753 164 205 162 514 307 537 8260 17405 171 4281 3776 282 21 9308 446 878 279 742 360 369 652 735 896 277 67 2788 1193 5639 1043 1933 5648 1596 226 107 1266 2630 346 843 46 347 688 267 4073 69 5893 3172 1657 460 4217 3104 971 1510 770 415 142 213
internal_value=0.000811041 0.00440125 -0.00582991 -0.0172621 0.00331731 0.0187081 -0.00378331 -0.00646106 0.00189704 -0.0280735 0.00155206 -0.00424811 -0.00522727 0.00141663 -0.0198908 -3.00871e-05 0.00749565 0.00333059 -0.00138767 0.00073066 0.0138119 -0.00410063 -0.00856855 0.0132599 0.00756494 0.0153608 0.00636231 -0.0311687 0.00648854 -0.00177008 0.00444288 0.00215783 0.0134449 -0.0033208 -0.0236149 0.00232684 0.00437154 -0.00811919 0.00583565 0.00611985 -0.0117924 -0.0129317 -0.00148147 -0.00314268 -0.0404668 0.00503948 0.0139484 0.0432353 0.0140378 -0.00372269 -0.00295512 -0.0031927 -0.0041224 0.00461542 0.00178388 0.00653902 0.0110834 0.0148609 -0.000741291 0.00532371 0.012267 0.0109417
internal_weight=120147 77987 42160 6400 72496 5491 35760 16884 54107 3495 52539 2905 15465 52232 1419 29746 18389 22486 18876 10599 1291 8277 7205 3019 5081 4738 15370 2981 4799 17114 3903 3148 1568 8113 1248 12632 7581 2474 14718 14492 4175 3896 16837 10323 781 11904 755 288 4369 9977 9134 9065 3030 11557 4677 6880 2588 1617 5051 1003 557 1406
internal_count=120147 77987 42160 6400 72496 5491 35760 16884 54107 3495 52539 2905 15465 52232 1419 29746 18389 22486 18876 10599 1291 8277 7205 3019 5081 4738 15370 2981 4799 17114 3903 3148 1568 8113 1248 12632 7581 2474 14718 14492 4175 3896 16837 10323 781 11904 755 288 4369 9977 9134 9065 3030 11557 4677 6880 2588 1617 5051 1003 557 1406
is_linear=0
shrinkage=0.05


Tree=59
num_leaves=63
num_cat=0
split_feature=13 11 13 21 11 15 18 21 14 15 11 38 24 0 23 15 45 14 0 14 24 22 15 23 18 27 41 0 22 22 7 3 0 30 2 43 14 23 24 39 21 22 24 60 24 23 24 25 24 23 22 23 49 45 18 24 41 60 38 60 57 3
split_gain=1038.35 428.435 301.147 593.713 204.382 160.194 93.428 180.479 111.528 183.898 140.863 79.3299 62.7885 133.668 102.034 74.4491 62.4559 62.0535 59.2316 58.9937 47.7404 58.1896 51.3709 50.4264 42.9143 42.8209 42.3573 42.9686 35.9158 35.8842 33.5723 46.9488 40.0451 56.3215 45.856 37.7547 35.6555 33.1598 33.0098 32.5727 33.9336 30.6357 30.3504 29.8774 27.7778 27.5118 27.3615 30.0586 27.2711 25.9971 31.2041 42.4524 25.5743 25.4385 25.3583 25.2259 25.1791 36.5977 25.1033 24.9187 24.6222 24.6071
threshold=3.6250000000000004 25.500000000000004 1.1250000000000002 0.37500000000000006 8.5000000000000018 0.57735026918962806 -4.3156670400473525e-16 0.87500000000000011 2.5916666666666672 0.499999999999997 2.5000000000000004 14.125000000000002 0.079200233687965069 31.500000000000004 1.6648030799354154 1.0000000180025095e-35 67.15000000000002 61.291666666666679 3.5000000000000004 2.2613636363636371 0.060274116928630508 3.8039705882352943 0.49999999999999972 4.7696315513601784 2.5000000000000013 3.3207720474597116 3.1357142857142857 18.500000000000004 2.7845022624434392 3.5160189075630259 1.5000000000000002 -0.88545602565320969 27.500000000000004 3.6668479795877587 -0.35460488704253573 8.4000000000000021 16.683333333333337 0.98480981878222595 0.010259027520836652 0.69282032302755125 0.37500000000000006 2.6022875816993465 0.033241297389130356 1.0000000180025095e-35 0.03410168446545201 5.2233093838153888 0.011554452005992951 1.205289373814042 0.022848784449288204 2.0344398289843695 1.4240518575851395 1.5451920405208079 56.000000000000007 30.750000000000004 0.8999999999999998 0.03456760695920761 4.8714285714285719 2.4500000000000006 14.583333333333334 25.950000000000006 -2.5320530524567677 -0.95297903005573337
decision_type=2 2 2 2 2 2 2 2 10 2 2 2 2 2 2 2 2 8 2 8 2 2 2 2 2 2 2 2 2 2 2 2 2 2 2 2 10 2 2 2 2 2 2 2 2 2 2 2 2 2 2 2 2 2 2 2 2 2 2 2 2 2
left_child=2 4 3 46 11 37 7 18 10 -10 -9 16 29 14 -14 19 20 60 -4 -15 21 48 23 -22 25 -6 -20 43 61 -8 32 35 33 44 45 -32 -35 -5 -39 53 -41 -40 -31 -28 -27 -34 47 -1 -2 50 51 -48 -36 -29 -51 -23 -50 -58 -33 -30 -3 -24
right_child=1 17 6 5 24 -7 12 8 9 -11 -12 -13 13 15 -16 -17 -18 -19 26 -21 22 55 28 -25 -26 30 27 39 59 42 31 58 34 36 52 -37 -38 38 41 40 -42 -43 -44 -45 -46 -47 49 -49 56 54 -52 -53 -54 -55 -56 -57 57 -59 -60 -61 -62 -63
leaf_value=0.0025153677091994233 -0.0044175614034493776 0.002130747203512895 0.0029453197516145671 -0.0060512143863725668 0.0011903173477521901 -0.0019740340092240685 -0.00036483962681386209 -0.0034755358811978943 -0.00040527647537661474 -0.0005617274770721326 0.00036631609596745609 0.01083932019341245 -0.00077869163381468767 2.0813246945561305e-05 0.0008367267650872146 0.00061607213728015475 0.0066761049442801597 0.022281919312480959 -0.0025000942114795314 -0.002787432479565366 -7.6717402835180257e-05 0.00011153069053335685 0.0046506265279906145 -0.0012561335787202089 0.0062737152640557348 0.0026683853120337501 0.012879160902110449 -0.00054647788028033828 0.0030597672355493267 7.7401278579802841e-07 -0.0061829606885689392 0.0017534825217245587 0.0019696884601814848 0.0019021215173650741 0.00088616414548932105 0.00015888873010003746 0.0054522048622341005 -0.0026477307919433426 -0.0064472104436796409 -0.0011815231844658548 -0.0026432869441276874 -0.0035356587350120873 0.0010686067724000271 0.00060989986510796574 0.005934621273876917 0.0030791960526673993 -0.0010751536295784125 -0.0072844691270863189 -0.0011128908956891503 8.1005423759383799e-05 -0.0096607015202944957 0.029433672568014504 -0.007256882743955629 0.0015575955696044475 0.0079793366467335817 0.0012165601612379063 0.0022920176711206165 -0.0002586861394135831 0.0060581405919762025 -0.00065595672632262072 0.0090154751153907371 0.00027990481746704711
leaf_weight=338 971 231 826 272 7044 1268 10941 704 902 752 469 529 151 280 257 370 265 602 3322 20 604 14590 402 79 2045 295 120 6046 4539 7301 226 989 2632 2272 925 607 334 842 956 2052 1395 902 1417 1519 1885 2017 586 1132 3654 3401 373 56 202 506 279 7620 1879 7586 365 388 1053 3562
leaf_count=338 971 231 826 272 7044 1268 10941 704 902 752 469 529 151 280 257 370 265 602 3322 20 604 14590 402 79 2045 295 120 6046 4539 7301 226 989 2632 2272 925 607 334 842 956 2052 1395 902 1417 1519 1885 2017 586 1132 3654 3401 373 56 202 506 279 7620 1879 7586 365 388 1053 3562
internal_value=0.000778581 0.00468647 -0.00475008 -0.0123145 0.00403893 -0.0267142 -0.00274949 -0.00532099 -0.0169537 -0.0253142 -0.00514906 0.0021705 -0.000440978 0.0113021 -0.0112347 0.0250298 0.00194939 0.0281902 -0.00323652 0.043505 0.00180916 0.000980551 0.00494987 -0.00825292 0.00803127 0.00731762 -0.00395662 -0.00253415 0.00596547 -0.00108571 0.00904667 0.00340265 0.0102144 0.0135983 0.00740782 -0.00592926 0.00862869 -0.0330626 -0.0313569 -0.0037645 -0.00769867 -0.0275928 0.00130692 0.00496646 0.01953 0.00960108 -0.00240756 -0.00835826 -0.00153254 -0.000541951 -0.00762303 -0.00092535 -0.00163564 -0.00169312 0.0014113 0.00257508 -0.000933308 0.000427319 0.0091476 0.00881595 0.0219416 0.00241992
internal_weight=120147 70392 49755 10405 68506 4240 39350 18613 2827 1654 1173 46668 20737 1078 408 670 46139 1886 15786 300 45874 36300 9574 683 21838 19793 14960 11638 8891 19659 12749 2187 10562 4786 5776 833 2606 2972 2700 9999 3447 1858 8718 1639 2180 4649 6165 1470 14090 4695 1015 642 1127 6552 3680 22210 13119 9465 1354 4927 1284 3964
internal_count=120147 70392 49755 10405 68506 4240 39350 18613 2827 1654 1173 46668 20737 1078 408 670 46139 1886 15786 300 45874 36300 9574 683 21838 19793 14960 11638 8891 19659 12749 2187 10562 4786 5776 833 2606 2972 2700 9999 3447 1858 8718 1639 2180 4649 6165 1470 14090 4695 1015 642 1127 6552 3680 22210 13119 9465 1354 4927 1284 3964
is_linear=0
shrinkage=0.05


Tree=60
num_leaves=63
num_cat=0
split_feature=17 38 17 21 24 22 23 38 18 18 24 23 20 18 24 1 23 21 16 59 44 50 24 45 18 17 21 44 60 3 51 40 23 24 20 2 40 22 23 20 13 44 20 22 45 18 22 57 22 2 50 57 44 22 59 22 57 24 42 38 45 45
split_gain=1023.68 417.374 404.049 558.814 188.768 143.541 98.0093 93.0946 87.6506 115.022 59.1996 62.0205 56.8921 56.8671 55.0876 111.288 103.136 102.458 54.9395 54.0396 60.6753 43.8383 41.3698 40.3402 40.0263 39.9665 58.2228 38.4704 39.3535 38.2527 35.8665 35.0278 33.3844 33.4897 33.1619 32.9404 32.4195 30.6277 30.2849 29.8003 37.336 29.5892 27.2808 30.6491 27.0522 26.8849 26.1469 26.0071 30.5823 29.4317 25.4494 34.3857 32.7856 28.5855 25.164 26.7476 24.4123 23.567 23.3961 23.2411 23.0087 22.6891
threshold=4.5000000000000009 19.875000000000004 1.5000000000000002 0.37500000000000006 0.059016137326762912 4.9903393665158378 3.5552261608514732 64.625000000000014 -4.3156670400473525e-16 -4.5548246203200423e-16 0.020638919644711155 2.5909378338859352 0.062499999999999958 0.94999999999999019 0.076648782300351923 7.5000000000000009 1.6648030799354154 0.87500000000000011 2.2500000000000004 0.84285714285714308 16.650000000000002 54.740159722222224 0.022558696794051803 33.400000000000013 2.6499999999999928 2.5000000000000004 0.62500000000000011 13.050000000000002 18.550000000000004 -0.99635443704902682 1.0000000180025095e-35 0.86602540378443593 0.98480981878222595 0.010259027520836652 0.098223304473304462 0.17992617227144034 1.2699731723178569 2.6022875816993465 5.2810808854470777 0.24999999999999986 0.37500000000000006 9.9500000000000011 0.096158280125671472 4.8304665314401634 6.3000000000000016 1.0999999999999992 4.8304665314401634 -5.4521226398064906 9.5926299283154144 0.99635443704902704 89.238111111111138 2.3642344488970726 14.65 4.3290924922600631 14.885714285714288 3.3926921343249945 -2.4833148308603192 0.036892979308529805 7.6500000000000012 1.8750000000000002 15.700000000000001 0.55000000000000016
decision_type=2 2 2 2 2 2 2 2 2 2 2 2 2 2 2 2 2 2 2 2 2 2 2 2 2 2 2 2 2 2 2 2 2 2 2 2 2 2 2 2 2 2 2 2 2 2 2 2 2 2 2 2 2 2 2 2 2 2 2 2 2 2
left_child=2 4 3 39 5 10 29 38 9 18 -2 -12 35 22 54 16 -16 -17 25 46 36 58 44 47 27 -4 -27 28 -8 -6 31 -29 -5 -34 -15 -11 50 -35 -3 61 -41 -25 43 -38 -7 -31 60 -24 49 -49 57 52 53 -52 55 -10 -36 -21 -22 -19 -13 -1
right_child=1 7 8 32 6 13 24 -9 14 12 11 19 -14 34 15 17 -18 59 -20 20 21 -23 23 41 -26 26 -28 30 -30 45 -32 -33 33 37 56 -37 42 -39 -40 40 -42 -43 -44 -45 -46 -47 -48 48 -50 -51 51 -53 -54 -55 -56 -57 -58 -59 -60 -61 -62 -63
leaf_value=-0.0079192849838844899 -0.0026668747646843129 0.00083093594311552945 -0.0010453963802418754 -0.0057486536670539384 0.0091232468227050445 -0.0011792216027928515 0.0023533269420402125 0.023039761237324166 -0.00055783148976092935 -0.00038482664007643001 -0.0023999530670994586 -0.00089136732463985797 0.00053546649882274533 0.0049459544951393269 -0.00073975705212395724 5.4637093670883989e-05 0.00079489042683285056 -0.0019288557145195841 -0.00015978448046778394 -0.00027064047537507795 0.0022142123736969945 0.0021896499084922971 -0.0028768188379839632 -0.00041896173743662948 0.0082499990660161344 -0.0017714176116511604 -0.0022985518303760277 -2.1795412142683324e-05 -0.00023984495761715242 0.00047331140755780822 0.0041726828042746742 0.0057522885386166681 -0.0025153442523461744 -0.0061248499214956566 -0.001581730917938784 -0.00014203665191871994 0.0065209053244960624 -0.003358875798261485 0.0068794840935766377 -0.0063712500921313704 -0.0013614122014240062 0.0044286500023988989 0.00013267475124551509 -0.0074667682361366783 0.00064586822127024048 0.0034958240913930019 0.00045067360557708995 0.00082588108122755299 0.003344971515723061 0.0068622681357244815 -0.0024976447209672627 0.0026717126300870534 -0.0092621846667536433 0.0022709653080038084 7.3357109117644373e-05 -2.7720583701190683e-05 0.0032788131725427108 0.0007576149771531649 0.0094339624892885512 1.9772584598287679e-05 -0.0069247918677054938 0.00038164938023869114
leaf_weight=193 3024 272 3030 272 196 1692 5330 490 8327 1043 1797 3547 171 1731 164 312 219 26 8260 6716 206 1911 187 154 826 3290 885 816 1334 7979 3419 302 842 957 357 205 795 903 2301 537 489 410 756 32 2503 1578 63 10770 1619 199 1467 489 328 288 3453 6062 2144 9139 394 313 426 2207
leaf_count=193 3024 272 3030 272 196 1692 5330 490 8327 1043 1797 3547 171 1731 164 312 219 26 8260 6716 206 1911 187 154 826 3290 885 816 1334 7979 3419 302 842 957 357 205 795 903 2301 537 489 410 756 32 2503 1578 63 10770 1619 199 1467 489 328 288 3453 6062 2144 9139 394 313 426 2207
internal_value=0.000693686 0.0040871 -0.00558324 -0.0171528 0.00334728 0.00174043 0.00726757 0.0221753 -0.00351207 -0.0061294 -0.000423691 0.000285488 -0.01975 0.00486034 -0.00117047 0.0100435 -0.0113151 0.022615 -0.00487812 0.000894081 0.00184908 0.00917396 0.00360393 0.00496589 0.0102881 -0.00806897 -0.0112416 0.00950232 0.00708102 0.00354162 0.0130553 0.0052681 -0.0330067 -0.0312967 0.0100626 -0.0234548 0.000929239 -0.0275094 0.0183547 -0.00338343 -0.0105112 0.0180442 0.00779356 0.014064 -0.000725691 0.00309113 -0.00443275 0.00438674 0.0046624 0.00371422 0.000338886 -0.00427322 -0.00707534 -0.00435364 -0.00182116 -0.00274114 0.0063729 0.0010876 0.0209567 0.0416029 -0.00494338 -0.000331112
internal_weight=120147 77987 42160 6400 74924 53144 21780 3063 35760 16884 31378 28354 1419 21766 18876 1034 383 651 15465 26557 22521 2511 17534 13339 12027 7205 4175 11201 6664 9753 4537 1118 2974 2702 4232 1248 20010 1860 2573 3426 1026 564 1583 827 4195 9557 4036 12775 12588 10969 18427 2572 2083 1755 17842 14389 2501 15855 600 339 3973 2400
internal_count=120147 77987 42160 6400 74924 53144 21780 3063 35760 16884 31378 28354 1419 21766 18876 1034 383 651 15465 26557 22521 2511 17534 13339 12027 7205 4175 11201 6664 9753 4537 1118 2974 2702 4232 1248 20010 1860 2573 3426 1026 564 1583 827 4195 9557 4036 12775 12588 10969 18427 2572 2083 1755 17842 14389 2501 15855 600 339 3973 2400
is_linear=0
shrinkage=0.05


Tree=61
num_leaves=63
num_cat=0
split_feature=17 17 11 35 11 14 18 18 14 38 3 17 24 22 24 0 14 23 24 44 22 24 11 38 40 7 59 18 24 48 15 0 58 59 60 3 57 44 23 15 23 24 0 30 14 44 48 17 23 22 23 22 23 59 0 14 42 45 22 40 60 44
split_gain=949.395 410.98 397.042 316.803 195.262 96.2621 86.9461 118.248 394.777 80.1122 64.4319 63.8304 62.0786 64.7385 53.4344 117.755 105.392 85.2936 50.3897 45.0691 44.4969 43.7959 42.8338 42.3567 40.3177 49.7053 54.3919 40.3171 39.3965 37.6404 33.9039 31.2524 32.0187 40.8002 35.2342 38.0427 33.7416 34.0249 30.348 42.2252 29.6749 30.058 29.5258 29.4989 29.494 28.6211 28.2089 27.6871 27.1917 33.0468 44.4708 34.2236 26.4353 28.4849 33.7179 25.8688 25.7416 25.669 25.6615 25.3576 25.0053 24.7187
threshold=4.5000000000000009 1.5000000000000002 25.500000000000004 2.5000000000000004 8.5000000000000018 1.6833333333333336 -4.3156670400473525e-16 -4.5548246203200423e-16 2.5916666666666672 14.125000000000002 -0.99635443704902682 85.500000000000014 0.023029192097918452 3.7017589388696659 0.076648782300351923 33.500000000000007 2.2613636363636371 1.6648030799354154 0.054791208405302806 19.450000000000003 6.3303279645191415 0.24472127089928133 2.5000000000000004 1.1250000000000002 -0.78922832940296994 1.5000000000000002 8.1285714285714317 2.5000000000000013 0.055398083062748606 29.050000000000004 0.49999999999999989 50.500000000000007 1.5000000000000002 20.592857142857145 15.700000000000001 -0.88545602565320969 -1.9324981046247152 11.750000000000002 2.2151369335798896 0.499999999999999 0.95017100590034098 0.010259027520836652 40.500000000000007 3.6668479795877587 1.0000000180025095e-35 17.100000000000005 30.350000000000005 15.500000000000002 3.6154505583779444 1.4240518575851395 1.5451920405208079 0.34221813725490197 2.6662197764528348 0.6714285714285716 17.500000000000004 15.174242424242426 22.350000000000005 29.900000000000002 3.3582084276018107 0.76076745677484914 25.950000000000006 14.15
decision_type=2 2 2 2 2 8 2 2 8 2 2 2 2 2 2 2 8 2 2 2 2 2 2 2 2 2 2 2 2 2 2 2 2 2 2 2 2 2 2 2 2 2 2 2 10 2 2 2 2 2 2 2 2 2 2 8 2 2 2 2 2 2
left_child=1 3 4 5 9 23 7 22 -9 10 57 -4 20 18 -8 17 30 -16 52 27 -12 28 24 40 25 -3 -27 31 45 47 -17 32 33 34 55 56 46 -38 -20 -40 -1 -42 -41 58 48 -15 -34 -21 49 50 51 -5 -14 -54 -55 59 -36 -2 -37 -6 -30 -46
right_child=2 6 11 44 19 -7 14 8 -10 -11 12 -13 13 21 15 16 -18 -19 38 29 -22 -23 -24 -25 -26 26 -28 -29 60 -31 -32 -33 36 -35 35 43 37 -39 39 42 41 -43 -44 -45 61 -47 -48 -49 -50 -51 -52 -53 53 54 -56 -57 -58 -59 -60 -61 -62 -63
leaf_value=-0.005309591293635247 -0.0018851237656565879 -0.0016777935996074634 0.0083194789103918868 0.00051364318497917341 0.00088477919768454878 -0.0037105832377091752 -0.00019326508238795006 0.00036724162317289813 -0.00036577131960396914 0.010234144095777886 -0.0015801832698537301 0.028044335773321882 -0.0022601823216537808 0.00058179902722796937 -0.00070276919951776104 1.8783955368373296e-05 -0.00014583566455696474 0.00062634909948187109 -0.00059089262502600164 0.0046554502459306372 0.00053243844277652832 -0.0020632555570168965 -1.3902253873798731e-05 -0.0048988900474777053 -0.0022043898723747126 0.004448962548752944 -0.0018065891678906766 0.0056596035601994337 0.0034922783771118571 -0.0010746255940200845 0.0010693564294661506 -0.0040578624978217627 0.0015449616067266581 0.0052917799800233705 -0.0074797606633600581 -0.0052691143611996449 0.0019675975603172802 0.004811259653798184 -0.00087504935216300983 0.002325237908240818 -0.0023895770397288629 -0.004609255897854647 0.00020611330435021946 0.0023154542444065564 -0.0058816095364618631 0.0031614217739832084 -0.0044409567950752906 0.00911371803646417 0.0048372597525054408 -0.008077887541109819 0.015387278778464865 -0.011956634688110791 -0.0025000928144464419 0.00257158940274983 -0.00033466363606881049 0.0029912381324877836 -0.00095812296972894737 0.005806330886177569 0.00074000751807830063 0.0027582438230031817 -0.0014512063049182844 4.0996976561380466e-05
leaf_weight=221 158 4752 1512 199 5325 567 17842 392 1027 532 5397 374 1555 16731 194 280 214 241 2018 583 2985 42 4533 402 5071 675 434 2138 2597 122 105 281 439 135 190 266 948 1433 288 5034 864 1684 2607 1141 1032 1663 218 271 384 233 148 68 1690 1651 8013 2658 893 927 1521 3432 219 598
leaf_count=221 158 4752 1512 199 5325 567 17842 392 1027 532 5397 374 1555 16731 194 280 214 241 2018 583 2985 42 4533 402 5071 675 434 2138 2597 122 105 281 439 135 190 266 948 1433 288 5034 864 1684 2607 1141 1032 1663 218 271 384 233 148 68 1690 1651 8013 2658 893 927 1521 3432 219 598
internal_value=0.00062294 -0.00542195 0.00389092 -0.0170903 0.00332902 -0.0264763 -0.0033331 -0.00593989 -0.01975 0.00171407 0.00152204 0.0265474 0.0012725 0.00202215 -0.00100095 0.0100435 0.0244083 -0.00973624 0.000174782 0.00730143 -0.00267148 0.00400861 -0.00467121 -0.0298692 -0.00636559 -0.00353889 0.00598649 0.00681265 0.00411084 0.0178045 0.040013 0.00607463 0.006325 0.00540708 0.00516594 0.00113285 0.0110217 0.0137888 0.00284932 0.00424275 -0.032074 -0.0305198 0.00495224 0.00409525 -0.00390349 0.00326692 0.000980243 0.0215146 0.00270571 -0.00353621 0.00491587 -0.00725746 -0.00188575 -0.00104756 0 0.00658243 -0.00686808 0.0135773 8.10962e-05 0.0052689 0.00961839 -0.00809013
internal_weight=120147 42160 77987 6400 76101 3738 35760 16884 1419 54107 53575 1886 52490 44108 18876 1034 599 435 22856 21994 8382 21252 15465 3171 10932 5861 1109 21018 21210 976 385 18880 18599 15561 15426 4011 3038 2381 9947 7929 2769 2548 7641 2928 2662 18394 657 854 1032 648 415 267 12909 11354 9664 11415 1083 1085 1787 8757 2816 1630
internal_count=120147 42160 77987 6400 76101 3738 35760 16884 1419 54107 53575 1886 52490 44108 18876 1034 599 435 22856 21994 8382 21252 15465 3171 10932 5861 1109 21018 21210 976 385 18880 18599 15561 15426 4011 3038 2381 9947 7929 2769 2548 7641 2928 2662 18394 657 854 1032 648 415 267 12909 11354 9664 11415 1083 1085 1787 8757 2816 1630
is_linear=0
shrinkage=0.05


Tree=62
num_leaves=63
num_cat=0
split_feature=17 17 13 17 16 24 22 23 20 18 18 14 20 40 24 0 14 23 16 44 23 20 0 57 40 20 37 18 17 44 18 3 23 25 20 40 7 57 20 45 24 3 60 59 0 39 24 24 45 16 24 23 20 22 24 27 0 59 38 23 22 50
split_gain=886.805 420.491 362.927 357.029 136.345 125.247 96.2127 93.0955 81.7627 80.0105 122.549 389.619 60.909 57.9891 52.0473 113.907 102.91 83.3371 49.1195 46.4522 44.1473 43.2732 37.9663 37.7738 37.1349 36.5691 36.4996 35.6818 35.4207 34.1549 42.3611 34.0181 33.8268 32.4487 32.1899 33.4119 30.739 29.4197 28.6568 28.5537 27.5748 27.4668 29.1076 27.3981 32.4778 29.2464 26.4492 25.8543 25.7421 25.4533 23.8413 23.7898 23.9014 31.4348 23.4129 23.3556 23.2043 22.8871 22.531 22.131 27.1172 28.5134
threshold=4.5000000000000009 1.5000000000000002 0.37500000000000006 19.500000000000004 61.250000000000007 0.042110981176505309 4.9903393665158378 3.5227190751902699 0.50000000000000011 -4.3156670400473525e-16 -4.5548246203200423e-16 2.5916666666666672 0.24999999999999986 0.86602540378443593 0.076648782300351923 33.500000000000007 2.2613636363636371 1.6648030799354154 2.2500000000000004 18.150000000000002 7.1150422443429768 0.062499999999999958 4.5000000000000009 -3.3700076846508114 0.36927447293799837 0.055555555555555559 0.93750000000000011 1.3999999999999997 2.5000000000000004 17.100000000000005 -1.7000000000000015 -0.99635443704902682 2.6662197764528348 5.6242331101560987 0.2687500000000001 0.54772255750516641 1.5000000000000002 3.6313327647207481 0.12499999999999988 58.750000000000007 0.021195123106423602 -0.88545602565320969 5.1500000000000012 -0.32142857142857134 17.500000000000004 0.047971254262073194 0.079200233687965069 0.016818076617037155 58.750000000000007 1.2500000000000002 0.010259027520836652 3.0912412957499815 0.038537522104332457 4.4686041083099921 0.067852899005345815 4.5258270612748239 31.500000000000004 14.885714285714288 1.4166666666666667 2.6662197764528348 1.4240518575851395 72.081938888888899
decision_type=2 2 2 2 2 2 2 2 2 2 2 10 2 2 2 2 8 2 2 2 2 2 2 2 2 2 2 2 2 2 2 2 2 2 2 2 2 2 2 2 2 2 2 2 2 2 2 2 2 2 2 2 2 2 2 2 2 2 2 2 2 2
left_child=1 2 12 5 19 6 29 31 26 10 18 -12 50 22 57 17 24 56 28 20 33 -13 -9 -8 -17 -15 -4 37 49 30 -2 -7 -33 -5 35 -30 -31 40 -28 -24 -25 42 -22 -34 45 -45 -27 55 -42 -3 -1 -49 53 -53 -43 -32 -16 -11 -14 60 61 -52
right_child=3 9 8 4 -6 7 23 13 -10 14 11 21 58 25 15 16 -18 -19 -20 -21 41 -23 39 27 -26 46 38 -29 34 36 47 32 43 -35 -36 -37 -38 -39 -40 -41 48 54 -44 44 -46 -47 -48 51 -50 -51 59 52 -54 -55 -56 -57 -58 -59 -60 -61 -62 -63
leaf_value=-0.0068296038373265814 -0.0065671332461486043 -0.011270966167235365 -0.0038160899661268954 0.00086914793331851483 0.01926599767097157 0.0056623007216261012 -0.00084654830707633357 0.0053216889150625064 -0.0039168508744968078 -0.00029139847875077064 0.00034887954201425766 -0.0003474827536237735 -0.0057768738255828019 0.0048321658221545105 -0.00066763073954186904 1.7844757599949636e-05 -0.00013854388132911733 0.00059503164450778199 -0.00013753555213135704 0.0095553707836488321 0.012989125262058698 -0.00029423776009399608 0.0013233477100340341 6.9519679553364802e-05 0.00068950205382894427 0.0026245690554136838 -0.0042185189884827333 0.0044298460832717266 -0.0022214618398134658 0.00084480778790334006 -0.0050462432900273309 -0.00042899406001239981 -0.0012568422332445595 0.0039227982444592245 -0.0015067493374961772 0.0095920653579369686 0.008231888607336901 -0.0010722567579151854 -0.0027671999667031378 0.0065422677589520029 0.0014179881409353392 0.0046319511664067335 -0.00059757846972527959 -0.0048919877119398053 0.00074281484398130981 0.0036544740744739791 0.0053313987901528973 -0.0021245407053591902 0.0057345519966624185 0.0001721476622671192 0.0020389940409751453 0.0023056337288434037 -0.000324312583936659 -0.00038278578114240295 0.0081321381341354585 0.003570731501723168 4.2419763931833558e-05 7.9352507781160769e-05 -0.0053123279298110844 0.0036071702253897553 -0.0123009598923291 -0.017985241061588376
leaf_weight=577 961 1373 2200 1442 570 335 1787 635 514 14389 418 903 361 1409 164 289 214 241 8260 313 78 98 15096 3262 96 2178 735 1518 1387 1636 1349 4739 1251 1203 2766 22 223 942 46 134 9144 981 311 38 7467 1996 562 2384 64 1657 378 1631 10569 517 1068 194 30 3453 176 1111 271 31
leaf_count=577 961 1373 2200 1442 570 335 1787 635 514 14389 418 903 361 1409 164 289 214 241 8260 313 78 98 15096 3262 96 2178 735 1518 1387 1636 1349 4739 1251 1203 2766 22 223 942 46 134 9144 981 311 38 7467 1996 562 2384 64 1657 378 1631 10569 517 1068 194 30 3453 176 1111 271 31
internal_value=0.000538877 -0.00530336 -0.0171059 0.0036973 0.0154508 0.0027234 0.000647974 0.00481836 -0.0279591 -0.00319049 -0.00569115 -0.01975 -0.00404164 0.00708444 -0.000953276 0.00994686 0.024075 -0.00950688 -0.00439965 0.0129878 0.0118303 -0.0366717 0.00570686 0.00343014 0.0394948 0.0123482 -0.0311351 0.00425256 -0.00741674 -0.00174133 -0.00242219 0.00195204 0.00161019 0.00734883 -0.0104035 -0.0165567 0.00470161 0.00342914 -0.0404668 0.00520616 0.00407305 0.0166851 0.00447436 0.00316144 0.00407756 0.00967813 0.008973 -0.00183208 0.00547236 -0.00329759 -0.000588856 -0.0012015 -0.000341642 0.00446487 0.0189976 -0.00799547 -0.0338205 -0.00158578 -0.0192286 0.00225725 -0.00483847 0.00328049
internal_weight=120147 42160 6400 77987 5966 72021 36181 35840 3495 35760 16884 1419 2905 20014 18876 1034 599 435 15465 5396 5083 1001 15865 16717 385 4149 2981 14930 7205 19464 17605 15826 15491 2645 4175 1409 1859 13412 781 15230 12470 2438 389 10752 9501 2034 2740 16644 9208 3030 2368 15101 12717 2148 2049 1543 194 17842 537 1791 680 409
internal_count=120147 42160 6400 77987 5966 72021 36181 35840 3495 35760 16884 1419 2905 20014 18876 1034 599 435 15465 5396 5083 1001 15865 16717 385 4149 2981 14930 7205 19464 17605 15826 15491 2645 4175 1409 1859 13412 781 15230 12470 2438 389 10752 9501 2034 2740 16644 9208 3030 2368 15101 12717 2148 2049 1543 194 17842 537 1791 680 409
is_linear=0
shrinkage=0.05


Tree=63
num_leaves=63
num_cat=0
split_feature=17 17 21 11 24 11 22 18 18 14 23 24 24 0 14 23 22 20 16 0 45 21 15 0 17 44 45 18 23 24 7 18 22 60 43 44 24 21 39 22 22 20 23 0 39 0 42 35 22 20 44 16 0 45 0 39 21 35 18 39 14 0
split_gain=832.068 419.402 574.342 335.408 133.642 127.288 104.574 75.1483 129.12 378.694 70.881 57.2202 51.2408 113.907 99.4835 83.3371 48.1818 48.1769 46.0529 45.0055 41.9904 40.1821 40.0289 39.6138 38.1565 35.576 35.7385 37.5454 33.3844 33.4897 31.9761 31.5919 34.1285 34.6673 49.3284 31.4848 31.0721 30.8006 30.7524 30.6277 29.9776 29.9123 29.5117 27.9295 26.727 26.3274 25.3501 28.337 24.2018 24.1068 23.9083 23.7992 23.2043 23.0559 23.852 23.0535 22.7961 21.5826 21.5147 21.3554 27.5499 62.0588
threshold=4.5000000000000009 1.5000000000000002 0.37500000000000006 16.500000000000004 0.059016137326762912 51.500000000000007 3.5389689966895852 -4.3156670400473525e-16 -4.5548246203200423e-16 2.5916666666666672 3.5227190751902699 0.022671776197682753 0.076648782300351923 33.500000000000007 2.2613636363636371 1.6648030799354154 6.616475925047439 0.062499999999999958 2.2500000000000004 3.5000000000000004 6.3000000000000016 0.87500000000000011 0.49999999999999989 3.5000000000000004 2.5000000000000004 17.100000000000005 58.750000000000007 0.19999999999999968 0.98480981878222595 0.010259027520836652 1.5000000000000002 1.7000000000000002 9.5926299283154144 13.350000000000003 -1.8999999999999997 18.050000000000004 0.036449736443030456 0.62500000000000011 1.1547005383792539 2.6022875816993465 8.8489304812834231 0.025031328320801956 2.5909378338859352 45.500000000000007 0.76594168620507064 5.5000000000000009 27.250000000000004 1.0000000180025095e-35 6.3303279645191415 0.24999999999999997 13.65 79.750000000000014 31.500000000000004 28.600000000000005 30.500000000000004 0.16650906221849371 1.0000000180025095e-35 1.0000000180025095e-35 1.0999999999999992 0.66126571278499646 2.5916666666666672 25.500000000000004
decision_type=2 2 2 2 2 2 2 2 2 8 2 2 2 2 8 2 2 2 2 2 2 2 2 2 2 2 2 2 2 2 2 2 2 2 2 2 2 2 2 2 2 2 2 2 2 2 2 2 2 2 2 2 2 2 2 2 2 2 2 2 10 2
left_child=1 2 38 4 6 35 36 8 18 -10 53 20 59 15 22 52 25 -11 21 -12 -8 24 -15 -18 44 26 27 -13 -4 -30 46 32 33 34 40 45 -2 -26 50 -31 -21 -29 -38 -43 -3 -5 -27 -48 -22 -40 -1 -7 -14 58 -55 -25 -51 -20 -6 60 61 -9
right_child=3 7 28 5 10 51 11 12 9 17 19 16 13 14 -16 -17 23 -19 57 31 48 -23 -24 55 37 30 -28 41 29 39 -32 -33 -34 -35 -36 -37 42 -39 49 -41 -42 43 -44 -45 -46 -47 47 -49 -50 56 -52 -53 -54 54 -56 -57 -58 -59 -60 -61 -62 -63
leaf_value=-0.0022023739187161553 -0.0020168873171136025 0.00055517129212458995 -0.0050292715809441418 0.0093282453242132021 0.00032315097125583674 0.0098572341432133781 -0.0015046500903387106 -0.00038350529894147782 0.00033143556491354036 -0.00033010861594258146 0.0088917694268445535 7.5016207035011329e-05 -0.00063424920256477391 1.6952519719948267e-05 -0.00013161668726266451 0.00056528006228239174 0.011511430560227964 -0.00012791484568600576 -4.8247186811112289e-05 0.0012285710553505691 -0.00043590329793757876 -0.0033545487953449251 0.00098141350530139837 0.00045884842359691371 -0.0015008687394833299 0.0015775020633277516 0.0061752987471811521 0.0029896643427952843 -0.0020626413895532161 -0.0053973401322217956 0.0080343517029185189 0.0061862491236722942 0.014787841612579712 0.00063972665727971565 0.0030673863565632287 0.0078730851721734441 -0.0019769079650118317 -0.0018093909205382009 -0.0053186256348056182 -0.0027696647151493337 -0.00065872351174759433 0.0014450604701261582 0.00014412712198118573 -0.00097431632922527771 -0.010201860512503809 0.0031094943730558215 0.006662730737230527 -0.012930699944913261 0.0016110927992159518 -0.0057439679430097094 0.0030701503277482112 0.027828386187095669 4.0298775735236883e-05 0.0062998947439999176 0.00088617536730919435 0.0031124539290970921 -0.0049765734707962368 -0.0030969008401057485 0.0031239003516671752 -0.00077541780754034062 -0.00023517375046329115 0.00012309284948269772
leaf_weight=1466 4629 1667 272 292 7438 452 3199 2319 392 924 357 14176 164 280 214 241 175 103 7484 2101 2411 597 105 1578 3290 1699 244 1794 842 957 248 963 172 2527 4407 306 1491 574 567 903 64 6482 7371 1270 1077 4158 277 32 2162 169 1001 283 30 298 447 3071 223 776 1413 7298 4059 4166
leaf_count=1466 4629 1667 272 292 7438 452 3199 2319 392 924 357 14176 164 280 214 241 175 103 7484 2101 2411 597 105 1578 3290 1699 244 1794 842 957 248 963 172 2527 4407 306 1491 574 567 903 64 6482 7371 1270 1077 4158 277 32 2162 169 1001 283 30 298 447 3071 223 776 1413 7298 4059 4166
internal_value=0.000512243 -0.00514682 -0.0169341 0.00357164 0.00266901 0.0154853 0.00133521 -0.00303669 -0.00546017 -0.0198908 0.00612468 0.00265321 -0.000868517 0.00994686 0.024075 -0.00950688 0.00361371 -0.0358414 -0.00413455 0.00894496 -0.00118294 -0.00705593 0.0392358 0.00820622 -0.00593055 0.00276837 0.00220282 0.00200628 -0.0330067 -0.0312967 0.00877049 0.00833366 0.00743583 0.00701593 0.00892971 0.0124858 -0.00245664 -0.00913195 -0.00297491 -0.0275094 0.00274469 0.00443019 -0.000721539 0.00308203 -0.00141894 0.011412 0.0066675 0.0198226 0.00189003 -0.0105677 -1.82334e-05 0.0348437 -0.0338205 0.00301084 0.0114544 0.00732151 -0.0200891 -0.00158516 0.00229835 -0.0014961 -5.64248e-05 0.001965
internal_weight=120147 42160 6400 77987 72496 5491 52309 35760 16884 1419 20187 38818 18876 1034 599 435 31046 1027 15465 10591 7772 7205 385 4824 6608 26222 23966 23722 2974 2702 2256 10234 9271 9099 6572 4756 13491 3864 3426 1860 2165 9546 8862 7752 2744 4450 2008 309 4573 959 2467 735 194 9596 745 4649 392 8260 8851 17842 10544 6485
internal_count=120147 42160 6400 77987 72496 5491 52309 35760 16884 1419 20187 38818 18876 1034 599 435 31046 1027 15465 10591 7772 7205 385 4824 6608 26222 23966 23722 2974 2702 2256 10234 9271 9099 6572 4756 13491 3864 3426 1860 2165 9546 8862 7752 2744 4450 2008 309 4573 959 2467 735 194 9596 745 4649 392 8260 8851 17842 10544 6485
is_linear=0
shrinkage=0.05


Tree=64
num_leaves=63
num_cat=0
split_feature=11 13 21 11 15 11 0 14 21 14 15 39 0 14 13 40 13 24 24 13 59 59 3 0 59 43 0 2 60 20 40 3 7 12 23 24 11 40 0 22 20 2 21 42 24 22 24 21 40 12 40 24 40 40 7 39 13 24 22 57 25 48
split_gain=780.287 322.066 579.29 309.962 173.043 124.27 94.2853 73.6442 73.2425 272.738 283.791 180.358 133.557 108.022 92.8972 82.2326 62.0279 70.1295 57.6435 53.8953 50.3675 48.0184 52.4234 42.3154 41.4895 39.3153 38.555 36.8686 46.2616 36.4362 34.8679 44.7346 43.0584 33.4849 33.2964 33.3116 32.441 32.1609 31.2358 31.1714 30.1286 29.8603 34.0363 29.3224 29.2077 28.9061 33.725 28.8068 28.4924 37.1125 28.2584 28.2338 41.2607 27.0629 28.7092 28.1333 51.6393 27.0319 27.9513 33.6928 26.5404 26.5119
threshold=3.5000000000000004 1.1250000000000002 0.37500000000000006 24.500000000000004 0.57735026918962806 8.5000000000000018 3.5000000000000004 57.916666666666679 0.62500000000000011 2.5916666666666672 0.49999999999999989 0.21883578073248572 31.500000000000004 2.1547619047619051 2.6250000000000004 0.49999999999999856 2.6250000000000004 0.016818076617037155 0.080933273622928764 10.625000000000002 0.4071428571428572 14.885714285714288 -0.88545602565320969 27.500000000000004 17.30714285714286 -7.4999999999999991 29.500000000000004 0.8542199457734333 1.0000000180025095e-35 0.069051781551781502 0.13206763594884394 -0.95297903005573337 1.5000000000000002 2.5000000000000004 0.98480981878222595 0.010259027520836652 2.5000000000000004 -0.080410681105634138 27.500000000000004 2.6022875816993465 0.017857142857142853 0.99635443704902704 0.87500000000000011 20.050000000000004 0.011554452005992951 3.2012014180672277 0.24472127089928133 1.0000000180025095e-35 -1.4995947041044204 2.5000000000000004 -1.0000000180025095e-35 0.033516847313741611 0.86220187339426613 -0.99339926779878307 1.5000000000000002 0.22222222222222213 3.1250000000000004 0.021644845107907054 5.2291666666666679 -3.270511141024516 5.2421599408994384 29.150000000000002
decision_type=2 2 2 2 2 2 2 8 2 10 2 2 2 8 2 2 2 2 2 2 2 2 2 2 2 2 2 2 2 2 2 2 2 2 2 2 2 2 2 2 2 2 2 2 2 2 2 2 2 2 2 2 2 2 2 2 2 2 2 2 2 2
left_child=1 2 44 5 34 19 33 -5 20 11 -11 12 16 18 -15 48 17 -10 50 21 -8 22 -2 37 40 -19 -17 36 -29 30 31 38 -32 -3 -4 -36 60 -23 -7 -37 -25 45 -43 -34 -1 61 51 -30 -13 -50 -14 -47 -53 54 -12 56 -55 -31 -59 -60 -22 -24
right_child=3 6 4 7 -6 29 8 -9 9 10 53 15 13 14 -16 26 -18 25 -20 -21 27 23 41 24 -26 -27 -28 28 47 57 32 -33 43 -35 35 39 -38 -39 -40 -41 -42 42 -44 -45 -46 46 -48 -49 49 -51 -52 52 -54 55 -56 -57 -58 58 59 -61 -62 -63
leaf_value=-0.004835687242946596 -0.0018829549751523179 0.001342190483788941 -0.0047778080018969354 0.0065612701539985666 -0.001790913699529606 0.006804425274846238 -0.0021182639849123496 0.016312733732596653 6.9230239917972289e-05 -0.00032603644793262055 -0.0029226711139253127 0.00013578171454753374 -0.0033657002445409813 -0.00070706744903901173 0.00031486378666786277 -0.00065514048618087184 0.00036217423748355907 0.00024512635620178581 1.6104893733948079e-05 0.0057000289083986248 -0.00097382965488785342 0.0054594338531745341 -3.0019510895495927e-05 0.00028262389332602835 0.00086188436790997087 -0.00073427678931575757 0.00018569167106845532 0.010926221808277237 0.0064151520924082663 -0.0025456361644890626 0.0030756839725732733 0.00042023830693165292 0.0017876838441696298 0.006207059829472384 -0.0019595093200755532 -0.0051296618712031979 0.00028230543382981035 0.001018080520617909 -0.0061853959550164928 -0.0026311814793918645 -0.00092650134198615786 0.0050836186584022449 -0.0014031138633046948 -0.0020093688313518768 -9.344745845906722e-05 3.5614193503047402e-05 -0.0016148074420227034 -1.2344338729453065e-05 -0.0025894695452882647 -0.0014056097685546721 0.00030280645924357641 0.00041780295250740118 0.0027699972426920684 -0.00058169118491845366 0.0026088215273092578 -0.0021063581511468754 -0.00076854329108894115 0.0010642829857352432 -0.00045057065141553834 0.0028225248566240203 0.0015582446429042386 -0.0017519867457157724
leaf_weight=1427 2123 809 272 1359 1268 352 3469 677 143 1252 1357 461 39 173 402 1169 432 41 281 877 9926 822 8062 795 4721 313 1579 262 668 459 4816 2905 671 660 842 956 6381 1436 60 902 2860 666 113 268 4548 11896 36 1877 1368 1079 681 9122 2129 239 360 1776 256 6574 688 5051 1412 1529
leaf_count=1427 2123 809 272 1359 1268 352 3469 677 143 1252 1357 461 39 173 402 1169 432 41 281 877 9926 822 8062 795 4721 313 1579 262 668 459 4816 2905 671 660 842 956 6381 1436 60 902 2860 666 113 268 4548 11896 36 1877 1368 1079 681 9122 2129 239 360 1776 256 6574 688 5051 1412 1529
internal_value=0.00044982 -0.00439875 -0.0122988 0.0037984 -0.0264313 0.00323104 -0.00232195 0.0230216 -0.00281025 -0.00577115 -0.0146718 -5.4521e-05 0.0111113 0.0199715 0.00268229 -0.00500177 -0.00391935 -0.0159538 0.0298852 0.00178742 -0.00115623 0.0015546 0.000675365 0.00450353 0.00286439 -0.0278732 0.00119862 -0.000214108 0.00510862 0.00634905 0.00877273 0.00468505 0.0111267 0.0100986 -0.0330289 -0.0313199 -0.00105784 0.0105777 0.0200847 -0.027539 -0.00113375 0.00115769 0.0108269 0.00132447 -0.00226657 0.000927384 0.00188255 0.00304203 -0.0108611 -0.0130086 0.0223232 0.00195892 0.00375444 -0.00814615 -0.00340221 -0.0117276 -0.0222681 0.00462656 0.00507106 0.00762108 -0.00266293 -0.00138084
internal_weight=120147 49080 10215 71067 4240 69031 38865 2036 37396 13401 5240 8161 2505 1576 575 5656 929 497 1001 47187 23995 46310 35676 10634 8376 354 2748 20526 2807 21844 9072 3317 5755 1469 2972 2700 17719 2258 412 1858 3655 33553 779 939 5975 32774 23183 2545 2908 2447 720 23147 11251 3988 1717 2271 495 12772 12313 5739 11338 9591
internal_count=120147 49080 10215 71067 4240 69031 38865 2036 37396 13401 5240 8161 2505 1576 575 5656 929 497 1001 47187 23995 46310 35676 10634 8376 354 2748 20526 2807 21844 9072 3317 5755 1469 2972 2700 17719 2258 412 1858 3655 33553 779 939 5975 32774 23183 2545 2908 2447 720 23147 11251 3988 1717 2271 495 12772 12313 5739 11338 9591
is_linear=0
shrinkage=0.05


Tree=65
num_leaves=63
num_cat=0
split_feature=17 11 16 17 17 20 18 18 38 20 11 20 27 24 1 18 23 47 60 48 42 37 57 22 40 16 38 20 17 23 1 12 3 20 44 20 48 48 60 48 48 2 40 16 60 51 2 42 2 25 50 24 49 11 38 59 60 49 12 23 24 12
split_gain=803.344 444.87 376.821 205.825 160.775 83.2457 79.4104 135.838 72.3152 64.8373 63.1013 58.6843 54.5256 53.7905 99.3625 102.517 89.2974 43.56 41.0727 58.005 60.2091 36.4996 35.2639 35.2162 34.0996 32.3204 31.9773 30.7583 30.4882 29.4569 29.1561 29.0979 28.66 28.6568 28.5439 28.2226 28.0686 26.6134 25.7419 34.4523 28.7617 25.5982 25.0548 24.7239 24.6531 30.645 24.2591 23.9013 23.413 23.2755 22.7206 22.6877 25.7504 25.6475 22.531 22.3264 23.8229 23.0849 22.2877 22.0627 22.5532 21.9274
threshold=1.5000000000000002 8.5000000000000018 1.0000000180025095e-35 68.500000000000014 4.5000000000000009 0.50000000000000011 -4.3156670400473525e-16 -4.5548246203200423e-16 14.29166666666667 0.24999999999999986 16.500000000000004 0.062499999999999958 3.3207720474597116 0.076648782300351923 7.5000000000000009 -3.1941319745786759e-16 1.6648030799354154 8.6100000000000012 14.050000000000002 29.250000000000004 13.500000000000002 0.93750000000000011 -2.5320530524567677 3.5389689966895852 0.78922832940297061 2.2500000000000004 1.8750000000000002 0.049075102529049862 2.5000000000000004 3.2569001944681593 10.500000000000002 3.5000000000000004 -0.23931566428755757 0.12499999999999988 19.450000000000003 0.24999999999999997 33.300000000000004 27.350000000000005 15.050000000000002 29.800000000000001 30.350000000000005 0.35460488704253573 0.54772255750516641 27.250000000000004 3.5500000000000003 1.0000000180025095e-35 -0.35460488704253573 25.250000000000004 0.99635443704902704 1.5086916669346799 14.912619444444445 0.023029192097918452 52.000000000000007 1.0000000180025095e-35 1.4166666666666667 0.3714285714285715 13.850000000000003 36.900000000000013 75.500000000000014 6.3912413771883783 0.0058710403221239509 1.5000000000000002
decision_type=2 2 2 2 2 2 2 2 2 2 2 2 2 2 2 2 2 2 2 2 2 2 2 2 2 2 2 2 2 2 2 2 2 2 2 2 2 2 2 2 2 2 2 2 2 2 2 2 2 2 2 2 2 2 2 2 2 2 2 2 2 2
left_child=2 4 9 10 6 21 7 25 12 59 24 41 17 46 16 26 -15 23 19 20 32 -4 -12 -6 34 28 -16 -26 61 -21 31 -19 -14 -23 55 42 -20 44 40 43 -24 49 -30 -40 -22 -46 -8 -36 50 -9 -34 52 53 -25 -11 56 -3 -57 -5 60 -1 -2
right_child=1 3 5 58 8 -7 13 11 -10 54 22 -13 18 14 15 -17 -18 30 36 29 37 33 38 51 27 -27 -28 -29 35 -31 -32 -33 48 -35 47 -37 -38 -39 39 -41 -42 -43 -44 -45 45 -47 -48 -49 -50 -51 -52 -53 -54 -55 -56 57 -58 -59 -60 -61 -62 -63
leaf_value=-0.01016387819852585 -0.0028508916298978894 -0.0012327876142804617 -0.0033552431580934853 0.0099463744545054134 -0.00071304144574670938 -0.0034509660210449047 2.5245200111878585e-05 0.00026893284284280617 0.0095368365773164654 -0.0052205863707793735 0.00042001371380795405 0.0004422000656850722 -0.0096657563985459438 -0.00056582290297074733 -0.0017762597446842167 0.00013601140477783601 0.0007227891670698928 0.0025300923646173648 -0.00036086232344694218 -0.0017560575956356963 0.0046225718815351867 -0.0037375507293315349 0.0051195907474401066 -0.010588278609284296 0.0037962106851836767 -0.00011632173405942692 1.5299649047251231e-05 0.0019715263917999826 -0.0018694221676440359 0.00084992659298980264 -0.0023134779186732568 0.008411924198368826 0.0020355255531290584 -0.0026027037723594854 0.0020452659838530395 -0.0013361674149621194 0.0030383618987002816 0.0041853772004975974 -0.00058393628054681512 0.0064391368150333418 0.0019399943580433511 -6.6464862467630062e-05 0.0091549958781530945 0.0058379624165352034 -0.0067244385517580612 0.0018907049560432988 -0.00037668333740711326 0.0086022189847443815 0.0095090623828519849 -0.00029711535121745847 -1.8226708710827879e-05 0.0004126577429670597 0.00038115914758540814 -0.0010624428966390543 -0.0046746544922455753 -0.0019470792486253052 0.0038229001737042803 0.0011311796310324641 0.024590591132258678 0.012141603382470263 0.00043762765502349812 0.00068241305133327497
leaf_weight=293 2053 1310 2200 330 9575 514 9150 71 500 361 750 171 157 164 21 341 219 349 5854 1247 1489 735 2445 157 2226 8260 289 4466 1042 2166 153 287 1269 46 211 3113 589 2488 692 237 557 188 20 155 144 4058 8692 227 93 989 3796 14335 2811 2590 176 486 227 9235 326 66 2009 977
leaf_count=293 2053 1310 2200 330 9575 514 9150 71 500 361 750 171 157 164 21 341 219 349 5854 1247 1489 735 2445 157 2226 8260 289 4466 1042 2166 153 287 1269 46 211 3113 589 2488 692 237 557 188 20 155 144 4058 8692 227 93 989 3796 14335 2811 2590 176 486 227 9235 326 66 2009 977
internal_value=0.00036326 0.00133317 -0.0168716 0.00739898 -0.000278687 -0.0279305 -0.00288009 -0.00537134 0.00144054 -0.00355988 0.00661765 -0.0201725 0.00126371 -0.000651322 0.01043 0.0223083 -0.0097526 -0.000136989 0.00307888 0.00437337 0.00584624 -0.0311351 0.0117004 -0.000447759 0.00528006 -0.0040117 0.0430707 0.00812715 -0.0064592 -0.00144845 0.0114494 0.0161617 0.00170147 -0.0404668 0.00365008 -0.00923012 -0.000317349 0.00853851 0.0135295 0.00690783 0.0159158 -0.0239351 -0.01627 0.00217571 0.00664881 0.00468594 -0.00129435 0.0161617 0.00234445 -0.026951 0.00188413 0.000751232 -0.00195988 -0.00540211 -0.0192286 0.00316147 -0.00243498 0.00404701 0.035 0 -0.00082284 -0.00263774
internal_weight=120147 113747 6400 23880 89867 3495 35760 16884 54107 2905 23224 1419 53607 18876 1034 651 383 30257 23350 16907 13494 2981 4836 29468 18388 15465 310 6692 7205 3413 789 636 5315 781 11696 4175 6443 8179 4086 1084 3002 1248 1062 847 5691 4202 17842 438 5158 1060 5065 19893 5558 2747 537 11258 1537 9721 656 2368 2302 3030
internal_count=120147 113747 6400 23880 89867 3495 35760 16884 54107 2905 23224 1419 53607 18876 1034 651 383 30257 23350 16907 13494 2981 4836 29468 18388 15465 310 6692 7205 3413 789 636 5315 781 11696 4175 6443 8179 4086 1084 3002 1248 1062 847 5691 4202 17842 438 5158 1060 5065 19893 5558 2747 537 11258 1537 9721 656 2368 2302 3030
is_linear=0
shrinkage=0.05


Tree=66
num_leaves=63
num_cat=0
split_feature=17 21 13 17 17 18 18 14 14 40 24 0 20 23 0 59 21 3 18 38 20 24 21 27 27 46 22 20 45 39 23 24 23 20 38 22 16 21 17 14 45 42 42 60 42 57 12 39 14 60 0 42 60 12 32 43 25 22 18 14 23 13
split_gain=797.339 578.648 397.098 200.048 145.391 68.7491 141.011 369.102 63.3998 55.6626 52.6529 107.766 97.8969 75.7382 50.0254 48.8136 47.3378 47.3661 44.9782 43.1406 42.9998 41.2092 38.6412 38.2791 43.1105 51.7451 37.3573 37.6987 37.3339 36.4854 33.5213 33.7934 31.5808 31.1957 37.7895 31.163 30.8808 38.2018 30.892 30.8208 28.5024 27.4828 52.1216 27.3261 32.8739 31.6536 26.8754 26.6353 26.5368 27.0273 26.1508 32.6072 25.7944 25.4726 25.3937 24.5035 24.4981 23.8287 33.2683 27.5999 23.1954 23.1822
threshold=1.5000000000000002 0.37500000000000006 8.1250000000000018 68.500000000000014 4.5000000000000009 -4.3156670400473525e-16 -4.5548246203200423e-16 2.5916666666666672 16.354166666666668 0.86602540378444648 0.076648782300351923 33.500000000000007 0.060897435897435855 1.6648030799354154 3.5000000000000004 0.84285714285714308 1.0000000180025095e-35 -0.99635443704902682 -3.1941319745786759e-16 1.0000000180025095e-35 0.062499999999999958 0.061484176115445453 0.87500000000000011 3.3207720474597116 4.135800531038627 20.800000000000004 2.0259803921568635 0.07738095238095237 22.000000000000004 0.68226331772564508 0.98480981878222595 0.010259027520836652 6.4539142941725656 0.24999999999999986 1.1250000000000002 2.6022875816993465 2.2500000000000004 0.87500000000000011 2.5000000000000004 8.7638888888888911 20.800000000000004 19.950000000000003 22.350000000000005 12.550000000000002 5.6500000000000012 -0.70413413583780604 5.5000000000000009 0.76594168620507064 4.7638888888888902 2.2500000000000004 18.500000000000004 24.750000000000004 1.0500000000000003 84.500000000000014 1.0000000180025095e-35 -2.0999999999999996 6.8083309822730058 4.8304665314401634 0.099999999999999353 2.041666666666667 3.7124692240326786 0.37500000000000006
decision_type=2 2 2 2 2 2 2 10 8 2 2 2 2 2 2 2 2 2 2 2 2 2 2 2 2 2 2 2 2 2 2 2 2 2 2 2 2 2 2 10 2 2 2 2 2 2 2 2 8 2 2 2 2 2 2 2 2 2 2 8 2 2
left_child=1 33 4 8 5 6 36 -8 23 14 57 13 19 -12 -6 -16 50 -18 22 -13 -9 26 29 54 52 41 -11 -28 -27 43 -3 -32 56 -1 61 -33 37 38 47 46 -20 55 -43 44 -19 -46 -24 -2 49 -29 -17 -52 -25 -5 -4 -26 -10 -7 59 -59 -23 -35
right_child=2 30 3 53 9 10 7 20 32 21 11 12 -14 -15 15 16 17 18 40 -21 -22 60 39 24 25 28 27 48 -30 -31 31 35 -34 34 -36 -37 -38 -39 -40 -41 -42 42 -44 -45 45 -47 -48 -49 -50 -51 51 -53 -54 -55 -56 -57 -58 58 -60 -61 -62 -63
leaf_value=5.8447731996985613e-05 0.00055525928149158243 -0.0043687623723236285 0.00072611734090486388 0.010234746963657549 0.004327924798449667 -0.00021652654905780501 0.00031397636489534088 -0.00028244559518794123 0.0012654307053736381 -0.0068592250707907977 -0.00053753175782220717 -0.0015051964928220864 -6.6112164779852381e-05 0.00057640277047288357 -0.0010064855530854233 0.004756213438239898 0.004003911159429119 -0.0032032242023515402 0.00036168723458572809 1.4534666594889779e-05 -0.0002493411693121783 0.003007174214301972 -0.0008001722954963542 0.0062413076317547117 0.00037456693947206525 0.0073764908135679937 0.0035961913828348457 0.0027386939559506055 0.0024656279864650357 -0.0023004499603012651 -0.0016937716961671013 -0.0047032278741458711 0.0049844869271224342 -0.0049578544190824669 0.0015800298331927088 -0.0023318602475175978 -0.00011050564735645696 -0.0029880323396381248 -0.0013726000653322967 -0.0023487683633492355 0.0026823768045161735 -0.0026098574031638844 0.0014135926479271644 -0.00071750207921043039 0.0019133599609840125 5.9704017962602945e-05 -4.2518142000358421e-05 -0.009342610587856048 0.0019544369661791518 -0.0010326570501045518 0.00063875229609647874 0.0048479504786514312 0.0027667298667948706 0.024899648192161863 -0.001916947938408109 0.002065653405868595 0.0039072289826223797 0.00031269497066709344 6.6280204883645283e-05 -6.1514390043138081e-05 0.0071313471108569899 -0.0068251809602569886
leaf_weight=2400 1667 272 6059 398 1174 15497 418 903 1888 292 194 44 225 241 6323 1245 800 399 9613 330 98 1396 1370 536 1707 212 3089 670 1393 2599 842 957 2404 356 425 903 8260 597 3864 82 1585 1021 1808 4573 3224 4635 1138 1077 2402 1974 4061 875 2638 261 610 2421 636 261 1932 152 476 245
leaf_count=2400 1667 272 6059 398 1174 15497 418 903 1888 292 194 44 225 241 6323 1245 800 399 9613 330 98 1396 1370 536 1707 212 3089 670 1393 2599 842 957 2404 356 425 903 8260 597 3864 82 1585 1021 1808 4573 3224 4635 1138 1077 2402 1974 4061 875 2638 261 610 2421 636 261 1932 152 476 245
internal_value=0.000329968 -0.0168403 0.00129624 0.00701017 -0.000231127 -0.00270392 -0.00502191 -0.0201021 0.00624175 0.00140649 -0.000630132 0.0103333 0.024075 -0.00858945 0.000626931 0.000345578 0.00105373 0.000233019 -9.56569e-05 0.03972 -0.0365719 0.00471311 -0.00164225 0.00489215 0.00661114 0.0047641 0.00322081 0.00385263 0.0128549 -0.000693085 -0.0329731 -0.0312597 0.0112792 -0.002829 -0.0101217 -0.0274557 -0.00363669 -0.006029 -0.00493191 -0.00729255 0.00239262 0.00289523 -0.000899293 0.000400951 0.0021183 0.00283015 -0.00629534 -0.000872495 0.00118783 -0.00226654 0.00503801 0.00340186 0.011589 0.0341591 0.00186582 0.00549649 0.00736436 -0.00126632 0.00342924 0.0162923 0.0114229 -0.0181811
internal_weight=120147 6400 113747 23992 89755 35760 16884 1419 23333 53995 18876 1034 599 435 43696 42522 36199 30018 29218 374 1001 10299 18020 18405 11736 8562 8427 8135 1605 15430 2974 2702 4928 3426 1026 1860 15465 7205 6608 2590 11198 6957 2829 12831 8258 7859 2508 2744 5046 2644 6181 4936 3174 659 6669 4128 2524 17842 2345 413 1872 601
internal_count=120147 6400 113747 23992 89755 35760 16884 1419 23333 53995 18876 1034 599 435 43696 42522 36199 30018 29218 374 1001 10299 18020 18405 11736 8562 8427 8135 1605 15430 2974 2702 4928 3426 1026 1860 15465 7205 6608 2590 11198 6957 2829 12831 8258 7859 2508 2744 5046 2644 6181 4936 3174 659 6669 4128 2524 17842 2345 413 1872 601
is_linear=0
shrinkage=0.05


Tree=67
num_leaves=63
num_cat=0
split_feature=17 16 24 23 22 22 20 23 24 12 23 20 18 0 41 45 44 58 37 44 57 60 22 12 44 57 57 60 18 49 20 40 24 17 0 44 60 41 49 50 20 44 48 2 44 57 2 22 23 40 0 18 17 17 0 17 20 17 0 38 0 38
split_gain=793.941 377.002 369.473 228.247 197.457 94.1739 82.9895 82.2029 88.9962 82.1361 74.955 65.1222 52.1108 47.3023 41.8313 38.5391 37.7921 38.0999 36.7667 34.849 32.8799 36.7765 36.6036 32.6723 32.6376 35.0308 31.3957 30.5603 31.7056 29.4884 28.6568 28.2242 28.0631 29.9531 27.571 31.7934 25.9728 33.6075 25.4356 26.7967 25.0415 24.8855 24.812 24.6502 24.6467 27.0607 25.3933 24.5116 24.3403 24.029 44.7693 27.4944 34.1287 27.3401 35.1924 24.7641 29.1321 42.2797 36.2074 23.8833 56.2109 85.4543
threshold=1.5000000000000002 1.0000000180025095e-35 0.054791208405302806 7.1150422443429768 4.9903393665158378 8.8489304812834231 0.50000000000000011 2.6662197764528348 0.031572243086081558 75.500000000000014 3.7098818233679531 0.24999999999999986 0.94999999999999019 5.5000000000000009 3.1357142857142857 67.15000000000002 14.950000000000001 2.5000000000000004 0.93750000000000011 19.100000000000005 -2.8940214448175001 4.7500000000000009 12.427871148459387 13.500000000000002 15.65 -4.2173638639180702 3.6313327647207481 9.2500000000000018 -0.30000000000000088 44.100000000000001 0.12499999999999988 1.4702940882294107 0.021195123106423602 2.5000000000000004 16.000000000000004 15.350000000000003 9.9000000000000021 4.1428571428571441 53.800000000000004 54.740159722222224 0.098223304473304462 14.950000000000001 24.150000000000002 0.8542199457734333 13.15 -0.9493271632635869 0.98182534576205305 4.8304665314401634 8.0781816363128947 0.40575133560034465 26.500000000000004 0.49999999999999989 2.5000000000000004 2.5000000000000004 31.500000000000004 2.5000000000000004 0.022727272727272752 3.5000000000000004 30.500000000000004 2.1250000000000004 33.500000000000007 1.8750000000000002
decision_type=2 2 2 2 2 2 2 2 2 2 2 2 2 2 2 2 2 2 2 2 2 2 2 2 2 2 2 2 2 2 2 2 2 2 2 2 2 2 2 2 2 2 2 2 2 2 2 2 2 2 2 2 2 2 2 2 2 2 2 2 2 2
left_child=1 11 4 5 7 10 18 49 14 -5 59 -1 15 -12 32 20 17 27 -3 36 21 -6 26 -7 25 -16 48 29 -29 -10 -20 -27 33 -9 -25 -36 37 -15 -18 43 -14 -42 -31 -40 45 -24 -46 -26 -22 55 -51 53 -53 54 -52 -2 57 58 -57 60 -4 -62
right_child=2 6 3 9 12 23 -8 8 16 -11 13 -13 40 19 24 -17 38 -19 30 -21 22 -23 44 34 47 31 -28 28 -30 42 -32 -33 -34 -35 35 -37 -38 -39 39 -41 41 -43 -44 -45 46 -47 -48 -49 -50 50 51 52 -54 -55 -56 56 -58 -59 -60 -61 61 -63
leaf_value=2.3609445713596023e-05 -0.00038832434019846489 -0.0030708879878129317 -0.00043409003561224458 0.0061002647380908326 0.00057815449411029456 -0.00043897727932129538 -0.0031671567057772743 -0.00053227600290045032 0.0028647379964672815 0.022116079166037663 0.0054943282649990268 -0.0047086173164294148 0.0040242839574956557 0.0011625738345470982 0.0019487249402401986 0.0070917857344984462 9.9827521662743118e-05 -0.004624817705273127 -0.0034340801804890742 0.0048611493245064533 0.00052248604871822375 -0.0017178782964286877 -0.0061456457006467515 -0.00074886906305080556 0.00056664083161268592 -0.00044223892599853931 -0.0010158760483778451 -0.0025718492729734478 4.5409468311508054e-05 -0.00036803176148623166 -0.0024697250371671503 0.00064912991931574411 -0.00047841125174260537 -0.0065777583083576957 0.00062154551083083438 -0.00062219008126269688 0.00090635544813013615 0.0029217220281070547 0.0030889268580855281 0.0015123703686808045 0.00088104169001971275 0.0051385225961852361 0.00066468580354115965 0.0090338446205677717 0.0064495245884255209 0.0026139867245135728 -0.003893043170674937 -0.00054264890883378716 -0.00043667169571882659 -0.0013423884678837429 -0.00095486893329439499 -0.0010631986849023668 6.9205829208668362e-05 -9.6022725842848103e-05 0.00018921287864115399 -0.00067432125961603979 -0.0020651775160540008 -0.0007687229757558534 -0.00026813730389718682 0.00028689506506400785 0.00048864234194307972 1.3807933265141959e-05
leaf_weight=2368 1521 2200 482 2160 1399 162 514 718 1339 327 814 537 1793 2445 199 101 1829 510 735 523 13858 1669 109 39 2833 15793 1234 2341 4876 3142 46 734 3427 1623 54 30 4286 4908 617 1815 2058 468 5420 278 552 546 92 42 1558 1334 65 303 722 835 487 209 2854 504 428 13957 827 498
leaf_count=2368 1521 2200 482 2160 1399 162 514 718 1339 327 814 537 1793 2445 199 101 1829 510 735 523 13858 1669 109 39 2833 15793 1234 2341 4876 3142 46 734 3427 1623 54 30 4286 4908 617 1815 2058 468 5420 278 552 546 92 42 1558 1334 65 303 722 835 487 209 2854 504 428 13957 827 498
internal_value=0.000293347 -0.0168403 0.00125756 0.00586091 -0.000506408 0.00461466 -0.0279019 -0.00214608 -0.00130625 0.0203959 0.00489875 -0.00352546 0.00315453 0.00771326 -0.00332854 0.00213055 0.00100798 -3.94237e-05 -0.0311016 0.00693044 0.0019814 -0.00280059 0.00279916 -0.0239336 -0.00222656 -0.00307258 0.00216774 0.000361879 -0.00211208 0.00216572 -0.0404668 -0.00332436 -0.00707142 -0.0112916 -0.00439516 0.0117059 0.00636125 0.00816494 0.00507599 0.00815013 0.00815856 0.0049446 0.00108548 0.0152288 0.0108808 0.00403201 0.0178217 0.00269298 0.00278232 -0.00645525 -0.00336136 0.000702445 -0.00550195 0.00529179 0.013915 -0.00855447 -0.0106219 -0.0173774 -0.0259326 0.00258135 0.00798949 0.0133069
internal_weight=120147 6400 113747 31512 82235 29025 3495 56798 47536 2487 28740 2905 25437 12976 25369 21118 22167 17628 2981 12162 21017 3068 17949 285 19601 16726 16650 17118 7217 9901 781 16527 5768 2341 123 84 11639 7353 4539 2710 4319 2526 8562 895 1299 655 644 2875 15416 9262 3746 2412 1025 1387 552 5516 3995 1141 637 15764 1807 1325
internal_count=120147 6400 113747 31512 82235 29025 3495 56798 47536 2487 28740 2905 25437 12976 25369 21118 22167 17628 2981 12162 21017 3068 17949 285 19601 16726 16650 17118 7217 9901 781 16527 5768 2341 123 84 11639 7353 4539 2710 4319 2526 8562 895 1299 655 644 2875 15416 9262 3746 2412 1025 1387 552 5516 3995 1141 637 15764 1807 1325
is_linear=0
shrinkage=0.05


Tree=68
num_leaves=63
num_cat=0
split_feature=17 21 24 22 22 22 12 24 22 22 57 40 59 60 45 2 3 40 38 39 24 21 2 39 59 20 38 25 11 1 21 20 39 22 18 21 39 50 60 38 3 39 2 38 18 27 7 60 60 42 43 60 22 39 60 50 50 49 38 39 18 3
split_gain=792.014 578.648 336.087 198.201 192.539 92.3349 70.8552 69.0422 66.7587 58.1964 52.1488 53.8346 45.4603 42.5957 39.882 35.8345 38.5239 34.9968 33.3248 32.499 44.6663 32.4884 32.3965 53.3775 31.2254 31.1957 37.7895 30.7811 30.7447 30.4997 30.3458 33.3739 29.9691 33.0646 29.6917 29.506 27.9718 27.0902 30.6763 26.8826 69.8673 71.0199 116.829 35.8279 32.1851 28.1561 26.7039 45.0512 29.0228 33.0388 28.0535 37.0973 39.2599 38.7269 36.6992 33.3738 36.9483 30.0286 26.1031 25.5962 25.5587 25.5511
threshold=1.5000000000000002 0.37500000000000006 0.060861033737765358 9.2639943074003828 4.9903393665158378 8.8489304812834231 75.500000000000014 0.023029192097918452 3.0963154492566263 3.3582084276018107 -2.8940214448175001 0.50000000000000278 15.707142857142859 3.5500000000000003 58.750000000000007 0.8542199457734333 1.0000000180025095e-35 0.84887468762716578 2.1250000000000004 0.28571428571428648 0.016688539544812402 1.0000000180025095e-35 0.61559370248597556 0.076980035891950252 17.050000000000001 0.24999999999999986 1.1250000000000002 2.1545581427015255 2.5000000000000004 1.5000000000000002 0.87500000000000011 0.18572330447330446 1.5010085491061005 4.8304665314401634 -0.30000000000000049 0.87500000000000011 0.16495721976846459 31.205923611111118 13.350000000000003 2.1250000000000004 -0.78574730703237872 0.095238095238095274 0.8542199457734333 1.7083333333333337 0.7999999999999996 3.3207720474597116 1.5000000000000002 4.0500000000000016 19.500000000000004 20.300000000000001 0.50000000000000011 14.550000000000002 4.8304665314401634 0.54545454545454608 12.950000000000001 93.999929166666661 77.000576388888888 47.70000000000001 13.125000000000002 0.19289043372459622 4.5499999999999927 -0.95297903005573337
decision_type=2 2 2 2 2 2 2 2 2 2 2 2 2 2 2 2 2 2 2 2 2 2 2 2 2 2 2 2 2 2 2 2 2 2 2 2 2 2 2 2 2 2 2 2 2 2 2 2 2 2 2 2 2 2 2 2 2 2 2 2 2 2
left_child=1 25 4 5 7 9 -5 18 12 39 13 14 15 -6 21 22 -17 46 19 20 -2 -12 23 27 58 -1 -27 -9 -20 -11 31 -3 33 -19 35 -25 -24 60 61 40 44 42 43 -42 -4 -41 50 -48 49 -49 -10 52 55 54 57 56 -52 -54 -13 -47 -31 -39
right_child=2 30 3 6 10 -7 -8 8 17 29 11 24 -14 -15 -16 16 -18 32 28 -21 -22 -23 36 34 -26 26 -28 -29 -30 37 -32 -33 -34 -35 -36 -37 -38 38 -40 45 41 -43 -44 -45 -46 59 47 48 -50 -51 51 -53 53 -55 -56 -57 -58 -59 -60 -61 -62 -63
leaf_value=5.4344873111461528e-05 0.00031917216843366795 -0.0030632364516137603 -0.0007210510028965001 0.0064228740525019484 0.00099684583565200495 -0.00030699527679920461 0.021010275207735775 9.733830965049651e-05 -0.00041583499102540444 0.0051653771346306778 0.0030939100517843434 0.0011484940007303491 0.00013473164491558111 -0.0013152582272938586 0.004908479998863991 0.0020944287120928831 -0.00076776312686986376 0.00064382358359005298 -0.0029049001676127286 -0.00084225237963834196 -0.00039044291208734094 0.00017354149932529708 0.00052782536799578228 -0.0017475901215192936 0.0042854015878760147 -0.0046817316220958138 0.0016593861768219309 -0.00025473043870232192 -0.0004935404023573176 0.00087823565500795293 -0.002883181344221586 -0.0030442401412224319 0.0096006975771892999 -0.011817781443294546 -0.0002392567571504023 -0.0029224119610430201 -0.0051567260718492275 0.0066411525477579562 0.0010691204333434401 -0.00027166042922613934 -0.00020853061996878308 0.00060433629565666009 -0.00048895066815047856 1.3117536601880975e-05 0.0010002513127271185 -7.8664564870045695e-05 0.0062999010066563388 -0.00013593777407877594 0.001601434873227825 -0.010763684693816623 0.00060032161361811553 -0.00034748395451461578 0.00011350846965683115 0.0015232143929326482 4.8723752863233385e-05 -0.002784112298623115 0.0049827475296059911 -0.00051899618632490492 0.0040009018185780398 0.0018847209585582615 0.024295909374963898 0.0024801101948379589
leaf_weight=2400 672 569 87 1641 1257 285 326 85 7466 776 2599 6040 4066 2463 122 1374 1228 5443 3426 4987 459 12872 129 3207 966 601 425 769 4705 3227 1337 1068 213 46 7568 404 1751 354 2040 3691 48 874 42 332 25 1933 637 1261 822 107 4777 3874 59 29 30 490 915 152 593 5102 42 4859
leaf_count=2400 672 569 87 1641 1257 285 326 85 7466 776 2599 6040 4066 2463 122 1374 1228 5443 3426 4987 459 12872 129 3207 966 601 425 769 4705 3227 1337 1068 213 46 7568 404 1751 354 2040 3691 48 874 42 332 25 1933 637 1261 822 107 4777 3874 59 29 30 490 915 152 593 5102 42 4859
internal_value=0.000272539 -0.0168403 0.00123558 0.00626806 -0.000232161 0.00500232 0.0215168 -0.00178318 -0.000856981 0.00534695 0.0032919 0.00417346 -0.00299023 -0.00220236 0.00249102 -0.00415627 0.00122743 0.000810919 -0.00483123 -0.002042 0.00560512 0.00226506 -0.0051635 -0.00420849 0.00762434 -0.002829 -0.0101217 -0.0162515 -0.0069288 0.00792946 -0.0329731 -0.0283547 0.00427757 0.00356011 -0.00328667 -0.00701689 -0.0112679 0.0072218 0.00892542 0.00294149 0.00943577 0.0127178 0.029539 0.0383071 -0.0282743 0.00208772 -0.000147672 0.00436528 0.000956184 -0.00350256 -0.000865228 0.000822601 0.00314505 -0.0154797 -0.0220868 0.00396167 0.0050404 -0.0294575 0.0063981 0.00394329 0.00343884 0.0109599
internal_weight=120147 6400 113747 25684 88063 23717 1967 61151 46902 23432 26912 23192 20581 3720 15593 16515 2602 26321 14249 6118 1131 15471 13913 12033 7599 3426 1026 854 8131 11298 2974 1637 5702 5489 11179 3611 1880 10522 7253 12134 1408 1296 422 380 112 10726 20619 2827 2190 1368 17792 10326 6452 270 241 6182 5692 211 6633 7035 3269 5213
internal_count=120147 6400 113747 25684 88063 23717 1967 61151 46902 23432 26912 23192 20581 3720 15593 16515 2602 26321 14249 6118 1131 15471 13913 12033 7599 3426 1026 854 8131 11298 2974 1637 5702 5489 11179 3611 1880 10522 7253 12134 1408 1296 422 380 112 10726 20619 2827 2190 1368 17792 10326 6452 270 241 6182 5692 211 6633 7035 3269 5213
is_linear=0
shrinkage=0.05


Tree=69
num_leaves=63
num_cat=0
split_feature=17 21 17 17 17 23 18 18 18 0 23 27 20 23 44 42 49 49 18 0 27 2 58 0 0 21 18 21 27 60 44 43 48 46 18 23 60 20 35 20 38 37 57 37 46 32 23 18 40 12 0 25 23 46 22 48 23 13 45 41 44 23
split_gain=786.477 576.239 309.341 179.623 123.399 62.7073 58.0097 131.289 54.143 98.0216 128.645 52.2381 51.6019 45.9377 44.0135 40.7903 61.4591 44.9003 41.7095 41.9644 37.5886 39.4134 40.0109 37.2523 37.0398 36.8165 35.8493 40.1385 34.5296 34.1311 35.4125 47.4214 34.6873 39.9384 33.9963 33.6585 32.2005 32.0036 31.0758 30.9467 37.7895 29.6808 28.5067 27.6688 27.205 26.6183 32.3513 26.3836 26.0044 25.9549 25.6567 24.9544 24.8107 24.0641 38.133 23.4698 23.4392 23.1822 22.967 22.7909 21.4264 21.2959
threshold=1.5000000000000002 0.37500000000000006 11.500000000000002 69.500000000000014 4.5000000000000009 5.5358463734687033 -4.3156670400473525e-16 -4.5548246203200423e-16 -3.1941319745786759e-16 31.500000000000004 1.6648030799354154 3.3207720474597116 0.062499999999999958 1.6648030799354154 19.450000000000003 25.650000000000002 76.700000000000017 47.70000000000001 0.099999999999999659 3.5000000000000004 2.317258230452675 0.99635443704902704 1.5000000000000002 4.5000000000000009 11.500000000000002 1.0000000180025095e-35 -8.9347212368531786e-16 0.87500000000000011 3.5353916396969649 9.9000000000000021 13.65 6.4000000000000012 29.250000000000004 2.6000000000000005 -0.40000000000000169 0.98480981878222595 9.0000000000000018 0.075031328320801963 1.0000000180025095e-35 0.24999999999999986 1.1250000000000002 0.93750000000000011 2.6644550946484231 0.61250000000000016 4.0000000000000009 1.0000000180025095e-35 4.9968953649701957 1.3999999999999997 0.21004201260420155 85.500000000000014 3.5000000000000004 1.5086916669346799 5.4641648766106572 4.7500000000000009 1.5076208621100264 14.450000000000001 3.6899206532858599 0.37500000000000006 30.750000000000004 -0.57142857142857129 21.550000000000004 2.0605079480907817
decision_type=2 2 2 2 2 2 2 2 2 2 2 2 2 2 2 2 2 2 2 2 2 2 2 2 2 2 2 2 2 2 2 2 2 2 2 2 2 2 2 2 2 2 2 2 2 2 2 2 2 2 2 2 2 2 2 2 2 2 2 2 2 2
left_child=1 39 4 5 6 11 7 26 9 13 43 50 24 -8 -13 16 18 55 19 -6 61 22 37 -7 -9 -21 27 38 -25 32 34 -32 33 48 -31 -3 -19 47 58 -1 57 -12 44 -11 56 -28 -47 -22 -27 -5 -4 -26 -43 54 -49 -17 -35 -41 -2 -39 -16 -20
right_child=2 35 3 49 15 23 8 12 -10 10 41 14 -14 -15 60 17 -18 36 20 25 21 -23 -24 28 51 29 45 -29 -30 30 31 -33 -34 42 -36 -37 -38 59 -40 40 -42 52 -44 -45 -46 46 -48 53 -50 -51 -52 -53 -54 -55 -56 -57 -58 -59 -60 -61 -62 -63
leaf_value=5.1627629455891502e-05 -0.00032476638035193743 -0.0038421611293065708 0.0087184799847372704 0.0097548328918094299 0.0038129028143828237 0.0088791999734292425 -0.00046298262018412695 6.7564042221118778e-05 -0.00016547248655209847 -0.0016261925189076099 -5.0768985621652002e-05 0.0015113034222159927 0.00052368301222690541 -0.00010644822219127992 0.0059702158787773296 0.0074369055417477965 -0.0049603415893391791 -0.0083235030766818374 -0.016572919874140835 0.0013827929131306482 0.00094532756138651088 0.0063580744640580949 0.0024984251477643497 0.001303191134724835 0.00016763102193296798 -0.0010093347662881059 6.4241234149564616e-05 -0.0017420307115803336 0.0029628953512709669 -0.0016874977310461616 -0.00073809701411952093 -0.0055237786746495489 -0.0014019416167153965 0.0075698664556609896 0.00016598634134180613 -0.0023618135428450596 0.0031368740841027035 -0.0023489988167164355 -0.0020647284249091903 -0.0042404442512020777 0.0015764168679808345 0.00010386538609042373 -0.001270015238289385 1.2461659771789702e-05 0.00069494471157826036 -1.2195373112616759e-05 -0.00044249352797690603 -0.0084553347227419914 0.0011762109783174824 0.022000862903037446 -0.0010789949934641109 -0.00024568921170696755 0.00030321356001198344 0.0073014569906767694 0.004347677716053433 -0.0011875668063433431 0.0022612957475959482 -0.0060914774958504836 0.0019720165922530674 0.00036137084482574801 -0.0041789939348667151 -0.00043444622489621223
leaf_weight=2400 7271 272 109 401 1018 406 105 84 16735 25 525 8093 171 635 395 113 893 104 61 5080 4145 389 3706 3525 73 3375 1731 1397 4814 3281 1070 618 2150 298 3347 2702 3101 810 4371 356 425 514 924 266 6447 230 94 69 865 242 2805 1091 71 697 486 1407 359 245 371 9371 28 2985
leaf_count=2400 7271 272 109 401 1018 406 105 84 16735 25 525 8093 171 635 395 113 893 104 61 5080 4145 389 3706 3525 73 3375 1731 1397 4814 3281 1070 618 2150 298 3347 2702 3101 810 4371 356 425 514 924 266 6447 230 94 69 865 242 2805 1091 71 697 486 1407 359 245 371 9371 28 2985
internal_value=0.000212613 -0.0168403 0.00117228 0.00668116 -6.18207e-05 0.00585076 -0.00236557 -0.00449482 -0.000460613 0.00702381 0.0147967 0.00341134 -0.0190458 -0.00768556 0.00538863 0.00137913 0.000978072 0.0058284 0.00120354 -5.87868e-05 0.00280568 0.00360603 0.00328727 0.00903785 -0.0225741 -0.000424052 -0.00315822 -0.00410074 0.00831475 -0.00128414 -0.00383492 -0.010299 0.000186906 0.00121404 -0.0021866 -0.0329395 0.00918434 0.00217569 -0.00316672 -0.00285819 -0.0101217 0.0070162 0.00328746 0.0443322 0.00436242 0.00298881 -0.0101385 0.00528807 -0.00271045 0.0326786 -0.00236535 -0.0248884 0.0147526 0.011648 0.00385791 -0.00124589 0.0140502 -0.0181811 -0.00124231 0.000524946 0.0210967 -0.00236134
internal_weight=120147 6400 113747 20818 92929 20175 35760 16884 18876 2141 1401 11430 1419 740 8516 57169 52444 4725 51551 28832 22719 19673 19284 8745 1248 27814 15465 13410 8339 22734 8316 1688 14418 12268 6628 2974 3205 15578 12013 3426 1026 1110 8028 291 7104 2055 324 5397 4240 643 2914 1164 585 1252 555 1520 657 601 7642 10181 423 3046
internal_count=120147 6400 113747 20818 92929 20175 35760 16884 18876 2141 1401 11430 1419 740 8516 57169 52444 4725 51551 28832 22719 19673 19284 8745 1248 27814 15465 13410 8339 22734 8316 1688 14418 12268 6628 2974 3205 15578 12013 3426 1026 1110 8028 291 7104 2055 324 5397 4240 643 2914 1164 585 1252 555 1520 657 601 7642 10181 423 3046
is_linear=0
shrinkage=0.05


Tree=70
num_leaves=63
num_cat=0
split_feature=17 21 24 22 22 14 23 24 23 14 17 13 18 0 17 23 24 22 2 18 18 14 0 23 45 20 13 20 0 24 60 43 48 3 0 60 59 47 60 50 11 59 22 45 14 3 23 21 17 14 23 0 0 20 45 47 59 22 11 24 14 26
split_gain=774.803 570.93 299.128 193.95 151.334 69.7045 62.4115 73.8582 52.6071 48.1624 95.743 79.5379 44.3404 42.7664 42.8922 34.3486 35.6434 34.4706 33.6152 43.519 50.6521 37.3083 32.5615 31.7299 31.2672 30.3683 38.2895 30.3434 36.5567 29.8368 29.8055 47.5553 30.3821 29.5703 29.5537 29.2702 28.1303 26.8015 26.0718 25.5287 24.8616 24.3582 24.1813 23.3229 23.0014 66.0343 73.492 67.9924 68.351 38.2938 28.9338 32.0874 27.2041 22.3623 21.9745 21.4843 26.6133 26.323 21.344 21.2108 20.912 28.245
threshold=1.5000000000000002 0.37500000000000006 0.054791208405302806 9.5926299283154144 4.9903393665158378 82.625000000000014 2.6662197764528348 0.029190179080024855 3.5227190751902699 2.5916666666666672 3.5000000000000004 2.6250000000000004 1.1499999999999846 5.5000000000000009 4.5000000000000009 0.98480981878222595 0.010259027520836652 2.6022875816993465 -0.17992617227144048 -0.30000000000000021 0.49999999999999989 2.1742424242424243 50.500000000000007 5.5770374434058443 67.15000000000002 0.24999999999999986 0.37500000000000006 0.12500000000000008 30.500000000000004 0.021195123106423602 15.700000000000001 -1.8999999999999997 26.700000000000006 0.40966402954315179 5.5000000000000009 21.500000000000004 15.178571428571432 0.59500000000000008 24.300000000000001 95.415438888888914 2.5000000000000004 15.178571428571432 6.616475925047439 6.0500000000000007 2.041666666666667 -0.61559370248597534 1.9433678077402936 0.87500000000000011 2.5000000000000004 1.0871212121212122 2.1745140594931933 40.500000000000007 16.000000000000004 0.062500000000000069 4.5500000000000007 1.1900000000000002 4.2500000000000009 12.427871148459387 1.5000000000000002 0.095047206085488264 9.6833333333333353 111.50000000000001
decision_type=2 2 2 2 2 8 2 2 2 10 2 2 2 2 2 2 2 2 2 2 2 10 2 2 2 2 2 2 2 2 2 2 2 2 2 2 2 2 2 2 2 2 2 2 10 2 2 2 2 10 2 2 2 2 2 2 2 2 2 2 10 2
left_child=1 25 4 8 6 39 9 33 44 18 11 -11 24 -10 23 -3 -17 -18 19 -2 21 27 -9 -15 29 59 -27 28 -21 43 31 -16 41 -8 42 -20 -14 -33 -12 -5 -23 54 -31 -6 45 46 -4 -47 49 -49 -46 60 -51 -38 -32 57 -57 -36 -30 -1 61 -52
right_child=2 15 3 5 12 -7 7 22 13 10 38 -13 36 14 30 16 17 -19 35 20 -22 40 -24 -25 -26 26 -28 -29 58 34 32 37 -34 -35 55 -37 53 -39 -40 -41 -42 -43 -44 -45 50 47 -48 48 -50 52 51 -53 -54 -55 -56 56 -58 -59 -60 -61 -62 -63
leaf_value=-0.00024137007362856622 -0.0020193953800359044 -0.003650053072841242 -0.00081670854947617504 0.0064468793131051035 -0.00078331505050287524 0.020205264864183684 -0.00028537216180531957 0.00010081105831006855 0.0047605164036117475 -0.0041196407907830969 -0.0021646937566036084 -0.0002414926368953463 0.002071552496591167 -5.1656824596879597e-05 0.00065328149283879204 -0.0011852360277647246 -0.0040522723366945958 -0.0017904703360281272 -0.00089269093568167257 -0.0010480226499028024 -0.00095965250734773031 -0.0006561539512704329 -0.0061508161566908364 -0.00027138478969926941 0.0063839226493947578 -0.0040768547794281795 0.00011989522140819498 0.00020482196147175724 -0.01475197807550483 0.0021906151953636544 0.00046862199843400454 0.0022300524404157084 0.0030417532765649627 -0.0011630211290564851 0.00050035495820879297 -0.0093851716632816062 0.0068225343417949837 0.0059663346830547527 0.00054763261794079645 -0.0019318501663254661 0.00033875263135769719 0.0013682001377607778 0.009624268690510385 0.00016486769878958364 -0.00025764708616128341 0.00082070293165985579 0.0066822545026488491 -0.0015448828929622294 -0.00044382148931080835 -0.0010977329038111773 0.00064975014817689756 -0.00023503576553480788 1.1838576783196331e-05 0.0029616892659694916 -0.002300798377676039 -0.0013941362766447753 0.0019281025370226801 0.0030794677145408178 0.00014678849061344756 0.012065197751861025 -0.00071746566153947373 0.0026787156999326768
leaf_weight=2321 1060 272 143 1475 2485 325 12658 26352 968 392 1689 429 2765 197 3246 842 957 903 2349 63 919 173 378 110 103 537 489 772 41 559 709 7330 504 8148 11695 284 230 432 254 91 196 940 201 4070 3073 1249 88 23 132 21 3551 2961 294 439 729 1368 595 927 641 79 734 2187
leaf_count=2321 1060 272 143 1475 2485 325 12658 26352 968 392 1689 429 2765 197 3246 842 957 903 2349 63 919 173 378 110 103 537 489 772 41 559 709 7330 504 8148 11695 284 230 432 254 91 196 940 201 4070 3073 1249 88 23 132 21 3551 2961 294 439 729 1368 595 927 641 79 734 2187
internal_value=0.000179321 -0.0167466 0.00113184 0.00527386 -0.000455336 0.0207955 -0.00189079 -0.00115899 0.00428212 -0.00564558 -0.0111736 -0.0254805 0.00274963 0.00633951 0.00564481 -0.0327714 -0.0310377 -0.0271333 -0.00329204 -0.000322038 0.00293835 0.00762851 0.000579664 -0.0128084 0.00192442 -0.002829 -0.0100243 0.0110968 0.0182909 0.00179421 0.00605392 0.00723908 0.00152445 -0.00339285 0.00300046 -0.00764806 0.00803348 0.00936429 -0.00511574 0.0163976 -0.00660811 -0.000838588 0.0126084 -0.00102883 0.00212319 0.00717324 -0.0178664 0.0105494 0.026741 0.0386283 0.00133485 0.00270776 0.0431804 0.0172313 -0.00493051 0.00249863 -0.00236507 0.00325557 0.0216618 0.000247813 0.00468021 0.00569699
internal_weight=120147 6400 113747 31512 82235 1891 56798 47536 29621 9262 2764 821 25437 15165 14197 2974 2702 1860 6498 3865 2805 1886 26730 307 22003 3426 1026 1517 745 21900 13890 11008 2882 20806 15345 2633 3434 7762 1943 1566 369 2378 760 6555 14456 1950 231 1719 470 338 12506 9433 315 669 1438 14585 1963 12622 682 2400 6472 5738
internal_count=120147 6400 113747 31512 82235 1891 56798 47536 29621 9262 2764 821 25437 15165 14197 2974 2702 1860 6498 3865 2805 1886 26730 307 22003 3426 1026 1517 745 21900 13890 11008 2882 20806 15345 2633 3434 7762 1943 1566 369 2378 760 6555 14456 1950 231 1719 470 338 12506 9433 315 669 1438 14585 1963 12622 682 2400 6472 5738
is_linear=0
shrinkage=0.05


Tree=71
num_leaves=63
num_cat=0
split_feature=17 21 17 11 12 21 14 15 39 0 14 11 23 15 59 3 40 44 40 44 11 35 48 0 39 21 13 22 40 48 40 22 20 40 23 7 20 0 40 21 3 23 0 60 59 20 39 48 0 44 48 3 25 15 40 57 44 41 25 23 25 20
split_gain=736.353 547.427 255.907 144.937 133.558 62.0082 74.7492 417.559 181.685 120.046 107.51 103.409 60.647 59.9517 57.7609 82.7147 56.4802 54.6169 54.1548 50.5285 50.4586 48.6977 48.441 45.0972 42.1755 41.5514 41.0791 40.3278 39.2371 39.0357 39.6573 40.144 38.1576 38.1264 37.4222 36.5648 37.6584 35.8157 33.7482 33.7389 32.8053 32.7211 31.4798 32.2419 30.1946 29.6215 29.5166 29.5048 27.4142 35.1919 27.0423 26.9349 25.4911 38.3463 25.4681 25.3131 24.9284 24.1524 24.0521 23.2486 23.1503 22.6925
threshold=1.5000000000000002 0.37500000000000006 16.500000000000004 3.5000000000000004 79.500000000000014 1.0000000180025095e-35 2.5916666666666672 0.49999999999999811 0.20203050891044241 31.500000000000004 2.1547619047619051 2.5000000000000004 1.6648030799354154 0.57735026918963073 14.885714285714288 -0.88545602565320969 0.48692584054817684 18.150000000000002 -1.0000000180025095e-35 12.850000000000003 2.5000000000000004 1.0000000180025095e-35 25.150000000000002 27.500000000000004 0.398519883915809 0.87500000000000011 2.6250000000000004 9.5926299283154144 0.86602540378443593 33.550000000000004 1.4702940882294107 3.0963154492566263 0.049999999999999954 -0.080410681105634138 1.6648030799354154 1.5000000000000002 0.22500000000000006 26.500000000000004 0.49999999999999856 0.37500000000000006 -0.85421994577343296 0.95017100590034098 40.500000000000007 1.0000000180025095e-35 9.5571428571428587 0.035714285714285657 1.1547005383792539 25.250000000000004 29.500000000000004 16.850000000000005 29.650000000000002 -0.99635443704902682 4.320368290264688 1.0000000180025095e-35 0.86602540378444115 -0.78756958734972293 18.300000000000001 10.235714285714286 5.6242331101560987 12.858821850773944 2.8010682045705608 0.18572330447330446
decision_type=2 2 2 2 2 2 10 2 2 2 8 2 2 2 2 2 2 2 2 2 2 2 2 2 2 2 2 2 2 2 2 2 2 2 2 2 2 2 2 2 2 2 2 2 2 2 2 2 2 2 2 2 2 2 2 2 2 2 2 2 2 2
left_child=1 46 3 5 17 42 8 37 9 12 18 -12 -7 16 15 19 -9 27 -11 -5 24 35 54 33 32 61 -18 51 48 30 31 50 -10 47 -20 36 38 -8 -15 -26 55 -41 43 -2 -37 -30 60 -16 -25 -50 -17 -4 -33 -54 -21 59 -14 -55 -53 -29 -1 -3
right_child=2 25 4 14 -6 6 7 13 20 10 11 -13 56 21 23 29 26 -19 34 22 -22 -23 -24 28 39 -27 -28 40 45 -31 -32 52 -34 -35 -36 44 -38 -39 -40 41 -42 -43 -44 -45 -46 -47 -48 -49 49 -51 -52 58 53 57 -56 -57 -58 -59 -60 -61 -62 -63
leaf_value=-0.00191327204525944 0.011054145678506822 -0.0027327221505025812 0.0090497242289363077 -0.00050440701428896564 0.018537374336541835 -0.00042695113486685977 -0.00029292978259854997 -0.0013993784710275737 -0.00087105537501737666 -0.0032185501374891734 -0.00068633354624222378 0.00035214317665070998 9.7388033141088137e-05 -0.0020424089472624086 0.0084879214528205352 -3.6007521804631848e-05 -0.00019069506936932325 0.0065642870726987492 1.1246647944040956e-05 -8.7326429070966335e-05 0.00030286804371427171 -0.0035313012090750443 -0.0094268586247041163 -0.0011606759734350215 -0.00068748172560526575 -0.0025314080830668496 -0.00051979580797770761 0.010045608090357639 0.0033909990246607127 -0.0026036253856423055 0.0022934028416678577 0.00019690212226516348 0.00014797065469913663 0.0011767367214175041 0.00026073494791150064 0.0032060052811918264 0.00031776232118380099 -0.000233004323049546 0.0004842356416780769 -0.01156449834585889 0.0048430533259060885 -0.0010370141905099162 -0.00066471066892608292 0.0013102938006308131 -0.0013877413060415123 0.0010758746685654464 -0.0034184219085736825 0.0035087899382086011 0.00050674819753941951 -0.0022731771547902626 -0.0024515740518825328 0.00046946223995416594 -0.00028149115375049051 0.0015995797688999282 -0.0074881518473573164 0.0016794434100710909 -0.00034760206470433322 -0.00046245427006359475 0.0021231337307208832 -0.01553918538391319 0.0034220956349977462 -0.002684413940217656
leaf_weight=1612 175 569 157 1896 305 104 171 1346 664 51 229 409 831 3818 327 8572 312 496 284 479 4238 2784 519 1787 3885 1337 387 27 745 883 1666 22015 2315 2049 689 1374 3875 939 218 140 2235 5826 2339 4476 511 1987 959 708 6155 461 1127 3249 489 9092 155 361 87 1153 2120 55 855 1068
leaf_count=1612 175 569 157 1896 305 104 171 1346 664 51 229 409 831 3818 327 8572 312 496 284 479 4238 2784 519 1787 3885 1337 387 27 745 883 1666 22015 2315 2049 689 1374 3875 939 218 140 2235 5826 2339 4476 511 1987 959 708 6155 461 1127 3249 489 9092 155 361 87 1153 2120 55 855 1068
internal_value=0.000160177 -0.0163404 0.00108877 0.000393296 0.00917666 -0.00185849 -0.00270641 -0.00527739 -0.000657875 0.011432 0.0197204 0.00359155 -0.0020479 -0.00303193 0.00192954 0.0011009 -0.0109702 0.00803298 0.0297512 -0.00686721 -0.0025599 -0.00174032 -0.015117 0.0047289 -0.00412244 -0.0320319 -0.0224929 0.00705606 0.00324578 0.00164107 0.0018496 0.00155233 0.00108893 0.0100794 0.0323871 -8.11473e-05 -0.00157293 -0.034829 -0.00495294 -0.00569884 0.0120922 -0.00806016 0.00244529 0.00482481 0.00617444 0.00845042 -0.00271228 0.0179006 0.00155224 0.00303687 -0.00127268 0.00461281 0.00238916 0.00438705 -0.0058189 -0.000326577 0.00206202 0.0050405 0.0040121 -0.025241 0.000180308 -0.0266453
internal_weight=120147 6400 113747 104742 9005 42477 35487 15735 19752 2684 1662 638 1022 14625 62265 48046 2045 8700 1024 3049 17068 12580 1153 14219 12830 2974 699 8204 11135 44997 44114 42448 2979 3084 973 9796 7911 1110 4036 9851 2678 5966 6990 4651 1885 2732 3426 1035 8403 6616 9699 5526 32749 10734 634 443 918 10245 5369 82 2467 1637
internal_count=120147 6400 113747 104742 9005 42477 35487 15735 19752 2684 1662 638 1022 14625 62265 48046 2045 8700 1024 3049 17068 12580 1153 14219 12830 2974 699 8204 11135 44997 44114 42448 2979 3084 973 9796 7911 1110 4036 9851 2678 5966 6990 4651 1885 2732 3426 1035 8403 6616 9699 5526 32749 10734 634 443 918 10245 5369 82 2467 1637
is_linear=0
shrinkage=0.05


Tree=72
num_leaves=63
num_cat=0
split_feature=17 13 11 12 20 20 0 16 59 18 18 14 18 14 0 27 60 15 48 57 30 0 0 11 41 11 7 20 60 20 50 59 57 2 50 57 57 48 57 20 30 50 49 60 22 3 60 38 2 14 50 49 60 18 39 22 57 36 11 38 22 38
split_gain=716.505 351.816 239.072 177.644 105.037 90.7877 68.9438 67.1323 64.7664 57.2494 153.04 338.922 56.1263 198.211 160.233 55.4697 52.9511 56.7548 56.5016 66.0546 46.4784 55.4914 45.6434 44.8881 45.3453 44.2458 55.9031 38.6031 37.6695 37.4593 36.6339 35.9871 35.5533 34.4852 44.1729 32.3097 32.0267 31.6688 31.5423 30.8244 29.1601 28.9577 28.9116 28.517 27.8207 27.5393 34.197 27.2751 27.2231 27.0098 26.5958 28.8718 25.3959 24.8645 30.3223 24.6088 33.9977 24.3559 23.7924 23.7623 23.7076 23.3234
threshold=1.5000000000000002 0.62500000000000011 25.500000000000004 4.5000000000000009 0.3303571428571429 0.24999999999999997 3.5000000000000004 82.750000000000014 0.84285714285714308 -4.3156670400473525e-16 -4.5548246203200423e-16 2.5916666666666672 -3.1941319745786759e-16 2.1547619047619051 31.500000000000004 3.3207720474597116 14.250000000000002 1.0000000180025095e-35 29.050000000000004 -2.5320530524567677 4.1147022350190214 33.500000000000007 3.5000000000000004 2.5000000000000004 3.1357142857142857 2.5000000000000004 1.5000000000000002 0.12499999999999996 11.450000000000001 0.062499999999999958 74.550569444444463 3.0000000000000009 -2.5805453265460838 -0.51639395938746191 64.890158333333346 0.039621466478935392 -4.1028335559647156 34.600000000000001 -2.5320530524567677 0.39166666666666672 3.3099954895574162 62.148355555555561 47.70000000000001 9.6000000000000032 3.2012014180672277 -0.95297903005573337 4.7500000000000009 1.8750000000000002 -0.17992617227144048 1.6833333333333336 70.943511111111135 68.40000000000002 6.9500000000000002 0.59999999999999931 1.1784860559566026 5.3590926566705122 3.7010617711830744 3.5000000000000004 3.5000000000000004 1.1250000000000002 3.7625891265597153 1.5833333333333337
decision_type=2 2 2 2 2 2 2 2 2 2 2 10 2 8 2 2 2 2 2 2 2 2 2 2 2 2 2 2 2 2 2 2 2 2 2 2 2 2 2 2 2 2 2 2 2 2 2 2 2 10 2 2 2 2 2 2 2 2 2 2 2 2
left_child=1 5 3 9 49 57 -5 38 -8 10 22 -12 13 14 31 55 17 -17 19 32 21 40 -2 24 -24 53 41 47 33 48 -23 -11 -19 36 -35 60 -26 -18 -4 -25 -21 42 -27 -37 -20 -28 -47 -16 -13 -3 51 -46 -38 59 -55 -10 -57 -1 -39 -14 -22 -7
right_child=2 4 7 6 -6 61 8 -9 15 12 11 29 25 -15 27 16 37 18 44 20 35 30 23 39 28 26 45 -29 -30 -31 -32 -33 -34 34 -36 43 52 58 -40 -41 -42 -43 -44 -45 50 46 -48 -49 -50 -51 -52 -53 -54 54 -56 56 -58 -59 -60 -61 -62 -63
leaf_value=-0.0026737165727876017 0.0019960391859656923 -0.0024389999231142047 -9.19629984851289e-05 0.0083877888110575286 -0.0019816596539840611 -0.0027366424551649063 -0.00040688550744357734 0.019087239381812761 1.5295613461269175e-05 0.0005382477568909638 0.00031865513644847577 -0.00021260155977699259 0.00087906682458797078 -0.0012731864163028018 0.00010680637197860721 -0.00052678773696160917 5.3882834174157074e-05 0.00073235959220661071 -0.002092045308072066 0.0032744199984268696 0.0018869847688011588 0.00092738368088292062 -0.0034409006288023017 -8.5217609292964627e-05 0.0034308723503522101 0.00047828150501588729 -0.0070800683120857306 0.00024522374111196621 -0.0019196813788896483 -0.00026897055614881206 -0.011368903670612319 -0.00029885221382470187 -0.012663367364192157 0.0023479199457544287 -0.00079620567937209734 0.0018906117654107159 -0.0028796520519535187 -0.012899415810789816 0.0059194167926376997 0.0017117133589877654 0.0058338238538382494 0.00044769702629426922 -0.00017842390212350346 -0.00084998722206324211 0.0008467437808002521 -0.008170690447415507 8.7684846324304077e-05 2.7963086944626794e-05 -0.00021134992871679747 -0.0027643874885359913 -0.00023524425652600713 0.0045608580689773361 6.4612472643904575e-05 -0.00088905232455803733 -0.00032431239205830135 0.0010140975076155633 -0.0028898748645638573 0.00048794866465670661 0.0033743076238343054 -0.00057943180883148209 0.0047330665859209092 -0.002622744584061365
leaf_weight=798 1536 1945 277 603 388 977 7920 271 12656 184 418 752 499 560 101 509 6501 2091 824 1729 1017 429 3059 11538 151 2878 456 189 4281 98 95 380 152 1883 1625 3548 1765 54 1338 1991 2465 5949 7237 821 849 555 1414 728 151 195 1592 392 1164 991 784 7389 420 1886 616 4294 1578 211
leaf_count=798 1536 1945 277 603 388 977 7920 271 12656 184 418 752 499 560 101 509 6501 2091 824 1729 1017 429 3059 11538 151 2878 456 189 4281 98 95 380 152 1883 1625 3548 1765 54 1338 1991 2465 5949 7237 821 849 555 1414 728 151 195 1592 392 1164 991 784 7389 420 1886 616 4294 1578 211
internal_value=0.00013937 -0.0161373 0.00105536 0.000757585 -0.0306425 -0.00666021 0.00281092 0.0187043 0.00262163 -0.00117588 -0.00266646 -0.0186937 0.000490625 0.00825712 0.0173057 0.00334467 0.00491212 0.00635336 0.00683018 0.00828271 0.00979158 0.0136247 -0.00188125 -0.00235068 -0.0043431 -0.000173398 0.00107869 0.0291413 -0.00282843 -0.034476 -0.00170476 -0.00406195 0.000421123 -0.000454545 0.00293388 0.00719239 -0.00431516 0.0012751 0.0148175 -0.000298965 0.0155411 0.00214721 0.000518486 0.00456407 0.00129716 -0.00599547 -0.00342386 0.0337892 -0.0376604 -0.0349813 0.00365032 0.00913446 -0.00547611 -0.00369843 -0.00875282 0.00140941 0.00361652 -0.00156238 0.011617 -0.00182416 0.0116121 -0.0181623
internal_weight=120147 6400 113747 111861 2528 3872 54250 1886 53647 57611 30412 1419 27199 2142 1582 45727 25262 18091 17582 13925 11682 4718 28993 27457 13928 25057 18489 1018 10869 1001 524 564 2243 6588 3508 6964 3080 7171 1615 13529 4194 16064 10115 4369 3657 2425 1969 829 903 2140 2833 1241 2929 6568 1775 20465 7809 2684 670 4793 2595 1188
internal_count=120147 6400 113747 111861 2528 3872 54250 1886 53647 57611 30412 1419 27199 2142 1582 45727 25262 18091 17582 13925 11682 4718 28993 27457 13928 25057 18489 1018 10869 1001 524 564 2243 6588 3508 6964 3080 7171 1615 13529 4194 16064 10115 4369 3657 2425 1969 829 903 2140 2833 1241 2929 6568 1775 20465 7809 2684 670 4793 2595 1188
is_linear=0
shrinkage=0.05


Tree=73
num_leaves=63
num_cat=0
split_feature=17 21 24 23 22 40 15 23 14 22 24 23 14 17 39 39 23 14 57 40 60 40 50 60 3 3 23 24 22 13 32 17 39 24 45 39 0 59 37 27 7 14 15 0 17 0 20 59 50 60 15 12 22 40 23 0 0 0 0 39 40 50
split_gain=684.431 505.42 244.795 153.511 117.32 52.0546 50.453 60.4076 49.5366 47.905 47.4514 52.4128 47.2443 80.9048 101.836 59.2393 42.8738 40.6969 38.7188 38.6493 38.2112 34.5693 35.079 50.8177 33.4086 38.6486 30.8763 35.6196 32.1731 30.6516 29.9898 29.5051 33.6961 59.8252 29.1589 28.9245 28.867 47.8105 34.5593 33.7738 34.3321 28.4014 118.44 164.5 29.672 27.6252 27.5489 27.0526 26.9779 33.7793 26.4723 26.3151 26.2886 25.5254 24.8366 24.6916 24.3276 24.048 23.6919 23.654 22.8401 37.123
threshold=1.5000000000000002 0.37500000000000006 0.054791208405302806 12.858821850773944 4.9903393665158378 -0.86602540378442949 1.7078251276599328 2.2151369335798896 82.625000000000014 8.8489304812834231 0.023029192097918452 2.6662197764528348 2.5916666666666672 3.5000000000000004 0.18181818181818185 0.40184120650821981 2.7958977827482148 16.26136363636364 -2.8940214448175001 0.51192685697303097 3.5500000000000003 1.2247448713915861 38.288680555555565 1.2000000000000004 -0.95297903005573337 0.78574730703237883 0.98480981878222595 0.010259027520836652 2.6022875816993465 25.125000000000004 1.0000000180025095e-35 2.5000000000000004 0.28571428571428648 0.016688539544812402 58.750000000000007 1.1547005383792539 17.500000000000004 0.90714285714285736 0.77500000000000013 3.3207720474597116 1.5000000000000002 2.041666666666667 0.49999999999999811 31.500000000000004 3.5000000000000004 2.5000000000000004 0.060897435897435855 17.050000000000001 54.740159722222224 1.0000000180025095e-35 0.95742710775633699 1.0000000180025095e-35 2.0259803921568635 0.095058637578671723 4.5601812741481309 25.500000000000004 24.500000000000004 32.500000000000007 50.500000000000007 0.45007767869072474 -0.26111648393354664 92.475000000000009
decision_type=2 2 2 2 2 2 2 2 8 2 2 2 10 2 2 2 2 8 2 2 2 2 2 2 2 2 2 2 2 2 2 2 2 2 2 2 2 2 2 2 2 8 2 2 2 2 2 2 2 2 2 2 2 2 2 2 2 2 2 2 2 2
left_child=1 35 4 6 10 16 9 -8 -5 29 31 12 15 14 -14 30 -3 -11 20 24 -6 22 45 48 -20 54 -7 -28 -29 41 60 32 33 -2 36 -1 37 -9 -38 -40 -41 42 43 -4 -43 51 52 -21 49 -24 -15 -13 -23 -33 -26 56 -55 -18 -46 -22 -12 -62
right_child=2 5 3 8 18 26 7 34 -10 17 11 21 13 50 -16 -17 57 -19 19 47 59 46 23 -25 25 -27 27 28 -30 -31 -32 53 -34 -35 -36 -37 38 -39 39 40 -42 44 -44 -45 58 -47 -48 -49 -50 -51 -52 -53 -54 55 -56 -57 -58 -59 -60 -61 61 -63
leaf_value=6.4406236471303835e-05 0.00033176903672139658 -0.0037992185544341141 -0.0002845054862280261 0.0053729280645020694 0.00089749171951589721 -0.0032187648404081726 -0.0012662756801427812 0.001036765464766476 0.018132877412722116 -0.000291738690409149 -4.5013380464842273e-05 -0.0092861037326179407 -0.00021182070893510652 0.0002293863319254519 -0.002943062971100269 -0.0012342550165638233 -0.0011264892086896849 0.002335439398677819 0.0026666638899545572 0.0011046745100031896 -0.0005679011062087125 -0.0034688242055816499 0.0071068964240212145 -9.6445020897006919e-06 -0.00049369378020549528 0.0013714996631826405 -0.0011223187781081278 -0.0036011383195508118 -0.0015835805446933805 0.0067443869472699541 -0.00074101770117180894 -0.001753285385532777 -0.00045918555912403128 -0.00048843265122865413 0.0086271606955872441 -0.0031106686903867534 0.0042270170336702667 0.0045389792526826849 -0.00020698179727423051 0.0024996273415515691 -0.00059967526911142155 -0.00025349795703477618 -0.00017412241194763036 9.2861611996064575e-06 0.00028315273750346704 -0.00036248579156991092 0.00023154803050752238 0.0036185699689876786 -0.00052586226407791425 0.0015699127318662854 -0.0029395320077264422 0.0051575168734001977 0.0029473221415377117 -0.0018691142377236015 0.0001714518597629944 -0.00010439993716123697 -0.011255453962884066 0.0002430502510772259 -0.0056178218966340017 -0.0050260876672716731 0.0001506769891734594 -0.0010008040808017538
leaf_weight=2467 628 143 72 860 1189 263 1311 1735 299 229 549 110 409 649 382 3241 119 60 1307 6236 1727 38 437 16098 2789 2609 711 833 770 53 402 5327 2942 375 141 959 1650 2658 2549 6504 1310 980 802 311 9841 12241 2202 910 321 1218 1279 392 1440 1623 8071 3235 119 135 147 599 1020 121
leaf_count=2467 628 143 72 860 1189 263 1311 1735 299 229 549 110 409 649 382 3241 119 60 1307 6236 1727 38 437 16098 2789 2609 711 833 770 53 402 5327 2942 375 141 959 1650 2658 2549 6504 1310 980 802 311 9841 12241 2202 910 321 1218 1279 392 1440 1623 8071 3235 119 135 147 599 1020 121
internal_value=0.000130214 -0.015778 0.00102547 0.00477247 -0.000410343 -0.0308555 0.00408991 0.00579512 0.022625 0.00165213 -0.00167424 -0.00083772 -0.00446976 -0.00983272 -0.0232891 -0.00173322 -0.0139322 -0.018431 0.00241155 0.00319277 -0.00245876 1.00006e-05 -0.000536862 0.000879391 0.00173208 0.00099072 -0.0334542 -0.0315745 -0.0273971 0.00212952 0.00482322 -0.00417158 -0.000492904 0.00741534 0.00661379 -0.0026831 0.00641769 0.00988735 0.00514774 0.00407613 0.00570633 0.00196191 0.00931282 0.0321484 0.00116647 -0.0025459 0.00458979 0.0062117 0.00844461 0.0110175 -0.00430016 0.00893638 0.00986815 -0.00557933 -0.000321794 -0.00300221 -0.00779977 -0.00154902 0.00198168 -0.00618608 0.00774394 0.0117732
internal_weight=120147 6400 113747 31512 82235 2974 30353 17858 1159 12495 56798 42549 8052 2719 791 5333 397 289 25437 21922 3515 34497 30817 18074 14776 13469 2577 2314 1603 12206 2092 14249 3945 1003 16547 3426 16406 4393 12013 10363 7814 12153 1185 383 10968 12743 3680 7146 1976 1655 1928 502 1478 10304 10860 4977 1742 254 9988 2326 1690 1141
internal_count=120147 6400 113747 31512 82235 2974 30353 17858 1159 12495 56798 42549 8052 2719 791 5333 397 289 25437 21922 3515 34497 30817 18074 14776 13469 2577 2314 1603 12206 2092 14249 3945 1003 16547 3426 16406 4393 12013 10363 7814 12153 1185 383 10968 12743 3680 7146 1976 1655 1928 502 1478 10304 10860 4977 1742 254 9988 2326 1690 1141
is_linear=0
shrinkage=0.05


Tree=74
num_leaves=63
num_cat=0
split_feature=17 21 24 12 13 21 40 40 14 17 15 15 0 14 40 22 0 24 23 11 42 23 49 2 45 0 40 0 7 14 24 23 24 22 0 24 50 48 39 50 48 27 39 3 11 57 21 21 18 24 0 22 23 43 50 57 7 41 22 2 43 59
split_gain=677.693 508.567 225.44 118.693 105.888 61.0873 66.9739 58.0496 52.5336 228.945 157.777 139.934 107.446 78.3627 52.0546 50.7238 45.9563 43.4688 42.8738 41.8066 40.051 36.5941 34.6865 34.4691 34.4072 59.6046 34.1494 34.0455 32.6972 31.6912 31.5705 30.8763 35.6196 32.1731 30.5073 30.4571 30.1937 28.3362 28.3237 28.2639 28.0354 26.901 26.3968 25.3136 24.9079 31.5504 24.2845 24.1445 29.3219 24.133 24.048 23.2583 22.6238 23.6987 37.5564 32.2586 29.6561 35.0608 25.4384 25.248 32.6724 25.5243
threshold=1.5000000000000002 0.37500000000000006 0.082960965984098953 4.5000000000000009 63.875000000000007 1.0000000180025095e-35 0.12126781251816651 0.94491118252306849 2.5916666666666672 3.5000000000000004 0.49999999999999811 1.0000000180025095e-35 31.500000000000004 2.1742424242424243 -0.86602540378442949 5.6951349984438222 26.500000000000004 0.24472127089928133 2.7958977827482148 2.5000000000000004 12.65 3.5552261608514732 49.850000000000009 0.99635443704902704 21.750000000000004 26.500000000000004 -0.8333333333333327 3.5000000000000004 1.5000000000000002 7.3484848484848486 0.055398083062748606 0.98480981878222595 0.010259027520836652 2.6022875816993465 2.5000000000000004 0.021394742642938704 95.415438888888914 22.650000000000002 0.74833147735478867 96.566243055555603 13.700000000000001 3.4160668320402103 1.1547005383792539 -0.95297903005573337 4.5000000000000009 -3.270511141024516 0.62500000000000011 0.87500000000000011 -0.30000000000000088 0.020638919644711155 32.500000000000007 4.5884602633323874 2.4256632238642628 5.7500000000000009 80.784306944444452 1.246073323946713 1.5000000000000002 6.6571428571428575 5.3414266748366019 -0.91023613416931237 0.50000000000000011 9.9214285714285744
decision_type=2 2 2 2 2 2 2 2 10 2 2 2 2 8 2 2 2 2 2 2 2 2 2 2 2 2 2 2 2 10 2 2 2 2 2 2 2 2 2 2 2 2 2 2 2 2 2 2 2 2 2 2 2 2 2 2 2 2 2 2 2 2
left_child=1 42 3 5 17 22 8 15 11 10 16 12 20 30 18 24 -10 21 -3 -15 -7 -4 -2 39 35 -26 47 -23 44 -19 51 -16 -33 -34 -17 -5 -29 -38 -11 -24 -37 -36 -1 -30 -8 -46 -9 -13 -49 -28 -20 -14 -42 54 56 58 59 -58 -55 60 -54 -61
right_child=2 14 4 7 -6 6 28 46 9 38 -12 26 13 19 31 34 -18 29 50 -21 -22 27 23 -25 25 -27 49 36 43 -31 -32 32 33 -35 41 40 37 -39 -40 -41 52 -43 -44 -45 45 -47 -48 48 -50 -51 -52 -53 53 55 -56 -57 57 -59 -60 61 -62 -63
leaf_value=6.11859246477442e-05 -0.00040659153857744434 -0.0036092576267124088 0.00018957470762043238 -0.0025262655253288527 0.012387143933220202 0.00019408118960683176 -6.3915330397656961e-05 0.0012769972239879525 -0.00018005152775613098 -0.00015359307940371325 -0.0073549816246315852 0.00020017390363657463 0.00010907927472251223 -0.00070338834053207963 -0.0030578265983877643 0.011430600777551848 -0.00019613253752438499 0.0086119158489401989 -0.001070164748255198 0.00029785097409592567 -0.0003426472153215121 0.010465955525889699 0.0014627835984815096 0.015074634011494526 0.0034451807968470362 1.8918759453856462e-05 -0.0034899363535630282 0.0025376402393386013 -0.0068184844476021252 -0.00077673424241626605 8.8218531396289098e-06 -0.0010662028392027234 -0.0034210814035732732 -0.001504401517458709 0.00049354715885736595 0.0089235925042094096 0.0048554739201353897 -0.0063502684263571979 -0.0039130439327640376 -0.0065762625751788597 -0.0016595389546713247 0.0019298104306564535 -0.0029551352558674139 -0.00040636390644270272 -0.0012436699873345338 0.0017779906253406143 0.0028018019388402985 -0.011258886451863327 0.00026037015655997479 -0.00087125445134211832 0.00023089773852336682 0.00029237825797077125 -0.0027406547790181424 -0.0013784933809355194 0.0039086365846322862 0.00021483231843106855 0.0048315285656557851 -0.00081890093252811604 -0.0067128251855240852 -0.00015865643706038937 0.0016792910732331247 -0.0066082846103731113
leaf_weight=2467 2920 143 4916 1595 502 254 13836 3847 164 8541 1154 3414 461 150 263 71 892 62 119 194 377 204 5173 67 1555 2915 2046 5419 600 229 188 711 833 770 6772 40 163 205 1595 180 1041 4149 959 2616 790 6226 2575 182 207 2982 135 152 280 2392 722 3401 953 562 278 11470 1766 302
leaf_count=2467 2920 143 4916 1595 502 254 13836 3847 164 8541 1154 3414 461 150 263 71 892 62 119 194 377 204 5173 67 1555 2915 2046 5419 600 229 188 711 833 770 6772 40 163 205 1595 180 1041 4149 959 2616 790 6226 2575 182 207 2982 135 152 280 2392 722 3401 953 562 278 11470 1766 302
internal_value=9.85867e-05 -0.0157311 0.000989424 0.000235624 0.00756303 -0.00133024 -0.00202979 0.00209255 -0.00396205 -0.00617923 -0.0207576 -0.00138056 0.0114209 0.0205454 -0.0308555 0.00138818 -0.0347162 0.00655371 -0.0139322 0.000565217 -0.00513449 0.00706316 0.002613 0.00497971 0.000300448 0.00433796 -0.00395663 0.00968708 -0.000186755 -0.0124829 0.0291085 -0.0334542 -0.0315745 -0.0273971 0.00428409 -0.000427166 0.0089746 -0.0048645 -0.00299842 0.00452839 3.2101e-05 0.00406931 -0.00259556 -0.00487877 0.000536853 0.00296352 0.00650708 -0.000379863 -0.0121667 -0.00666037 -0.00154902 0.0235261 -4.0789e-05 0.000298052 0.0013045 -0.00236248 0.000778988 0.00741755 -0.0064751 5.02931e-05 0.00517587 -0.000840482
internal_weight=120147 6400 113747 102047 11700 55361 47021 46686 22953 12346 2210 10607 1776 1145 2974 40264 1056 11198 397 344 631 10907 8340 5420 29272 4470 8831 5991 24068 291 801 2577 2314 1603 10992 24802 5787 368 10136 5353 23207 10921 3426 3216 20852 7016 6422 3803 389 5028 254 613 23167 22126 16055 6071 15333 1515 2670 13818 2046 11772
internal_count=120147 6400 113747 102047 11700 55361 47021 46686 22953 12346 2210 10607 1776 1145 2974 40264 1056 11198 397 344 631 10907 8340 5420 29272 4470 8831 5991 24068 291 801 2577 2314 1603 10992 24802 5787 368 10136 5353 23207 10921 3426 3216 20852 7016 6422 3803 389 5028 254 613 23167 22126 16055 6071 15333 1515 2670 13818 2046 11772
is_linear=0
shrinkage=0.05


Tree=75
num_leaves=63
num_cat=0
split_feature=17 21 11 17 21 12 40 14 15 15 0 23 14 14 42 28 40 13 0 18 48 44 23 47 45 21 39 23 28 13 44 41 14 2 14 15 18 11 43 11 21 44 46 45 43 20 13 14 48 48 17 51 14 11 20 48 0 0 60 50 40 40
split_gain=672.223 517.972 190.024 124.898 82.1491 70.0209 78.1321 79.8716 338.517 104.772 115.449 71.8882 66.388 55.4708 48.8433 46.1832 53.862 44.7483 43.8019 42.0393 41.9409 44.7607 40.5776 37.2525 35.8336 35.2001 36.1522 33.7927 31.5404 30.1776 28.2923 28.3808 27.4135 27.1202 30.5938 66.3563 33.11 46.5896 30.4976 30.3119 29.8972 28.4705 26.9682 26.6408 26.4243 26.3948 32.6253 26.2724 26.1263 27.8614 25.9238 25.8814 25.6986 24.7452 24.7369 24.0635 23.3747 22.9131 24.4613 25.2131 23.1506 22.6014
threshold=1.5000000000000002 0.37500000000000006 8.5000000000000018 68.500000000000014 1.0000000180025095e-35 3.5000000000000004 0.10580184237878981 2.5916666666666672 1.0000000180025095e-35 1.0000000180025095e-35 31.500000000000004 0.95017100590034098 0.76388888888888895 1.9583333333333337 12.65 2.6149070043531437 -0.86602540378442949 10.625000000000002 26.500000000000004 2.8499999999999921 26.700000000000006 17.100000000000005 1.6648030799354154 8.6100000000000012 67.15000000000002 0.87500000000000011 0.7834262018573378 1.6648030799354154 4.5718712386031468 2.1250000000000004 19.450000000000003 6.2214285714285724 5.3484848484848486 -0.35460488704253573 2.5916666666666672 0.5773502691896174 0.49999999999999989 2.5000000000000004 1.2500000000000002 3.5000000000000004 0.37500000000000006 8.2000000000000011 2.2500000000000004 30.750000000000004 4.2500000000000009 0.24999999999999986 0.37500000000000006 89.291666666666686 40.95000000000001 37.350000000000001 2.5000000000000004 5.5000000000000009 1.6833333333333336 2.5000000000000004 0.08294552669552667 24.450000000000003 23.500000000000004 50.500000000000007 15.700000000000001 97.943555555555562 1.2869966682273393 1.4985862381397375
decision_type=2 2 2 2 2 2 2 10 2 2 2 2 10 10 2 2 2 2 2 2 2 2 2 2 2 2 2 2 2 2 2 2 10 2 10 2 2 2 2 2 2 2 2 2 2 2 2 8 2 2 2 2 8 2 2 2 2 2 2 2 2 2
left_child=1 45 4 19 20 6 7 9 18 10 14 13 -13 -12 42 56 -17 23 -9 30 21 43 -14 24 51 26 50 -16 -24 -10 48 -32 -22 34 36 39 -8 40 -35 61 41 -38 -6 55 53 -1 -47 -5 49 57 -11 -7 -18 -37 -39 -2 -3 58 60 -60 -4 -36
right_child=2 15 3 47 5 17 33 8 29 25 11 12 22 -15 27 16 52 -19 -20 -21 32 -23 28 -25 -26 -27 -28 -29 -30 -31 31 -33 -34 38 35 44 37 54 -40 -41 -42 -43 -44 -45 -46 46 -48 -49 -50 -51 -52 -53 -54 -55 -56 -57 -58 -59 59 -61 -62 -63
leaf_value=0.0001148906363377611 0.00018132608161932075 -0.0039768773925668325 0.00095269570798612875 0.0067320477104222398 0.0003548371894031455 3.1247381495363993e-05 0.00033207705250692943 -0.00018016840706592819 -0.0059058950673824169 0.0010664734813148225 1.5101374597581431e-05 -0.0017829083879510933 8.3807604826513504e-06 -6.5688224138993338e-07 -0.00031365751324938799 -3.5562650602261046e-05 -0.00084799145679401167 0.0048313902840907644 -0.00018633046751154181 0.0048867367718063992 0.0012224954099637197 0.0042213136661994671 0.00010886052850216377 0.0042830644378753059 0.0036107193881936787 -0.0025128583219716674 -0.0033939063980496622 -0.00035483752638392212 0.0002777593450722371 -0.00082908655685195456 -0.0015020731105209963 0.004071846823603043 0.0045590791400567992 5.3822943493186953e-05 -0.00051204752597903698 -0.006643925048273925 0.012159766018349184 0.00093994494538950373 -0.00061642208591961576 -0.00012364893592417547 -0.00077885666270949283 -0.0015869606209542365 -0.00034049393349581128 0.0062922249218049344 0.00062084329428904739 -0.0032740107063039428 7.3348193290190267e-05 0.018734857531338057 0.0043265042493241257 -0.0039836782073341074 -0.0006068063684030845 -0.0017981423661196372 -0.0019382121008186095 -0.00019816628414252025 -0.0081250662559898875 -0.0027559640018445576 -0.0032500273333946118 -0.0035679582268832613 0.00023770240231886232 -0.005734345323677348 0.002952836141672366 0.00025410006495070746
leaf_weight=2400 6086 322 13231 439 227 37578 2975 167 853 1241 25 76 162 87 74 241 1176 767 910 2047 3331 935 695 647 232 831 2679 332 189 5689 128 855 1959 5583 294 104 50 991 4076 204 428 291 27 271 1436 537 489 217 334 138 3146 815 211 1667 610 1095 1024 300 4405 192 1594 32
leaf_count=2400 6086 322 13231 439 227 37578 2975 167 853 1241 25 76 162 87 74 241 1176 767 910 2047 3331 935 695 647 232 831 2679 332 189 5689 128 855 1959 5583 294 104 50 991 4076 204 428 291 27 271 1436 537 489 217 334 138 3146 815 211 1667 610 1095 1024 300 4405 192 1594 32
internal_value=-2.78407e-05 -0.0157936 0.000859312 0.00482371 -0.000194118 -0.000834679 -0.00242988 -0.00484148 -0.00868045 -0.00185304 0.00870449 0.0177287 0.021545 -0.0203097 -0.00816188 -0.0310571 -0.0253499 0.000605519 -0.0346429 0.00421507 0.00337367 0.0011737 0.0248281 0.000371629 0.000172034 -0.00438655 -0.00323971 -0.0189066 0.0205593 -0.00440089 0.00355298 0.0118343 0.00685976 -0.000189147 0.00177199 -0.00169743 0.00419847 -0.000208773 -0.00203364 -0.0180697 -0.0103182 0.000716374 0.009 -0.000120086 0.00101153 -0.0025372 -0.00924537 0.0263242 0.00314905 0.00291501 -0.000443254 5.32635e-05 -0.029139 -0.0030728 0.00464732 -0.000702451 -0.0379324 0.0030723 0.00328451 9.67812e-05 0.00427256 -0.0275076
internal_weight=120147 6400 113747 23880 89867 76190 36151 17410 7619 9791 1894 1234 1122 112 660 2974 1628 40039 1077 23224 13677 8387 1046 39272 38625 7897 7066 406 884 6542 21177 983 5290 18741 9082 3737 5345 2370 9659 530 769 341 254 7452 3207 3426 1026 656 20194 19860 4387 38393 1387 1771 1601 7181 1346 19722 19422 4597 14825 326
internal_count=120147 6400 113747 23880 89867 76190 36151 17410 7619 9791 1894 1234 1122 112 660 2974 1628 40039 1077 23224 13677 8387 1046 39272 38625 7897 7066 406 884 6542 21177 983 5290 18741 9082 3737 5345 2370 9659 530 769 341 254 7452 3207 3426 1026 656 20194 19860 4387 38393 1387 1771 1601 7181 1346 19722 19422 4597 14825 326
is_linear=0
shrinkage=0.05


Tree=76
num_leaves=63
num_cat=0
split_feature=17 21 11 17 27 14 17 39 39 23 20 14 22 40 44 39 2 39 38 23 2 40 45 44 57 22 11 44 3 59 43 12 11 21 18 40 14 44 48 41 59 18 47 41 16 18 20 22 3 14 57 22 22 43 59 20 13 17 13 23 2 27
split_gain=645.725 508.663 177.931 135.688 77.8719 67.5906 162.788 292.361 83.277 67.8806 66.9192 52.607 51.8221 62.8803 51.4252 64.6997 49.4182 50.6897 68.5151 50.4806 45.348 43.6652 40.7968 38.8257 41.8777 38.5834 37.0692 37.4545 34.2938 33.5601 34.7512 32.2044 31.0024 33.8928 35.5658 39.3632 28.9031 27.6864 27.6792 30.2751 32.8457 27.4423 26.5243 29.5975 26.3194 25.8042 25.2609 25.239 25.1821 24.7518 24.3609 26.8803 24.3892 23.895 23.8433 23.7798 29.3153 23.416 23.3821 23.6077 23.3747 22.7444
threshold=1.5000000000000002 0.37500000000000006 27.500000000000004 4.5000000000000009 3.3207720474597116 2.5916666666666672 3.5000000000000004 0.21883578073248572 0.398519883915809 0.95017100590034098 0.062499999999999958 89.291666666666686 2.6022875816993465 -0.86602540378442949 14.950000000000001 1.0000000180025095e-35 -0.23931566428755757 0.13205891141466758 1.8750000000000002 1.6648030799354154 -0.060268340127661552 0.48692584054817684 58.750000000000007 14.65 0.35285102049412093 5.3590926566705122 2.5000000000000004 15.15 1.0000000180025095e-35 6.3000000000000007 4.5000000000000009 2.5000000000000004 2.5000000000000004 0.37500000000000006 0.49999999999999989 0.36927447293799837 1.1742424242424245 16.250000000000004 29.350000000000005 14.842857142857143 17.485714285714291 -3.1500000000000097 5.1800000000000006 -0.50714285714285701 1.2500000000000002 -0.30000000000000049 0.20719246031746033 4.5394102085278565 0.8542199457734333 12.958333333333334 2.2080602875469126 1.8064503579209463 4.6187060421994888 -7.8999999999999995 19.935714285714287 0.24999999999999986 0.37500000000000006 12.500000000000002 1.8750000000000002 1.6648030799354154 0.23931566428755768 4.8389781859931125
decision_type=2 2 2 2 2 10 2 2 2 2 2 8 2 2 2 2 2 2 2 2 2 2 2 2 2 2 2 2 2 2 2 2 2 2 2 2 8 2 2 2 2 2 2 2 2 2 2 2 2 10 2 2 2 2 2 2 2 2 2 2 2 2
left_child=1 55 3 5 25 8 7 10 9 37 20 -4 60 -14 22 -16 17 18 -11 -20 -7 -12 23 57 -25 41 27 -9 29 50 -31 -18 33 -10 35 44 -15 -2 39 40 -32 -5 43 -27 -35 -19 -23 -21 -30 -50 51 -17 -52 -45 -49 -1 -57 -6 -46 -60 -3 -41
right_child=2 12 11 4 14 6 -8 26 32 16 21 -13 13 36 15 28 31 45 19 47 -22 46 -24 24 -26 42 -28 -29 48 30 38 -33 -34 34 -36 -37 -38 -39 -40 61 -42 -43 -44 53 58 -47 -48 54 49 -51 52 -53 -54 -55 -56 56 -58 -59 59 -61 -62 -63
leaf_value=0.00010914610452087415 -6.2403812931544069e-07 -0.0030875259667248801 0.004931442059842462 -0.010299001208795323 0.0004217037801712509 -0.0001797215045386047 -3.6008608604320984e-05 -0.0060392892569354432 -0.00020251603307546164 -0.00039660587455629952 4.4054639390417316e-05 0.01604408993390587 -3.3784518072149661e-05 -0.00078319539315691586 -0.0012127441718007726 -0.0092586911923489227 -0.0002600277884211133 -0.0010727806312409438 7.9617224585160077e-06 0.00010341750207705226 -0.00025241365237660965 -0.00041601260033055643 0.0042595802797733562 0.00021278122396856114 -0.0066249681511365401 -0.0010499410626335526 0.00018605139901750058 0.0022716085759089013 -0.0015092876053773075 -0.00058637131004950498 0.0019459022977880826 0.00036486061720170104 0.00028402339323277404 -0.01117427628010384 -0.00074360439677140233 0.00051330828605927194 -0.0012765321059025865 8.3816484280130336e-06 -0.00087877390051698261 0.0059310939567767569 -0.0050971234702788032 -0.00018360814515729908 0.003892097056523847 0.0053998033166120065 0.00017541719483473719 0.00025096149383412313 -9.3904739373656959e-05 0.00024431177092942846 0.00069974293153739491 0.0097598963942960651 0.0015163780447881138 0.0071027993895799169 0.00508974746408738 0.00057207377234766985 -0.00018449478862491155 -0.0031103101709887451 6.9680783625680753e-05 0.0014315549893760826 -0.0026861769310041143 -0.0011429265513266396 -0.0037780335229384929 0.001774041991843678
leaf_weight=2400 165 1024 1386 242 19890 936 8859 1663 4780 218 252 262 241 953 195 21 1761 571 168 680 184 288 430 557 362 1505 1152 386 845 823 1640 1057 4374 1044 972 744 434 24 510 1112 96 25581 549 387 1062 2649 86 201 552 163 942 801 510 10039 22 537 489 8163 87 1375 322 424
leaf_count=2400 165 1024 1386 242 19890 936 8859 1663 4780 218 252 262 241 953 195 21 1761 571 168 680 184 288 430 557 362 1505 1152 386 845 823 1640 1057 4374 1044 972 744 434 24 510 1112 96 25581 549 387 1062 2649 86 201 552 163 942 801 510 10039 22 537 489 8163 87 1375 322 424
internal_value=-7.61145e-05 -0.015528 0.000793377 0.000553479 0.00174411 -0.00198806 -0.00472912 -0.0119937 -0.000263949 0.00400359 -0.0284459 0.0170982 -0.0306538 -0.0246133 0.00334661 0.00673943 0.0047687 0.00801441 0.0163915 0.0215905 -0.0357672 -0.015303 0.00234993 0.00212249 -0.0079837 0.000152595 -0.00301218 -0.00704634 0.0073987 0.00891642 0.00645788 -0.000423909 -0.00248598 -0.00401341 -0.00677294 -0.00482147 -0.0287068 -0.0255 0.00848401 0.0101726 0.00563903 -0.000950472 0.0024353 0.00193974 -0.00700336 0.00465539 -0.02612 0.0168639 0.000701473 0.00760475 0.0138879 0.0207716 0.00997591 0.00288626 0.0314509 -0.0023913 -0.00875852 0.00245402 -0.00423564 -0.00833561 -0.0379324 0.0152863
internal_weight=120147 6400 113747 112099 76339 35760 13806 4947 21954 7516 1746 1648 2974 1628 38036 8634 7327 4509 1289 1071 1120 626 29402 28972 919 38303 3201 2049 8439 6879 4605 2818 14438 10064 5284 4312 1387 189 3782 3272 1736 25823 12480 11931 3568 3220 374 903 1560 715 2274 822 1452 10426 223 3426 1026 28053 2524 1462 1346 1536
internal_count=120147 6400 113747 112099 76339 35760 13806 4947 21954 7516 1746 1648 2974 1628 38036 8634 7327 4509 1289 1071 1120 626 29402 28972 919 38303 3201 2049 8439 6879 4605 2818 14438 10064 5284 4312 1387 189 3782 3272 1736 25823 12480 11931 3568 3220 374 903 1560 715 2274 822 1452 10426 223 3426 1026 28053 2524 1462 1346 1536
is_linear=0
shrinkage=0.05


Tree=77
num_leaves=63
num_cat=0
split_feature=13 35 24 22 22 20 16 15 23 40 14 14 3 22 46 44 27 14 15 15 1 20 14 39 18 39 20 24 46 13 14 43 50 27 2 24 24 2 14 39 46 20 39 48 14 49 40 18 57 44 2 40 22 1 38 1 1 3 48 59 14 15
split_gain=484.192 289.889 174.005 130.49 92.3901 89.4664 81.637 110.624 70.9808 63.0451 61.8868 61.6025 49.2688 41.2256 42.7136 45.4464 41.1941 55.128 67.7432 46.7704 42.4995 40.7973 38.5035 82.1291 142.987 58.8168 35.7992 33.1468 33.8956 31.6937 34.224 31.3298 30.2266 29.6691 30.3991 29.6549 28.7453 28.6232 46.5064 54.275 30.1102 28.5311 27.2411 28.7462 27.1816 26.6546 25.2764 25.1704 24.7797 29.3358 24.6555 24.6191 31.6728 24.1777 24.0613 23.7667 23.591 23.1523 26.2908 23.0346 22.6743 22.077
threshold=1.1250000000000002 1.0000000180025095e-35 0.043880731548761258 9.5926299283154144 3.5389689966895852 0.083333333333333273 1.0000000180025095e-35 0.57735026918962806 0.95017100590034098 0.86602540378444648 2.3484848484848491 89.291666666666686 -0.99635443704902682 12.427871148459387 0.35000000000000003 14.15 3.3207720474597116 2.041666666666667 0.499999999999999 0.49999999999999928 7.5000000000000009 0.22365596757044123 2.5916666666666672 0.047971254262073194 -4.5548246203200423e-16 0.40000000000000063 0.060897435897435855 0.020638919644711155 67.15000000000002 3.1250000000000004 2.5916666666666672 -12.649999999999997 95.415438888888914 2.3571913259413262 0.29696027566504674 0.037128954911631352 0.24472127089928133 -0.35460488704253573 2.1547619047619051 0.13205891141466758 21.550000000000004 0.50000000000000011 1.4142135623730965 34.600000000000001 1.0871212121212122 52.750000000000007 0.18898223650461371 0.19999999999999898 -0.72487170759129727 8.5500000000000025 0.8542199457734333 0.49999999999999856 2.6022875816993465 7.5000000000000009 1.4166666666666667 1.5000000000000002 7.5000000000000009 -0.95297903005573337 30.700000000000006 19.935714285714287 1.9583333333333337 0.49999999999999972
decision_type=2 2 2 2 2 2 2 2 2 2 8 8 2 2 2 2 2 8 2 2 2 2 10 2 2 2 2 2 2 2 8 2 2 2 2 2 2 2 8 2 2 2 2 2 10 2 2 2 2 2 2 2 2 2 2 2 2 2 2 2 10 2
left_child=1 5 4 8 22 10 26 41 60 12 61 32 -10 27 -15 44 17 18 20 29 -14 36 25 24 -24 33 -3 37 47 30 50 -21 -5 34 -2 -25 -18 38 39 56 -39 51 43 57 -16 -23 -41 55 -33 -50 -19 52 -8 -54 -28 -29 -6 -11 -59 -51 -4 -1
right_child=2 6 3 11 13 -7 7 -9 9 42 -12 -13 16 14 15 -17 21 19 -20 31 -22 45 23 35 -26 -27 54 28 -30 -31 -32 48 -34 -35 -36 -37 -38 40 -40 46 -42 -43 -44 -45 -46 -47 -48 -49 49 59 -52 -53 53 -55 -56 -57 -58 58 -60 -61 -62 -63
leaf_value=-0.0018685446454071554 0.00029087144802397713 0.00023891747030045931 -0.00076327723993954157 0.0047734624864716694 -0.00017448479152916142 -0.0011489072856963268 -0.0031119170803708129 -0.0009174466987522667 0.0049275265832388337 -0.001029762026288772 -0.0023279521642038947 0.015241885437210591 -0.00022446358606703631 -0.0029198146098408095 0.010376090308299935 0.0071396203134562524 0.00023846760961157012 0.00020177367040029594 0.00025192678180410157 0.004422766971254888 7.5636363355946486e-06 0.00088374028545283318 0.00075318536868753121 -0.0022649517248625405 -0.00015684028080162893 -0.0010912841875848401 -0.0028490066720080589 0.0029093798983156117 0.004797155523355013 -0.00028953167290661773 -0.00017676059320838046 0.00035775932194791475 -0.0026671710004689819 2.2554242078476338e-06 -6.5198131744392815e-05 -0.00030592437858560363 -0.00043863734258200451 -0.00094060500254985471 -0.00022479751666122373 -0.001124098652391392 0.0011695835645488262 -0.0021154115872485226 0.013474570395551678 0.0052273981155264715 0.00073947295731437992 0.0031544082548256693 0.00067594614812495075 0.00055909848327142522 0.00056626436331077559 -0.00098168983389929076 -0.00031046784739996447 -0.002222228915365082 -0.0015257082795246402 0.00021024873771303688 -0.0021302871121667401 -6.8201979642840135e-05 0.00027445811618670435 0.0020629823330565291 -0.00026015817918928485 0.0045028870433361737 -5.928362228457829e-07 -0.0015651103084059481
leaf_weight=1293 996 3279 329 1854 21 294 143 2461 740 583 152 271 34 266 75 594 14333 75 743 417 203 2894 182 5417 434 6544 424 709 159 659 242 4373 114 3074 482 3804 156 4986 4693 648 589 476 202 295 1109 3892 900 11769 1289 5865 26 1069 109 137 503 15994 214 5385 888 118 103 65
leaf_count=1293 996 3279 329 1854 21 294 143 2461 740 583 152 271 34 266 75 594 14333 75 743 417 203 2894 182 5417 434 6544 424 709 159 659 242 4373 114 3074 482 3804 156 4986 4693 648 589 476 202 295 1109 3892 900 11769 1289 5865 26 1069 109 137 503 15994 214 5385 888 118 103 65
internal_value=-0.000113568 -0.0104214 0.000863791 0.00320382 -0.000830113 -0.0286399 -0.00659672 -0.0113615 0.00260224 0.00280319 -0.0335506 0.0149754 0.00194246 0.000503078 0.00743032 0.0102277 0.00167455 -0.000426842 0.0110041 -0.0012855 0.0342227 0.0030619 -0.0035514 -0.00582893 -0.0234927 -0.00153149 -0.00161517 0.000154733 0.00108078 -0.01166 -0.023968 -0.000422366 0.0118817 0.0028322 0.00865112 -0.00464596 0.0015628 -0.00204489 0.000215377 0.007088 -0.00467091 -0.0203075 0.00702271 0.00650797 0.00455274 0.00626123 0.00367657 0.000951603 -0.000905461 -0.00269421 0.000441176 -0.02378 -0.0129359 -0.00200405 -0.0102856 -0.000296037 0.029428 0.00584731 0.00673334 -0.00416862 -0.0175404 -0.0369352
internal_weight=120147 10405 109742 46083 63659 1804 8601 4395 43844 43412 1510 2239 36059 42726 2044 1778 35319 14044 980 13064 237 21275 20933 9837 616 11096 4206 40682 28631 1002 343 12062 1968 4552 1478 9221 14489 12051 6476 1783 5575 1934 7353 7151 1184 6786 1548 28472 11645 7272 101 1458 389 246 927 16703 235 6856 6273 5983 432 1358
internal_count=120147 10405 109742 46083 63659 1804 8601 4395 43844 43412 1510 2239 36059 42726 2044 1778 35319 14044 980 13064 237 21275 20933 9837 616 11096 4206 40682 28631 1002 343 12062 1968 4552 1478 9221 14489 12051 6476 1783 5575 1934 7353 7151 1184 6786 1548 28472 11645 7272 101 1458 389 246 927 16703 235 6856 6273 5983 432 1358
is_linear=0
shrinkage=0.05


Tree=78
num_leaves=63
num_cat=0
split_feature=17 21 13 12 40 40 21 14 18 15 39 0 23 14 22 0 14 14 45 0 0 23 40 23 7 14 22 60 20 2 15 42 48 48 20 49 60 60 23 50 46 57 2 22 16 38 50 45 48 3 14 40 41 48 12 49 50 14 46 42 45 2
split_gain=611.936 485.466 158.956 116.988 65.8554 62.0082 63.48 70.3697 227.779 117.903 86.1248 88.7085 63.0379 69.34 61.8229 59.4516 55.4708 52.1612 49.691 71.1834 49.6476 47.9241 46.2039 42.3623 38.8443 38.1786 37.5162 36.7812 33.9856 32.7356 45.5491 31.9314 31.4385 44.5228 41.4692 41.2756 38.2965 46.5233 54.892 34.419 33.0424 31.3106 30.638 32.1688 29.4917 30.3342 29.445 37.7289 28.9358 28.5865 27.4417 27.3971 27.2151 26.7825 26.6472 25.9931 35.6958 28.6044 25.7396 25.5549 25.1957 37.4787
threshold=1.5000000000000002 0.37500000000000006 25.125000000000004 4.5000000000000009 0.89577374077068617 1.0000000180025095e-35 0.37500000000000006 2.5916666666666672 -4.5548246203200423e-16 0.49999999999999811 0.11764705882352948 31.500000000000004 0.95017100590034098 0.76388888888888895 2.6022875816993465 3.5000000000000004 1.9583333333333337 89.291666666666686 21.750000000000004 26.500000000000004 26.500000000000004 1.6648030799354154 -0.86602540378442949 1.6648030799354154 1.5000000000000002 1.1742424242424245 4.5884602633323874 8.3500000000000032 0.055555555555555559 0.91023613416931248 1.0000000180025095e-35 25.250000000000004 29.250000000000004 26.700000000000006 0.031250000000000056 49.150000000000006 28.800000000000001 5.1500000000000012 11.57249811861425 98.975027777777797 2.6000000000000005 3.6313327647207481 0.8542199457734333 6.4629692337461302 1.2500000000000002 2.1250000000000004 62.148355555555561 20.000000000000004 27.250000000000004 -0.95297903005573337 5.9583333333333348 1.4756275930887879 -1.6928571428571424 25.150000000000002 19.500000000000004 51.650000000000006 43.967513888888895 4.041666666666667 1.3500000000000003 13.850000000000003 2.3500000000000001 0.78574730703237894
decision_type=2 2 2 2 2 2 2 10 2 2 2 2 2 10 2 2 10 8 2 2 2 2 2 2 2 8 2 2 2 2 2 2 2 2 2 2 2 2 2 2 2 2 2 2 2 2 2 2 2 2 8 2 2 2 2 2 2 10 2 2 2 2
left_child=1 -1 3 5 15 6 48 10 29 20 11 21 16 -14 -3 -5 -13 -4 32 27 -10 -8 -16 -15 46 -24 -25 54 -6 30 55 -32 33 35 -35 41 37 38 -34 60 58 42 -17 -44 -12 -46 47 50 52 53 51 -7 -2 -26 -20 57 -57 -9 -36 -53 61 -37
right_child=2 14 17 4 28 24 7 8 9 -11 44 12 13 23 22 18 -18 -19 19 -21 -22 -23 25 26 49 -27 -28 -29 -30 -31 31 -33 36 34 40 39 -38 -39 -40 -41 -42 -43 43 -45 45 -47 -48 -49 -50 -51 -52 59 -54 -55 -56 56 -58 -59 -60 -61 -62 -63
leaf_value=-0.0009473227602207452 -0.0032453842606688433 -0.002839722436118275 0.0041177837174872561 0.0080746797204511497 0.0028254234245909783 -0.00011054725713823266 -0.00027595761695075048 0.00011792748008774279 -0.00019581478774934882 -0.00083842525614214467 -0.010262524498630654 5.2541369771152985e-05 -0.000838105069556433 7.1854545188099198e-06 -3.1312498309982173e-05 0.00050870869304208148 -5.6319441170682445e-07 0.014235476520736557 0.0013065644998824346 0.00028559879402665359 -0.00016059543594367789 -2.8641717128230495e-05 -0.00063292417773081486 8.370305457199301e-05 -0.0035534454398543081 -0.0011015940548392029 0.0002379328834628214 0.0048011647778931415 0.0012118952972171805 -0.0010428294868669418 -0.0013466812353612246 0.0022832210363669891 -0.00051730348256517347 -0.0003717570940698467 0.0013272726973772688 -0.011115742488718196 0.0021097228810210977 -0.0029658307371000728 0.0065081709957607982 -0.0085084443764106513 0.0024962912226685011 -0.0012268058094309531 0.0020672884756165466 0.0088570520329457787 0.00035906436490866782 -0.0011429547933253293 0.00032351506125906094 -0.00073374362777511859 0.0011576717756940859 -0.00027217205204839722 0.0020677177320319374 0.0010830878641461151 -0.00025186612622529747 -0.011354683459014393 0.0098039788832793746 8.2298222354915137e-05 -0.00019679228076697753 -4.4990814586187702e-05 -0.0022133589431752921 -0.0036888118255852254 -0.00021946151321268205 -0.0010840815344345556
leaf_weight=3426 790 1346 1454 483 3025 11044 104 394 164 512 1029 25 110 175 241 11296 87 272 1200 4840 901 562 953 713 555 434 188 1081 4940 512 5215 471 2598 1439 959 365 666 2211 209 99 4776 2041 1116 179 1881 3030 8951 1837 4514 3302 1843 1304 6587 160 89 149 252 131 691 145 8380 1701
leaf_count=3426 790 1346 1454 483 3025 11044 104 394 164 512 1029 25 110 175 241 11296 87 272 1200 4840 901 562 953 713 555 434 188 1081 4940 512 5215 471 2598 1439 959 365 666 2211 209 99 4776 2041 1116 179 1881 3030 8951 1837 4514 3302 1843 1304 6587 160 89 149 252 131 691 145 8380 1701
internal_value=-9.52575e-05 -0.0151375 0.000751178 0.00051905 0.0021825 -0.00105044 -0.00270888 -0.00470583 -0.00780798 -0.0249968 -0.00128969 0.00778372 0.0153926 0.0187826 -0.0299143 0.00146155 -0.0203097 0.0158049 0.00127773 0.00508875 -0.03447 -0.00703898 -0.0233241 0.0226509 0.000571169 -0.0268336 0.0182317 0.0121868 0.00638275 -0.0039993 -0.00305383 -0.00472921 0.00056795 0.00115894 0.00444254 0.000132854 -0.00286631 -0.00436242 -8.72507e-05 -0.00225156 0.00616073 0.00185164 0.00278312 0.0100656 -0.00429137 -0.0026761 0.00130129 2.75133e-05 7.94652e-05 -0.00399328 0.000892446 5.16248e-05 -0.00184942 -0.0130517 0.00646899 0.00722222 -0.00235075 0.0145342 5.75409e-05 0.00651379 -0.00197138 -0.00691582
internal_weight=120147 6400 113747 112021 54384 57637 28496 16605 8701 1577 7904 1964 1298 1186 2974 46419 112 1726 45936 7210 1065 666 1628 1076 29141 1387 901 2370 7965 7124 6612 5686 38726 33042 7865 25177 5684 5018 2807 10545 6426 14632 12591 1295 5940 4911 25124 16173 11891 4017 14336 12493 7377 715 1289 926 401 525 1650 1449 10446 2066
internal_count=120147 6400 113747 112021 54384 57637 28496 16605 8701 1577 7904 1964 1298 1186 2974 46419 112 1726 45936 7210 1065 666 1628 1076 29141 1387 901 2370 7965 7124 6612 5686 38726 33042 7865 25177 5684 5018 2807 10545 6426 14632 12591 1295 5940 4911 25124 16173 11891 4017 14336 12493 7377 715 1289 926 401 525 1650 1449 10446 2066
is_linear=0
shrinkage=0.05


Tree=79
num_leaves=63
num_cat=0
split_feature=13 21 13 15 28 24 28 15 14 3 23 37 0 24 27 14 23 14 0 13 11 47 28 28 24 14 44 44 0 40 32 23 40 39 14 23 14 38 23 37 42 24 44 28 59 44 20 18 20 29 48 32 44 44 12 19 0 60 42 43 23 14
split_gain=385.166 411.368 152.042 128.124 118.317 110.04 81.4989 76.8418 75.8689 61.9469 56.7532 54.2208 129.2 56.8654 52.2972 47.8638 42.2406 71.1832 84.6212 53.2543 41.8759 40.6747 38.4614 37.326 37.1646 31.8443 30.5792 31.6181 30.1105 29.5384 29.5004 37.6563 27.6209 30.4142 32.9119 28.8119 66.9969 35.0638 28.6158 27.4906 30.266 26.0809 25.7388 25.1055 25.309 24.8365 24.6959 24.1855 36.5947 23.8498 23.5605 23.4698 23.4424 23.3006 27.6061 23.1102 23.0475 22.4679 22.1648 22.7515 22.0803 29.2557
threshold=1.1250000000000002 0.37500000000000006 25.125000000000004 0.57735026918962806 2.6149070043531437 0.043880731548761258 3.7152230983366308 0.49999999999999928 1.9583333333333337 -0.78574730703237872 2.2151369335798896 0.93750000000000011 31.500000000000004 0.012236796859434603 3.3207720474597116 82.625000000000014 0.95017100590034098 2.041666666666667 31.500000000000004 3.1250000000000004 1.0000000180025095e-35 8.6100000000000012 2.5869614198689526 12.326344198960589 0.010259027520836652 2.5916666666666672 8.5500000000000025 11.450000000000001 4.5000000000000009 1.0190493307301376 1.0000000180025095e-35 1.7957546306631935 0.25116550748367655 0.6343239424027175 2.5916666666666672 2.4256632238642628 2.5916666666666672 3.1250000000000004 3.0912412957499815 0.73214285714285732 24.750000000000004 0.022558696794051803 10.15 1.6446721307804613 1.0000000180025095e-35 17.100000000000005 0.083333333333333273 -0.20000000000000021 0.16517857142857148 2.9443373168190847 25.250000000000004 1.0000000180025095e-35 14.450000000000001 17.100000000000005 1.0000000180025095e-35 2.5000000000000004 23.500000000000004 0.35000000000000003 27.150000000000002 12.850000000000003 5.6014329013980619 4.5227272727272743
decision_type=2 2 2 2 2 2 2 2 8 2 2 2 2 2 2 8 2 8 2 2 2 2 2 2 2 8 2 2 2 2 2 2 2 2 10 2 10 2 2 2 2 2 2 2 2 2 2 2 2 2 2 2 2 2 2 8 2 2 2 2 2 10
left_child=1 49 5 4 56 6 32 8 9 -7 22 20 -13 -14 21 -4 -10 18 -18 25 -6 26 -9 41 -22 51 -12 -28 -25 42 31 52 35 34 -34 36 -2 46 -35 -30 57 55 -16 -37 -45 -24 -38 48 -5 -1 -32 -19 -21 -46 -55 -8 -3 -41 -57 -60 61 -44
right_child=2 3 15 47 11 7 23 10 16 -11 14 12 13 -15 29 -17 17 19 -20 30 24 -23 45 28 -26 -27 27 -29 39 -31 50 -33 33 38 -36 43 37 -39 -40 40 -42 -43 60 44 53 -47 -48 -49 -50 -51 -52 -53 -54 54 -56 58 -58 -59 59 -61 -62 -63
leaf_value=-0.001298167640960868 -0.00054124963152437646 -0.0033226341818412028 0.0036958748185649259 0.0049310479859751184 -3.5394488766588021e-05 -0.00020363589842538056 0.00024883856620423473 -0.00018633157441260152 -5.3503469111815254e-07 4.991430128259422e-05 0.001426934249061357 -0.0010470284730596357 2.0861767989227567e-05 -0.0011948170899908129 0.00019621006084168392 0.012871458066777964 -0.00026215973610321797 0.0002054828677278131 6.8261817928738644e-06 0.00021617646958533299 -0.0005360604551920056 0.0046619613235119482 -0.0042900020275451365 0.013625983345626159 -0.0012282957966048504 -0.00016169235856737797 -0.00081010487058590932 0.00033714862861817797 0.007299079145862742 0.002724849393055351 -0.00028192176606243183 -0.00019286078509350713 0.00022398517942517904 -0.0032370714446839813 -0.00022253129722827892 0.0020785361955611317 -0.00015256566414649788 -0.0026548989559429751 -0.00027839943122716094 0.0052832411468461188 0.0088117408459375875 0.000167885373226484 0.0025406895759598983 -0.0029085935370283702 -0.00052380166195560302 1.6059932828471626e-05 -0.006174320357760288 -0.00036659599253728863 -0.01022581565141667 0.0012838402188673382 -0.0015333020061148617 -0.00031439261576855505 -0.00017264285579064454 -0.010237188516928642 0.0019737674967690967 -0.00034751817059062165 -0.0026977363143123601 7.454344251647261e-05 0.0036690936521912802 -0.00031736969099422919 0.002738963844633169 0.0010524891744445152
leaf_weight=4436 1757 322 1388 95 240 26 2364 5274 96 153 1956 131 127 54 3990 338 34 109 122 122 412 482 75 98 663 363 3958 6864 153 3727 117 1355 3415 1671 4359 274 225 334 2211 126 206 22817 2277 1491 9317 27 118 960 213 1729 168 39 40 70 875 9737 1023 1440 300 280 2069 10935
leaf_count=4436 1757 322 1388 95 240 26 2364 5274 96 153 1956 131 127 54 3990 338 34 109 122 122 412 482 75 98 663 363 3958 6864 153 3727 117 1355 3415 1671 4359 274 225 334 2211 126 206 22817 2277 1491 9317 27 118 960 213 1729 168 39 40 70 875 9737 1023 1440 300 280 2069 10935
internal_value=-1.70207e-05 -0.00921055 0.000854679 -0.0211967 -0.0268735 0.000619301 -0.00071332 0.00253036 -0.00557195 0.0258056 0.00306461 -0.0177795 0.000942492 0.0282692 0.00377548 0.0155732 -0.0077728 -0.00649595 0.0260828 -0.0087057 -0.0222226 0.00127404 -0.00172866 0.000779409 -0.0264359 -0.0229395 0.000735191 -0.000304444 0.00738389 0.0052174 -0.00465613 -0.00187418 -0.00285799 -0.00104615 0.000758199 -0.00431787 -0.00927926 -0.0226327 -0.00466006 0.00599429 0.0042273 0.000402687 0.00442845 -0.00331269 -0.00366216 -0.0319903 -0.0338517 -0.00787628 -0.0200485 -0.000964158 -0.0193881 -0.00332215 0.0208282 -0.00277648 0.00469873 -0.001415 -0.0378492 0.00184748 -0.002437 0.00704819 0.00536219 0.00460872
internal_weight=120147 10405 109742 4240 2972 108016 63638 44378 2744 179 41634 1627 312 181 36258 1726 2565 2469 156 2313 1315 13260 5376 37521 1075 511 12778 10822 2023 22998 1802 1517 26117 11656 7774 14461 2434 677 3882 1925 1772 35498 19271 12027 11753 102 343 1268 308 6165 285 148 162 10262 945 12681 1345 1566 10317 580 15281 13212
internal_count=120147 10405 109742 4240 2972 108016 63638 44378 2744 179 41634 1627 312 181 36258 1726 2565 2469 156 2313 1315 13260 5376 37521 1075 511 12778 10822 2023 22998 1802 1517 26117 11656 7774 14461 2434 677 3882 1925 1772 35498 19271 12027 11753 102 343 1268 308 6165 285 148 162 10262 945 12681 1345 1566 10317 580 15281 13212
is_linear=0
shrinkage=0.05


Tree=80
num_leaves=63
num_cat=0
split_feature=17 21 24 28 13 28 15 37 0 24 45 40 24 28 24 28 40 14 13 59 14 15 13 39 24 28 0 49 39 45 42 43 40 24 14 20 39 60 0 14 28 14 15 0 15 42 13 13 0 41 24 59 43 24 2 41 42 37 0 40 48 40
split_gain=495.394 381.199 143.005 121.782 102.76 78.7082 56.5202 55.9152 133.609 50.2326 43.0215 40.6247 39.3982 38.7763 38.4568 37.3267 36.1628 32.0495 31.4901 29.1188 26.377 84.1602 93.0183 50.7885 34.791 25.9488 25.6209 25.54 29.3763 26.6927 25.3508 40.6162 28.5401 25.0398 24.7527 26.4794 24.3618 23.812 22.7831 22.6409 22.4243 23.3267 72.7076 88.1848 25.8462 27.5949 30.6075 22.3127 22.0678 21.8625 21.7512 28.7698 22.3166 20.996 36.2724 20.9472 25.3601 20.5598 20.5392 30.3063 20.4763 20.4517
threshold=1.5000000000000002 0.37500000000000006 0.054238101298389706 2.6149070043531437 66.375000000000014 3.5354556262410495 1.7078251276599312 0.93750000000000011 31.500000000000004 0.012236796859434603 67.15000000000002 -0.86602540378442949 0.010259027520836652 8.6159983513796607 0.033241297389130356 3.3032645089341353 0.83333333333333304 16.26136363636364 25.125000000000004 14.885714285714288 2.5916666666666672 0.499999999999997 3.8750000000000004 0.40000000000000063 0.037128954911631352 6.5695326117996578 45.500000000000007 60.650000000000006 0.15318833724101427 28.600000000000005 24.950000000000003 12.850000000000003 -1.0000000180025095e-35 0.092453843413316764 1.6833333333333336 0.68373249557460103 1.2670604472047693 6.4500000000000011 23.500000000000004 2.041666666666667 1.5384784224852228 2.041666666666667 0.499999999999999 31.500000000000004 0.49999999999999928 3.1000000000000005 3.1250000000000004 13.125000000000002 50.500000000000007 -1.9357142857142853 0.017793142969387853 15.021428571428574 3.8000000000000003 0.078511728461787875 0.78574730703237894 15.571428571428573 25.250000000000004 0.86607142857142871 26.500000000000004 0.84887468762716578 14.450000000000001 -0.26111648393354664
decision_type=2 2 2 2 2 2 2 2 2 2 2 2 2 2 2 2 2 8 2 2 10 2 2 2 2 2 2 2 2 2 2 2 2 2 8 2 2 2 2 8 2 8 2 2 2 2 2 2 2 2 2 2 2 2 2 2 2 2 2 2 2 2
left_child=1 33 5 38 6 19 13 11 -9 -10 14 -5 -13 18 30 36 25 -15 40 20 23 22 -22 61 -23 47 57 29 -29 55 -7 32 -32 34 35 37 -8 -1 -3 -25 -4 42 43 -42 45 -43 -47 -16 -46 -39 -51 52 -52 -48 -55 56 -17 -18 -21 60 -60 -2
right_child=2 3 4 7 -6 10 15 8 9 -11 -12 12 -14 17 16 27 26 -19 -20 58 21 24 -24 39 -26 -27 -28 28 -30 -31 31 -33 -34 -35 -36 -37 -38 49 -40 -41 41 44 -44 -45 48 46 53 -49 -50 50 51 -53 -54 54 -56 -57 -58 -59 59 -61 -62 -63
leaf_value=-0.0035883654399258783 -0.00058282273864706526 -0.0031565024727491426 -5.0828295655724887e-07 -3.3624764328260563e-05 0.010585834931274629 -8.1568435745671414e-05 0.00049438595548980118 -0.00099467704940665587 1.9818679589767021e-05 -0.0011350762354912726 0.0042012328914058043 -0.00050925743243240287 -0.0011668810067746061 -0.00028460785954356196 0.00018673944892988459 0.0015102323763862724 0.0054265568035922092 0.00070171130601575098 0.0052099873597150964 0.0012184109523636355 -0.00013315420022568249 -0.0027748806256789661 4.3297160136579475e-05 -0.0014802751769449785 -0.00031779912534569689 0.001569297824090743 -0.00041703945347745797 -0.00064498847703868827 0.0035789973294234612 0.0048721898893210776 0.004392445102901577 -0.00021792296473115426 0.00032622678746810352 0.009618895113368631 0.0046608132642791842 -0.0034937358046012671 0.0077123023626352819 -0.015853960321883031 -0.0025628494985967423 1.2933362348532818e-06 -0.00024905174929805706 0.0012115314073810224 -0.00011236852915003093 6.4848727032273963e-06 0.00033350320949070427 -0.00026737911701049113 -0.0005039803909015595 -0.0045121783835387896 -0.0056106642750556775 -0.0009044811613741488 0.003633389350587496 -0.0096331304036208279 0.0121631734128557 0.00023731213559592402 -0.0011429147869688795 -0.00046439559744138048 0.0071166204771719761 0.0020086810124441581 0.0057716045967379339 0.00055691147927355855 -0.00017193636420619331 0.0001172650843799028
leaf_weight=897 1446 322 907 240 453 29977 6858 131 127 54 293 412 664 229 11825 6236 513 77 52 905 417 3979 256 5574 6194 2026 696 421 3493 345 745 1461 1034 89 442 525 308 49 1024 2437 36 54 469 194 9143 204 579 222 145 749 428 93 154 363 106 1132 170 2995 88 1281 4683 2726
leaf_count=897 1446 322 907 240 453 29977 6858 131 127 54 293 412 664 229 11825 6236 513 77 52 905 417 3979 256 5574 6194 2026 696 421 3493 345 745 1461 1034 89 442 525 308 49 1024 2437 36 54 469 194 9143 204 579 222 145 749 428 93 154 363 106 1132 170 2995 88 1281 4683 2726
internal_value=-2.53437e-05 -0.0135596 0.000736233 -0.0266538 0.00357138 -0.000372307 0.00323092 -0.0174309 0.00158147 0.0293681 0.000808006 -0.02194 -0.0260864 0.000628633 0.000699 0.00495386 0.00254103 -0.0169218 0.00106872 -0.00241088 -0.00326726 -0.00506085 -0.0221736 -0.00166981 -0.00392618 0.00132478 0.00660999 0.00668291 0.00998595 0.00504122 -0.000314438 0.00388615 0.00895787 -0.00218704 -0.00288945 -0.00457355 0.00210618 -0.00231759 -0.037784 -0.00399963 0.000901156 0.00150921 0.01035 0.0333117 0.000924493 -0.005658 -0.00717877 0.000443642 0.00185111 0.00159091 0.00273333 0.00923817 0.0133705 -0.00371306 0.0041383 0.00441637 0.00552443 0.00834853 0.000423254 -0.000626962 -0.00246123 0.00280254
internal_weight=120147 6400 113747 2974 31974 81773 31521 1628 312 181 51787 1316 1076 12558 51494 18963 18277 306 12252 29986 23029 10846 673 12183 10173 14073 4204 11797 3914 7883 33217 3240 1779 3426 3337 2895 7166 2370 1346 8011 12200 11293 699 230 10594 1306 1252 12047 9288 1473 1424 675 582 1048 469 7538 6406 3508 6957 6052 4771 4172
internal_count=120147 6400 113747 2974 31974 81773 31521 1628 312 181 51787 1316 1076 12558 51494 18963 18277 306 12252 29986 23029 10846 673 12183 10173 14073 4204 11797 3914 7883 33217 3240 1779 3426 3337 2895 7166 2370 1346 8011 12200 11293 699 230 10594 1306 1252 12047 9288 1473 1424 675 582 1048 469 7538 6406 3508 6957 6052 4771 4172
is_linear=0
shrinkage=0.05


Tree=81
num_leaves=63
num_cat=0
split_feature=17 21 24 22 13 22 15 22 2 40 24 44 57 24 40 20 39 38 3 15 14 13 2 2 13 24 14 2 13 46 44 59 24 1 3 22 3 24 22 14 45 15 43 3 7 3 42 44 20 60 14 14 2 44 22 46 40 16 42 49 48 44
split_gain=487.997 381.834 130.45 123.262 97.0007 75.9597 47.9011 45.7921 42.5976 58.7881 47.3266 39.5169 37.787 37.2645 37.0607 34.2921 34.2157 33.6211 31.9797 31.8379 68.6914 207.071 58.7786 37.0628 31.2384 29.9802 28.1691 28.1488 27.9449 27.7442 25.9462 25.4894 25.3764 28.0861 24.3904 25.2036 26.5469 25.0114 24.3752 24.2731 24.2592 24.2148 26.8618 40.2177 25.9241 24.1093 28.0513 39.3625 23.8751 23.4748 23.2706 22.8748 22.7831 22.624 49.3172 39.6203 32.693 25.0122 22.7395 28.9733 24.9823 22.7819
threshold=1.5000000000000002 0.37500000000000006 0.060861033737765358 2.6022875816993465 66.375000000000014 4.9903393665158378 2.061552812808833 8.8489304812834231 -0.70581670320594825 0.49999999999999678 0.016688539544812402 14.950000000000001 -3.270511141024516 0.023029192097918452 0.51192685697303097 0.28410894660894664 1.2670604472047693 2.2916666666666674 0.98182534576205305 0.49999999999999928 2.5916666666666672 3.1250000000000004 0.91023613416931248 -0.060268340127661552 18.625000000000004 0.040185217405019256 0.84523809523809534 -0.82298386589365657 25.375000000000004 0.45000000000000007 14.15 -3.6357142857142852 0.010259027520836652 7.5000000000000009 -0.99635443704902682 2.8454529539088367 -0.91023613416931237 0.24472127089928133 3.0963154492566263 1.6833333333333336 6.9500000000000002 2.7537852736430546 7.6000000000000005 -0.51639395938746235 1.5000000000000002 -0.95297903005573337 23.650000000000002 13.950000000000003 0.062499999999999958 21.750000000000004 1.0000000180025095e-35 4.7638888888888902 0.23931566428755768 15.450000000000001 4.8304665314401634 0.8500000000000002 0.86602540378443593 1.0000000180025095e-35 27.550000000000004 44.800000000000004 26.700000000000006 6.9500000000000011
decision_type=2 2 2 2 2 2 2 2 2 2 2 2 2 2 2 2 2 2 2 2 8 2 2 2 2 2 10 2 2 2 2 2 2 2 2 2 2 2 2 8 2 2 2 2 2 2 2 2 2 2 10 10 2 2 2 2 2 2 2 2 2 2
left_child=1 30 5 52 6 13 7 28 9 10 26 16 29 17 15 45 34 -2 19 20 -15 23 25 48 -9 -23 -5 -17 -4 -7 50 -13 33 -10 -8 -36 -37 -38 41 -32 -27 42 43 -21 -45 46 47 -14 -22 -6 -1 -29 -3 57 55 56 -55 -40 59 -59 61 -61
right_child=2 3 4 8 49 12 11 24 32 -11 -12 31 14 18 -16 27 -18 -19 -20 38 21 22 -24 -25 -26 40 -28 51 -30 -31 39 -33 -34 -35 35 36 37 -39 53 -41 -42 -43 -44 44 -46 -47 -48 -49 -50 -51 -52 -53 -54 54 -56 -57 -58 58 -60 60 -62 -63
leaf_value=0.00065013116328979659 -0.00011386284186639673 -0.0024347070236669047 2.1284994491366229e-05 -0.0002475772886311567 0.011108246941575929 -0.0039785946069748222 0.0074105003445393619 -0.00027037746656637384 -0.0013496297738807173 -0.00048379456081078524 -0.0018020969558267597 -0.001743489440561108 0.00053995576770566884 6.1103625032821182e-05 0.0012497697710046275 -0.0018707588931134445 0.010370978238178331 -0.0013659733166686229 -0.0053186688497104846 -0.0027511811221287322 -0.0001308853572267843 0.00010532817053109378 -0.00058374175403413942 -6.1962244248475748e-05 0.0035670944498067403 0.00034237183892149581 1.8827745610278113e-05 0.0011946669333268601 0.0053229730242791325 -0.00011345592254088378 0.00025015577031751725 0.0036744583293910394 -0.0010797736061039565 -0.00031129696949369623 -0.00053338001800583019 -0.0013211688025709602 0.0019907065390659673 -0.0053538567054450155 0.0079192253059392047 0.0084821005556099567 -0.00056082431660069436 -0.002925439639525085 0.00029902921064133285 -0.00036801273208203478 0.00080543578613229702 -8.5826502678648667e-05 0.0032965932359736829 -0.0094288924541011017 -0.00045083612518739271 -0.00063453198049119315 -0.0032915897785290695 0.0053272174138329301 -0.0029986773491116865 -0.0016338768921784542 -0.001167723303937407 0.0022896746928426359 0.0021693326024622484 0.00092438239063655789 -0.0047486534253741164 0.0032196522164533951 0.00031367143239434685 -0.00072420979800732479
leaf_weight=784 6808 1024 12092 71 397 682 271 243 315 225 75 196 434 725 7772 625 221 7441 634 1526 540 711 186 88 65 193 159 1311 59 2307 1028 2315 607 176 2058 864 6826 21 195 166 365 1702 4823 9702 1164 11440 712 82 101 56 1448 1547 322 1038 46 2991 414 3557 489 355 7466 7891
leaf_count=784 6808 1024 12092 71 397 682 271 243 315 225 75 196 434 725 7772 625 221 7441 634 1526 540 711 186 88 65 193 159 1311 59 2307 1028 2315 607 176 2058 864 6826 21 195 166 365 1702 4823 9702 1164 11440 712 82 101 56 1448 1547 322 1038 46 2991 414 3557 489 355 7466 7891
internal_value=-4.86483e-05 -0.0134815 0.000707221 -0.0265866 0.00384252 -0.000207179 0.00342997 0.00122352 -0.0173082 -0.0056403 0.00864379 0.0055817 0.00200628 -0.0011814 0.00266866 0.00130293 0.00420435 -0.0034207 -0.000500927 -0.000347857 -0.00541065 -0.00983753 0.00106113 -0.0315685 -0.0177832 0.00491732 0.0198918 0.00569604 0.00170713 -0.00329264 -0.0020995 0.0112042 -0.0229254 -0.0313923 0.00377403 0.00336182 0.00467388 0.00571627 -7.95664e-06 0.00384519 -0.00374776 -0.00135559 -0.000792577 -0.00202493 -0.000956566 9.43247e-05 0.00674939 -0.00211799 -0.0357399 0.0267511 -0.00528213 0.00779818 -0.037784 0.00103486 0.00424165 0.0047806 -0.00199243 0.00031297 0.000136394 0.000407109 -0.000515179 -0.00241239
internal_weight=120147 6400 113747 2974 25684 88063 25231 12459 1628 530 305 12772 26912 61151 23923 16151 10261 14249 46902 46268 2909 2184 1455 729 308 1269 230 3483 12151 2989 3426 2511 1098 491 10040 9769 7711 6847 43359 1194 558 18917 17215 12392 10866 12668 1228 516 641 453 2232 2858 1346 24442 4489 4443 1452 19953 19758 19269 15712 8246
internal_count=120147 6400 113747 2974 25684 88063 25231 12459 1628 530 305 12772 26912 61151 23923 16151 10261 14249 46902 46268 2909 2184 1455 729 308 1269 230 3483 12151 2989 3426 2511 1098 491 10040 9769 7711 6847 43359 1194 558 18917 17215 12392 10866 12668 1228 516 641 453 2232 2858 1346 24442 4489 4443 1452 19953 19758 19269 15712 8246
is_linear=0
shrinkage=0.05


Tree=82
num_leaves=63
num_cat=0
split_feature=17 13 11 22 24 15 14 22 13 14 22 0 20 22 3 37 0 24 16 20 40 24 40 18 0 14 2 2 3 2 0 47 12 37 46 22 46 43 43 2 0 22 24 40 50 14 2 41 46 0 57 22 3 18 41 53 49 18 46 0 50 18
split_gain=467.465 240.092 124.443 102.268 84.9212 79.157 69.5805 66.0651 64.4105 100.089 105.567 68.6929 57.9675 55.5679 55.0545 46.2031 122.283 43.4273 42.8269 39.5655 37.7966 43.6174 35.9648 35.5301 33.698 33.015 32.2857 32.2157 41.0094 31.8004 31.53 31.2895 33.1734 30.9436 29.7422 28.9837 29.2052 27.5635 35.4897 27.534 27.234 25.7126 29.0816 24.7473 24.4196 23.9434 22.1728 24.0671 22.6685 21.4746 21.1245 21.0781 20.9572 20.6589 20.6484 24.4193 20.4288 20.3225 20.0471 22.5352 25.8114 20.4451
threshold=1.5000000000000002 0.37500000000000006 27.500000000000004 2.6022875816993465 0.036449736443030456 0.49999999999999961 1.9583333333333337 3.0963154492566263 3.8750000000000004 2.5916666666666672 1.1080571117335825 28.500000000000004 0.50000000000000011 3.7199853203313418 -0.78574730703237872 0.93750000000000011 31.500000000000004 0.012236796859434603 82.750000000000014 0.24999999999999986 -0.86602540378443649 0.010259027520836652 0.83333333333333304 -0.89999999999999991 3.5000000000000004 2.2613636363636371 -0.17992617227144048 0.8542199457734333 -0.85421994577343296 0.78574730703237894 23.500000000000004 0.80500000000000005 2.5000000000000004 0.77500000000000013 20.800000000000004 9.5926299283154144 58.750000000000007 7.6000000000000005 4.7000000000000002 0.95297903005573359 12.500000000000002 6.4629692337461302 0.18690154781657778 -0.78334945180064042 84.656691666666674 12.34848484848485 0.99635443704902704 5.6571428571428575 58.750000000000007 40.500000000000007 -2.5320530524567677 1.6546380090497739 -0.91023613416931237 -0.40000000000000052 4.6428571428571432 1.0000000180025095e-35 54.20000000000001 -1.2000000000000002 2.3500000000000005 5.5000000000000009 24.254834722222224 -2.550000000000006
decision_type=2 2 2 2 2 2 8 2 2 8 2 2 2 2 2 2 2 2 2 2 2 2 2 2 2 10 2 2 2 2 2 2 2 2 2 2 2 2 2 2 2 2 2 2 2 10 2 2 2 2 2 2 2 2 2 2 2 2 2 2 2 2
left_child=1 19 4 12 13 6 14 27 9 10 -8 31 30 23 -6 20 -17 -18 43 -1 -5 -22 24 54 45 -13 -11 28 37 57 -3 32 -12 -24 -25 36 -26 38 -7 41 -29 42 -10 -4 -36 -9 48 -48 58 52 -45 53 -35 -39 -2 -56 -41 -30 59 60 -15 -61
right_child=2 3 18 15 5 7 8 22 39 26 11 25 -14 46 -16 16 17 -19 -20 -21 21 -23 33 34 35 -27 -28 40 29 -31 -32 -33 -34 49 44 -37 -38 51 -40 56 -42 -43 -44 50 -46 -47 47 -49 -50 -51 -52 -53 -54 -55 55 -57 -58 -59 -60 61 -62 -63
leaf_value=9.4620391089672581e-05 -0.0093820582060368807 -0.0027425410302989563 -0.0016879279217781207 -4.8079290508906697e-05 -0.0001944929390808481 0.011156227661899177 -1.5471185332960325e-06 0.0033600833804814157 2.0418668930854979e-05 -0.00013766311613953031 -0.00028056901011863644 5.0963793434943845e-06 -0.0024444170507781724 0.0010547319645812015 4.6379750641722951e-05 -0.00087746170824228313 1.7886358329766149e-05 -0.0010243337434115098 0.012204340766183952 -0.0024696390244998813 -0.00049145642268628726 -0.0010545482761306734 0.0046239789179268525 -0.0004866425558957999 0.00050974091145492006 -1.2889685470579561e-05 -0.00013714067257606378 6.9480613828165621e-06 -0.0029849231593995999 -0.0055787367118814383 -0.0023129716724835602 0.00027662486473850612 0.00033811765149984743 -1.284756593071812e-05 2.5049072806598851e-05 0.0028729611203817565 0.0041661464200861923 0.0050668270377946861 -0.0039623053438660408 -0.00031316253359724437 0.0027319308834713677 -0.00032842853433919796 0.000590696764680726 -0.00059199781500287598 0.0023765151638331485 0.011995505895905034 0.011310601080979633 0.002281159031518465 0.0030178605445929322 0.00017628026570923883 0.0050439012354541735 0.0014719965134776026 0.0024035127595383732 -0.0018599824156973477 -0.00049093390626049897 -0.0074902738054152375 -0.0025382365407467912 -9.5855682529155667e-05 7.3109965583983979e-05 -0.013931489500057865 0.012695554391330473 -0.00033801374100216335
leaf_weight=2368 551 330 200 325 33 45 98 623 1697 530 84 194 216 919 223 150 131 58 271 537 475 789 987 15381 23000 80 159 1388 1449 734 1021 30 37 825 2602 1196 227 114 378 123 1507 210 50 194 354 143 99 464 304 1695 983 2920 4078 336 922 581 118 13196 23186 104 68 8057
leaf_count=2368 551 330 200 325 33 45 98 623 1697 530 84 194 216 919 223 150 131 58 271 537 475 789 987 15381 23000 80 159 1388 1449 734 1021 30 37 825 2602 1196 227 114 378 123 1507 210 50 194 354 143 99 464 304 1695 983 2920 4078 336 922 581 118 13196 23186 104 68 8057
internal_value=-6.20069e-06 -0.0131534 0.000733595 -0.0219808 0.000532962 0.00185009 -0.00526179 0.00232568 -0.00715186 -0.0164015 8.58779e-05 0.0109038 -0.03147 -0.000904876 0.0198249 -0.0142535 0.00248529 0.0291842 0.0143693 -0.00252753 -0.017827 -0.0217352 0.00374966 -0.00295925 0.00284021 0.0258 -0.0289058 0.000210486 -0.000531737 -0.00168043 -0.0353143 -0.0160855 -0.027418 0.00676839 -0.00226006 0.00251576 0.00212438 0.00412362 -0.00788915 -0.00204411 0.00512604 -7.40552e-05 0.00191362 0.0107729 0.00233176 0.0131617 0.000356756 0.0101862 0.00018674 0.00553038 0.0135357 0.00563483 0.00720738 -0.0044235 -0.00919465 -0.00614694 -0.0179545 -0.00117063 5.86052e-05 -0.00192316 0.00520749 -0.00278669
internal_weight=120147 6400 113747 3495 112099 58507 3666 54841 3410 1212 523 425 1567 53592 256 1928 339 189 1648 2905 1589 1264 32774 20391 25189 274 689 22067 19172 15379 1351 151 121 7585 18337 24423 23227 3793 423 2198 2895 1957 1747 1377 2956 766 33201 563 32638 6598 1177 3370 4903 450 2054 1503 241 14645 32334 9148 987 8161
internal_count=120147 6400 113747 3495 112099 58507 3666 54841 3410 1212 523 425 1567 53592 256 1928 339 189 1648 2905 1589 1264 32774 20391 25189 274 689 22067 19172 15379 1351 151 121 7585 18337 24423 23227 3793 423 2198 2895 1957 1747 1377 2956 766 33201 563 32638 6598 1177 3370 4903 450 2054 1503 241 14645 32334 9148 987 8161
is_linear=0
shrinkage=0.05


Tree=83
num_leaves=63
num_cat=0
split_feature=17 21 22 16 24 23 22 27 14 39 1 37 1 24 14 11 24 39 11 47 22 49 45 60 30 39 14 17 21 37 7 14 45 18 50 21 44 57 48 2 45 51 44 57 14 39 45 41 11 50 2 2 44 39 60 24 44 50 44 41 50 22
split_gain=440.333 344.369 148.292 115.168 84.3445 69.5493 53.8688 45.3218 47.6682 69.7081 47.624 44.3923 130.564 50.2326 40.7709 38.2983 51.9872 35.5797 37.1678 30.7088 30.0897 38.3654 29.6672 31.3597 33.9465 29.5874 40.1161 67.7451 76.8197 29.562 29.5238 29.4234 27.9798 27.436 38.0202 27.2322 27.057 30.1541 26.9112 26.7075 25.8873 49.3591 33.3289 26.5738 25.7291 25.3006 24.7911 23.7656 23.6619 23.8562 23.5537 23.4187 23.3141 23.6473 23.1789 22.5192 22.0056 21.5737 20.8187 20.8088 33.0543 22.6981
threshold=1.5000000000000002 0.37500000000000006 2.6022875816993465 58.750000000000007 0.043880731548761258 0.95017100590034098 3.5389689966895852 3.3207720474597116 2.1547619047619051 0.086956521739129683 7.5000000000000009 0.93750000000000011 7.5000000000000009 0.012236796859434603 1.9583333333333337 1.0000000180025095e-35 0.010259027520836652 1.0000000180025095e-35 3.5000000000000004 8.6100000000000012 12.427871148459387 41.600000000000001 21.500000000000004 2.2500000000000004 3.6668479795877587 0.43281384415411223 2.5916666666666672 3.5000000000000004 0.87500000000000011 0.69047619047619058 1.5000000000000002 2.5916666666666672 22.200000000000006 -0.30000000000000049 92.475000000000009 0.87500000000000011 8.5500000000000025 -0.71336828388165874 40.95000000000001 0.23931566428755768 7.5500000000000007 2.5000000000000004 18.300000000000001 -0.47631075730772438 89.291666666666686 1.0000000180025095e-35 67.15000000000002 5.2000000000000011 1.5000000000000002 0.74237500000000012 0.98182534576205305 0.8542199457734333 9.9500000000000011 0.047971254262073194 1.2000000000000004 0.092453843413316764 14.15 21.452802777777784 17.100000000000005 20.778571428571432 89.984138888888893 9.5926299283154144
decision_type=2 2 2 2 2 2 2 2 8 2 2 2 2 2 10 2 2 2 2 2 2 2 2 2 2 2 10 2 2 2 2 8 2 2 2 2 2 2 2 2 2 2 2 2 8 2 2 2 2 2 2 2 2 2 2 2 2 2 2 2 2 2
left_child=1 55 39 4 6 14 25 8 9 10 -7 15 -13 -14 -6 57 -17 18 31 36 46 -22 23 24 45 26 33 28 -28 -25 -26 51 -24 35 -35 -2 -19 -38 59 -3 -23 -42 43 -43 50 -9 48 -27 58 -50 -5 -10 -34 -54 -49 56 -1 -4 -8 60 61 -31
right_child=3 2 11 44 5 7 20 22 17 -11 -12 12 13 -15 -16 16 -18 19 -20 -21 21 40 32 29 30 47 27 -29 -30 38 -32 -33 52 34 -36 -37 37 -39 -40 -41 41 42 -44 -45 -46 -47 -48 54 49 -51 -52 -53 53 -55 -56 -57 -58 -59 -60 -61 -62 -63
leaf_value=-0.0021558144600007157 -7.5147143824916282e-05 -0.0021973230888593823 0.00023529317371563386 0.004846768260711354 -0.00065469537058879257 -0.00016091775086471972 -0.001725832582903092 -0.0012733836484262074 0.00019368218723044841 0.00045587349386092549 4.8415603763229955e-06 -0.00083358862283016701 1.6992040413277287e-05 -0.00097311705624093532 -1.469762606631786e-06 -0.00043755404513252938 -0.0010018208623241377 0.0009615750260044964 -0.00010767810023923908 0.0038914370798879272 -0.0038099901265350455 0.00056408720374867549 0.0039187859131079254 0.0021917220055073685 0.00037940707577944767 -0.0025621783442657088 -0.00026155570768539028 -0.00022177233879300262 -0.00011325507807743441 0.00016580361738405269 0.0076288052803925371 -0.00011593988132101996 -0.00018548210457528525 0.00015107116652250953 -0.00094435773269405674 -0.0027261908359679566 0.00035775122241556438 -0.00072957784957293774 0.003427208480190869 -0.0027116164301411588 0.0084270973123624412 -0.0031041258173663214 0.016763198143036118 0.003061057924730215 0.013543487034658842 0.0035146665777624265 0.0034167720722775075 0.0012457709999725841 -0.0020654483380412648 6.6779003874140042e-05 -0.0071697404451259274 -0.00026508756093693856 -0.00018837715738364571 0.0023027726064769774 -0.0009930888541285932 0.0091007127799812241 0.0013158749531037572 -0.00040705237684766086 0.0029844760331234513 0.003081446798162957 -0.0010715758411764754 0.0042718521003629389
leaf_weight=2165 763 1024 74 377 440 38 4220 50 65 1299 208 131 127 54 103 412 663 2204 533 534 161 889 789 1265 3858 4259 729 4619 507 11959 340 220 938 4005 375 231 4644 7549 465 322 303 219 51 428 218 1984 221 916 783 36349 22 25 152 2496 6718 89 1172 167 393 689 2519 625
leaf_count=2165 763 1024 74 377 440 38 4220 50 65 1299 208 131 127 54 103 412 663 2204 533 534 161 889 789 1265 3858 4259 729 4619 507 11959 340 220 938 4005 375 231 4644 7549 465 322 303 219 51 428 218 1984 221 916 783 36349 22 25 152 2496 6718 89 1172 167 393 689 2519 625
internal_value=-2.87146e-06 -0.0127628 -0.0252084 0.000715133 0.000597493 0.00224702 -0.000532395 0.00245979 0.000447171 0.008826 0.0331781 -0.0150368 0.00190096 0.0293681 -0.0155239 -0.0190547 -0.0230901 -0.000373693 -0.0103614 0.00019053 0.000494002 0.00640595 0.00369872 0.00300126 0.00604765 -0.00248649 -0.000645147 -0.00350837 -0.0139006 0.00191719 0.00347583 -0.0240997 0.00748286 0.00247349 0.00417599 -0.0050201 -0.000246215 -0.0011682 0.00134365 -0.037487 0.00840561 0.0139172 0.00657368 0.00346451 0.0222411 0.0113489 0.000204804 -0.0042244 0.000116059 0.000535777 0.0146125 0 0.00560217 0.00800113 -0.00255337 -0.0019536 -0.00261983 -0.0010124 -0.00326073 0.000993795 0.000605469 0.00165236
internal_weight=120147 6400 2974 113747 113130 45991 67139 45448 17319 1545 246 1628 312 181 543 1316 1075 15774 843 14931 44017 2051 28129 23754 6232 23122 11229 5855 1236 17522 4198 310 4375 5374 4380 994 14397 12193 16257 1346 1890 1001 698 647 617 2034 41966 11893 41745 37132 399 90 3586 2648 7634 3426 3337 241 4613 15792 15103 12584
internal_count=120147 6400 2974 113747 113130 45991 67139 45448 17319 1545 246 1628 312 181 543 1316 1075 15774 843 14931 44017 2051 28129 23754 6232 23122 11229 5855 1236 17522 4198 310 4375 5374 4380 994 14397 12193 16257 1346 1890 1001 698 647 617 2034 41966 11893 41745 37132 399 90 3586 2648 7634 3426 3337 241 4613 15792 15103 12584
is_linear=0
shrinkage=0.05


Tree=84
num_leaves=63
num_cat=0
split_feature=13 16 15 22 16 23 24 20 22 37 0 23 45 14 0 23 15 15 24 36 0 14 24 20 15 45 44 14 49 44 50 18 38 24 15 14 38 2 15 41 20 45 58 60 14 46 24 22 23 50 38 24 22 22 24 23 24 22 23 14 0 11
split_gain=312.628 158.357 186.608 124.771 102.924 80.3561 83.1633 58.2245 53.3068 41.5614 114.356 45.1681 36.8199 33.7191 69.305 41.2323 38.9571 35.5573 33.4903 56.1318 31.8361 30.5224 29.4845 39.7354 32.5336 37.8247 35.5971 33.8471 29.1669 31.2113 28.7527 27.5793 27.5772 26.4105 56.6508 65.5698 81.5454 41.742 33.2936 26.075 25.9865 27.9526 26.0981 25.9181 25.4781 24.5598 24.5358 23.9687 23.5452 26.3906 34.092 23.3423 23.1124 22.1672 21.9899 21.7862 37.1255 30.9597 26.215 21.6055 21.4743 21.2117
threshold=1.1250000000000002 1.0000000180025095e-35 0.57735026918962806 2.6022875816993465 58.750000000000007 0.95017100590034098 0.072036140536905005 0.50000000000000011 4.3290924922600631 0.93750000000000011 31.500000000000004 3.4333533633432722 67.15000000000002 2.041666666666667 33.500000000000007 1.7957546306631935 0.49999999999999989 2.943920288775951 0.010259027520836652 1.5000000000000002 23.500000000000004 1.9583333333333337 0.021394742642938704 0.37946428571428581 0.49999999999999811 6.1500000000000012 14.850000000000003 2.5227272727272729 57.050000000000004 19.450000000000003 106.00983472222224 0.6999999999999994 2.8750000000000004 0.036892979308529805 0.49999999999999928 2.5916666666666672 3.7083333333333335 -0.17992617227144048 1.1547005383792528 4.5857142857142863 0.24999999999999986 0.55000000000000016 1.5000000000000002 14.250000000000002 10.683333333333335 11.050000000000002 0.019026352202769405 4.5394102085278565 2.6662197764528348 9.1790680555555557 4.291666666666667 0.24472127089928133 4.5884602633323874 5.2291666666666679 0.041859274639783707 2.3459958708675344 0.025956940568196054 1.4240518575851395 1.5451920405208079 89.291666666666686 31.500000000000004 3.5000000000000004
decision_type=2 2 2 2 2 2 2 2 2 2 2 2 2 8 2 2 2 2 2 2 2 10 2 2 2 2 2 8 2 2 2 2 2 2 2 8 2 2 2 2 2 2 2 2 10 2 2 2 2 2 2 2 2 2 2 2 2 2 2 8 2 2
left_child=1 40 3 7 5 21 8 20 33 18 52 -12 22 14 15 -8 -16 51 19 -5 -3 -2 24 30 26 -26 27 47 29 -19 31 -24 -29 38 35 -35 37 -37 -7 46 41 -1 55 -41 48 -44 -40 -10 -36 -50 -51 61 -11 -34 -38 57 -57 58 -43 -6 -21 -15
right_child=4 2 -4 9 59 6 13 -9 12 10 11 -13 -14 17 16 -17 -18 28 -20 60 -22 -23 23 -25 25 -27 -28 32 -30 -31 -32 -33 53 34 44 36 54 -39 39 43 -42 42 45 -45 -46 -47 -48 -49 49 50 -52 -53 -54 -55 -56 56 -58 -59 -60 -61 -62 -63
leaf_value=-0.0077977246585585469 -0.0013637088758399751 -0.0024698331572769517 -0.0007692676236982221 -0.00052824199676668735 0.004123400625290952 -1.4844209422060218e-05 -0.00068999651505662345 -0.0022123300437962984 -0.00089520324520240288 -0.00070532161240582101 -0.0012069089453371679 1.6142438392613422e-05 0.0050227211886184403 -0.00022583940871527821 4.5994823575035154e-06 0.0015749278578905846 0.0014592659310670997 0.0010040233832897428 -0.00086317800805971179 -0.00063155981712262896 -0.002087456934416415 -1.3962744762952008e-06 6.16066073636623e-05 0.0036714788938822631 -0.0013238379174551507 0.00015249620504134145 -0.00033816045769670123 -0.0024694060447400749 0.0037560221768078608 0.0067479768333652216 0.0049074766544202732 0.0013259748367163483 7.1540380823031932e-05 7.7249603402840272e-05 -0.00023609507127157482 -0.00012500975005984573 0.0007652433816657811 0.00014455978693558302 -0.0080781971370673666 -0.00014330561551404442 -0.0020292845273700345 -0.00036352461938183315 -0.010116445003119645 -0.0022906703871521496 -0.0030772642168635958 0.0014401205261091788 -0.0020898013788676838 0.00023917375330171354 -0.0007665206740120168 0.00092915677957456928 0.00029332805369104432 -0.0004202479479131771 -0.00081432231194951692 4.3686428955785898e-05 -0.00035523075672804221 0.0016674419913471628 0.01474771021194457 -0.0096680173404430393 0.015587757606480186 0.012866312682925896 0.00024682216599513084 0.00042786638608327543
leaf_weight=263 382 330 2629 473 399 12370 72 216 23 60 42 147 171 1366 176 189 158 3328 979 51 1020 103 19162 2539 3614 5333 120 67 2589 136 154 5820 89 329 6612 420 161 92 673 6539 888 388 310 3090 536 331 3042 280 2121 5937 11917 178 90 252 627 1366 404 230 104 218 84 8358
leaf_count=263 382 330 2629 473 399 12370 72 216 23 60 42 147 171 1366 176 189 158 3328 979 51 1020 103 19162 2539 3614 5333 120 67 2589 136 154 5820 89 329 6612 420 161 92 673 6539 888 388 310 3090 536 331 3042 280 2121 5937 11917 178 90 252 627 1366 404 230 104 218 84 8358
internal_value=-2.45114e-05 -0.00830723 -0.013467 -0.0210407 0.000760823 0.000645538 0.000736324 -0.031522 0.000149797 -0.0125039 0.00336765 0.0291842 0.00159721 0.00399946 0.0156795 -0.00360687 0.0307313 0.00356261 -0.0158974 -0.0251149 -0.0353775 -0.0196399 0.00149103 0.00232494 -0.000868698 -0.00174844 0.00858774 0.0128441 0.0065816 0.0035772 0.00172236 0.00158888 0.00341076 -0.000849964 0.00019111 -0.00886196 -0.0139085 -0.029425 -0.00201419 -0.00374635 -0.000932322 0.00105829 0.00237556 -0.00237227 0.000735327 -0.00661215 -0.0073049 0.025477 0.00095325 0.00180942 0.00243601 0.00171615 -0.029106 0.00919591 -0.00379594 0.00469114 0.00767645 -0.00262102 0.00445233 0.0211084 0.00327206 0.00204576
internal_weight=120147 10405 6121 3492 109742 109125 108640 1566 92090 1926 339 189 37624 16550 595 261 334 15955 1587 608 1350 485 37453 27675 9778 8947 831 711 6053 3464 25136 24982 408 54466 28752 1629 1300 512 25714 13344 4284 3396 3133 9629 27123 641 3715 303 26587 19975 17854 9902 150 341 788 2492 1770 722 492 617 135 9724
internal_count=120147 10405 6121 3492 109742 109125 108640 1566 92090 1926 339 189 37624 16550 595 261 334 15955 1587 608 1350 485 37453 27675 9778 8947 831 711 6053 3464 25136 24982 408 54466 28752 1629 1300 512 25714 13344 4284 3396 3133 9629 27123 641 3715 303 26587 19975 17854 9902 150 341 788 2492 1770 722 492 617 135 9724
is_linear=0
shrinkage=0.05


Tree=85
num_leaves=63
num_cat=0
split_feature=17 21 23 11 3 37 32 11 21 23 14 48 14 17 15 15 0 14 38 42 28 59 3 0 40 40 14 28 40 48 20 40 15 11 40 2 18 44 23 2 2 41 40 12 21 45 44 57 14 2 20 38 2 23 23 60 18 15 0 60 28 44
split_gain=347.244 266.113 166.87 97.5552 68.5108 119.145 108.248 64.3351 54.0196 48.8489 43.1226 42.0397 41.7357 143.882 118.181 99.5832 106.934 77.493 48.5481 44.3416 38.7273 37.1117 63.1412 44.6219 38.3185 35.1621 34.574 33.5641 33.1427 33.2961 32.0759 30.5209 29.5113 29.4699 27.591 37.1334 34.8049 27.3338 27.1616 25.6808 25.4922 29.4959 25.4107 24.8865 29.5356 24.7234 31.434 25.2555 24.7228 24.3312 24.2706 24.1335 23.9889 23.4088 23.2787 23.1536 22.6501 22.613 22.3285 21.971 21.9257 21.9248
threshold=1.5000000000000002 0.37500000000000006 2.7958977827482148 27.500000000000004 -0.78574730703237872 0.93750000000000011 1.0000000180025095e-35 4.5000000000000009 1.0000000180025095e-35 0.9043773983296356 1.9583333333333337 14.450000000000001 2.5916666666666672 3.5000000000000004 0.49999999999999989 1.0000000180025095e-35 31.500000000000004 2.1547619047619051 2.4166666666666674 12.65 3.2252850267717541 14.885714285714288 -0.88545602565320969 27.500000000000004 0.86602540378443593 -0.080410681105634138 71.541666666666671 4.4565627810857071 1.2558275374183832 32.70000000000001 0.020835769980506805 -0.86602540378442949 0.95742710775633777 2.5000000000000004 0.43915503282683993 -0.35460488704253573 0.49999999999999989 11.65 3.4333533633432722 0.99635443704902704 0.8542199457734333 3.0000000000000009 -0.88833013839597263 1.5000000000000002 0.87500000000000011 9.0000000000000018 16.850000000000005 -2.8940214448175001 5.2613636363636376 -0.17992617227144048 0.28125000000000011 1.7083333333333337 -0.98182534576205283 1.6648030799354154 0.98480981878222595 29.900000000000002 3.1499999999999972 1.0000000180025095e-35 33.500000000000007 7.7500000000000009 12.326344198960589 12.850000000000003
decision_type=2 2 2 2 2 2 2 2 2 2 10 2 10 2 2 2 2 8 2 2 2 2 2 2 2 2 8 2 2 2 2 2 2 2 2 2 2 2 2 2 2 2 2 2 2 2 2 2 10 2 2 2 2 2 2 2 2 2 2 2 2 2
left_child=1 -1 54 7 -4 31 38 8 40 10 -10 -9 15 14 20 16 19 53 -19 -11 49 22 61 25 45 -23 42 -22 39 50 -26 -6 -16 58 43 36 -36 59 -7 52 48 -42 -5 44 -17 -25 47 -47 -2 -14 -30 -45 -24 -18 -3 -27 -54 -41 -34 -15 -39 -13
right_child=3 2 4 26 5 6 -8 11 9 12 -12 21 13 37 32 34 17 18 -20 -21 27 23 28 24 30 55 -28 -29 29 -31 -32 -33 33 -35 35 -37 -38 60 -40 57 41 -43 -44 51 -46 46 -48 -49 -50 -51 -52 -53 56 -55 -56 -57 -58 -59 -60 -61 -62 -63
leaf_value=-0.00065878253893051361 3.8692513150379029e-05 -0.0016320521793634385 -0.0012730053428199385 -0.0026910904152213089 0.00010419984979155861 -1.7605635815526322e-05 -0.001374538804414638 0.0077522986828300281 -0.00084395686346342433 0.00019529004830469711 -1.326460752482106e-06 -0.00088550443146879771 -0.00011790403390755656 -0.00080410498499646767 -0.00052599722198713457 -0.0017479956148751087 4.3695082396322247e-06 -0.00047816036494522377 0.00030006109767067858 -0.00026618202744811968 -5.5769812132711044e-05 0.0042453336469024496 0.0013747969004347161 0.0012368751306168102 0.0043965691436994806 1.6908023478467981e-05 0.0098565665827031537 -0.0001685576539844247 0.0025781158460596032 -0.0029037057358982212 0.0014801072377894854 -0.00036975624519700045 0.001692277314709978 0.00038602547109339858 0.00029354141541541038 -0.00019314042944161837 -4.2788608608246296e-05 4.2747350744420937e-05 6.6003796428876216e-05 -0.0030556801163871051 -0.00039728140635233446 0.0068036776256356407 0.0036970265635538624 0.0014141962422290712 -0.012134545155899963 -0.0084900105997659514 -0.0060741945876894195 2.0026143539703114e-05 0.0035569322126180417 -0.00019382996680892273 -0.00062934717500789938 -0.00043343326807175901 4.8825062986290751e-05 0.00015869061985829269 -0.0023080968994504125 0.0031578375895481405 0.0036820163229352113 0.0031303370910791498 -0.0066508271338387437 -7.2510614292775618e-05 0.010415416465570794 -0.00317386223683378
leaf_weight=3426 5944 272 302 154 217 46 68 209 514 262 99 1823 555 3641 1348 3074 163 231 173 382 287 981 1192 2039 552 979 392 333 3799 411 1873 943 307 638 2503 4497 1879 12581 217 35 453 947 1102 1301 237 125 165 5166 1580 102 735 6381 31865 617 909 882 749 767 409 5205 56 1053
leaf_count=3426 5944 272 302 154 217 46 68 209 514 262 99 1823 555 3641 1348 3074 163 231 173 382 287 981 1192 2039 552 979 392 333 3799 411 1873 943 307 638 2503 4497 1879 12581 217 35 453 947 1102 1301 237 125 165 5166 1580 102 735 6381 31865 617 909 882 749 767 409 5205 56 1053
internal_value=2.11822e-05 -0.01131 -0.0222504 0.000658869 -0.0126226 -0.0082071 0.0182078 0.000481222 -0.000702734 -0.00136983 -0.0153827 0.00169302 -0.00118727 -0.00256038 -0.0112927 0.000423713 0.0115883 0.0205021 0.0027037 -0.00479845 -0.0238224 0.00160793 0.000896653 0.00397203 0.00238837 0.00949525 0.012732 -0.0148068 0.00141692 0.00524565 0.00785037 -0.015758 -0.00536256 -0.000143911 -0.000603583 0.00146903 0.00474447 -0.000942329 0.0327462 0.000869571 0.00286779 0.00906138 0.00866746 -0.00227806 -0.00590127 0.000619664 -0.00113524 -0.000462018 0.00171362 -0.0322872 0.00648181 -0.000715215 0.000659479 0.0296991 -0.0368401 0.00544844 0.000404568 0.00970735 -0.007106 -0.00307392 0.000549533 -0.00625478
internal_weight=120147 6400 2974 113747 1793 1491 331 112099 56699 47775 613 55400 47162 25462 3979 21700 1828 1184 404 644 1277 55191 42429 12762 9920 2842 1648 620 39553 4945 2425 1160 2702 1354 19872 8879 4382 21483 263 34608 8924 1400 1256 10993 3311 7495 5456 5291 7524 657 4534 7682 33806 780 1181 1861 32614 802 716 8846 12637 2876
internal_count=120147 6400 2974 113747 1793 1491 331 112099 56699 47775 613 55400 47162 25462 3979 21700 1828 1184 404 644 1277 55191 42429 12762 9920 2842 1648 620 39553 4945 2425 1160 2702 1354 19872 8879 4382 21483 263 34608 8924 1400 1256 10993 3311 7495 5456 5291 7524 657 4534 7682 33806 780 1181 1861 32614 802 716 8846 12637 2876
is_linear=0
shrinkage=0.05


Tree=86
num_leaves=63
num_cat=0
split_feature=17 21 23 11 37 0 27 24 23 14 11 46 24 11 60 30 57 49 50 11 48 48 50 0 57 14 17 21 0 15 23 14 24 39 14 24 0 26 48 23 24 2 45 57 2 40 2 39 45 60 15 14 0 23 24 24 24 57 60 15 45 48
split_gain=339.211 260.021 172.305 98.039 72.7253 178.774 64.5729 44.1011 42.4718 45.8967 40.869 46.8931 38.9737 35.2096 34.9303 65.9764 67.201 55.3448 47.8952 42.6564 42.1226 38.2336 45.6067 34.4277 37.6129 32.9677 130.11 127.327 77.4936 99.3887 68.5111 58.2139 49.5905 32.3058 31.1239 29.3062 29.2367 27.618 27.4824 27.3934 27.3888 27.2536 26.8672 25.2918 25.1649 24.8891 24.4406 24.4139 24.2437 24.9893 24.222 23.9746 23.8723 23.2787 23.2041 22.478 21.7912 21.7076 21.6954 21.6005 21.193 20.7968
threshold=1.5000000000000002 0.37500000000000006 2.7958977827482148 27.500000000000004 0.93750000000000011 31.500000000000004 3.4160668320402103 0.010259027520836652 0.95017100590034098 1.9583333333333337 1.5000000000000002 0.75000000000000011 0.15751959281813802 1.0000000180025095e-35 14.050000000000002 3.6668479795877587 -1.7747915989746914 67.500000000000014 74.550569444444463 4.5000000000000009 32.400000000000013 23.650000000000002 98.975027777777797 17.500000000000004 2.092226608232377 2.5916666666666672 3.5000000000000004 0.87500000000000011 31.500000000000004 1.0000000180025095e-35 1.7149495147847735 0.76388888888888895 0.074132478953384512 0.22222222222222213 12.261363636363638 0.023460316398541705 5.5000000000000009 110.50000000000001 28.800000000000001 3.4333533633432722 0.016351621003107702 0.95297903005573359 35.100000000000001 2.9079815607061623 -0.85421994577343319 0.83333333333333304 -0.17992617227144048 0.48104569292083493 17.800000000000001 2.6000000000000005 0.95742710775634021 1.7638888888888891 8.5000000000000018 0.98480981878222595 0.016688539544812402 0.013210263188139252 0.019929636289610003 -2.2493271632635863 0.55000000000000016 0.95742710775633777 33.400000000000013 27.450000000000003
decision_type=2 2 2 2 2 2 2 2 2 10 2 2 2 2 2 2 2 2 2 2 2 2 2 2 2 10 2 2 2 2 2 10 2 2 10 2 2 2 2 2 2 2 2 2 2 2 2 2 2 2 2 10 2 2 2 2 2 2 2 2 2 2
left_child=1 -1 53 6 7 -6 8 13 9 51 11 -10 57 -4 15 16 18 19 -8 -18 21 44 -23 24 58 28 27 59 30 31 -12 -30 54 35 47 56 37 -28 42 -7 55 -19 61 -40 45 -16 -37 -22 49 -32 -44 -2 -15 -3 -33 -9 -29 -5 -13 -27 -21 -17
right_child=3 2 4 12 5 39 14 40 10 -11 25 23 -14 52 20 38 17 41 -20 60 34 22 -24 -25 -26 26 36 33 29 -31 48 32 -34 -35 -36 46 -38 -39 43 -41 -42 -43 50 -45 -46 -47 -48 -49 -50 -51 -52 -53 -54 -55 -56 -57 -58 -59 -60 -61 -62 -63
leaf_value=-0.00062584341198398399 -0.0017223676840283032 -0.0015504495703952655 -1.4775843758224605e-05 -0.0018464512630244291 -0.00073236904947189822 -1.6725354024749173e-05 0.00018824904883519845 -0.00021998311917847125 -0.0056391837180389927 -1.2601377148535598e-06 -0.0012920929464819431 0.0096243146890591727 0.0084231420462950631 2.5919546434954868e-05 0.0001577202736445571 0.00013486845551512474 0.0013083938081089987 -0.00020599284342752712 -0.0080458544585352513 0.0039678699472818213 0.0020479251075397943 -0.00062364601912783262 -0.008083163037903485 -0.0015089557375128515 -0.0042510711020806282 -0.00042870437531816741 0.00030823430496080829 -0.00028780174651409362 -0.0008716147055847723 0.00028244033725376426 8.4663098489401461e-05 0.0002237823884888135 4.151032827648393e-06 -0.00034868309158134773 0.0048442983365652561 -9.7967702112133914e-05 -2.9675572305654097e-05 0.0036601325025968135 -0.00071362213848549241 2.8541362406736548e-05 -0.0015953767128581598 0.009476073964827525 -0.00058781144029358418 0.00075502804037512754 -0.0001334778784400914 0.0031208339555659939 -0.00016290706525376453 -0.0008217551009073843 0.0005778583808942584 -0.0010201849123312456 0.004494327000251497 0.00018717881860425001 -0.00053144241416120395 -0.0021926920544778905 8.2669989771666513e-05 0.00012052586513600917 1.4794257578676363e-05 0.0033086542174665559 0.0022368318113907327 0.00021031872022667097 0.0059512204940327003 0.00091714973934702297
leaf_weight=3426 419 272 110 242 171 46 1445 142 1506 89 232 126 377 35 1345 12290 2324 1508 278 3429 835 3526 175 5536 497 1181 1650 110 122 8028 2523 266 177 177 242 564 37267 1088 4130 205 547 91 121 938 5851 470 100 800 1044 2747 459 21 397 909 495 140 83 1029 1152 878 214 3550
leaf_count=3426 419 272 110 242 171 46 1445 142 1506 89 232 126 377 35 1345 12290 2324 1508 278 3429 835 3526 175 5536 497 1181 1650 110 122 8028 2523 266 177 177 242 564 37267 1088 4130 205 547 91 121 938 5851 470 100 800 1044 2747 459 21 397 909 495 140 83 1029 1152 878 214 3550
internal_value=-1.20684e-06 -0.0112006 -0.0220151 0.000628978 -0.0122324 0.00589835 0.000450892 -0.0178171 -0.000514035 -0.0146132 -0.000403331 -0.00357734 0.012732 -0.0289042 0.00194323 0.00286715 0.00638805 0.00841747 -0.0025203 0.0106309 -0.000203473 -0.00134984 -0.00552269 -0.00192082 0.0041357 7.31275e-05 -0.00064027 -0.0105187 0.00203997 0.00502751 -0.00210707 0.0194109 0.0236368 -0.0248261 0.00673323 -0.0288403 0.000123606 0.00510953 0.00134464 0.0327183 -0.0105361 0.000153125 0.00233816 -0.00187315 0.000664536 0.00580672 -0.0338271 0.00424511 -0.00112352 -0.00250332 0.0129002 -0.00792517 -0.0353233 -0.0368401 0.0180381 0.00210247 -0.0115722 0.00852594 0.00867475 -0.00332282 0.014008 0.00195032
internal_weight=120147 6400 2974 113747 1793 422 112099 1371 68078 529 67549 8817 1648 542 44021 30777 9289 7566 1723 5967 13244 11367 3701 7311 1775 58732 43098 3093 15634 9088 6546 1060 938 1034 1877 857 40005 2738 21488 251 829 1599 16420 5068 7666 1815 664 1635 6314 5270 580 440 432 1181 761 282 193 1271 1278 2059 3643 15840
internal_count=120147 6400 2974 113747 1793 422 112099 1371 68078 529 67549 8817 1648 542 44021 30777 9289 7566 1723 5967 13244 11367 3701 7311 1775 58732 43098 3093 15634 9088 6546 1060 938 1034 1877 857 40005 2738 21488 251 829 1599 16420 5068 7666 1815 664 1635 6314 5270 580 440 432 1181 761 282 193 1271 1278 2059 3643 15840
is_linear=0
shrinkage=0.05


Tree=87
num_leaves=63
num_cat=0
split_feature=17 13 23 13 3 37 27 2 20 47 14 26 1 42 23 14 17 1 22 37 23 14 22 18 20 59 39 49 39 40 14 23 43 3 39 22 41 49 2 60 50 42 42 12 40 60 14 17 39 39 22 38 18 20 41 22 38 60 25 14 41 23
split_gain=324.818 166.596 142.455 93.3112 78.6077 132.256 65.3069 51.1948 43.2104 40.7096 40.4037 41.8774 80.7742 38.6835 38.2632 44.5148 81.6146 41.3078 78.7708 53.6008 42.657 47.6596 36.9486 36.5468 36.2959 35.641 34.7843 34.7528 32.5919 42.1043 30.7735 29.4287 27.717 26.9744 29.9057 36.8263 26.4782 25.4575 25.1915 24.1525 23.8867 23.6744 31.1895 23.6081 23.0821 49.0463 23.0414 60.2635 55.5719 29.3565 36.3076 32.1505 22.7108 22.4543 21.978 21.9427 21.8328 21.7683 21.4504 21.7064 20.5612 24.2684
threshold=1.5000000000000002 0.37500000000000006 2.6809346778244545 72.625000000000014 -0.78574730703237872 0.93750000000000011 3.9150706436420726 0.40966402954315223 0.53576007326007347 8.6100000000000012 21.591666666666669 111.50000000000001 7.5000000000000009 2.9500000000000006 2.1131182783550204 2.5916666666666672 3.5000000000000004 7.5000000000000009 2.5678104575163401 0.61250000000000016 0.95017100590034098 1.9583333333333337 2.5678104575163401 2.5000000000000013 0.24999999999999986 14.885714285714288 0.18181818181818207 35.45000000000001 0.74833147735478867 1.2009611535381546 1.6833333333333336 3.4333533633432722 12.000000000000002 -0.98182534576205283 0.20156360163291343 3.0737999213063159 16.750000000000004 68.950000000000003 0.23931566428755768 7.4500000000000011 69.99185416666667 24.450000000000003 27.550000000000004 1.5000000000000002 0.92582009977255175 6.9500000000000002 2.5916666666666672 3.5000000000000004 0.22222222222222213 1.0000000180025095e-35 4.5884602633323874 2.4166666666666674 -2.4000000000000004 0.020835769980506805 2.9214285714285717 12.427871148459387 4.8750000000000009 7.7500000000000009 4.0390243306624987 4.5227272727272743 15.707142857142859 1.7957546306631935
decision_type=2 2 2 2 2 2 2 2 2 2 8 2 2 2 2 10 2 2 2 2 2 10 2 2 2 2 2 2 2 2 10 2 2 2 2 2 2 2 2 2 2 2 2 2 2 2 10 2 2 2 2 2 2 2 2 2 2 2 2 10 2 2
left_child=1 24 8 6 -4 -6 9 31 38 14 11 25 40 43 15 17 26 22 20 -20 21 30 -2 28 -1 33 -17 -27 46 52 -19 -7 57 36 -35 -36 -8 -5 -3 -18 54 -42 -43 -11 60 -46 49 48 -48 50 51 -16 -30 -25 -13 -51 -54 -14 -47 -60 -29 -62
right_child=3 2 4 37 5 7 10 -9 -10 13 -12 12 32 -15 23 16 39 18 19 -21 -22 -23 -24 53 -26 27 -28 44 29 -31 -32 -33 -34 34 35 -37 -38 -39 -40 -41 41 42 -44 -45 45 58 47 -49 -50 55 -52 -53 56 -55 -56 -57 -58 -59 59 -61 61 -63
leaf_value=0.00014798241257033551 -0.00057633327613649816 -0.0017580446399991789 -0.0011827829549708791 0.0098388752698110211 -0.00029184259406855872 -1.5889086323511713e-05 -0.007442733490650822 -0.00071666112847394443 -0.0020625228857156898 -0.0012058703898711999 0.0025237609205372826 -0.0002180681607793389 -0.00027905690699826514 0.00016547093526082525 -7.1406366244214373e-05 -0.00010649565534788242 -0.0031832659499371196 -0.0025219613759421 -0.0010502492411552879 3.9434811862637531e-06 9.0415673602556323e-05 -1.197130829111437e-06 -0.0007300321587360159 0.0071694227862548979 -0.0020759167952068393 0.011654474713405605 -0.0055792612870140985 0.0010830816166099767 -0.0084847225741301879 0.00084655279408529793 0.00017832823703373691 2.711429428640111e-05 0.0005668359246358668 -0.00019328746286805256 -0.00038091093805070475 0.0010034868998339719 -0.00091599191705974976 -0.0054697063252548087 -0.002261222370671273 0.0002991461396693429 0.00056499544601689713 0.0060199504144183629 -0.0020302527446108168 0.0055822402144407035 -0.0070233474979617405 0.0066192403879771437 -0.00012572010973236348 1.6766587454897232e-05 -0.00019974871035306486 0.00013284409173561774 0.00020809141521928033 0.00030996054852662215 -0.0017924389547829822 0.0013203433983844715 0.0055868018532760026 0.0091200734422876018 0.00067668204931073958 -0.0075365085877577183 -0.00032728989602726636 0.0040205469141626265 0.00051195138016798538 4.5426657929148467e-05
leaf_weight=2368 1447 876 341 312 1449 53 246 94 169 127 2384 175 179 1097 512 329 610 366 33 141 1968 85 132 482 537 65 230 2088 395 2047 24 210 264 6119 5548 10734 480 34 303 730 1566 632 197 595 193 382 1169 41025 1738 10705 351 223 6224 759 1185 69 1352 271 276 497 90 4865
leaf_count=2368 1447 876 341 312 1449 53 246 94 169 127 2384 175 179 1097 512 329 610 366 33 141 1968 85 132 482 537 65 230 2088 395 2047 24 210 264 6119 5548 10734 480 34 303 730 1566 632 197 595 193 382 1169 41025 1738 10705 351 223 6224 759 1185 69 1352 271 276 497 90 4865
internal_value=-7.03299e-06 -0.0109663 -0.0183195 0.000609637 -0.0103096 -0.00614001 0.00053037 0.0210754 -0.0310563 -0.000328749 0.00220608 0.00178889 0.00631879 0.00705769 -0.000512598 -0.00430528 -0.0106553 -0.0014284 0.00242361 0.0348286 0.000100245 -0.0133298 -0.00781329 -0.000167706 -0.00211459 0.00114757 -0.0266875 0.00392515 -0.000328137 -0.00295389 -0.00586957 0.0323674 -0.00908392 0.000131659 0.00043947 0.0015596 -0.00934663 0.0264986 -0.0344449 -0.00394855 0.00925053 0.00623748 0.0130663 0.0160373 0.00363978 0.00963306 0.000143298 -0.000384563 -0.0073401 0.0020989 0.009931 0.00359375 -0.00459671 0.00832931 0.0145445 0.00130812 -0.00398509 -0.0166186 0.0135337 0.00871447 0.00249077 0.000735472
internal_weight=120147 6400 3495 113747 2147 1806 113401 357 1348 74965 38436 36052 4469 1819 73146 6095 1899 4196 2617 174 2443 475 1579 67051 2905 31583 559 8456 65810 10018 390 263 714 23127 22401 16282 726 346 1179 1340 3755 2395 829 722 8391 1348 55792 43932 2907 11860 1086 735 7971 1241 1360 10774 7576 450 1155 773 7043 4955
internal_count=120147 6400 3495 113747 2147 1806 113401 357 1348 74965 38436 36052 4469 1819 73146 6095 1899 4196 2617 174 2443 475 1579 67051 2905 31583 559 8456 65810 10018 390 263 714 23127 22401 16282 726 346 1179 1340 3755 2395 829 722 8391 1348 55792 43932 2907 11860 1086 735 7971 1241 1360 10774 7576 450 1155 773 7043 4955
is_linear=0
shrinkage=0.05


Tree=88
num_leaves=63
num_cat=0
split_feature=17 23 37 16 40 12 0 40 23 45 0 40 60 23 50 22 50 23 40 38 37 0 13 42 23 20 45 15 59 59 27 39 50 38 20 0 23 18 38 40 17 23 0 15 20 23 22 50 43 41 41 43 7 42 45 44 23 15 22 45 45 22
split_gain=316.429 171.015 142.337 91.6741 61.4743 59.8783 52.5955 44.9502 39.1678 35.9123 58.9669 31.7764 30.985 30.4673 29.7337 29.5487 27.5885 26.958 26.6527 26.131 25.8766 116.948 37.0089 34.8416 27.4759 25.8484 24.3746 24.361 23.2843 29.957 22.9472 33.0559 36.6939 27.597 41.0955 39.8627 44.5097 35.4864 35.1584 28.501 27.1191 43.7934 33.6025 30.6166 27.0784 26.503 22.8776 25.6036 25.5371 34.9119 24.8708 52.9079 36.6364 28.0825 23.9862 22.4707 22.4088 22.3811 22.1575 21.9521 28.1643 29.0936
threshold=1.5000000000000002 2.6809346778244545 0.35416666666666669 82.750000000000014 0.48692584054817684 4.5000000000000009 2.5000000000000004 0.89577374077068617 0.98480981878222595 21.750000000000004 26.500000000000004 1.4702940882294107 8.3500000000000032 0.9043773983296356 93.424408333333346 1.4240518575851395 72.081938888888899 2.5909378338859352 0.86602540378444115 1.1250000000000002 0.93750000000000011 31.500000000000004 0.87500000000000011 12.800000000000002 3.4333533633432722 0.055555555555555559 33.400000000000013 2.4494897427831805 15.021428571428574 14.021428571428574 4.7607796964939828 0.75651587058893677 93.424408333333346 2.1250000000000004 0.24999999999999997 31.500000000000004 1.7149495147847735 0.59999999999999931 1.1250000000000002 0.19867985355975679 3.5000000000000004 1.7957546306631935 26.500000000000004 1.2583057392117911 0.14860625485625487 1.073890541690097 9.5926299283154144 104.12948194444444 5.7500000000000009 4.6428571428571432 6.2214285714285724 0.80000000000000016 1.5000000000000002 13.350000000000003 18.150000000000002 15.550000000000002 1.6648030799354154 0.49999999999999811 2.5678104575163401 8.3500000000000032 9.2500000000000018 2.5512371615312794
decision_type=2 2 2 2 2 2 2 2 2 2 2 2 2 2 2 2 2 2 2 2 2 2 2 2 2 2 2 2 2 2 2 2 2 2 2 2 2 2 2 2 2 2 2 2 2 2 2 2 2 2 2 2 2 2 2 2 2 2 2 2 2 2
left_child=1 2 15 5 14 11 -7 9 -4 17 12 13 26 -2 20 16 -1 -8 -6 -10 22 23 -3 -22 -23 28 -11 -13 29 -9 31 32 33 35 39 56 37 38 -37 40 41 42 -35 -42 -32 -33 47 48 49 -19 52 -52 57 -53 -48 -55 -15 -51 -40 -50 -61 -62
right_child=3 4 8 -5 18 6 7 25 19 10 -12 27 -14 30 -16 -17 -18 46 -20 -21 21 24 -24 -25 -26 -27 -28 -29 -30 -31 44 45 -34 34 -36 36 -38 -39 58 -41 43 -43 -44 -45 -46 -47 54 -49 59 50 51 53 -54 55 -56 -57 -58 -59 -60 60 61 -63
leaf_value=0.0016147326487892966 -1.1372742876547549e-06 0.00022130833613185353 -0.0014266574082062611 0.0094685332029561756 -0.00087944654761389356 0.0078837393445362457 -0.0012099101841428817 0.0023799009738989297 -0.0019498268486353556 0.0010028316306270435 0.00017772578647958783 0.00020963527888834266 0.0039564461740480674 -0.00012362881417873339 -0.001059924126359796 -0.0038656427035515697 -0.014104580819567558 -0.00027758362306444794 -0.0014413880882696323 -0.0027761131556134772 4.9340808563186347e-05 -1.5094632007334186e-05 -0.00019813731671615155 -0.00085035628708395874 2.5758579572082719e-05 0.00085417860084349153 0.0088180334651738242 0.0074225937261832133 0.0037074416593654517 -0.0019442276200935416 -0.00012307939012695668 0.0027266234121530956 -0.0011932665784023966 0.00025417750429244658 0.00038542935454027318 -0.0015699333779583991 0.00011274342562976326 -0.00075238395419376938 0.00014185336239443957 4.0741156242085628e-06 1.0873471024797077e-05 -8.745253261854824e-05 -8.5037455570835538e-05 -0.0014505802601832874 0.00087016242880855188 -0.0012679887555240299 0.0017272558898596469 0.0028845825771714796 0.00025745898904122599 -0.0010122703956735313 -0.0026736481244664882 -0.0005274811975251759 0.0051809251272435519 0.0012886291900024993 -0.0040225099955397475 -0.0010713350425004542 -0.00018068020291693855 0.0012278369658700883 3.7463071269505656e-06 -0.0072135741454974374 0.0025738173524389677 -0.0013481724949350017
leaf_weight=437 514 1887 292 271 913 344 2010 2329 926 1230 4957 2424 1109 66 144 366 34 11447 366 222 40 49 406 111 207 5078 92 669 546 288 2506 93 2004 78 9832 26 4504 33 191 6947 3905 2302 268 2513 5549 10843 3433 533 3271 195 1239 1890 579 5435 219 642 2221 3465 150 99 386 5022
leaf_count=437 514 1887 292 271 913 344 2010 2329 926 1230 4957 2424 1109 66 144 366 34 11447 366 222 40 49 406 111 207 5078 92 669 546 288 2506 93 2004 78 9832 26 4504 33 191 6947 3905 2302 268 2513 5549 10843 3433 533 3271 195 1239 1890 579 5435 219 642 2221 3465 150 99 386 5022
internal_value=-2.45114e-05 -0.0108413 -0.0218371 0.000584142 -0.00476358 0.000514598 0.00168153 0.00156041 -0.0313636 0.00096595 0.00416768 -0.000615816 0.0105448 -0.000895483 -0.000666081 -0.00542363 0.00284958 0.000372372 -0.0138633 -0.0271497 0.000516475 0.0121201 -0.00154534 -0.0226645 0.0326654 0.00496785 0.00536281 0.00431319 0.00851612 0.00654889 -0.000780001 -0.00121137 -0.000462173 -6.34137e-05 -0.000825853 0.00267589 0.00521814 0.0211845 0.0256658 -0.00238822 -0.00423459 -0.00849188 -0.0250576 -0.00247624 0.00168136 -0.00361114 0.000672152 0.00027029 9.78587e-05 0.000915719 0.00264354 0.00118334 0.0058125 0.00267884 0.00443334 0.00433449 -0.00277316 0.0039593 0.0299561 -0.00222064 -0.0041476 -0.00365964
internal_weight=120147 6400 2277 113747 4123 113476 55838 55494 1440 47253 7388 57638 2431 54545 2844 837 471 39865 1279 1148 2700 407 2293 151 256 8241 1322 3093 3163 2617 54031 45976 35040 33036 25845 7191 4904 400 367 16013 9066 2648 346 6418 8055 10936 37855 34203 33670 24892 13445 9206 4239 7967 3652 6077 2287 3660 341 8778 5507 5408
internal_count=120147 6400 2277 113747 4123 113476 55838 55494 1440 47253 7388 57638 2431 54545 2844 837 471 39865 1279 1148 2700 407 2293 151 256 8241 1322 3093 3163 2617 54031 45976 35040 33036 25845 7191 4904 400 367 16013 9066 2648 346 6418 8055 10936 37855 34203 33670 24892 13445 9206 4239 7967 3652 6077 2287 3660 341 8778 5507 5408
is_linear=0
shrinkage=0.05


Tree=89
num_leaves=63
num_cat=0
split_feature=17 21 23 11 3 40 22 27 43 14 44 45 3 57 43 42 23 14 14 15 15 16 15 14 50 57 45 47 11 28 23 12 48 49 44 3 43 45 43 40 23 57 50 40 43 42 60 44 23 14 57 51 12 57 22 22 57 26 51 49 40 22
split_gain=313.439 251.398 185.865 83.1649 77.2486 77.6565 53.5823 42.3093 36.8693 44.0636 36.0596 35.7682 33.1552 45.1507 45.3634 34.88 32.6765 41.1555 30.6057 29.3226 28.6575 27.1258 25.9949 28.0132 25.5261 29.0734 24.8834 24.87 25.3915 23.6008 23.2787 23.1844 22.7337 24.9921 22.699 22.1844 26.2548 22.9755 21.6886 20.9703 20.0876 19.9113 28.1909 23.439 22.4955 33.895 39.655 19.6146 22.2395 21.7439 19.3829 19.2955 19.024 20.8458 20.046 18.3776 18.2484 17.8294 17.7679 17.4853 18.5797 17.163
threshold=1.5000000000000002 0.37500000000000006 2.7958977827482148 64.500000000000014 -0.78574730703237872 0.48692584054817684 3.2012014180672277 3.3207720474597116 2.1000000000000005 0.84523809523809534 18.150000000000002 58.750000000000007 -0.91023613416931237 -2.8940214448175001 8.4000000000000021 27.150000000000002 0.95017100590034098 1.9583333333333337 1.0416666666666667 14.373002430613615 1.0000000180025095e-35 2.2500000000000004 1.7078251276599341 20.78409090909091 69.019437500000009 1.9379062807837333 13.350000000000003 8.6100000000000012 1.5000000000000002 0.35353159929124811 0.98480981878222595 7.5000000000000009 26.450000000000003 47.350000000000009 20.900000000000002 -0.95297903005573337 8.0000000000000018 12.450000000000001 13.050000000000002 0.56694670951384141 2.7958977827482148 -2.5320530524567677 71.123484722222244 0.56694670951384141 3.8000000000000003 13.350000000000003 6.3000000000000016 14.15 6.3912413771883783 1.6833333333333336 1.8036997209801291 1.5000000000000002 1.0000000180025095e-35 -1.6643757446117184 6.3762147402820784 6.616475925047439 -0.7750222029676167 27.000000000000004 5.5000000000000009 31.300000000000004 0.28867513459481259 1.1080571117335825
decision_type=2 2 2 2 2 2 2 2 2 10 2 2 2 2 2 2 2 10 10 2 2 2 2 8 2 2 2 2 2 2 2 2 2 2 2 2 2 2 2 2 2 2 2 2 2 2 2 2 2 8 2 2 2 2 2 2 2 2 2 2 2 2
left_child=1 47 30 6 -4 8 16 19 -6 -10 11 12 13 -9 -15 22 17 21 -11 27 -12 -2 23 -14 -5 39 29 28 51 -18 -3 34 33 -22 58 36 -31 -37 -16 -26 -33 42 -24 44 45 46 -43 48 50 -49 -1 -8 54 -54 -29 -35 -47 -30 -28 60 -59 -52
right_child=3 2 4 24 5 -7 7 10 9 18 20 -13 15 14 38 -17 26 -19 -20 -21 32 -23 41 -25 25 -27 31 52 57 35 -32 40 -34 55 -36 37 -38 -39 -40 -41 -42 43 -44 -45 -46 56 -48 49 -50 -51 61 -53 53 -55 -56 -57 -58 59 -60 -61 -62 -63
leaf_value=-0.0029934723981160207 -0.00029857109968619568 -0.0013060800333223157 -0.0010827455509750227 0.0069165549407137483 -0.00013937248399057968 -0.00061420719125886429 -0.0039023766539237337 -0.012775412627244621 -0.00014150559236464355 2.447065059347775e-05 -0.0009622035692269604 0.0039850669450445355 -9.8333007788720124e-06 -0.0046231261330297096 0.00048112918042979573 0.0038643636467688095 0.036562062404555153 -1.0804105732731272e-06 0.00011978442519351984 0.015622789934850402 0.00029389330597882625 -0.013493619952586688 -0.00071109272788982825 0.0031249473996982804 0.0036649589311833711 0.012545032459319705 2.4163760980877581e-05 -0.0091545422531449268 0.00055761177774085182 -0.014903346719364198 -0.0018976638773222699 0.0055203455010965803 0.0011277099914831501 0.0039197248931925445 -0.0070926545716775598 -9.352013009376604e-05 -0.0023647087001308523 -0.001564581072558119 -0.0026737301705757944 -0.0086269113176042477 0.00094041830448927672 -0.00094167708073459872 0.0056275457677046059 0.0026702572172399466 -0.00022121509654258187 0.0082984311046443889 0.0027447046719174307 0.00019447808202783802 0.017093193376000151 0.0078074098261020604 0.0099550160331122583 -0.00042999258963751787 -0.0001003899516451856 0.0048668101266315829 0.011088342200482649 0.0094794438414230412 0.0032476317259037993 -0.0024578504297148697 -0.0015671667999523631 2.0091461228022302e-05 0.010796919690813152 -0.0011037919460633928
leaf_weight=1347 509 272 302 382 545 615 1377 171 89 157 75 373 9559 481 3571 837 30 103 85 45 358 87 1915 350 50 38 10599 153 759 91 909 403 901 831 94 21620 690 1620 622 47 945 1776 148 4179 2757 248 1608 1028 46 166 130 2691 286 639 47 188 1592 35 688 37121 58 709
leaf_count=1347 509 272 302 382 545 615 1377 171 89 157 75 373 9559 481 3571 837 30 103 85 45 358 87 1915 350 50 38 10599 153 759 91 909 403 901 831 94 21620 690 1620 622 47 945 1776 148 4179 2757 248 1608 1028 46 166 130 2691 286 639 47 188 1592 35 688 37121 58 709
internal_value=-4.44868e-05 -0.01081 -0.0214437 0.000561285 -0.0112848 -0.00659853 0.000469792 0.00123488 0.00295895 0.0160994 0.00259657 0.00213148 0.00193845 -0.00184585 -0.000918717 0.00267301 -0.00107644 -0.0117786 0.0271399 0.000209317 0.00855777 -0.00669179 0.00232441 0.000357719 0.0205502 0.00180147 -0.000872597 0.000166678 -2.96132e-05 -0.00181877 -0.0368401 0.000914768 0.00956341 0.013603 0.00017967 -0.00187516 -0.0101598 -0.0015961 0.000749881 -0.0127041 0.00711268 0.00369411 -0.000845446 0.00446468 0.00287459 0.00480287 0.00183013 -0.00157426 -0.00434169 0.00359414 -0.00507316 -0.00378348 0.0075 0.0105238 -0.00644279 0.0175931 0.0102634 0.000372492 0.000384922 0.00021752 0.0217553 0.000886905
internal_weight=120147 6400 2974 113747 1793 1491 113230 75751 876 331 32540 30187 29814 4845 4674 24969 37479 699 242 43211 2353 596 24132 9909 517 135 36780 43166 42041 24051 1181 12729 2278 1377 11381 24021 781 23240 4193 97 1348 14223 2063 12160 7981 5224 3384 3426 2232 1194 2186 4068 1125 925 200 1019 1840 37973 11287 37214 93 839
internal_count=120147 6400 2974 113747 1793 1491 113230 75751 876 331 32540 30187 29814 4845 4674 24969 37479 699 242 43211 2353 596 24132 9909 517 135 36780 43166 42041 24051 1181 12729 2278 1377 11381 24021 781 23240 4193 97 1348 14223 2063 12160 7981 5224 3384 3426 2232 1194 2186 4068 1125 925 200 1019 1840 37973 11287 37214 93 839
is_linear=0
shrinkage=0.05


Tree=90
num_leaves=63
num_cat=0
split_feature=17 21 23 24 3 40 16 22 43 14 15 3 24 24 40 20 14 20 15 44 14 24 49 59 14 38 57 22 14 47 40 21 24 14 39 38 14 13 59 7 44 23 23 0 24 23 24 49 24 21 42 41 23 39 45 43 42 23 14 44 40 3
split_gain=303.787 247.673 191.598 88.6774 79.895 70.2249 60.4644 49.2592 36.8693 44.0636 35.3074 35.0154 33.2497 31.9205 32.4128 48.9325 30.6057 30.3594 27.6548 34.0748 28.1219 28.4789 27.1128 26.3729 30.8283 25.0878 25.0751 24.8156 24.5581 24.1659 27.612 31.9301 41.3354 40.8396 68.9055 67.5487 45.0015 41.8166 32.0547 25.769 52.673 25.4613 23.2787 22.7737 22.25 21.7764 21.5307 21.4826 21.4463 21.4349 22.0483 27.6666 21.4001 21.2178 20.9855 20.7332 20.3915 20.1201 25.2958 19.8477 21.8691 21.3815
threshold=1.5000000000000002 0.37500000000000006 2.7958977827482148 0.080933273622928764 -0.78574730703237872 0.48692584054817684 86.750000000000014 3.7017589388696659 2.1000000000000005 0.84523809523809534 2.943920288775951 -0.99635443704902682 0.0093162189766981523 0.020638919644711155 0.56373452100212262 0.19427925016160308 1.0416666666666667 0.035714285714285761 0.49999999999999811 14.950000000000001 2.5227272727272729 0.017146919551611604 57.050000000000004 0.84285714285714308 1.0871212121212122 2.7083333333333335 -5.9624499079389137 6.616475925047439 10.087121212121215 9.6250000000000018 0.49999999999999678 0.87500000000000011 0.036449736443030456 2.2613636363636371 0.16329931618554544 3.1250000000000004 2.5916666666666672 2.6250000000000004 14.164285714285716 1.5000000000000002 12.550000000000002 2.6662197764528348 0.98480981878222595 4.5000000000000009 0.24472127089928133 2.9810219487483494 0.046549403773818207 53.100000000000001 0.18690154781657778 0.62500000000000011 26.900000000000002 20.478571428571431 3.1560903653642454 0.91624569458170257 67.15000000000002 -9.6999999999999975 4.3500000000000005 3.1678639290814075 2.4226190476190479 19.450000000000003 0.99339926779878263 -0.98182534576205283
decision_type=2 2 2 2 2 2 2 2 2 10 2 2 2 2 2 2 10 2 2 2 8 2 2 2 8 2 2 2 10 2 2 2 2 8 2 2 10 2 2 2 2 2 2 2 2 2 2 2 2 2 2 2 2 2 2 2 2 2 10 2 2 2
left_child=1 -1 42 7 -4 8 10 11 -6 -10 44 -2 -7 18 15 -15 -11 53 19 20 21 -9 59 -20 -25 -22 -13 54 29 30 31 32 -28 34 38 36 37 -35 -33 43 -41 -38 -3 -32 48 -42 -37 -19 -5 -45 -51 -52 -47 -16 -17 -49 -24 -39 -59 60 -12 -62
right_child=3 2 4 6 5 12 -8 13 9 16 22 26 -14 14 17 27 -18 47 23 -21 25 -23 56 24 -26 -27 28 -29 -30 -31 39 33 -34 35 -36 46 41 57 -40 40 45 -43 -44 49 -46 52 -48 55 -50 50 51 -53 -54 -55 -56 -57 -58 58 -60 -61 61 -63
leaf_value=-0.00045535368888411921 0.002169456920928914 -0.001240776031656199 -0.0010286082734262737 1.3890486021128634e-05 -0.00013240385979105263 -0.00023044823286078598 0.0092617691183632285 0.00020975178998067779 -0.00013443031274641416 2.3247118063801644e-05 0.0005184396370758737 -0.0058584836307091328 -0.0007551778673653615 -7.216995917369573e-05 0.0014491033904377782 0.00071601354835136859 0.0001137952039338419 -2.1770405631871272e-05 -0.0022350857952673667 -0.00034035820524286331 -0.0032021571839228602 -0.00042213459637032715 0.011171402956866999 0.001195218936554665 -0.00029392873396364431 6.0362035676986284e-05 -0.0013567263123232698 0.0034216316198774745 -0.004119359294398839 0.0028313342071916606 -0.0022541458850452336 0.00011447217428762758 6.8410499536869515e-05 -0.0011763710649635552 -0.0029790634949674101 0.00015333939567133137 -8.3227331042201594e-05 0.00042681590145480234 -4.4624794305692107e-05 0.00030161642671738267 -0.0086109241889104852 -8.7987226178909419e-05 -0.0018027806834561566 -2.8724696731796675e-05 -0.00037246912351359687 0.0016793033160890148 -0.00047408397310271248 0.0078244916187094893 0.0010254011854689161 0.00027824213579036305 -0.00087245366063375411 0.0014859136209735447 -0.0043481341096512144 0.0079737017321628422 0.0070714897543622708 0.00096235885240706373 0.003252729066015292 -0.0026425174690907884 0.00027447514900784674 0.0060862067891926169 -0.0046018392191524487 0.00620508960115892
leaf_weight=3426 895 272 302 6975 545 165 236 300 89 157 2384 389 450 17583 2872 9489 85 4571 1694 129 59 53 180 860 9229 378 9386 1617 311 624 828 511 12738 167 434 696 408 176 159 1120 539 297 909 8786 178 228 1023 200 172 5798 387 89 581 331 90 5016 1956 63 27 120 49 366
leaf_count=3426 895 272 302 6975 545 165 236 300 89 157 2384 389 450 17583 2872 9489 85 4571 1694 129 59 53 180 860 9229 378 9386 1617 311 624 828 511 12738 167 434 696 408 176 159 1120 539 297 909 8786 178 228 1023 200 172 5798 387 89 581 331 90 5016 1956 63 27 120 49 366
internal_value=-5.53068e-05 -0.0106538 -0.0212084 0.000541064 -0.0108946 -0.00612936 0.00449354 4.79077e-05 0.00295895 0.0160994 0.00401381 -0.00114432 -0.0190666 0.00106926 0.00173677 0.00080073 0.0271399 0.00380995 -0.00112532 0.00722283 0.0111188 0.021596 0.00722805 -0.00177741 -0.000807235 0.00261416 -0.00133604 0.00338439 -0.00122738 -0.00113045 -0.00126783 -0.00231331 -0.00157266 -0.0064475 0.00171493 -0.00960287 -0.0190474 -0.00632488 0.011766 0.000217628 -0.00453422 -0.0268343 -0.0368401 0.000956322 0.00179429 -0.0111898 -0.00334012 0.00242593 0.00223069 0.00140064 0.00363267 -0.00669811 -0.00598148 0.00803527 0.00241597 0.00461855 0.0115091 0.00597378 -0.0131319 0.00409075 0.00323036 0.0138101
internal_weight=120147 6400 2974 113747 1793 1491 12616 101131 876 331 12380 46660 615 54471 41769 28779 242 12990 12702 919 790 353 5055 11783 10089 437 45765 11196 45376 45065 44441 26085 22124 3961 1104 2857 1138 433 670 18356 2468 705 1181 15888 7325 1348 1719 9787 7147 15060 6274 476 809 3203 9579 5216 2136 266 90 2919 2799 415
internal_count=120147 6400 2974 113747 1793 1491 12616 101131 876 331 12380 46660 615 54471 41769 28779 242 12990 12702 919 790 353 5055 11783 10089 437 45765 11196 45376 45065 44441 26085 22124 3961 1104 2857 1138 433 670 18356 2468 705 1181 15888 7325 1348 1719 9787 7147 15060 6274 476 809 3203 9579 5216 2136 266 90 2919 2799 415
is_linear=0
shrinkage=0.05


Tree=91
num_leaves=63
num_cat=0
split_feature=13 21 23 15 24 16 37 0 22 0 24 40 23 14 15 59 0 23 14 0 15 20 47 0 23 24 14 39 27 39 24 40 50 14 13 39 50 21 40 26 0 42 57 48 2 24 14 42 19 59 23 50 44 57 59 50 23 23 25 24 57 48
split_gain=214.822 267.028 161.53 109.573 81.3088 57.1464 54.5167 154.991 41.4558 40.3104 38.0444 38.0389 35.0048 47.7243 33.6513 29.5422 28.9086 27.3934 27.1886 64.0591 30.7628 28.1252 27.1831 25.9467 25.5476 39.6972 36.5245 45.2554 49.4073 36.0976 37.3839 33.669 29.9074 29.0184 27.0831 25.7477 33.0453 25.1516 30.4068 25.894 25.7737 25.0908 24.9896 24.9186 29.0963 24.8119 24.386 29.8909 24.318 23.2741 27.888 26.5838 31.0006 43.0085 23.3825 23.3381 23.1838 23.0326 22.1574 22.1006 21.7502 21.4012
threshold=1.1250000000000002 0.37500000000000006 2.6901798460087174 0.8164965809277257 0.080314510435272671 86.750000000000014 0.93750000000000011 31.500000000000004 5.6951349984438222 12.500000000000002 0.010259027520836652 -0.78334945180064042 0.95017100590034098 1.9583333333333337 0.8164965809277257 20.592857142857145 5.5000000000000009 3.4333533633432722 2.041666666666667 33.500000000000007 2.943920288775951 0.083333333333333273 8.6100000000000012 8.5000000000000018 2.6662197764528348 0.028218169778415854 2.5916666666666672 0.076980035891950252 3.9150706436420726 0.12830005981991724 0.017513425174782552 0.86602540378443593 8.8918041666666685 7.0871212121212128 2.8750000000000004 0.40824829046386296 36.389608333333342 0.62500000000000011 0.12126781251816651 27.000000000000004 26.500000000000004 4.1000000000000005 2.9023866685921269 25.750000000000004 0.8542199457734333 0.038899445518003013 2.5227272727272729 12.65 1.0000000180025095e-35 0.90714285714285736 5.5770374434058443 64.890158333333346 11.750000000000002 -2.3056989121147553 -0.028571428571428498 46.38364444444445 0.98480981878222595 2.7958977827482148 2.6217698001788201 0.016034995212575055 -0.15425273217702748 22.150000000000002
decision_type=2 2 2 2 2 2 2 2 2 2 2 2 2 10 2 2 2 2 8 2 2 2 2 2 2 2 10 2 2 2 2 2 2 10 2 2 2 2 2 2 2 2 2 2 2 2 8 2 10 2 2 2 2 2 2 2 2 2 2 2 2 2
left_child=1 -1 3 56 8 12 10 9 24 -8 11 -4 13 -6 23 16 -10 -9 19 -14 58 -21 -22 -13 26 29 35 28 -28 30 46 33 -33 48 -32 36 -2 41 39 -39 42 -18 -40 44 -41 -29 47 -26 49 50 -27 52 57 55 -52 -54 -3 -51 -20 -12 -45 -43
right_child=4 2 6 -5 5 -7 7 17 15 -11 59 14 18 -15 -16 -17 37 -19 20 21 22 -23 -24 -25 25 31 27 45 -30 -31 34 32 -34 -35 -36 -37 -38 38 40 43 -42 61 -44 60 -46 -47 -48 -49 -50 51 54 -53 53 -55 -56 -57 -58 -59 -60 -61 -62 -63
leaf_value=-0.00014921728358381349 0.00016272947769234715 -0.00117873723007339 1.0335118430460089e-06 -0.0009725161018074302 8.6772181696670447e-05 0.008798680662445069 6.0462585324105866e-05 -7.5108321788697203e-07 0.0033876539965484345 -0.00069179238954590334 7.5591622078241555e-05 6.2711381841523695e-05 -0.00015028411357491668 -1.7209143456708988e-06 -0.0048436056451438003 0.0030338368184590347 -0.0017709406479651025 3.8059467782558534e-05 -0.00087497889798846549 7.5404739742324096e-06 0.0020481883614710708 0.00027384054940311487 0.0093437684405702544 -0.00046678248072482557 0.00055896620022011234 -0.00059416674378927066 -7.7832404289224233e-05 -0.0050931672684094102 2.2046777416573351e-06 -0.00044394263689411244 -0.00061560171001203703 -0.0012162108074592172 0.00098909052208230315 -0.00057006548652374092 6.1193454127717048e-05 -0.00062021762279904644 -2.5603548135577636e-05 0.00020382170797426659 -0.001358714794459215 -0.00031086168860268161 0.00091657644785517753 -0.00041581969066764037 0.0019609842720512585 -0.0029404237798439817 0.0044575873334272266 -0.00033774179835794341 2.5561257320338981e-05 0.00016091175258822754 -0.00013760246777448916 0.0017602279626649732 0.00054458516789885898 6.7069537889585809e-05 0.00022604952922585799 0.0026543593044215889 -2.0619768384766425e-05 -0.0088574175025461725 -0.0017126416492833476 3.8517935946313925e-05 0.00023865198134810363 -0.0014465600010748481 -0.00048845559370570564 0.0013609006721384542
leaf_weight=6165 1284 272 146 445 154 236 44 46 1100 135 465 35 223 102 144 337 557 205 197 213 4898 63 185 397 175 3798 395 546 236 20684 232 884 8473 8918 1256 3492 1726 164 833 1422 1928 2018 117 441 191 4214 320 246 5599 322 104 7479 835 3992 42 188 911 4254 6701 995 684 7284
leaf_count=6165 1284 272 146 445 154 236 44 46 1100 135 465 35 223 102 144 337 557 205 197 213 4898 63 185 397 175 3798 395 546 236 20684 232 884 8473 8918 1256 3492 1726 164 833 1422 1928 2018 117 441 191 4214 320 246 5599 322 104 7479 835 3992 42 188 911 4254 6701 995 684 7284
internal_value=-2.8673e-05 -0.00689458 -0.0165515 -0.0289104 0.000622318 0.0043394 -0.0088385 0.00741299 0.000123952 -0.0280278 -0.0120454 -0.0214315 0.00388592 -0.0143774 -0.027201 0.00235961 0.00206362 0.0327183 0.00426208 0.01569 0.00378443 0.0317509 0.00673584 -0.0341686 -0.000355041 1.98372e-05 -0.00249243 -0.00553505 -0.0181092 -0.00167343 0.00436996 0.000884292 0.00355258 0.000181386 -0.00019812 2.99862e-05 0.00341913 0.00151183 -0.00110621 -0.00471753 0.00253387 0.00304716 -0.00420084 -0.00587623 -0.00188662 -0.00386368 0.0135377 0.0214336 0.00100868 0.00178896 -0.00167174 0.00258889 0.00433121 0.00704645 0.0196939 -0.00209473 -0.0368623 0.00135351 0.0016082 -0.00738877 -0.0115853 0.00366495
internal_weight=120147 10405 4240 1628 109742 12972 2612 430 96770 179 2182 722 12736 256 576 17076 16739 251 12480 499 11981 276 5083 432 79694 67801 11893 5391 631 22913 2229 44888 9357 35531 1488 6502 3010 15639 5780 2902 2878 9859 950 2738 1613 4760 741 421 26613 21014 3944 17070 9591 5015 146 1023 1183 4576 6898 1460 1125 9302
internal_count=120147 10405 4240 1628 109742 12972 2612 430 96770 179 2182 722 12736 256 576 17076 16739 251 12480 499 11981 276 5083 432 79694 67801 11893 5391 631 22913 2229 44888 9357 35531 1488 6502 3010 15639 5780 2902 2878 9859 950 2738 1613 4760 741 421 26613 21014 3944 17070 9591 5015 146 1023 1183 4576 6898 1460 1125 9302
is_linear=0
shrinkage=0.05


Tree=92
num_leaves=63
num_cat=0
split_feature=13 21 23 11 24 13 37 0 22 0 24 11 40 0 23 24 57 40 21 23 48 37 21 23 24 19 44 46 22 41 22 2 48 43 46 20 22 41 59 39 23 44 22 57 3 46 0 24 38 24 0 37 22 47 59 38 25 57 42 13 18 60
split_gain=201.42 253.586 158.814 103.837 73.0098 53.4866 51.9814 154.991 40.4585 40.3104 35.0889 37.5988 51.8665 34.6262 34.0482 28.6035 27.6091 35.638 49.1738 27.3934 26.7111 23.8679 23.4026 23.141 24.5117 25.4196 23.0731 23.8177 35.5284 29.9979 24.9939 22.7595 22.3839 22.2479 21.5565 22.6714 25.7759 21.2536 25.8229 25.1406 21.6377 23.9757 30.5194 22.9853 21.1027 21.0359 20.9879 20.7762 32.551 23.4034 20.433 19.8119 19.8033 26.0458 21.5402 19.6907 19.6717 20.1256 19.5784 19.2726 19.156 19.9714
threshold=1.1250000000000002 0.37500000000000006 2.6901798460087174 1.5000000000000002 0.080314510435272671 80.375000000000014 0.93750000000000011 31.500000000000004 5.3590926566705122 12.500000000000002 0.010259027520836652 1.5000000000000002 -0.78334945180064042 3.5000000000000004 0.95017100590034098 0.24472127089928133 -3.270511141024516 0.51192685697303097 0.37500000000000006 3.4333533633432722 25.750000000000004 0.77500000000000013 0.62500000000000011 0.95017100590034098 0.043880731548761258 2.5000000000000004 11.950000000000001 1.9000000000000001 9.2639943074003828 7.6785714285714297 5.3961296937075494 0.8542199457734333 25.150000000000002 -12.749999999999998 29.450000000000003 0.28410894660894664 6.3303279645191415 3.1928571428571431 3.2142857142857149 0.16329931618554544 2.1131182783550204 15.65 5.3414266748366019 -4.2173638639180702 -0.99635443704902682 10.250000000000002 32.500000000000007 0.016034995212575055 1.1250000000000002 0.013210263188139252 8.5000000000000018 0.93750000000000011 5.4318491285403061 3.1850000000000009 17.050000000000001 3.8750000000000004 2.9438603410712947 -3.9357894990192182 13.000000000000002 0.87500000000000011 -2.4000000000000004 12.550000000000002
decision_type=2 2 2 2 2 2 2 2 2 2 2 2 2 2 2 2 2 2 2 2 2 2 2 2 2 10 2 2 2 2 2 2 2 2 2 2 2 2 2 2 2 2 2 2 2 2 2 2 2 2 2 2 2 2 2 2 2 2 2 2 2 2
left_child=1 56 3 13 8 14 10 9 23 -8 11 12 46 -3 51 21 -10 18 34 -9 26 45 -15 -2 37 -26 -20 30 29 -29 -28 -22 -31 -23 35 -18 -37 39 58 -25 -40 42 43 -42 -35 -16 -4 48 49 -12 59 55 -19 54 -54 -6 57 -1 -39 -14 -41 -62
right_child=4 2 6 -5 5 -7 7 19 16 -11 47 -13 50 22 15 -17 17 52 20 -21 31 33 -24 24 25 -27 27 28 -30 32 -32 -33 -34 44 -36 36 -38 38 40 60 41 -43 -44 -45 -46 -47 -48 -49 -50 -51 -52 -53 53 -55 -56 -57 -58 -59 -60 -61 61 -63
leaf_value=-0.0049017758621573877 -0.011375644794701002 0.0045687252299073172 -0.00050243991464162256 9.6753675888583423e-05 0.00013499561645083925 0.0081276386901624424 5.7439456057900574e-05 -7.1352905699484388e-07 -0.00039391061689371122 -0.00065720277006861008 -8.2298207472303325e-05 0.00054159145737042724 -0.00061621207223068746 -0.0023319388865017054 0.0016351828342283771 -0.00046664930295481355 0.00042235047553313977 0.0022028462080213142 -0.00020190471551851942 3.6156494393430048e-05 -0.00030329911496705946 0.0062071263587882399 -0.0013667129322168182 0.00011372499990770503 0.0002551334324563226 -0.00022656487299148599 0.0032115234742581267 0.0031841758182039603 0.0051824167395234655 5.7305283468167546e-05 -0.0018357484179302719 -0.0025122709679426983 -0.0066794713949167583 0.0058836885541321167 0.0047717304801240257 0.00012876223443135105 0.0053056081948321294 0.00018795283194203983 -9.1651677861237513e-05 -0.012093406663739526 0.0011193657767005428 0.00042916254664342461 -0.0043955395076552498 -0.00012193425391153756 0.00028486212499552189 0.01102703276298629 0.00023206396053900569 -0.0013742320010211029 -0.00085488035736430159 0.00018516268726904707 -0.00070856171387262976 -1.6348686283862436e-06 0.00058312496377155298 0.0048858299665308306 0.0029275305694720479 -0.014578149804504725 0.0012043615374827676 -0.00040455040561859779 0.003454969480375636 5.9575812749446125e-05 -0.0013841339482001558 4.3944024057840374e-05
leaf_weight=325 229 40 64 226 92 275 44 46 2581 135 157 86 20 434 1095 291 2957 845 2217 205 3047 209 928 1357 22689 4357 41 439 456 959 481 362 68 205 315 698 1362 2700 1966 122 326 4505 380 25944 10454 187 82 995 170 138 449 132 4606 245 682 32 1729 4111 383 21 6964 2487
leaf_count=325 229 40 64 226 92 275 44 46 2581 135 157 86 20 434 1095 291 2957 845 2217 205 3047 209 928 1357 22689 4357 41 439 456 959 481 362 68 205 315 698 1362 2700 1966 122 326 4505 380 25944 10454 187 82 995 170 138 449 132 4606 245 682 32 1729 4111 383 21 6964 2487
internal_value=-4.44868e-05 -0.00669277 -0.0161035 -0.0283579 0.000585869 0.00410815 -0.0084558 0.00741299 0.000113619 -0.0280278 -0.0115873 -0.0206017 -0.0247959 -0.0334248 0.00363404 0.00400619 0.00197858 0.00261337 0.00114862 0.0327183 -0.00131272 0.00437783 -0.0347726 -0.000446781 -0.000397609 0.000802122 0.0011465 0.00449693 0.00706968 0.00326858 -0.00496176 -0.00467595 -0.00140564 0.00361533 0.00487437 0.00407433 0.00810044 -0.00108614 -0.000502555 -0.00301848 -0.00091012 -0.000588811 -0.00115924 -0.000955236 0.0032969 0.0108301 0.00132653 -0.00711499 0.00159871 0.0116385 -0.0325764 -0.0143774 0.00568976 0.00459794 0.00385612 0 -0.000218132 -0.0019822 0.00387322 0.00107143 -0.00392156 -0.00366536
internal_weight=120147 10405 4240 1628 109742 12972 2612 430 96770 179 2182 722 636 1402 12697 12441 22361 19780 13402 251 8070 12150 1362 74409 74180 27046 4661 2444 1922 1466 522 3409 1027 10868 5332 5017 2060 47134 36204 10930 33121 31155 26650 26270 10659 1282 146 1460 465 295 490 256 6378 5533 5288 124 6165 4436 3083 41 9573 9451
internal_count=120147 10405 4240 1628 109742 12972 2612 430 96770 179 2182 722 636 1402 12697 12441 22361 19780 13402 251 8070 12150 1362 74409 74180 27046 4661 2444 1922 1466 522 3409 1027 10868 5332 5017 2060 47134 36204 10930 33121 31155 26650 26270 10659 1282 146 1460 465 295 490 256 6378 5533 5288 124 6165 4436 3083 41 9573 9451
is_linear=0
shrinkage=0.05


Tree=93
num_leaves=63
num_cat=0
split_feature=17 23 13 23 22 24 40 20 16 24 24 22 22 46 3 36 37 32 18 39 13 23 50 48 24 24 48 39 3 22 48 60 15 57 13 22 17 24 3 24 40 13 60 23 51 46 23 22 44 40 18 57 60 15 24 24 59 38 24 20 24 22
split_gain=268.948 153.744 142.009 90.3168 86.6512 81.7934 55.2705 52.9539 52.2782 42.7729 41.8336 38.5909 34.8914 32.7045 31.9343 64.5842 58.545 50.4851 31.148 28.5156 28.0964 27.5806 27.5285 26.7899 26.7449 26.6626 25.9064 24.2273 22.982 22.7343 22.3214 21.8033 21.235 25.8568 24.255 20.9607 29.4415 20.9497 21.3047 20.8212 20.7675 20.468 20.5862 18.688 20.0784 21.7795 18.6824 20.0116 18.3873 18.3328 18.1336 22.2488 29.3622 20.8745 23.2765 20.3811 22.7468 23.5926 27.0851 19.7611 23.4285 19.2454
threshold=1.5000000000000002 2.6809346778244545 0.62500000000000011 1.5191763386396844 0.73190045248868796 0.082960965984098953 0.48692584054817684 0.3303571428571429 82.750000000000014 0.010259027520836652 0.092453843413316764 3.5389689966895852 1.4240518575851395 67.15000000000002 -0.70581670320594803 3.5000000000000004 0.93750000000000011 1.0000000180025095e-35 3.4499999999999926 0.52899469841058189 0.62500000000000011 3.4333533633432722 72.081938888888899 21.850000000000005 0.014237177420765803 0.033241297389130356 27.550000000000004 1.1547005383792539 0.98182534576205305 2.7506363122171948 28.950000000000003 58.750000000000007 0.49999999999999928 -5.4521226398064906 5.8750000000000009 9.2639943074003828 14.500000000000002 0.24472127089928133 -0.99635443704902682 0.064485250221298113 1.1618950038622267 22.875000000000004 13.350000000000003 6.4539142941725656 2.5000000000000004 15.000000000000002 1.5451920405208079 0.6243872549019609 13.950000000000003 0.83333333333333304 -0.60000000000000109 -0.7474947350686546 1.0000000180025095e-35 0.49999999999999989 0.023726855175501504 0.030142329425635755 3.1928571428571431 3.1250000000000004 0.040185217405019256 0.062500000000000069 0.042110981176505309 2.2134823687539535
decision_type=2 2 2 2 2 2 2 2 2 2 2 2 2 2 2 2 2 2 2 2 2 2 2 2 2 2 2 2 2 2 2 2 2 2 2 2 2 2 2 2 2 2 2 2 2 2 2 2 2 2 2 2 2 2 2 2 2 2 2 2 2 2
left_child=1 2 12 4 26 11 14 -4 19 27 -6 50 22 18 15 -3 20 21 25 37 39 -18 46 -22 -17 31 -2 -8 32 49 -28 -13 34 -34 -27 36 40 38 -7 -16 43 -37 -43 44 45 -35 -1 -48 -36 -21 51 52 -5 55 -55 -52 -57 61 -59 -53 -61 -58
right_child=3 6 7 5 10 8 9 -9 -10 -11 -12 13 -14 -15 16 24 17 -19 -20 29 23 -23 -24 -25 -26 28 30 -29 -30 -31 -32 -33 33 35 48 41 -38 -39 -40 -41 -42 42 -44 -45 -46 -47 47 -49 -50 -51 53 59 -54 54 -56 56 57 58 -60 60 -62 -63
leaf_value=-0.00089561051897663058 -0.0015234954222986153 -0.00063482102352896983 -0.0012983772856059784 0.0074429934317267413 -7.4595691435908054e-05 0.0061452446434768996 -0.00068730520047615156 -0.0010883753061269319 0.0073486203932400691 -0.00064398675278589117 -1.5531251969624904e-06 -3.9265494730816865e-05 -0.0023105461646070304 0.0034531704544980227 0.00018151513053976388 -0.0055448022110299398 -6.7785260414732213e-07 -0.00110980396577261 0.0048226541674057715 -0.00024324124548730786 0.00038468763860387002 6.5587409159151297e-05 -0.010969908263857764 -0.00011511678656432324 0.010339780422947031 -0.00030077390091750591 0.0098365119649876827 -0.0038493338139976548 -0.0027110911059024636 0.005397292411225863 -0.00064994589670054896 0.0019143669405317532 -0.0030572815608395755 0.00081671358092528796 0.00036442892130028604 0.0023427775992293288 -0.00040266659840751954 -0.00049179176698239686 0.00057182497680050568 0.039838312988421755 0.001907315352556882 0.0014830050833982257 -0.0073376740646863064 -0.0029569345229628063 2.4061453752277639e-05 0.0023022193097104017 0.027752074460335365 0.0011302965072402305 -0.0012269591977106199 0.0042367327140039992 2.5452694213723426e-05 -0.0042799613653584645 -0.00028557762078309514 -0.00081520214915291051 7.399517365304088e-05 2.6062529816461844e-05 -7.654568682681773e-05 0.0006929116379254419 -0.00035399282259994673 -0.0039246183875427275 -0.00032996609862537832 -8.1077443045607386e-05
leaf_weight=332 829 274 866 89 340 182 311 145 271 836 347 32750 741 337 1480 106 51 76 664 586 85 206 43 383 142 392 79 132 457 1004 42 299 291 10511 501 1414 3826 216 8737 41 2299 275 103 157 6053 1148 48 102 196 249 1004 455 2566 5452 23361 516 290 169 671 1824 2121 674
leaf_count=332 829 274 866 89 340 182 311 145 271 836 347 32750 741 337 1480 106 51 76 664 586 85 206 43 383 142 392 79 132 457 1004 42 299 291 10511 501 1414 3826 216 8737 41 2299 275 103 157 6053 1148 48 102 196 249 1004 455 2566 5452 23361 516 290 169 671 1824 2121 674
internal_value=-0.000166004 -0.0101383 -0.0205641 0.000395128 -0.0112607 0.000565466 -0.00437561 -0.0345306 0.00461008 -0.0130039 -0.0247747 0.000114459 -0.00938832 0.000894137 -0.000490334 -0.0116539 0.00202109 0.0213922 0.000808566 0.00407244 -0.00122864 0.0319574 0.000465779 -0.0119296 0.00680723 0.000690505 -0.00146688 -0.0255518 0.00183699 0.00975272 0.020041 -0.000267625 0.00202433 0.00231018 -0.00481193 0.0024778 0.00208773 0.00292743 0.00330101 0.00206636 0.00285066 0.00769381 -0.00262533 0.00227448 0.00242731 0.00364022 0.0039234 0.0185099 0.000780802 0.00364234 -0.00111232 -0.00340774 0.000205196 -0.000608159 -0.000175088 -0.0043594 -0.00693451 -0.00958172 -0.00344233 -0.0055885 -0.00444627 -0.0149171
internal_weight=120147 6400 2277 113747 1637 112110 4123 1011 11245 1279 687 100865 1266 61673 2844 522 2322 333 61336 10974 1989 257 525 468 248 60672 950 443 27623 1839 121 33049 27166 26077 1089 25786 23994 9135 8919 1521 20168 1792 378 17869 17712 11659 482 150 697 835 39192 7055 2655 32137 28813 3324 2320 1804 840 4400 3945 964
internal_count=120147 6400 2277 113747 1637 112110 4123 1011 11245 1279 687 100865 1266 61673 2844 522 2322 333 61336 10974 1989 257 525 468 248 60672 950 443 27623 1839 121 33049 27166 26077 1089 25786 23994 9135 8919 1521 20168 1792 378 17869 17712 11659 482 150 697 835 39192 7055 2655 32137 28813 3324 2320 1804 840 4400 3945 964
is_linear=0
shrinkage=0.05


Tree=94
num_leaves=63
num_cat=0
split_feature=17 13 23 23 24 24 20 16 36 59 20 59 15 24 18 20 59 44 20 49 60 50 23 44 23 44 44 40 23 14 13 37 44 49 40 45 40 1 24 20 49 43 14 43 1 3 24 41 24 37 45 40 41 24 2 2 18 18 60 19 45 43
split_gain=305.94 186.908 115.716 79.0799 77.428 64.4487 52.9539 48.9673 47.2977 36.4724 34.685 34.2635 39.9093 40.7648 33.1187 47.765 41.9552 39.7791 38.4787 64.4678 34.6461 47.7455 31.7852 30.3098 29.3848 27.5317 27.8536 47.7107 27.2804 97.9893 65.6751 27.9057 27.1381 27.1817 34.1809 26.0968 24.6612 24.3271 23.7335 23.3273 27.0663 23.0844 27.2551 23.8122 23.0386 22.7243 25.5391 32.7461 30.649 22.0323 21.7017 37.6642 21.5013 21.2034 20.9538 20.9171 20.9012 20.7587 20.6189 19.9228 25.6283 24.8394
threshold=1.5000000000000002 0.62500000000000011 2.6809346778244545 2.0697051859511464 0.08463246065746681 0.010259027520836652 0.3303571428571429 82.750000000000014 1.5000000000000002 2.8428571428571434 0.77169117647058838 0.84285714285714308 1.0000000180025095e-35 0.015377162540398651 0.49999999999999972 0.12156051720588933 1.5285714285714287 10.350000000000003 0.027777777777777752 56.350000000000009 1.2000000000000004 36.916020833333341 5.5770374434058443 11.050000000000002 5.6014329013980619 13.65 13.15 -0.37511454278462797 1.5191763386396844 1.9583333333333337 2.6250000000000004 0.93750000000000011 19.450000000000003 61.000000000000007 0.26111648393354736 41.600000000000009 -0.50000000000000078 8.5000000000000018 0.041442602365860511 0.28076159951159951 53.800000000000004 0.35000000000000003 0.52272727272727282 -1.5999999999999999 1.5000000000000002 -0.78574730703237872 0.036249800842063355 4.6428571428571432 0.016034995212575055 0.69047619047619058 15.700000000000001 -0.10580184237878971 -5.0142857142857133 0.028452836668838705 0.8542199457734333 -0.61559370248597534 -2.4000000000000004 2.8499999999999921 24.950000000000006 24.500000000000004 17.800000000000001 -2.0999999999999996
decision_type=2 2 2 2 2 2 2 2 2 2 2 2 2 2 2 2 2 2 2 2 2 2 2 2 2 2 2 2 2 8 2 2 2 2 2 2 2 2 2 2 2 2 10 2 2 2 2 2 2 2 2 2 2 2 2 2 2 2 2 8 2 2
left_child=1 8 6 28 11 9 -3 44 -1 -4 54 12 -5 -14 16 57 36 50 19 25 21 -20 -21 -24 -25 26 27 -19 29 31 -31 41 35 34 -34 38 -13 -32 -22 -23 -41 42 -2 -44 56 -7 48 -48 -47 -46 51 -18 -15 -28 -10 -33 -6 -16 -27 61 -61 -17
right_child=3 2 5 4 7 45 -8 -9 10 -11 -12 14 13 52 15 59 17 18 20 22 32 39 23 24 -26 58 53 -29 -30 30 37 55 33 -35 -36 -37 -38 -39 -40 40 -42 -43 43 -45 49 46 47 -49 -50 -51 -52 -53 -54 -55 -56 -57 -58 -59 -60 60 -62 -63
leaf_value=-0.0013612170872482122 0.01812916497495538 -0.0012334584213256783 1.2567189215073606e-05 0.0001875123886536434 0.014050662845439321 -0.00063742782091044117 -0.0010339565408205853 0.0069811893735780561 0.00023726335056897254 -0.00012579335146406523 -0.0035611223626489334 0.0049346351225641799 -0.0051763127895297139 -0.0038901521123859031 0.00099171128387580691 -0.0076041060334445859 -0.0022739663925287869 -0.0014351127379440222 -0.00062813778518956427 -0.00028453660683495089 -0.00023285052962442878 0.00088686556451098584 0.00085990001425968472 -0.00058487692065132266 -0.0014172032093508148 -0.00034411459165990533 0.00023493247844370569 0.00014253960127662559 -8.3015221815896384e-05 -9.2340659561984683e-06 -0.00070509893042579601 8.1898108970968057e-06 0.004731747074379661 -0.00025715008604755286 -0.00073977007235486174 0.0025860172795558302 0.0001451748337448211 5.7339427386760017e-05 0.00049601649684110076 0.0022789788639228483 0.0070892197134798558 -0.00080258136124483626 -0.0082749658693195734 0.0093446863667382973 0.0043526279141935962 0.0001581115474874717 -0.00060660110085533072 7.5541372168147497e-05 -0.0012222222864519017 0.00059241426541285509 -2.8992962838669813e-05 -2.286268498548072e-05 -0.00032140779141365261 0.0087123347473700326 -0.0024856573716900312 6.3210916834532955e-06 0.002788330943641071 0.0059053473474088404 0.00057013804710746017 1.974630151713175e-06 0.0013033442864149815 -0.00035015053597974304
leaf_weight=1153 51 866 117 652 89 123 145 271 2122 519 303 803 1031 321 9402 392 3920 652 1328 2023 17121 2205 63 217 545 1428 162 1638 6961 348 75 45 884 789 258 471 837 113 9327 782 628 747 159 57 662 238 47 70 403 8300 7463 3538 13383 260 294 42 524 646 209 7830 2002 2093
leaf_count=1153 51 866 117 652 89 123 145 271 2122 519 303 803 1031 321 9402 392 3920 652 1328 2023 17121 2205 63 217 545 1428 162 1638 6961 348 75 45 884 789 258 471 837 113 9327 782 628 747 159 57 662 238 47 70 403 8300 7463 3538 13383 260 294 42 524 646 209 7830 2002 2093
internal_value=-0.000220936 -0.0108569 -0.0214294 0.000377545 0.000754589 -0.0126779 -0.0345306 0.00497563 -0.00394914 -0.0247959 -0.000347426 0.000318402 -0.00184202 -0.00237819 0.000734449 0.00236721 9.98228e-05 -0.000131367 0.000673197 -0.00264587 0.00138027 0.00524778 -0.00849245 -0.0167615 -0.0195216 0.00118276 0.00427387 0.00209297 -0.00423247 -0.0100397 -0.0275512 -0.00149274 0.000717306 0.00644151 0.0113692 0.000306278 0.00797989 -0.00367725 9.81134e-05 0.00822594 0.0132495 -0.00383744 0.00875 0.000898618 0.00438022 -0.0039059 -0.000652174 0.0207203 -0.00458723 0.00373703 -0.00234184 -0.00424923 -0.00165596 0.0160638 0.00165288 0.0255114 0.0137541 0.00492537 -0.00393468 0.000279672 0.00129106 -0.00371883
internal_weight=120147 6400 2528 113747 105149 1517 1011 9846 3872 636 2719 95303 15387 14735 79916 22365 57551 55911 40990 7197 33793 4943 2848 825 762 4349 2712 2290 8598 1637 536 1101 28850 1931 1142 26919 1640 188 26448 3615 1410 1014 267 216 9575 881 758 117 641 8962 14921 7458 13704 422 2416 87 613 10048 1637 12317 9832 2485
internal_count=120147 6400 2528 113747 105149 1517 1011 9846 3872 636 2719 95303 15387 14735 79916 22365 57551 55911 40990 7197 33793 4943 2848 825 762 4349 2712 2290 8598 1637 536 1101 28850 1931 1142 26919 1640 188 26448 3615 1410 1014 267 216 9575 881 758 117 641 8962 14921 7458 13704 422 2416 87 613 10048 1637 12317 9832 2485
is_linear=0
shrinkage=0.05


Tree=95
num_leaves=63
num_cat=0
split_feature=17 21 22 3 37 22 14 0 22 24 15 14 38 24 19 0 39 21 22 0 24 24 24 44 57 18 41 11 44 0 18 44 39 20 41 60 50 45 18 47 35 48 44 60 48 42 44 57 57 48 18 20 57 24 42 24 48 24 20 11 44 21
split_gain=228.277 196.246 179.429 86.8398 110.07 66.8722 48.3054 47.5168 45.0255 51.5432 36.3239 51.5992 80.5977 43.8872 37.7668 36.1261 32.5207 28.8013 28.6702 28.415 27.3728 34.0566 33.5879 26.04 25.7104 23.6956 23.6694 23.5954 22.3097 23.8368 22.1275 31.1974 24.5208 34.7248 23.1134 21.9126 52.4581 24.5231 23.8686 21.8414 21.2826 34.8158 21.6384 21.1098 20.1912 22.3296 22.1771 20.5432 26.7347 22.2744 20.1463 30.9883 19.8671 19.6823 19.5171 20.5465 19.4632 19.097 19.0071 18.9235 18.461 18.4343
threshold=1.5000000000000002 0.37500000000000006 2.5085492530345475 -0.78574730703237872 0.93750000000000011 12.427871148459387 82.625000000000014 31.500000000000004 3.0963154492566263 0.036710996732513053 0.49999999999999989 1.9583333333333337 3.1250000000000004 0.028680602501267503 13.500000000000002 4.5000000000000009 0.29459295623271975 0.62500000000000011 2.7845022624434392 12.500000000000002 0.0068255894158485509 0.016688539544812402 0.013210263188139252 16.150000000000002 2.5575568311732075 4.8499999999999988 1.6928571428571428 1.0000000180025095e-35 17.550000000000004 14.500000000000002 -0.30000000000000515 4.5000000000000009 0.76594168620507119 0.13636363636363638 1.6142857142857145 2.4500000000000006 43.967513888888895 4.4500000000000011 2.8499999999999921 8.6100000000000012 2.5000000000000004 23.350000000000005 11.950000000000001 6.4500000000000011 28.800000000000001 7.5500000000000007 21.550000000000004 -0.7474947350686546 -0.86143469379159188 28.600000000000005 0.499999999999999 0.2440476190476191 -0.74244316882679218 0.074132478953384512 23.450000000000003 0.07007244788151451 19.200000000000006 0.18690154781657778 0.12500000000000008 1.0000000180025095e-35 10.050000000000002 0.62500000000000011
decision_type=2 2 2 2 2 2 8 2 2 2 2 8 2 2 8 2 2 2 2 2 2 2 2 2 2 2 2 2 2 2 2 2 2 2 2 2 2 2 2 2 2 2 2 2 2 2 2 2 2 2 2 2 2 2 2 2 2 2 2 2 2 2
left_child=1 -1 17 -4 20 8 15 19 10 30 11 18 13 -13 58 26 44 27 54 -6 -5 22 59 57 35 -18 -7 -3 56 -30 31 -10 33 -33 -34 36 -12 -37 40 -32 43 -42 -43 -39 46 -46 47 48 -11 52 51 -47 -49 -38 55 -2 -17 -14 -15 -22 -40 -36
right_child=5 2 3 4 7 6 -8 -9 9 16 24 12 23 14 -16 28 25 -19 -20 -21 21 -23 -24 -25 -26 -27 -28 -29 29 -31 39 32 34 -35 61 37 53 38 60 -41 41 42 -44 -45 45 50 -48 49 -50 -51 -52 -53 -54 -55 -56 -57 -58 -59 -60 -61 -62 -63
leaf_value=-0.00039510720567630944 6.0246606212649434e-05 0.00016319558622400755 -0.00086828198120475486 -9.6636670434357974e-05 0.00011634734911684098 0.013911818147515676 0.0070047662673134344 3.7358966789002862e-05 0.0074185599847332306 0.00046613706536493551 -0.00059436516842578115 3.1214956437247702e-05 2.9980502300802627e-05 -5.3330264185880162e-05 -7.0404203566309939e-05 -0.0035257209914130341 0.0012207098078189926 -0.0011367687304703611 -0.00075146244350964291 -0.0011117437807733111 0.00018815594382991241 -0.0012518604817783941 0.00017977423689020667 -0.00075260459245191091 -0.0010014743051398379 0.0078732895564487936 -0.0039307038042317053 -0.001852384288827 0.00034842734477562591 0.0097782788090232664 2.0534784412112874e-05 -0.0012674508516601459 -0.0072504020440578801 0.00015383082145056239 -0.0012934098463871448 -0.00093239801141565279 0.0012204235326353841 -0.001016760098968167 -0.005115545203289629 0.0034845933277544484 0.011447520429247866 -0.0067338804698563242 0.001809589373727799 6.7611491693725381e-05 -0.0031771906405349995 -0.00076330714268340043 0.0079952015029807425 -0.016248716546271948 0.0023615089452832861 0.0032580595155606851 0.001518295361476052 0.0044096160962832755 -4.1092623152660933e-06 0.0047738717701239167 -0.00034339592073243108 4.2434684405612269e-05 0.0013074090040912534 0.00050733584197329982 7.4481669711401469e-05 -0.00012228361227907271 0.0095642348699965796 -0.0079260670205154368
leaf_weight=3426 432 81 289 208 36 131 383 241 228 5435 2415 224 998 524 745 184 14450 907 85 44 78 461 142 137 5705 212 36 216 95 95 28718 3083 497 6543 1548 4008 2635 3582 49 320 244 73 136 12344 498 2113 25 38 683 160 893 198 9021 563 104 103 2728 37 45 271 118 126
leaf_count=3426 432 81 289 208 36 131 383 241 228 5435 2415 224 998 524 745 184 14450 907 85 44 78 461 142 137 5705 212 36 216 95 95 28718 3083 497 6543 1548 4008 2635 3582 49 320 244 73 136 12344 498 2113 25 38 683 160 893 198 9021 563 104 103 2728 37 45 271 118 126
internal_value=-0.000138537 -0.00932589 -0.018721 -0.0085799 -0.00367409 0.000378424 0.00703394 0.0221894 0.000157544 0.00085232 -0.00131405 -0.00619942 -0.00936739 -0.0168908 -0.0203764 0.00505963 0.00230068 -0.0336058 0.00564828 -0.0110494 -0.0108484 -0.00723505 0.00192073 0.000507246 -0.000787344 0.00407113 0.0276488 -0.0199497 0.00383339 0.0203927 -0.000337157 -0.00214078 -0.00249576 -0.00141217 -0.00729512 -0.000124006 0.00264428 -0.000880321 -2.99148e-05 0.000409622 -0.000222527 0.0104515 -0.0045 -0.000527092 0.000938631 -0.0023751 0.00173762 0.00165895 0.00390505 0.00016757 -0.000840874 -0.00330666 -0.000159492 0.00684433 0.00928906 0.0131437 0.00274459 0.00322876 -0.0300789 -0.00641429 0.0187202 -0.00447463
internal_weight=120147 6400 2974 1770 1481 113747 3652 321 110095 74789 35306 3434 2710 1538 1314 3269 33726 1204 724 80 1160 952 491 1172 31872 14662 167 297 3102 190 41063 12025 11797 9626 2171 26167 5613 20554 16546 29038 16379 453 209 15926 19064 3702 15362 15337 6118 9219 3204 2311 9059 3198 639 535 2912 1035 569 349 167 1674
internal_count=120147 6400 2974 1770 1481 113747 3652 321 110095 74789 35306 3434 2710 1538 1314 3269 33726 1204 724 80 1160 952 491 1172 31872 14662 167 297 3102 190 41063 12025 11797 9626 2171 26167 5613 20554 16546 29038 16379 453 209 15926 19064 3702 15362 15337 6118 9219 3204 2311 9059 3198 639 535 2912 1035 569 349 167 1674
is_linear=0
shrinkage=0.05


Tree=96
num_leaves=63
num_cat=0
split_feature=17 21 23 3 24 23 12 40 22 43 42 49 25 21 24 15 48 18 44 60 3 44 51 22 13 35 49 60 48 15 23 24 24 46 23 60 2 47 20 24 17 16 42 15 24 24 11 13 22 23 15 20 20 15 13 47 15 15 22 48 19 45
split_gain=229.797 196.8 200.073 94.793 83.9633 55.9594 48.9139 48.5268 47.1767 37.6289 33.4834 67.1837 33.1363 29.596 29.4631 37.0053 28.1757 25.2732 26.3831 27.9773 45.9764 24.1979 44.3534 22.9134 23.0241 22.3622 21.98 36.1601 28.7103 27.3369 22.363 21.2896 21.1429 20.8018 21.4254 20.6734 20.5734 27.7955 24.577 20.6025 33.4982 20.221 20.1372 25.8518 19.7084 20.9316 19.6796 19.646 22.674 20.6724 20.1086 20.0556 19.2881 21.3499 24.6501 19.2715 22.719 19.0586 18.698 18.6296 19.3116 18.4232
threshold=1.5000000000000002 0.37500000000000006 2.6662197764528348 -0.78574730703237872 0.082960965984098953 2.2151369335798896 96.500000000000014 0.48692584054817684 2.5678104575163401 2.1000000000000005 25.250000000000004 76.700000000000017 2.3786258948023655 0.62500000000000011 0.033241297389130356 0.49999999999999961 32.70000000000001 -0.40000000000000052 4.5000000000000009 1.3500000000000003 0.23931566428755766 14.750000000000002 1.0000000180025095e-35 9.2639943074003828 22.875000000000004 2.5000000000000004 47.70000000000001 9.0000000000000018 14.450000000000001 1.0000000180025095e-35 6.1700892691424656 0.0083223561916471508 0.24472127089928133 27.100000000000005 3.9987727849512327 11.65 -0.29696027566504662 8.6100000000000012 0.10714285714285716 0.017146919551611604 2.5000000000000004 1.2500000000000002 6.0500000000000007 1.2909944487358052 0.016688539544812402 0.013210263188139252 1.0000000180025095e-35 11.375000000000002 4.2556048154555954 6.4539142941725656 3.5939764421413081 0.015624999999999951 0.13636363636363638 4.320493798938581 2.1250000000000004 8.6100000000000012 4.0414518843273823 2.8722813232690174 4.6187060421994888 27.550000000000004 2.5000000000000004 25.950000000000006
decision_type=2 2 2 2 2 2 2 2 2 2 2 2 2 2 2 2 2 2 2 2 2 2 2 2 2 2 2 2 2 2 2 2 2 2 2 2 2 2 2 2 2 2 2 2 2 2 2 2 2 2 2 2 2 2 2 2 2 2 2 2 8 2
left_child=1 -1 13 -4 5 8 12 9 42 -5 11 14 -6 46 17 -16 21 18 -7 20 -20 -10 -23 25 -25 47 28 -28 -12 35 -30 -9 55 34 57 -29 38 39 -19 40 41 -38 43 -2 45 -33 -3 48 50 -50 -17 -52 -36 54 -54 -14 -57 -21 -13 60 -56 -34
right_child=4 2 3 7 6 10 -8 31 16 -11 26 58 32 -15 15 23 -18 36 19 33 -22 22 -24 24 -26 -27 27 29 30 -31 -32 44 61 -35 52 -37 37 -39 -40 -41 -42 -43 -44 -45 -46 -47 -48 -49 49 -51 51 -53 53 -55 59 56 -58 -59 -60 -61 -62 -63
leaf_value=-0.00037535184539249646 0.00038355537741332493 3.5927101991278802e-05 -0.00082486788214451994 -6.4077201940487827e-05 5.8101947791933117e-05 0.0060133903847435222 0.008708070272503133 -0.00011801173983344016 -6.6883993387989452e-05 3.0100770724073026e-06 0.0067443716689157499 -0.0067562313768875729 0.00052587913630142147 -0.0011149470637358716 -0.00013415792998308084 0.00022371646883836971 7.189039454114088e-06 0.00011456845846023468 0.0032863141254463601 -0.0027482691493224188 -0.0015329783576098156 -0.0007148615655038882 6.3204207365608058e-07 0.0022114842149755123 -0.00080941354657280149 0.0093777077522181791 -0.0059336429783193425 -0.00064178363961474034 -0.00097876938509617326 0.0015870211878670493 0.0020235544388958583 -9.9621140822186987e-05 -0.00021117906251790777 0.00049012596245429085 -0.002055563395910709 2.8661222387760257e-06 -0.0042155500504250879 0.0041701477891774811 -0.00012266902645665655 -8.4455387761422923e-05 -0.0027363175527830132 0.00047453208816580219 -0.00013991550174395907 -0.0027066310384097239 -0.0011840999237896722 0.000194213473312313 -0.001869155074798265 -0.00057622157203951474 0.0010749281615925811 -0.0019884065844026355 0.0052209486432846404 -0.0022501433898602821 -0.0045530234097945765 -0.0060803096944532127 0.004300802257062664 0.00096051416652758739 0.011721958154939394 -0.010535600596366152 -0.00074501436397904634 0.0022161179749276227 -0.0013055396266336784 -0.0012454726330750289
leaf_weight=3426 753 77 309 559 67 233 161 133 174 337 165 878 10913 857 2006 22806 30 7288 972 2540 812 42 66 1438 388 239 156 90 1954 5116 294 146 256 1179 1623 128 439 287 8379 10820 2270 507 6869 345 274 80 202 3788 10179 178 197 2035 456 277 268 146 122 204 534 983 1662 35
leaf_count=3426 753 77 309 559 67 233 161 133 174 337 165 878 10913 857 2006 22806 30 7288 972 2540 812 42 66 1438 388 239 156 90 1954 5116 294 146 256 1179 1623 128 439 287 8379 10820 2270 507 6869 345 274 80 202 3788 10179 178 197 2035 456 277 268 146 122 204 534 983 1662 35
internal_value=-6.11329e-05 -0.00927902 -0.0186874 -0.00848015 0.000457547 -2.40083e-06 0.00446928 -0.00336275 -0.00394263 0.00411929 0.000345477 5.87543e-05 0.00408536 -0.0351759 0.000239716 0.0011512 -0.0229872 -0.000717112 -0.00274264 -0.00309693 0.00263025 -0.0278975 -0.00912844 0.00147385 0.00694855 0.00121997 0.00345964 0.00520761 -0.000515742 0.00590347 -0.00199867 -0.0139511 0.00387824 -0.00420918 -0.00512166 -0.0113927 3.98453e-05 -0.00132959 0.00129212 -0.00164529 -0.00515853 0.00274023 -0.0031934 0.00308917 -0.00917166 0.00174009 -0.020875 0.00112661 0.00149297 0.00346061 0.000678741 -0.00384908 -0.00325332 -0.00123252 -0.000132047 0.00422509 0.0174535 -0.00870492 -0.0107537 0.00155971 -0.00129208 -0.00940068
internal_weight=120147 6400 2974 1838 113747 102047 11700 1529 8279 896 93768 85865 11539 1136 84453 43254 312 41199 11209 10976 1784 282 108 41248 1826 39422 7903 5490 2413 5334 2248 633 11472 9192 8013 218 29990 14323 15667 14036 3216 946 7967 1098 500 226 279 39183 35395 10357 25038 2232 5269 3646 3369 11181 268 2744 1412 2913 1930 291
internal_count=120147 6400 2974 1838 113747 102047 11700 1529 8279 896 93768 85865 11539 1136 84453 43254 312 41199 11209 10976 1784 282 108 41248 1826 39422 7903 5490 2413 5334 2248 633 11472 9192 8013 218 29990 14323 15667 14036 3216 946 7967 1098 500 226 279 39183 35395 10357 25038 2232 5269 3646 3369 11181 268 2744 1412 2913 1930 291
is_linear=0
shrinkage=0.05


Tree=97
num_leaves=63
num_cat=0
split_feature=17 21 23 3 22 40 23 24 14 35 49 44 43 27 14 14 47 21 0 50 59 50 27 59 60 43 46 28 42 49 23 48 36 50 41 43 24 31 0 40 57 44 21 11 14 14 0 20 38 22 44 57 49 50 44 42 41 12 21 12 40 60
split_gain=228.222 196.8 200.073 94.793 59.5634 48.5268 48.3171 51.4587 44.934 36.6797 36.5351 39.6307 35.9581 33.0896 32.6938 32.579 32.2849 29.596 28.9016 30.4345 24.4695 23.9273 23.8297 32.0639 26.4031 26.0004 24.2113 23.7441 38.8399 23.6687 23.1342 23.028 22.3524 21.7146 21.402 22.4085 21.2896 21.1245 24.9139 20.8668 20.6008 20.7373 26.0449 24.1373 23.0588 21.5723 37.2558 36.4429 32.0302 22.771 25.2315 23.3293 24.216 33.2583 24.4831 22.4642 22.3112 21.2995 35.414 21.0714 20.3968 22.5625
threshold=1.5000000000000002 0.37500000000000006 2.6662197764528348 -0.78574730703237872 12.427871148459387 0.48692584054817684 2.2151369335798896 0.042110981176505309 89.291666666666686 2.5000000000000004 58.650000000000006 19.450000000000003 2.1000000000000005 3.3207720474597116 0.84523809523809534 1.0416666666666667 8.6100000000000012 0.62500000000000011 10.500000000000002 7.1140625000000002 0.47142857142857147 10.141301388888891 4.135800531038627 14.885714285714288 2.4500000000000006 5.0000000000000009 4.4500000000000011 0.35353159929124811 6.0500000000000007 76.700000000000017 3.4333533633432722 23.050000000000004 1.5000000000000002 73.109313888888906 -1.9357142857142853 -12.449999999999998 0.0083223561916471508 1.0000000180025095e-35 12.500000000000002 -0.050083542247063323 -4.6634054177647801 15.65 1.0000000180025095e-35 1.5000000000000002 9.1742424242424256 2.5916666666666672 31.500000000000004 0.12500000000000008 3.1250000000000004 5.6951349984438222 5.6500000000000004 2.244891437115661 47.70000000000001 10.141301388888891 14.850000000000003 24.450000000000003 17.30714285714286 1.5000000000000002 0.62500000000000011 9.5000000000000018 0.92094019410681371 6.4500000000000011
decision_type=2 2 2 2 2 2 2 2 8 2 2 2 2 2 10 10 2 2 2 2 2 2 2 2 2 2 2 2 2 2 2 2 2 2 2 2 2 2 2 2 2 2 2 2 8 10 2 2 2 2 2 2 2 2 2 2 2 2 2 2 2 2
left_child=1 -1 17 -4 6 12 20 34 10 13 11 37 -5 16 -14 -16 29 32 -12 -20 21 -2 24 25 -15 33 -26 -23 -29 -9 -31 -27 -3 -24 35 -8 -7 38 -6 -37 -36 43 -43 57 -44 46 -45 59 -47 50 -50 52 53 -51 -55 -54 -53 58 -42 -48 -25 -62
right_child=4 2 3 5 8 36 7 9 -10 -11 18 -13 14 22 15 -17 -18 -19 19 -21 -22 27 23 60 26 31 -28 28 -30 30 -32 -33 -34 -35 40 39 -38 -39 -40 -41 41 42 44 45 -46 48 47 -49 49 51 -52 56 55 54 -56 -57 -58 -59 -60 -61 61 -63
leaf_value=-0.00035658425312287689 0.00039761267396553062 -0.0017802502514089491 -0.00078362448803729343 -6.0873341843464829e-05 -0.0095142691134892047 -0.00011211115284177065 0.00057072940286462259 -2.8175603350655279e-05 0.0072354472548145313 0.013606373374122689 0.00846531308838523 0.012688661648580913 -6.7205711770768062e-05 0.002728473375323337 1.2447781940028159e-05 0.00010538649055052419 0.0032041450099926983 -0.0010591997105490803 -0.015426001854552986 0.0033330428856904073 -7.6966944743372964e-05 0.019184696592639557 0.0002609518120355814 0.00097504586782609648 -0.00074453215685201803 0.0010300535061503969 0.0012630612149781006 0.0002670740437689112 -0.0023886698302744702 -0.010075490422472196 -0.00014597911768534643 -0.0014365053793270245 0.00015323945181324185 0.0027701443508472813 0.0010824152613395867 -0.0038232527963961041 -0.00045524902846548476 0.00237786764102077 -0.00040168900112709239 -0.00043277685459010566 -0.0035177685406388884 0.0032172725722131759 0.00020407305722720538 -0.00021532311881951039 -0.003273510883432518 -0.00020868998064792478 0.00032180244832099583 -3.0502833499057581e-05 0.0030168974828879759 -0.0016377226260763545 -0.0001831761778447294 -0.00011231786087235741 0.00022207216258134378 0.0036633485590865213 -0.0033664615597883032 0.0046097700036799366 -0.0055886797441294656 -0.00040570619977494673 -0.011320789030286858 -0.0051654156894994085 -0.0024100352055426602 0.004223252603300154
leaf_weight=3426 374 205 309 559 75 133 736 14151 317 202 207 60 95 2305 157 85 528 857 37 914 8779 60 9670 4829 979 751 3332 550 444 146 164 2091 74 507 453 1172 500 547 1495 1394 1945 1342 6257 5189 188 4306 3805 2958 338 177 17858 1620 3443 835 102 215 182 4422 312 154 113 717
leaf_count=3426 374 205 309 559 75 133 736 14151 317 202 207 60 95 2305 157 85 528 857 37 914 8779 60 9670 4829 979 751 3332 550 444 146 164 2091 74 507 453 1172 500 547 1495 1394 1945 1342 6257 5189 188 4306 3805 2958 338 177 17858 1620 3443 835 102 215 182 4422 312 154 113 717
internal_value=-9.27606e-05 -0.00927902 -0.0186874 -0.00848015 0.000424139 -0.00336275 0.000215675 0.000550561 0.00670545 0.00192523 0.00498951 0.0011685 0.00411929 0.00181822 0.016997 0.0267284 -4.30287e-05 -0.0351759 0.0121613 0.00845063 -0.00306083 0.0030056 0.00292133 0.00200733 0.00550023 0.000640937 0.00318762 -0.000848341 -0.00270854 -0.000487139 -0.0141318 -0.003586 -0.020875 0.00182207 -0.000386253 -0.00429761 -0.0139511 2.12465e-05 -0.00292489 -0.0065037 -0.000155877 -0.000242502 0.0021501 -0.000631921 0.000829196 -0.000179564 0.00159371 0.0039961 -0.00091808 -0.000225869 -0.00113728 0.00229582 0.00412634 0.0105785 0.0143337 0.00215769 -0.00254853 -0.00341991 -0.00737157 0.00713258 0.00514929 0.0123887
internal_weight=120147 6400 2974 1838 113747 1529 110095 99888 3652 40485 3335 2177 896 40283 337 242 14989 1136 1158 951 10207 1428 25294 18678 6616 13019 4311 1054 994 14461 310 2842 279 10177 59403 3302 633 2117 1570 2566 56101 55648 7787 47861 6445 41182 12106 6917 29076 24770 18196 6574 4772 1114 937 3658 1802 6679 2257 3959 5659 830
internal_count=120147 6400 2974 1838 113747 1529 110095 99888 3652 40485 3335 2177 896 40283 337 242 14989 1136 1158 951 10207 1428 25294 18678 6616 13019 4311 1054 994 14461 310 2842 279 10177 59403 3302 633 2117 1570 2566 56101 55648 7787 47861 6445 41182 12106 6917 29076 24770 18196 6574 4772 1114 937 3658 1802 6679 2257 3959 5659 830
is_linear=0
shrinkage=0.05


end of trees

feature_importances:
week=460
rolling_mean_12w=438
store_product_share=403
lag_1w=325
store_std_weekly=315
rolling_return_rate_4w=306
rolling_mean_4w=287
store_avg_weekly=271
temp_range=233
censored_ratio_4w=218
rolling_max_4w=210
lag1_zscore=181
trend_4w=173
week_sin=158
temp_mean_lag1w=140
nonzero_mean_4w=137
precip_total_lag1w=127
rolling_std_4w=118
demand_cv_4w=117
week_cos=111
rolling_median_4w=111
precip_total=111
sunshine_hrs=104
lag_2w=88
temp_max=79
temp_anomaly=77
n_holidays=73
wind_max=73
namn_te=64
month=59
category_season_avg=59
active_ratio_8w=57
gust_max=53
temp_min=51
temp_mean=50
rain_total=47
snow_total=44
product_avg_weekly=35
season_spring=19
recent_zero_count=14
weeks_since_nonzero=14
yoy_same_week=13
rain_days=12
typ_te=10
bad_weather=9
product_n_stores=7
product_id_te=5
snow_days=5
season_autumn=3
season_winter=1
is_rainy_week=1

parameters:
[boosting: gbdt]
[objective: regression_l1]
[metric: l1]
[tree_learner: serial]
[device_type: cpu]
[data_sample_strategy: bagging]
[data: ]
[valid: ]
[num_iterations: 5000]
[learning_rate: 0.05]
[num_leaves: 63]
[num_threads: -1]
[seed: 42]
[deterministic: 0]
[force_col_wise: 0]
[force_row_wise: 0]
[histogram_pool_size: -1]
[max_depth: -1]
[min_data_in_leaf: 20]
[min_sum_hessian_in_leaf: 0.001]
[bagging_fraction: 0.8]
[pos_bagging_fraction: 1]
[neg_bagging_fraction: 1]
[bagging_freq: 0]
[bagging_seed: 400]
[bagging_by_query: 0]
[feature_fraction: 0.8]
[feature_fraction_bynode: 1]
[feature_fraction_seed: 30056]
[extra_trees: 0]
[extra_seed: 12879]
[early_stopping_round: 0]
[early_stopping_min_delta: 0]
[first_metric_only: 0]
[max_delta_step: 0]
[lambda_l1: 0.1]
[lambda_l2: 1]
[linear_lambda: 0]
[min_gain_to_split: 0]
[drop_rate: 0.1]
[max_drop: 50]
[skip_drop: 0.5]
[xgboost_dart_mode: 0]
[uniform_drop: 0]
[drop_seed: 17869]
[top_rate: 0.2]
[other_rate: 0.1]
[min_data_per_group: 100]
[max_cat_threshold: 32]
[cat_l2: 10]
[cat_smooth: 10]
[max_cat_to_onehot: 4]
[top_k: 20]
[monotone_constraints: ]
[monotone_constraints_method: basic]
[monotone_penalty: 0]
[feature_contri: ]
[forcedsplits_filename: ]
[refit_decay_rate: 0.9]
[cegb_tradeoff: 1]
[cegb_penalty_split: 0]
[cegb_penalty_feature_lazy: ]
[cegb_penalty_feature_coupled: ]
[path_smooth: 0]
[interaction_constraints: ]
[verbosity: -1]
[saved_feature_importance_type: 0]
[use_quantized_grad: 0]
[num_grad_quant_bins: 4]
[quant_train_renew_leaf: 0]
[stochastic_rounding: 1]
[linear_tree: 0]
[max_bin: 255]
[max_bin_by_feature: ]
[min_data_in_bin: 3]
[bin_construct_sample_cnt: 200000]
[data_random_seed: 175]
[is_enable_sparse: 1]
[enable_bundle: 1]
[use_missing: 1]
[zero_as_missing: 0]
[feature_pre_filter: 1]
[pre_partition: 0]
[two_round: 0]
[header: 0]
[label_column: ]
[weight_column: ]
[group_column: ]
[ignore_column: ]
[categorical_feature: ]
[forcedbins_filename: ]
[precise_float_parser: 0]
[parser_config_file: ]
[objective_seed: 16083]
[num_class: 1]
[is_unbalance: 0]
[scale_pos_weight: 1]
[sigmoid: 1]
[boost_from_average: 1]
[reg_sqrt: 0]
[alpha: 0.9]
[fair_c: 1]
[poisson_max_delta_step: 0.7]
[tweedie_variance_power: 1.5]
[lambdarank_truncation_level: 30]
[lambdarank_norm: 1]
[label_gain: ]
[lambdarank_position_bias_regularization: 0]
[eval_at: ]
[multi_error_top_k: 1]
[auc_mu_weights: ]
[num_machines: 1]
[local_listen_port: 12400]
[time_out: 120]
[machine_list_filename: ]
[machines: ]
[gpu_platform_id: -1]
[gpu_device_id: -1]
[gpu_use_dp: 0]
[num_gpu: 1]

end of parameters

pandas_categorical:[]
